Hidden_Neurons,Learning_Rate,Batch_Size,Activation_Function,Epochs,Balanced_Accuracy,Macro F1 Score,Accuracy,Time(s)
8,0.01,8,ReLU,50,0.8155000000000001,0.8034395000640095,0.8155,3.3310213999357074
8,0.01,8,ReLU,100,0.8155000000000001,0.8034395000640095,0.8155,3.0702171998564154
8,0.01,8,ReLU,300,0.8155000000000001,0.8034395000640095,0.8155,3.0511671998538077
8,0.01,8,ReLU,500,0.8155000000000001,0.8034395000640095,0.8155,3.077668899903074
8,0.01,8,ReLU,1000,0.8155000000000001,0.8034395000640095,0.8155,3.3527630001772195
8,0.01,8,Tanh,50,0.8160000000000001,0.8113421006894874,0.816,3.643602999858558
8,0.01,8,Tanh,100,0.8160000000000001,0.8113421006894874,0.816,2.2200456000864506
8,0.01,8,Tanh,300,0.8160000000000001,0.8113421006894874,0.816,2.838514900067821
8,0.01,8,Tanh,500,0.8160000000000001,0.8113421006894874,0.816,3.354523800080642
8,0.01,8,Tanh,1000,0.8160000000000001,0.8113421006894874,0.816,1.981352100148797
8,0.01,8,Sigmoid,50,0.817,0.8103710420559131,0.817,2.8023069000337273
8,0.01,8,Sigmoid,100,0.817,0.8103710420559131,0.817,4.721213300013915
8,0.01,8,Sigmoid,300,0.817,0.8103710420559131,0.817,2.443214099854231
8,0.01,8,Sigmoid,500,0.817,0.8103710420559131,0.817,3.357045200187713
8,0.01,8,Sigmoid,1000,0.817,0.8103710420559131,0.817,3.6008446000050753
8,0.01,8,GELU,50,0.8155000000000001,0.8034395000640095,0.8155,2.4022508999332786
8,0.01,8,GELU,100,0.8155000000000001,0.8034395000640095,0.8155,3.469032699940726
8,0.01,8,GELU,300,0.8155000000000001,0.8034395000640095,0.8155,3.431976299965754
8,0.01,8,GELU,500,0.8155000000000001,0.8034395000640095,0.8155,2.2423198998440057
8,0.01,8,GELU,1000,0.8155000000000001,0.8034395000640095,0.8155,3.8343692999333143
8,0.01,8,Softmax,50,0.817,0.8103710420559131,0.817,3.441407899837941
8,0.01,8,Softmax,100,0.817,0.8103710420559131,0.817,4.604492399841547
8,0.01,8,Softmax,300,0.817,0.8103710420559131,0.817,3.2918084000702947
8,0.01,8,Softmax,500,0.817,0.8103710420559131,0.817,3.3556564999744296
8,0.01,8,Softmax,1000,0.817,0.8103710420559131,0.817,3.6104451999999583
8,0.01,16,ReLU,50,0.8150000000000001,0.8096699867229734,0.815,2.082690400071442
8,0.01,16,ReLU,100,0.8150000000000001,0.8096699867229734,0.815,1.4990960999857634
8,0.01,16,ReLU,300,0.8150000000000001,0.8096699867229734,0.815,2.79752209992148
8,0.01,16,ReLU,500,0.8150000000000001,0.8096699867229734,0.815,1.8573932000435889
8,0.01,16,ReLU,1000,0.8150000000000001,0.8096699867229734,0.815,1.265483499970287
8,0.01,16,Tanh,50,0.8145,0.8117019997159867,0.8145,2.4850468998774886
8,0.01,16,Tanh,100,0.8145,0.8117019997159867,0.8145,2.175438700011
8,0.01,16,Tanh,300,0.8145,0.8117019997159867,0.8145,1.4457459000404924
8,0.01,16,Tanh,500,0.8145,0.8117019997159867,0.8145,1.7449342999607325
8,0.01,16,Tanh,1000,0.8145,0.8117019997159867,0.8145,2.4959742000792176
8,0.01,16,Sigmoid,50,0.8160000000000001,0.8116522326193548,0.816,1.978008400183171
8,0.01,16,Sigmoid,100,0.8160000000000001,0.8116522326193548,0.816,2.1062700001057237
8,0.01,16,Sigmoid,300,0.8160000000000001,0.8116522326193548,0.816,3.172545399982482
8,0.01,16,Sigmoid,500,0.8160000000000001,0.8116522326193548,0.816,1.730371099896729
8,0.01,16,Sigmoid,1000,0.8160000000000001,0.8116522326193548,0.816,3.5060006000567228
8,0.01,16,GELU,50,0.8150000000000001,0.8096699867229734,0.815,1.5421327000949532
8,0.01,16,GELU,100,0.8150000000000001,0.8096699867229734,0.815,1.329791900003329
8,0.01,16,GELU,300,0.8150000000000001,0.8096699867229734,0.815,2.1575760999694467
8,0.01,16,GELU,500,0.8150000000000001,0.8096699867229734,0.815,2.119290499947965
8,0.01,16,GELU,1000,0.8150000000000001,0.8096699867229734,0.815,1.3965153000317514
8,0.01,16,Softmax,50,0.8160000000000001,0.8116522326193548,0.816,1.591554299928248
8,0.01,16,Softmax,100,0.8160000000000001,0.8116522326193548,0.816,2.3056457000784576
8,0.01,16,Softmax,300,0.8160000000000001,0.8116522326193548,0.816,2.7688849000260234
8,0.01,16,Softmax,500,0.8160000000000001,0.8116522326193548,0.816,1.928984000114724
8,0.01,16,Softmax,1000,0.8160000000000001,0.8116522326193548,0.816,1.7414156999439
8,0.01,32,ReLU,50,0.8114999999999999,0.8070952313602398,0.8115,1.6369362999685109
8,0.01,32,ReLU,100,0.8114999999999999,0.8070952313602398,0.8115,1.4551403000950813
8,0.01,32,ReLU,300,0.8114999999999999,0.8070952313602398,0.8115,1.1361245000734925
8,0.01,32,ReLU,500,0.8114999999999999,0.8070952313602398,0.8115,0.8564374998677522
8,0.01,32,ReLU,1000,0.8114999999999999,0.8070952313602398,0.8115,0.8030007998459041
8,0.01,32,Tanh,50,0.8139999999999998,0.8073215204061188,0.814,0.6764689998235554
8,0.01,32,Tanh,100,0.8139999999999998,0.8073215204061188,0.814,0.7098963998723775
8,0.01,32,Tanh,300,0.8139999999999998,0.8073215204061188,0.814,0.6358257001265883
8,0.01,32,Tanh,500,0.8139999999999998,0.8073215204061188,0.814,0.9646682001184672
8,0.01,32,Tanh,1000,0.8139999999999998,0.8073215204061188,0.814,1.2419060000684112
8,0.01,32,Sigmoid,50,0.8234999999999999,0.8117392102696733,0.8235,1.6419675999786705
8,0.01,32,Sigmoid,100,0.8234999999999999,0.8117392102696733,0.8235,1.467270900029689
8,0.01,32,Sigmoid,300,0.8234999999999999,0.8117392102696733,0.8235,1.2023251000791788
8,0.01,32,Sigmoid,500,0.8234999999999999,0.8117392102696733,0.8235,1.0302835998591036
8,0.01,32,Sigmoid,1000,0.8234999999999999,0.8117392102696733,0.8235,0.8992516999132931
8,0.01,32,GELU,50,0.8114999999999999,0.8070952313602398,0.8115,0.9330603999551386
8,0.01,32,GELU,100,0.8114999999999999,0.8070952313602398,0.8115,1.391689999960363
8,0.01,32,GELU,300,0.8114999999999999,0.8070952313602398,0.8115,1.451759799849242
8,0.01,32,GELU,500,0.8114999999999999,0.8070952313602398,0.8115,1.134430999867618
8,0.01,32,GELU,1000,0.8114999999999999,0.8070952313602398,0.8115,0.9030915000475943
8,0.01,32,Softmax,50,0.8234999999999999,0.8117392102696733,0.8235,0.9421312999911606
8,0.01,32,Softmax,100,0.8234999999999999,0.8117392102696733,0.8235,0.9611096000298858
8,0.01,32,Softmax,300,0.8234999999999999,0.8117392102696733,0.8235,0.9259746000170708
8,0.01,32,Softmax,500,0.8234999999999999,0.8117392102696733,0.8235,0.9818156999535859
8,0.01,32,Softmax,1000,0.8234999999999999,0.8117392102696733,0.8235,1.6213795999065042
8,0.01,64,ReLU,50,0.817,0.8104166809608401,0.817,1.3052809999790043
8,0.01,64,ReLU,100,0.817,0.8104166809608401,0.817,0.9305090000852942
8,0.01,64,ReLU,300,0.817,0.8104166809608401,0.817,0.7602480000350624
8,0.01,64,ReLU,500,0.817,0.8104166809608401,0.817,0.6724674999713898
8,0.01,64,ReLU,1000,0.817,0.8104166809608401,0.817,0.6164317999500781
8,0.01,64,Tanh,50,0.8055,0.800772426356551,0.8055,0.5730764998588711
8,0.01,64,Tanh,100,0.8045,0.800152427640817,0.8045,0.6232982999645174
8,0.01,64,Tanh,300,0.8045,0.800152427640817,0.8045,0.5931320001836866
8,0.01,64,Tanh,500,0.8045,0.800152427640817,0.8045,0.6668989001773298
8,0.01,64,Tanh,1000,0.8045,0.800152427640817,0.8045,1.1052544999402016
8,0.01,64,Sigmoid,50,0.795,0.7864204223448711,0.795,1.0880009999964386
8,0.01,64,Sigmoid,100,0.7949999999999999,0.7872323431121476,0.795,1.1907029000576586
8,0.01,64,Sigmoid,300,0.7949999999999999,0.7872323431121476,0.795,0.9994407000485808
8,0.01,64,Sigmoid,500,0.7949999999999999,0.7872323431121476,0.795,0.8460330001544207
8,0.01,64,Sigmoid,1000,0.7949999999999999,0.7872323431121476,0.795,0.8791443998925388
8,0.01,64,GELU,50,0.817,0.8104166809608401,0.817,1.1181405999232084
8,0.01,64,GELU,100,0.817,0.8104166809608401,0.817,1.1898810998536646
8,0.01,64,GELU,300,0.817,0.8104166809608401,0.817,1.1515834999736398
8,0.01,64,GELU,500,0.817,0.8104166809608401,0.817,0.8000409998930991
8,0.01,64,GELU,1000,0.817,0.8104166809608401,0.817,0.6513930999208242
8,0.01,64,Softmax,50,0.795,0.7864204223448711,0.795,0.5625408999621868
8,0.01,64,Softmax,100,0.7949999999999999,0.7872323431121476,0.795,0.833640200085938
8,0.01,64,Softmax,300,0.7949999999999999,0.7872323431121476,0.795,1.163004499860108
8,0.01,64,Softmax,500,0.7949999999999999,0.7872323431121476,0.795,1.186273799976334
8,0.01,64,Softmax,1000,0.7949999999999999,0.7872323431121476,0.795,1.2923278000671417
8,0.01,128,ReLU,50,0.8109999999999999,0.8072232003796032,0.811,0.4902789001353085
8,0.01,128,ReLU,100,0.8109999999999999,0.8072232003796032,0.811,0.4689766000956297
8,0.01,128,ReLU,300,0.8109999999999999,0.8072232003796032,0.811,0.47033269982784986
8,0.01,128,ReLU,500,0.8109999999999999,0.8072232003796032,0.811,0.42495929985307157
8,0.01,128,ReLU,1000,0.8109999999999999,0.8072232003796032,0.811,0.4604260998312384
8,0.01,128,Tanh,50,0.8030000000000002,0.7982816907449308,0.803,0.7880561999045312
8,0.01,128,Tanh,100,0.8020000000000002,0.7973353170187735,0.802,0.907882499974221
8,0.01,128,Tanh,300,0.8020000000000002,0.7973353170187735,0.802,0.880553400143981
8,0.01,128,Tanh,500,0.8020000000000002,0.7973353170187735,0.802,0.7601395000237972
8,0.01,128,Tanh,1000,0.8020000000000002,0.7973353170187735,0.802,0.604213799815625
8,0.01,128,Sigmoid,50,0.7979999999999999,0.7909645579925392,0.798,0.46350820013321936
8,0.01,128,Sigmoid,100,0.798,0.7904837623091725,0.798,0.554895400069654
8,0.01,128,Sigmoid,300,0.798,0.7904837623091725,0.798,0.4874971001408994
8,0.01,128,Sigmoid,500,0.798,0.7904837623091725,0.798,0.4686179000418633
8,0.01,128,Sigmoid,1000,0.798,0.7904837623091725,0.798,0.6616183000151068
8,0.01,128,GELU,50,0.8109999999999999,0.8072232003796032,0.811,0.8632457000203431
8,0.01,128,GELU,100,0.8109999999999999,0.8072232003796032,0.811,0.8544839001260698
8,0.01,128,GELU,300,0.8109999999999999,0.8072232003796032,0.811,0.8998700000811368
8,0.01,128,GELU,500,0.8109999999999999,0.8072232003796032,0.811,0.7550001000054181
8,0.01,128,GELU,1000,0.8109999999999999,0.8072232003796032,0.811,0.5711598000489175
8,0.01,128,Softmax,50,0.7979999999999999,0.7909645579925392,0.798,0.45840319991111755
8,0.01,128,Softmax,100,0.798,0.7904837623091725,0.798,0.514425499830395
8,0.01,128,Softmax,300,0.798,0.7904837623091725,0.798,0.4688776000402868
8,0.01,128,Softmax,500,0.798,0.7904837623091725,0.798,0.444306300021708
8,0.01,128,Softmax,1000,0.798,0.7904837623091725,0.798,0.8697240999899805
8,0.001,8,ReLU,50,0.8025,0.7981186403525208,0.8025,5.234342300100252
8,0.001,8,ReLU,100,0.8024999999999999,0.7981292053196554,0.8025,6.351673600031063
8,0.001,8,ReLU,300,0.8024999999999999,0.7981292053196554,0.8025,5.548038800014183
8,0.001,8,ReLU,500,0.8024999999999999,0.7981292053196554,0.8025,5.513864899985492
8,0.001,8,ReLU,1000,0.8024999999999999,0.7981292053196554,0.8025,6.00814349995926
8,0.001,8,Tanh,50,0.8140000000000001,0.807254930611438,0.814,5.4035049001686275
8,0.001,8,Tanh,100,0.8150000000000001,0.8080883355652,0.815,5.463817700045183
8,0.001,8,Tanh,300,0.8150000000000001,0.8080883355652,0.815,5.510330700082704
8,0.001,8,Tanh,500,0.8150000000000001,0.8080883355652,0.815,5.387597799999639
8,0.001,8,Tanh,1000,0.8150000000000001,0.8080883355652,0.815,6.421684099826962
8,0.001,8,Sigmoid,50,0.805,0.798563096367549,0.805,5.219381199916825
8,0.001,8,Sigmoid,100,0.8099999999999999,0.803082985282036,0.81,9.207374999998137
8,0.001,8,Sigmoid,300,0.8099999999999999,0.803082985282036,0.81,8.660449299961329
8,0.001,8,Sigmoid,500,0.8099999999999999,0.803082985282036,0.81,8.412510599941015
8,0.001,8,Sigmoid,1000,0.8099999999999999,0.803082985282036,0.81,8.213429600000381
8,0.001,8,GELU,50,0.8025,0.7981186403525208,0.8025,5.0155772001016885
8,0.001,8,GELU,100,0.8024999999999999,0.7981292053196554,0.8025,6.697404100093991
8,0.001,8,GELU,300,0.8024999999999999,0.7981292053196554,0.8025,5.808197699952871
8,0.001,8,GELU,500,0.8024999999999999,0.7981292053196554,0.8025,5.367848200025037
8,0.001,8,GELU,1000,0.8024999999999999,0.7981292053196554,0.8025,5.9814704998862
8,0.001,8,Softmax,50,0.805,0.798563096367549,0.805,5.394740599906072
8,0.001,8,Softmax,100,0.8099999999999999,0.803082985282036,0.81,7.651289100060239
8,0.001,8,Softmax,300,0.8099999999999999,0.803082985282036,0.81,8.416659600101411
8,0.001,8,Softmax,500,0.8099999999999999,0.803082985282036,0.81,8.77134449989535
8,0.001,8,Softmax,1000,0.8099999999999999,0.803082985282036,0.81,8.993237300077453
8,0.001,16,ReLU,50,0.8039999999999999,0.7995585251591996,0.804,2.82136240019463
8,0.001,16,ReLU,100,0.8055,0.8012360423999487,0.8055,4.464458999922499
8,0.001,16,ReLU,300,0.8055,0.8012360423999487,0.8055,3.8634651000611484
8,0.001,16,ReLU,500,0.8055,0.8012360423999487,0.8055,4.208521199878305
8,0.001,16,ReLU,1000,0.8055,0.8012360423999487,0.8055,5.028213999932632
8,0.001,16,Tanh,50,0.8024999999999999,0.7968704264422739,0.8025,3.177735900040716
8,0.001,16,Tanh,100,0.8025,0.7971452669895538,0.8025,3.6763835998717695
8,0.001,16,Tanh,300,0.8025,0.7971452669895538,0.8025,3.649217899888754
8,0.001,16,Tanh,500,0.8025,0.7971452669895538,0.8025,4.268880600109696
8,0.001,16,Tanh,1000,0.8025,0.7971452669895538,0.8025,3.1359391000587493
8,0.001,16,Sigmoid,50,0.7859999999999999,0.7777242856867098,0.786,4.302891100058332
8,0.001,16,Sigmoid,100,0.7940000000000002,0.7850754695939981,0.794,4.144183999858797
8,0.001,16,Sigmoid,300,0.7940000000000002,0.7850754695939981,0.794,5.0372210999485105
8,0.001,16,Sigmoid,500,0.7940000000000002,0.7850754695939981,0.794,4.7172133000567555
8,0.001,16,Sigmoid,1000,0.7940000000000002,0.7850754695939981,0.794,5.075520199956372
8,0.001,16,GELU,50,0.8039999999999999,0.7995585251591996,0.804,3.0267078999895602
8,0.001,16,GELU,100,0.8055,0.8012360423999487,0.8055,3.0668888001237065
8,0.001,16,GELU,300,0.8055,0.8012360423999487,0.8055,4.2147908001206815
8,0.001,16,GELU,500,0.8055,0.8012360423999487,0.8055,3.709751300048083
8,0.001,16,GELU,1000,0.8055,0.8012360423999487,0.8055,3.364607699913904
8,0.001,16,Softmax,50,0.7859999999999999,0.7777242856867098,0.786,2.997917199973017
8,0.001,16,Softmax,100,0.7940000000000002,0.7850754695939981,0.794,4.8071471999865025
8,0.001,16,Softmax,300,0.7940000000000002,0.7850754695939981,0.794,6.189436099957675
8,0.001,16,Softmax,500,0.7940000000000002,0.7850754695939981,0.794,5.597655699821189
8,0.001,16,Softmax,1000,0.7940000000000002,0.7850754695939981,0.794,6.091093400027603
8,0.001,32,ReLU,50,0.7885000000000001,0.7833070052706161,0.7885,1.962319899816066
8,0.001,32,ReLU,100,0.7965,0.7913940470993924,0.7965,2.423146299785003
8,0.001,32,ReLU,300,0.7965,0.7913940470993924,0.7965,3.0414076999295503
8,0.001,32,ReLU,500,0.7965,0.7913940470993924,0.7965,3.3945307000540197
8,0.001,32,ReLU,1000,0.7965,0.7913940470993924,0.7965,2.6702735000289977
8,0.001,32,Tanh,50,0.7950000000000002,0.7906641898893594,0.795,1.9381800999399275
8,0.001,32,Tanh,100,0.7965,0.7921204205909007,0.7965,2.069978800136596
8,0.001,32,Tanh,300,0.7965,0.7921204205909007,0.7965,2.1323414999060333
8,0.001,32,Tanh,500,0.7965,0.7921204205909007,0.7965,2.1701158001087606
8,0.001,32,Tanh,1000,0.7965,0.7921204205909007,0.7965,2.0740332999266684
8,0.001,32,Sigmoid,50,0.7565000000000001,0.7483049589012507,0.7565,1.796915499959141
8,0.001,32,Sigmoid,100,0.7665,0.7586960416077486,0.7665,2.120650100056082
8,0.001,32,Sigmoid,300,0.7665,0.7586960416077486,0.7665,2.3840999000240117
8,0.001,32,Sigmoid,500,0.7665,0.7586960416077486,0.7665,2.0866151999216527
8,0.001,32,Sigmoid,1000,0.7665,0.7586960416077486,0.7665,2.17443919996731
8,0.001,32,GELU,50,0.7885000000000001,0.7833070052706161,0.7885,1.634798699989915
8,0.001,32,GELU,100,0.7965,0.7913940470993924,0.7965,1.815000400179997
8,0.001,32,GELU,300,0.7965,0.7913940470993924,0.7965,2.4409700001124293
8,0.001,32,GELU,500,0.7965,0.7913940470993924,0.7965,1.6625705000478774
8,0.001,32,GELU,1000,0.7965,0.7913940470993924,0.7965,2.441010400187224
8,0.001,32,Softmax,50,0.7565000000000001,0.7483049589012507,0.7565,1.2591727999970317
8,0.001,32,Softmax,100,0.7665,0.7586960416077486,0.7665,2.3187806999776512
8,0.001,32,Softmax,300,0.7665,0.7586960416077486,0.7665,2.5956686998251826
8,0.001,32,Softmax,500,0.7665,0.7586960416077486,0.7665,2.587765800068155
8,0.001,32,Softmax,1000,0.7665,0.7586960416077486,0.7665,2.7919528000056744
8,0.001,64,ReLU,50,0.7505000000000001,0.7441221682648983,0.7505,1.1845742999576032
8,0.001,64,ReLU,100,0.762,0.7560626378484632,0.762,1.5255998999346048
8,0.001,64,ReLU,300,0.762,0.7560626378484632,0.762,1.63248739996925
8,0.001,64,ReLU,500,0.762,0.7560626378484632,0.762,1.7255355999805033
8,0.001,64,ReLU,1000,0.762,0.7560626378484632,0.762,1.8102627999614924
8,0.001,64,Tanh,50,0.7755,0.7698154590291716,0.7755,1.1840155001264066
8,0.001,64,Tanh,100,0.7775,0.771727123244033,0.7775,1.3769032000564039
8,0.001,64,Tanh,300,0.7775,0.771727123244033,0.7775,1.440775299910456
8,0.001,64,Tanh,500,0.7775,0.771727123244033,0.7775,1.495973100187257
8,0.001,64,Tanh,1000,0.7775,0.771727123244033,0.7775,1.2957322001457214
8,0.001,64,Sigmoid,50,0.7215,0.7086199135052105,0.7215,1.1342052000109106
8,0.001,64,Sigmoid,100,0.756,0.7476879135101642,0.756,1.9004046998452395
8,0.001,64,Sigmoid,300,0.756,0.7476879135101642,0.756,2.076122600119561
8,0.001,64,Sigmoid,500,0.756,0.7476879135101642,0.756,1.8332682999316603
8,0.001,64,Sigmoid,1000,0.756,0.7476879135101642,0.756,1.888984400080517
8,0.001,64,GELU,50,0.7505000000000001,0.7441221682648983,0.7505,0.7849850999191403
8,0.001,64,GELU,100,0.762,0.7560626378484632,0.762,1.8191092000342906
8,0.001,64,GELU,300,0.762,0.7560626378484632,0.762,1.919422100065276
8,0.001,64,GELU,500,0.762,0.7560626378484632,0.762,1.8302295999601483
8,0.001,64,GELU,1000,0.762,0.7560626378484632,0.762,1.6310868000146002
8,0.001,64,Softmax,50,0.7215,0.7086199135052105,0.7215,1.3125753998756409
8,0.001,64,Softmax,100,0.756,0.7476879135101642,0.756,2.0706448000855744
8,0.001,64,Softmax,300,0.756,0.7476879135101642,0.756,2.0370540998410434
8,0.001,64,Softmax,500,0.756,0.7476879135101642,0.756,1.8623211001977324
8,0.001,64,Softmax,1000,0.756,0.7476879135101642,0.756,1.7118927000556141
8,0.001,128,ReLU,50,0.6839999999999999,0.6717595384297469,0.684,0.8808006998151541
8,0.001,128,ReLU,100,0.7275,0.7213884114378497,0.7275,1.1222140998579562
8,0.001,128,ReLU,300,0.727,0.7207716034245626,0.727,1.3567631000187248
8,0.001,128,ReLU,500,0.727,0.7207716034245626,0.727,1.485867700073868
8,0.001,128,ReLU,1000,0.727,0.7207716034245626,0.727,1.5677996000740677
8,0.001,128,Tanh,50,0.7475,0.7383323466263576,0.7475,0.6622413999866694
8,0.001,128,Tanh,100,0.7675000000000001,0.7600517633718964,0.7675,1.2215008998755366
8,0.001,128,Tanh,300,0.7675000000000001,0.7600517633718964,0.7675,1.2180305998772383
8,0.001,128,Tanh,500,0.7675000000000001,0.7600517633718964,0.7675,1.2471402999944985
8,0.001,128,Tanh,1000,0.7675000000000001,0.7600517633718964,0.7675,1.0064503999892622
8,0.001,128,Sigmoid,50,0.6425,0.6175598774740876,0.6425,0.6319466000422835
8,0.001,128,Sigmoid,100,0.7174999999999999,0.705591300129533,0.7175,1.2448285000864416
8,0.001,128,Sigmoid,300,0.7174999999999999,0.705591300129533,0.7175,1.3035594001412392
8,0.001,128,Sigmoid,500,0.7174999999999999,0.705591300129533,0.7175,1.2196778999641538
8,0.001,128,Sigmoid,1000,0.7174999999999999,0.705591300129533,0.7175,1.357716599944979
8,0.001,128,GELU,50,0.6839999999999999,0.6717595384297469,0.684,0.7296011000871658
8,0.001,128,GELU,100,0.7275,0.7213884114378497,0.7275,0.9482660000212491
8,0.001,128,GELU,300,0.727,0.7207716034245626,0.727,1.3374204998835921
8,0.001,128,GELU,500,0.727,0.7207716034245626,0.727,1.4074399000965059
8,0.001,128,GELU,1000,0.727,0.7207716034245626,0.727,1.4149466000963002
8,0.001,128,Softmax,50,0.6425,0.6175598774740876,0.6425,0.7327225999906659
8,0.001,128,Softmax,100,0.7174999999999999,0.705591300129533,0.7175,1.2723775999620557
8,0.001,128,Softmax,300,0.7174999999999999,0.705591300129533,0.7175,1.2733973998110741
8,0.001,128,Softmax,500,0.7174999999999999,0.705591300129533,0.7175,1.1621805999893695
8,0.001,128,Softmax,1000,0.7174999999999999,0.705591300129533,0.7175,1.3319247998297215
8,0.0001,8,ReLU,50,0.652,0.6072987089964809,0.652,5.553130899788812
8,0.0001,8,ReLU,100,0.6635,0.6311635743179992,0.6635,9.018013500142843
8,0.0001,8,ReLU,300,0.6659999999999999,0.6338764189589733,0.666,11.004480700008571
8,0.0001,8,ReLU,500,0.6659999999999999,0.6338764189589733,0.666,10.624623000156134
8,0.0001,8,ReLU,1000,0.6659999999999999,0.6338764189589733,0.666,9.896274200174958
8,0.0001,8,Tanh,50,0.7019999999999998,0.6837868259972072,0.702,4.3844318999908864
8,0.0001,8,Tanh,100,0.742,0.7301521719681305,0.742,11.107276500202715
8,0.0001,8,Tanh,300,0.742,0.7304100277649651,0.742,11.98176039988175
8,0.0001,8,Tanh,500,0.742,0.7304100277649651,0.742,12.122026200173423
8,0.0001,8,Tanh,1000,0.742,0.7304100277649651,0.742,12.052639300003648
8,0.0001,8,Sigmoid,50,0.6279999999999999,0.5895112734444895,0.628,6.127542900154367
8,0.0001,8,Sigmoid,100,0.659,0.6318999987309744,0.659,10.891121400054544
8,0.0001,8,Sigmoid,300,0.6639999999999999,0.6386955253515592,0.664,12.952609000029042
8,0.0001,8,Sigmoid,500,0.6639999999999999,0.6386955253515592,0.664,11.044769200030714
8,0.0001,8,Sigmoid,1000,0.6639999999999999,0.6386955253515592,0.664,11.245010300073773
8,0.0001,8,GELU,50,0.652,0.6072987089964809,0.652,6.540054100099951
8,0.0001,8,GELU,100,0.6635,0.6311635743179992,0.6635,8.333023100160062
8,0.0001,8,GELU,300,0.6659999999999999,0.6338764189589733,0.666,10.558075699955225
8,0.0001,8,GELU,500,0.6659999999999999,0.6338764189589733,0.666,10.07101870002225
8,0.0001,8,GELU,1000,0.6659999999999999,0.6338764189589733,0.666,9.306291199987754
8,0.0001,8,Softmax,50,0.6279999999999999,0.5895112734444895,0.628,5.1786642000079155
8,0.0001,8,Softmax,100,0.659,0.6318999987309744,0.659,8.936275199986994
8,0.0001,8,Softmax,300,0.6639999999999999,0.6386955253515592,0.664,11.953038899926469
8,0.0001,8,Softmax,500,0.6639999999999999,0.6386955253515592,0.664,12.701251400168985
8,0.0001,8,Softmax,1000,0.6639999999999999,0.6386955253515592,0.664,11.611289500026032
8,0.0001,16,ReLU,50,0.6045,0.5407660138260908,0.6045,3.2456169999204576
8,0.0001,16,ReLU,100,0.636,0.5861030676100277,0.636,4.9087664999533445
8,0.0001,16,ReLU,300,0.636,0.5861030676100277,0.636,5.286009600153193
8,0.0001,16,ReLU,500,0.636,0.5861030676100277,0.636,5.438252900028601
8,0.0001,16,ReLU,1000,0.636,0.5861030676100277,0.636,5.194937399821356
8,0.0001,16,Tanh,50,0.634,0.612327803898397,0.634,3.118456399999559
8,0.0001,16,Tanh,100,0.7,0.6835380408919668,0.7,4.8972424999810755
8,0.0001,16,Tanh,300,0.7025,0.6865074502820071,0.7025,5.473374600056559
8,0.0001,16,Tanh,500,0.7025,0.6865074502820071,0.7025,6.304159400053322
8,0.0001,16,Tanh,1000,0.7025,0.6865074502820071,0.7025,6.307561199879274
8,0.0001,16,Sigmoid,50,0.44250000000000006,0.41917882902031633,0.4425,2.30696459999308
8,0.0001,16,Sigmoid,100,0.4805,0.46574784220987386,0.4805,4.438313300022855
8,0.0001,16,Sigmoid,300,0.484,0.4700440251816872,0.484,6.27333280001767
8,0.0001,16,Sigmoid,500,0.484,0.4700440251816872,0.484,5.229033899959177
8,0.0001,16,Sigmoid,1000,0.484,0.4700440251816872,0.484,5.629261199850589
8,0.0001,16,GELU,50,0.6045,0.5407660138260908,0.6045,4.113786800066009
8,0.0001,16,GELU,100,0.636,0.5861030676100277,0.636,4.109113299986348
8,0.0001,16,GELU,300,0.636,0.5861030676100277,0.636,5.905550900148228
8,0.0001,16,GELU,500,0.636,0.5861030676100277,0.636,5.793324700091034
8,0.0001,16,GELU,1000,0.636,0.5861030676100277,0.636,4.412773600080982
8,0.0001,16,Softmax,50,0.44250000000000006,0.41917882902031633,0.4425,2.796002399874851
8,0.0001,16,Softmax,100,0.4805,0.46574784220987386,0.4805,4.731998699950054
8,0.0001,16,Softmax,300,0.484,0.4700440251816872,0.484,5.629002399975434
8,0.0001,16,Softmax,500,0.484,0.4700440251816872,0.484,5.591721599921584
8,0.0001,16,Softmax,1000,0.484,0.4700440251816872,0.484,6.2599329999648035
8,0.0001,32,ReLU,50,0.538,0.4750608904399817,0.538,2.039480400038883
8,0.0001,32,ReLU,100,0.62,0.5607520795658771,0.62,2.318895199801773
8,0.0001,32,ReLU,300,0.62,0.5641521214186451,0.62,2.9377357999328524
8,0.0001,32,ReLU,500,0.62,0.5641521214186451,0.62,4.013462200062349
8,0.0001,32,ReLU,1000,0.62,0.5641521214186451,0.62,2.6503135000821203
8,0.0001,32,Tanh,50,0.5469999999999999,0.5145325600601187,0.547,1.4682228998281062
8,0.0001,32,Tanh,100,0.6635000000000001,0.6450945229523675,0.6635,3.9165994999930263
8,0.0001,32,Tanh,300,0.686,0.669906841434013,0.686,3.1155622999649495
8,0.0001,32,Tanh,500,0.686,0.669906841434013,0.686,4.275452399859205
8,0.0001,32,Tanh,1000,0.686,0.669906841434013,0.686,3.3319163001142442
8,0.0001,32,Sigmoid,50,0.281,0.2126736460847621,0.281,0.8946646000258625
8,0.0001,32,Sigmoid,100,0.31999999999999995,0.27709131690125244,0.32,1.9677103001158684
8,0.0001,32,Sigmoid,300,0.325,0.2864082044833999,0.325,2.935331800021231
8,0.0001,32,Sigmoid,500,0.325,0.2864082044833999,0.325,1.8451026999391615
8,0.0001,32,Sigmoid,1000,0.325,0.2864082044833999,0.325,2.696051799925044
8,0.0001,32,GELU,50,0.538,0.4750608904399817,0.538,2.0135129999835044
8,0.0001,32,GELU,100,0.62,0.5607520795658771,0.62,2.520886299898848
8,0.0001,32,GELU,300,0.62,0.5641521214186451,0.62,4.256170900072902
8,0.0001,32,GELU,500,0.62,0.5641521214186451,0.62,3.085647099884227
8,0.0001,32,GELU,1000,0.62,0.5641521214186451,0.62,3.222770299995318
8,0.0001,32,Softmax,50,0.281,0.2126736460847621,0.281,1.778807200025767
8,0.0001,32,Softmax,100,0.31999999999999995,0.27709131690125244,0.32,1.911136700073257
8,0.0001,32,Softmax,300,0.325,0.2864082044833999,0.325,2.7258339999243617
8,0.0001,32,Softmax,500,0.325,0.2864082044833999,0.325,3.17536269989796
8,0.0001,32,Softmax,1000,0.325,0.2864082044833999,0.325,2.6179120999295264
8,0.0001,64,ReLU,50,0.4415,0.3792254055415335,0.4415,1.4482854998204857
8,0.0001,64,ReLU,100,0.528,0.4652287627263537,0.528,1.9854494000319391
8,0.0001,64,ReLU,300,0.5425,0.4802110670752878,0.5425,1.6218832000158727
8,0.0001,64,ReLU,500,0.5425,0.4802110670752878,0.5425,2.2218572997953743
8,0.0001,64,ReLU,1000,0.5425,0.4802110670752878,0.5425,2.6921280999667943
8,0.0001,64,Tanh,50,0.38099999999999995,0.33519776865132955,0.381,0.7845278999302536
8,0.0001,64,Tanh,100,0.5855,0.5598772677027603,0.5855,1.3391398000530899
8,0.0001,64,Tanh,300,0.6319999999999999,0.6119464540648814,0.632,2.898239699890837
8,0.0001,64,Tanh,500,0.6319999999999999,0.6119464540648814,0.632,3.7117416001856327
8,0.0001,64,Tanh,1000,0.6319999999999999,0.6119464540648814,0.632,2.375402000034228
8,0.0001,64,Sigmoid,50,0.26399999999999996,0.1791960636809906,0.264,0.7977430999744684
8,0.0001,64,Sigmoid,100,0.2995,0.23856448095087762,0.2995,1.9325395999476314
8,0.0001,64,Sigmoid,300,0.314,0.2638095307783256,0.314,1.9792325000744313
8,0.0001,64,Sigmoid,500,0.314,0.2638095307783256,0.314,1.500650999834761
8,0.0001,64,Sigmoid,1000,0.314,0.2638095307783256,0.314,1.4517556000500917
8,0.0001,64,GELU,50,0.4415,0.3792254055415335,0.4415,1.3922241998370737
8,0.0001,64,GELU,100,0.528,0.4652287627263537,0.528,2.1369163999333978
8,0.0001,64,GELU,300,0.5425,0.4802110670752878,0.5425,1.628990099998191
8,0.0001,64,GELU,500,0.5425,0.4802110670752878,0.5425,1.58761000004597
8,0.0001,64,GELU,1000,0.5425,0.4802110670752878,0.5425,1.7985662000719458
8,0.0001,64,Softmax,50,0.26399999999999996,0.1791960636809906,0.264,1.1768247000873089
8,0.0001,64,Softmax,100,0.2995,0.23856448095087762,0.2995,1.839509499957785
8,0.0001,64,Softmax,300,0.314,0.2638095307783256,0.314,1.6461153000127524
8,0.0001,64,Softmax,500,0.314,0.2638095307783256,0.314,1.4348502000793815
8,0.0001,64,Softmax,1000,0.314,0.2638095307783256,0.314,2.0906845000572503
8,0.0001,128,ReLU,50,0.2805,0.22836636663270338,0.2805,0.6380450997967273
8,0.0001,128,ReLU,100,0.466,0.4041706720184715,0.466,0.9632415000814945
8,0.0001,128,ReLU,300,0.49050000000000005,0.4285531255376978,0.4905,1.120212199864909
8,0.0001,128,ReLU,500,0.49050000000000005,0.4285531255376978,0.4905,1.9661871001590043
8,0.0001,128,ReLU,1000,0.49050000000000005,0.4285531255376978,0.4905,1.2614643999841064
8,0.0001,128,Tanh,50,0.14550000000000002,0.12887397193893507,0.1455,0.3424543000292033
8,0.0001,128,Tanh,100,0.2795,0.26426558066336725,0.2795,0.6757317001465708
8,0.0001,128,Tanh,300,0.35649999999999993,0.3463229117808017,0.3565,1.673640200169757
8,0.0001,128,Tanh,500,0.35649999999999993,0.3463229117808017,0.3565,1.3671035999432206
8,0.0001,128,Tanh,1000,0.35649999999999993,0.3463229117808017,0.3565,1.2975104001816362
8,0.0001,128,Sigmoid,50,0.24500000000000002,0.1617015449774565,0.245,0.933608999941498
8,0.0001,128,Sigmoid,100,0.252,0.1705639429791653,0.252,1.0713635999709368
8,0.0001,128,Sigmoid,300,0.252,0.1705639429791653,0.252,0.7007360998541117
8,0.0001,128,Sigmoid,500,0.252,0.1705639429791653,0.252,0.6558684001211077
8,0.0001,128,Sigmoid,1000,0.252,0.1705639429791653,0.252,0.9796617000829428
8,0.0001,128,GELU,50,0.2805,0.22836636663270338,0.2805,0.8551223000977188
8,0.0001,128,GELU,100,0.466,0.4041706720184715,0.466,0.9469974001403898
8,0.0001,128,GELU,300,0.49050000000000005,0.4285531255376978,0.4905,1.096855000127107
8,0.0001,128,GELU,500,0.49050000000000005,0.4285531255376978,0.4905,1.2219167998991907
8,0.0001,128,GELU,1000,0.49050000000000005,0.4285531255376978,0.4905,1.7420508000068367
8,0.0001,128,Softmax,50,0.24500000000000002,0.1617015449774565,0.245,0.4463108000345528
8,0.0001,128,Softmax,100,0.252,0.1705639429791653,0.252,0.8769668000750244
8,0.0001,128,Softmax,300,0.252,0.1705639429791653,0.252,1.1556383001152426
8,0.0001,128,Softmax,500,0.252,0.1705639429791653,0.252,0.7925288998521864
8,0.0001,128,Softmax,1000,0.252,0.1705639429791653,0.252,1.3176965001039207
8,0.00025,8,ReLU,50,0.732,0.7249339416210316,0.732,5.53447619988583
8,0.00025,8,ReLU,100,0.737,0.7302467600300282,0.737,8.088970199925825
8,0.00025,8,ReLU,300,0.7375,0.7308586623890859,0.7375,8.709915499901399
8,0.00025,8,ReLU,500,0.7375,0.7308586623890859,0.7375,7.913010000018403
8,0.00025,8,ReLU,1000,0.7375,0.7308586623890859,0.7375,8.115131800062954
8,0.00025,8,Tanh,50,0.776,0.769005289880479,0.776,4.85774190002121
8,0.00025,8,Tanh,100,0.78,0.7727685085099852,0.78,8.148334599798545
8,0.00025,8,Tanh,300,0.779,0.771534857121225,0.779,8.513897700002417
8,0.00025,8,Tanh,500,0.779,0.771534857121225,0.779,8.755342100048438
8,0.00025,8,Tanh,1000,0.779,0.771534857121225,0.779,8.836123100016266
8,0.00025,8,Sigmoid,50,0.7015,0.6838735440306466,0.7015,5.3128909999504685
8,0.00025,8,Sigmoid,100,0.737,0.7258871652363607,0.737,9.275259499903768
8,0.00025,8,Sigmoid,300,0.7375,0.7263711250710674,0.7375,9.934287800220773
8,0.00025,8,Sigmoid,500,0.7375,0.7263711250710674,0.7375,9.485384600004181
8,0.00025,8,Sigmoid,1000,0.7375,0.7263711250710674,0.7375,10.168698699912056
8,0.00025,8,GELU,50,0.732,0.7249339416210316,0.732,5.035275500034913
8,0.00025,8,GELU,100,0.737,0.7302467600300282,0.737,8.693761399947107
8,0.00025,8,GELU,300,0.7375,0.7308586623890859,0.7375,9.159971999935806
8,0.00025,8,GELU,500,0.7375,0.7308586623890859,0.7375,9.956121899886057
8,0.00025,8,GELU,1000,0.7375,0.7308586623890859,0.7375,9.70714610000141
8,0.00025,8,Softmax,50,0.7015,0.6838735440306466,0.7015,6.183558400021866
8,0.00025,8,Softmax,100,0.737,0.7258871652363607,0.737,9.973498899955302
8,0.00025,8,Softmax,300,0.7375,0.7263711250710674,0.7375,9.91165899997577
8,0.00025,8,Softmax,500,0.7375,0.7263711250710674,0.7375,9.696946800220758
8,0.00025,8,Softmax,1000,0.7375,0.7263711250710674,0.7375,10.693099200027063
8,0.00025,16,ReLU,50,0.7120000000000001,0.7023364036967294,0.712,2.6722760000266135
8,0.00025,16,ReLU,100,0.7445,0.7394603149770084,0.7445,5.879653099924326
8,0.00025,16,ReLU,300,0.746,0.7409366018407407,0.746,5.855425500078127
8,0.00025,16,ReLU,500,0.746,0.7409366018407407,0.746,5.407696499954909
8,0.00025,16,ReLU,1000,0.746,0.7409366018407407,0.746,6.2682043998502195
8,0.00025,16,Tanh,50,0.7545,0.7455503429160417,0.7545,3.609092599945143
8,0.00025,16,Tanh,100,0.779,0.7722605393448858,0.779,5.643345900112763
8,0.00025,16,Tanh,300,0.779,0.7722605393448858,0.779,6.177019400056452
8,0.00025,16,Tanh,500,0.779,0.7722605393448858,0.779,5.94384799990803
8,0.00025,16,Tanh,1000,0.779,0.7722605393448858,0.779,5.174885499989614
8,0.00025,16,Sigmoid,50,0.666,0.6397835643507512,0.666,3.0945631999056786
8,0.00025,16,Sigmoid,100,0.696,0.6787796915462722,0.696,4.846680999966338
8,0.00025,16,Sigmoid,300,0.696,0.6787796915462722,0.696,4.634737899992615
8,0.00025,16,Sigmoid,500,0.696,0.6787796915462722,0.696,6.117718199966475
8,0.00025,16,Sigmoid,1000,0.696,0.6787796915462722,0.696,4.871407000115141
8,0.00025,16,GELU,50,0.7120000000000001,0.7023364036967294,0.712,3.3293951000086963
8,0.00025,16,GELU,100,0.7445,0.7394603149770084,0.7445,5.160772799979895
8,0.00025,16,GELU,300,0.746,0.7409366018407407,0.746,5.36807299987413
8,0.00025,16,GELU,500,0.746,0.7409366018407407,0.746,5.782935899915174
8,0.00025,16,GELU,1000,0.746,0.7409366018407407,0.746,6.717398999957368
8,0.00025,16,Softmax,50,0.666,0.6397835643507512,0.666,3.335769500117749
8,0.00025,16,Softmax,100,0.696,0.6787796915462722,0.696,4.8611520999111235
8,0.00025,16,Softmax,300,0.696,0.6787796915462722,0.696,5.344424499897286
8,0.00025,16,Softmax,500,0.696,0.6787796915462722,0.696,5.342868499923497
8,0.00025,16,Softmax,1000,0.696,0.6787796915462722,0.696,4.865735300118104
8,0.00025,32,ReLU,50,0.649,0.6039969980755536,0.649,1.2084490999113768
8,0.00025,32,ReLU,100,0.681,0.6610033717934056,0.681,2.235657599987462
8,0.00025,32,ReLU,300,0.681,0.6612244114197103,0.681,3.025114000076428
8,0.00025,32,ReLU,500,0.681,0.6612244114197103,0.681,2.01855679997243
8,0.00025,32,ReLU,1000,0.681,0.6612244114197103,0.681,3.067438699770719
8,0.00025,32,Tanh,50,0.7135,0.6985601138156239,0.7135,1.1308517998550087
8,0.00025,32,Tanh,100,0.7405,0.7302738844677442,0.7405,2.105307700112462
8,0.00025,32,Tanh,300,0.7420000000000001,0.7321070805944043,0.742,3.4510935000143945
8,0.00025,32,Tanh,500,0.7420000000000001,0.7321070805944043,0.742,2.2342523001134396
8,0.00025,32,Tanh,1000,0.7420000000000001,0.7321070805944043,0.742,3.9293607999570668
8,0.00025,32,Sigmoid,50,0.6130000000000001,0.574498945342859,0.613,1.5011690999381244
8,0.00025,32,Sigmoid,100,0.6715,0.6487049495307622,0.6715,3.6489207001868635
8,0.00025,32,Sigmoid,300,0.679,0.6579935461963674,0.679,3.853794800117612
8,0.00025,32,Sigmoid,500,0.679,0.6579935461963674,0.679,4.152363500092179
8,0.00025,32,Sigmoid,1000,0.679,0.6579935461963674,0.679,3.4260424999520183
8,0.00025,32,GELU,50,0.649,0.6039969980755536,0.649,1.4343932999763638
8,0.00025,32,GELU,100,0.681,0.6610033717934056,0.681,1.8073798001278192
8,0.00025,32,GELU,300,0.681,0.6612244114197103,0.681,2.8324134000577033
8,0.00025,32,GELU,500,0.681,0.6612244114197103,0.681,2.311877999920398
8,0.00025,32,GELU,1000,0.681,0.6612244114197103,0.681,2.499355199979618
8,0.00025,32,Softmax,50,0.6130000000000001,0.574498945342859,0.613,1.941271600080654
8,0.00025,32,Softmax,100,0.6715,0.6487049495307622,0.6715,2.059087699977681
8,0.00025,32,Softmax,300,0.679,0.6579935461963674,0.679,3.343178799841553
8,0.00025,32,Softmax,500,0.679,0.6579935461963674,0.679,2.665685699786991
8,0.00025,32,Softmax,1000,0.679,0.6579935461963674,0.679,3.208872999995947
8,0.00025,64,ReLU,50,0.5964999999999999,0.5326604920599547,0.5965,1.5227920000907034
8,0.00025,64,ReLU,100,0.6380000000000001,0.5884438303090829,0.638,1.7124628000892699
8,0.00025,64,ReLU,300,0.6380000000000001,0.5884438303090829,0.638,1.8301699000876397
8,0.00025,64,ReLU,500,0.6380000000000001,0.5884438303090829,0.638,1.9384228999260813
8,0.00025,64,ReLU,1000,0.6380000000000001,0.5884438303090829,0.638,1.9018157999962568
8,0.00025,64,Tanh,50,0.6135,0.5913729719930104,0.6135,0.8965976000763476
8,0.00025,64,Tanh,100,0.703,0.6896298603538548,0.703,1.6731889999937266
8,0.00025,64,Tanh,300,0.71,0.6979608415969925,0.71,2.3389906000811607
8,0.00025,64,Tanh,500,0.71,0.6979608415969925,0.71,2.3528106999583542
8,0.00025,64,Tanh,1000,0.71,0.6979608415969925,0.71,2.1591085998807102
8,0.00025,64,Sigmoid,50,0.42300000000000004,0.39907011958474115,0.423,0.8391566998325288
8,0.00025,64,Sigmoid,100,0.47050000000000003,0.4556732422644042,0.4705,1.4777422999031842
8,0.00025,64,Sigmoid,300,0.4709999999999999,0.4568687656649966,0.471,1.85532209998928
8,0.00025,64,Sigmoid,500,0.4709999999999999,0.4568687656649966,0.471,1.788646899862215
8,0.00025,64,Sigmoid,1000,0.4709999999999999,0.4568687656649966,0.471,1.9194787999149412
8,0.00025,64,GELU,50,0.5964999999999999,0.5326604920599547,0.5965,1.2086960999295115
8,0.00025,64,GELU,100,0.6380000000000001,0.5884438303090829,0.638,1.6138428999111056
8,0.00025,64,GELU,300,0.6380000000000001,0.5884438303090829,0.638,1.885715499985963
8,0.00025,64,GELU,500,0.6380000000000001,0.5884438303090829,0.638,1.8988125999458134
8,0.00025,64,GELU,1000,0.6380000000000001,0.5884438303090829,0.638,1.9595373999327421
8,0.00025,64,Softmax,50,0.42300000000000004,0.39907011958474115,0.423,0.9131975001655519
8,0.00025,64,Softmax,100,0.47050000000000003,0.4556732422644042,0.4705,1.7300022998824716
8,0.00025,64,Softmax,300,0.4709999999999999,0.4568687656649966,0.471,1.9269000000786036
8,0.00025,64,Softmax,500,0.4709999999999999,0.4568687656649966,0.471,1.9122219998389482
8,0.00025,64,Softmax,1000,0.4709999999999999,0.4568687656649966,0.471,2.1847959998995066
8,0.00025,128,ReLU,50,0.5055,0.4424156364445512,0.5055,0.7441470997873694
8,0.00025,128,ReLU,100,0.6140000000000001,0.5516431196298108,0.614,1.2216646000742912
8,0.00025,128,ReLU,300,0.6199999999999999,0.5616660160807782,0.62,1.587836999911815
8,0.00025,128,ReLU,500,0.6199999999999999,0.5616660160807782,0.62,1.2481084000319242
8,0.00025,128,ReLU,1000,0.6199999999999999,0.5616660160807782,0.62,1.7017278999555856
8,0.00025,128,Tanh,50,0.49800000000000005,0.46347183426039545,0.498,0.7490624999627471
8,0.00025,128,Tanh,100,0.6359999999999999,0.6158639645450285,0.636,1.2056340998969972
8,0.00025,128,Tanh,300,0.671,0.6558955994877275,0.671,1.6248586000874639
8,0.00025,128,Tanh,500,0.671,0.6558955994877275,0.671,1.463145000161603
8,0.00025,128,Tanh,1000,0.671,0.6558955994877275,0.671,1.4785052000079304
8,0.00025,128,Sigmoid,50,0.305,0.23248112648492616,0.305,0.5121227998752147
8,0.00025,128,Sigmoid,100,0.43249999999999994,0.40461983770932397,0.4325,1.1462103000376374
8,0.00025,128,Sigmoid,300,0.43299999999999994,0.4052688982112135,0.433,1.1118286999408156
8,0.00025,128,Sigmoid,500,0.43299999999999994,0.4052688982112135,0.433,1.044855099869892
8,0.00025,128,Sigmoid,1000,0.43299999999999994,0.4052688982112135,0.433,1.0722699000034481
8,0.00025,128,GELU,50,0.5055,0.4424156364445512,0.5055,0.6038246999960393
8,0.00025,128,GELU,100,0.6140000000000001,0.5516431196298108,0.614,1.105809399858117
8,0.00025,128,GELU,300,0.6199999999999999,0.5616660160807782,0.62,1.412569500040263
8,0.00025,128,GELU,500,0.6199999999999999,0.5616660160807782,0.62,1.640616999939084
8,0.00025,128,GELU,1000,0.6199999999999999,0.5616660160807782,0.62,1.4424755000509322
8,0.00025,128,Softmax,50,0.305,0.23248112648492616,0.305,0.6070818998850882
8,0.00025,128,Softmax,100,0.43249999999999994,0.40461983770932397,0.4325,1.0590399999637157
8,0.00025,128,Softmax,300,0.43299999999999994,0.4052688982112135,0.433,0.8791400999762118
8,0.00025,128,Softmax,500,0.43299999999999994,0.4052688982112135,0.433,1.1394112999550998
8,0.00025,128,Softmax,1000,0.43299999999999994,0.4052688982112135,0.433,1.1039350999053568
16,0.01,8,ReLU,50,0.834,0.8307198591855436,0.834,3.244783299975097
16,0.01,8,ReLU,100,0.834,0.8307198591855436,0.834,3.2076308999676257
16,0.01,8,ReLU,300,0.834,0.8307198591855436,0.834,3.238679700065404
16,0.01,8,ReLU,500,0.834,0.8307198591855436,0.834,3.0534053000155836
16,0.01,8,ReLU,1000,0.834,0.8307198591855436,0.834,3.2310927999205887
16,0.01,8,Tanh,50,0.8245000000000001,0.8144946333662754,0.8245,2.4170254999771714
16,0.01,8,Tanh,100,0.8245000000000001,0.8144946333662754,0.8245,2.4338017001282424
16,0.01,8,Tanh,300,0.8245000000000001,0.8144946333662754,0.8245,2.647465799935162
16,0.01,8,Tanh,500,0.8245000000000001,0.8144946333662754,0.8245,3.170719999819994
16,0.01,8,Tanh,1000,0.8245000000000001,0.8144946333662754,0.8245,2.7893269998021424
16,0.01,8,Sigmoid,50,0.829,0.8194517482674304,0.829,3.3907876999583095
16,0.01,8,Sigmoid,100,0.829,0.8194517482674304,0.829,3.1392039998900145
16,0.01,8,Sigmoid,300,0.829,0.8194517482674304,0.829,3.4690220998600125
16,0.01,8,Sigmoid,500,0.829,0.8194517482674304,0.829,3.7169242000672966
16,0.01,8,Sigmoid,1000,0.829,0.8194517482674304,0.829,3.936138299992308
16,0.01,8,GELU,50,0.834,0.8307198591855436,0.834,2.9909484998788685
16,0.01,8,GELU,100,0.834,0.8307198591855436,0.834,4.214937499957159
16,0.01,8,GELU,300,0.834,0.8307198591855436,0.834,3.1347829999867827
16,0.01,8,GELU,500,0.834,0.8307198591855436,0.834,3.9977887000422925
16,0.01,8,GELU,1000,0.834,0.8307198591855436,0.834,3.079743100097403
16,0.01,8,Softmax,50,0.829,0.8194517482674304,0.829,3.9754286999814212
16,0.01,8,Softmax,100,0.829,0.8194517482674304,0.829,2.8843627001624554
16,0.01,8,Softmax,300,0.829,0.8194517482674304,0.829,4.220368999987841
16,0.01,8,Softmax,500,0.829,0.8194517482674304,0.829,2.987003499874845
16,0.01,8,Softmax,1000,0.829,0.8194517482674304,0.829,3.2939812000840902
16,0.01,16,ReLU,50,0.8305,0.8184650377826219,0.8305,1.6711112998891622
16,0.01,16,ReLU,100,0.8305,0.8184650377826219,0.8305,2.278793500037864
16,0.01,16,ReLU,300,0.8305,0.8184650377826219,0.8305,2.047846000175923
16,0.01,16,ReLU,500,0.8305,0.8184650377826219,0.8305,1.6170388001482934
16,0.01,16,ReLU,1000,0.8305,0.8184650377826219,0.8305,2.1400726998690516
16,0.01,16,Tanh,50,0.833,0.8224591697848573,0.833,2.055887100053951
16,0.01,16,Tanh,100,0.833,0.8224591697848573,0.833,1.7806514000985771
16,0.01,16,Tanh,300,0.833,0.8224591697848573,0.833,1.9544534001033753
16,0.01,16,Tanh,500,0.833,0.8224591697848573,0.833,2.247326700016856
16,0.01,16,Tanh,1000,0.833,0.8224591697848573,0.833,1.5429044000338763
16,0.01,16,Sigmoid,50,0.834,0.8289247826310099,0.834,2.3883507000282407
16,0.01,16,Sigmoid,100,0.834,0.8289247826310099,0.834,2.4161602000240237
16,0.01,16,Sigmoid,300,0.834,0.8289247826310099,0.834,2.018534699920565
16,0.01,16,Sigmoid,500,0.834,0.8289247826310099,0.834,2.458924900041893
16,0.01,16,Sigmoid,1000,0.834,0.8289247826310099,0.834,2.3869940999429673
16,0.01,16,GELU,50,0.8305,0.8184650377826219,0.8305,1.5276060001924634
16,0.01,16,GELU,100,0.8305,0.8184650377826219,0.8305,2.114184700185433
16,0.01,16,GELU,300,0.8305,0.8184650377826219,0.8305,2.0539347000885755
16,0.01,16,GELU,500,0.8305,0.8184650377826219,0.8305,1.872331399936229
16,0.01,16,GELU,1000,0.8305,0.8184650377826219,0.8305,2.400962800020352
16,0.01,16,Softmax,50,0.834,0.8289247826310099,0.834,2.68249149993062
16,0.01,16,Softmax,100,0.834,0.8289247826310099,0.834,2.1967581999488175
16,0.01,16,Softmax,300,0.834,0.8289247826310099,0.834,1.8369978999253362
16,0.01,16,Softmax,500,0.834,0.8289247826310099,0.834,2.0567890000529587
16,0.01,16,Softmax,1000,0.834,0.8289247826310099,0.834,2.0659795999526978
16,0.01,32,ReLU,50,0.8299999999999998,0.8269073285872757,0.83,1.0383005000185221
16,0.01,32,ReLU,100,0.8299999999999998,0.8269073285872757,0.83,1.4171422000508755
16,0.01,32,ReLU,300,0.8299999999999998,0.8269073285872757,0.83,0.9442704000975937
16,0.01,32,ReLU,500,0.8299999999999998,0.8269073285872757,0.83,0.919684800086543
16,0.01,32,ReLU,1000,0.8299999999999998,0.8269073285872757,0.83,1.0366688999347389
16,0.01,32,Tanh,50,0.8265,0.8223653622654588,0.8265,1.1304965999443084
16,0.01,32,Tanh,100,0.8265,0.8223653622654588,0.8265,0.8968895999714732
16,0.01,32,Tanh,300,0.8265,0.8223653622654588,0.8265,0.8349523998331279
16,0.01,32,Tanh,500,0.8265,0.8223653622654588,0.8265,0.7363169000018388
16,0.01,32,Tanh,1000,0.8265,0.8223653622654588,0.8265,1.2680985000915825
16,0.01,32,Sigmoid,50,0.829,0.826176382796666,0.829,1.2519187999423593
16,0.01,32,Sigmoid,100,0.829,0.826176382796666,0.829,1.0801528999581933
16,0.01,32,Sigmoid,300,0.829,0.826176382796666,0.829,1.194285900099203
16,0.01,32,Sigmoid,500,0.829,0.826176382796666,0.829,1.549543800065294
16,0.01,32,Sigmoid,1000,0.829,0.826176382796666,0.829,1.1933393999934196
16,0.01,32,GELU,50,0.8299999999999998,0.8269073285872757,0.83,0.9161284000147134
16,0.01,32,GELU,100,0.8299999999999998,0.8269073285872757,0.83,1.579547300003469
16,0.01,32,GELU,300,0.8299999999999998,0.8269073285872757,0.83,0.9007999999448657
16,0.01,32,GELU,500,0.8299999999999998,0.8269073285872757,0.83,0.9014850999228656
16,0.01,32,GELU,1000,0.8299999999999998,0.8269073285872757,0.83,1.05751600000076
16,0.01,32,Softmax,50,0.829,0.826176382796666,0.829,1.3747121000196785
16,0.01,32,Softmax,100,0.829,0.826176382796666,0.829,1.586105199996382
16,0.01,32,Softmax,300,0.829,0.826176382796666,0.829,1.3277827999554574
16,0.01,32,Softmax,500,0.829,0.826176382796666,0.829,1.419418399920687
16,0.01,32,Softmax,1000,0.829,0.826176382796666,0.829,1.5420397000852972
16,0.01,64,ReLU,50,0.8305,0.8285739065775637,0.8305,0.8717060000635684
16,0.01,64,ReLU,100,0.8305,0.8285739065775637,0.8305,0.7095208000391722
16,0.01,64,ReLU,300,0.8305,0.8285739065775637,0.8305,1.0105896999593824
16,0.01,64,ReLU,500,0.8305,0.8285739065775637,0.8305,0.7643358998466283
16,0.01,64,ReLU,1000,0.8305,0.8285739065775637,0.8305,0.9715623999945819
16,0.01,64,Tanh,50,0.821,0.8153406208437624,0.821,0.6211546999402344
16,0.01,64,Tanh,100,0.821,0.8153406208437624,0.821,0.9353630999103189
16,0.01,64,Tanh,300,0.821,0.8153406208437624,0.821,0.6956120000686496
16,0.01,64,Tanh,500,0.821,0.8153406208437624,0.821,0.4992849000263959
16,0.01,64,Tanh,1000,0.821,0.8153406208437624,0.821,0.8295340999029577
16,0.01,64,Sigmoid,50,0.8245000000000001,0.8055966745828856,0.8245,0.8614332999568433
16,0.01,64,Sigmoid,100,0.8245000000000001,0.8055966745828856,0.8245,0.9613288000691682
16,0.01,64,Sigmoid,300,0.8245000000000001,0.8055966745828856,0.8245,0.7178563000634313
16,0.01,64,Sigmoid,500,0.8245000000000001,0.8055966745828856,0.8245,0.9917087000794709
16,0.01,64,Sigmoid,1000,0.8245000000000001,0.8055966745828856,0.8245,0.701886999886483
16,0.01,64,GELU,50,0.8305,0.8285739065775637,0.8305,0.9424428001511842
16,0.01,64,GELU,100,0.8305,0.8285739065775637,0.8305,0.6277745000552386
16,0.01,64,GELU,300,0.8305,0.8285739065775637,0.8305,1.002238899935037
16,0.01,64,GELU,500,0.8305,0.8285739065775637,0.8305,0.684442900121212
16,0.01,64,GELU,1000,0.8305,0.8285739065775637,0.8305,0.9031028999015689
16,0.01,64,Softmax,50,0.8245000000000001,0.8055966745828856,0.8245,0.6869691000320017
16,0.01,64,Softmax,100,0.8245000000000001,0.8055966745828856,0.8245,0.8634781998116523
16,0.01,64,Softmax,300,0.8245000000000001,0.8055966745828856,0.8245,0.9656844001729041
16,0.01,64,Softmax,500,0.8245000000000001,0.8055966745828856,0.8245,0.6333363000303507
16,0.01,64,Softmax,1000,0.8245000000000001,0.8055966745828856,0.8245,0.9342258998658508
16,0.01,128,ReLU,50,0.8195,0.8154001125690516,0.8195,0.836068700067699
16,0.01,128,ReLU,100,0.8195,0.8154001125690516,0.8195,0.4189524999819696
16,0.01,128,ReLU,300,0.8195,0.8154001125690516,0.8195,0.6864034999161959
16,0.01,128,ReLU,500,0.8195,0.8154001125690516,0.8195,0.40328160021454096
16,0.01,128,ReLU,1000,0.8195,0.8154001125690516,0.8195,0.4752929999958724
16,0.01,128,Tanh,50,0.8145,0.8100729394555252,0.8145,0.5484241999220103
16,0.01,128,Tanh,100,0.8145,0.8100729394555252,0.8145,0.47660790011286736
16,0.01,128,Tanh,300,0.8145,0.8100729394555252,0.8145,0.30360670015215874
16,0.01,128,Tanh,500,0.8145,0.8100729394555252,0.8145,0.31022520014084876
16,0.01,128,Tanh,1000,0.8145,0.8100729394555252,0.8145,0.31203609984368086
16,0.01,128,Sigmoid,50,0.813,0.8067446851032178,0.813,0.5257612001150846
16,0.01,128,Sigmoid,100,0.813,0.8067446851032178,0.813,0.6885716000106186
16,0.01,128,Sigmoid,300,0.813,0.8067446851032178,0.813,0.4675628000404686
16,0.01,128,Sigmoid,500,0.813,0.8067446851032178,0.813,0.40277180005796254
16,0.01,128,Sigmoid,1000,0.813,0.8067446851032178,0.813,0.401154600083828
16,0.01,128,GELU,50,0.8195,0.8154001125690516,0.8195,0.3403825999703258
16,0.01,128,GELU,100,0.8195,0.8154001125690516,0.8195,0.3979738000780344
16,0.01,128,GELU,300,0.8195,0.8154001125690516,0.8195,0.6080636000260711
16,0.01,128,GELU,500,0.8195,0.8154001125690516,0.8195,0.5038125000428408
16,0.01,128,GELU,1000,0.8195,0.8154001125690516,0.8195,0.3482927998993546
16,0.01,128,Softmax,50,0.813,0.8067446851032178,0.813,0.44033559993840754
16,0.01,128,Softmax,100,0.813,0.8067446851032178,0.813,0.4033095999620855
16,0.01,128,Softmax,300,0.813,0.8067446851032178,0.813,0.4329105999786407
16,0.01,128,Softmax,500,0.813,0.8067446851032178,0.813,0.7029653999488801
16,0.01,128,Softmax,1000,0.813,0.8067446851032178,0.813,0.6458745999261737
16,0.001,8,ReLU,50,0.8254999999999999,0.8221180614585833,0.8255,4.584650400094688
16,0.001,8,ReLU,100,0.8254999999999999,0.8221180614585833,0.8255,5.074425400001928
16,0.001,8,ReLU,300,0.8254999999999999,0.8221180614585833,0.8255,5.741074499906972
16,0.001,8,ReLU,500,0.8254999999999999,0.8221180614585833,0.8255,5.377032299991697
16,0.001,8,ReLU,1000,0.8254999999999999,0.8221180614585833,0.8255,5.46419269987382
16,0.001,8,Tanh,50,0.8215000000000001,0.8163607055773578,0.8215,4.829034700058401
16,0.001,8,Tanh,100,0.8234999999999999,0.8185108105351784,0.8235,7.171967400005087
16,0.001,8,Tanh,300,0.8234999999999999,0.8185108105351784,0.8235,6.882905799895525
16,0.001,8,Tanh,500,0.8234999999999999,0.8185108105351784,0.8235,6.9925990998744965
16,0.001,8,Tanh,1000,0.8234999999999999,0.8185108105351784,0.8235,6.770679399836808
16,0.001,8,Sigmoid,50,0.8075000000000001,0.8022327889935015,0.8075,4.731976799899712
16,0.001,8,Sigmoid,100,0.8075000000000001,0.8022327889935015,0.8075,6.112028599949554
16,0.001,8,Sigmoid,300,0.8075000000000001,0.8022327889935015,0.8075,4.555573699995875
16,0.001,8,Sigmoid,500,0.8075000000000001,0.8022327889935015,0.8075,5.30389739992097
16,0.001,8,Sigmoid,1000,0.8075000000000001,0.8022327889935015,0.8075,5.578940499806777
16,0.001,8,GELU,50,0.8254999999999999,0.8221180614585833,0.8255,5.122340899892151
16,0.001,8,GELU,100,0.8254999999999999,0.8221180614585833,0.8255,5.554367400007322
16,0.001,8,GELU,300,0.8254999999999999,0.8221180614585833,0.8255,5.358288699993864
16,0.001,8,GELU,500,0.8254999999999999,0.8221180614585833,0.8255,5.440234600100666
16,0.001,8,GELU,1000,0.8254999999999999,0.8221180614585833,0.8255,5.86572330002673
16,0.001,8,Softmax,50,0.8075000000000001,0.8022327889935015,0.8075,6.101976400008425
16,0.001,8,Softmax,100,0.8075000000000001,0.8022327889935015,0.8075,4.524306299863383
16,0.001,8,Softmax,300,0.8075000000000001,0.8022327889935015,0.8075,4.411933300085366
16,0.001,8,Softmax,500,0.8075000000000001,0.8022327889935015,0.8075,4.102757700020447
16,0.001,8,Softmax,1000,0.8075000000000001,0.8022327889935015,0.8075,4.3151940000243485
16,0.001,16,ReLU,50,0.8094999999999999,0.8053597336106261,0.8095,2.631482700118795
16,0.001,16,ReLU,100,0.8094999999999999,0.8053597336106261,0.8095,2.42664169985801
16,0.001,16,ReLU,300,0.8094999999999999,0.8053597336106261,0.8095,2.2592158999759704
16,0.001,16,ReLU,500,0.8094999999999999,0.8053597336106261,0.8095,3.127159300027415
16,0.001,16,ReLU,1000,0.8094999999999999,0.8053597336106261,0.8095,2.063977399840951
16,0.001,16,Tanh,50,0.8165000000000001,0.8114151887345736,0.8165,3.323445799993351
16,0.001,16,Tanh,100,0.8165000000000001,0.8114151887345736,0.8165,2.2969862001482397
16,0.001,16,Tanh,300,0.8165000000000001,0.8114151887345736,0.8165,3.8761462001129985
16,0.001,16,Tanh,500,0.8165000000000001,0.8114151887345736,0.8165,2.553915400058031
16,0.001,16,Tanh,1000,0.8165000000000001,0.8114151887345736,0.8165,4.085783699993044
16,0.001,16,Sigmoid,50,0.8030000000000002,0.7969843638544319,0.803,2.4152559998910874
16,0.001,16,Sigmoid,100,0.8030000000000002,0.7969843638544319,0.803,3.5297498998697847
16,0.001,16,Sigmoid,300,0.8030000000000002,0.7969843638544319,0.803,2.4061013001482934
16,0.001,16,Sigmoid,500,0.8030000000000002,0.7969843638544319,0.803,3.783163300016895
16,0.001,16,Sigmoid,1000,0.8030000000000002,0.7969843638544319,0.803,2.723406899953261
16,0.001,16,GELU,50,0.8094999999999999,0.8053597336106261,0.8095,3.5637535999994725
16,0.001,16,GELU,100,0.8094999999999999,0.8053597336106261,0.8095,2.186536299996078
16,0.001,16,GELU,300,0.8094999999999999,0.8053597336106261,0.8095,3.4059019000269473
16,0.001,16,GELU,500,0.8094999999999999,0.8053597336106261,0.8095,2.030200800159946
16,0.001,16,GELU,1000,0.8094999999999999,0.8053597336106261,0.8095,3.2555444999597967
16,0.001,16,Softmax,50,0.8030000000000002,0.7969843638544319,0.803,2.107056900160387
16,0.001,16,Softmax,100,0.8030000000000002,0.7969843638544319,0.803,2.4759669001214206
16,0.001,16,Softmax,300,0.8030000000000002,0.7969843638544319,0.803,2.383490900043398
16,0.001,16,Softmax,500,0.8030000000000002,0.7969843638544319,0.803,2.266554200090468
16,0.001,16,Softmax,1000,0.8030000000000002,0.7969843638544319,0.803,2.8685159999877214
16,0.001,32,ReLU,50,0.8104999999999999,0.8063284929549168,0.8105,1.303315999917686
16,0.001,32,ReLU,100,0.8109999999999999,0.8068955855658058,0.811,2.1553646998945624
16,0.001,32,ReLU,300,0.8109999999999999,0.8068955855658058,0.811,2.5027210998814553
16,0.001,32,ReLU,500,0.8109999999999999,0.8068955855658058,0.811,1.67788129998371
16,0.001,32,ReLU,1000,0.8109999999999999,0.8068955855658058,0.811,2.1638533000368625
16,0.001,32,Tanh,50,0.8099999999999999,0.8032613162349553,0.81,1.5778339998796582
16,0.001,32,Tanh,100,0.8099999999999999,0.8032613162349553,0.81,1.7184061999432743
16,0.001,32,Tanh,300,0.8099999999999999,0.8032613162349553,0.81,1.6543393000029027
16,0.001,32,Tanh,500,0.8099999999999999,0.8032613162349553,0.81,1.5964804000686854
16,0.001,32,Tanh,1000,0.8099999999999999,0.8032613162349553,0.81,1.8636007001623511
16,0.001,32,Sigmoid,50,0.8014999999999999,0.7961844692820207,0.8015,1.6326425999868661
16,0.001,32,Sigmoid,100,0.8014999999999999,0.7961844692820207,0.8015,2.4222675999626517
16,0.001,32,Sigmoid,300,0.8014999999999999,0.7961844692820207,0.8015,1.7016689002048224
16,0.001,32,Sigmoid,500,0.8014999999999999,0.7961844692820207,0.8015,2.238833999959752
16,0.001,32,Sigmoid,1000,0.8014999999999999,0.7961844692820207,0.8015,1.763196700019762
16,0.001,32,GELU,50,0.8104999999999999,0.8063284929549168,0.8105,2.0900189001113176
16,0.001,32,GELU,100,0.8109999999999999,0.8068955855658058,0.811,1.906591400038451
16,0.001,32,GELU,300,0.8109999999999999,0.8068955855658058,0.811,2.6223202999681234
16,0.001,32,GELU,500,0.8109999999999999,0.8068955855658058,0.811,1.7428974001668394
16,0.001,32,GELU,1000,0.8109999999999999,0.8068955855658058,0.811,2.9191306999418885
16,0.001,32,Softmax,50,0.8014999999999999,0.7961844692820207,0.8015,1.353799399919808
16,0.001,32,Softmax,100,0.8014999999999999,0.7961844692820207,0.8015,1.9453878998756409
16,0.001,32,Softmax,300,0.8014999999999999,0.7961844692820207,0.8015,1.9847045000642538
16,0.001,32,Softmax,500,0.8014999999999999,0.7961844692820207,0.8015,1.4797320000361651
16,0.001,32,Softmax,1000,0.8014999999999999,0.7961844692820207,0.8015,2.672952299937606
16,0.001,64,ReLU,50,0.7979999999999999,0.7926781396176439,0.798,0.7860759000759572
16,0.001,64,ReLU,100,0.806,0.8010402622032327,0.806,1.2608560000080615
16,0.001,64,ReLU,300,0.806,0.8010402622032327,0.806,1.7493626000359654
16,0.001,64,ReLU,500,0.806,0.8010402622032327,0.806,1.7611701001878828
16,0.001,64,ReLU,1000,0.806,0.8010402622032327,0.806,1.5276125001255423
16,0.001,64,Tanh,50,0.8039999999999999,0.7970772136909395,0.804,1.036484100157395
16,0.001,64,Tanh,100,0.804,0.7967009928098677,0.804,1.9621764000039548
16,0.001,64,Tanh,300,0.804,0.7967009928098677,0.804,1.9890661998651922
16,0.001,64,Tanh,500,0.804,0.7967009928098677,0.804,1.6085079999174923
16,0.001,64,Tanh,1000,0.804,0.7967009928098677,0.804,1.847222900018096
16,0.001,64,Sigmoid,50,0.779,0.7727726173476712,0.779,0.9445610002148896
16,0.001,64,Sigmoid,100,0.7815000000000001,0.7752541088459917,0.7815,1.764041299931705
16,0.001,64,Sigmoid,300,0.7815000000000001,0.7752541088459917,0.7815,1.4149789998773485
16,0.001,64,Sigmoid,500,0.7815000000000001,0.7752541088459917,0.7815,2.033695099875331
16,0.001,64,Sigmoid,1000,0.7815000000000001,0.7752541088459917,0.7815,1.6398396000731736
16,0.001,64,GELU,50,0.7979999999999999,0.7926781396176439,0.798,1.001725499983877
16,0.001,64,GELU,100,0.806,0.8010402622032327,0.806,1.7410281000193208
16,0.001,64,GELU,300,0.806,0.8010402622032327,0.806,1.5245629998389632
16,0.001,64,GELU,500,0.806,0.8010402622032327,0.806,1.5000707001890987
16,0.001,64,GELU,1000,0.806,0.8010402622032327,0.806,1.650516299996525
16,0.001,64,Softmax,50,0.779,0.7727726173476712,0.779,1.4631362999789417
16,0.001,64,Softmax,100,0.7815000000000001,0.7752541088459917,0.7815,1.6959782999474555
16,0.001,64,Softmax,300,0.7815000000000001,0.7752541088459917,0.7815,1.5375302999746054
16,0.001,64,Softmax,500,0.7815000000000001,0.7752541088459917,0.7815,1.225895799929276
16,0.001,64,Softmax,1000,0.7815000000000001,0.7752541088459917,0.7815,1.0865327999927104
16,0.001,128,ReLU,50,0.78,0.7737063749670721,0.78,0.7608390999957919
16,0.001,128,ReLU,100,0.788,0.7826124929090776,0.788,0.7811402000952512
16,0.001,128,ReLU,300,0.788,0.7826124929090776,0.788,0.8141554999165237
16,0.001,128,ReLU,500,0.788,0.7826124929090776,0.788,1.0275673000141978
16,0.001,128,ReLU,1000,0.788,0.7826124929090776,0.788,0.760731799993664
16,0.001,128,Tanh,50,0.7905,0.7830857479638537,0.7905,0.840242899954319
16,0.001,128,Tanh,100,0.7965000000000001,0.7892830608947907,0.7965,0.7130907999817282
16,0.001,128,Tanh,300,0.7965000000000001,0.7892830608947907,0.7965,0.720039299922064
16,0.001,128,Tanh,500,0.7965000000000001,0.7892830608947907,0.7965,1.1058107998687774
16,0.001,128,Tanh,1000,0.7965000000000001,0.7892830608947907,0.7965,0.7783013000153005
16,0.001,128,Sigmoid,50,0.7304999999999999,0.7154284210530253,0.7305,0.6330917000304908
16,0.001,128,Sigmoid,100,0.753,0.7440363164128145,0.753,1.273486000020057
16,0.001,128,Sigmoid,300,0.753,0.7440363164128145,0.753,0.8657058000098914
16,0.001,128,Sigmoid,500,0.753,0.7440363164128145,0.753,1.3164117999840528
16,0.001,128,Sigmoid,1000,0.753,0.7440363164128145,0.753,1.052291400032118
16,0.001,128,GELU,50,0.78,0.7737063749670721,0.78,0.5225569000467658
16,0.001,128,GELU,100,0.788,0.7826124929090776,0.788,1.231604800093919
16,0.001,128,GELU,300,0.788,0.7826124929090776,0.788,1.2205758998170495
16,0.001,128,GELU,500,0.788,0.7826124929090776,0.788,0.8333725999109447
16,0.001,128,GELU,1000,0.788,0.7826124929090776,0.788,1.1774745001457632
16,0.001,128,Softmax,50,0.7304999999999999,0.7154284210530253,0.7305,0.7266265000216663
16,0.001,128,Softmax,100,0.753,0.7440363164128145,0.753,0.896885999944061
16,0.001,128,Softmax,300,0.753,0.7440363164128145,0.753,1.2529748000670224
16,0.001,128,Softmax,500,0.753,0.7440363164128145,0.753,0.8817944000475109
16,0.001,128,Softmax,1000,0.753,0.7440363164128145,0.753,1.1866969999391586
16,0.0001,8,ReLU,50,0.752,0.7422803281758606,0.752,5.532164700096473
16,0.0001,8,ReLU,100,0.7585,0.7488661575956308,0.7585,8.187681999988854
16,0.0001,8,ReLU,300,0.7585,0.7488661575956308,0.7585,9.887527299812064
16,0.0001,8,ReLU,500,0.7585,0.7488661575956308,0.7585,9.353797199903056
16,0.0001,8,ReLU,1000,0.7585,0.7488661575956308,0.7585,9.894714900059626
16,0.0001,8,Tanh,50,0.777,0.7678930671224379,0.777,5.235713100060821
16,0.0001,8,Tanh,100,0.789,0.7811610110602053,0.789,9.449676899937913
16,0.0001,8,Tanh,300,0.789,0.7811610110602053,0.789,8.918363899923861
16,0.0001,8,Tanh,500,0.789,0.7811610110602053,0.789,9.903949100058526
16,0.0001,8,Tanh,1000,0.789,0.7811610110602053,0.789,9.942877099849284
16,0.0001,8,Sigmoid,50,0.6990000000000001,0.6670918128683719,0.699,5.114607400028035
16,0.0001,8,Sigmoid,100,0.7110000000000001,0.6862430785176837,0.711,9.700560600031167
16,0.0001,8,Sigmoid,300,0.7110000000000001,0.6862430785176837,0.711,9.718697599833831
16,0.0001,8,Sigmoid,500,0.7110000000000001,0.6862430785176837,0.711,11.976779700024053
16,0.0001,8,Sigmoid,1000,0.7110000000000001,0.6862430785176837,0.711,9.555098900105804
16,0.0001,8,GELU,50,0.752,0.7422803281758606,0.752,6.448871300090104
16,0.0001,8,GELU,100,0.7585,0.7488661575956308,0.7585,10.780267699854448
16,0.0001,8,GELU,300,0.7585,0.7488661575956308,0.7585,9.989319999935105
16,0.0001,8,GELU,500,0.7585,0.7488661575956308,0.7585,11.011083099991083
16,0.0001,8,GELU,1000,0.7585,0.7488661575956308,0.7585,10.282417299924418
16,0.0001,8,Softmax,50,0.6990000000000001,0.6670918128683719,0.699,6.507134000072256
16,0.0001,8,Softmax,100,0.7110000000000001,0.6862430785176837,0.711,10.807557700201869
16,0.0001,8,Softmax,300,0.7110000000000001,0.6862430785176837,0.711,10.067678299965337
16,0.0001,8,Softmax,500,0.7110000000000001,0.6862430785176837,0.711,11.02931290003471
16,0.0001,8,Softmax,1000,0.7110000000000001,0.6862430785176837,0.711,10.441200000001118
16,0.0001,16,ReLU,50,0.7234999999999999,0.7107354780956298,0.7235,3.1612996999174356
16,0.0001,16,ReLU,100,0.7535000000000001,0.7445240776509884,0.7535,6.22666130005382
16,0.0001,16,ReLU,300,0.7535000000000001,0.7445240776509884,0.7535,6.188294799998403
16,0.0001,16,ReLU,500,0.7535000000000001,0.7445240776509884,0.7535,5.672796299913898
16,0.0001,16,ReLU,1000,0.7535000000000001,0.7445240776509884,0.7535,4.711497399955988
16,0.0001,16,Tanh,50,0.7315,0.7195410128141996,0.7315,3.7123332999181002
16,0.0001,16,Tanh,100,0.775,0.765604297388234,0.775,5.4147240000311285
16,0.0001,16,Tanh,300,0.7745,0.7649122805850335,0.7745,5.856637400109321
16,0.0001,16,Tanh,500,0.7745,0.7649122805850335,0.7745,5.929303199984133
16,0.0001,16,Tanh,1000,0.7745,0.7649122805850335,0.7745,6.345885599963367
16,0.0001,16,Sigmoid,50,0.658,0.6193899375502687,0.658,3.3359993000049144
16,0.0001,16,Sigmoid,100,0.7020000000000001,0.6728210978242825,0.702,6.078359600156546
16,0.0001,16,Sigmoid,300,0.704,0.6770894467312112,0.704,6.624216699972749
16,0.0001,16,Sigmoid,500,0.704,0.6770894467312112,0.704,6.976496099960059
16,0.0001,16,Sigmoid,1000,0.704,0.6770894467312112,0.704,6.976459699915722
16,0.0001,16,GELU,50,0.7234999999999999,0.7107354780956298,0.7235,3.2485174001194537
16,0.0001,16,GELU,100,0.7535000000000001,0.7445240776509884,0.7535,4.682562600122765
16,0.0001,16,GELU,300,0.7535000000000001,0.7445240776509884,0.7535,4.475914299953729
16,0.0001,16,GELU,500,0.7535000000000001,0.7445240776509884,0.7535,5.023827299941331
16,0.0001,16,GELU,1000,0.7535000000000001,0.7445240776509884,0.7535,4.994687900179997
16,0.0001,16,Softmax,50,0.658,0.6193899375502687,0.658,3.4617542000487447
16,0.0001,16,Softmax,100,0.7020000000000001,0.6728210978242825,0.702,5.853845000034198
16,0.0001,16,Softmax,300,0.704,0.6770894467312112,0.704,7.447085999883711
16,0.0001,16,Softmax,500,0.704,0.6770894467312112,0.704,6.5850155998487025
16,0.0001,16,Softmax,1000,0.704,0.6770894467312112,0.704,7.2541275001131
16,0.0001,32,ReLU,50,0.655,0.6350093870547756,0.655,1.3954830998554826
16,0.0001,32,ReLU,100,0.721,0.7081748755386157,0.721,3.1580938999541104
16,0.0001,32,ReLU,300,0.7285,0.7163830450181796,0.7285,3.779427800094709
16,0.0001,32,ReLU,500,0.7285,0.7163830450181796,0.7285,3.5727820000611246
16,0.0001,32,ReLU,1000,0.7285,0.7163830450181796,0.7285,3.938494300004095
16,0.0001,32,Tanh,50,0.6720000000000002,0.6605442520090321,0.672,1.711985999951139
16,0.0001,32,Tanh,100,0.729,0.7187756758505407,0.729,3.3897614998277277
16,0.0001,32,Tanh,300,0.7305,0.7201418138828799,0.7305,3.5901269998867065
16,0.0001,32,Tanh,500,0.7305,0.7201418138828799,0.7305,3.2080527001526207
16,0.0001,32,Tanh,1000,0.7305,0.7201418138828799,0.7305,3.1209546998143196
16,0.0001,32,Sigmoid,50,0.5695,0.5360289549287967,0.5695,1.9118709999602288
16,0.0001,32,Sigmoid,100,0.6645000000000001,0.6262714127563258,0.6645,2.814756300067529
16,0.0001,32,Sigmoid,300,0.6665,0.6290499502289366,0.6665,3.2194642999675125
16,0.0001,32,Sigmoid,500,0.6665,0.6290499502289366,0.6665,3.803773800143972
16,0.0001,32,Sigmoid,1000,0.6665,0.6290499502289366,0.6665,3.1599586000666022
16,0.0001,32,GELU,50,0.655,0.6350093870547756,0.655,1.672515599988401
16,0.0001,32,GELU,100,0.721,0.7081748755386157,0.721,2.886600599857047
16,0.0001,32,GELU,300,0.7285,0.7163830450181796,0.7285,3.5196449998766184
16,0.0001,32,GELU,500,0.7285,0.7163830450181796,0.7285,4.150770700071007
16,0.0001,32,GELU,1000,0.7285,0.7163830450181796,0.7285,3.702185000060126
16,0.0001,32,Softmax,50,0.5695,0.5360289549287967,0.5695,1.809519900009036
16,0.0001,32,Softmax,100,0.6645000000000001,0.6262714127563258,0.6645,2.906455999938771
16,0.0001,32,Softmax,300,0.6665,0.6290499502289366,0.6665,3.1732884000521153
16,0.0001,32,Softmax,500,0.6665,0.6290499502289366,0.6665,3.8269096999429166
16,0.0001,32,Softmax,1000,0.6665,0.6290499502289366,0.6665,3.3890944998711348
16,0.0001,64,ReLU,50,0.505,0.4861714874932831,0.505,1.033248099964112
16,0.0001,64,ReLU,100,0.6815,0.6658361509406261,0.6815,2.1023532000835985
16,0.0001,64,ReLU,300,0.6975,0.6830560502615384,0.6975,2.510766000021249
16,0.0001,64,ReLU,500,0.6975,0.6830560502615384,0.6975,2.266142299864441
16,0.0001,64,ReLU,1000,0.6975,0.6830560502615384,0.6975,2.4631589998025447
16,0.0001,64,Tanh,50,0.5855,0.5743589375455761,0.5855,0.9744009000714868
16,0.0001,64,Tanh,100,0.6880000000000001,0.6762353256747805,0.688,1.862227400066331
16,0.0001,64,Tanh,300,0.7015,0.6900292936390596,0.7015,2.4356035999953747
16,0.0001,64,Tanh,500,0.7015,0.6900292936390596,0.7015,2.3008189001120627
16,0.0001,64,Tanh,1000,0.7015,0.6900292936390596,0.7015,2.686844800133258
16,0.0001,64,Sigmoid,50,0.22199999999999998,0.19744189098963355,0.222,0.9255317999050021
16,0.0001,64,Sigmoid,100,0.29400000000000004,0.31091824045465427,0.294,1.6338804000988603
16,0.0001,64,Sigmoid,300,0.31300000000000006,0.33805770029306725,0.313,2.5106021999381483
16,0.0001,64,Sigmoid,500,0.31300000000000006,0.33805770029306725,0.313,2.640099799958989
16,0.0001,64,Sigmoid,1000,0.31300000000000006,0.33805770029306725,0.313,2.4264704999513924
16,0.0001,64,GELU,50,0.505,0.4861714874932831,0.505,1.0996568999253213
16,0.0001,64,GELU,100,0.6815,0.6658361509406261,0.6815,1.9413153999485075
16,0.0001,64,GELU,300,0.6975,0.6830560502615384,0.6975,2.642790799960494
16,0.0001,64,GELU,500,0.6975,0.6830560502615384,0.6975,2.68965100008063
16,0.0001,64,GELU,1000,0.6975,0.6830560502615384,0.6975,2.80640699993819
16,0.0001,64,Softmax,50,0.22199999999999998,0.19744189098963355,0.222,0.9856930000241846
16,0.0001,64,Softmax,100,0.29400000000000004,0.31091824045465427,0.294,1.7127453999128193
16,0.0001,64,Softmax,300,0.31300000000000006,0.33805770029306725,0.313,2.82247869996354
16,0.0001,64,Softmax,500,0.31300000000000006,0.33805770029306725,0.313,2.5081571000628173
16,0.0001,64,Softmax,1000,0.31300000000000006,0.33805770029306725,0.313,2.5972496999893337
16,0.0001,128,ReLU,50,0.1995,0.15541023110682553,0.1995,0.465002000099048
16,0.0001,128,ReLU,100,0.42400000000000004,0.43342099692201713,0.424,0.9200176000595093
16,0.0001,128,ReLU,300,0.504,0.516190815441467,0.504,2.652944599976763
16,0.0001,128,ReLU,500,0.504,0.516190815441467,0.504,2.2818879999686033
16,0.0001,128,ReLU,1000,0.504,0.516190815441467,0.504,2.020306299906224
16,0.0001,128,Tanh,50,0.175,0.1612669196950975,0.175,0.7213957998901606
16,0.0001,128,Tanh,100,0.28300000000000003,0.29311983365681293,0.283,1.132204599911347
16,0.0001,128,Tanh,300,0.2825000000000001,0.2925430508412582,0.2825,1.1574476999230683
16,0.0001,128,Tanh,500,0.2825000000000001,0.2925430508412582,0.2825,0.9737700000405312
16,0.0001,128,Tanh,1000,0.2825000000000001,0.2925430508412582,0.2825,1.2132441999856383
16,0.0001,128,Sigmoid,50,0.11900000000000002,0.06660127384631302,0.119,0.602511600125581
16,0.0001,128,Sigmoid,100,0.14349999999999996,0.10371454240115174,0.1435,1.0082457000389695
16,0.0001,128,Sigmoid,300,0.14349999999999996,0.10371454240115174,0.1435,0.8080938998609781
16,0.0001,128,Sigmoid,500,0.14349999999999996,0.10371454240115174,0.1435,0.8068019000347704
16,0.0001,128,Sigmoid,1000,0.14349999999999996,0.10371454240115174,0.1435,0.6365712999831885
16,0.0001,128,GELU,50,0.1995,0.15541023110682553,0.1995,0.7312052000779659
16,0.0001,128,GELU,100,0.42400000000000004,0.43342099692201713,0.424,1.423028599936515
16,0.0001,128,GELU,300,0.504,0.516190815441467,0.504,2.4616855999920517
16,0.0001,128,GELU,500,0.504,0.516190815441467,0.504,1.7938941000029445
16,0.0001,128,GELU,1000,0.504,0.516190815441467,0.504,1.9092882999684662
16,0.0001,128,Softmax,50,0.11900000000000002,0.06660127384631302,0.119,0.59687490016222
16,0.0001,128,Softmax,100,0.14349999999999996,0.10371454240115174,0.1435,0.8983769998885691
16,0.0001,128,Softmax,300,0.14349999999999996,0.10371454240115174,0.1435,0.7947221000213176
16,0.0001,128,Softmax,500,0.14349999999999996,0.10371454240115174,0.1435,0.6679889000952244
16,0.0001,128,Softmax,1000,0.14349999999999996,0.10371454240115174,0.1435,0.6709348999429494
16,0.00025,8,ReLU,50,0.7805,0.7749669104559164,0.7805,5.281226299935952
16,0.00025,8,ReLU,100,0.78,0.7745447279933826,0.78,6.766264999983832
16,0.00025,8,ReLU,300,0.78,0.7745447279933826,0.78,6.668130199890584
16,0.00025,8,ReLU,500,0.78,0.7745447279933826,0.78,6.853525300044566
16,0.00025,8,ReLU,1000,0.78,0.7745447279933826,0.78,7.223290099995211
16,0.00025,8,Tanh,50,0.8114999999999999,0.8051419663712419,0.8115,5.522552200127393
16,0.00025,8,Tanh,100,0.8099999999999999,0.8035528212084765,0.81,8.103989799972624
16,0.00025,8,Tanh,300,0.8099999999999999,0.8035528212084765,0.81,7.508118099998683
16,0.00025,8,Tanh,500,0.8099999999999999,0.8035528212084765,0.81,7.438044699840248
16,0.00025,8,Tanh,1000,0.8099999999999999,0.8035528212084765,0.81,7.309114400064573
16,0.00025,8,Sigmoid,50,0.7670000000000001,0.7575804130516516,0.767,5.15855269995518
16,0.00025,8,Sigmoid,100,0.77,0.7615766782155952,0.77,8.083714499836788
16,0.00025,8,Sigmoid,300,0.77,0.7615766782155952,0.77,7.959111999953166
16,0.00025,8,Sigmoid,500,0.77,0.7615766782155952,0.77,7.868934700032696
16,0.00025,8,Sigmoid,1000,0.77,0.7615766782155952,0.77,8.818249400006607
16,0.00025,8,GELU,50,0.7805,0.7749669104559164,0.7805,5.329957599984482
16,0.00025,8,GELU,100,0.78,0.7745447279933826,0.78,7.035156200174242
16,0.00025,8,GELU,300,0.78,0.7745447279933826,0.78,6.990981500130147
16,0.00025,8,GELU,500,0.78,0.7745447279933826,0.78,6.686995799886063
16,0.00025,8,GELU,1000,0.78,0.7745447279933826,0.78,6.864915599813685
16,0.00025,8,Softmax,50,0.7670000000000001,0.7575804130516516,0.767,6.499263699864969
16,0.00025,8,Softmax,100,0.77,0.7615766782155952,0.77,7.808619700139388
16,0.00025,8,Softmax,300,0.77,0.7615766782155952,0.77,7.715773900039494
16,0.00025,8,Softmax,500,0.77,0.7615766782155952,0.77,8.13951879995875
16,0.00025,8,Softmax,1000,0.77,0.7615766782155952,0.77,8.132000299869105
16,0.00025,16,ReLU,50,0.7805000000000001,0.7752745491008197,0.7805,3.5182620000559837
16,0.00025,16,ReLU,100,0.7875,0.7825321770160832,0.7875,4.997676800005138
16,0.00025,16,ReLU,300,0.7875,0.7825321770160832,0.7875,4.378150200005621
16,0.00025,16,ReLU,500,0.7875,0.7825321770160832,0.7875,4.348018700024113
16,0.00025,16,ReLU,1000,0.7875,0.7825321770160832,0.7875,4.538303300039843
16,0.00025,16,Tanh,50,0.7995,0.7920160215174178,0.7995,2.771217899862677
16,0.00025,16,Tanh,100,0.8005000000000001,0.7931986119362767,0.8005,3.4203667000401765
16,0.00025,16,Tanh,300,0.8005000000000001,0.7931986119362767,0.8005,3.5347368998918682
16,0.00025,16,Tanh,500,0.8005000000000001,0.7931986119362767,0.8005,3.9911722000688314
16,0.00025,16,Tanh,1000,0.8005000000000001,0.7931986119362767,0.8005,3.878317499998957
16,0.00025,16,Sigmoid,50,0.7425,0.7284862379914799,0.7425,3.816381099866703
16,0.00025,16,Sigmoid,100,0.7635000000000001,0.7547020866745788,0.7635,4.737451500026509
16,0.00025,16,Sigmoid,300,0.7635000000000001,0.7547020866745788,0.7635,4.779270799830556
16,0.00025,16,Sigmoid,500,0.7635000000000001,0.7547020866745788,0.7635,4.9421983999200165
16,0.00025,16,Sigmoid,1000,0.7635000000000001,0.7547020866745788,0.7635,5.549008199945092
16,0.00025,16,GELU,50,0.7805000000000001,0.7752745491008197,0.7805,3.2742447999771684
16,0.00025,16,GELU,100,0.7875,0.7825321770160832,0.7875,4.96546410000883
16,0.00025,16,GELU,300,0.7875,0.7825321770160832,0.7875,4.767540200147778
16,0.00025,16,GELU,500,0.7875,0.7825321770160832,0.7875,4.477234999882057
16,0.00025,16,GELU,1000,0.7875,0.7825321770160832,0.7875,4.361083299852908
16,0.00025,16,Softmax,50,0.7425,0.7284862379914799,0.7425,3.56266549997963
16,0.00025,16,Softmax,100,0.7635000000000001,0.7547020866745788,0.7635,5.257164099952206
16,0.00025,16,Softmax,300,0.7635000000000001,0.7547020866745788,0.7635,4.909594299970195
16,0.00025,16,Softmax,500,0.7635000000000001,0.7547020866745788,0.7635,5.668099800124764
16,0.00025,16,Softmax,1000,0.7635000000000001,0.7547020866745788,0.7635,5.06437879987061
16,0.00025,32,ReLU,50,0.7575000000000001,0.749271771045289,0.7575,1.475279700011015
16,0.00025,32,ReLU,100,0.7675,0.7599528402727523,0.7675,2.9305111998692155
16,0.00025,32,ReLU,300,0.7675,0.7599528402727523,0.7675,2.6106420001015067
16,0.00025,32,ReLU,500,0.7675,0.7599528402727523,0.7675,2.8003652999177575
16,0.00025,32,ReLU,1000,0.7675,0.7599528402727523,0.7675,2.9292439999990165
16,0.00025,32,Tanh,50,0.78,0.7712732004315116,0.78,2.0588175000157207
16,0.00025,32,Tanh,100,0.7945,0.78645473003003,0.7945,2.9326606998220086
16,0.00025,32,Tanh,300,0.7945,0.78645473003003,0.7945,2.9332438001874834
16,0.00025,32,Tanh,500,0.7945,0.78645473003003,0.7945,2.921060899971053
16,0.00025,32,Tanh,1000,0.7945,0.78645473003003,0.7945,2.6508710000198334
16,0.00025,32,Sigmoid,50,0.6960000000000001,0.664382186513633,0.696,2.1004057000391185
16,0.00025,32,Sigmoid,100,0.7260000000000001,0.7072250641159666,0.726,3.056177099933848
16,0.00025,32,Sigmoid,300,0.7275,0.7096238739327294,0.7275,3.6668207000475377
16,0.00025,32,Sigmoid,500,0.7275,0.7096238739327294,0.7275,3.3937115999870002
16,0.00025,32,Sigmoid,1000,0.7275,0.7096238739327294,0.7275,3.5665436999406666
16,0.00025,32,GELU,50,0.7575000000000001,0.749271771045289,0.7575,1.8917332000564784
16,0.00025,32,GELU,100,0.7675,0.7599528402727523,0.7675,2.590321999974549
16,0.00025,32,GELU,300,0.7675,0.7599528402727523,0.7675,2.4232287001796067
16,0.00025,32,GELU,500,0.7675,0.7599528402727523,0.7675,2.6164730000309646
16,0.00025,32,GELU,1000,0.7675,0.7599528402727523,0.7675,2.518780400045216
16,0.00025,32,Softmax,50,0.6960000000000001,0.664382186513633,0.696,1.7906217998825014
16,0.00025,32,Softmax,100,0.7260000000000001,0.7072250641159666,0.726,3.3866304999683052
16,0.00025,32,Softmax,300,0.7275,0.7096238739327294,0.7275,3.5659258000086993
16,0.00025,32,Softmax,500,0.7275,0.7096238739327294,0.7275,3.623870200011879
16,0.00025,32,Softmax,1000,0.7275,0.7096238739327294,0.7275,3.2259694000240415
16,0.00025,64,ReLU,50,0.7105,0.6977294268778671,0.7105,1.0901044998317957
16,0.00025,64,ReLU,100,0.738,0.7276231998400954,0.738,1.6840802999213338
16,0.00025,64,ReLU,300,0.738,0.7276231998400954,0.738,1.9989521000534296
16,0.00025,64,ReLU,500,0.738,0.7276231998400954,0.738,1.636448600096628
16,0.00025,64,ReLU,1000,0.738,0.7276231998400954,0.738,1.7753630999941379
16,0.00025,64,Tanh,50,0.7285,0.7179884791094705,0.7285,1.0987404000479728
16,0.00025,64,Tanh,100,0.7685,0.759722805110548,0.7685,1.9165205999743193
16,0.00025,64,Tanh,300,0.7685,0.759722805110548,0.7685,1.9565741999540478
16,0.00025,64,Tanh,500,0.7685,0.759722805110548,0.7685,2.0927329000551254
16,0.00025,64,Tanh,1000,0.7685,0.759722805110548,0.7685,2.8651924000587314
16,0.00025,64,Sigmoid,50,0.6369999999999999,0.5991749647739393,0.637,1.0634369000326842
16,0.00025,64,Sigmoid,100,0.6890000000000001,0.6599628594227488,0.689,1.8775363001041114
16,0.00025,64,Sigmoid,300,0.69,0.6630508004578914,0.69,1.9646255001425743
16,0.00025,64,Sigmoid,500,0.69,0.6630508004578914,0.69,1.9301809999160469
16,0.00025,64,Sigmoid,1000,0.69,0.6630508004578914,0.69,2.1044720001518726
16,0.00025,64,GELU,50,0.7105,0.6977294268778671,0.7105,1.5104970999527723
16,0.00025,64,GELU,100,0.738,0.7276231998400954,0.738,1.5926131999585778
16,0.00025,64,GELU,300,0.738,0.7276231998400954,0.738,1.5282999000046402
16,0.00025,64,GELU,500,0.738,0.7276231998400954,0.738,1.5768723001237959
16,0.00025,64,GELU,1000,0.738,0.7276231998400954,0.738,1.4442787999287248
16,0.00025,64,Softmax,50,0.6369999999999999,0.5991749647739393,0.637,0.7770373998209834
16,0.00025,64,Softmax,100,0.6890000000000001,0.6599628594227488,0.689,1.5744065002072603
16,0.00025,64,Softmax,300,0.69,0.6630508004578914,0.69,1.8480444999877363
16,0.00025,64,Softmax,500,0.69,0.6630508004578914,0.69,3.060827099950984
16,0.00025,64,Softmax,1000,0.69,0.6630508004578914,0.69,2.0649270999711007
16,0.00025,128,ReLU,50,0.6184999999999999,0.5964866687326965,0.6185,0.5391313000582159
16,0.00025,128,ReLU,100,0.7205,0.7091607169635756,0.7205,1.028459400171414
16,0.00025,128,ReLU,300,0.7250000000000001,0.7136351680408539,0.725,1.1517412001267076
16,0.00025,128,ReLU,500,0.7250000000000001,0.7136351680408539,0.725,1.1760593000799417
16,0.00025,128,ReLU,1000,0.7250000000000001,0.7136351680408539,0.725,1.1202052000444382
16,0.00025,128,Tanh,50,0.6569999999999999,0.6459966980901226,0.657,0.5104499999433756
16,0.00025,128,Tanh,100,0.7374999999999999,0.7271005745559351,0.7375,0.9638571999967098
16,0.00025,128,Tanh,300,0.752,0.7434940055159223,0.752,1.7191840000450611
16,0.00025,128,Tanh,500,0.752,0.7434940055159223,0.752,2.2875005998648703
16,0.00025,128,Tanh,1000,0.752,0.7434940055159223,0.752,1.5801152000203729
16,0.00025,128,Sigmoid,50,0.5109999999999999,0.47431598645957485,0.511,0.5468001000117511
16,0.00025,128,Sigmoid,100,0.6395,0.6025114464503992,0.6395,1.0375993999186903
16,0.00025,128,Sigmoid,300,0.6514999999999999,0.6162420769369994,0.6515,1.3300077999010682
16,0.00025,128,Sigmoid,500,0.6514999999999999,0.6162420769369994,0.6515,1.289193999953568
16,0.00025,128,Sigmoid,1000,0.6514999999999999,0.6162420769369994,0.6515,1.2266718000173569
16,0.00025,128,GELU,50,0.6184999999999999,0.5964866687326965,0.6185,0.5139744998887181
16,0.00025,128,GELU,100,0.7205,0.7091607169635756,0.7205,0.9162893001921475
16,0.00025,128,GELU,300,0.7250000000000001,0.7136351680408539,0.725,1.5139715000987053
16,0.00025,128,GELU,500,0.7250000000000001,0.7136351680408539,0.725,1.8550855000503361
16,0.00025,128,GELU,1000,0.7250000000000001,0.7136351680408539,0.725,1.3980390999931842
16,0.00025,128,Softmax,50,0.5109999999999999,0.47431598645957485,0.511,0.6108155001420528
16,0.00025,128,Softmax,100,0.6395,0.6025114464503992,0.6395,1.1201943000778556
16,0.00025,128,Softmax,300,0.6514999999999999,0.6162420769369994,0.6515,1.3268715001177043
16,0.00025,128,Softmax,500,0.6514999999999999,0.6162420769369994,0.6515,1.2867481000721455
16,0.00025,128,Softmax,1000,0.6514999999999999,0.6162420769369994,0.6515,1.2707117998506874
32,0.01,8,ReLU,50,0.8284999999999998,0.8241163607992588,0.8285,3.540984199848026
32,0.01,8,ReLU,100,0.8284999999999998,0.8241163607992588,0.8285,5.009504799963906
32,0.01,8,ReLU,300,0.8284999999999998,0.8241163607992588,0.8285,3.345062900101766
32,0.01,8,ReLU,500,0.8284999999999998,0.8241163607992588,0.8285,4.872549999970943
32,0.01,8,ReLU,1000,0.8284999999999998,0.8241163607992588,0.8285,3.5355380000546575
32,0.01,8,Tanh,50,0.82,0.8107552428527374,0.82,2.653813499957323
32,0.01,8,Tanh,100,0.82,0.8107552428527374,0.82,4.368510799948126
32,0.01,8,Tanh,300,0.82,0.8107552428527374,0.82,2.676111799897626
32,0.01,8,Tanh,500,0.82,0.8107552428527374,0.82,2.5850058998912573
32,0.01,8,Tanh,1000,0.82,0.8107552428527374,0.82,3.8860484999604523
32,0.01,8,Sigmoid,50,0.8385000000000001,0.8187352124314817,0.8385,2.8621418999973685
32,0.01,8,Sigmoid,100,0.8385000000000001,0.8187352124314817,0.8385,2.9846913998480886
32,0.01,8,Sigmoid,300,0.8385000000000001,0.8187352124314817,0.8385,3.9732625999022275
32,0.01,8,Sigmoid,500,0.8385000000000001,0.8187352124314817,0.8385,2.893416600069031
32,0.01,8,Sigmoid,1000,0.8385000000000001,0.8187352124314817,0.8385,2.840051000006497
32,0.01,8,GELU,50,0.8284999999999998,0.8241163607992588,0.8285,4.469231199938804
32,0.01,8,GELU,100,0.8284999999999998,0.8241163607992588,0.8285,4.651162500027567
32,0.01,8,GELU,300,0.8284999999999998,0.8241163607992588,0.8285,4.63115070015192
32,0.01,8,GELU,500,0.8284999999999998,0.8241163607992588,0.8285,4.071686499984935
32,0.01,8,GELU,1000,0.8284999999999998,0.8241163607992588,0.8285,3.5154752999078482
32,0.01,8,Softmax,50,0.8385000000000001,0.8187352124314817,0.8385,2.6509495000354946
32,0.01,8,Softmax,100,0.8385000000000001,0.8187352124314817,0.8385,2.8322082001250237
32,0.01,8,Softmax,300,0.8385000000000001,0.8187352124314817,0.8385,3.236595100024715
32,0.01,8,Softmax,500,0.8385000000000001,0.8187352124314817,0.8385,2.8315077999141067
32,0.01,8,Softmax,1000,0.8385000000000001,0.8187352124314817,0.8385,2.632725000148639
32,0.01,16,ReLU,50,0.8244999999999999,0.8178747997654735,0.8245,1.2837447999045253
32,0.01,16,ReLU,100,0.8244999999999999,0.8178747997654735,0.8245,1.5985683999024332
32,0.01,16,ReLU,300,0.8244999999999999,0.8178747997654735,0.8245,1.7656108001247048
32,0.01,16,ReLU,500,0.8244999999999999,0.8178747997654735,0.8245,1.5652218000032008
32,0.01,16,ReLU,1000,0.8244999999999999,0.8178747997654735,0.8245,1.4160535000264645
32,0.01,16,Tanh,50,0.8225,0.8148677791779356,0.8225,1.518962100148201
32,0.01,16,Tanh,100,0.8225,0.8148677791779356,0.8225,1.4107017999049276
32,0.01,16,Tanh,300,0.8225,0.8148677791779356,0.8225,1.4099036001134664
32,0.01,16,Tanh,500,0.8225,0.8148677791779356,0.8225,1.430004599969834
32,0.01,16,Tanh,1000,0.8225,0.8148677791779356,0.8225,1.9132553001400083
32,0.01,16,Sigmoid,50,0.8385,0.8159895011794172,0.8385,2.087190299993381
32,0.01,16,Sigmoid,100,0.8385,0.8159895011794172,0.8385,1.7443811998236924
32,0.01,16,Sigmoid,300,0.8385,0.8159895011794172,0.8385,1.6187972999177873
32,0.01,16,Sigmoid,500,0.8385,0.8159895011794172,0.8385,1.5022603999823332
32,0.01,16,Sigmoid,1000,0.8385,0.8159895011794172,0.8385,1.5281613999977708
32,0.01,16,GELU,50,0.8244999999999999,0.8178747997654735,0.8245,1.3695892998948693
32,0.01,16,GELU,100,0.8244999999999999,0.8178747997654735,0.8245,1.1911975999828428
32,0.01,16,GELU,300,0.8244999999999999,0.8178747997654735,0.8245,1.9485627999529243
32,0.01,16,GELU,500,0.8244999999999999,0.8178747997654735,0.8245,1.640093400143087
32,0.01,16,GELU,1000,0.8244999999999999,0.8178747997654735,0.8245,1.4951598001644015
32,0.01,16,Softmax,50,0.8385,0.8159895011794172,0.8385,1.6731018999125808
32,0.01,16,Softmax,100,0.8385,0.8159895011794172,0.8385,1.5841709000524133
32,0.01,16,Softmax,300,0.8385,0.8159895011794172,0.8385,1.5303485000040382
32,0.01,16,Softmax,500,0.8385,0.8159895011794172,0.8385,1.4972618001047522
32,0.01,16,Softmax,1000,0.8385,0.8159895011794172,0.8385,1.95915720006451
32,0.01,32,ReLU,50,0.8295,0.824847013263377,0.8295,1.1742781999055296
32,0.01,32,ReLU,100,0.8295,0.824847013263377,0.8295,0.819478299934417
32,0.01,32,ReLU,300,0.8295,0.824847013263377,0.8295,1.360324899898842
32,0.01,32,ReLU,500,0.8295,0.824847013263377,0.8295,1.267044800100848
32,0.01,32,ReLU,1000,0.8295,0.824847013263377,0.8295,0.80872209998779
32,0.01,32,Tanh,50,0.8375,0.830749509669174,0.8375,1.4188284000847489
32,0.01,32,Tanh,100,0.8375,0.830749509669174,0.8375,1.1216088000219315
32,0.01,32,Tanh,300,0.8375,0.830749509669174,0.8375,1.2694105000700802
32,0.01,32,Tanh,500,0.8375,0.830749509669174,0.8375,1.3556222999468446
32,0.01,32,Tanh,1000,0.8375,0.830749509669174,0.8375,0.9204682998824865
32,0.01,32,Sigmoid,50,0.8320000000000001,0.8177505114058183,0.832,1.7245994999539107
32,0.01,32,Sigmoid,100,0.8320000000000001,0.8177505114058183,0.832,1.3932015001773834
32,0.01,32,Sigmoid,300,0.8320000000000001,0.8177505114058183,0.832,1.582436199998483
32,0.01,32,Sigmoid,500,0.8320000000000001,0.8177505114058183,0.832,1.0774529001209885
32,0.01,32,Sigmoid,1000,0.8320000000000001,0.8177505114058183,0.832,1.4266154000069946
32,0.01,32,GELU,50,0.8295,0.824847013263377,0.8295,1.1054094000719488
32,0.01,32,GELU,100,0.8295,0.824847013263377,0.8295,1.0717553000431508
32,0.01,32,GELU,300,0.8295,0.824847013263377,0.8295,1.41492519993335
32,0.01,32,GELU,500,0.8295,0.824847013263377,0.8295,0.9203652001451701
32,0.01,32,GELU,1000,0.8295,0.824847013263377,0.8295,1.259845499880612
32,0.01,32,Softmax,50,0.8320000000000001,0.8177505114058183,0.832,1.6575306998565793
32,0.01,32,Softmax,100,0.8320000000000001,0.8177505114058183,0.832,1.5550718000158668
32,0.01,32,Softmax,300,0.8320000000000001,0.8177505114058183,0.832,1.2752607001457363
32,0.01,32,Softmax,500,0.8320000000000001,0.8177505114058183,0.832,0.9671746999956667
32,0.01,32,Softmax,1000,0.8320000000000001,0.8177505114058183,0.832,1.0037219000514597
32,0.01,64,ReLU,50,0.8290000000000001,0.8226334906787969,0.829,0.8711074001621455
32,0.01,64,ReLU,100,0.8290000000000001,0.8226334906787969,0.829,0.8542978998739272
32,0.01,64,ReLU,300,0.8290000000000001,0.8226334906787969,0.829,0.8415754998568445
32,0.01,64,ReLU,500,0.8290000000000001,0.8226334906787969,0.829,0.687998800072819
32,0.01,64,ReLU,1000,0.8290000000000001,0.8226334906787969,0.829,0.5650437001604587
32,0.01,64,Tanh,50,0.8324999999999999,0.8226847785290087,0.8325,0.5438892999663949
32,0.01,64,Tanh,100,0.8324999999999999,0.8226847785290087,0.8325,0.5189946000464261
32,0.01,64,Tanh,300,0.8324999999999999,0.8226847785290087,0.8325,0.4688211001921445
32,0.01,64,Tanh,500,0.8324999999999999,0.8226847785290087,0.8325,0.4810408998746425
32,0.01,64,Tanh,1000,0.8324999999999999,0.8226847785290087,0.8325,0.5444275999907404
32,0.01,64,Sigmoid,50,0.8344999999999999,0.8248742472038181,0.8345,1.0006606997922063
32,0.01,64,Sigmoid,100,0.8344999999999999,0.8248742472038181,0.8345,1.0057755000889301
32,0.01,64,Sigmoid,300,0.8344999999999999,0.8248742472038181,0.8345,0.9663287000730634
32,0.01,64,Sigmoid,500,0.8344999999999999,0.8248742472038181,0.8345,0.7405562000349164
32,0.01,64,Sigmoid,1000,0.8344999999999999,0.8248742472038181,0.8345,0.644338799873367
32,0.01,64,GELU,50,0.8290000000000001,0.8226334906787969,0.829,0.5724595999345183
32,0.01,64,GELU,100,0.8290000000000001,0.8226334906787969,0.829,0.5172492999117821
32,0.01,64,GELU,300,0.8290000000000001,0.8226334906787969,0.829,0.5309785997960716
32,0.01,64,GELU,500,0.8290000000000001,0.8226334906787969,0.829,0.554143900051713
32,0.01,64,GELU,1000,0.8290000000000001,0.8226334906787969,0.829,0.47180960001423955
32,0.01,64,Softmax,50,0.8344999999999999,0.8248742472038181,0.8345,0.9859726000577211
32,0.01,64,Softmax,100,0.8344999999999999,0.8248742472038181,0.8345,0.9287376999855042
32,0.01,64,Softmax,300,0.8344999999999999,0.8248742472038181,0.8345,1.0036863000132143
32,0.01,64,Softmax,500,0.8344999999999999,0.8248742472038181,0.8345,0.8390907000284642
32,0.01,64,Softmax,1000,0.8344999999999999,0.8248742472038181,0.8345,0.6627024000044912
32,0.01,128,ReLU,50,0.828,0.8220730669362653,0.828,0.36965800006873906
32,0.01,128,ReLU,100,0.828,0.8220730669362653,0.828,0.3617463998962194
32,0.01,128,ReLU,300,0.828,0.8220730669362653,0.828,0.3451743999030441
32,0.01,128,ReLU,500,0.828,0.8220730669362653,0.828,0.3242806000635028
32,0.01,128,ReLU,1000,0.828,0.8220730669362653,0.828,0.3161166999489069
32,0.01,128,Tanh,50,0.8234999999999999,0.8181354434599113,0.8235,0.38742020004428923
32,0.01,128,Tanh,100,0.8234999999999999,0.8181354434599113,0.8235,0.3639601001050323
32,0.01,128,Tanh,300,0.8234999999999999,0.8181354434599113,0.8235,0.49941129982471466
32,0.01,128,Tanh,500,0.8234999999999999,0.8181354434599113,0.8235,0.6419993001036346
32,0.01,128,Tanh,1000,0.8234999999999999,0.8181354434599113,0.8235,0.6035003999713808
32,0.01,128,Sigmoid,50,0.828,0.8231923670504102,0.828,0.7679326999932528
32,0.01,128,Sigmoid,100,0.828,0.8231923670504102,0.828,0.7605286000762135
32,0.01,128,Sigmoid,300,0.828,0.8231923670504102,0.828,0.6182115999981761
32,0.01,128,Sigmoid,500,0.828,0.8231923670504102,0.828,0.6428217000793666
32,0.01,128,Sigmoid,1000,0.828,0.8231923670504102,0.828,0.5233585999812931
32,0.01,128,GELU,50,0.828,0.8220730669362653,0.828,0.35661010001786053
32,0.01,128,GELU,100,0.828,0.8220730669362653,0.828,0.3644227001350373
32,0.01,128,GELU,300,0.828,0.8220730669362653,0.828,0.36596369999460876
32,0.01,128,GELU,500,0.828,0.8220730669362653,0.828,0.3523528999648988
32,0.01,128,GELU,1000,0.828,0.8220730669362653,0.828,0.34357360005378723
32,0.01,128,Softmax,50,0.828,0.8231923670504102,0.828,0.6689360998570919
32,0.01,128,Softmax,100,0.828,0.8231923670504102,0.828,0.7512439999263734
32,0.01,128,Softmax,300,0.828,0.8231923670504102,0.828,0.5465359999798238
32,0.01,128,Softmax,500,0.828,0.8231923670504102,0.828,0.7993266999255866
32,0.01,128,Softmax,1000,0.828,0.8231923670504102,0.828,0.7082649001386017
32,0.001,8,ReLU,50,0.8280000000000001,0.8240743780092368,0.828,4.96239889995195
32,0.001,8,ReLU,100,0.8280000000000001,0.8240743780092368,0.828,4.478604200063273
32,0.001,8,ReLU,300,0.8280000000000001,0.8240743780092368,0.828,4.464472600026056
32,0.001,8,ReLU,500,0.8280000000000001,0.8240743780092368,0.828,5.0883712999057025
32,0.001,8,ReLU,1000,0.8280000000000001,0.8240743780092368,0.828,5.1500307999085635
32,0.001,8,Tanh,50,0.825,0.821690721339546,0.825,4.523156500188634
32,0.001,8,Tanh,100,0.825,0.821690721339546,0.825,4.337466400116682
32,0.001,8,Tanh,300,0.825,0.821690721339546,0.825,3.975289599969983
32,0.001,8,Tanh,500,0.825,0.821690721339546,0.825,4.0321601999457926
32,0.001,8,Tanh,1000,0.825,0.821690721339546,0.825,3.7984512001276016
32,0.001,8,Sigmoid,50,0.8215,0.8163942837531714,0.8215,4.72217239998281
32,0.001,8,Sigmoid,100,0.8215,0.8163942837531714,0.8215,5.875596300000325
32,0.001,8,Sigmoid,300,0.8215,0.8163942837531714,0.8215,5.516197199933231
32,0.001,8,Sigmoid,500,0.8215,0.8163942837531714,0.8215,6.036492599872872
32,0.001,8,Sigmoid,1000,0.8215,0.8163942837531714,0.8215,5.658171700080857
32,0.001,8,GELU,50,0.8280000000000001,0.8240743780092368,0.828,4.904179400065914
32,0.001,8,GELU,100,0.8280000000000001,0.8240743780092368,0.828,4.512106199981645
32,0.001,8,GELU,300,0.8280000000000001,0.8240743780092368,0.828,4.747365100076422
32,0.001,8,GELU,500,0.8280000000000001,0.8240743780092368,0.828,4.5481431998778135
32,0.001,8,GELU,1000,0.8280000000000001,0.8240743780092368,0.828,4.722121800063178
32,0.001,8,Softmax,50,0.8215,0.8163942837531714,0.8215,5.099915300030261
32,0.001,8,Softmax,100,0.8215,0.8163942837531714,0.8215,5.527660100022331
32,0.001,8,Softmax,300,0.8215,0.8163942837531714,0.8215,5.938410900067538
32,0.001,8,Softmax,500,0.8215,0.8163942837531714,0.8215,5.550512900110334
32,0.001,8,Softmax,1000,0.8215,0.8163942837531714,0.8215,5.250827099895105
32,0.001,16,ReLU,50,0.8295,0.8246853484857521,0.8295,3.752897199941799
32,0.001,16,ReLU,100,0.8295,0.8246853484857521,0.8295,2.5338284000754356
32,0.001,16,ReLU,300,0.8295,0.8246853484857521,0.8295,3.6752559000160545
32,0.001,16,ReLU,500,0.8295,0.8246853484857521,0.8295,2.447368900058791
32,0.001,16,ReLU,1000,0.8295,0.8246853484857521,0.8295,2.4902130998671055
32,0.001,16,Tanh,50,0.8290000000000001,0.8248540111863389,0.829,3.8039408999029547
32,0.001,16,Tanh,100,0.8290000000000001,0.8248540111863389,0.829,2.271393100032583
32,0.001,16,Tanh,300,0.8290000000000001,0.8248540111863389,0.829,2.9547553998418152
32,0.001,16,Tanh,500,0.8290000000000001,0.8248540111863389,0.829,3.334456699900329
32,0.001,16,Tanh,1000,0.8290000000000001,0.8248540111863389,0.829,2.211489799898118
32,0.001,16,Sigmoid,50,0.818,0.8123333286863847,0.818,2.801672999979928
32,0.001,16,Sigmoid,100,0.818,0.8123333286863847,0.818,4.24659140012227
32,0.001,16,Sigmoid,300,0.818,0.8123333286863847,0.818,3.015531799988821
32,0.001,16,Sigmoid,500,0.818,0.8123333286863847,0.818,4.13711729994975
32,0.001,16,Sigmoid,1000,0.818,0.8123333286863847,0.818,3.1365233999677002
32,0.001,16,GELU,50,0.8295,0.8246853484857521,0.8295,3.467489399947226
32,0.001,16,GELU,100,0.8295,0.8246853484857521,0.8295,2.2119425998535007
32,0.001,16,GELU,300,0.8295,0.8246853484857521,0.8295,2.9096609000116587
32,0.001,16,GELU,500,0.8295,0.8246853484857521,0.8295,3.1673774998635054
32,0.001,16,GELU,1000,0.8295,0.8246853484857521,0.8295,2.146382800070569
32,0.001,16,Softmax,50,0.818,0.8123333286863847,0.818,4.397315999958664
32,0.001,16,Softmax,100,0.818,0.8123333286863847,0.818,2.6350398999638855
32,0.001,16,Softmax,300,0.818,0.8123333286863847,0.818,3.180805299896747
32,0.001,16,Softmax,500,0.818,0.8123333286863847,0.818,3.5317824999801815
32,0.001,16,Softmax,1000,0.818,0.8123333286863847,0.818,3.076905199792236
32,0.001,32,ReLU,50,0.8205,0.8155288979105826,0.8205,1.2683027000166476
32,0.001,32,ReLU,100,0.8194999999999999,0.8146162373825417,0.8195,2.629198099952191
32,0.001,32,ReLU,300,0.8194999999999999,0.8146162373825417,0.8195,1.939916100120172
32,0.001,32,ReLU,500,0.8194999999999999,0.8146162373825417,0.8195,2.020100799854845
32,0.001,32,ReLU,1000,0.8194999999999999,0.8146162373825417,0.8195,1.582338800188154
32,0.001,32,Tanh,50,0.8185,0.8146048175512994,0.8185,1.2691631999332458
32,0.001,32,Tanh,100,0.8185,0.8146048175512994,0.8185,1.4251912001054734
32,0.001,32,Tanh,300,0.8185,0.8146048175512994,0.8185,2.3395632000174373
32,0.001,32,Tanh,500,0.8185,0.8146048175512994,0.8185,1.8916822001338005
32,0.001,32,Tanh,1000,0.8185,0.8146048175512994,0.8185,2.2816608999855816
32,0.001,32,Sigmoid,50,0.8109999999999999,0.8049987326151319,0.811,1.5375485999975353
32,0.001,32,Sigmoid,100,0.8095000000000001,0.8036179302268209,0.8095,1.5450434000231326
32,0.001,32,Sigmoid,300,0.8095000000000001,0.8036179302268209,0.8095,2.5750003999564797
32,0.001,32,Sigmoid,500,0.8095000000000001,0.8036179302268209,0.8095,2.4387024000752717
32,0.001,32,Sigmoid,1000,0.8095000000000001,0.8036179302268209,0.8095,2.3266972999554127
32,0.001,32,GELU,50,0.8205,0.8155288979105826,0.8205,1.3873513999860734
32,0.001,32,GELU,100,0.8194999999999999,0.8146162373825417,0.8195,1.5208948000799865
32,0.001,32,GELU,300,0.8194999999999999,0.8146162373825417,0.8195,1.838062700117007
32,0.001,32,GELU,500,0.8194999999999999,0.8146162373825417,0.8195,2.247140300227329
32,0.001,32,GELU,1000,0.8194999999999999,0.8146162373825417,0.8195,1.8917493999470025
32,0.001,32,Softmax,50,0.8109999999999999,0.8049987326151319,0.811,2.0151414000429213
32,0.001,32,Softmax,100,0.8095000000000001,0.8036179302268209,0.8095,1.6418141000904143
32,0.001,32,Softmax,300,0.8095000000000001,0.8036179302268209,0.8095,1.5402679000981152
32,0.001,32,Softmax,500,0.8095000000000001,0.8036179302268209,0.8095,2.6682816001120955
32,0.001,32,Softmax,1000,0.8095000000000001,0.8036179302268209,0.8095,2.618708699941635
32,0.001,64,ReLU,50,0.8099999999999999,0.8057493287802158,0.81,1.1942792001646012
32,0.001,64,ReLU,100,0.8115,0.8071887263186184,0.8115,0.9787190998904407
32,0.001,64,ReLU,300,0.8115,0.8071887263186184,0.8115,1.1381610000971705
32,0.001,64,ReLU,500,0.8115,0.8071887263186184,0.8115,1.436925700167194
32,0.001,64,ReLU,1000,0.8115,0.8071887263186184,0.8115,1.5897145001217723
32,0.001,64,Tanh,50,0.8150000000000001,0.8083000834612089,0.815,1.4853149000555277
32,0.001,64,Tanh,100,0.8139999999999998,0.8073446943390765,0.814,1.6107632000930607
32,0.001,64,Tanh,300,0.8139999999999998,0.8073446943390765,0.814,1.2730575001332909
32,0.001,64,Tanh,500,0.8139999999999998,0.8073446943390765,0.814,1.747304799966514
32,0.001,64,Tanh,1000,0.8139999999999998,0.8073446943390765,0.814,1.7229106999002397
32,0.001,64,Sigmoid,50,0.8029999999999999,0.7958473565125856,0.803,1.4930027001537383
32,0.001,64,Sigmoid,100,0.8025,0.7959904480401797,0.8025,1.678501999936998
32,0.001,64,Sigmoid,300,0.8025,0.7959904480401797,0.8025,1.0698508000932634
32,0.001,64,Sigmoid,500,0.8025,0.7959904480401797,0.8025,1.2561873998492956
32,0.001,64,Sigmoid,1000,0.8025,0.7959904480401797,0.8025,1.7224069000221789
32,0.001,64,GELU,50,0.8099999999999999,0.8057493287802158,0.81,1.4449942999053746
32,0.001,64,GELU,100,0.8115,0.8071887263186184,0.8115,1.4976908001117408
32,0.001,64,GELU,300,0.8115,0.8071887263186184,0.8115,1.2438133999239653
32,0.001,64,GELU,500,0.8115,0.8071887263186184,0.8115,0.9730642999056727
32,0.001,64,GELU,1000,0.8115,0.8071887263186184,0.8115,0.9447949999012053
32,0.001,64,Softmax,50,0.8029999999999999,0.7958473565125856,0.803,1.677770899841562
32,0.001,64,Softmax,100,0.8025,0.7959904480401797,0.8025,1.8031300001312047
32,0.001,64,Softmax,300,0.8025,0.7959904480401797,0.8025,1.8250204999931157
32,0.001,64,Softmax,500,0.8025,0.7959904480401797,0.8025,1.4617501001339406
32,0.001,64,Softmax,1000,0.8025,0.7959904480401797,0.8025,1.0897876000963151
32,0.001,128,ReLU,50,0.8035,0.7979355101740866,0.8035,0.9257201000582427
32,0.001,128,ReLU,100,0.8039999999999999,0.7985945605882161,0.804,1.4380637998692691
32,0.001,128,ReLU,300,0.8039999999999999,0.7985945605882161,0.804,1.2948725000023842
32,0.001,128,ReLU,500,0.8039999999999999,0.7985945605882161,0.804,1.1725094001740217
32,0.001,128,ReLU,1000,0.8039999999999999,0.7985945605882161,0.804,1.1502122001256794
32,0.001,128,Tanh,50,0.8035,0.7966287483217124,0.8035,0.7553524000104517
32,0.001,128,Tanh,100,0.8039999999999999,0.797059347167118,0.804,0.7979530000593513
32,0.001,128,Tanh,300,0.8039999999999999,0.797059347167118,0.804,0.7217506000306457
32,0.001,128,Tanh,500,0.8039999999999999,0.797059347167118,0.804,0.6880618000868708
32,0.001,128,Tanh,1000,0.8039999999999999,0.797059347167118,0.804,0.6366447999607772
32,0.001,128,Sigmoid,50,0.7714999999999999,0.7632416213397806,0.7715,0.874685499817133
32,0.001,128,Sigmoid,100,0.7785,0.7701585791086952,0.7785,1.310726399999112
32,0.001,128,Sigmoid,300,0.7785,0.7701585791086952,0.7785,1.3119909001979977
32,0.001,128,Sigmoid,500,0.7785,0.7701585791086952,0.7785,1.260474800132215
32,0.001,128,Sigmoid,1000,0.7785,0.7701585791086952,0.7785,1.2272922000847757
32,0.001,128,GELU,50,0.8035,0.7979355101740866,0.8035,0.8537140002008528
32,0.001,128,GELU,100,0.8039999999999999,0.7985945605882161,0.804,1.1389718998689204
32,0.001,128,GELU,300,0.8039999999999999,0.7985945605882161,0.804,0.8493190000299364
32,0.001,128,GELU,500,0.8039999999999999,0.7985945605882161,0.804,0.7535645999014378
32,0.001,128,GELU,1000,0.8039999999999999,0.7985945605882161,0.804,0.782492300029844
32,0.001,128,Softmax,50,0.7714999999999999,0.7632416213397806,0.7715,0.8711856999434531
32,0.001,128,Softmax,100,0.7785,0.7701585791086952,0.7785,1.3224081001244485
32,0.001,128,Softmax,300,0.7785,0.7701585791086952,0.7785,1.1554833000991493
32,0.001,128,Softmax,500,0.7785,0.7701585791086952,0.7785,1.080339299980551
32,0.001,128,Softmax,1000,0.7785,0.7701585791086952,0.7785,0.9894795999862254
32,0.0001,8,ReLU,50,0.7945,0.7868430981694637,0.7945,6.269807799952105
32,0.0001,8,ReLU,100,0.7950000000000002,0.7873770806452801,0.795,8.536401100223884
32,0.0001,8,ReLU,300,0.7950000000000002,0.7873770806452801,0.795,8.16208939999342
32,0.0001,8,ReLU,500,0.7950000000000002,0.7873770806452801,0.795,7.716034899931401
32,0.0001,8,ReLU,1000,0.7950000000000002,0.7873770806452801,0.795,7.291456199949607
32,0.0001,8,Tanh,50,0.784,0.7754807292181087,0.784,4.170013600029051
32,0.0001,8,Tanh,100,0.784,0.7754807292181087,0.784,5.444687800016254
32,0.0001,8,Tanh,300,0.784,0.7754807292181087,0.784,5.990111199906096
32,0.0001,8,Tanh,500,0.784,0.7754807292181087,0.784,4.3402378000319
32,0.0001,8,Tanh,1000,0.784,0.7754807292181087,0.784,5.323519199853763
32,0.0001,8,Sigmoid,50,0.756,0.7429523059306332,0.756,5.177740699844435
32,0.0001,8,Sigmoid,100,0.7629999999999999,0.7505168121752521,0.763,10.000237499829382
32,0.0001,8,Sigmoid,300,0.764,0.7513624032219066,0.764,10.689383199904114
32,0.0001,8,Sigmoid,500,0.764,0.7513624032219066,0.764,11.809008999960497
32,0.0001,8,Sigmoid,1000,0.764,0.7513624032219066,0.764,11.726793999783695
32,0.0001,8,GELU,50,0.7945,0.7868430981694637,0.7945,6.300852900138125
32,0.0001,8,GELU,100,0.7950000000000002,0.7873770806452801,0.795,8.261614399962127
32,0.0001,8,GELU,300,0.7950000000000002,0.7873770806452801,0.795,7.5260993000119925
32,0.0001,8,GELU,500,0.7950000000000002,0.7873770806452801,0.795,7.923192200018093
32,0.0001,8,GELU,1000,0.7950000000000002,0.7873770806452801,0.795,7.274838600074872
32,0.0001,8,Softmax,50,0.756,0.7429523059306332,0.756,5.696449800161645
32,0.0001,8,Softmax,100,0.7629999999999999,0.7505168121752521,0.763,10.397794799879193
32,0.0001,8,Softmax,300,0.764,0.7513624032219066,0.764,11.520345499971882
32,0.0001,8,Softmax,500,0.764,0.7513624032219066,0.764,10.914117000065744
32,0.0001,8,Softmax,1000,0.764,0.7513624032219066,0.764,10.680748400045559
32,0.0001,16,ReLU,50,0.7710000000000001,0.7602604291514259,0.771,3.212359400000423
32,0.0001,16,ReLU,100,0.7775000000000001,0.7678363707931252,0.7775,5.133966299938038
32,0.0001,16,ReLU,300,0.7775000000000001,0.7678363707931252,0.7775,5.429179099854082
32,0.0001,16,ReLU,500,0.7775000000000001,0.7678363707931252,0.7775,5.189941099844873
32,0.0001,16,ReLU,1000,0.7775000000000001,0.7678363707931252,0.7775,5.149036300135776
32,0.0001,16,Tanh,50,0.769,0.7579729030935579,0.769,3.0663761000614613
32,0.0001,16,Tanh,100,0.769,0.7579729030935579,0.769,3.519406200153753
32,0.0001,16,Tanh,300,0.769,0.7579729030935579,0.769,3.565744200022891
32,0.0001,16,Tanh,500,0.769,0.7579729030935579,0.769,3.104756700107828
32,0.0001,16,Tanh,1000,0.769,0.7579729030935579,0.769,3.372977799968794
32,0.0001,16,Sigmoid,50,0.7144999999999999,0.696733810625867,0.7145,3.2699601999484003
32,0.0001,16,Sigmoid,100,0.7545,0.7406589257816052,0.7545,5.782742599956691
32,0.0001,16,Sigmoid,300,0.7545,0.7406589257816052,0.7545,7.223562400089577
32,0.0001,16,Sigmoid,500,0.7545,0.7406589257816052,0.7545,7.080985200125724
32,0.0001,16,Sigmoid,1000,0.7545,0.7406589257816052,0.7545,5.2933082999661565
32,0.0001,16,GELU,50,0.7710000000000001,0.7602604291514259,0.771,4.093475200003013
32,0.0001,16,GELU,100,0.7775000000000001,0.7678363707931252,0.7775,5.16433300008066
32,0.0001,16,GELU,300,0.7775000000000001,0.7678363707931252,0.7775,5.332657499937341
32,0.0001,16,GELU,500,0.7775000000000001,0.7678363707931252,0.7775,6.681574300164357
32,0.0001,16,GELU,1000,0.7775000000000001,0.7678363707931252,0.7775,5.309550900012255
32,0.0001,16,Softmax,50,0.7144999999999999,0.696733810625867,0.7145,2.5643742999527603
32,0.0001,16,Softmax,100,0.7545,0.7406589257816052,0.7545,5.885900699999183
32,0.0001,16,Softmax,300,0.7545,0.7406589257816052,0.7545,5.440391800133511
32,0.0001,16,Softmax,500,0.7545,0.7406589257816052,0.7545,5.685037299990654
32,0.0001,16,Softmax,1000,0.7545,0.7406589257816052,0.7545,5.9343028999865055
32,0.0001,32,ReLU,50,0.7509999999999999,0.7358572198747735,0.751,2.0339272001292557
32,0.0001,32,ReLU,100,0.761,0.7484211979642399,0.761,3.6307610999792814
32,0.0001,32,ReLU,300,0.761,0.7484211979642399,0.761,2.816106699872762
32,0.0001,32,ReLU,500,0.761,0.7484211979642399,0.761,4.046995299868286
32,0.0001,32,ReLU,1000,0.761,0.7484211979642399,0.761,2.6082470000255853
32,0.0001,32,Tanh,50,0.763,0.750706627057127,0.763,2.6561917001381516
32,0.0001,32,Tanh,100,0.7735,0.7631804069170839,0.7735,2.858297700062394
32,0.0001,32,Tanh,300,0.7735,0.7631804069170839,0.7735,2.415250499965623
32,0.0001,32,Tanh,500,0.7735,0.7631804069170839,0.7735,3.6386469998396933
32,0.0001,32,Tanh,1000,0.7735,0.7631804069170839,0.7735,2.2425147998146713
32,0.0001,32,Sigmoid,50,0.636,0.6038235327110564,0.636,1.5308185000903904
32,0.0001,32,Sigmoid,100,0.727,0.7099972634941526,0.727,4.7235386001411825
32,0.0001,32,Sigmoid,300,0.733,0.7163159985995221,0.733,4.008275500033051
32,0.0001,32,Sigmoid,500,0.733,0.7163159985995221,0.733,5.245592300081626
32,0.0001,32,Sigmoid,1000,0.733,0.7163159985995221,0.733,4.495432100025937
32,0.0001,32,GELU,50,0.7509999999999999,0.7358572198747735,0.751,2.1561400999780744
32,0.0001,32,GELU,100,0.761,0.7484211979642399,0.761,2.5093068999703974
32,0.0001,32,GELU,300,0.761,0.7484211979642399,0.761,3.2059648998547345
32,0.0001,32,GELU,500,0.761,0.7484211979642399,0.761,3.29852609988302
32,0.0001,32,GELU,1000,0.761,0.7484211979642399,0.761,2.5061472000088543
32,0.0001,32,Softmax,50,0.636,0.6038235327110564,0.636,2.0608519001398236
32,0.0001,32,Softmax,100,0.727,0.7099972634941526,0.727,4.469390900107101
32,0.0001,32,Softmax,300,0.733,0.7163159985995221,0.733,3.9050608999095857
32,0.0001,32,Softmax,500,0.733,0.7163159985995221,0.733,5.248510699952021
32,0.0001,32,Softmax,1000,0.733,0.7163159985995221,0.733,4.156252600019798
32,0.0001,64,ReLU,50,0.681,0.6587276731360825,0.681,1.6360074998810887
32,0.0001,64,ReLU,100,0.7484999999999999,0.7333042421807139,0.7485,2.0535889000166208
32,0.0001,64,ReLU,300,0.7525,0.7388287476194322,0.7525,2.416509100003168
32,0.0001,64,ReLU,500,0.7525,0.7388287476194322,0.7525,4.032077000010759
32,0.0001,64,ReLU,1000,0.7525,0.7388287476194322,0.7525,2.464244700036943
32,0.0001,64,Tanh,50,0.7030000000000001,0.6823752175590345,0.703,0.8373034000396729
32,0.0001,64,Tanh,100,0.7585,0.7462263745411855,0.7585,1.727855100063607
32,0.0001,64,Tanh,300,0.7585,0.7462263745411855,0.7585,3.0796529001090676
32,0.0001,64,Tanh,500,0.7585,0.7462263745411855,0.7585,2.0421214001253247
32,0.0001,64,Tanh,1000,0.7585,0.7462263745411855,0.7585,1.6902912000659853
32,0.0001,64,Sigmoid,50,0.5335,0.46848440494039656,0.5335,1.1319520000834018
32,0.0001,64,Sigmoid,100,0.653,0.6247493829517548,0.653,2.892190100159496
32,0.0001,64,Sigmoid,300,0.681,0.6584493912984126,0.681,2.6779344000387937
32,0.0001,64,Sigmoid,500,0.681,0.6584493912984126,0.681,2.6479978000279516
32,0.0001,64,Sigmoid,1000,0.681,0.6584493912984126,0.681,4.375387799926102
32,0.0001,64,GELU,50,0.681,0.6587276731360825,0.681,0.927036200184375
32,0.0001,64,GELU,100,0.7484999999999999,0.7333042421807139,0.7485,1.5968175001908094
32,0.0001,64,GELU,300,0.7525,0.7388287476194322,0.7525,3.031817000126466
32,0.0001,64,GELU,500,0.7525,0.7388287476194322,0.7525,3.2955505999270827
32,0.0001,64,GELU,1000,0.7525,0.7388287476194322,0.7525,2.7218748999293894
32,0.0001,64,Softmax,50,0.5335,0.46848440494039656,0.5335,1.3895064000971615
32,0.0001,64,Softmax,100,0.653,0.6247493829517548,0.653,1.6567965000867844
32,0.0001,64,Softmax,300,0.681,0.6584493912984126,0.681,2.821444599889219
32,0.0001,64,Softmax,500,0.681,0.6584493912984126,0.681,2.3368454999290407
32,0.0001,64,Softmax,1000,0.681,0.6584493912984126,0.681,2.857796600088477
32,0.0001,128,ReLU,50,0.56,0.50322320997967,0.56,0.5769697998184711
32,0.0001,128,ReLU,100,0.713,0.6944581608328576,0.713,1.0863858999218792
32,0.0001,128,ReLU,300,0.7245,0.7072307821548262,0.7245,1.7657941000070423
32,0.0001,128,ReLU,500,0.7245,0.7072307821548262,0.7245,1.8763837001752108
32,0.0001,128,ReLU,1000,0.7245,0.7072307821548262,0.7245,1.4266081000678241
32,0.0001,128,Tanh,50,0.5814999999999999,0.5393606763133628,0.5815,1.2439747999887913
32,0.0001,128,Tanh,100,0.7035000000000001,0.6831193702078845,0.7035,1.3562745999079198
32,0.0001,128,Tanh,300,0.716,0.6969005447618409,0.716,1.3053588001057506
32,0.0001,128,Tanh,500,0.716,0.6969005447618409,0.716,1.7605646001175046
32,0.0001,128,Tanh,1000,0.716,0.6969005447618409,0.716,1.4521523998118937
32,0.0001,128,Sigmoid,50,0.48549999999999993,0.4052528590219871,0.4855,0.5520939999260008
32,0.0001,128,Sigmoid,100,0.505,0.4334180301948797,0.505,1.1666379000525922
32,0.0001,128,Sigmoid,300,0.512,0.44663223746364844,0.512,1.612051900010556
32,0.0001,128,Sigmoid,500,0.512,0.44663223746364844,0.512,1.5966088001150638
32,0.0001,128,Sigmoid,1000,0.512,0.44663223746364844,0.512,2.0628896998241544
32,0.0001,128,GELU,50,0.56,0.50322320997967,0.56,0.5570619001518935
32,0.0001,128,GELU,100,0.713,0.6944581608328576,0.713,2.118182700127363
32,0.0001,128,GELU,300,0.7245,0.7072307821548262,0.7245,1.4500211998820305
32,0.0001,128,GELU,500,0.7245,0.7072307821548262,0.7245,2.0515835999976844
32,0.0001,128,GELU,1000,0.7245,0.7072307821548262,0.7245,1.3580267999786884
32,0.0001,128,Softmax,50,0.48549999999999993,0.4052528590219871,0.4855,1.0744139000307769
32,0.0001,128,Softmax,100,0.505,0.4334180301948797,0.505,1.5174205000512302
32,0.0001,128,Softmax,300,0.512,0.44663223746364844,0.512,1.5717849999200553
32,0.0001,128,Softmax,500,0.512,0.44663223746364844,0.512,2.128496800083667
32,0.0001,128,Softmax,1000,0.512,0.44663223746364844,0.512,1.415094600059092
32,0.00025,8,ReLU,50,0.8160000000000001,0.8112260924900166,0.816,6.585538000101224
32,0.00025,8,ReLU,100,0.8174999999999999,0.8127455912441033,0.8175,6.360214699991047
32,0.00025,8,ReLU,300,0.8174999999999999,0.8127455912441033,0.8175,6.244343899888918
32,0.00025,8,ReLU,500,0.8174999999999999,0.8127455912441033,0.8175,6.248713599983603
32,0.00025,8,ReLU,1000,0.8174999999999999,0.8127455912441033,0.8175,5.4892450999468565
32,0.00025,8,Tanh,50,0.8145,0.8078643654530087,0.8145,5.935147000011057
32,0.00025,8,Tanh,100,0.8150000000000001,0.8083596650499751,0.815,6.877336899982765
32,0.00025,8,Tanh,300,0.8150000000000001,0.8083596650499751,0.815,7.666387100005522
32,0.00025,8,Tanh,500,0.8150000000000001,0.8083596650499751,0.815,6.606494700070471
32,0.00025,8,Tanh,1000,0.8150000000000001,0.8083596650499751,0.815,6.3224611999467015
32,0.00025,8,Sigmoid,50,0.807,0.7972609568654385,0.807,6.272062600124627
32,0.00025,8,Sigmoid,100,0.8089999999999999,0.8000595922397334,0.809,8.723230400122702
32,0.00025,8,Sigmoid,300,0.8089999999999999,0.8000595922397334,0.809,8.454092999920249
32,0.00025,8,Sigmoid,500,0.8089999999999999,0.8000595922397334,0.809,7.885506399907172
32,0.00025,8,Sigmoid,1000,0.8089999999999999,0.8000595922397334,0.809,8.398264799965546
32,0.00025,8,GELU,50,0.8160000000000001,0.8112260924900166,0.816,5.055607500020415
32,0.00025,8,GELU,100,0.8174999999999999,0.8127455912441033,0.8175,6.48789480002597
32,0.00025,8,GELU,300,0.8174999999999999,0.8127455912441033,0.8175,6.532125200144947
32,0.00025,8,GELU,500,0.8174999999999999,0.8127455912441033,0.8175,6.003828299930319
32,0.00025,8,GELU,1000,0.8174999999999999,0.8127455912441033,0.8175,6.501011500135064
32,0.00025,8,Softmax,50,0.807,0.7972609568654385,0.807,5.6886600002180785
32,0.00025,8,Softmax,100,0.8089999999999999,0.8000595922397334,0.809,8.300737499957904
32,0.00025,8,Softmax,300,0.8089999999999999,0.8000595922397334,0.809,8.144811699865386
32,0.00025,8,Softmax,500,0.8089999999999999,0.8000595922397334,0.809,8.114131399895996
32,0.00025,8,Softmax,1000,0.8089999999999999,0.8000595922397334,0.809,7.852043099934235
32,0.00025,16,ReLU,50,0.8025,0.7955124021156917,0.8025,3.8462645998224616
32,0.00025,16,ReLU,100,0.8045,0.7976103318794177,0.8045,4.703679699916393
32,0.00025,16,ReLU,300,0.8045,0.7976103318794177,0.8045,4.720248700119555
32,0.00025,16,ReLU,500,0.8045,0.7976103318794177,0.8045,4.639746099943295
32,0.00025,16,ReLU,1000,0.8045,0.7976103318794177,0.8045,5.512783299898729
32,0.00025,16,Tanh,50,0.7925000000000001,0.7846156884988835,0.7925,2.44180169980973
32,0.00025,16,Tanh,100,0.792,0.7841000947573333,0.792,4.890669499989599
32,0.00025,16,Tanh,300,0.792,0.7841000947573333,0.792,3.437176800100133
32,0.00025,16,Tanh,500,0.792,0.7841000947573333,0.792,4.648668000008911
32,0.00025,16,Tanh,1000,0.792,0.7841000947573333,0.792,3.4960916999261826
32,0.00025,16,Sigmoid,50,0.7789999999999999,0.7687172577565043,0.779,4.001238800119609
32,0.00025,16,Sigmoid,100,0.7844999999999999,0.7751865835026803,0.7845,4.252483299933374
32,0.00025,16,Sigmoid,300,0.7844999999999999,0.7751865835026803,0.7845,4.38418130017817
32,0.00025,16,Sigmoid,500,0.7844999999999999,0.7751865835026803,0.7845,4.3411630999762565
32,0.00025,16,Sigmoid,1000,0.7844999999999999,0.7751865835026803,0.7845,4.650038100080565
32,0.00025,16,GELU,50,0.8025,0.7955124021156917,0.8025,4.090582299977541
32,0.00025,16,GELU,100,0.8045,0.7976103318794177,0.8045,4.931002199882641
32,0.00025,16,GELU,300,0.8045,0.7976103318794177,0.8045,4.4873684998601675
32,0.00025,16,GELU,500,0.8045,0.7976103318794177,0.8045,4.810423499904573
32,0.00025,16,GELU,1000,0.8045,0.7976103318794177,0.8045,4.63390909996815
32,0.00025,16,Softmax,50,0.7789999999999999,0.7687172577565043,0.779,2.613636299967766
32,0.00025,16,Softmax,100,0.7844999999999999,0.7751865835026803,0.7845,4.16029250016436
32,0.00025,16,Softmax,300,0.7844999999999999,0.7751865835026803,0.7845,3.9074771001469344
32,0.00025,16,Softmax,500,0.7844999999999999,0.7751865835026803,0.7845,5.194961699889973
32,0.00025,16,Softmax,1000,0.7844999999999999,0.7751865835026803,0.7845,4.30819350015372
32,0.00025,32,ReLU,50,0.7899999999999999,0.7824288717624974,0.79,1.5042443999554962
32,0.00025,32,ReLU,100,0.7969999999999999,0.7903118780780167,0.797,2.4500810001045465
32,0.00025,32,ReLU,300,0.7969999999999999,0.7903118780780167,0.797,3.7987513998523355
32,0.00025,32,ReLU,500,0.7969999999999999,0.7903118780780167,0.797,3.2120667998678982
32,0.00025,32,ReLU,1000,0.7969999999999999,0.7903118780780167,0.797,2.9999098000116646
32,0.00025,32,Tanh,50,0.7905,0.7825072473105535,0.7905,2.0671117999590933
32,0.00025,32,Tanh,100,0.7905,0.7825072473105535,0.7905,1.6800520000979304
32,0.00025,32,Tanh,300,0.7905,0.7825072473105535,0.7905,1.5033048000186682
32,0.00025,32,Tanh,500,0.7905,0.7825072473105535,0.7905,1.4076022999361157
32,0.00025,32,Tanh,1000,0.7905,0.7825072473105535,0.7905,2.384945800062269
32,0.00025,32,Sigmoid,50,0.754,0.7422379526695749,0.754,2.4070268999785185
32,0.00025,32,Sigmoid,100,0.7685,0.7577318967233716,0.7685,2.432780700037256
32,0.00025,32,Sigmoid,300,0.7685,0.7577318967233716,0.7685,2.596639399882406
32,0.00025,32,Sigmoid,500,0.7685,0.7577318967233716,0.7685,3.6305930998641998
32,0.00025,32,Sigmoid,1000,0.7685,0.7577318967233716,0.7685,2.435205699875951
32,0.00025,32,GELU,50,0.7899999999999999,0.7824288717624974,0.79,1.7950741001404822
32,0.00025,32,GELU,100,0.7969999999999999,0.7903118780780167,0.797,4.011041900143027
32,0.00025,32,GELU,300,0.7969999999999999,0.7903118780780167,0.797,2.6977742000017315
32,0.00025,32,GELU,500,0.7969999999999999,0.7903118780780167,0.797,2.996203999966383
32,0.00025,32,GELU,1000,0.7969999999999999,0.7903118780780167,0.797,2.784515199949965
32,0.00025,32,Softmax,50,0.754,0.7422379526695749,0.754,1.3818351000081748
32,0.00025,32,Softmax,100,0.7685,0.7577318967233716,0.7685,2.923858700087294
32,0.00025,32,Softmax,300,0.7685,0.7577318967233716,0.7685,2.5576381001155823
32,0.00025,32,Softmax,500,0.7685,0.7577318967233716,0.7685,2.3047126999590546
32,0.00025,32,Softmax,1000,0.7685,0.7577318967233716,0.7685,3.423432999989018
32,0.00025,64,ReLU,50,0.7695000000000001,0.7589177367246367,0.7695,0.9588299999013543
32,0.00025,64,ReLU,100,0.773,0.7635723240864628,0.773,1.299790000077337
32,0.00025,64,ReLU,300,0.773,0.7635723240864628,0.773,1.4475946999154985
32,0.00025,64,ReLU,500,0.773,0.7635723240864628,0.773,2.0121526999864727
32,0.00025,64,ReLU,1000,0.773,0.7635723240864628,0.773,1.4205110999755561
32,0.00025,64,Tanh,50,0.784,0.7755594514375972,0.784,0.8988012000918388
32,0.00025,64,Tanh,100,0.7875,0.7799595067868962,0.7875,1.2455021999776363
32,0.00025,64,Tanh,300,0.7875,0.7799595067868962,0.7875,1.464382599806413
32,0.00025,64,Tanh,500,0.7875,0.7799595067868962,0.7875,1.8709230998065323
32,0.00025,64,Tanh,1000,0.7875,0.7799595067868962,0.7875,1.4260947001166642
32,0.00025,64,Sigmoid,50,0.7025,0.6841477008240084,0.7025,0.909799300134182
32,0.00025,64,Sigmoid,100,0.746,0.733870618271588,0.746,1.5426948999520391
32,0.00025,64,Sigmoid,300,0.7460000000000001,0.7338894678796851,0.746,2.765291800023988
32,0.00025,64,Sigmoid,500,0.7460000000000001,0.7338894678796851,0.746,1.82340979995206
32,0.00025,64,Sigmoid,1000,0.7460000000000001,0.7338894678796851,0.746,2.176127800019458
32,0.00025,64,GELU,50,0.7695000000000001,0.7589177367246367,0.7695,0.867831900017336
32,0.00025,64,GELU,100,0.773,0.7635723240864628,0.773,1.3598495000042021
32,0.00025,64,GELU,300,0.773,0.7635723240864628,0.773,1.5212814998812973
32,0.00025,64,GELU,500,0.773,0.7635723240864628,0.773,1.8543516998179257
32,0.00025,64,GELU,1000,0.773,0.7635723240864628,0.773,1.3159415000118315
32,0.00025,64,Softmax,50,0.7025,0.6841477008240084,0.7025,0.8593431001063436
32,0.00025,64,Softmax,100,0.746,0.733870618271588,0.746,1.785714300116524
32,0.00025,64,Softmax,300,0.7460000000000001,0.7338894678796851,0.746,2.1301603000611067
32,0.00025,64,Softmax,500,0.7460000000000001,0.7338894678796851,0.746,1.7343965999316424
32,0.00025,64,Softmax,1000,0.7460000000000001,0.7338894678796851,0.746,2.387182499980554
32,0.00025,128,ReLU,50,0.737,0.7211155777773349,0.737,0.5800233997870237
32,0.00025,128,ReLU,100,0.752,0.7393279297019066,0.752,0.9781092000193894
32,0.00025,128,ReLU,300,0.752,0.7393279297019066,0.752,0.9534095998387784
32,0.00025,128,ReLU,500,0.752,0.7393279297019066,0.752,1.5623613998759538
32,0.00025,128,ReLU,1000,0.752,0.7393279297019066,0.752,1.4145287999417633
32,0.00025,128,Tanh,50,0.7540000000000001,0.7402789417710298,0.754,0.6065839999355376
32,0.00025,128,Tanh,100,0.7775000000000001,0.7676913765170688,0.7775,0.9890374999959022
32,0.00025,128,Tanh,300,0.7775000000000001,0.7676913765170688,0.7775,1.167096600169316
32,0.00025,128,Tanh,500,0.7775000000000001,0.7676913765170688,0.7775,1.6935602000448853
32,0.00025,128,Tanh,1000,0.7775000000000001,0.7676913765170688,0.7775,1.1032318999059498
32,0.00025,128,Sigmoid,50,0.608,0.5677874288615459,0.608,0.5548141000326723
32,0.00025,128,Sigmoid,100,0.7085,0.6918393694392708,0.7085,1.0820659999735653
32,0.00025,128,Sigmoid,300,0.7105,0.6947591431948089,0.7105,2.3033585001248866
32,0.00025,128,Sigmoid,500,0.7105,0.6947591431948089,0.7105,1.4881666000001132
32,0.00025,128,Sigmoid,1000,0.7105,0.6947591431948089,0.7105,1.2277892001438886
32,0.00025,128,GELU,50,0.737,0.7211155777773349,0.737,0.5846183998510242
32,0.00025,128,GELU,100,0.752,0.7393279297019066,0.752,1.7345435998868197
32,0.00025,128,GELU,300,0.752,0.7393279297019066,0.752,1.6011012000963092
32,0.00025,128,GELU,500,0.752,0.7393279297019066,0.752,0.9445505000185221
32,0.00025,128,GELU,1000,0.752,0.7393279297019066,0.752,0.9559084998909384
32,0.00025,128,Softmax,50,0.608,0.5677874288615459,0.608,0.6280070000793785
32,0.00025,128,Softmax,100,0.7085,0.6918393694392708,0.7085,1.8737935000099242
32,0.00025,128,Softmax,300,0.7105,0.6947591431948089,0.7105,1.5164236000273377
32,0.00025,128,Softmax,500,0.7105,0.6947591431948089,0.7105,1.2479783000890166
32,0.00025,128,Softmax,1000,0.7105,0.6947591431948089,0.7105,1.3445745999924839
64,0.01,8,ReLU,50,0.827,0.8228892415336896,0.827,3.518326799850911
64,0.01,8,ReLU,100,0.827,0.8228892415336896,0.827,3.275552300037816
64,0.01,8,ReLU,300,0.827,0.8228892415336896,0.827,3.3322115999180824
64,0.01,8,ReLU,500,0.827,0.8228892415336896,0.827,3.108435799833387
64,0.01,8,ReLU,1000,0.827,0.8228892415336896,0.827,2.779750300105661
64,0.01,8,Tanh,50,0.8300000000000001,0.826015781064412,0.83,2.4742200998589396
64,0.01,8,Tanh,100,0.8300000000000001,0.826015781064412,0.83,2.6453962000086904
64,0.01,8,Tanh,300,0.8300000000000001,0.826015781064412,0.83,2.490015000104904
64,0.01,8,Tanh,500,0.8300000000000001,0.826015781064412,0.83,2.5627948998007923
64,0.01,8,Tanh,1000,0.8300000000000001,0.826015781064412,0.83,2.4548255000263453
64,0.01,8,Sigmoid,50,0.825,0.8216194654318795,0.825,3.348976799985394
64,0.01,8,Sigmoid,100,0.825,0.8216194654318795,0.825,3.3520648998674005
64,0.01,8,Sigmoid,300,0.825,0.8216194654318795,0.825,3.953820100054145
64,0.01,8,Sigmoid,500,0.825,0.8216194654318795,0.825,3.2248094000387937
64,0.01,8,Sigmoid,1000,0.825,0.8216194654318795,0.825,3.0497772998642176
64,0.01,8,GELU,50,0.827,0.8228892415336896,0.827,2.732480099890381
64,0.01,8,GELU,100,0.827,0.8228892415336896,0.827,3.0087713999673724
64,0.01,8,GELU,300,0.827,0.8228892415336896,0.827,3.02107989997603
64,0.01,8,GELU,500,0.827,0.8228892415336896,0.827,2.985779099864885
64,0.01,8,GELU,1000,0.827,0.8228892415336896,0.827,3.1455591002013534
64,0.01,8,Softmax,50,0.825,0.8216194654318795,0.825,3.6605796001385897
64,0.01,8,Softmax,100,0.825,0.8216194654318795,0.825,3.38698390009813
64,0.01,8,Softmax,300,0.825,0.8216194654318795,0.825,3.0206985000986606
64,0.01,8,Softmax,500,0.825,0.8216194654318795,0.825,2.981825500028208
64,0.01,8,Softmax,1000,0.825,0.8216194654318795,0.825,2.8346736000385135
64,0.01,16,ReLU,50,0.8295,0.8229741410940316,0.8295,1.4711462000850588
64,0.01,16,ReLU,100,0.8295,0.8229741410940316,0.8295,1.4604036000091583
64,0.01,16,ReLU,300,0.8295,0.8229741410940316,0.8295,1.4318295000120997
64,0.01,16,ReLU,500,0.8295,0.8229741410940316,0.8295,1.4114725000690669
64,0.01,16,ReLU,1000,0.8295,0.8229741410940316,0.8295,1.494027700042352
64,0.01,16,Tanh,50,0.817,0.8136222141340752,0.817,1.4119710999075323
64,0.01,16,Tanh,100,0.817,0.8136222141340752,0.817,1.306863399920985
64,0.01,16,Tanh,300,0.817,0.8136222141340752,0.817,1.2372127999551594
64,0.01,16,Tanh,500,0.817,0.8136222141340752,0.817,1.2481747001875192
64,0.01,16,Tanh,1000,0.817,0.8136222141340752,0.817,1.3979523000307381
64,0.01,16,Sigmoid,50,0.8354999999999999,0.8325532642657547,0.8355,1.6496244999580085
64,0.01,16,Sigmoid,100,0.8354999999999999,0.8325532642657547,0.8355,1.6522850999608636
64,0.01,16,Sigmoid,300,0.8354999999999999,0.8325532642657547,0.8355,1.736962900031358
64,0.01,16,Sigmoid,500,0.8354999999999999,0.8325532642657547,0.8355,1.8216200999449939
64,0.01,16,Sigmoid,1000,0.8354999999999999,0.8325532642657547,0.8355,1.7942323999013752
64,0.01,16,GELU,50,0.8295,0.8229741410940316,0.8295,1.3917531999759376
64,0.01,16,GELU,100,0.8295,0.8229741410940316,0.8295,1.4930519999470562
64,0.01,16,GELU,300,0.8295,0.8229741410940316,0.8295,1.491625800030306
64,0.01,16,GELU,500,0.8295,0.8229741410940316,0.8295,1.226010600104928
64,0.01,16,GELU,1000,0.8295,0.8229741410940316,0.8295,1.3226006000768393
64,0.01,16,Softmax,50,0.8354999999999999,0.8325532642657547,0.8355,1.7145845999475569
64,0.01,16,Softmax,100,0.8354999999999999,0.8325532642657547,0.8355,1.740787300048396
64,0.01,16,Softmax,300,0.8354999999999999,0.8325532642657547,0.8355,1.82299969997257
64,0.01,16,Softmax,500,0.8354999999999999,0.8325532642657547,0.8355,1.8020880999974906
64,0.01,16,Softmax,1000,0.8354999999999999,0.8325532642657547,0.8355,2.2435826999135315
64,0.01,32,ReLU,50,0.8319999999999999,0.8310101334981853,0.832,0.8792375999037176
64,0.01,32,ReLU,100,0.8319999999999999,0.8310101334981853,0.832,1.4638041001744568
64,0.01,32,ReLU,300,0.8319999999999999,0.8310101334981853,0.832,1.3012910999823362
64,0.01,32,ReLU,500,0.8319999999999999,0.8310101334981853,0.832,1.154223500052467
64,0.01,32,ReLU,1000,0.8319999999999999,0.8310101334981853,0.832,1.2652942000422627
64,0.01,32,Tanh,50,0.8320000000000001,0.8263746141515871,0.832,0.9929888001643121
64,0.01,32,Tanh,100,0.8320000000000001,0.8263746141515871,0.832,1.210390100022778
64,0.01,32,Tanh,300,0.8320000000000001,0.8263746141515871,0.832,1.3771104998886585
64,0.01,32,Tanh,500,0.8320000000000001,0.8263746141515871,0.832,0.8584491000510752
64,0.01,32,Tanh,1000,0.8320000000000001,0.8263746141515871,0.832,1.228398900013417
64,0.01,32,Sigmoid,50,0.8320000000000001,0.8278243840016681,0.832,1.7482805999461561
64,0.01,32,Sigmoid,100,0.8320000000000001,0.8278243840016681,0.832,1.6147052999585867
64,0.01,32,Sigmoid,300,0.8320000000000001,0.8278243840016681,0.832,1.8080446999520063
64,0.01,32,Sigmoid,500,0.8320000000000001,0.8278243840016681,0.832,1.8376134000718594
64,0.01,32,Sigmoid,1000,0.8320000000000001,0.8278243840016681,0.832,1.7490077000111341
64,0.01,32,GELU,50,0.8319999999999999,0.8310101334981853,0.832,1.3495850001927465
64,0.01,32,GELU,100,0.8319999999999999,0.8310101334981853,0.832,1.360492100007832
64,0.01,32,GELU,300,0.8319999999999999,0.8310101334981853,0.832,0.9742467999458313
64,0.01,32,GELU,500,0.8319999999999999,0.8310101334981853,0.832,1.3376980000175536
64,0.01,32,GELU,1000,0.8319999999999999,0.8310101334981853,0.832,1.4230446999426931
64,0.01,32,Softmax,50,0.8320000000000001,0.8278243840016681,0.832,1.1400630997959524
64,0.01,32,Softmax,100,0.8320000000000001,0.8278243840016681,0.832,1.781809899955988
64,0.01,32,Softmax,300,0.8320000000000001,0.8278243840016681,0.832,1.3849560001399368
64,0.01,32,Softmax,500,0.8320000000000001,0.8278243840016681,0.832,1.5025525998789817
64,0.01,32,Softmax,1000,0.8320000000000001,0.8278243840016681,0.832,1.5514217000454664
64,0.01,64,ReLU,50,0.834,0.8305786004344332,0.834,0.9370590001344681
64,0.01,64,ReLU,100,0.834,0.8305786004344332,0.834,0.8881832999177277
64,0.01,64,ReLU,300,0.834,0.8305786004344332,0.834,0.608292100019753
64,0.01,64,ReLU,500,0.834,0.8305786004344332,0.834,0.9692142000421882
64,0.01,64,ReLU,1000,0.834,0.8305786004344332,0.834,0.7360017001628876
64,0.01,64,Tanh,50,0.8265,0.8230736248785633,0.8265,0.6062267001252621
64,0.01,64,Tanh,100,0.8265,0.8230736248785633,0.8265,0.9218429999891669
64,0.01,64,Tanh,300,0.8265,0.8230736248785633,0.8265,0.9757620000746101
64,0.01,64,Tanh,500,0.8265,0.8230736248785633,0.8265,0.6098364000208676
64,0.01,64,Tanh,1000,0.8265,0.8230736248785633,0.8265,1.0236902001779526
64,0.01,64,Sigmoid,50,0.8285,0.8189761566740741,0.8285,1.1119219998363405
64,0.01,64,Sigmoid,100,0.8285,0.8189761566740741,0.8285,1.091578199993819
64,0.01,64,Sigmoid,300,0.8285,0.8189761566740741,0.8285,1.175820400007069
64,0.01,64,Sigmoid,500,0.8285,0.8189761566740741,0.8285,0.9613514000084251
64,0.01,64,Sigmoid,1000,0.8285,0.8189761566740741,0.8285,1.1366189999971539
64,0.01,64,GELU,50,0.834,0.8305786004344332,0.834,0.9469939998816699
64,0.01,64,GELU,100,0.834,0.8305786004344332,0.834,0.6766723999753594
64,0.01,64,GELU,300,0.834,0.8305786004344332,0.834,0.5495404999237508
64,0.01,64,GELU,500,0.834,0.8305786004344332,0.834,0.9578960000071675
64,0.01,64,GELU,1000,0.834,0.8305786004344332,0.834,0.9917566999793053
64,0.01,64,Softmax,50,0.8285,0.8189761566740741,0.8285,0.9714760000351816
64,0.01,64,Softmax,100,0.8285,0.8189761566740741,0.8285,1.0770783999469131
64,0.01,64,Softmax,300,0.8285,0.8189761566740741,0.8285,1.254919599974528
64,0.01,64,Softmax,500,0.8285,0.8189761566740741,0.8285,0.8527635999489576
64,0.01,64,Softmax,1000,0.8285,0.8189761566740741,0.8285,0.730681800050661
64,0.01,128,ReLU,50,0.842,0.8214560560214107,0.842,0.7872765001375228
64,0.01,128,ReLU,100,0.842,0.8214560560214107,0.842,0.6705467000138015
64,0.01,128,ReLU,300,0.842,0.8214560560214107,0.842,0.6788755001034588
64,0.01,128,ReLU,500,0.842,0.8214560560214107,0.842,0.3719952998217195
64,0.01,128,ReLU,1000,0.842,0.8214560560214107,0.842,0.5570205000694841
64,0.01,128,Tanh,50,0.8335000000000001,0.8264616442913916,0.8335,0.6895191001240164
64,0.01,128,Tanh,100,0.8335000000000001,0.8264616442913916,0.8335,0.6849396999459714
64,0.01,128,Tanh,300,0.8335000000000001,0.8264616442913916,0.8335,0.45348919997923076
64,0.01,128,Tanh,500,0.8335000000000001,0.8264616442913916,0.8335,0.6480924999341369
64,0.01,128,Tanh,1000,0.8335000000000001,0.8264616442913916,0.8335,0.6749857000540942
64,0.01,128,Sigmoid,50,0.8324999999999999,0.8274435444866087,0.8325,1.0961913999635726
64,0.01,128,Sigmoid,100,0.8324999999999999,0.8274435444866087,0.8325,0.8317103998269886
64,0.01,128,Sigmoid,300,0.8324999999999999,0.8274435444866087,0.8325,1.2330098000820726
64,0.01,128,Sigmoid,500,0.8324999999999999,0.8274435444866087,0.8325,0.7890493001323193
64,0.01,128,Sigmoid,1000,0.8324999999999999,0.8274435444866087,0.8325,1.002872999990359
64,0.01,128,GELU,50,0.842,0.8214560560214107,0.842,0.7150355000048876
64,0.01,128,GELU,100,0.842,0.8214560560214107,0.842,0.45965759991668165
64,0.01,128,GELU,300,0.842,0.8214560560214107,0.842,0.43723680009134114
64,0.01,128,GELU,500,0.842,0.8214560560214107,0.842,0.7052953999955207
64,0.01,128,GELU,1000,0.842,0.8214560560214107,0.842,0.6227977001108229
64,0.01,128,Softmax,50,0.8324999999999999,0.8274435444866087,0.8325,0.9535163000691682
64,0.01,128,Softmax,100,0.8324999999999999,0.8274435444866087,0.8325,0.9592067000921816
64,0.01,128,Softmax,300,0.8324999999999999,0.8274435444866087,0.8325,0.8530996001791209
64,0.01,128,Softmax,500,0.8324999999999999,0.8274435444866087,0.8325,1.0069158000405878
64,0.01,128,Softmax,1000,0.8324999999999999,0.8274435444866087,0.8325,0.9535303001757711
64,0.001,8,ReLU,50,0.8395000000000001,0.836450278394443,0.8395,4.050418900093064
64,0.001,8,ReLU,100,0.8395000000000001,0.836450278394443,0.8395,4.031981700100005
64,0.001,8,ReLU,300,0.8395000000000001,0.836450278394443,0.8395,4.095253500156105
64,0.001,8,ReLU,500,0.8395000000000001,0.836450278394443,0.8395,4.050553200067952
64,0.001,8,ReLU,1000,0.8395000000000001,0.836450278394443,0.8395,3.3714776998385787
64,0.001,8,Tanh,50,0.8275,0.822175313625247,0.8275,3.660189399961382
64,0.001,8,Tanh,100,0.8275,0.822175313625247,0.8275,3.52941510011442
64,0.001,8,Tanh,300,0.8275,0.822175313625247,0.8275,3.481457999907434
64,0.001,8,Tanh,500,0.8275,0.822175313625247,0.8275,4.114084499888122
64,0.001,8,Tanh,1000,0.8275,0.822175313625247,0.8275,4.163522699847817
64,0.001,8,Sigmoid,50,0.8234999999999999,0.8188345576888916,0.8235,5.356136500136927
64,0.001,8,Sigmoid,100,0.8234999999999999,0.8188345576888916,0.8235,5.345878600142896
64,0.001,8,Sigmoid,300,0.8234999999999999,0.8188345576888916,0.8235,5.404086200054735
64,0.001,8,Sigmoid,500,0.8234999999999999,0.8188345576888916,0.8235,5.537250499939546
64,0.001,8,Sigmoid,1000,0.8234999999999999,0.8188345576888916,0.8235,5.45696510002017
64,0.001,8,GELU,50,0.8395000000000001,0.836450278394443,0.8395,3.350509600015357
64,0.001,8,GELU,100,0.8395000000000001,0.836450278394443,0.8395,4.243540399940684
64,0.001,8,GELU,300,0.8395000000000001,0.836450278394443,0.8395,3.447950500063598
64,0.001,8,GELU,500,0.8395000000000001,0.836450278394443,0.8395,3.788808399811387
64,0.001,8,GELU,1000,0.8395000000000001,0.836450278394443,0.8395,3.8331933000590652
64,0.001,8,Softmax,50,0.8234999999999999,0.8188345576888916,0.8235,5.643221399979666
64,0.001,8,Softmax,100,0.8234999999999999,0.8188345576888916,0.8235,5.616850699996576
64,0.001,8,Softmax,300,0.8234999999999999,0.8188345576888916,0.8235,5.35842699999921
64,0.001,8,Softmax,500,0.8234999999999999,0.8188345576888916,0.8235,5.394809200195596
64,0.001,8,Softmax,1000,0.8234999999999999,0.8188345576888916,0.8235,5.303026800043881
64,0.001,16,ReLU,50,0.8375,0.8348093946441095,0.8375,2.081126700155437
64,0.001,16,ReLU,100,0.8375,0.8348093946441095,0.8375,1.9825176999438554
64,0.001,16,ReLU,300,0.8375,0.8348093946441095,0.8375,2.2940187000203878
64,0.001,16,ReLU,500,0.8375,0.8348093946441095,0.8375,2.2690924999769777
64,0.001,16,ReLU,1000,0.8375,0.8348093946441095,0.8375,2.0193835000973195
64,0.001,16,Tanh,50,0.8234999999999999,0.8189059412963617,0.8235,2.782692899927497
64,0.001,16,Tanh,100,0.8234999999999999,0.8189059412963617,0.8235,2.4963378000538796
64,0.001,16,Tanh,300,0.8234999999999999,0.8189059412963617,0.8235,3.0075928000733256
64,0.001,16,Tanh,500,0.8234999999999999,0.8189059412963617,0.8235,3.0767822000198066
64,0.001,16,Tanh,1000,0.8234999999999999,0.8189059412963617,0.8235,2.5547249999362975
64,0.001,16,Sigmoid,50,0.8059999999999998,0.8012965121771274,0.806,2.863867799984291
64,0.001,16,Sigmoid,100,0.8059999999999998,0.8012965121771274,0.806,2.7717414000071585
64,0.001,16,Sigmoid,300,0.8059999999999998,0.8012965121771274,0.806,2.3058889000676572
64,0.001,16,Sigmoid,500,0.8059999999999998,0.8012965121771274,0.806,2.881719799945131
64,0.001,16,Sigmoid,1000,0.8059999999999998,0.8012965121771274,0.806,2.745109000010416
64,0.001,16,GELU,50,0.8375,0.8348093946441095,0.8375,2.4193424999248236
64,0.001,16,GELU,100,0.8375,0.8348093946441095,0.8375,2.4979640000965446
64,0.001,16,GELU,300,0.8375,0.8348093946441095,0.8375,2.542130700079724
64,0.001,16,GELU,500,0.8375,0.8348093946441095,0.8375,2.8475066998507828
64,0.001,16,GELU,1000,0.8375,0.8348093946441095,0.8375,1.9335258000064641
64,0.001,16,Softmax,50,0.8059999999999998,0.8012965121771274,0.806,2.736019400181249
64,0.001,16,Softmax,100,0.8059999999999998,0.8012965121771274,0.806,3.9945980000775307
64,0.001,16,Softmax,300,0.8059999999999998,0.8012965121771274,0.806,2.3607558999210596
64,0.001,16,Softmax,500,0.8059999999999998,0.8012965121771274,0.806,2.193595200078562
64,0.001,16,Softmax,1000,0.8059999999999998,0.8012965121771274,0.806,3.6387377998325974
64,0.001,32,ReLU,50,0.8300000000000001,0.8267219120629669,0.83,1.8819309000391513
64,0.001,32,ReLU,100,0.8300000000000001,0.8267219120629669,0.83,1.6897123998496681
64,0.001,32,ReLU,300,0.8300000000000001,0.8267219120629669,0.83,1.6032625001389533
64,0.001,32,ReLU,500,0.8300000000000001,0.8267219120629669,0.83,1.577236499870196
64,0.001,32,ReLU,1000,0.8300000000000001,0.8267219120629669,0.83,2.7252187998965383
64,0.001,32,Tanh,50,0.8195,0.8150399159692828,0.8195,2.0102355000562966
64,0.001,32,Tanh,100,0.8195,0.8150399159692828,0.8195,1.6196761999744922
64,0.001,32,Tanh,300,0.8195,0.8150399159692828,0.8195,1.4678763002157211
64,0.001,32,Tanh,500,0.8195,0.8150399159692828,0.8195,1.3884707000106573
64,0.001,32,Tanh,1000,0.8195,0.8150399159692828,0.8195,1.6038983000908047
64,0.001,32,Sigmoid,50,0.8055,0.8002817356249903,0.8055,2.9789996999315917
64,0.001,32,Sigmoid,100,0.8055,0.8002817356249903,0.8055,2.280458000022918
64,0.001,32,Sigmoid,300,0.8055,0.8002817356249903,0.8055,1.832653900142759
64,0.001,32,Sigmoid,500,0.8055,0.8002817356249903,0.8055,1.8187179998494685
64,0.001,32,Sigmoid,1000,0.8055,0.8002817356249903,0.8055,1.8418318000622094
64,0.001,32,GELU,50,0.8300000000000001,0.8267219120629669,0.83,2.448338999878615
64,0.001,32,GELU,100,0.8300000000000001,0.8267219120629669,0.83,2.1212412000168115
64,0.001,32,GELU,300,0.8300000000000001,0.8267219120629669,0.83,1.6268862001597881
64,0.001,32,GELU,500,0.8300000000000001,0.8267219120629669,0.83,1.541836499935016
64,0.001,32,GELU,1000,0.8300000000000001,0.8267219120629669,0.83,1.6232435998972505
64,0.001,32,Softmax,50,0.8055,0.8002817356249903,0.8055,2.171339200111106
64,0.001,32,Softmax,100,0.8055,0.8002817356249903,0.8055,2.035920900059864
64,0.001,32,Softmax,300,0.8055,0.8002817356249903,0.8055,2.503138199914247
64,0.001,32,Softmax,500,0.8055,0.8002817356249903,0.8055,2.4507098000030965
64,0.001,32,Softmax,1000,0.8055,0.8002817356249903,0.8055,2.5509532000869513
64,0.001,64,ReLU,50,0.8230000000000001,0.819519872533428,0.823,1.811031100107357
64,0.001,64,ReLU,100,0.8230000000000001,0.819519872533428,0.823,1.113971799844876
64,0.001,64,ReLU,300,0.8230000000000001,0.819519872533428,0.823,2.0760980998165905
64,0.001,64,ReLU,500,0.8230000000000001,0.819519872533428,0.823,1.7794371000491083
64,0.001,64,ReLU,1000,0.8230000000000001,0.819519872533428,0.823,1.3378627998754382
64,0.001,64,Tanh,50,0.8160000000000001,0.8108141224889647,0.816,1.4609332999680191
64,0.001,64,Tanh,100,0.8154999999999999,0.8104473252019051,0.8155,1.4100561998784542
64,0.001,64,Tanh,300,0.8154999999999999,0.8104473252019051,0.8155,1.8530341000296175
64,0.001,64,Tanh,500,0.8154999999999999,0.8104473252019051,0.8155,1.2432636998128146
64,0.001,64,Tanh,1000,0.8154999999999999,0.8104473252019051,0.8155,1.6586488999892026
64,0.001,64,Sigmoid,50,0.7929999999999999,0.785368565908726,0.793,1.0886808999348432
64,0.001,64,Sigmoid,100,0.794,0.7866882588082023,0.794,2.140987299848348
64,0.001,64,Sigmoid,300,0.794,0.7866882588082023,0.794,2.3779424000531435
64,0.001,64,Sigmoid,500,0.794,0.7866882588082023,0.794,2.0920845998916775
64,0.001,64,Sigmoid,1000,0.794,0.7866882588082023,0.794,1.6284982000943273
64,0.001,64,GELU,50,0.8230000000000001,0.819519872533428,0.823,1.5703944000415504
64,0.001,64,GELU,100,0.8230000000000001,0.819519872533428,0.823,1.6492690998129547
64,0.001,64,GELU,300,0.8230000000000001,0.819519872533428,0.823,1.1875913999974728
64,0.001,64,GELU,500,0.8230000000000001,0.819519872533428,0.823,1.5578525001183152
64,0.001,64,GELU,1000,0.8230000000000001,0.819519872533428,0.823,1.4481869000010192
64,0.001,64,Softmax,50,0.7929999999999999,0.785368565908726,0.793,1.6452105999924242
64,0.001,64,Softmax,100,0.794,0.7866882588082023,0.794,1.9989120000973344
64,0.001,64,Softmax,300,0.794,0.7866882588082023,0.794,1.9275348000228405
64,0.001,64,Softmax,500,0.794,0.7866882588082023,0.794,1.8485917998477817
64,0.001,64,Softmax,1000,0.794,0.7866882588082023,0.794,1.7025645000394434
64,0.001,128,ReLU,50,0.8135,0.8099068136518864,0.8135,0.9317494998686016
64,0.001,128,ReLU,100,0.8135,0.8099025373430209,0.8135,0.9820178998634219
64,0.001,128,ReLU,300,0.8135,0.8099025373430209,0.8135,1.099901899928227
64,0.001,128,ReLU,500,0.8135,0.8099025373430209,0.8135,1.0126322000287473
64,0.001,128,ReLU,1000,0.8135,0.8099025373430209,0.8135,1.1799635000061244
64,0.001,128,Tanh,50,0.8035,0.7984593823978912,0.8035,1.1513294000178576
64,0.001,128,Tanh,100,0.8035,0.7984593823978912,0.8035,1.2186805000528693
64,0.001,128,Tanh,300,0.8035,0.7984593823978912,0.8035,1.067013799911365
64,0.001,128,Tanh,500,0.8035,0.7984593823978912,0.8035,0.746722900075838
64,0.001,128,Tanh,1000,0.8035,0.7984593823978912,0.8035,1.0480275000445545
64,0.001,128,Sigmoid,50,0.776,0.7692622001817804,0.776,1.2476404001936316
64,0.001,128,Sigmoid,100,0.781,0.7745808540828742,0.781,1.3095327001065016
64,0.001,128,Sigmoid,300,0.781,0.7745808540828742,0.781,1.461862999945879
64,0.001,128,Sigmoid,500,0.781,0.7745808540828742,0.781,1.5461369999684393
64,0.001,128,Sigmoid,1000,0.781,0.7745808540828742,0.781,1.4561381998937577
64,0.001,128,GELU,50,0.8135,0.8099068136518864,0.8135,0.8820131998509169
64,0.001,128,GELU,100,0.8135,0.8099025373430209,0.8135,1.3322407000232488
64,0.001,128,GELU,300,0.8135,0.8099025373430209,0.8135,1.0363658999558538
64,0.001,128,GELU,500,0.8135,0.8099025373430209,0.8135,1.0508061000145972
64,0.001,128,GELU,1000,0.8135,0.8099025373430209,0.8135,1.097184400074184
64,0.001,128,Softmax,50,0.776,0.7692622001817804,0.776,1.1065591000951827
64,0.001,128,Softmax,100,0.781,0.7745808540828742,0.781,1.3353301999159157
64,0.001,128,Softmax,300,0.781,0.7745808540828742,0.781,1.3792408001609147
64,0.001,128,Softmax,500,0.781,0.7745808540828742,0.781,1.3158964000176638
64,0.001,128,Softmax,1000,0.781,0.7745808540828742,0.781,1.496013600146398
64,0.0001,8,ReLU,50,0.8025,0.7975993458917839,0.8025,6.7280443999916315
64,0.0001,8,ReLU,100,0.8035,0.7983529201776411,0.8035,7.4208431001752615
64,0.0001,8,ReLU,300,0.8035,0.7983529201776411,0.8035,7.382892400026321
64,0.0001,8,ReLU,500,0.8035,0.7983529201776411,0.8035,7.582460700068623
64,0.0001,8,ReLU,1000,0.8035,0.7983529201776411,0.8035,7.471611100016162
64,0.0001,8,Tanh,50,0.791,0.7840520724663795,0.791,5.919137499993667
64,0.0001,8,Tanh,100,0.791,0.7840520724663795,0.791,6.167835300089791
64,0.0001,8,Tanh,300,0.791,0.7840520724663795,0.791,6.2903020000085235
64,0.0001,8,Tanh,500,0.791,0.7840520724663795,0.791,6.449421999976039
64,0.0001,8,Tanh,1000,0.791,0.7840520724663795,0.791,6.7285296998452395
64,0.0001,8,Sigmoid,50,0.772,0.7621609599282448,0.772,6.9729067999869585
64,0.0001,8,Sigmoid,100,0.773,0.7649490060163981,0.773,10.204528599977493
64,0.0001,8,Sigmoid,300,0.773,0.7649490060163981,0.773,10.684328000061214
64,0.0001,8,Sigmoid,500,0.773,0.7649490060163981,0.773,11.89496049983427
64,0.0001,8,Sigmoid,1000,0.773,0.7649490060163981,0.773,11.5807700001169
64,0.0001,8,GELU,50,0.8025,0.7975993458917839,0.8025,6.061337700113654
64,0.0001,8,GELU,100,0.8035,0.7983529201776411,0.8035,7.099975199904293
64,0.0001,8,GELU,300,0.8035,0.7983529201776411,0.8035,7.254844899987802
64,0.0001,8,GELU,500,0.8035,0.7983529201776411,0.8035,7.187818400096148
64,0.0001,8,GELU,1000,0.8035,0.7983529201776411,0.8035,7.107462599873543
64,0.0001,8,Softmax,50,0.772,0.7621609599282448,0.772,7.749777600169182
64,0.0001,8,Softmax,100,0.773,0.7649490060163981,0.773,10.045442999806255
64,0.0001,8,Softmax,300,0.773,0.7649490060163981,0.773,12.542357600061223
64,0.0001,8,Softmax,500,0.773,0.7649490060163981,0.773,10.740786799928173
64,0.0001,8,Softmax,1000,0.773,0.7649490060163981,0.773,12.058779099956155
64,0.0001,16,ReLU,50,0.7765000000000001,0.7702405513507781,0.7765,3.0966691998764873
64,0.0001,16,ReLU,100,0.7795,0.773563057258636,0.7795,4.797923099948093
64,0.0001,16,ReLU,300,0.7795,0.773563057258636,0.7795,6.341275400016457
64,0.0001,16,ReLU,500,0.7795,0.773563057258636,0.7795,5.876744700130075
64,0.0001,16,ReLU,1000,0.7795,0.773563057258636,0.7795,4.629073900170624
64,0.0001,16,Tanh,50,0.782,0.7746962272362927,0.782,3.685097899986431
64,0.0001,16,Tanh,100,0.782,0.7747966576844599,0.782,4.5558237999212
64,0.0001,16,Tanh,300,0.782,0.7747966576844599,0.782,3.933651100145653
64,0.0001,16,Tanh,500,0.782,0.7747966576844599,0.782,3.8776721998583525
64,0.0001,16,Tanh,1000,0.782,0.7747966576844599,0.782,3.928436999907717
64,0.0001,16,Sigmoid,50,0.7495,0.7375803393008181,0.7495,3.2316450998187065
64,0.0001,16,Sigmoid,100,0.7575000000000001,0.7461365032494115,0.7575,5.512287899851799
64,0.0001,16,Sigmoid,300,0.758,0.7468838563856155,0.758,6.172691499814391
64,0.0001,16,Sigmoid,500,0.758,0.7468838563856155,0.758,5.77605489990674
64,0.0001,16,Sigmoid,1000,0.758,0.7468838563856155,0.758,5.594339800067246
64,0.0001,16,GELU,50,0.7765000000000001,0.7702405513507781,0.7765,3.45695330016315
64,0.0001,16,GELU,100,0.7795,0.773563057258636,0.7795,4.820873799966648
64,0.0001,16,GELU,300,0.7795,0.773563057258636,0.7795,5.4216597999911755
64,0.0001,16,GELU,500,0.7795,0.773563057258636,0.7795,5.034954100148752
64,0.0001,16,GELU,1000,0.7795,0.773563057258636,0.7795,4.867268800036982
64,0.0001,16,Softmax,50,0.7495,0.7375803393008181,0.7495,2.930725999874994
64,0.0001,16,Softmax,100,0.7575000000000001,0.7461365032494115,0.7575,6.266523200087249
64,0.0001,16,Softmax,300,0.758,0.7468838563856155,0.758,6.337848300114274
64,0.0001,16,Softmax,500,0.758,0.7468838563856155,0.758,6.189531999872997
64,0.0001,16,Softmax,1000,0.758,0.7468838563856155,0.758,6.683172199875116
64,0.0001,32,ReLU,50,0.764,0.756958514015046,0.764,2.0381966999266297
64,0.0001,32,ReLU,100,0.773,0.7659534531597307,0.773,3.1021491000428796
64,0.0001,32,ReLU,300,0.773,0.7659534531597307,0.773,2.9799458999186754
64,0.0001,32,ReLU,500,0.773,0.7659534531597307,0.773,2.560586699983105
64,0.0001,32,ReLU,1000,0.773,0.7659534531597307,0.773,2.376405799994245
64,0.0001,32,Tanh,50,0.7695,0.7608602576109345,0.7695,1.846495500067249
64,0.0001,32,Tanh,100,0.7719999999999999,0.7635222949516614,0.772,2.422806499991566
64,0.0001,32,Tanh,300,0.7719999999999999,0.7635222949516614,0.772,2.752201800001785
64,0.0001,32,Tanh,500,0.7719999999999999,0.7635222949516614,0.772,2.383919999934733
64,0.0001,32,Tanh,1000,0.7719999999999999,0.7635222949516614,0.772,2.2921853000298142
64,0.0001,32,Sigmoid,50,0.7285,0.7144721911867455,0.7285,2.469980100169778
64,0.0001,32,Sigmoid,100,0.7465,0.7350249518923511,0.7465,3.651461999863386
64,0.0001,32,Sigmoid,300,0.748,0.7364000246739923,0.748,4.069376300089061
64,0.0001,32,Sigmoid,500,0.748,0.7364000246739923,0.748,4.307283299975097
64,0.0001,32,Sigmoid,1000,0.748,0.7364000246739923,0.748,4.085719099966809
64,0.0001,32,GELU,50,0.764,0.756958514015046,0.764,2.0615550000220537
64,0.0001,32,GELU,100,0.773,0.7659534531597307,0.773,2.9305431998800486
64,0.0001,32,GELU,300,0.773,0.7659534531597307,0.773,2.752737500006333
64,0.0001,32,GELU,500,0.773,0.7659534531597307,0.773,2.9821782999206334
64,0.0001,32,GELU,1000,0.773,0.7659534531597307,0.773,3.1869842999149114
64,0.0001,32,Softmax,50,0.7285,0.7144721911867455,0.7285,2.008224500110373
64,0.0001,32,Softmax,100,0.7465,0.7350249518923511,0.7465,3.6038379999808967
64,0.0001,32,Softmax,300,0.748,0.7364000246739923,0.748,3.93559050001204
64,0.0001,32,Softmax,500,0.748,0.7364000246739923,0.748,4.203432900132611
64,0.0001,32,Softmax,1000,0.748,0.7364000246739923,0.748,3.5889031998813152
64,0.0001,64,ReLU,50,0.7505,0.7417439145579148,0.7505,1.0389489000663161
64,0.0001,64,ReLU,100,0.7585000000000001,0.7510350599872588,0.7585,1.9716213000938296
64,0.0001,64,ReLU,300,0.7585000000000001,0.7510350599872588,0.7585,1.7967830998823047
64,0.0001,64,ReLU,500,0.7585000000000001,0.7510350599872588,0.7585,1.7837102999910712
64,0.0001,64,ReLU,1000,0.7585000000000001,0.7510350599872588,0.7585,1.6762918999884278
64,0.0001,64,Tanh,50,0.741,0.7301113804178903,0.741,1.2801117000635713
64,0.0001,64,Tanh,100,0.7510000000000001,0.7410074715434048,0.751,1.7813900001347065
64,0.0001,64,Tanh,300,0.7510000000000001,0.7410074715434048,0.751,2.173214399954304
64,0.0001,64,Tanh,500,0.7510000000000001,0.7410074715434048,0.751,1.849305999930948
64,0.0001,64,Tanh,1000,0.7510000000000001,0.7410074715434048,0.751,1.759295100113377
64,0.0001,64,Sigmoid,50,0.65,0.6313139054931126,0.65,1.3833367999177426
64,0.0001,64,Sigmoid,100,0.729,0.7173577324118089,0.729,2.1536069000139832
64,0.0001,64,Sigmoid,300,0.73,0.7188342648731394,0.73,2.6190692000091076
64,0.0001,64,Sigmoid,500,0.73,0.7188342648731394,0.73,2.6613525000866503
64,0.0001,64,Sigmoid,1000,0.73,0.7188342648731394,0.73,2.548747100168839
64,0.0001,64,GELU,50,0.7505,0.7417439145579148,0.7505,1.3449667999520898
64,0.0001,64,GELU,100,0.7585000000000001,0.7510350599872588,0.7585,1.8426214000210166
64,0.0001,64,GELU,300,0.7585000000000001,0.7510350599872588,0.7585,1.8530162000097334
64,0.0001,64,GELU,500,0.7585000000000001,0.7510350599872588,0.7585,2.114518499933183
64,0.0001,64,GELU,1000,0.7585000000000001,0.7510350599872588,0.7585,2.134139799978584
64,0.0001,64,Softmax,50,0.65,0.6313139054931126,0.65,1.3418209000956267
64,0.0001,64,Softmax,100,0.729,0.7173577324118089,0.729,2.335723000112921
64,0.0001,64,Softmax,300,0.73,0.7188342648731394,0.73,4.001934400061145
64,0.0001,64,Softmax,500,0.73,0.7188342648731394,0.73,2.3113917999435216
64,0.0001,64,Softmax,1000,0.73,0.7188342648731394,0.73,2.8247241000644863
64,0.0001,128,ReLU,50,0.6835,0.6636607405021275,0.6835,1.3080923999659717
64,0.0001,128,ReLU,100,0.7384999999999999,0.7282513295613677,0.7385,1.401331900153309
64,0.0001,128,ReLU,300,0.7394999999999999,0.729497294003044,0.7395,1.3470217001158744
64,0.0001,128,ReLU,500,0.7394999999999999,0.729497294003044,0.7395,1.4278530001174659
64,0.0001,128,ReLU,1000,0.7394999999999999,0.729497294003044,0.7395,2.485795099986717
64,0.0001,128,Tanh,50,0.702,0.6870615849771854,0.702,0.9834346999414265
64,0.0001,128,Tanh,100,0.7355,0.7238232925372631,0.7355,1.233126899925992
64,0.0001,128,Tanh,300,0.7369999999999999,0.7253120530386631,0.737,1.424679399933666
64,0.0001,128,Tanh,500,0.7369999999999999,0.7253120530386631,0.737,1.7449648999609053
64,0.0001,128,Tanh,1000,0.7369999999999999,0.7253120530386631,0.737,1.9724262000527233
64,0.0001,128,Sigmoid,50,0.5614999999999999,0.534899650077532,0.5615,0.7587517001666129
64,0.0001,128,Sigmoid,100,0.6715,0.656568518476232,0.6715,1.585481399903074
64,0.0001,128,Sigmoid,300,0.6875,0.674313499333645,0.6875,1.9075849000364542
64,0.0001,128,Sigmoid,500,0.6875,0.674313499333645,0.6875,2.9289491998497397
64,0.0001,128,Sigmoid,1000,0.6875,0.674313499333645,0.6875,1.8132605999708176
64,0.0001,128,GELU,50,0.6835,0.6636607405021275,0.6835,0.6670693999622017
64,0.0001,128,GELU,100,0.7384999999999999,0.7282513295613677,0.7385,1.2384792999364436
64,0.0001,128,GELU,300,0.7394999999999999,0.729497294003044,0.7395,2.4190009001176804
64,0.0001,128,GELU,500,0.7394999999999999,0.729497294003044,0.7395,1.5868893000297248
64,0.0001,128,GELU,1000,0.7394999999999999,0.729497294003044,0.7395,1.6939097000285983
64,0.0001,128,Softmax,50,0.5614999999999999,0.534899650077532,0.5615,1.455915399827063
64,0.0001,128,Softmax,100,0.6715,0.656568518476232,0.6715,1.9971909001469612
64,0.0001,128,Softmax,300,0.6875,0.674313499333645,0.6875,2.2539266999810934
64,0.0001,128,Softmax,500,0.6875,0.674313499333645,0.6875,2.6391916000284255
64,0.0001,128,Softmax,1000,0.6875,0.674313499333645,0.6875,1.6482306998223066
64,0.00025,8,ReLU,50,0.8230000000000001,0.8190970086602298,0.823,6.065671300049871
64,0.00025,8,ReLU,100,0.8230000000000001,0.8190970086602298,0.823,7.231770399957895
64,0.00025,8,ReLU,300,0.8230000000000001,0.8190970086602298,0.823,7.320766200078651
64,0.00025,8,ReLU,500,0.8230000000000001,0.8190970086602298,0.823,8.243861200055107
64,0.00025,8,ReLU,1000,0.8230000000000001,0.8190970086602298,0.823,7.70673600002192
64,0.00025,8,Tanh,50,0.8030000000000002,0.7970519302949397,0.803,6.73679309990257
64,0.00025,8,Tanh,100,0.8030000000000002,0.7970519302949397,0.803,5.695493600098416
64,0.00025,8,Tanh,300,0.8030000000000002,0.7970519302949397,0.803,5.441386900143698
64,0.00025,8,Tanh,500,0.8030000000000002,0.7970519302949397,0.803,5.826167699880898
64,0.00025,8,Tanh,1000,0.8030000000000002,0.7970519302949397,0.803,5.308112300001085
64,0.00025,8,Sigmoid,50,0.8009999999999999,0.7949637221586312,0.801,6.475548099959269
64,0.00025,8,Sigmoid,100,0.8025,0.7960979961738135,0.8025,8.21360499993898
64,0.00025,8,Sigmoid,300,0.8025,0.7960979961738135,0.8025,8.863475400023162
64,0.00025,8,Sigmoid,500,0.8025,0.7960979961738135,0.8025,8.859790700022131
64,0.00025,8,Sigmoid,1000,0.8025,0.7960979961738135,0.8025,8.715132100041956
64,0.00025,8,GELU,50,0.8230000000000001,0.8190970086602298,0.823,6.210676099872217
64,0.00025,8,GELU,100,0.8230000000000001,0.8190970086602298,0.823,5.9462573998607695
64,0.00025,8,GELU,300,0.8230000000000001,0.8190970086602298,0.823,6.062361299991608
64,0.00025,8,GELU,500,0.8230000000000001,0.8190970086602298,0.823,6.359730599913746
64,0.00025,8,GELU,1000,0.8230000000000001,0.8190970086602298,0.823,5.801707500126213
64,0.00025,8,Softmax,50,0.8009999999999999,0.7949637221586312,0.801,6.754400500096381
64,0.00025,8,Softmax,100,0.8025,0.7960979961738135,0.8025,7.373915900010616
64,0.00025,8,Softmax,300,0.8025,0.7960979961738135,0.8025,8.286764399847016
64,0.00025,8,Softmax,500,0.8025,0.7960979961738135,0.8025,8.449093600036576
64,0.00025,8,Softmax,1000,0.8025,0.7960979961738135,0.8025,8.099368500057608
64,0.00025,16,ReLU,50,0.8130000000000001,0.8083842902343397,0.813,2.894720599986613
64,0.00025,16,ReLU,100,0.8130000000000001,0.8083842902343397,0.813,2.773655900033191
64,0.00025,16,ReLU,300,0.8130000000000001,0.8083842902343397,0.813,3.721052899956703
64,0.00025,16,ReLU,500,0.8130000000000001,0.8083842902343397,0.813,3.784738600021228
64,0.00025,16,ReLU,1000,0.8130000000000001,0.8083842902343397,0.813,3.2732889999169856
64,0.00025,16,Tanh,50,0.8029999999999999,0.7967456489955539,0.803,2.8259588999208063
64,0.00025,16,Tanh,100,0.8029999999999999,0.7967456489955539,0.803,3.2152134000789374
64,0.00025,16,Tanh,300,0.8029999999999999,0.7967456489955539,0.803,3.479131900006905
64,0.00025,16,Tanh,500,0.8029999999999999,0.7967456489955539,0.803,3.0923420002218336
64,0.00025,16,Tanh,1000,0.8029999999999999,0.7967456489955539,0.803,2.872444200096652
64,0.00025,16,Sigmoid,50,0.7825,0.7760653733499744,0.7825,3.867679099785164
64,0.00025,16,Sigmoid,100,0.7805000000000001,0.774741047614637,0.7805,4.676891400013119
64,0.00025,16,Sigmoid,300,0.7805000000000001,0.774741047614637,0.7805,4.76018530013971
64,0.00025,16,Sigmoid,500,0.7805000000000001,0.774741047614637,0.7805,4.853625499876216
64,0.00025,16,Sigmoid,1000,0.7805000000000001,0.774741047614637,0.7805,5.076655700104311
64,0.00025,16,GELU,50,0.8130000000000001,0.8083842902343397,0.813,3.3693601000122726
64,0.00025,16,GELU,100,0.8130000000000001,0.8083842902343397,0.813,2.8574630999937654
64,0.00025,16,GELU,300,0.8130000000000001,0.8083842902343397,0.813,2.9370589000172913
64,0.00025,16,GELU,500,0.8130000000000001,0.8083842902343397,0.813,3.1943052001297474
64,0.00025,16,GELU,1000,0.8130000000000001,0.8083842902343397,0.813,3.4207108998671174
64,0.00025,16,Softmax,50,0.7825,0.7760653733499744,0.7825,3.252735400106758
64,0.00025,16,Softmax,100,0.7805000000000001,0.774741047614637,0.7805,4.979918499942869
64,0.00025,16,Softmax,300,0.7805000000000001,0.774741047614637,0.7805,4.859364900039509
64,0.00025,16,Softmax,500,0.7805000000000001,0.774741047614637,0.7805,4.638233100064099
64,0.00025,16,Softmax,1000,0.7805000000000001,0.774741047614637,0.7805,4.568639799952507
64,0.00025,32,ReLU,50,0.8029999999999999,0.7978705237857263,0.803,1.990151199977845
64,0.00025,32,ReLU,100,0.8039999999999999,0.799140826546813,0.804,2.4179549000691622
64,0.00025,32,ReLU,300,0.8039999999999999,0.799140826546813,0.804,2.215911600040272
64,0.00025,32,ReLU,500,0.8039999999999999,0.799140826546813,0.804,2.3577618000563234
64,0.00025,32,ReLU,1000,0.8039999999999999,0.799140826546813,0.804,2.337537300074473
64,0.00025,32,Tanh,50,0.7925000000000001,0.786144417276272,0.7925,1.7985915001481771
64,0.00025,32,Tanh,100,0.7925000000000001,0.786144417276272,0.7925,1.8509025000967085
64,0.00025,32,Tanh,300,0.7925000000000001,0.786144417276272,0.7925,1.8550778001081198
64,0.00025,32,Tanh,500,0.7925000000000001,0.786144417276272,0.7925,2.0400618000421673
64,0.00025,32,Tanh,1000,0.7925000000000001,0.786144417276272,0.7925,1.836939400061965
64,0.00025,32,Sigmoid,50,0.7705000000000001,0.7617342664853799,0.7705,2.3465446000918746
64,0.00025,32,Sigmoid,100,0.776,0.7681649771434358,0.776,3.8019995000213385
64,0.00025,32,Sigmoid,300,0.776,0.7681649771434358,0.776,2.72162270010449
64,0.00025,32,Sigmoid,500,0.776,0.7681649771434358,0.776,3.4969828000757843
64,0.00025,32,Sigmoid,1000,0.776,0.7681649771434358,0.776,2.2421365999616683
64,0.00025,32,GELU,50,0.8029999999999999,0.7978705237857263,0.803,1.712776399916038
64,0.00025,32,GELU,100,0.8039999999999999,0.799140826546813,0.804,2.9163651999551803
64,0.00025,32,GELU,300,0.8039999999999999,0.799140826546813,0.804,2.0593105000443757
64,0.00025,32,GELU,500,0.8039999999999999,0.799140826546813,0.804,2.4444105001166463
64,0.00025,32,GELU,1000,0.8039999999999999,0.799140826546813,0.804,2.892049199901521
64,0.00025,32,Softmax,50,0.7705000000000001,0.7617342664853799,0.7705,1.6234503998421133
64,0.00025,32,Softmax,100,0.776,0.7681649771434358,0.776,2.6412486999761313
64,0.00025,32,Softmax,300,0.776,0.7681649771434358,0.776,3.4600679001305252
64,0.00025,32,Softmax,500,0.776,0.7681649771434358,0.776,2.4165876999031752
64,0.00025,32,Softmax,1000,0.776,0.7681649771434358,0.776,2.8469932000152767
64,0.00025,64,ReLU,50,0.7815,0.7754262582348079,0.7815,1.6257287000771612
64,0.00025,64,ReLU,100,0.7835,0.7777390468522111,0.7835,1.4861099999397993
64,0.00025,64,ReLU,300,0.7835,0.7777390468522111,0.7835,1.301360100042075
64,0.00025,64,ReLU,500,0.7835,0.7777390468522111,0.7835,1.1969540000427514
64,0.00025,64,ReLU,1000,0.7835,0.7777390468522111,0.7835,1.317633100086823
64,0.00025,64,Tanh,50,0.7775,0.7688961097201537,0.7775,1.774166300194338
64,0.00025,64,Tanh,100,0.7815,0.773515799371636,0.7815,1.7979683999437839
64,0.00025,64,Tanh,300,0.7815,0.773515799371636,0.7815,1.4732144000008702
64,0.00025,64,Tanh,500,0.7815,0.773515799371636,0.7815,1.5002516000531614
64,0.00025,64,Tanh,1000,0.7815,0.773515799371636,0.7815,1.4336846999358386
64,0.00025,64,Sigmoid,50,0.7405,0.7299455989965684,0.7405,1.9773232999723405
64,0.00025,64,Sigmoid,100,0.7495,0.7396340548612306,0.7495,2.3798944000154734
64,0.00025,64,Sigmoid,300,0.7495,0.7396340548612306,0.7495,1.8090061999391764
64,0.00025,64,Sigmoid,500,0.7495,0.7396340548612306,0.7495,1.7436231998726726
64,0.00025,64,Sigmoid,1000,0.7495,0.7396340548612306,0.7495,1.9860415000002831
64,0.00025,64,GELU,50,0.7815,0.7754262582348079,0.7815,1.6755854000803083
64,0.00025,64,GELU,100,0.7835,0.7777390468522111,0.7835,1.454308999935165
64,0.00025,64,GELU,300,0.7835,0.7777390468522111,0.7835,1.3995562999043614
64,0.00025,64,GELU,500,0.7835,0.7777390468522111,0.7835,1.3230707000475377
64,0.00025,64,GELU,1000,0.7835,0.7777390468522111,0.7835,1.176200299989432
64,0.00025,64,Softmax,50,0.7405,0.7299455989965684,0.7405,1.8986279000528157
64,0.00025,64,Softmax,100,0.7495,0.7396340548612306,0.7495,2.4836687999777496
64,0.00025,64,Softmax,300,0.7495,0.7396340548612306,0.7495,1.898115900112316
64,0.00025,64,Softmax,500,0.7495,0.7396340548612306,0.7495,1.7973600998520851
64,0.00025,64,Softmax,1000,0.7495,0.7396340548612306,0.7495,1.9650552000384778
64,0.00025,128,ReLU,50,0.767,0.7598137941826854,0.767,1.1824801000766456
64,0.00025,128,ReLU,100,0.7825,0.7761262288956801,0.7825,1.3132378999143839
64,0.00025,128,ReLU,300,0.7825,0.7761262288956801,0.7825,2.0732799998950213
64,0.00025,128,ReLU,500,0.7825,0.7761262288956801,0.7825,1.3207741999067366
64,0.00025,128,ReLU,1000,0.7825,0.7761262288956801,0.7825,1.8465323999989778
64,0.00025,128,Tanh,50,0.766,0.7576764493132009,0.766,0.7783278999850154
64,0.00025,128,Tanh,100,0.7769999999999999,0.7688130952051688,0.777,1.647974899969995
64,0.00025,128,Tanh,300,0.7769999999999999,0.7688130952051688,0.777,1.5393771999515593
64,0.00025,128,Tanh,500,0.7769999999999999,0.7688130952051688,0.777,1.7794444002211094
64,0.00025,128,Tanh,1000,0.7769999999999999,0.7688130952051688,0.777,1.2033321000635624
64,0.00025,128,Sigmoid,50,0.7085,0.6969275869650737,0.7085,1.3132591000758111
64,0.00025,128,Sigmoid,100,0.7395,0.7303697413854312,0.7395,1.967290700180456
64,0.00025,128,Sigmoid,300,0.7395,0.7303697413854312,0.7395,1.321934700012207
64,0.00025,128,Sigmoid,500,0.7395,0.7303697413854312,0.7395,1.3440632000565529
64,0.00025,128,Sigmoid,1000,0.7395,0.7303697413854312,0.7395,2.2509206999093294
64,0.00025,128,GELU,50,0.767,0.7598137941826854,0.767,1.2069506000261754
64,0.00025,128,GELU,100,0.7825,0.7761262288956801,0.7825,1.2555070999078453
64,0.00025,128,GELU,300,0.7825,0.7761262288956801,0.7825,1.1732795001007617
64,0.00025,128,GELU,500,0.7825,0.7761262288956801,0.7825,1.290094800060615
64,0.00025,128,GELU,1000,0.7825,0.7761262288956801,0.7825,2.026684100041166
64,0.00025,128,Softmax,50,0.7085,0.6969275869650737,0.7085,1.0526136998087168
64,0.00025,128,Softmax,100,0.7395,0.7303697413854312,0.7395,1.2009791999589652
64,0.00025,128,Softmax,300,0.7395,0.7303697413854312,0.7395,1.1894936999306083
64,0.00025,128,Softmax,500,0.7395,0.7303697413854312,0.7395,1.9851633000653237
64,0.00025,128,Softmax,1000,0.7395,0.7303697413854312,0.7395,2.095525600016117
128,0.01,8,ReLU,50,0.8285,0.8284022971650563,0.8285,2.951248300028965
128,0.01,8,ReLU,100,0.8285,0.8284022971650563,0.8285,3.407720699906349
128,0.01,8,ReLU,300,0.8285,0.8284022971650563,0.8285,3.3849779998417944
128,0.01,8,ReLU,500,0.8285,0.8284022971650563,0.8285,3.7010206000413746
128,0.01,8,ReLU,1000,0.8285,0.8284022971650563,0.8285,4.150569899939001
128,0.01,8,Tanh,50,0.8110000000000002,0.8071918669592654,0.811,3.5949388002045453
128,0.01,8,Tanh,100,0.8110000000000002,0.8071918669592654,0.811,3.6623045997694135
128,0.01,8,Tanh,300,0.8110000000000002,0.8071918669592654,0.811,4.120225999969989
128,0.01,8,Tanh,500,0.8110000000000002,0.8071918669592654,0.811,3.053012500051409
128,0.01,8,Tanh,1000,0.8110000000000002,0.8071918669592654,0.811,3.2352650000248104
128,0.01,8,Sigmoid,50,0.8300000000000001,0.8235593900304078,0.83,3.283181400038302
128,0.01,8,Sigmoid,100,0.8300000000000001,0.8235593900304078,0.83,3.418963899835944
128,0.01,8,Sigmoid,300,0.8300000000000001,0.8235593900304078,0.83,3.6867215998936445
128,0.01,8,Sigmoid,500,0.8300000000000001,0.8235593900304078,0.83,3.952502599917352
128,0.01,8,Sigmoid,1000,0.8300000000000001,0.8235593900304078,0.83,3.2453884000424296
128,0.01,8,GELU,50,0.8285,0.8284022971650563,0.8285,3.5764450000133365
128,0.01,8,GELU,100,0.8285,0.8284022971650563,0.8285,3.2201314999256283
128,0.01,8,GELU,300,0.8285,0.8284022971650563,0.8285,3.769111800007522
128,0.01,8,GELU,500,0.8285,0.8284022971650563,0.8285,4.0845584000926465
128,0.01,8,GELU,1000,0.8285,0.8284022971650563,0.8285,4.045778699917719
128,0.01,8,Softmax,50,0.8300000000000001,0.8235593900304078,0.83,3.294561899965629
128,0.01,8,Softmax,100,0.8300000000000001,0.8235593900304078,0.83,4.2958401998039335
128,0.01,8,Softmax,300,0.8300000000000001,0.8235593900304078,0.83,3.897617199923843
128,0.01,8,Softmax,500,0.8300000000000001,0.8235593900304078,0.83,3.740122999995947
128,0.01,8,Softmax,1000,0.8300000000000001,0.8235593900304078,0.83,3.699232399929315
128,0.01,16,ReLU,50,0.8215,0.8182908942222469,0.8215,1.91859390004538
128,0.01,16,ReLU,100,0.8215,0.8182908942222469,0.8215,2.256614299956709
128,0.01,16,ReLU,300,0.8215,0.8182908942222469,0.8215,2.011327600106597
128,0.01,16,ReLU,500,0.8215,0.8182908942222469,0.8215,2.074839900014922
128,0.01,16,ReLU,1000,0.8215,0.8182908942222469,0.8215,2.195456200046465
128,0.01,16,Tanh,50,0.8219999999999998,0.8206470451450955,0.822,2.5231822999194264
128,0.01,16,Tanh,100,0.8219999999999998,0.8206470451450955,0.822,1.984285900136456
128,0.01,16,Tanh,300,0.8219999999999998,0.8206470451450955,0.822,2.3704377999529243
128,0.01,16,Tanh,500,0.8219999999999998,0.8206470451450955,0.822,2.060162200126797
128,0.01,16,Tanh,1000,0.8219999999999998,0.8206470451450955,0.822,2.7107406000141054
128,0.01,16,Sigmoid,50,0.828,0.8255192088753525,0.828,2.2902333000674844
128,0.01,16,Sigmoid,100,0.828,0.8255192088753525,0.828,2.7201938000507653
128,0.01,16,Sigmoid,300,0.828,0.8255192088753525,0.828,2.180657000048086
128,0.01,16,Sigmoid,500,0.828,0.8255192088753525,0.828,2.2542218000162393
128,0.01,16,Sigmoid,1000,0.828,0.8255192088753525,0.828,2.3550867999438196
128,0.01,16,GELU,50,0.8215,0.8182908942222469,0.8215,1.949709399836138
128,0.01,16,GELU,100,0.8215,0.8182908942222469,0.8215,2.0159821999259293
128,0.01,16,GELU,300,0.8215,0.8182908942222469,0.8215,1.912111299810931
128,0.01,16,GELU,500,0.8215,0.8182908942222469,0.8215,2.00685270014219
128,0.01,16,GELU,1000,0.8215,0.8182908942222469,0.8215,2.009887200081721
128,0.01,16,Softmax,50,0.828,0.8255192088753525,0.828,2.2616138998419046
128,0.01,16,Softmax,100,0.828,0.8255192088753525,0.828,2.8700758998747915
128,0.01,16,Softmax,300,0.828,0.8255192088753525,0.828,3.040414199931547
128,0.01,16,Softmax,500,0.828,0.8255192088753525,0.828,2.9637835999019444
128,0.01,16,Softmax,1000,0.828,0.8255192088753525,0.828,2.7818406000733376
128,0.01,32,ReLU,50,0.82,0.8167778308398674,0.82,1.426491599995643
128,0.01,32,ReLU,100,0.82,0.8167778308398674,0.82,1.226303700124845
128,0.01,32,ReLU,300,0.82,0.8167778308398674,0.82,1.28846860001795
128,0.01,32,ReLU,500,0.82,0.8167778308398674,0.82,1.3730031000450253
128,0.01,32,ReLU,1000,0.82,0.8167778308398674,0.82,1.3820919999852777
128,0.01,32,Tanh,50,0.8319999999999999,0.8299547762835064,0.832,1.2911001001484692
128,0.01,32,Tanh,100,0.8319999999999999,0.8299547762835064,0.832,0.9390439998824149
128,0.01,32,Tanh,300,0.8319999999999999,0.8299547762835064,0.832,1.0902988999150693
128,0.01,32,Tanh,500,0.8319999999999999,0.8299547762835064,0.832,1.277595499996096
128,0.01,32,Tanh,1000,0.8319999999999999,0.8299547762835064,0.832,0.8888745999429375
128,0.01,32,Sigmoid,50,0.8284999999999998,0.826201670727429,0.8285,2.026047500083223
128,0.01,32,Sigmoid,100,0.8284999999999998,0.826201670727429,0.8285,1.6188239001203328
128,0.01,32,Sigmoid,300,0.8284999999999998,0.826201670727429,0.8285,1.2051214999519289
128,0.01,32,Sigmoid,500,0.8284999999999998,0.826201670727429,0.8285,1.704579999903217
128,0.01,32,Sigmoid,1000,0.8284999999999998,0.826201670727429,0.8285,1.2933199999388307
128,0.01,32,GELU,50,0.82,0.8167778308398674,0.82,1.3437715000472963
128,0.01,32,GELU,100,0.82,0.8167778308398674,0.82,1.2944526001811028
128,0.01,32,GELU,300,0.82,0.8167778308398674,0.82,1.3402163002174348
128,0.01,32,GELU,500,0.82,0.8167778308398674,0.82,1.3986690000165254
128,0.01,32,GELU,1000,0.82,0.8167778308398674,0.82,1.3727828001137823
128,0.01,32,Softmax,50,0.8284999999999998,0.826201670727429,0.8285,1.305423199897632
128,0.01,32,Softmax,100,0.8284999999999998,0.826201670727429,0.8285,1.3133904000278562
128,0.01,32,Softmax,300,0.8284999999999998,0.826201670727429,0.8285,1.3637610001023859
128,0.01,32,Softmax,500,0.8284999999999998,0.826201670727429,0.8285,1.470689400099218
128,0.01,32,Softmax,1000,0.8284999999999998,0.826201670727429,0.8285,1.5982947000302374
128,0.01,64,ReLU,50,0.8234999999999999,0.8224894940793485,0.8235,0.8964846001472324
128,0.01,64,ReLU,100,0.8234999999999999,0.8224894940793485,0.8235,0.7277033999562263
128,0.01,64,ReLU,300,0.8234999999999999,0.8224894940793485,0.8235,0.9186517000198364
128,0.01,64,ReLU,500,0.8234999999999999,0.8224894940793485,0.8235,0.6930729001760483
128,0.01,64,ReLU,1000,0.8234999999999999,0.8224894940793485,0.8235,1.0434935002122074
128,0.01,64,Tanh,50,0.8255000000000001,0.8229857575305729,0.8255,0.8509237000253052
128,0.01,64,Tanh,100,0.8255000000000001,0.8229857575305729,0.8255,1.2053501000627875
128,0.01,64,Tanh,300,0.8255000000000001,0.8229857575305729,0.8255,1.0835206999909133
128,0.01,64,Tanh,500,0.8255000000000001,0.8229857575305729,0.8255,1.2429434000514448
128,0.01,64,Tanh,1000,0.8255000000000001,0.8229857575305729,0.8255,0.9624627998564392
128,0.01,64,Sigmoid,50,0.8230000000000001,0.8187222812307791,0.823,1.314920499920845
128,0.01,64,Sigmoid,100,0.8230000000000001,0.8187222812307791,0.823,1.1153135001659393
128,0.01,64,Sigmoid,300,0.8230000000000001,0.8187222812307791,0.823,1.0059936000034213
128,0.01,64,Sigmoid,500,0.8230000000000001,0.8187222812307791,0.823,0.8922352998051792
128,0.01,64,Sigmoid,1000,0.8230000000000001,0.8187222812307791,0.823,1.1064273999072611
128,0.01,64,GELU,50,0.8234999999999999,0.8224894940793485,0.8235,0.8737365999259055
128,0.01,64,GELU,100,0.8234999999999999,0.8224894940793485,0.8235,1.0398967999499291
128,0.01,64,GELU,300,0.8234999999999999,0.8224894940793485,0.8235,0.895261799916625
128,0.01,64,GELU,500,0.8234999999999999,0.8224894940793485,0.8235,0.9144202000461519
128,0.01,64,GELU,1000,0.8234999999999999,0.8224894940793485,0.8235,1.016392800025642
128,0.01,64,Softmax,50,0.8230000000000001,0.8187222812307791,0.823,0.9367288001812994
128,0.01,64,Softmax,100,0.8230000000000001,0.8187222812307791,0.823,1.436590899946168
128,0.01,64,Softmax,300,0.8230000000000001,0.8187222812307791,0.823,0.9840011999476701
128,0.01,64,Softmax,500,0.8230000000000001,0.8187222812307791,0.823,1.4437199998646975
128,0.01,64,Softmax,1000,0.8230000000000001,0.8187222812307791,0.823,0.7992201000452042
128,0.01,128,ReLU,50,0.825,0.8232758609665046,0.825,0.9135158001445234
128,0.01,128,ReLU,100,0.825,0.8232758609665046,0.825,0.759182299952954
128,0.01,128,ReLU,300,0.825,0.8232758609665046,0.825,0.5181027001235634
128,0.01,128,ReLU,500,0.825,0.8232758609665046,0.825,0.7430392000824213
128,0.01,128,ReLU,1000,0.825,0.8232758609665046,0.825,0.5586969999130815
128,0.01,128,Tanh,50,0.8145,0.8115618551223518,0.8145,0.8673119999002665
128,0.01,128,Tanh,100,0.8145,0.8115618551223518,0.8145,0.6531382000539452
128,0.01,128,Tanh,300,0.8145,0.8115618551223518,0.8145,0.8378965000156313
128,0.01,128,Tanh,500,0.8145,0.8115618551223518,0.8145,0.7695981999859214
128,0.01,128,Tanh,1000,0.8145,0.8115618551223518,0.8145,0.6800685001071543
128,0.01,128,Sigmoid,50,0.8295,0.8261059640904881,0.8295,0.9040083000436425
128,0.01,128,Sigmoid,100,0.8295,0.8261059640904881,0.8295,0.8379160999320447
128,0.01,128,Sigmoid,300,0.8295,0.8261059640904881,0.8295,0.8345546999480575
128,0.01,128,Sigmoid,500,0.8295,0.8261059640904881,0.8295,0.9879715999122709
128,0.01,128,Sigmoid,1000,0.8295,0.8261059640904881,0.8295,0.8094509998336434
128,0.01,128,GELU,50,0.825,0.8232758609665046,0.825,0.6776896000374109
128,0.01,128,GELU,100,0.825,0.8232758609665046,0.825,0.6975165999028832
128,0.01,128,GELU,300,0.825,0.8232758609665046,0.825,0.9036363000050187
128,0.01,128,GELU,500,0.825,0.8232758609665046,0.825,0.744840299943462
128,0.01,128,GELU,1000,0.825,0.8232758609665046,0.825,0.6078690001741052
128,0.01,128,Softmax,50,0.8295,0.8261059640904881,0.8295,1.244182800175622
128,0.01,128,Softmax,100,0.8295,0.8261059640904881,0.8295,1.0321863999124616
128,0.01,128,Softmax,300,0.8295,0.8261059640904881,0.8295,1.1481472000014037
128,0.01,128,Softmax,500,0.8295,0.8261059640904881,0.8295,0.9908082999754697
128,0.01,128,Softmax,1000,0.8295,0.8261059640904881,0.8295,0.7790976001415402
128,0.001,8,ReLU,50,0.8244999999999999,0.8216487219465808,0.8245,3.6260356998536736
128,0.001,8,ReLU,100,0.8244999999999999,0.8216487219465808,0.8245,4.0765083997976035
128,0.001,8,ReLU,300,0.8244999999999999,0.8216487219465808,0.8245,3.727409099927172
128,0.001,8,ReLU,500,0.8244999999999999,0.8216487219465808,0.8245,4.761606900021434
128,0.001,8,ReLU,1000,0.8244999999999999,0.8216487219465808,0.8245,3.53520859987475
128,0.001,8,Tanh,50,0.8264999999999999,0.8231170208838041,0.8265,4.3450498001184314
128,0.001,8,Tanh,100,0.8264999999999999,0.8231170208838041,0.8265,3.7876190999522805
128,0.001,8,Tanh,300,0.8264999999999999,0.8231170208838041,0.8265,4.769386899890378
128,0.001,8,Tanh,500,0.8264999999999999,0.8231170208838041,0.8265,3.44089820003137
128,0.001,8,Tanh,1000,0.8264999999999999,0.8231170208838041,0.8265,4.862389300018549
128,0.001,8,Sigmoid,50,0.8215,0.8174367025811566,0.8215,5.162654599873349
128,0.001,8,Sigmoid,100,0.8215,0.8174367025811566,0.8215,5.483447999926284
128,0.001,8,Sigmoid,300,0.8215,0.8174367025811566,0.8215,5.974711999995634
128,0.001,8,Sigmoid,500,0.8215,0.8174367025811566,0.8215,6.168528799898922
128,0.001,8,Sigmoid,1000,0.8215,0.8174367025811566,0.8215,5.783683099783957
128,0.001,8,GELU,50,0.8244999999999999,0.8216487219465808,0.8245,3.7137120000552386
128,0.001,8,GELU,100,0.8244999999999999,0.8216487219465808,0.8245,3.6469104001298547
128,0.001,8,GELU,300,0.8244999999999999,0.8216487219465808,0.8245,3.8311425999272615
128,0.001,8,GELU,500,0.8244999999999999,0.8216487219465808,0.8245,3.9362482000142336
128,0.001,8,GELU,1000,0.8244999999999999,0.8216487219465808,0.8245,4.236090200021863
128,0.001,8,Softmax,50,0.8215,0.8174367025811566,0.8215,5.033186299959198
128,0.001,8,Softmax,100,0.8215,0.8174367025811566,0.8215,6.716136900009587
128,0.001,8,Softmax,300,0.8215,0.8174367025811566,0.8215,6.946079300018027
128,0.001,8,Softmax,500,0.8215,0.8174367025811566,0.8215,6.89800739986822
128,0.001,8,Softmax,1000,0.8215,0.8174367025811566,0.8215,5.807115199975669
128,0.001,16,ReLU,50,0.8264999999999999,0.821831472673942,0.8265,1.9682939001359046
128,0.001,16,ReLU,100,0.8264999999999999,0.821831472673942,0.8265,1.7974453000351787
128,0.001,16,ReLU,300,0.8264999999999999,0.821831472673942,0.8265,2.9521976998075843
128,0.001,16,ReLU,500,0.8264999999999999,0.821831472673942,0.8265,2.443203000118956
128,0.001,16,ReLU,1000,0.8264999999999999,0.821831472673942,0.8265,1.9319613000843674
128,0.001,16,Tanh,50,0.8255000000000001,0.8219389147756637,0.8255,2.8244775000493973
128,0.001,16,Tanh,100,0.8255000000000001,0.8219389147756637,0.8255,3.0239402998704463
128,0.001,16,Tanh,300,0.8255000000000001,0.8219389147756637,0.8255,2.838719299994409
128,0.001,16,Tanh,500,0.8255000000000001,0.8219389147756637,0.8255,2.9912091000005603
128,0.001,16,Tanh,1000,0.8255000000000001,0.8219389147756637,0.8255,2.634607700165361
128,0.001,16,Sigmoid,50,0.8215,0.8172356000872595,0.8215,3.4480528999119997
128,0.001,16,Sigmoid,100,0.8215,0.8172356000872595,0.8215,3.3395471998956054
128,0.001,16,Sigmoid,300,0.8215,0.8172356000872595,0.8215,3.524039699928835
128,0.001,16,Sigmoid,500,0.8215,0.8172356000872595,0.8215,4.128544100094587
128,0.001,16,Sigmoid,1000,0.8215,0.8172356000872595,0.8215,3.882135899970308
128,0.001,16,GELU,50,0.8264999999999999,0.821831472673942,0.8265,2.8737770000007004
128,0.001,16,GELU,100,0.8264999999999999,0.821831472673942,0.8265,1.9273590999655426
128,0.001,16,GELU,300,0.8264999999999999,0.821831472673942,0.8265,2.693084599915892
128,0.001,16,GELU,500,0.8264999999999999,0.821831472673942,0.8265,1.9601664000656456
128,0.001,16,GELU,1000,0.8264999999999999,0.821831472673942,0.8265,2.296921300003305
128,0.001,16,Softmax,50,0.8215,0.8172356000872595,0.8215,3.2906550001353025
128,0.001,16,Softmax,100,0.8215,0.8172356000872595,0.8215,3.339830300072208
128,0.001,16,Softmax,300,0.8215,0.8172356000872595,0.8215,3.44272239995189
128,0.001,16,Softmax,500,0.8215,0.8172356000872595,0.8215,3.829959199996665
128,0.001,16,Softmax,1000,0.8215,0.8172356000872595,0.8215,3.8337247997988015
128,0.001,32,ReLU,50,0.8095000000000001,0.8052317640511258,0.8095,1.418881299905479
128,0.001,32,ReLU,100,0.8095000000000001,0.8052317640511258,0.8095,1.3988122001755983
128,0.001,32,ReLU,300,0.8095000000000001,0.8052317640511258,0.8095,1.0939354998990893
128,0.001,32,ReLU,500,0.8095000000000001,0.8052317640511258,0.8095,1.3225349001586437
128,0.001,32,ReLU,1000,0.8095000000000001,0.8052317640511258,0.8095,1.6596208000555634
128,0.001,32,Tanh,50,0.8135,0.809583447159239,0.8135,1.7139632001053542
128,0.001,32,Tanh,100,0.8135,0.809583447159239,0.8135,1.68107910011895
128,0.001,32,Tanh,300,0.8135,0.809583447159239,0.8135,2.178285700036213
128,0.001,32,Tanh,500,0.8135,0.809583447159239,0.8135,1.452515299897641
128,0.001,32,Tanh,1000,0.8135,0.809583447159239,0.8135,2.324445999925956
128,0.001,32,Sigmoid,50,0.8095000000000001,0.8057515738126202,0.8095,1.7156092999503016
128,0.001,32,Sigmoid,100,0.8095000000000001,0.8057515738126202,0.8095,2.653027599910274
128,0.001,32,Sigmoid,300,0.8095000000000001,0.8057515738126202,0.8095,1.7885356000624597
128,0.001,32,Sigmoid,500,0.8095000000000001,0.8057515738126202,0.8095,2.6311101999599487
128,0.001,32,Sigmoid,1000,0.8095000000000001,0.8057515738126202,0.8095,1.66894940007478
128,0.001,32,GELU,50,0.8095000000000001,0.8052317640511258,0.8095,1.0253534999210387
128,0.001,32,GELU,100,0.8095000000000001,0.8052317640511258,0.8095,1.3431555000133812
128,0.001,32,GELU,300,0.8095000000000001,0.8052317640511258,0.8095,1.6738747998606414
128,0.001,32,GELU,500,0.8095000000000001,0.8052317640511258,0.8095,1.399593299953267
128,0.001,32,GELU,1000,0.8095000000000001,0.8052317640511258,0.8095,1.4241182999685407
128,0.001,32,Softmax,50,0.8095000000000001,0.8057515738126202,0.8095,2.3336394999641925
128,0.001,32,Softmax,100,0.8095000000000001,0.8057515738126202,0.8095,2.021530200028792
128,0.001,32,Softmax,300,0.8095000000000001,0.8057515738126202,0.8095,1.8359859001357108
128,0.001,32,Softmax,500,0.8095000000000001,0.8057515738126202,0.8095,2.12885669991374
128,0.001,32,Softmax,1000,0.8095000000000001,0.8057515738126202,0.8095,2.023485600017011
128,0.001,64,ReLU,50,0.8099999999999999,0.8069423307334332,0.81,1.3601460999343544
128,0.001,64,ReLU,100,0.8099999999999999,0.8069423307334332,0.81,1.0897230000700802
128,0.001,64,ReLU,300,0.8099999999999999,0.8069423307334332,0.81,1.2520242999307811
128,0.001,64,ReLU,500,0.8099999999999999,0.8069423307334332,0.81,1.0258686998859048
128,0.001,64,ReLU,1000,0.8099999999999999,0.8069423307334332,0.81,1.1756073001306504
128,0.001,64,Tanh,50,0.817,0.8128507320266685,0.817,1.0811840000096709
128,0.001,64,Tanh,100,0.817,0.8128507320266685,0.817,1.210761000169441
128,0.001,64,Tanh,300,0.817,0.8128507320266685,0.817,1.0400002000387758
128,0.001,64,Tanh,500,0.817,0.8128507320266685,0.817,1.3901390999089926
128,0.001,64,Tanh,1000,0.817,0.8128507320266685,0.817,1.107799299992621
128,0.001,64,Sigmoid,50,0.8014999999999999,0.7951231954221025,0.8015,1.876547999912873
128,0.001,64,Sigmoid,100,0.8014999999999999,0.7951231954221025,0.8015,1.8139374998863786
128,0.001,64,Sigmoid,300,0.8014999999999999,0.7951231954221025,0.8015,1.486910599982366
128,0.001,64,Sigmoid,500,0.8014999999999999,0.7951231954221025,0.8015,1.5670301001518965
128,0.001,64,Sigmoid,1000,0.8014999999999999,0.7951231954221025,0.8015,1.9524397000204772
128,0.001,64,GELU,50,0.8099999999999999,0.8069423307334332,0.81,1.1009732999373227
128,0.001,64,GELU,100,0.8099999999999999,0.8069423307334332,0.81,1.0631332001648843
128,0.001,64,GELU,300,0.8099999999999999,0.8069423307334332,0.81,1.1916067998390645
128,0.001,64,GELU,500,0.8099999999999999,0.8069423307334332,0.81,1.1302473000250757
128,0.001,64,GELU,1000,0.8099999999999999,0.8069423307334332,0.81,1.2644329001195729
128,0.001,64,Softmax,50,0.8014999999999999,0.7951231954221025,0.8015,1.6417104001156986
128,0.001,64,Softmax,100,0.8014999999999999,0.7951231954221025,0.8015,1.8911476999055594
128,0.001,64,Softmax,300,0.8014999999999999,0.7951231954221025,0.8015,1.8997581999283284
128,0.001,64,Softmax,500,0.8014999999999999,0.7951231954221025,0.8015,1.9369914999697357
128,0.001,64,Softmax,1000,0.8014999999999999,0.7951231954221025,0.8015,1.5164131000638008
128,0.001,128,ReLU,50,0.8039999999999999,0.7993921730764952,0.804,1.0718629001639783
128,0.001,128,ReLU,100,0.8039999999999999,0.7993921730764952,0.804,1.0433060999494046
128,0.001,128,ReLU,300,0.8039999999999999,0.7993921730764952,0.804,0.9600833000149578
128,0.001,128,ReLU,500,0.8039999999999999,0.7993921730764952,0.804,0.9731190998572856
128,0.001,128,ReLU,1000,0.8039999999999999,0.7993921730764952,0.804,0.9645120000932366
128,0.001,128,Tanh,50,0.8074999999999999,0.8022237702350704,0.8075,1.05945900012739
128,0.001,128,Tanh,100,0.8074999999999999,0.8022237702350704,0.8075,1.238304999889806
128,0.001,128,Tanh,300,0.8074999999999999,0.8022237702350704,0.8075,1.1707911000121385
128,0.001,128,Tanh,500,0.8074999999999999,0.8022237702350704,0.8075,1.0083000999875367
128,0.001,128,Tanh,1000,0.8074999999999999,0.8022237702350704,0.8075,1.140384100144729
128,0.001,128,Sigmoid,50,0.7825,0.7767460495455454,0.7825,1.3806986999697983
128,0.001,128,Sigmoid,100,0.783,0.776954516236559,0.783,1.5276995000895113
128,0.001,128,Sigmoid,300,0.783,0.776954516236559,0.783,1.3487836001440883
128,0.001,128,Sigmoid,500,0.783,0.776954516236559,0.783,1.2531165999826044
128,0.001,128,Sigmoid,1000,0.783,0.776954516236559,0.783,1.2688542001415044
128,0.001,128,GELU,50,0.8039999999999999,0.7993921730764952,0.804,0.8016222999431193
128,0.001,128,GELU,100,0.8039999999999999,0.7993921730764952,0.804,1.0663095000199974
128,0.001,128,GELU,300,0.8039999999999999,0.7993921730764952,0.804,1.2187299998477101
128,0.001,128,GELU,500,0.8039999999999999,0.7993921730764952,0.804,0.9859549000393599
128,0.001,128,GELU,1000,0.8039999999999999,0.7993921730764952,0.804,1.2463261000812054
128,0.001,128,Softmax,50,0.7825,0.7767460495455454,0.7825,1.005361300194636
128,0.001,128,Softmax,100,0.783,0.776954516236559,0.783,1.496953200083226
128,0.001,128,Softmax,300,0.783,0.776954516236559,0.783,1.565762500045821
128,0.001,128,Softmax,500,0.783,0.776954516236559,0.783,1.3918012999929488
128,0.001,128,Softmax,1000,0.783,0.776954516236559,0.783,1.357326899887994
128,0.0001,8,ReLU,50,0.796,0.7897390703135352,0.796,6.422566200140864
128,0.0001,8,ReLU,100,0.7965000000000001,0.7901943568134463,0.7965,8.151516699930653
128,0.0001,8,ReLU,300,0.7965000000000001,0.7901943568134463,0.7965,8.184298200067133
128,0.0001,8,ReLU,500,0.7965000000000001,0.7901943568134463,0.7965,7.993031099904329
128,0.0001,8,ReLU,1000,0.7965000000000001,0.7901943568134463,0.7965,7.504013600060716
128,0.0001,8,Tanh,50,0.7994999999999999,0.7933002289865068,0.7995,6.321976399980485
128,0.0001,8,Tanh,100,0.7994999999999999,0.7933002289865068,0.7995,5.652537899790332
128,0.0001,8,Tanh,300,0.7994999999999999,0.7933002289865068,0.7995,5.453915199963376
128,0.0001,8,Tanh,500,0.7994999999999999,0.7933002289865068,0.7995,5.4339151999447495
128,0.0001,8,Tanh,1000,0.7994999999999999,0.7933002289865068,0.7995,5.258873899932951
128,0.0001,8,Sigmoid,50,0.7595,0.7470492354300159,0.7595,6.521986200008541
128,0.0001,8,Sigmoid,100,0.759,0.7460571673975298,0.759,7.488427100004628
128,0.0001,8,Sigmoid,300,0.759,0.7460571673975298,0.759,8.40316169988364
128,0.0001,8,Sigmoid,500,0.759,0.7460571673975298,0.759,8.231427200138569
128,0.0001,8,Sigmoid,1000,0.759,0.7460571673975298,0.759,8.67725109984167
128,0.0001,8,GELU,50,0.796,0.7897390703135352,0.796,6.348134099971503
128,0.0001,8,GELU,100,0.7965000000000001,0.7901943568134463,0.7965,7.576740800170228
128,0.0001,8,GELU,300,0.7965000000000001,0.7901943568134463,0.7965,7.737237399909645
128,0.0001,8,GELU,500,0.7965000000000001,0.7901943568134463,0.7965,8.51845659990795
128,0.0001,8,GELU,1000,0.7965000000000001,0.7901943568134463,0.7965,7.804832899942994
128,0.0001,8,Softmax,50,0.7595,0.7470492354300159,0.7595,7.334851799998432
128,0.0001,8,Softmax,100,0.759,0.7460571673975298,0.759,9.647448499919847
128,0.0001,8,Softmax,300,0.759,0.7460571673975298,0.759,7.735310100018978
128,0.0001,8,Softmax,500,0.759,0.7460571673975298,0.759,9.310612800065428
128,0.0001,8,Softmax,1000,0.759,0.7460571673975298,0.759,7.595524700125679
128,0.0001,16,ReLU,50,0.7905,0.7842836335939708,0.7905,4.411391500150785
128,0.0001,16,ReLU,100,0.792,0.7860560675200524,0.792,5.316494900034741
128,0.0001,16,ReLU,300,0.792,0.7860560675200524,0.792,5.96988459979184
128,0.0001,16,ReLU,500,0.792,0.7860560675200524,0.792,5.3700389000587165
128,0.0001,16,ReLU,1000,0.792,0.7860560675200524,0.792,5.657874500146136
128,0.0001,16,Tanh,50,0.7855,0.7779960957586697,0.7855,4.053732399828732
128,0.0001,16,Tanh,100,0.7855,0.7779960957586697,0.7855,4.147204800043255
128,0.0001,16,Tanh,300,0.7855,0.7779960957586697,0.7855,3.8540183000732213
128,0.0001,16,Tanh,500,0.7855,0.7779960957586697,0.7855,4.599986399989575
128,0.0001,16,Tanh,1000,0.7855,0.7779960957586697,0.7855,3.8195392000488937
128,0.0001,16,Sigmoid,50,0.752,0.7415799390690141,0.752,4.501908699981868
128,0.0001,16,Sigmoid,100,0.7585,0.7489949280603243,0.7585,6.451355200028047
128,0.0001,16,Sigmoid,300,0.7585,0.7489949280603243,0.7585,6.522908099927008
128,0.0001,16,Sigmoid,500,0.7585,0.7489949280603243,0.7585,6.248678899835795
128,0.0001,16,Sigmoid,1000,0.7585,0.7489949280603243,0.7585,6.222632199991494
128,0.0001,16,GELU,50,0.7905,0.7842836335939708,0.7905,3.675662500085309
128,0.0001,16,GELU,100,0.792,0.7860560675200524,0.792,5.255255199968815
128,0.0001,16,GELU,300,0.792,0.7860560675200524,0.792,5.083780400222167
128,0.0001,16,GELU,500,0.792,0.7860560675200524,0.792,5.159142900025472
128,0.0001,16,GELU,1000,0.792,0.7860560675200524,0.792,5.3274373998865485
128,0.0001,16,Softmax,50,0.752,0.7415799390690141,0.752,4.2780226999893785
128,0.0001,16,Softmax,100,0.7585,0.7489949280603243,0.7585,6.533477500081062
128,0.0001,16,Softmax,300,0.7585,0.7489949280603243,0.7585,5.989525399869308
128,0.0001,16,Softmax,500,0.7585,0.7489949280603243,0.7585,6.360463799908757
128,0.0001,16,Softmax,1000,0.7585,0.7489949280603243,0.7585,5.964213400147855
128,0.0001,32,ReLU,50,0.7725,0.7639816534474952,0.7725,1.9847512000706047
128,0.0001,32,ReLU,100,0.7754999999999999,0.7672752941726783,0.7755,3.357180800056085
128,0.0001,32,ReLU,300,0.7754999999999999,0.7672752941726783,0.7755,3.2341720000840724
128,0.0001,32,ReLU,500,0.7754999999999999,0.7672752941726783,0.7755,2.953927299939096
128,0.0001,32,ReLU,1000,0.7754999999999999,0.7672752941726783,0.7755,3.0551183000206947
128,0.0001,32,Tanh,50,0.786,0.7784531164899198,0.786,2.446502499980852
128,0.0001,32,Tanh,100,0.7874999999999999,0.7801607038164341,0.7875,2.936338400002569
128,0.0001,32,Tanh,300,0.7874999999999999,0.7801607038164341,0.7875,2.8792089000344276
128,0.0001,32,Tanh,500,0.7874999999999999,0.7801607038164341,0.7875,3.0096163998823613
128,0.0001,32,Tanh,1000,0.7874999999999999,0.7801607038164341,0.7875,4.027338200015947
128,0.0001,32,Sigmoid,50,0.735,0.7198722736826093,0.735,2.0224484999198467
128,0.0001,32,Sigmoid,100,0.739,0.7239132362352634,0.739,3.692565099801868
128,0.0001,32,Sigmoid,300,0.739,0.7239132362352634,0.739,3.6272597999777645
128,0.0001,32,Sigmoid,500,0.739,0.7239132362352634,0.739,3.448747399961576
128,0.0001,32,Sigmoid,1000,0.739,0.7239132362352634,0.739,3.4589365001302212
128,0.0001,32,GELU,50,0.7725,0.7639816534474952,0.7725,2.0129066999070346
128,0.0001,32,GELU,100,0.7754999999999999,0.7672752941726783,0.7755,3.8775847000069916
128,0.0001,32,GELU,300,0.7754999999999999,0.7672752941726783,0.7755,2.880826300010085
128,0.0001,32,GELU,500,0.7754999999999999,0.7672752941726783,0.7755,3.7041256001684815
128,0.0001,32,GELU,1000,0.7754999999999999,0.7672752941726783,0.7755,3.00849310006015
128,0.0001,32,Softmax,50,0.735,0.7198722736826093,0.735,3.008430300047621
128,0.0001,32,Softmax,100,0.739,0.7239132362352634,0.739,3.162134400103241
128,0.0001,32,Softmax,300,0.739,0.7239132362352634,0.739,4.033715199911967
128,0.0001,32,Softmax,500,0.739,0.7239132362352634,0.739,3.2871237001381814
128,0.0001,32,Softmax,1000,0.739,0.7239132362352634,0.739,3.486392700113356
128,0.0001,64,ReLU,50,0.748,0.7362959651419627,0.748,1.1565284000243992
128,0.0001,64,ReLU,100,0.7505,0.7393185336272328,0.7505,2.123818299965933
128,0.0001,64,ReLU,300,0.7505,0.7393185336272328,0.7505,2.3195076000411063
128,0.0001,64,ReLU,500,0.7505,0.7393185336272328,0.7505,1.4358253001701087
128,0.0001,64,ReLU,1000,0.7505,0.7393185336272328,0.7505,1.7757671000435948
128,0.0001,64,Tanh,50,0.758,0.7472749330045906,0.758,1.9067265000194311
128,0.0001,64,Tanh,100,0.7615000000000001,0.7506575345455347,0.7615,2.0403605999890715
128,0.0001,64,Tanh,300,0.7615000000000001,0.7506575345455347,0.7615,2.020392599981278
128,0.0001,64,Tanh,500,0.7615000000000001,0.7506575345455347,0.7615,2.921856499975547
128,0.0001,64,Tanh,1000,0.7615000000000001,0.7506575345455347,0.7615,1.9257265001069754
128,0.0001,64,Sigmoid,50,0.694,0.6732924230344584,0.694,1.2365437000989914
128,0.0001,64,Sigmoid,100,0.7180000000000001,0.701951016032151,0.718,2.6291219000704587
128,0.0001,64,Sigmoid,300,0.7180000000000001,0.701951016032151,0.718,3.651412099832669
128,0.0001,64,Sigmoid,500,0.7180000000000001,0.701951016032151,0.718,2.682372499955818
128,0.0001,64,Sigmoid,1000,0.7180000000000001,0.701951016032151,0.718,4.104433699976653
128,0.0001,64,GELU,50,0.748,0.7362959651419627,0.748,1.1900122999213636
128,0.0001,64,GELU,100,0.7505,0.7393185336272328,0.7505,1.5186326999682933
128,0.0001,64,GELU,300,0.7505,0.7393185336272328,0.7505,2.4945445000194013
128,0.0001,64,GELU,500,0.7505,0.7393185336272328,0.7505,2.1843691000249237
128,0.0001,64,GELU,1000,0.7505,0.7393185336272328,0.7505,1.4461788998451084
128,0.0001,64,Softmax,50,0.694,0.6732924230344584,0.694,1.2360735998954624
128,0.0001,64,Softmax,100,0.7180000000000001,0.701951016032151,0.718,2.7429109001532197
128,0.0001,64,Softmax,300,0.7180000000000001,0.701951016032151,0.718,3.818607000168413
128,0.0001,64,Softmax,500,0.7180000000000001,0.701951016032151,0.718,2.7362573998980224
128,0.0001,64,Softmax,1000,0.7180000000000001,0.701951016032151,0.718,3.4626583999488503
128,0.0001,128,ReLU,50,0.7434999999999999,0.7305367134368289,0.7435,0.9035683001857251
128,0.0001,128,ReLU,100,0.749,0.7368165464929569,0.749,1.3303671998437494
128,0.0001,128,ReLU,300,0.749,0.7368165464929569,0.749,2.145079999929294
128,0.0001,128,ReLU,500,0.749,0.7368165464929569,0.749,1.762863599928096
128,0.0001,128,ReLU,1000,0.749,0.7368165464929569,0.749,1.3173378999345005
128,0.0001,128,Tanh,50,0.75,0.7371090797926478,0.75,0.928366299951449
128,0.0001,128,Tanh,100,0.756,0.7431866906978519,0.756,1.803180200047791
128,0.0001,128,Tanh,300,0.756,0.7431866906978519,0.756,2.5683173001743853
128,0.0001,128,Tanh,500,0.756,0.7431866906978519,0.756,1.8362953998148441
128,0.0001,128,Tanh,1000,0.756,0.7431866906978519,0.756,1.806634800042957
128,0.0001,128,Sigmoid,50,0.6295,0.6101389682652313,0.6295,1.5139041999354959
128,0.0001,128,Sigmoid,100,0.632,0.6122475896591174,0.632,1.8854877001140267
128,0.0001,128,Sigmoid,300,0.632,0.6122475896591174,0.632,1.4144512000493705
128,0.0001,128,Sigmoid,500,0.632,0.6122475896591174,0.632,1.4513700001407415
128,0.0001,128,Sigmoid,1000,0.632,0.6122475896591174,0.632,2.161387699889019
128,0.0001,128,GELU,50,0.7434999999999999,0.7305367134368289,0.7435,1.3550768999848515
128,0.0001,128,GELU,100,0.749,0.7368165464929569,0.749,1.3797596001531929
128,0.0001,128,GELU,300,0.749,0.7368165464929569,0.749,1.2162055999506265
128,0.0001,128,GELU,500,0.749,0.7368165464929569,0.749,1.588838999858126
128,0.0001,128,GELU,1000,0.749,0.7368165464929569,0.749,2.021001399960369
128,0.0001,128,Softmax,50,0.6295,0.6101389682652313,0.6295,1.289997300133109
128,0.0001,128,Softmax,100,0.632,0.6122475896591174,0.632,1.3893962998408824
128,0.0001,128,Softmax,300,0.632,0.6122475896591174,0.632,1.2621128000319004
128,0.0001,128,Softmax,500,0.632,0.6122475896591174,0.632,1.5643117998261005
128,0.0001,128,Softmax,1000,0.632,0.6122475896591174,0.632,2.2734670999925584
128,0.00025,8,ReLU,50,0.804,0.798942498652639,0.804,5.076928599970415
128,0.00025,8,ReLU,100,0.804,0.798942498652639,0.804,5.716768800048158
128,0.00025,8,ReLU,300,0.804,0.798942498652639,0.804,5.255411900114268
128,0.00025,8,ReLU,500,0.804,0.798942498652639,0.804,5.219692700076848
128,0.00025,8,ReLU,1000,0.804,0.798942498652639,0.804,5.557733199791983
128,0.00025,8,Tanh,50,0.8115,0.807012020881773,0.8115,5.981186899822205
128,0.00025,8,Tanh,100,0.8115,0.807012020881773,0.8115,5.755585999926552
128,0.00025,8,Tanh,300,0.8115,0.807012020881773,0.8115,5.985794899985194
128,0.00025,8,Tanh,500,0.8115,0.807012020881773,0.8115,5.7217185001354665
128,0.00025,8,Tanh,1000,0.8115,0.807012020881773,0.8115,5.704219700070098
128,0.00025,8,Sigmoid,50,0.8004999999999999,0.7949215216209694,0.8005,7.696330599952489
128,0.00025,8,Sigmoid,100,0.8004999999999999,0.7949215216209694,0.8005,7.080346499802545
128,0.00025,8,Sigmoid,300,0.8004999999999999,0.7949215216209694,0.8005,6.362351200077683
128,0.00025,8,Sigmoid,500,0.8004999999999999,0.7949215216209694,0.8005,7.791405700147152
128,0.00025,8,Sigmoid,1000,0.8004999999999999,0.7949215216209694,0.8005,6.408852899912745
128,0.00025,8,GELU,50,0.804,0.798942498652639,0.804,5.560813300078735
128,0.00025,8,GELU,100,0.804,0.798942498652639,0.804,5.378718399908394
128,0.00025,8,GELU,300,0.804,0.798942498652639,0.804,4.654211699962616
128,0.00025,8,GELU,500,0.804,0.798942498652639,0.804,5.736468400107697
128,0.00025,8,GELU,1000,0.804,0.798942498652639,0.804,6.000804199837148
128,0.00025,8,Softmax,50,0.8004999999999999,0.7949215216209694,0.8005,6.513883600011468
128,0.00025,8,Softmax,100,0.8004999999999999,0.7949215216209694,0.8005,7.177351499907672
128,0.00025,8,Softmax,300,0.8004999999999999,0.7949215216209694,0.8005,6.288363399915397
128,0.00025,8,Softmax,500,0.8004999999999999,0.7949215216209694,0.8005,6.408442999934778
128,0.00025,8,Softmax,1000,0.8004999999999999,0.7949215216209694,0.8005,6.89210920012556
128,0.00025,16,ReLU,50,0.8074999999999999,0.803417686252302,0.8075,3.091606399975717
128,0.00025,16,ReLU,100,0.8074999999999999,0.803417686252302,0.8075,3.1271238999906927
128,0.00025,16,ReLU,300,0.8074999999999999,0.803417686252302,0.8075,3.645024600205943
128,0.00025,16,ReLU,500,0.8074999999999999,0.803417686252302,0.8075,3.351134399883449
128,0.00025,16,ReLU,1000,0.8074999999999999,0.803417686252302,0.8075,3.198225899832323
128,0.00025,16,Tanh,50,0.8014999999999999,0.7962213967934642,0.8015,2.9238824998028576
128,0.00025,16,Tanh,100,0.8014999999999999,0.7962213967934642,0.8015,3.190963900182396
128,0.00025,16,Tanh,300,0.8014999999999999,0.7962213967934642,0.8015,2.9375137998722494
128,0.00025,16,Tanh,500,0.8014999999999999,0.7962213967934642,0.8015,3.004834699910134
128,0.00025,16,Tanh,1000,0.8014999999999999,0.7962213967934642,0.8015,3.537330999970436
128,0.00025,16,Sigmoid,50,0.791,0.7843200634086218,0.791,3.8039751001633704
128,0.00025,16,Sigmoid,100,0.791,0.7843200634086218,0.791,4.178193900035694
128,0.00025,16,Sigmoid,300,0.791,0.7843200634086218,0.791,3.7920438998844475
128,0.00025,16,Sigmoid,500,0.791,0.7843200634086218,0.791,3.648165499791503
128,0.00025,16,Sigmoid,1000,0.791,0.7843200634086218,0.791,3.944516099989414
128,0.00025,16,GELU,50,0.8074999999999999,0.803417686252302,0.8075,3.446607200196013
128,0.00025,16,GELU,100,0.8074999999999999,0.803417686252302,0.8075,3.098720100009814
128,0.00025,16,GELU,300,0.8074999999999999,0.803417686252302,0.8075,3.2095585998613387
128,0.00025,16,GELU,500,0.8074999999999999,0.803417686252302,0.8075,3.1579367998056114
128,0.00025,16,GELU,1000,0.8074999999999999,0.803417686252302,0.8075,3.207206299994141
128,0.00025,16,Softmax,50,0.791,0.7843200634086218,0.791,3.78146420000121
128,0.00025,16,Softmax,100,0.791,0.7843200634086218,0.791,3.8584225999657065
128,0.00025,16,Softmax,300,0.791,0.7843200634086218,0.791,4.991788699990138
128,0.00025,16,Softmax,500,0.791,0.7843200634086218,0.791,4.479779200162739
128,0.00025,16,Softmax,1000,0.791,0.7843200634086218,0.791,4.874925100011751
128,0.00025,32,ReLU,50,0.7935000000000001,0.7872261361256373,0.7935,2.4035360000561923
128,0.00025,32,ReLU,100,0.7935000000000001,0.7872261361256373,0.7935,2.5298268001060933
128,0.00025,32,ReLU,300,0.7935000000000001,0.7872261361256373,0.7935,1.5837768001947552
128,0.00025,32,ReLU,500,0.7935000000000001,0.7872261361256373,0.7935,1.598305999999866
128,0.00025,32,ReLU,1000,0.7935000000000001,0.7872261361256373,0.7935,1.5810509999282658
128,0.00025,32,Tanh,50,0.796,0.7902131179632443,0.796,1.981330299982801
128,0.00025,32,Tanh,100,0.796,0.7902131179632443,0.796,2.5958899999968708
128,0.00025,32,Tanh,300,0.796,0.7902131179632443,0.796,2.110099299810827
128,0.00025,32,Tanh,500,0.796,0.7902131179632443,0.796,2.0276917999144644
128,0.00025,32,Tanh,1000,0.796,0.7902131179632443,0.796,2.404140400001779
128,0.00025,32,Sigmoid,50,0.771,0.7620038636840035,0.771,2.1939399999100715
128,0.00025,32,Sigmoid,100,0.774,0.7654756187803301,0.774,2.7366733998060226
128,0.00025,32,Sigmoid,300,0.774,0.7654756187803301,0.774,3.2027660999447107
128,0.00025,32,Sigmoid,500,0.774,0.7654756187803301,0.774,3.2778769000433385
128,0.00025,32,Sigmoid,1000,0.774,0.7654756187803301,0.774,2.6211618999950588
128,0.00025,32,GELU,50,0.7935000000000001,0.7872261361256373,0.7935,1.753206399967894
128,0.00025,32,GELU,100,0.7935000000000001,0.7872261361256373,0.7935,2.3995054999832064
128,0.00025,32,GELU,300,0.7935000000000001,0.7872261361256373,0.7935,1.6423645000904799
128,0.00025,32,GELU,500,0.7935000000000001,0.7872261361256373,0.7935,1.6730058998800814
128,0.00025,32,GELU,1000,0.7935000000000001,0.7872261361256373,0.7935,1.6103388997726142
128,0.00025,32,Softmax,50,0.771,0.7620038636840035,0.771,3.0108517000917345
128,0.00025,32,Softmax,100,0.774,0.7654756187803301,0.774,3.6261946000158787
128,0.00025,32,Softmax,300,0.774,0.7654756187803301,0.774,3.817809500033036
128,0.00025,32,Softmax,500,0.774,0.7654756187803301,0.774,3.498611999908462
128,0.00025,32,Softmax,1000,0.774,0.7654756187803301,0.774,3.2890882999636233
128,0.00025,64,ReLU,50,0.7885,0.7822007071533827,0.7885,1.4124469999223948
128,0.00025,64,ReLU,100,0.7905,0.7841731691526066,0.7905,2.1753533999435604
128,0.00025,64,ReLU,300,0.7905,0.7841731691526066,0.7905,2.3438094998709857
128,0.00025,64,ReLU,500,0.7905,0.7841731691526066,0.7905,1.7564139999449253
128,0.00025,64,ReLU,1000,0.7905,0.7841731691526066,0.7905,2.1223745001479983
128,0.00025,64,Tanh,50,0.787,0.7801905786694875,0.787,1.9249811000190675
128,0.00025,64,Tanh,100,0.787,0.7800724873809761,0.787,1.6348333000205457
128,0.00025,64,Tanh,300,0.787,0.7800724873809761,0.787,2.1720622000284493
128,0.00025,64,Tanh,500,0.787,0.7800724873809761,0.787,2.366211799904704
128,0.00025,64,Tanh,1000,0.787,0.7800724873809761,0.787,2.0515348999761045
128,0.00025,64,Sigmoid,50,0.7535000000000001,0.7434827335800379,0.7535,1.9290356999263167
128,0.00025,64,Sigmoid,100,0.762,0.7511526981540027,0.762,2.5747340999078006
128,0.00025,64,Sigmoid,300,0.762,0.7511526981540027,0.762,2.8369287999812514
128,0.00025,64,Sigmoid,500,0.762,0.7511526981540027,0.762,2.2677779998630285
128,0.00025,64,Sigmoid,1000,0.762,0.7511526981540027,0.762,2.240064200013876
128,0.00025,64,GELU,50,0.7885,0.7822007071533827,0.7885,1.2943589999340475
128,0.00025,64,GELU,100,0.7905,0.7841731691526066,0.7905,1.7781787998974323
128,0.00025,64,GELU,300,0.7905,0.7841731691526066,0.7905,2.13835580018349
128,0.00025,64,GELU,500,0.7905,0.7841731691526066,0.7905,1.8230008000973612
128,0.00025,64,GELU,1000,0.7905,0.7841731691526066,0.7905,2.0217112000100315
128,0.00025,64,Softmax,50,0.7535000000000001,0.7434827335800379,0.7535,1.8994216001592577
128,0.00025,64,Softmax,100,0.762,0.7511526981540027,0.762,2.6788055999204516
128,0.00025,64,Softmax,300,0.762,0.7511526981540027,0.762,2.8938184999860823
128,0.00025,64,Softmax,500,0.762,0.7511526981540027,0.762,2.819071700097993
128,0.00025,64,Softmax,1000,0.762,0.7511526981540027,0.762,2.261446899967268
128,0.00025,128,ReLU,50,0.7615,0.7511660329477449,0.7615,1.4260663001332432
128,0.00025,128,ReLU,100,0.766,0.7560089969198428,0.766,1.445553199853748
128,0.00025,128,ReLU,300,0.766,0.7560089969198428,0.766,1.3602551000658423
128,0.00025,128,ReLU,500,0.766,0.7560089969198428,0.766,1.4999616998247802
128,0.00025,128,ReLU,1000,0.766,0.7560089969198428,0.766,1.4634661998134106
128,0.00025,128,Tanh,50,0.781,0.7735516116355495,0.781,1.5753888001199812
128,0.00025,128,Tanh,100,0.781,0.7736500575170543,0.781,1.604287600144744
128,0.00025,128,Tanh,300,0.781,0.7736500575170543,0.781,1.5930122998543084
128,0.00025,128,Tanh,500,0.781,0.7736500575170543,0.781,1.5271240000147372
128,0.00025,128,Tanh,1000,0.781,0.7736500575170543,0.781,1.53183629992418
128,0.00025,128,Sigmoid,50,0.726,0.7073096177723397,0.726,1.3916559000499547
128,0.00025,128,Sigmoid,100,0.7445,0.7309657783898926,0.7445,1.962363600032404
128,0.00025,128,Sigmoid,300,0.7445,0.7309657783898926,0.7445,1.9959976999089122
128,0.00025,128,Sigmoid,500,0.7445,0.7309657783898926,0.7445,2.257263399893418
128,0.00025,128,Sigmoid,1000,0.7445,0.7309657783898926,0.7445,2.402910399949178
128,0.00025,128,GELU,50,0.7615,0.7511660329477449,0.7615,1.3484807999338955
128,0.00025,128,GELU,100,0.766,0.7560089969198428,0.766,1.2729981997981668
128,0.00025,128,GELU,300,0.766,0.7560089969198428,0.766,1.2746223998256028
128,0.00025,128,GELU,500,0.766,0.7560089969198428,0.766,1.4321431999560446
128,0.00025,128,GELU,1000,0.766,0.7560089969198428,0.766,1.4994099999312311
128,0.00025,128,Softmax,50,0.726,0.7073096177723397,0.726,1.590597900096327
128,0.00025,128,Softmax,100,0.7445,0.7309657783898926,0.7445,2.3001099000684917
128,0.00025,128,Softmax,300,0.7445,0.7309657783898926,0.7445,1.8130304000806063
128,0.00025,128,Softmax,500,0.7445,0.7309657783898926,0.7445,2.375850100070238
128,0.00025,128,Softmax,1000,0.7445,0.7309657783898926,0.7445,2.094861599849537
