Hidden_Neurons,Learning_Rate,Batch_Size,Activation_Function,Epochs,Balanced_Accuracy,Macro F1 Score,Accuracy,Time(s)
8,0.01,8,ReLU,50,0.9976449352757722,0.9976581627318983,0.9976612506154604,4.925132100004703
8,0.01,8,ReLU,100,0.9976449352757722,0.9976581627318983,0.9976612506154604,4.59822200005874
8,0.01,8,ReLU,300,0.9976449352757722,0.9976581627318983,0.9976612506154604,4.663170199957676
8,0.01,8,ReLU,500,0.9976449352757722,0.9976581627318983,0.9976612506154604,4.559752199915238
8,0.01,8,ReLU,1000,0.9976449352757722,0.9976581627318983,0.9976612506154604,4.4891296999994665
8,0.01,8,Tanh,50,0.9984198831351927,0.9983978034682309,0.9983998030526834,3.7314631999470294
8,0.01,8,Tanh,100,0.9984198831351927,0.9983978034682309,0.9983998030526834,3.896366599947214
8,0.01,8,Tanh,300,0.9984198831351927,0.9983978034682309,0.9983998030526834,3.699944099993445
8,0.01,8,Tanh,500,0.9984198831351927,0.9983978034682309,0.9983998030526834,3.68278409994673
8,0.01,8,Tanh,1000,0.9984198831351927,0.9983978034682309,0.9983998030526834,3.6945140999741852
8,0.01,8,Sigmoid,50,0.9991505309212085,0.9991372637129565,0.9991383554899065,4.756288499920629
8,0.01,8,Sigmoid,100,0.9991505309212085,0.9991372637129565,0.9991383554899065,4.476517100003548
8,0.01,8,Sigmoid,300,0.9991505309212085,0.9991372637129565,0.9991383554899065,4.533064699964598
8,0.01,8,Sigmoid,500,0.9991505309212085,0.9991372637129565,0.9991383554899065,4.577845200081356
8,0.01,8,Sigmoid,1000,0.9991505309212085,0.9991372637129565,0.9991383554899065,4.708723700023256
8,0.01,8,GELU,50,0.9976449352757722,0.9976581627318983,0.9976612506154604,4.438908600015566
8,0.01,8,GELU,100,0.9976449352757722,0.9976581627318983,0.9976612506154604,4.513461400056258
8,0.01,8,GELU,300,0.9976449352757722,0.9976581627318983,0.9976612506154604,4.554893999942578
8,0.01,8,GELU,500,0.9976449352757722,0.9976581627318983,0.9976612506154604,4.509403200005181
8,0.01,8,GELU,1000,0.9976449352757722,0.9976581627318983,0.9976612506154604,4.483894899953157
8,0.01,8,Softmax,50,0.9991505309212085,0.9991372637129565,0.9991383554899065,4.557742499979213
8,0.01,8,Softmax,100,0.9991505309212085,0.9991372637129565,0.9991383554899065,4.73059050005395
8,0.01,8,Softmax,300,0.9991505309212085,0.9991372637129565,0.9991383554899065,4.564696199959144
8,0.01,8,Softmax,500,0.9991505309212085,0.9991372637129565,0.9991383554899065,4.645532700000331
8,0.01,8,Softmax,1000,0.9991505309212085,0.9991372637129565,0.9991383554899065,4.777902100002393
8,0.01,16,ReLU,50,0.9987852070282006,0.9987675303784647,0.9987690792712949,2.28836359991692
8,0.01,16,ReLU,100,0.9987852070282006,0.9987675303784647,0.9987690792712949,2.23694750003051
8,0.01,16,ReLU,300,0.9987852070282006,0.9987675303784647,0.9987690792712949,2.268937399960123
8,0.01,16,ReLU,500,0.9987852070282006,0.9987675303784647,0.9987690792712949,2.2501015999587253
8,0.01,16,ReLU,1000,0.9987852070282006,0.9987675303784647,0.9987690792712949,2.2625816999934614
8,0.01,16,Tanh,50,0.9996346761069921,0.999630249370038,0.9996307237813885,2.0902463999809697
8,0.01,16,Tanh,100,0.9996346761069921,0.999630249370038,0.9996307237813885,2.177289200015366
8,0.01,16,Tanh,300,0.9996346761069921,0.999630249370038,0.9996307237813885,2.0576652999734506
8,0.01,16,Tanh,500,0.9996346761069921,0.999630249370038,0.9996307237813885,2.034524100017734
8,0.01,16,Tanh,1000,0.9996346761069921,0.999630249370038,0.9996307237813885,2.0581941000418738
8,0.01,16,Sigmoid,50,0.9991416709065275,0.9991372485300888,0.9991383554899065,2.816258699982427
8,0.01,16,Sigmoid,100,0.9991416709065275,0.9991372485300888,0.9991383554899065,2.9381530000828207
8,0.01,16,Sigmoid,300,0.9991416709065275,0.9991372485300888,0.9991383554899065,3.0634168999968097
8,0.01,16,Sigmoid,500,0.9991416709065275,0.9991372485300888,0.9991383554899065,3.0898806999903172
8,0.01,16,Sigmoid,1000,0.9991416709065275,0.9991372485300888,0.9991383554899065,2.944848000071943
8,0.01,16,GELU,50,0.9987852070282006,0.9987675303784647,0.9987690792712949,2.2577928999671713
8,0.01,16,GELU,100,0.9987852070282006,0.9987675303784647,0.9987690792712949,2.238098599947989
8,0.01,16,GELU,300,0.9987852070282006,0.9987675303784647,0.9987690792712949,2.235597399994731
8,0.01,16,GELU,500,0.9987852070282006,0.9987675303784647,0.9987690792712949,2.37162009999156
8,0.01,16,GELU,1000,0.9987852070282006,0.9987675303784647,0.9987690792712949,2.3474683000240475
8,0.01,16,Softmax,50,0.9991416709065275,0.9991372485300888,0.9991383554899065,2.927791399997659
8,0.01,16,Softmax,100,0.9991416709065275,0.9991372485300888,0.9991383554899065,2.947657800046727
8,0.01,16,Softmax,300,0.9991416709065275,0.9991372485300888,0.9991383554899065,2.8543497999198735
8,0.01,16,Softmax,500,0.9991416709065275,0.9991372485300888,0.9991383554899065,2.885297300061211
8,0.01,16,Softmax,1000,0.9991416709065275,0.9991372485300888,0.9991383554899065,3.0458501999964938
8,0.01,32,ReLU,50,0.998375583061788,0.9983976615070402,0.9983998030526834,1.460525400005281
8,0.01,32,ReLU,100,0.998375583061788,0.9983976615070402,0.9983998030526834,1.3676211999263614
8,0.01,32,ReLU,300,0.998375583061788,0.9983976615070402,0.9983998030526834,1.2804427999071777
8,0.01,32,ReLU,500,0.998375583061788,0.9983976615070402,0.9983998030526834,1.324728700099513
8,0.01,32,ReLU,1000,0.998375583061788,0.9983976615070402,0.9983998030526834,1.3150641999673098
8,0.01,32,Tanh,50,0.9988774482769335,0.9988907086624781,0.9988921713441654,1.2244319000747055
8,0.01,32,Tanh,100,0.9988774482769335,0.9988907086624781,0.9988921713441654,1.2276886999607086
8,0.01,32,Tanh,300,0.9988774482769335,0.9988907086624781,0.9988921713441654,1.219250199967064
8,0.01,32,Tanh,500,0.9988774482769335,0.9988907086624781,0.9988921713441654,1.1996070999884978
8,0.01,32,Tanh,1000,0.9988774482769335,0.9988907086624781,0.9988921713441654,1.2445789999328554
8,0.01,32,Sigmoid,50,0.9997446373850869,0.9997534930166975,0.9997538158542589,2.1584283999400213
8,0.01,32,Sigmoid,100,0.9997446373850869,0.9997534930166975,0.9997538158542589,2.22220900002867
8,0.01,32,Sigmoid,300,0.9997446373850869,0.9997534930166975,0.9997538158542589,2.08719370001927
8,0.01,32,Sigmoid,500,0.9997446373850869,0.9997534930166975,0.9997538158542589,2.142072599963285
8,0.01,32,Sigmoid,1000,0.9997446373850869,0.9997534930166975,0.9997538158542589,1.979528099996969
8,0.01,32,GELU,50,0.998375583061788,0.9983976615070402,0.9983998030526834,1.333913499955088
8,0.01,32,GELU,100,0.998375583061788,0.9983976615070402,0.9983998030526834,1.3243587000761181
8,0.01,32,GELU,300,0.998375583061788,0.9983976615070402,0.9983998030526834,1.3546446000691503
8,0.01,32,GELU,500,0.998375583061788,0.9983976615070402,0.9983998030526834,1.3482886001002043
8,0.01,32,GELU,1000,0.998375583061788,0.9983976615070402,0.9983998030526834,1.3511489999946207
8,0.01,32,Softmax,50,0.9997446373850869,0.9997534930166975,0.9997538158542589,2.18010829994455
8,0.01,32,Softmax,100,0.9997446373850869,0.9997534930166975,0.9997538158542589,2.1867249000351876
8,0.01,32,Softmax,300,0.9997446373850869,0.9997534930166975,0.9997538158542589,2.1105277000460774
8,0.01,32,Softmax,500,0.9997446373850869,0.9997534930166975,0.9997538158542589,2.1091698999516666
8,0.01,32,Softmax,1000,0.9997446373850869,0.9997534930166975,0.9997538158542589,2.0911635999800637
8,0.01,64,ReLU,50,0.9982567617690123,0.9982744202248582,0.9982767109798129,0.8208848999347538
8,0.01,64,ReLU,100,0.9982567617690123,0.9982744202248582,0.9982767109798129,0.8544803999830037
8,0.01,64,ReLU,300,0.9982567617690123,0.9982744202248582,0.9982767109798129,0.8420037999749184
8,0.01,64,ReLU,500,0.9982567617690123,0.9982744202248582,0.9982767109798129,0.8805212000152096
8,0.01,64,ReLU,1000,0.9982567617690123,0.9982744202248582,0.9982767109798129,0.8317939999978989
8,0.01,64,Tanh,50,0.9987586269841577,0.9987674650834873,0.9987690792712949,0.9285289000254124
8,0.01,64,Tanh,100,0.9987586269841577,0.9987674650834873,0.9987690792712949,0.9392052000621334
8,0.01,64,Tanh,300,0.9987586269841577,0.9987674650834873,0.9987690792712949,0.8639725999673828
8,0.01,64,Tanh,500,0.9987586269841577,0.9987674650834873,0.9987690792712949,0.8762256999034435
8,0.01,64,Tanh,1000,0.9987586269841577,0.9987674650834873,0.9987690792712949,0.8308900999836624
8,0.01,64,Sigmoid,50,0.9996258160923112,0.9996302428179878,0.9996307237813885,1.3648950000060722
8,0.01,64,Sigmoid,100,0.9996258160923112,0.9996302428179878,0.9996307237813885,1.3792710000416264
8,0.01,64,Sigmoid,300,0.9996258160923112,0.9996302428179878,0.9996307237813885,1.386794799938798
8,0.01,64,Sigmoid,500,0.9996258160923112,0.9996302428179878,0.9996307237813885,1.397879800060764
8,0.01,64,Sigmoid,1000,0.9996258160923112,0.9996302428179878,0.9996307237813885,1.4462311000097543
8,0.01,64,GELU,50,0.9982567617690123,0.9982744202248582,0.9982767109798129,0.8423161000246182
8,0.01,64,GELU,100,0.9982567617690123,0.9982744202248582,0.9982767109798129,0.8320964999729767
8,0.01,64,GELU,300,0.9982567617690123,0.9982744202248582,0.9982767109798129,0.851453100098297
8,0.01,64,GELU,500,0.9982567617690123,0.9982744202248582,0.9982767109798129,0.819812799920328
8,0.01,64,GELU,1000,0.9982567617690123,0.9982744202248582,0.9982767109798129,0.851818099967204
8,0.01,64,Softmax,50,0.9996258160923112,0.9996302428179878,0.9996307237813885,1.4447819999186322
8,0.01,64,Softmax,100,0.9996258160923112,0.9996302428179878,0.9996307237813885,1.445299300015904
8,0.01,64,Softmax,300,0.9996258160923112,0.9996302428179878,0.9996307237813885,1.5030650000553578
8,0.01,64,Softmax,500,0.9996258160923112,0.9996302428179878,0.9996307237813885,1.3630678000627086
8,0.01,64,Softmax,1000,0.9996258160923112,0.9996302428179878,0.9996307237813885,1.3842863999307156
8,0.01,128,ReLU,50,0.9984944043545637,0.9985209049619537,0.9985228951255539,0.6045781000284478
8,0.01,128,ReLU,100,0.9984944043545637,0.9985209049619537,0.9985228951255539,0.6124417999526486
8,0.01,128,ReLU,300,0.9984944043545637,0.9985209049619537,0.9985228951255539,0.6110012999270111
8,0.01,128,ReLU,500,0.9984944043545637,0.9985209049619537,0.9985228951255539,0.6004484000150114
8,0.01,128,ReLU,1000,0.9984944043545637,0.9985209049619537,0.9985228951255539,0.5793547000503168
8,0.01,128,Tanh,50,0.9984944043545637,0.9985209049619537,0.9985228951255539,0.6157010999741033
8,0.01,128,Tanh,100,0.9984944043545637,0.9985209049619537,0.9985228951255539,0.6235321999993175
8,0.01,128,Tanh,300,0.9984944043545637,0.9985209049619537,0.9985228951255539,0.6120815000031143
8,0.01,128,Tanh,500,0.9984944043545637,0.9985209049619537,0.9985228951255539,0.6094956999877468
8,0.01,128,Tanh,1000,0.9984944043545637,0.9985209049619537,0.9985228951255539,0.6107230000197887
8,0.01,128,Sigmoid,50,0.9970951288852985,0.9970422768012415,0.9970457902511078,1.0395585000514984
8,0.01,128,Sigmoid,100,0.9970951288852985,0.9970422768012415,0.9970457902511078,1.0399591999594122
8,0.01,128,Sigmoid,300,0.9970951288852985,0.9970422768012415,0.9970457902511078,1.0684865999501199
8,0.01,128,Sigmoid,500,0.9970951288852985,0.9970422768012415,0.9970457902511078,1.1180006000213325
8,0.01,128,Sigmoid,1000,0.9970951288852985,0.9970422768012415,0.9970457902511078,1.1370207000290975
8,0.01,128,GELU,50,0.9984944043545637,0.9985209049619537,0.9985228951255539,0.6237320000072941
8,0.01,128,GELU,100,0.9984944043545637,0.9985209049619537,0.9985228951255539,0.6457513000350446
8,0.01,128,GELU,300,0.9984944043545637,0.9985209049619537,0.9985228951255539,0.6003463000524789
8,0.01,128,GELU,500,0.9984944043545637,0.9985209049619537,0.9985228951255539,0.629325499990955
8,0.01,128,GELU,1000,0.9984944043545637,0.9985209049619537,0.9985228951255539,0.6195263999979943
8,0.01,128,Softmax,50,0.9970951288852985,0.9970422768012415,0.9970457902511078,1.0684267999604344
8,0.01,128,Softmax,100,0.9970951288852985,0.9970422768012415,0.9970457902511078,1.081183600006625
8,0.01,128,Softmax,300,0.9970951288852985,0.9970422768012415,0.9970457902511078,1.0862408999819309
8,0.01,128,Softmax,500,0.9970951288852985,0.9970422768012415,0.9970457902511078,1.0652212999993935
8,0.01,128,Softmax,1000,0.9970951288852985,0.9970422768012415,0.9970457902511078,1.061301900073886
8,0.001,8,ReLU,50,0.9988597282475716,0.9988906686734443,0.9988921713441654,6.564899799996056
8,0.001,8,ReLU,100,0.9988597282475716,0.9988906686734443,0.9988921713441654,6.894049299997278
8,0.001,8,ReLU,300,0.9988597282475716,0.9988906686734443,0.9988921713441654,6.4219173999736086
8,0.001,8,ReLU,500,0.9988597282475716,0.9988906686734443,0.9988921713441654,6.884433100000024
8,0.001,8,ReLU,1000,0.9988597282475716,0.9988906686734443,0.9988921713441654,6.496589099988341
8,0.001,8,Tanh,50,0.9988685882622526,0.9988906887356432,0.9988921713441654,6.522855499992147
8,0.001,8,Tanh,100,0.9988685882622526,0.9988906887356432,0.9988921713441654,6.5633052999619395
8,0.001,8,Tanh,300,0.9988685882622526,0.9988906887356432,0.9988921713441654,6.44578549999278
8,0.001,8,Tanh,500,0.9988685882622526,0.9988906887356432,0.9988921713441654,6.7660249000182375
8,0.001,8,Tanh,1000,0.9988685882622526,0.9988906887356432,0.9988921713441654,6.575043200049549
8,0.001,8,Sigmoid,50,0.9984110231205118,0.9983977754669191,0.9983998030526834,11.523541600094177
8,0.001,8,Sigmoid,100,0.9984110231205118,0.9983977754669191,0.9983998030526834,11.52949419990182
8,0.001,8,Sigmoid,300,0.9984110231205118,0.9983977754669191,0.9983998030526834,11.397658300003968
8,0.001,8,Sigmoid,500,0.9984110231205118,0.9983977754669191,0.9983998030526834,11.638081599958241
8,0.001,8,Sigmoid,1000,0.9984110231205118,0.9983977754669191,0.9983998030526834,11.639866600045934
8,0.001,8,GELU,50,0.9988597282475716,0.9988906686734443,0.9988921713441654,6.39053520001471
8,0.001,8,GELU,100,0.9988597282475716,0.9988906686734443,0.9988921713441654,6.771492299973033
8,0.001,8,GELU,300,0.9988597282475716,0.9988906686734443,0.9988921713441654,6.498244999907911
8,0.001,8,GELU,500,0.9988597282475716,0.9988906686734443,0.9988921713441654,6.502050300012343
8,0.001,8,GELU,1000,0.9988597282475716,0.9988906686734443,0.9988921713441654,6.674402400036342
8,0.001,8,Softmax,50,0.9984110231205118,0.9983977754669191,0.9983998030526834,11.470804799930193
8,0.001,8,Softmax,100,0.9984110231205118,0.9983977754669191,0.9983998030526834,11.281857300084084
8,0.001,8,Softmax,300,0.9984110231205118,0.9983977754669191,0.9983998030526834,11.633931700023822
8,0.001,8,Softmax,500,0.9984110231205118,0.9983977754669191,0.9983998030526834,11.558650200022385
8,0.001,8,Softmax,1000,0.9984110231205118,0.9983977754669191,0.9983998030526834,11.122688799980097
8,0.001,16,ReLU,50,0.9985955056179776,0.9986441010635395,0.9986459871984245,4.46290229994338
8,0.001,16,ReLU,100,0.9985955056179776,0.9986441010635395,0.9986459871984245,4.236849599983543
8,0.001,16,ReLU,300,0.9985955056179776,0.9986441010635395,0.9986459871984245,4.218893399927765
8,0.001,16,ReLU,500,0.9985955056179776,0.9986441010635395,0.9986459871984245,4.360402600024827
8,0.001,16,ReLU,1000,0.9985955056179776,0.9986441010635395,0.9986459871984245,4.300970599986613
8,0.001,16,Tanh,50,0.9988774482769335,0.9988907086624781,0.9988921713441654,4.086139699909836
8,0.001,16,Tanh,100,0.9988774482769335,0.9988907086624781,0.9988921713441654,4.246516300016083
8,0.001,16,Tanh,300,0.9988774482769335,0.9988907086624781,0.9988921713441654,4.462089899927378
8,0.001,16,Tanh,500,0.9988774482769335,0.9988907086624781,0.9988921713441654,4.18608040001709
8,0.001,16,Tanh,1000,0.9988774482769335,0.9988907086624781,0.9988921713441654,4.066329399938695
8,0.001,16,Sigmoid,50,0.9944544804001911,0.9943317789499357,0.9943377646479566,6.322969799977727
8,0.001,16,Sigmoid,100,0.9944544804001911,0.9943317789499357,0.9943377646479566,7.120321800000966
8,0.001,16,Sigmoid,300,0.9944544804001911,0.9943317789499357,0.9943377646479566,7.05500569997821
8,0.001,16,Sigmoid,500,0.9944544804001911,0.9943317789499357,0.9943377646479566,7.311888399999589
8,0.001,16,Sigmoid,1000,0.9944544804001911,0.9943317789499357,0.9943377646479566,6.885517599992454
8,0.001,16,GELU,50,0.9985955056179776,0.9986441010635395,0.9986459871984245,4.308607600047253
8,0.001,16,GELU,100,0.9985955056179776,0.9986441010635395,0.9986459871984245,4.3914148000767455
8,0.001,16,GELU,300,0.9985955056179776,0.9986441010635395,0.9986459871984245,4.21616539999377
8,0.001,16,GELU,500,0.9985955056179776,0.9986441010635395,0.9986459871984245,4.2131487999577075
8,0.001,16,GELU,1000,0.9985955056179776,0.9986441010635395,0.9986459871984245,4.377331499941647
8,0.001,16,Softmax,50,0.9944544804001911,0.9943317789499357,0.9943377646479566,6.24057820008602
8,0.001,16,Softmax,100,0.9944544804001911,0.9943317789499357,0.9943377646479566,6.976246700040065
8,0.001,16,Softmax,300,0.9944544804001911,0.9943317789499357,0.9943377646479566,7.1851755999960005
8,0.001,16,Softmax,500,0.9944544804001911,0.9943317789499357,0.9943377646479566,7.075554399983957
8,0.001,16,Softmax,1000,0.9944544804001911,0.9943317789499357,0.9943377646479566,7.283214000053704
8,0.001,32,ReLU,50,0.9979570990806945,0.9980276919431555,0.9980305268340719,2.7071968000382185
8,0.001,32,ReLU,100,0.9979570990806945,0.9980276919431555,0.9980305268340719,2.759310599998571
8,0.001,32,ReLU,300,0.9979570990806945,0.9980276919431555,0.9980305268340719,2.6577133999671787
8,0.001,32,ReLU,500,0.9979570990806945,0.9980276919431555,0.9980305268340719,2.827650099992752
8,0.001,32,ReLU,1000,0.9979570990806945,0.9980276919431555,0.9980305268340719,2.8347267999779433
8,0.001,32,Tanh,50,0.9982390417396505,0.9982743578091227,0.9982767109798129,2.590250900015235
8,0.001,32,Tanh,100,0.9982390417396505,0.9982743578091227,0.9982767109798129,2.637217400013469
8,0.001,32,Tanh,300,0.9982390417396505,0.9982743578091227,0.9982767109798129,2.5240790999960154
8,0.001,32,Tanh,500,0.9982390417396505,0.9982743578091227,0.9982767109798129,2.4706385999452323
8,0.001,32,Tanh,1000,0.9982390417396505,0.9982743578091227,0.9982767109798129,2.5237614000216126
8,0.001,32,Sigmoid,50,0.9906381201039316,0.9905119666922932,0.990521910388971,3.778551800060086
8,0.001,32,Sigmoid,100,0.9926278609351515,0.9924837441196306,0.9924913835548991,4.972580299945548
8,0.001,32,Sigmoid,300,0.9926278609351515,0.9924837441196306,0.9924913835548991,4.928808200056665
8,0.001,32,Sigmoid,500,0.9926278609351515,0.9924837441196306,0.9924913835548991,5.159106400096789
8,0.001,32,Sigmoid,1000,0.9926278609351515,0.9924837441196306,0.9924913835548991,5.007177099934779
8,0.001,32,GELU,50,0.9979570990806945,0.9980276919431555,0.9980305268340719,2.7088454000186175
8,0.001,32,GELU,100,0.9979570990806945,0.9980276919431555,0.9980305268340719,2.7214451000327244
8,0.001,32,GELU,300,0.9979570990806945,0.9980276919431555,0.9980305268340719,2.7627767000813037
8,0.001,32,GELU,500,0.9979570990806945,0.9980276919431555,0.9980305268340719,2.8364467999199405
8,0.001,32,GELU,1000,0.9979570990806945,0.9980276919431555,0.9980305268340719,2.7387712000636384
8,0.001,32,Softmax,50,0.9906381201039316,0.9905119666922932,0.990521910388971,3.532934100017883
8,0.001,32,Softmax,100,0.9926278609351515,0.9924837441196306,0.9924913835548991,4.893718200037256
8,0.001,32,Softmax,300,0.9926278609351515,0.9924837441196306,0.9924913835548991,5.204521300038323
8,0.001,32,Softmax,500,0.9926278609351515,0.9924837441196306,0.9924913835548991,5.059011699981056
8,0.001,32,Softmax,1000,0.9926278609351515,0.9924837441196306,0.9924913835548991,5.072046099929139
8,0.001,64,ReLU,50,0.9979925391394182,0.9980278374961402,0.9980305268340719,1.971044100006111
8,0.001,64,ReLU,100,0.9979925391394182,0.9980278374961402,0.9980305268340719,2.2516045999946073
8,0.001,64,ReLU,300,0.9979925391394182,0.9980278374961402,0.9980305268340719,2.116649499977939
8,0.001,64,ReLU,500,0.9979925391394182,0.9980278374961402,0.9980305268340719,2.1160269998945296
8,0.001,64,ReLU,1000,0.9979925391394182,0.9980278374961402,0.9980305268340719,2.092295699985698
8,0.001,64,Tanh,50,0.9981202204468749,0.9981511144557406,0.9981536189069424,1.8831632999936119
8,0.001,64,Tanh,100,0.9981202204468749,0.9981511144557406,0.9981536189069424,1.9792757000541314
8,0.001,64,Tanh,300,0.9981202204468749,0.9981511144557406,0.9981536189069424,1.9031482000136748
8,0.001,64,Tanh,500,0.9981202204468749,0.9981511144557406,0.9981536189069424,2.0315532999811694
8,0.001,64,Tanh,1000,0.9981202204468749,0.9981511144557406,0.9981536189069424,2.010420299950056
8,0.001,64,Sigmoid,50,0.9744330318824594,0.9746006140737704,0.9746430329886755,2.0361945000477135
8,0.001,64,Sigmoid,100,0.9912676666265337,0.9911282838793847,0.9911373707533235,3.5748762999428436
8,0.001,64,Sigmoid,300,0.9912676666265337,0.9911282838793847,0.9911373707533235,3.5254198000766337
8,0.001,64,Sigmoid,500,0.9912676666265337,0.9911282838793847,0.9911373707533235,3.5340811000205576
8,0.001,64,Sigmoid,1000,0.9912676666265337,0.9911282838793847,0.9911373707533235,3.689468299970031
8,0.001,64,GELU,50,0.9979925391394182,0.9980278374961402,0.9980305268340719,2.0089498000452295
8,0.001,64,GELU,100,0.9979925391394182,0.9980278374961402,0.9980305268340719,2.0908897999906912
8,0.001,64,GELU,300,0.9979925391394182,0.9980278374961402,0.9980305268340719,2.0900873000500724
8,0.001,64,GELU,500,0.9979925391394182,0.9980278374961402,0.9980305268340719,2.0243637999519706
8,0.001,64,GELU,1000,0.9979925391394182,0.9980278374961402,0.9980305268340719,2.0818726000143215
8,0.001,64,Softmax,50,0.9744330318824594,0.9746006140737704,0.9746430329886755,1.9541768000926822
8,0.001,64,Softmax,100,0.9912676666265337,0.9911282838793847,0.9911373707533235,3.6380497999489307
8,0.001,64,Softmax,300,0.9912676666265337,0.9911282838793847,0.9911373707533235,3.57826529990416
8,0.001,64,Softmax,500,0.9912676666265337,0.9911282838793847,0.9911373707533235,3.4829917999450117
8,0.001,64,Softmax,1000,0.9912676666265337,0.9911282838793847,0.9911373707533235,3.61011020001024
8,0.001,128,ReLU,50,0.9942684200918916,0.9943297199910053,0.9943377646479566,1.2554590000072494
8,0.001,128,ReLU,100,0.9951533292294069,0.9951928100620896,0.9951994091580503,1.8066002000123262
8,0.001,128,ReLU,300,0.9951533292294069,0.9951928100620896,0.9951994091580503,1.6724040999542922
8,0.001,128,ReLU,500,0.9951533292294069,0.9951928100620896,0.9951994091580503,1.7630062999669462
8,0.001,128,ReLU,1000,0.9951533292294069,0.9951928100620896,0.9951994091580503,1.7010592999868095
8,0.001,128,Tanh,50,0.9938197149648318,0.9938372150887793,0.9938453963564746,1.336168700014241
8,0.001,128,Tanh,100,0.9982656217836934,0.9982744511168824,0.9982767109798129,1.7878511999733746
8,0.001,128,Tanh,300,0.9982656217836934,0.9982744511168824,0.9982767109798129,1.7278783000074327
8,0.001,128,Tanh,500,0.9982656217836934,0.9982744511168824,0.9982767109798129,1.7179274000227451
8,0.001,128,Tanh,1000,0.9982656217836934,0.9982744511168824,0.9982767109798129,1.675736999954097
8,0.001,128,Sigmoid,50,0.95417551859001,0.9543750766137706,0.9544559330379123,1.2374639000045136
8,0.001,128,Sigmoid,100,0.9741297280922179,0.9742345269048323,0.974273756770064,2.2242523999884725
8,0.001,128,Sigmoid,300,0.9756530437670161,0.9757161836589738,0.9757508616445101,2.7639863000949845
8,0.001,128,Sigmoid,500,0.9756530437670161,0.9757161836589738,0.9757508616445101,2.5315673999721184
8,0.001,128,Sigmoid,1000,0.9756530437670161,0.9757161836589738,0.9757508616445101,2.370687699993141
8,0.001,128,GELU,50,0.9942684200918916,0.9943297199910053,0.9943377646479566,1.222988500026986
8,0.001,128,GELU,100,0.9951533292294069,0.9951928100620896,0.9951994091580503,1.5849600000074133
8,0.001,128,GELU,300,0.9951533292294069,0.9951928100620896,0.9951994091580503,1.6603416000725701
8,0.001,128,GELU,500,0.9951533292294069,0.9951928100620896,0.9951994091580503,1.5811000000685453
8,0.001,128,GELU,1000,0.9951533292294069,0.9951928100620896,0.9951994091580503,1.5704917000839487
8,0.001,128,Softmax,50,0.95417551859001,0.9543750766137706,0.9544559330379123,1.3884432000340894
8,0.001,128,Softmax,100,0.9741297280922179,0.9742345269048323,0.974273756770064,2.18944750004448
8,0.001,128,Softmax,300,0.9756530437670161,0.9757161836589738,0.9757508616445101,2.540775500005111
8,0.001,128,Softmax,500,0.9756530437670161,0.9757161836589738,0.9757508616445101,2.4853251999011263
8,0.001,128,Softmax,1000,0.9756530437670161,0.9757161836589738,0.9757508616445101,2.5777420999947935
8,0.0001,8,ReLU,50,0.9927805444758173,0.992850383293939,0.9928606597735106,13.594153699930757
8,0.0001,8,ReLU,100,0.9949990678779075,0.9950692298578889,0.9950763170851797,18.3574329999974
8,0.0001,8,ReLU,300,0.9949990678779075,0.9950692298578889,0.9950763170851797,18.283099199994467
8,0.0001,8,ReLU,500,0.9949990678779075,0.9950692298578889,0.9950763170851797,18.38592949998565
8,0.0001,8,ReLU,1000,0.9949990678779075,0.9950692298578889,0.9950763170851797,18.172761900001206
8,0.0001,8,Tanh,50,0.9816045462313139,0.9816344035936897,0.9816592811422944,12.691198499989696
8,0.0001,8,Tanh,100,0.9979091579053663,0.9979047464302155,0.9979074347612014,21.751349600031972
8,0.0001,8,Tanh,300,0.9979091579053663,0.9979047464302155,0.9979074347612014,21.277951099909842
8,0.0001,8,Tanh,500,0.9979091579053663,0.9979047464302155,0.9979074347612014,21.1781618000241
8,0.0001,8,Tanh,1000,0.9979091579053663,0.9979047464302155,0.9979074347612014,21.613546600099653
8,0.0001,8,Sigmoid,50,0.9379261302951332,0.9384116604543441,0.938577055637617,12.489976400043815
8,0.0001,8,Sigmoid,100,0.9444858181507474,0.944852700487643,0.9449778434268833,20.522276699892245
8,0.0001,8,Sigmoid,300,0.9444858181507474,0.944852700487643,0.9449778434268833,20.4148519000737
8,0.0001,8,Sigmoid,500,0.9444858181507474,0.944852700487643,0.9449778434268833,20.46339400007855
8,0.0001,8,Sigmoid,1000,0.9444858181507474,0.944852700487643,0.9449778434268833,20.607644199975766
8,0.0001,8,GELU,50,0.9927805444758173,0.992850383293939,0.9928606597735106,12.796236300026067
8,0.0001,8,GELU,100,0.9949990678779075,0.9950692298578889,0.9950763170851797,18.10784039995633
8,0.0001,8,GELU,300,0.9949990678779075,0.9950692298578889,0.9950763170851797,18.152463800041005
8,0.0001,8,GELU,500,0.9949990678779075,0.9950692298578889,0.9950763170851797,17.997635500039905
8,0.0001,8,GELU,1000,0.9949990678779075,0.9950692298578889,0.9950763170851797,17.989335999940522
8,0.0001,8,Softmax,50,0.9379261302951332,0.9384116604543441,0.938577055637617,12.649432099889964
8,0.0001,8,Softmax,100,0.9444858181507474,0.944852700487643,0.9449778434268833,20.757894600043073
8,0.0001,8,Softmax,300,0.9444858181507474,0.944852700487643,0.9449778434268833,20.643071900005452
8,0.0001,8,Softmax,500,0.9444858181507474,0.944852700487643,0.9449778434268833,20.501412700046785
8,0.0001,8,Softmax,1000,0.9444858181507474,0.944852700487643,0.9449778434268833,20.105279799900018
8,0.0001,16,ReLU,50,0.9781217108712623,0.9782991150716476,0.9783357951747907,6.798117800033651
8,0.0001,16,ReLU,100,0.9934100909984194,0.9934669118610435,0.9934761201378631,12.344126799958758
8,0.0001,16,ReLU,300,0.9934100909984194,0.9934669118610435,0.9934761201378631,12.246525999973528
8,0.0001,16,ReLU,500,0.9934100909984194,0.9934669118610435,0.9934761201378631,11.975444099982269
8,0.0001,16,ReLU,1000,0.9934100909984194,0.9934669118610435,0.9934761201378631,12.004099000012502
8,0.0001,16,Tanh,50,0.9638990812771626,0.9641154917344019,0.9641802067946824,6.93127810000442
8,0.0001,16,Tanh,100,0.9958094557960517,0.9958094557960517,0.9958148695224027,13.250774900079705
8,0.0001,16,Tanh,300,0.998027979198142,0.998027979198142,0.9980305268340719,15.31846450001467
8,0.0001,16,Tanh,500,0.998027979198142,0.998027979198142,0.9980305268340719,15.64490489999298
8,0.0001,16,Tanh,1000,0.998027979198142,0.998027979198142,0.9980305268340719,15.375102500081994
8,0.0001,16,Sigmoid,50,0.9185930927811028,0.9195745489680516,0.9199901526341704,6.572179700015113
8,0.0001,16,Sigmoid,100,0.9376530476508582,0.9381600332205728,0.9383308714918759,11.27700330002699
8,0.0001,16,Sigmoid,300,0.938027231558547,0.9385311290697516,0.9387001477104875,12.430503600044176
8,0.0001,16,Sigmoid,500,0.938027231558547,0.9385311290697516,0.9387001477104875,12.708411800093018
8,0.0001,16,Sigmoid,1000,0.938027231558547,0.9385311290697516,0.9387001477104875,12.792910800082609
8,0.0001,16,GELU,50,0.9781217108712623,0.9782991150716476,0.9783357951747907,6.7392740000505
8,0.0001,16,GELU,100,0.9934100909984194,0.9934669118610435,0.9934761201378631,12.200020899996161
8,0.0001,16,GELU,300,0.9934100909984194,0.9934669118610435,0.9934761201378631,12.331047900021076
8,0.0001,16,GELU,500,0.9934100909984194,0.9934669118610435,0.9934761201378631,12.43626009998843
8,0.0001,16,GELU,1000,0.9934100909984194,0.9934669118610435,0.9934761201378631,12.050946500035934
8,0.0001,16,Softmax,50,0.9185930927811028,0.9195745489680516,0.9199901526341704,6.646432299981825
8,0.0001,16,Softmax,100,0.9376530476508582,0.9381600332205728,0.9383308714918759,11.479939200100489
8,0.0001,16,Softmax,300,0.938027231558547,0.9385311290697516,0.9387001477104875,12.52306719997432
8,0.0001,16,Softmax,500,0.938027231558547,0.9385311290697516,0.9387001477104875,12.681548199965619
8,0.0001,16,Softmax,1000,0.938027231558547,0.9385311290697516,0.9387001477104875,12.657425999990664
8,0.0001,32,ReLU,50,0.947559515024643,0.9483518748527743,0.948547513540128,3.6287315000081435
8,0.0001,32,ReLU,100,0.9898970344924012,0.9900141454284802,0.990029542097489,7.1579742999747396
8,0.0001,32,ReLU,300,0.992534041875585,0.9926038447868335,0.9926144756277696,8.987327400012873
8,0.0001,32,ReLU,500,0.992534041875585,0.9926038447868335,0.9926144756277696,9.094710999983363
8,0.0001,32,ReLU,1000,0.992534041875585,0.9926038447868335,0.9926144756277696,9.00386190006975
8,0.0001,32,Tanh,50,0.9425846774663369,0.9428892664306521,0.9430083702609552,3.68025029997807
8,0.0001,32,Tanh,100,0.9713650394015776,0.9715190214890062,0.9715657311669128,6.708124099997804
8,0.0001,32,Tanh,300,0.981049520928083,0.9811389155925002,0.9811669128508124,9.58833549998235
8,0.0001,32,Tanh,500,0.981049520928083,0.9811389155925002,0.9811669128508124,9.449175200075842
8,0.0001,32,Tanh,1000,0.981049520928083,0.9811389155925002,0.9811669128508124,9.617610199959017
8,0.0001,32,Sigmoid,50,0.9031879546522602,0.9043963239039365,0.905096011816839,3.342278999974951
8,0.0001,32,Sigmoid,100,0.9192898783192285,0.920132256414449,0.9204825209256524,5.755685499985702
8,0.0001,32,Sigmoid,300,0.9226929735471519,0.9234913435208333,0.9238060068931561,8.413314400007948
8,0.0001,32,Sigmoid,500,0.9226929735471519,0.9234913435208333,0.9238060068931561,8.10722949996125
8,0.0001,32,Sigmoid,1000,0.9226929735471519,0.9234913435208333,0.9238060068931561,8.29298759996891
8,0.0001,32,GELU,50,0.947559515024643,0.9483518748527743,0.948547513540128,3.555016400059685
8,0.0001,32,GELU,100,0.9898970344924012,0.9900141454284802,0.990029542097489,7.082050499971956
8,0.0001,32,GELU,300,0.992534041875585,0.9926038447868335,0.9926144756277696,8.950906399986707
8,0.0001,32,GELU,500,0.992534041875585,0.9926038447868335,0.9926144756277696,9.271925000008196
8,0.0001,32,GELU,1000,0.992534041875585,0.9926038447868335,0.9926144756277696,8.81876060005743
8,0.0001,32,Softmax,50,0.9031879546522602,0.9043963239039365,0.905096011816839,3.478691800031811
8,0.0001,32,Softmax,100,0.9192898783192285,0.920132256414449,0.9204825209256524,5.893004300072789
8,0.0001,32,Softmax,300,0.9226929735471519,0.9234913435208333,0.9238060068931561,8.097605900024064
8,0.0001,32,Softmax,500,0.9226929735471519,0.9234913435208333,0.9238060068931561,8.266908499994315
8,0.0001,32,Softmax,1000,0.9226929735471519,0.9234913435208333,0.9238060068931561,8.004859899985604
8,0.0001,64,ReLU,50,0.916729455446506,0.9178754917956713,0.9183899556868538,2.0757457999279723
8,0.0001,64,ReLU,100,0.9613172972731545,0.9618591821659821,0.9619645494830132,3.827765900059603
8,0.0001,64,ReLU,300,0.9870755446117517,0.987179026493668,0.9871984244214672,6.0477144999895245
8,0.0001,64,ReLU,500,0.9870755446117517,0.987179026493668,0.9871984244214672,6.228672900004312
8,0.0001,64,ReLU,1000,0.9870755446117517,0.987179026493668,0.9871984244214672,6.245195599971339
8,0.0001,64,Tanh,50,0.9104037690745193,0.9115425025229407,0.9121122599704579,1.9756190000334755
8,0.0001,64,Tanh,100,0.9524890815490316,0.9527624618267259,0.9528557360905958,3.7124752000672743
8,0.0001,64,Tanh,300,0.9687634720771175,0.9689289065368454,0.9689807976366323,7.022458799998276
8,0.0001,64,Tanh,500,0.9687634720771175,0.9689289065368454,0.9689807976366323,6.765867899986915
8,0.0001,64,Tanh,1000,0.9687634720771175,0.9689289065368454,0.9689807976366323,6.682154200039804
8,0.0001,64,Sigmoid,50,0.8845407793705846,0.8857068313510659,0.8866322008862629,1.9103446999797598
8,0.0001,64,Sigmoid,100,0.8899956355324942,0.8911260573157642,0.8919251600196947,2.791489699971862
8,0.0001,64,Sigmoid,300,0.8931965282335899,0.894285581566277,0.8950024618414574,4.317708799964748
8,0.0001,64,Sigmoid,500,0.8931965282335899,0.894285581566277,0.8950024618414574,4.300324099953286
8,0.0001,64,Sigmoid,1000,0.8931965282335899,0.894285581566277,0.8950024618414574,4.488803999964148
8,0.0001,64,GELU,50,0.916729455446506,0.9178754917956713,0.9183899556868538,1.9303395000752062
8,0.0001,64,GELU,100,0.9613172972731545,0.9618591821659821,0.9619645494830132,3.710907300002873
8,0.0001,64,GELU,300,0.9870755446117517,0.987179026493668,0.9871984244214672,6.048533400055021
8,0.0001,64,GELU,500,0.9870755446117517,0.987179026493668,0.9871984244214672,6.374961599940434
8,0.0001,64,GELU,1000,0.9870755446117517,0.987179026493668,0.9871984244214672,6.051101600052789
8,0.0001,64,Softmax,50,0.8845407793705846,0.8857068313510659,0.8866322008862629,1.7669210999738425
8,0.0001,64,Softmax,100,0.8899956355324942,0.8911260573157642,0.8919251600196947,2.9147731999401003
8,0.0001,64,Softmax,300,0.8931965282335899,0.894285581566277,0.8950024618414574,4.409978899988346
8,0.0001,64,Softmax,500,0.8931965282335899,0.894285581566277,0.8950024618414574,4.309876799932681
8,0.0001,64,Softmax,1000,0.8931965282335899,0.894285581566277,0.8950024618414574,4.406895600026473
8,0.0001,128,ReLU,50,0.8852427838214676,0.8862598567860686,0.8870014771048744,1.2002500999951735
8,0.0001,128,ReLU,100,0.9170166170182191,0.9180570982448538,0.9185130477597243,2.1495501999743283
8,0.0001,128,ReLU,300,0.9541244217930145,0.95469411681702,0.9548252092565239,4.402427799999714
8,0.0001,128,ReLU,500,0.9541244217930145,0.95469411681702,0.9548252092565239,4.2379437000490725
8,0.0001,128,ReLU,1000,0.9541244217930145,0.95469411681702,0.9548252092565239,4.1904911999590695
8,0.0001,128,Tanh,50,0.892457020432893,0.8935419865948793,0.8942639094042344,1.1903935999143869
8,0.0001,128,Tanh,100,0.9085948696388415,0.9097002013861906,0.9102658788774003,2.071991099976003
8,0.0001,128,Tanh,300,0.9217142453500702,0.9226801191939831,0.9230674544559331,3.161965599982068
8,0.0001,128,Tanh,500,0.9217142453500702,0.9226801191939831,0.9230674544559331,3.1390793999889866
8,0.0001,128,Tanh,1000,0.9217142453500702,0.9226801191939831,0.9230674544559331,3.17615419998765
8,0.0001,128,Sigmoid,50,0.8793746625912218,0.8803953477447832,0.8812161496799606,1.241646399954334
8,0.0001,128,Sigmoid,100,0.8817156483880113,0.8828054141499565,0.8836779911373708,1.6792580999899656
8,0.0001,128,Sigmoid,300,0.8817156483880113,0.8828054141499565,0.8836779911373708,1.7211508000036702
8,0.0001,128,Sigmoid,500,0.8817156483880113,0.8828054141499565,0.8836779911373708,1.857712599914521
8,0.0001,128,Sigmoid,1000,0.8817156483880113,0.8828054141499565,0.8836779911373708,1.8912691000150517
8,0.0001,128,GELU,50,0.8852427838214676,0.8862598567860686,0.8870014771048744,1.2404722000937909
8,0.0001,128,GELU,100,0.9170166170182191,0.9180570982448538,0.9185130477597243,2.0995927999028936
8,0.0001,128,GELU,300,0.9541244217930145,0.95469411681702,0.9548252092565239,4.080482500023209
8,0.0001,128,GELU,500,0.9541244217930145,0.95469411681702,0.9548252092565239,4.145833799964748
8,0.0001,128,GELU,1000,0.9541244217930145,0.95469411681702,0.9548252092565239,4.3600944998906925
8,0.0001,128,Softmax,50,0.8793746625912218,0.8803953477447832,0.8812161496799606,1.2001010000240058
8,0.0001,128,Softmax,100,0.8817156483880113,0.8828054141499565,0.8836779911373708,1.7131022999528795
8,0.0001,128,Softmax,300,0.8817156483880113,0.8828054141499565,0.8836779911373708,1.6536424999358132
8,0.0001,128,Softmax,500,0.8817156483880113,0.8828054141499565,0.8836779911373708,1.6844653999432921
8,0.0001,128,Softmax,1000,0.8817156483880113,0.8828054141499565,0.8836779911373708,1.7073651999235153
8,0.00025,8,ReLU,50,0.997472953894911,0.9975346608656546,0.9975381585425899,12.13677599991206
8,0.00025,8,ReLU,100,0.997472953894911,0.9975346608656546,0.9975381585425899,13.711437899968587
8,0.00025,8,ReLU,300,0.997472953894911,0.9975346608656546,0.9975381585425899,13.111602199962363
8,0.00025,8,ReLU,500,0.997472953894911,0.9975346608656546,0.9975381585425899,13.330292399972677
8,0.00025,8,ReLU,1000,0.997472953894911,0.9975346608656546,0.9975381585425899,13.802125000045635
8,0.00025,8,Tanh,50,0.9982744817983742,0.9982744817983742,0.9982767109798129,11.763435600092635
8,0.00025,8,Tanh,100,0.9982744817983742,0.9982744817983742,0.9982767109798129,12.045307900058106
8,0.00025,8,Tanh,300,0.9982744817983742,0.9982744817983742,0.9982767109798129,12.097938199993223
8,0.00025,8,Tanh,500,0.9982744817983742,0.9982744817983742,0.9982767109798129,12.068973800051026
8,0.00025,8,Tanh,1000,0.9982744817983742,0.9982744817983742,0.9982767109798129,12.172271299990825
8,0.00025,8,Sigmoid,50,0.9650252741021528,0.9653396209097901,0.9654111275233875,12.726781399920583
8,0.00025,8,Sigmoid,100,0.9875258275496452,0.9874307251004892,0.9874446085672083,22.836526299943216
8,0.00025,8,Sigmoid,300,0.9875258275496452,0.9874307251004892,0.9874446085672083,24.17369189998135
8,0.00025,8,Sigmoid,500,0.9875258275496452,0.9874307251004892,0.9874446085672083,23.827327799983323
8,0.00025,8,Sigmoid,1000,0.9875258275496452,0.9874307251004892,0.9874446085672083,24.21211940003559
8,0.00025,8,GELU,50,0.997472953894911,0.9975346608656546,0.9975381585425899,12.141446499968879
8,0.00025,8,GELU,100,0.997472953894911,0.9975346608656546,0.9975381585425899,13.5953809999628
8,0.00025,8,GELU,300,0.997472953894911,0.9975346608656546,0.9975381585425899,13.657871200004593
8,0.00025,8,GELU,500,0.997472953894911,0.9975346608656546,0.9975381585425899,13.662061400013044
8,0.00025,8,GELU,1000,0.997472953894911,0.9975346608656546,0.9975381585425899,13.630912599968724
8,0.00025,8,Softmax,50,0.9650252741021528,0.9653396209097901,0.9654111275233875,12.759405400021933
8,0.00025,8,Softmax,100,0.9875258275496452,0.9874307251004892,0.9874446085672083,23.117406900040805
8,0.00025,8,Softmax,300,0.9875258275496452,0.9874307251004892,0.9874446085672083,23.881307600066066
8,0.00025,8,Softmax,500,0.9875258275496452,0.9874307251004892,0.9874446085672083,24.050008099991828
8,0.00025,8,Softmax,1000,0.9875258275496452,0.9874307251004892,0.9874446085672083,23.880867199972272
8,0.00025,16,ReLU,50,0.9961216196009741,0.9961787597677803,0.9961841457410143,6.541349499952048
8,0.00025,16,ReLU,100,0.9967423061088951,0.9967951184518297,0.9967996061053668,9.419569700025022
8,0.00025,16,ReLU,300,0.9967423061088951,0.9967951184518297,0.9967996061053668,9.332861399976537
8,0.00025,16,ReLU,500,0.9967423061088951,0.9967951184518297,0.9967996061053668,9.598989399964921
8,0.00025,16,ReLU,1000,0.9967423061088951,0.9967951184518297,0.9967996061053668,9.184896600083448
8,0.00025,16,Tanh,50,0.9977726165832288,0.9977814371502773,0.9977843426883308,6.89526110002771
8,0.00025,16,Tanh,100,0.9977726165832288,0.9977814371502773,0.9977843426883308,7.286454900051467
8,0.00025,16,Tanh,300,0.9977726165832288,0.9977814371502773,0.9977843426883308,7.5981967999832705
8,0.00025,16,Tanh,500,0.9977726165832288,0.9977814371502773,0.9977843426883308,7.333946400089189
8,0.00025,16,Tanh,1000,0.9977726165832288,0.9977814371502773,0.9977843426883308,7.504500900045969
8,0.00025,16,Sigmoid,50,0.9535902721408126,0.9537618495600151,0.9538404726735599,6.495678200037219
8,0.00025,16,Sigmoid,100,0.9777616058910117,0.977812358512667,0.9778434268833087,12.278806400019675
8,0.00025,16,Sigmoid,300,0.9816665663340803,0.9816366815264584,0.9816592811422944,17.23992029996589
8,0.00025,16,Sigmoid,500,0.9816665663340803,0.9816366815264584,0.9816592811422944,17.529396099969745
8,0.00025,16,Sigmoid,1000,0.9816665663340803,0.9816366815264584,0.9816592811422944,16.50888420001138
8,0.00025,16,GELU,50,0.9961216196009741,0.9961787597677803,0.9961841457410143,6.531088800053112
8,0.00025,16,GELU,100,0.9967423061088951,0.9967951184518297,0.9967996061053668,9.691723500029184
8,0.00025,16,GELU,300,0.9967423061088951,0.9967951184518297,0.9967996061053668,9.840706899994984
8,0.00025,16,GELU,500,0.9967423061088951,0.9967951184518297,0.9967996061053668,15.644274800084531
8,0.00025,16,GELU,1000,0.9967423061088951,0.9967951184518297,0.9967996061053668,13.70541559997946
8,0.00025,16,Softmax,50,0.9535902721408126,0.9537618495600151,0.9538404726735599,8.624195700045675
8,0.00025,16,Softmax,100,0.9777616058910117,0.977812358512667,0.9778434268833087,15.051412099972367
8,0.00025,16,Softmax,300,0.9816665663340803,0.9816366815264584,0.9816592811422944,19.52730730001349
8,0.00025,16,Softmax,500,0.9816665663340803,0.9816366815264584,0.9816592811422944,18.81862929998897
8,0.00025,16,Softmax,1000,0.9816665663340803,0.9816366815264584,0.9816592811422944,18.85795540001709
8,0.00025,32,ReLU,50,0.9930270470760496,0.9930969218010446,0.9931068439192516,4.269567099981941
8,0.00025,32,ReLU,100,0.995135609200045,0.9951926332562396,0.9951994091580503,6.417858500033617
8,0.00025,32,ReLU,300,0.995135609200045,0.9951926332562396,0.9951994091580503,5.927773800096475
8,0.00025,32,ReLU,500,0.995135609200045,0.9951926332562396,0.9951994091580503,6.00366699998267
8,0.00025,32,ReLU,1000,0.995135609200045,0.9951926332562396,0.9951994091580503,5.874102300032973
8,0.00025,32,Tanh,50,0.9840039110289462,0.983978173956022,0.9839980305268341,4.030828099930659
8,0.00025,32,Tanh,100,0.9972618913534025,0.9972883257635816,0.9972919743968488,5.50753609999083
8,0.00025,32,Tanh,300,0.9972618913534025,0.9972883257635816,0.9972919743968488,5.578868699958548
8,0.00025,32,Tanh,500,0.9972618913534025,0.9972883257635816,0.9972919743968488,5.686807700083591
8,0.00025,32,Tanh,1000,0.9972618913534025,0.9972883257635816,0.9972919743968488,5.622332300059497
8,0.00025,32,Sigmoid,50,0.9465818791581384,0.9468435146874181,0.9469473165928114,3.57982790004462
8,0.00025,32,Sigmoid,100,0.9553814515471284,0.9556053929283391,0.9556868537666174,6.424006700050086
8,0.00025,32,Sigmoid,300,0.9596517358832051,0.9598056629610628,0.9598719842442147,9.703164499951527
8,0.00025,32,Sigmoid,500,0.9596517358832051,0.9598056629610628,0.9598719842442147,9.777848100056872
8,0.00025,32,Sigmoid,1000,0.9596517358832051,0.9598056629610628,0.9598719842442147,9.246441000024788
8,0.00025,32,GELU,50,0.9930270470760496,0.9930969218010446,0.9931068439192516,3.667018900043331
8,0.00025,32,GELU,100,0.995135609200045,0.9951926332562396,0.9951994091580503,5.3679652999853715
8,0.00025,32,GELU,300,0.995135609200045,0.9951926332562396,0.9951994091580503,5.315817099995911
8,0.00025,32,GELU,500,0.995135609200045,0.9951926332562396,0.9951994091580503,5.758594900020398
8,0.00025,32,GELU,1000,0.995135609200045,0.9951926332562396,0.9951994091580503,5.529826299985871
8,0.00025,32,Softmax,50,0.9465818791581384,0.9468435146874181,0.9469473165928114,3.5896540000103414
8,0.00025,32,Softmax,100,0.9553814515471284,0.9556053929283391,0.9556868537666174,6.2335920999757946
8,0.00025,32,Softmax,300,0.9596517358832051,0.9598056629610628,0.9598719842442147,9.494881000020541
8,0.00025,32,Softmax,500,0.9596517358832051,0.9598056629610628,0.9598719842442147,9.898451199987903
8,0.00025,32,Softmax,1000,0.9596517358832051,0.9598056629610628,0.9598719842442147,9.45868659997359
8,0.00025,64,ReLU,50,0.9727288748121192,0.9729912631892675,0.9730428360413589,2.084538499941118
8,0.00025,64,ReLU,100,0.9927805444758173,0.992850383293939,0.9928606597735106,3.430291200056672
8,0.00025,64,ReLU,300,0.9927805444758173,0.992850383293939,0.9928606597735106,3.7071395999519154
8,0.00025,64,ReLU,500,0.9927805444758173,0.992850383293939,0.9928606597735106,3.595100100035779
8,0.00025,64,ReLU,1000,0.9927805444758173,0.992850383293939,0.9928606597735106,3.717575900023803
8,0.00025,64,Tanh,50,0.9617727991238052,0.9620163328772809,0.9620876415558838,2.1147511000745
8,0.00025,64,Tanh,100,0.9928691446226265,0.992851676195095,0.9928606597735106,3.758587699965574
8,0.00025,64,Tanh,300,0.9944669815167957,0.9944538381547201,0.9944608567208272,4.233864300069399
8,0.00025,64,Tanh,500,0.9944669815167957,0.9944538381547201,0.9944608567208272,4.28966709994711
8,0.00025,64,Tanh,1000,0.9944669815167957,0.9944538381547201,0.9944608567208272,4.521849300013855
8,0.00025,64,Sigmoid,50,0.914647473366553,0.9157746780534819,0.9162973904480551,1.9614747000159696
8,0.00025,64,Sigmoid,100,0.9405756387949215,0.9411162572776957,0.941285081240768,3.3761299999896437
8,0.00025,64,Sigmoid,300,0.9430229447678822,0.943582180252134,0.9437469226981783,5.34281859989278
8,0.00025,64,Sigmoid,500,0.9430229447678822,0.943582180252134,0.9437469226981783,5.41321120003704
8,0.00025,64,Sigmoid,1000,0.9430229447678822,0.943582180252134,0.9437469226981783,5.266040799906477
8,0.00025,64,GELU,50,0.9727288748121192,0.9729912631892675,0.9730428360413589,2.0772284000413492
8,0.00025,64,GELU,100,0.9927805444758173,0.992850383293939,0.9928606597735106,3.376971499994397
8,0.00025,64,GELU,300,0.9927805444758173,0.992850383293939,0.9928606597735106,3.928055999916978
8,0.00025,64,GELU,500,0.9927805444758173,0.992850383293939,0.9928606597735106,3.5323311999673024
8,0.00025,64,GELU,1000,0.9927805444758173,0.992850383293939,0.9928606597735106,3.723627300001681
8,0.00025,64,Softmax,50,0.914647473366553,0.9157746780534819,0.9162973904480551,1.9643000999931246
8,0.00025,64,Softmax,100,0.9405756387949215,0.9411162572776957,0.941285081240768,3.3708598000230268
8,0.00025,64,Softmax,300,0.9430229447678822,0.943582180252134,0.9437469226981783,5.506523899966851
8,0.00025,64,Softmax,500,0.9430229447678822,0.943582180252134,0.9437469226981783,5.149438799940981
8,0.00025,64,Softmax,1000,0.9430229447678822,0.943582180252134,0.9437469226981783,5.188515500049107
8,0.00025,128,ReLU,50,0.9339648541423118,0.9349400011692829,0.9352535696701132,1.2659539999440312
8,0.00025,128,ReLU,100,0.9816347673772803,0.9817540641015151,0.9817823732151649,2.3478822999168187
8,0.00025,128,ReLU,300,0.9898136532583492,0.9898917316340996,0.9899064500246184,2.8072607000358403
8,0.00025,128,ReLU,500,0.9898136532583492,0.9898917316340996,0.9899064500246184,2.7626968999393284
8,0.00025,128,ReLU,1000,0.9898136532583492,0.9898917316340996,0.9899064500246184,2.841009100084193
8,0.00025,128,Tanh,50,0.9324889941625853,0.9330769331782174,0.9332840965041851,1.1957360999658704
8,0.00025,128,Tanh,100,0.9630355332709329,0.9633644252807008,0.9634416543574594,2.082536800066009
8,0.00025,128,Tanh,300,0.9709288353911223,0.9711447178125907,0.9711964549483013,3.304079700028524
8,0.00025,128,Tanh,500,0.9709288353911223,0.9711447178125907,0.9711964549483013,3.2430859999731183
8,0.00025,128,Tanh,1000,0.9709288353911223,0.9711447178125907,0.9711964549483013,3.187465700088069
8,0.00025,128,Sigmoid,50,0.9018616225915324,0.9031761224242825,0.9039881831610044,1.1767466000746936
8,0.00025,128,Sigmoid,100,0.9145375120884585,0.9156557437068524,0.9161742983751846,1.9133916000137106
8,0.00025,128,Sigmoid,300,0.9221983905358537,0.9231722709163783,0.9235598227474151,2.8335098000243306
8,0.00025,128,Sigmoid,500,0.9221983905358537,0.9231722709163783,0.9235598227474151,2.8444992000004277
8,0.00025,128,Sigmoid,1000,0.9221983905358537,0.9231722709163783,0.9235598227474151,2.9273422999540344
8,0.00025,128,GELU,50,0.9339648541423118,0.9349400011692829,0.9352535696701132,1.1987432999303564
8,0.00025,128,GELU,100,0.9816347673772803,0.9817540641015151,0.9817823732151649,2.230902299983427
8,0.00025,128,GELU,300,0.9898136532583492,0.9898917316340996,0.9899064500246184,2.7806680999929085
8,0.00025,128,GELU,500,0.9898136532583492,0.9898917316340996,0.9899064500246184,2.761862499988638
8,0.00025,128,GELU,1000,0.9898136532583492,0.9898917316340996,0.9899064500246184,2.815945600043051
8,0.00025,128,Softmax,50,0.9018616225915324,0.9031761224242825,0.9039881831610044,1.3010548999300227
8,0.00025,128,Softmax,100,0.9145375120884585,0.9156557437068524,0.9161742983751846,2.068851799936965
8,0.00025,128,Softmax,300,0.9221983905358537,0.9231722709163783,0.9235598227474151,2.802134900004603
8,0.00025,128,Softmax,500,0.9221983905358537,0.9231722709163783,0.9235598227474151,2.8260664000408724
8,0.00025,128,Softmax,1000,0.9221983905358537,0.9231722709163783,0.9235598227474151,2.776916400063783
16,0.01,8,ReLU,50,0.999379313492079,0.9993837380299798,0.9993845396356474,4.330268900026567
16,0.01,8,ReLU,100,0.999379313492079,0.9993837380299798,0.9993845396356474,4.420479899970815
16,0.01,8,ReLU,300,0.999379313492079,0.9993837380299798,0.9993845396356474,4.302985400077887
16,0.01,8,ReLU,500,0.999379313492079,0.9993837380299798,0.9993845396356474,4.341313700075261
16,0.01,8,ReLU,1000,0.999379313492079,0.9993837380299798,0.9993845396356474,4.40543639997486
16,0.01,8,Tanh,50,0.9996258160923112,0.9996302428179878,0.9996307237813885,3.849649199983105
16,0.01,8,Tanh,100,0.9996258160923112,0.9996302428179878,0.9996307237813885,3.7959388000890613
16,0.01,8,Tanh,300,0.9996258160923112,0.9996302428179878,0.9996307237813885,3.7481922999722883
16,0.01,8,Tanh,500,0.9996258160923112,0.9996302428179878,0.9996307237813885,3.7693915999261662
16,0.01,8,Tanh,1000,0.9996258160923112,0.9996302428179878,0.9996307237813885,3.8560131998965517
16,0.01,8,Sigmoid,50,0.9991416709065275,0.9991372485300888,0.9991383554899065,4.727249099989422
16,0.01,8,Sigmoid,100,0.9991416709065275,0.9991372485300888,0.9991383554899065,4.7514548999024555
16,0.01,8,Sigmoid,300,0.9991416709065275,0.9991372485300888,0.9991383554899065,4.91557950002607
16,0.01,8,Sigmoid,500,0.9991416709065275,0.9991372485300888,0.9991383554899065,4.6171621000394225
16,0.01,8,Sigmoid,1000,0.9991416709065275,0.9991372485300888,0.9991383554899065,4.678133699926548
16,0.01,8,GELU,50,0.999379313492079,0.9993837380299798,0.9993845396356474,4.299176899949089
16,0.01,8,GELU,100,0.999379313492079,0.9993837380299798,0.9993845396356474,4.355866000056267
16,0.01,8,GELU,300,0.999379313492079,0.9993837380299798,0.9993845396356474,4.192681499989703
16,0.01,8,GELU,500,0.999379313492079,0.9993837380299798,0.9993845396356474,4.37044299999252
16,0.01,8,GELU,1000,0.999379313492079,0.9993837380299798,0.9993845396356474,4.53294529998675
16,0.01,8,Softmax,50,0.9991416709065275,0.9991372485300888,0.9991383554899065,4.828555600019172
16,0.01,8,Softmax,100,0.9991416709065275,0.9991372485300888,0.9991383554899065,4.751746500027366
16,0.01,8,Softmax,300,0.9991416709065275,0.9991372485300888,0.9991383554899065,4.852876300108619
16,0.01,8,Softmax,500,0.9991416709065275,0.9991372485300888,0.9991383554899065,4.835253699915484
16,0.01,8,Softmax,1000,0.9991416709065275,0.9991372485300888,0.9991383554899065,4.717106300056912
16,0.01,16,ReLU,50,0.9987497669694769,0.9987674430177559,0.9987690792712949,2.3821370999794453
16,0.01,16,ReLU,100,0.9987497669694769,0.9987674430177559,0.9987690792712949,2.3397629000246525
16,0.01,16,ReLU,300,0.9987497669694769,0.9987674430177559,0.9987690792712949,2.570003400091082
16,0.01,16,ReLU,500,0.9987497669694769,0.9987674430177559,0.9987690792712949,2.5627972999354824
16,0.01,16,ReLU,1000,0.9987497669694769,0.9987674430177559,0.9987690792712949,2.334147199988365
16,0.01,16,Tanh,50,0.9992516321846223,0.9992604790500924,0.9992614475627769,2.189769700053148
16,0.01,16,Tanh,100,0.9992516321846223,0.9992604790500924,0.9992614475627769,2.2261248000431806
16,0.01,16,Tanh,300,0.9992516321846223,0.9992604790500924,0.9992614475627769,2.1936892999801785
16,0.01,16,Tanh,500,0.9992516321846223,0.9992604790500924,0.9992614475627769,2.112478800001554
16,0.01,16,Tanh,1000,0.9992516321846223,0.9992604790500924,0.9992614475627769,2.3395022000186145
16,0.01,16,Sigmoid,50,0.9992693522139842,0.9992605052582955,0.9992614475627769,2.70247619994916
16,0.01,16,Sigmoid,100,0.9992693522139842,0.9992605052582955,0.9992614475627769,2.710893700015731
16,0.01,16,Sigmoid,300,0.9992693522139842,0.9992605052582955,0.9992614475627769,2.6488470000913367
16,0.01,16,Sigmoid,500,0.9992693522139842,0.9992605052582955,0.9992614475627769,2.607052300008945
16,0.01,16,Sigmoid,1000,0.9992693522139842,0.9992605052582955,0.9992614475627769,2.6556142999324948
16,0.01,16,GELU,50,0.9987497669694769,0.9987674430177559,0.9987690792712949,2.4984793999465182
16,0.01,16,GELU,100,0.9987497669694769,0.9987674430177559,0.9987690792712949,2.416512200026773
16,0.01,16,GELU,300,0.9987497669694769,0.9987674430177559,0.9987690792712949,2.3457287999335676
16,0.01,16,GELU,500,0.9987497669694769,0.9987674430177559,0.9987690792712949,2.348983500036411
16,0.01,16,GELU,1000,0.9987497669694769,0.9987674430177559,0.9987690792712949,2.3636833000928164
16,0.01,16,Softmax,50,0.9992693522139842,0.9992605052582955,0.9992614475627769,2.595525600016117
16,0.01,16,Softmax,100,0.9992693522139842,0.9992605052582955,0.9992614475627769,2.6936470998916775
16,0.01,16,Softmax,300,0.9992693522139842,0.9992605052582955,0.9992614475627769,2.851683400105685
16,0.01,16,Softmax,500,0.9992693522139842,0.9992605052582955,0.9992614475627769,2.6462349999928847
16,0.01,16,Softmax,1000,0.9992693522139842,0.9992605052582955,0.9992614475627769,2.6066709000151604
16,0.01,32,ReLU,50,0.9989874095550282,0.9990139366413024,0.999015263417036,1.4567124999593943
16,0.01,32,ReLU,100,0.9989874095550282,0.9990139366413024,0.999015263417036,1.4635259000351653
16,0.01,32,ReLU,300,0.9989874095550282,0.9990139366413024,0.999015263417036,1.5411510999547318
16,0.01,32,ReLU,500,0.9989874095550282,0.9990139366413024,0.999015263417036,1.5207754999864846
16,0.01,32,ReLU,1000,0.9989874095550282,0.9990139366413024,0.999015263417036,1.537192999967374
16,0.01,32,Tanh,50,0.9996169560776302,0.999630236220826,0.9996307237813885,1.4202810999704525
16,0.01,32,Tanh,100,0.9996169560776302,0.999630236220826,0.9996307237813885,1.4373138999799266
16,0.01,32,Tanh,300,0.9996169560776302,0.999630236220826,0.9996307237813885,1.345588699914515
16,0.01,32,Tanh,500,0.9996169560776302,0.999630236220826,0.9996307237813885,1.3841609000228345
16,0.01,32,Tanh,1000,0.9996169560776302,0.999630236220826,0.9996307237813885,1.3189384000143036
16,0.01,32,Sigmoid,50,0.99900512958439,0.9990139720667899,0.999015263417036,1.8884846000000834
16,0.01,32,Sigmoid,100,0.99900512958439,0.9990139720667899,0.999015263417036,1.9549528000643477
16,0.01,32,Sigmoid,300,0.99900512958439,0.9990139720667899,0.999015263417036,1.7241933000041172
16,0.01,32,Sigmoid,500,0.99900512958439,0.9990139720667899,0.999015263417036,1.7518351000035182
16,0.01,32,Sigmoid,1000,0.99900512958439,0.9990139720667899,0.999015263417036,1.7782620000652969
16,0.01,32,GELU,50,0.9989874095550282,0.9990139366413024,0.999015263417036,1.602280699997209
16,0.01,32,GELU,100,0.9989874095550282,0.9990139366413024,0.999015263417036,1.6846051000757143
16,0.01,32,GELU,300,0.9989874095550282,0.9990139366413024,0.999015263417036,1.510511300060898
16,0.01,32,GELU,500,0.9989874095550282,0.9990139366413024,0.999015263417036,1.457353699952364
16,0.01,32,GELU,1000,0.9989874095550282,0.9990139366413024,0.999015263417036,1.540044100023806
16,0.01,32,Softmax,50,0.99900512958439,0.9990139720667899,0.999015263417036,1.7837576000019908
16,0.01,32,Softmax,100,0.99900512958439,0.9990139720667899,0.999015263417036,1.778257199912332
16,0.01,32,Softmax,300,0.99900512958439,0.9990139720667899,0.999015263417036,1.7644347000168636
16,0.01,32,Softmax,500,0.99900512958439,0.9990139720667899,0.999015263417036,1.766663399990648
16,0.01,32,Softmax,1000,0.99900512958439,0.9990139720667899,0.999015263417036,1.8362074999604374
16,0.01,64,ReLU,50,0.9987763470135196,0.9987675087638259,0.9987690792712949,1.0137773000169545
16,0.01,64,ReLU,100,0.9987763470135196,0.9987675087638259,0.9987690792712949,1.022535299998708
16,0.01,64,ReLU,300,0.9987763470135196,0.9987675087638259,0.9987690792712949,0.9667593999765813
16,0.01,64,ReLU,500,0.9987763470135196,0.9987675087638259,0.9987690792712949,0.9884018999291584
16,0.01,64,ReLU,1000,0.9987763470135196,0.9987675087638259,0.9987690792712949,0.932234299951233
16,0.01,64,Tanh,50,0.9992516321846223,0.9992604790500924,0.9992614475627769,0.8586918999208137
16,0.01,64,Tanh,100,0.9992516321846223,0.9992604790500924,0.9992614475627769,0.9540001000277698
16,0.01,64,Tanh,300,0.9992516321846223,0.9992604790500924,0.9992614475627769,0.872787700034678
16,0.01,64,Tanh,500,0.9992516321846223,0.9992604790500924,0.9992614475627769,0.8642556000268087
16,0.01,64,Tanh,1000,0.9992516321846223,0.9992604790500924,0.9992614475627769,0.8937263999832794
16,0.01,64,Sigmoid,50,0.999379313492079,0.9993837380299798,0.9993845396356474,1.332785699982196
16,0.01,64,Sigmoid,100,0.999379313492079,0.9993837380299798,0.9993845396356474,1.2482914000283927
16,0.01,64,Sigmoid,300,0.999379313492079,0.9993837380299798,0.9993845396356474,1.2700867999810725
16,0.01,64,Sigmoid,500,0.999379313492079,0.9993837380299798,0.9993845396356474,1.1865015999646857
16,0.01,64,Sigmoid,1000,0.999379313492079,0.9993837380299798,0.9993845396356474,1.295535899931565
16,0.01,64,GELU,50,0.9987763470135196,0.9987675087638259,0.9987690792712949,0.997195899952203
16,0.01,64,GELU,100,0.9987763470135196,0.9987675087638259,0.9987690792712949,0.9907184999901801
16,0.01,64,GELU,300,0.9987763470135196,0.9987675087638259,0.9987690792712949,1.007098100031726
16,0.01,64,GELU,500,0.9987763470135196,0.9987675087638259,0.9987690792712949,0.9754763999953866
16,0.01,64,GELU,1000,0.9987763470135196,0.9987675087638259,0.9987690792712949,0.9589190999977291
16,0.01,64,Softmax,50,0.999379313492079,0.9993837380299798,0.9993845396356474,1.2872369999531657
16,0.01,64,Softmax,100,0.999379313492079,0.9993837380299798,0.9993845396356474,1.2386385999852791
16,0.01,64,Softmax,300,0.999379313492079,0.9993837380299798,0.9993845396356474,1.2668316999915987
16,0.01,64,Softmax,500,0.999379313492079,0.9993837380299798,0.9993845396356474,1.266243299935013
16,0.01,64,Softmax,1000,0.999379313492079,0.9993837380299798,0.9993845396356474,1.2367664999328554
16,0.01,128,ReLU,50,0.9990228496137519,0.9990140070110607,0.999015263417036,0.6733091999776661
16,0.01,128,ReLU,100,0.9990228496137519,0.9990140070110607,0.999015263417036,0.6854024000931531
16,0.01,128,ReLU,300,0.9990228496137519,0.9990140070110607,0.999015263417036,0.6730515999952331
16,0.01,128,ReLU,500,0.9990228496137519,0.9990140070110607,0.999015263417036,0.6632348999846727
16,0.01,128,ReLU,1000,0.9990228496137519,0.9990140070110607,0.999015263417036,0.6830435000592843
16,0.01,128,Tanh,50,0.999370453477398,0.9993837270347101,0.9993845396356474,0.6835319999372587
16,0.01,128,Tanh,100,0.999370453477398,0.9993837270347101,0.9993845396356474,0.6986967000411823
16,0.01,128,Tanh,300,0.999370453477398,0.9993837270347101,0.9993845396356474,0.7321214000694454
16,0.01,128,Tanh,500,0.999370453477398,0.9993837270347101,0.9993845396356474,0.8534066999563947
16,0.01,128,Tanh,1000,0.999370453477398,0.9993837270347101,0.9993845396356474,0.7306337000336498
16,0.01,128,Sigmoid,50,0.9984110231205118,0.9983977754669191,0.9983998030526834,0.869360200013034
16,0.01,128,Sigmoid,100,0.9984110231205118,0.9983977754669191,0.9983998030526834,0.8222773000597954
16,0.01,128,Sigmoid,300,0.9984110231205118,0.9983977754669191,0.9983998030526834,0.8021102000493556
16,0.01,128,Sigmoid,500,0.9984110231205118,0.9983977754669191,0.9983998030526834,0.8196088999975473
16,0.01,128,Sigmoid,1000,0.9984110231205118,0.9983977754669191,0.9983998030526834,0.8308669000398368
16,0.01,128,GELU,50,0.9990228496137519,0.9990140070110607,0.999015263417036,0.7046702000079677
16,0.01,128,GELU,100,0.9990228496137519,0.9990140070110607,0.999015263417036,0.6592970999190584
16,0.01,128,GELU,300,0.9990228496137519,0.9990140070110607,0.999015263417036,0.692138500045985
16,0.01,128,GELU,500,0.9990228496137519,0.9990140070110607,0.999015263417036,0.6533289999933913
16,0.01,128,GELU,1000,0.9990228496137519,0.9990140070110607,0.999015263417036,0.6697852000361308
16,0.01,128,Softmax,50,0.9984110231205118,0.9983977754669191,0.9983998030526834,0.7975233000470325
16,0.01,128,Softmax,100,0.9984110231205118,0.9983977754669191,0.9983998030526834,0.8658308000303805
16,0.01,128,Softmax,300,0.9984110231205118,0.9983977754669191,0.9983998030526834,0.8517951999092475
16,0.01,128,Softmax,500,0.9984110231205118,0.9983977754669191,0.9983998030526834,0.8835560999577865
16,0.01,128,Softmax,1000,0.9984110231205118,0.9983977754669191,0.9983998030526834,0.8576450999826193
16,0.001,8,ReLU,50,0.9989040283209762,0.998890767630944,0.9988921713441654,7.718517899978906
16,0.001,8,ReLU,100,0.9989040283209762,0.998890767630944,0.9988921713441654,7.464925799984485
16,0.001,8,ReLU,300,0.9989040283209762,0.998890767630944,0.9988921713441654,7.458713600062765
16,0.001,8,ReLU,500,0.9989040283209762,0.998890767630944,0.9988921713441654,7.41139949997887
16,0.001,8,ReLU,1000,0.9989040283209762,0.998890767630944,0.9988921713441654,7.61208779993467
16,0.001,8,Tanh,50,0.9994981347848546,0.9995069860333949,0.999507631708518,6.2607450999785215
16,0.001,8,Tanh,100,0.9994981347848546,0.9995069860333949,0.999507631708518,6.433464500005357
16,0.001,8,Tanh,300,0.9994981347848546,0.9995069860333949,0.999507631708518,6.285880600102246
16,0.001,8,Tanh,500,0.9994981347848546,0.9995069860333949,0.999507631708518,6.094264599960297
16,0.001,8,Tanh,1000,0.9994981347848546,0.9995069860333949,0.999507631708518,6.335977799957618
16,0.001,8,Sigmoid,50,0.9990228496137519,0.9990140070110607,0.999015263417036,8.51587510004174
16,0.001,8,Sigmoid,100,0.9990228496137519,0.9990140070110607,0.999015263417036,8.731924899970181
16,0.001,8,Sigmoid,300,0.9990228496137519,0.9990140070110607,0.999015263417036,8.422557800076902
16,0.001,8,Sigmoid,500,0.9990228496137519,0.9990140070110607,0.999015263417036,8.796609300072305
16,0.001,8,Sigmoid,1000,0.9990228496137519,0.9990140070110607,0.999015263417036,8.509815100114793
16,0.001,8,GELU,50,0.9989040283209762,0.998890767630944,0.9988921713441654,7.679514000075869
16,0.001,8,GELU,100,0.9989040283209762,0.998890767630944,0.9988921713441654,7.492047699983232
16,0.001,8,GELU,300,0.9989040283209762,0.998890767630944,0.9988921713441654,7.894466700032353
16,0.001,8,GELU,500,0.9989040283209762,0.998890767630944,0.9988921713441654,7.862635700032115
16,0.001,8,GELU,1000,0.9989040283209762,0.998890767630944,0.9988921713441654,7.88463630003389
16,0.001,8,Softmax,50,0.9990228496137519,0.9990140070110607,0.999015263417036,8.726029700017534
16,0.001,8,Softmax,100,0.9990228496137519,0.9990140070110607,0.999015263417036,8.659479200025089
16,0.001,8,Softmax,300,0.9990228496137519,0.9990140070110607,0.999015263417036,8.895832599955611
16,0.001,8,Softmax,500,0.9990228496137519,0.9990140070110607,0.999015263417036,8.774575599934906
16,0.001,8,Softmax,1000,0.9990228496137519,0.9990140070110607,0.999015263417036,8.51603850000538
16,0.001,16,ReLU,50,0.9989040283209762,0.998890767630944,0.9988921713441654,4.380673300009221
16,0.001,16,ReLU,100,0.9989040283209762,0.998890767630944,0.9988921713441654,4.228167199995369
16,0.001,16,ReLU,300,0.9989040283209762,0.998890767630944,0.9988921713441654,4.338964499998838
16,0.001,16,ReLU,500,0.9989040283209762,0.998890767630944,0.9988921713441654,4.817991300020367
16,0.001,16,ReLU,1000,0.9989040283209762,0.998890767630944,0.9988921713441654,4.838847400038503
16,0.001,16,Tanh,50,0.999370453477398,0.9993837270347101,0.9993845396356474,4.085900399950333
16,0.001,16,Tanh,100,0.999370453477398,0.9993837270347101,0.9993845396356474,4.080372099997476
16,0.001,16,Tanh,300,0.999370453477398,0.9993837270347101,0.9993845396356474,3.909671299974434
16,0.001,16,Tanh,500,0.999370453477398,0.9993837270347101,0.9993845396356474,3.9070034000324085
16,0.001,16,Tanh,1000,0.999370453477398,0.9993837270347101,0.9993845396356474,3.7197989999549463
16,0.001,16,Sigmoid,50,0.9987763470135196,0.9987675087638259,0.9987690792712949,6.196197099983692
16,0.001,16,Sigmoid,100,0.9987763470135196,0.9987675087638259,0.9987690792712949,6.153523299959488
16,0.001,16,Sigmoid,300,0.9987763470135196,0.9987675087638259,0.9987690792712949,6.0500104000093415
16,0.001,16,Sigmoid,500,0.9987763470135196,0.9987675087638259,0.9987690792712949,6.315417499979958
16,0.001,16,Sigmoid,1000,0.9987763470135196,0.9987675087638259,0.9987690792712949,5.9072299000108615
16,0.001,16,GELU,50,0.9989040283209762,0.998890767630944,0.9988921713441654,4.198126900009811
16,0.001,16,GELU,100,0.9989040283209762,0.998890767630944,0.9988921713441654,4.404046299983747
16,0.001,16,GELU,300,0.9989040283209762,0.998890767630944,0.9988921713441654,4.374624399933964
16,0.001,16,GELU,500,0.9989040283209762,0.998890767630944,0.9988921713441654,4.280356799950823
16,0.001,16,GELU,1000,0.9989040283209762,0.998890767630944,0.9988921713441654,4.2473502000793815
16,0.001,16,Softmax,50,0.9987763470135196,0.9987675087638259,0.9987690792712949,6.23844210000243
16,0.001,16,Softmax,100,0.9987763470135196,0.9987675087638259,0.9987690792712949,5.904532699962147
16,0.001,16,Softmax,300,0.9987763470135196,0.9987675087638259,0.9987690792712949,6.1235927999950945
16,0.001,16,Softmax,500,0.9987763470135196,0.9987675087638259,0.9987690792712949,6.27410600008443
16,0.001,16,Softmax,1000,0.9987763470135196,0.9987675087638259,0.9987690792712949,5.9314945000223815
16,0.001,32,ReLU,50,0.9984021631058309,0.9983977472701648,0.9983998030526834,2.5515048999805003
16,0.001,32,ReLU,100,0.9984021631058309,0.9983977472701648,0.9983998030526834,2.451447600033134
16,0.001,32,ReLU,300,0.9984021631058309,0.9983977472701648,0.9983998030526834,2.396315800026059
16,0.001,32,ReLU,500,0.9984021631058309,0.9983977472701648,0.9983998030526834,2.349546100012958
16,0.001,32,ReLU,1000,0.9984021631058309,0.9983977472701648,0.9983998030526834,2.442871299921535
16,0.001,32,Tanh,50,0.9981202204468749,0.9981511144557406,0.9981536189069424,2.3527849999954924
16,0.001,32,Tanh,100,0.9981202204468749,0.9981511144557406,0.9981536189069424,2.2910839000251144
16,0.001,32,Tanh,300,0.9981202204468749,0.9981511144557406,0.9981536189069424,2.5054401999805123
16,0.001,32,Tanh,500,0.9981202204468749,0.9981511144557406,0.9981536189069424,2.4713015999877825
16,0.001,32,Tanh,1000,0.9981202204468749,0.9981511144557406,0.9981536189069424,2.3456637000199407
16,0.001,32,Sigmoid,50,0.9983933030911498,0.9983977188779474,0.9983998030526834,3.665045200032182
16,0.001,32,Sigmoid,100,0.9983933030911498,0.9983977188779474,0.9983998030526834,4.177453499985859
16,0.001,32,Sigmoid,300,0.9983933030911498,0.9983977188779474,0.9983998030526834,4.481446700054221
16,0.001,32,Sigmoid,500,0.9983933030911498,0.9983977188779474,0.9983998030526834,4.084953999961726
16,0.001,32,Sigmoid,1000,0.9983933030911498,0.9983977188779474,0.9983998030526834,4.090813199989498
16,0.001,32,GELU,50,0.9984021631058309,0.9983977472701648,0.9983998030526834,2.2677760999649763
16,0.001,32,GELU,100,0.9984021631058309,0.9983977472701648,0.9983998030526834,2.3392287000315264
16,0.001,32,GELU,300,0.9984021631058309,0.9983977472701648,0.9983998030526834,2.507655900088139
16,0.001,32,GELU,500,0.9984021631058309,0.9983977472701648,0.9983998030526834,2.5696463000494987
16,0.001,32,GELU,1000,0.9984021631058309,0.9983977472701648,0.9983998030526834,2.4267483999719843
16,0.001,32,Softmax,50,0.9983933030911498,0.9983977188779474,0.9983998030526834,3.79563089995645
16,0.001,32,Softmax,100,0.9983933030911498,0.9983977188779474,0.9983998030526834,4.26645210001152
16,0.001,32,Softmax,300,0.9983933030911498,0.9983977188779474,0.9983998030526834,4.398948100046255
16,0.001,32,Softmax,500,0.9983933030911498,0.9983977188779474,0.9983998030526834,4.267438799957745
16,0.001,32,Softmax,1000,0.9983933030911498,0.9983977188779474,0.9983998030526834,4.287245500017889
16,0.001,64,ReLU,50,0.9975526940270394,0.9975350607569293,0.9975381585425899,1.6997984999325126
16,0.001,64,ReLU,100,0.9975526940270394,0.9975350607569293,0.9975381585425899,2.095872399979271
16,0.001,64,ReLU,300,0.9975526940270394,0.9975350607569293,0.9975381585425899,2.1566691000480205
16,0.001,64,ReLU,500,0.9975526940270394,0.9975350607569293,0.9975381585425899,2.2172354999929667
16,0.001,64,ReLU,1000,0.9975526940270394,0.9975350607569293,0.9975381585425899,2.1704738000407815
16,0.001,64,Tanh,50,0.9980102591687801,0.9980279088284094,0.9980305268340719,2.179204700049013
16,0.001,64,Tanh,100,0.9980102591687801,0.9980279088284094,0.9980305268340719,1.9972127999644727
16,0.001,64,Tanh,300,0.9980102591687801,0.9980279088284094,0.9980305268340719,1.9636056000599638
16,0.001,64,Tanh,500,0.9980102591687801,0.9980279088284094,0.9980305268340719,1.9699430000036955
16,0.001,64,Tanh,1000,0.9980102591687801,0.9980279088284094,0.9980305268340719,2.007914899964817
16,0.001,64,Sigmoid,50,0.9898225132730303,0.9898919212086723,0.9899064500246184,2.738884099991992
16,0.001,64,Sigmoid,100,0.9977726165832288,0.9977814371502773,0.9977843426883308,4.440924099995755
16,0.001,64,Sigmoid,300,0.9977726165832288,0.9977814371502773,0.9977843426883308,4.220631100004539
16,0.001,64,Sigmoid,500,0.9977726165832288,0.9977814371502773,0.9977843426883308,4.293003699975088
16,0.001,64,Sigmoid,1000,0.9977726165832288,0.9977814371502773,0.9977843426883308,4.228898699977435
16,0.001,64,GELU,50,0.9975526940270394,0.9975350607569293,0.9975381585425899,2.3040968999266624
16,0.001,64,GELU,100,0.9975526940270394,0.9975350607569293,0.9975381585425899,2.2319068000651896
16,0.001,64,GELU,300,0.9975526940270394,0.9975350607569293,0.9975381585425899,2.22661260003224
16,0.001,64,GELU,500,0.9975526940270394,0.9975350607569293,0.9975381585425899,2.122065500007011
16,0.001,64,GELU,1000,0.9975526940270394,0.9975350607569293,0.9975381585425899,2.171304300078191
16,0.001,64,Softmax,50,0.9898225132730303,0.9898919212086723,0.9899064500246184,2.6255197999998927
16,0.001,64,Softmax,100,0.9977726165832288,0.9977814371502773,0.9977843426883308,4.133281199960038
16,0.001,64,Softmax,300,0.9977726165832288,0.9977814371502773,0.9977843426883308,4.087882300023921
16,0.001,64,Softmax,500,0.9977726165832288,0.9977814371502773,0.9977843426883308,4.014773999922909
16,0.001,64,Softmax,1000,0.9977726165832288,0.9977814371502773,0.9977843426883308,4.208728699944913
16,0.001,128,ReLU,50,0.9965755436407913,0.9965491451597586,0.9965534219596258,1.4264494000235572
16,0.001,128,ReLU,100,0.9965755436407913,0.9965491451597586,0.9965534219596258,1.393774600001052
16,0.001,128,ReLU,300,0.9965755436407913,0.9965491451597586,0.9965534219596258,1.4115203999681398
16,0.001,128,ReLU,500,0.9965755436407913,0.9965491451597586,0.9965534219596258,1.397989199962467
16,0.001,128,ReLU,1000,0.9965755436407913,0.9965491451597586,0.9965534219596258,1.44022520002909
16,0.001,128,Tanh,50,0.9976094952170484,0.9976579927461137,0.9976612506154604,1.5273784999735653
16,0.001,128,Tanh,100,0.9976094952170484,0.9976579927461137,0.9976612506154604,1.5556880999356508
16,0.001,128,Tanh,300,0.9976094952170484,0.9976579927461137,0.9976612506154604,1.5581566999899223
16,0.001,128,Tanh,500,0.9976094952170484,0.9976579927461137,0.9976612506154604,1.5179146999726072
16,0.001,128,Tanh,1000,0.9976094952170484,0.9976579927461137,0.9976612506154604,1.5539738000370562
16,0.001,128,Sigmoid,50,0.9633565570905362,0.9637298958025826,0.9638109305760709,1.6190377000020817
16,0.001,128,Sigmoid,100,0.9961836397037405,0.9961792434903931,0.9961841457410143,2.975486599956639
16,0.001,128,Sigmoid,300,0.9968043262116617,0.9967955227859473,0.9967996061053668,3.264639100059867
16,0.001,128,Sigmoid,500,0.9968043262116617,0.9967955227859473,0.9967996061053668,3.2618973000207916
16,0.001,128,Sigmoid,1000,0.9968043262116617,0.9967955227859473,0.9967996061053668,3.2343878000974655
16,0.001,128,GELU,50,0.9965755436407913,0.9965491451597586,0.9965534219596258,1.3964836000232026
16,0.001,128,GELU,100,0.9965755436407913,0.9965491451597586,0.9965534219596258,1.4608219000510871
16,0.001,128,GELU,300,0.9965755436407913,0.9965491451597586,0.9965534219596258,1.4088951000012457
16,0.001,128,GELU,500,0.9965755436407913,0.9965491451597586,0.9965534219596258,1.4188362000277266
16,0.001,128,GELU,1000,0.9965755436407913,0.9965491451597586,0.9965534219596258,1.4047060000011697
16,0.001,128,Softmax,50,0.9633565570905362,0.9637298958025826,0.9638109305760709,1.5994630000786856
16,0.001,128,Softmax,100,0.9961836397037405,0.9961792434903931,0.9961841457410143,2.9702498000115156
16,0.001,128,Softmax,300,0.9968043262116617,0.9967955227859473,0.9967996061053668,3.326158700045198
16,0.001,128,Softmax,500,0.9968043262116617,0.9967955227859473,0.9967996061053668,3.3065589000470936
16,0.001,128,Softmax,1000,0.9968043262116617,0.9967955227859473,0.9967996061053668,3.2367722999770194
16,0.0001,8,ReLU,50,0.9962013597331023,0.996179377501166,0.9961841457410143,16.414769299910404
16,0.0001,8,ReLU,100,0.996329041040559,0.9963026555283128,0.9963072378138847,19.65742509998381
16,0.0001,8,ReLU,300,0.996329041040559,0.9963026555283128,0.9963072378138847,18.97961379995104
16,0.0001,8,ReLU,500,0.996329041040559,0.9963026555283128,0.9963072378138847,18.9438313000137
16,0.0001,8,ReLU,1000,0.996329041040559,0.9963026555283128,0.9963072378138847,19.33988430001773
16,0.0001,8,Tanh,50,0.9971253500312649,0.9971649905494374,0.9971688823239784,16.360133600072004
16,0.0001,8,Tanh,100,0.9971253500312649,0.9971649905494374,0.9971688823239784,17.503050899947993
16,0.0001,8,Tanh,300,0.9971253500312649,0.9971649905494374,0.9971688823239784,17.26141449995339
16,0.0001,8,Tanh,500,0.9971253500312649,0.9971649905494374,0.9971688823239784,17.543223000015132
16,0.0001,8,Tanh,1000,0.9971253500312649,0.9971649905494374,0.9971688823239784,17.325613200082444
16,0.0001,8,Sigmoid,50,0.9453848062157009,0.9456148751805945,0.9457163958641064,16.830183499958366
16,0.0001,8,Sigmoid,100,0.9667862323625023,0.9670693924483963,0.9671344165435746,32.169073499972
16,0.0001,8,Sigmoid,300,0.9847470599315666,0.9848371674371079,0.9848596750369276,52.6863713999046
16,0.0001,8,Sigmoid,500,0.9847470599315666,0.9848371674371079,0.9848596750369276,52.10552710003685
16,0.0001,8,Sigmoid,1000,0.9847470599315666,0.9848371674371079,0.9848596750369276,51.877374900039285
16,0.0001,8,GELU,50,0.9962013597331023,0.996179377501166,0.9961841457410143,16.477621000027284
16,0.0001,8,GELU,100,0.996329041040559,0.9963026555283128,0.9963072378138847,19.0295089998981
16,0.0001,8,GELU,300,0.996329041040559,0.9963026555283128,0.9963072378138847,19.02006829995662
16,0.0001,8,GELU,500,0.996329041040559,0.9963026555283128,0.9963072378138847,19.060332800028846
16,0.0001,8,GELU,1000,0.996329041040559,0.9963026555283128,0.9963072378138847,19.319935800042003
16,0.0001,8,Softmax,50,0.9453848062157009,0.9456148751805945,0.9457163958641064,16.794025199953467
16,0.0001,8,Softmax,100,0.9667862323625023,0.9670693924483963,0.9671344165435746,32.649518099962734
16,0.0001,8,Softmax,300,0.9847470599315666,0.9848371674371079,0.9848596750369276,52.42346760001965
16,0.0001,8,Softmax,500,0.9847470599315666,0.9848371674371079,0.9848596750369276,52.22415380005259
16,0.0001,8,Softmax,1000,0.9847470599315666,0.9848371674371079,0.9848596750369276,52.256360100000165
16,0.0001,16,ReLU,50,0.9944935615608385,0.9944541269082599,0.9944608567208272,8.764526600018144
16,0.0001,16,ReLU,100,0.9949865667613029,0.9949470934053034,0.9949532250123092,11.392245499999262
16,0.0001,16,ReLU,300,0.9949865667613029,0.9949470934053034,0.9949532250123092,11.519353299983777
16,0.0001,16,ReLU,500,0.9949865667613029,0.9949470934053034,0.9949532250123092,11.552126699942164
16,0.0001,16,ReLU,1000,0.9949865667613029,0.9949470934053034,0.9949532250123092,11.412242299993522
16,0.0001,16,Tanh,50,0.9945415027361667,0.9945765531143854,0.9945839487936977,8.917942599975504
16,0.0001,16,Tanh,100,0.9949156866438555,0.9949463795123576,0.9949532250123092,11.339621199993417
16,0.0001,16,Tanh,300,0.9949156866438555,0.9949463795123576,0.9949532250123092,11.04293640004471
16,0.0001,16,Tanh,500,0.9949156866438555,0.9949463795123576,0.9949532250123092,11.167896299972199
16,0.0001,16,Tanh,1000,0.9949156866438555,0.9949463795123576,0.9949532250123092,10.938981899991632
16,0.0001,16,Sigmoid,50,0.935689886863681,0.9361867562634241,0.9363613983259478,8.762749900110066
16,0.0001,16,Sigmoid,100,0.9488358426189524,0.949067898978652,0.9491629739044806,16.463496800046414
16,0.0001,16,Sigmoid,300,0.9526876429739355,0.9528943683949129,0.9529788281634662,23.674830599920824
16,0.0001,16,Sigmoid,500,0.9526876429739355,0.9528943683949129,0.9529788281634662,23.719913300010376
16,0.0001,16,Sigmoid,1000,0.9526876429739355,0.9528943683949129,0.9529788281634662,23.54285329999402
16,0.0001,16,GELU,50,0.9944935615608385,0.9944541269082599,0.9944608567208272,8.795643099932931
16,0.0001,16,GELU,100,0.9949865667613029,0.9949470934053034,0.9949532250123092,11.40333990007639
16,0.0001,16,GELU,300,0.9949865667613029,0.9949470934053034,0.9949532250123092,11.312510899966583
16,0.0001,16,GELU,500,0.9949865667613029,0.9949470934053034,0.9949532250123092,11.130180499982089
16,0.0001,16,GELU,1000,0.9949865667613029,0.9949470934053034,0.9949532250123092,11.383939899969846
16,0.0001,16,Softmax,50,0.935689886863681,0.9361867562634241,0.9363613983259478,8.697136099915951
16,0.0001,16,Softmax,100,0.9488358426189524,0.949067898978652,0.9491629739044806,16.23110680002719
16,0.0001,16,Softmax,300,0.9526876429739355,0.9528943683949129,0.9529788281634662,23.8618373000063
16,0.0001,16,Softmax,500,0.9526876429739355,0.9528943683949129,0.9529788281634662,23.591829400043935
16,0.0001,16,Softmax,1000,0.9526876429739355,0.9528943683949129,0.9529788281634662,23.70046830002684
16,0.0001,32,ReLU,50,0.98815015515949,0.9881674529704563,0.9881831610044313,4.546103300061077
16,0.0001,32,ReLU,100,0.9933887298671338,0.9933450093304215,0.9933530280649926,7.774299699929543
16,0.0001,32,ReLU,300,0.9933887298671338,0.9933450093304215,0.9933530280649926,7.54844350006897
16,0.0001,32,ReLU,500,0.9933887298671338,0.9933450093304215,0.9933530280649926,7.5896842000074685
16,0.0001,32,ReLU,1000,0.9933887298671338,0.9933450093304215,0.9933530280649926,7.464049099944532
16,0.0001,32,Tanh,50,0.9807284971084795,0.9807710643226457,0.9807976366322009,4.56125070003327
16,0.0001,32,Tanh,100,0.994788005336399,0.994823073427368,0.9948301329394387,8.376445699948817
16,0.0001,32,Tanh,300,0.994788005336399,0.994823073427368,0.9948301329394387,8.226991400006227
16,0.0001,32,Tanh,500,0.994788005336399,0.994823073427368,0.9948301329394387,8.281159800011665
16,0.0001,32,Tanh,1000,0.994788005336399,0.994823073427368,0.9948301329394387,8.367536000092514
16,0.0001,32,Sigmoid,50,0.9141721881954504,0.9152858271865121,0.9158050221565731,4.677630900056101
16,0.0001,32,Sigmoid,100,0.9388287594620102,0.9392825407257328,0.9394387001477105,8.703955700038932
16,0.0001,32,Sigmoid,300,0.9410915829375051,0.9415111434815868,0.9416543574593796,11.569367000018246
16,0.0001,32,Sigmoid,500,0.9410915829375051,0.9415111434815868,0.9416543574593796,11.71507129992824
16,0.0001,32,Sigmoid,1000,0.9410915829375051,0.9415111434815868,0.9416543574593796,11.590473099960946
16,0.0001,32,GELU,50,0.98815015515949,0.9881674529704563,0.9881831610044313,4.715736800106242
16,0.0001,32,GELU,100,0.9933887298671338,0.9933450093304215,0.9933530280649926,8.061402999912389
16,0.0001,32,GELU,300,0.9933887298671338,0.9933450093304215,0.9933530280649926,7.7834590000566095
16,0.0001,32,GELU,500,0.9933887298671338,0.9933450093304215,0.9933530280649926,7.707336899940856
16,0.0001,32,GELU,1000,0.9933887298671338,0.9933450093304215,0.9933530280649926,7.67930299998261
16,0.0001,32,Softmax,50,0.9141721881954504,0.9152858271865121,0.9158050221565731,4.602088500047103
16,0.0001,32,Softmax,100,0.9388287594620102,0.9392825407257328,0.9394387001477105,8.78712359990459
16,0.0001,32,Softmax,300,0.9410915829375051,0.9415111434815868,0.9416543574593796,12.040689400047995
16,0.0001,32,Softmax,500,0.9410915829375051,0.9415111434815868,0.9416543574593796,11.949686500011012
16,0.0001,32,Softmax,1000,0.9410915829375051,0.9415111434815868,0.9416543574593796,11.688303800066933
16,0.0001,64,ReLU,50,0.9627890306707008,0.9631177210738369,0.9631954702117184,2.603060599998571
16,0.0001,64,ReLU,100,0.9918919942363784,0.9918658421622881,0.9918759231905465,4.850406200042926
16,0.0001,64,ReLU,300,0.992019675543835,0.9919891563706027,0.991999015263417,5.465036200010218
16,0.0001,64,ReLU,500,0.992019675543835,0.9919891563706027,0.991999015263417,5.418076200061478
16,0.0001,64,ReLU,1000,0.992019675543835,0.9919891563706027,0.991999015263417,5.4420870000030845
16,0.0001,64,Tanh,50,0.952717864119902,0.9530070612445534,0.9531019202363368,2.566153399995528
16,0.0001,64,Tanh,100,0.9907340024545882,0.9907557394636937,0.9907680945347119,4.911467000027187
16,0.0001,64,Tanh,300,0.9929436658419974,0.9929742349318142,0.9929837518463811,6.125743199954741
16,0.0001,64,Tanh,500,0.9929436658419974,0.9929742349318142,0.9929837518463811,6.259965499979444
16,0.0001,64,Tanh,1000,0.9929436658419974,0.9929742349318142,0.9929837518463811,6.183715599938296
16,0.0001,64,Sigmoid,50,0.9008313121171988,0.9021606624152578,0.9030034465780403,2.560155399958603
16,0.0001,64,Sigmoid,100,0.9188218753519732,0.9198162867821236,0.9202363367799113,4.706606599967927
16,0.0001,64,Sigmoid,300,0.9288998386263627,0.9296824048645648,0.9299606105366814,8.291476299986243
16,0.0001,64,Sigmoid,500,0.9288998386263627,0.9296824048645648,0.9299606105366814,8.32432399992831
16,0.0001,64,Sigmoid,1000,0.9288998386263627,0.9296824048645648,0.9299606105366814,8.027225599973463
16,0.0001,64,GELU,50,0.9627890306707008,0.9631177210738369,0.9631954702117184,2.58844229998067
16,0.0001,64,GELU,100,0.9918919942363784,0.9918658421622881,0.9918759231905465,4.869122999953106
16,0.0001,64,GELU,300,0.992019675543835,0.9919891563706027,0.991999015263417,5.5376532999798656
16,0.0001,64,GELU,500,0.992019675543835,0.9919891563706027,0.991999015263417,5.44078109995462
16,0.0001,64,GELU,1000,0.992019675543835,0.9919891563706027,0.991999015263417,5.531718199956231
16,0.0001,64,Softmax,50,0.9008313121171988,0.9021606624152578,0.9030034465780403,2.5497729999478906
16,0.0001,64,Softmax,100,0.9188218753519732,0.9198162867821236,0.9202363367799113,4.665952199953608
16,0.0001,64,Softmax,300,0.9288998386263627,0.9296824048645648,0.9299606105366814,7.92514329997357
16,0.0001,64,Softmax,500,0.9288998386263627,0.9296824048645648,0.9299606105366814,8.165379200014286
16,0.0001,64,Softmax,1000,0.9288998386263627,0.9296824048645648,0.9299606105366814,7.931741300038993
16,0.0001,128,ReLU,50,0.921407300457905,0.9222403761243559,0.922575086164451,1.4888405000092462
16,0.0001,128,ReLU,100,0.9472452879286306,0.947679573049218,0.947808961102905,2.747014799970202
16,0.0001,128,ReLU,300,0.9580966212516069,0.9584293968769617,0.9585179714426391,4.347686299937777
16,0.0001,128,ReLU,500,0.9580966212516069,0.9584293968769617,0.9585179714426391,4.284865000052378
16,0.0001,128,ReLU,1000,0.9580966212516069,0.9584293968769617,0.9585179714426391,4.498413200024515
16,0.0001,128,Tanh,50,0.9250605393879843,0.9259369753928828,0.9262678483505662,1.5348102999851108
16,0.0001,128,Tanh,100,0.9543016220866329,0.9547170719157644,0.9548252092565239,2.865242800093256
16,0.0001,128,Tanh,300,0.9753872433265884,0.9757012737341331,0.9757508616445101,4.659346899949014
16,0.0001,128,Tanh,500,0.9753872433265884,0.9757012737341331,0.9757508616445101,4.59741390007548
16,0.0001,128,Tanh,1000,0.9753872433265884,0.9757012737341331,0.9757508616445101,4.528407100006007
16,0.0001,128,Sigmoid,50,0.8910545893419606,0.8923294294725851,0.8932791728212703,1.6066297999350354
16,0.0001,128,Sigmoid,100,0.8971071930696722,0.8984217120611339,0.8993106843919252,2.6547201999928802
16,0.0001,128,Sigmoid,300,0.8991500939889776,0.9004451925439416,0.9012801575578533,3.8708223000867292
16,0.0001,128,Sigmoid,500,0.8991500939889776,0.9004451925439416,0.9012801575578533,3.855081700021401
16,0.0001,128,Sigmoid,1000,0.8991500939889776,0.9004451925439416,0.9012801575578533,3.810137700056657
16,0.0001,128,GELU,50,0.921407300457905,0.9222403761243559,0.922575086164451,1.5143904000287876
16,0.0001,128,GELU,100,0.9472452879286306,0.947679573049218,0.947808961102905,2.6527597000822425
16,0.0001,128,GELU,300,0.9580966212516069,0.9584293968769617,0.9585179714426391,4.2959736000048
16,0.0001,128,GELU,500,0.9580966212516069,0.9584293968769617,0.9585179714426391,4.389714799937792
16,0.0001,128,GELU,1000,0.9580966212516069,0.9584293968769617,0.9585179714426391,4.261433099978603
16,0.0001,128,Softmax,50,0.8910545893419606,0.8923294294725851,0.8932791728212703,1.580468500033021
16,0.0001,128,Softmax,100,0.8971071930696722,0.8984217120611339,0.8993106843919252,2.607484000036493
16,0.0001,128,Softmax,300,0.8991500939889776,0.9004451925439416,0.9012801575578533,4.012592500075698
16,0.0001,128,Softmax,500,0.8991500939889776,0.9004451925439416,0.9012801575578533,3.821921700029634
16,0.0001,128,Softmax,1000,0.8991500939889776,0.9004451925439416,0.9012801575578533,3.916932399966754
16,0.00025,8,ReLU,50,0.9982744817983742,0.9982744817983742,0.9982767109798129,14.328091999981552
16,0.00025,8,ReLU,100,0.9982744817983742,0.9982744817983742,0.9982767109798129,15.62973760010209
16,0.00025,8,ReLU,300,0.9982744817983742,0.9982744817983742,0.9982767109798129,15.71887370001059
16,0.00025,8,ReLU,500,0.9982744817983742,0.9982744817983742,0.9982767109798129,16.014210299937986
16,0.00025,8,ReLU,1000,0.9982744817983742,0.9982744817983742,0.9982767109798129,15.627438299939968
16,0.00025,8,Tanh,50,0.9986220856620203,0.9986441751213417,0.9986459871984245,11.655115900095552
16,0.00025,8,Tanh,100,0.9986220856620203,0.9986441751213417,0.9986459871984245,11.711912999977358
16,0.00025,8,Tanh,300,0.9986220856620203,0.9986441751213417,0.9986459871984245,11.34940359997563
16,0.00025,8,Tanh,500,0.9986220856620203,0.9986441751213417,0.9986459871984245,11.69106889993418
16,0.00025,8,Tanh,1000,0.9986220856620203,0.9986441751213417,0.9986459871984245,11.87916450004559
16,0.00025,8,Sigmoid,50,0.982299753958606,0.9823723317111985,0.9823978335795175,16.381859600078315
16,0.00025,8,Sigmoid,100,0.9940396375210212,0.994083404406968,0.9940915805022157,26.546617400017567
16,0.00025,8,Sigmoid,300,0.9940396375210212,0.994083404406968,0.9940915805022157,26.5436655000085
16,0.00025,8,Sigmoid,500,0.9940396375210212,0.994083404406968,0.9940915805022157,26.466772599960677
16,0.00025,8,Sigmoid,1000,0.9940396375210212,0.994083404406968,0.9940915805022157,26.92735279991757
16,0.00025,8,GELU,50,0.9982744817983742,0.9982744817983742,0.9982767109798129,14.854103699908592
16,0.00025,8,GELU,100,0.9982744817983742,0.9982744817983742,0.9982767109798129,15.945157500100322
16,0.00025,8,GELU,300,0.9982744817983742,0.9982744817983742,0.9982767109798129,15.708588199922815
16,0.00025,8,GELU,500,0.9982744817983742,0.9982744817983742,0.9982767109798129,15.916452100034803
16,0.00025,8,GELU,1000,0.9982744817983742,0.9982744817983742,0.9982767109798129,15.727092100074515
16,0.00025,8,Softmax,50,0.982299753958606,0.9823723317111985,0.9823978335795175,16.658047699951567
16,0.00025,8,Softmax,100,0.9940396375210212,0.994083404406968,0.9940915805022157,27.085862700012513
16,0.00025,8,Softmax,300,0.9940396375210212,0.994083404406968,0.9940915805022157,26.790880800108425
16,0.00025,8,Softmax,500,0.9940396375210212,0.994083404406968,0.9940915805022157,26.90114910004195
16,0.00025,8,Softmax,1000,0.9940396375210212,0.994083404406968,0.9940915805022157,26.627322899992578
16,0.00025,16,ReLU,50,0.997671515319815,0.9976582872208819,0.9976612506154604,7.693379200063646
16,0.00025,16,ReLU,100,0.997671515319815,0.9976582872208819,0.9976612506154604,8.284143300028518
16,0.00025,16,ReLU,300,0.997671515319815,0.9976582872208819,0.9976612506154604,8.483687300002202
16,0.00025,16,ReLU,500,0.997671515319815,0.9976582872208819,0.9976612506154604,8.55117460002657
16,0.00025,16,ReLU,1000,0.997671515319815,0.9976582872208819,0.9976612506154604,8.32994610001333
16,0.00025,16,Tanh,50,0.9976360752610913,0.9976581206641357,0.9976612506154604,7.52202239993494
16,0.00025,16,Tanh,100,0.9976360752610913,0.9976581206641357,0.9976612506154604,7.6588118999497965
16,0.00025,16,Tanh,300,0.9976360752610913,0.9976581206641357,0.9976612506154604,7.611871899920516
16,0.00025,16,Tanh,500,0.9976360752610913,0.9976581206641357,0.9976612506154604,7.630544100073166
16,0.00025,16,Tanh,1000,0.9976360752610913,0.9976581206641357,0.9976612506154604,7.6246886000735685
16,0.00025,16,Sigmoid,50,0.9600029808487749,0.9602854980447963,0.9603643525356967,8.626771399984136
16,0.00025,16,Sigmoid,100,0.9936920336573752,0.9937139028353117,0.9937223042836041,16.713646600022912
16,0.00025,16,Sigmoid,300,0.9942861401212535,0.9943299292233443,0.9943377646479566,18.434722499921918
16,0.00025,16,Sigmoid,500,0.9942861401212535,0.9943299292233443,0.9943377646479566,18.61093389999587
16,0.00025,16,Sigmoid,1000,0.9942861401212535,0.9943299292233443,0.9943377646479566,18.528066999977455
16,0.00025,16,GELU,50,0.997671515319815,0.9976582872208819,0.9976612506154604,7.899345399928279
16,0.00025,16,GELU,100,0.997671515319815,0.9976582872208819,0.9976612506154604,8.639926999923773
16,0.00025,16,GELU,300,0.997671515319815,0.9976582872208819,0.9976612506154604,8.584892899962142
16,0.00025,16,GELU,500,0.997671515319815,0.9976582872208819,0.9976612506154604,8.72128930001054
16,0.00025,16,GELU,1000,0.997671515319815,0.9976582872208819,0.9976612506154604,8.700159599888138
16,0.00025,16,Softmax,50,0.9600029808487749,0.9602854980447963,0.9603643525356967,8.585637399926782
16,0.00025,16,Softmax,100,0.9936920336573752,0.9937139028353117,0.9937223042836041,16.870188700035214
16,0.00025,16,Softmax,300,0.9942861401212535,0.9943299292233443,0.9943377646479566,18.562685000011697
16,0.00025,16,Softmax,500,0.9942861401212535,0.9943299292233443,0.9943377646479566,18.63677770004142
16,0.00025,16,Softmax,1000,0.9942861401212535,0.9943299292233443,0.9943377646479566,18.155074800015427
16,0.00025,32,ReLU,50,0.9965755436407913,0.9965491451597586,0.9965534219596258,4.493240800104104
16,0.00025,32,ReLU,100,0.9965755436407913,0.9965491451597586,0.9965534219596258,4.993057299987413
16,0.00025,32,ReLU,300,0.9965755436407913,0.9965491451597586,0.9965534219596258,5.065054000006057
16,0.00025,32,ReLU,500,0.9965755436407913,0.9965491451597586,0.9965534219596258,5.033412300050259
16,0.00025,32,ReLU,1000,0.9965755436407913,0.9965491451597586,0.9965534219596258,4.930279899970628
16,0.00025,32,Tanh,50,0.9973807126461781,0.9974115602380368,0.9974150664697193,4.485243399976753
16,0.00025,32,Tanh,100,0.9973807126461781,0.9974115602380368,0.9974150664697193,5.013036599964835
16,0.00025,32,Tanh,300,0.9973807126461781,0.9974115602380368,0.9974150664697193,5.013168300036341
16,0.00025,32,Tanh,500,0.9973807126461781,0.9974115602380368,0.9974150664697193,4.942432300071232
16,0.00025,32,Tanh,1000,0.9973807126461781,0.9974115602380368,0.9974150664697193,5.10374460008461
16,0.00025,32,Sigmoid,50,0.9488269826042715,0.9490668103615456,0.9491629739044806,4.590685799950734
16,0.00025,32,Sigmoid,100,0.9770788992803241,0.9771928012872697,0.9772279665189562,8.887746799970046
16,0.00025,32,Sigmoid,300,0.9892018267651091,0.9892754745375824,0.9892909896602659,13.283801799989305
16,0.00025,32,Sigmoid,500,0.9892018267651091,0.9892754745375824,0.9892909896602659,12.900869200006127
16,0.00025,32,Sigmoid,1000,0.9892018267651091,0.9892754745375824,0.9892909896602659,13.058107699966058
16,0.00025,32,GELU,50,0.9965755436407913,0.9965491451597586,0.9965534219596258,4.585909600020386
16,0.00025,32,GELU,100,0.9965755436407913,0.9965491451597586,0.9965534219596258,5.066763599985279
16,0.00025,32,GELU,300,0.9965755436407913,0.9965491451597586,0.9965534219596258,5.065705299959518
16,0.00025,32,GELU,500,0.9965755436407913,0.9965491451597586,0.9965534219596258,5.018532700021751
16,0.00025,32,GELU,1000,0.9965755436407913,0.9965491451597586,0.9965534219596258,4.955227800062858
16,0.00025,32,Softmax,50,0.9488269826042715,0.9490668103615456,0.9491629739044806,4.8065077000064775
16,0.00025,32,Softmax,100,0.9770788992803241,0.9771928012872697,0.9772279665189562,8.943616800010204
16,0.00025,32,Softmax,300,0.9892018267651091,0.9892754745375824,0.9892909896602659,13.094754399964586
16,0.00025,32,Softmax,500,0.9892018267651091,0.9892754745375824,0.9892909896602659,13.18059549992904
16,0.00025,32,Softmax,1000,0.9892018267651091,0.9892754745375824,0.9892909896602659,13.14848350000102
16,0.00025,64,ReLU,50,0.9930145459594449,0.9929752274171291,0.9929837518463811,2.5775115001015365
16,0.00025,64,ReLU,100,0.993991696345693,0.9939610563409158,0.9939684884293452,3.5991193000227213
16,0.00025,64,ReLU,300,0.993991696345693,0.9939610563409158,0.9939684884293452,3.4745611998951063
16,0.00025,64,ReLU,500,0.993991696345693,0.9939610563409158,0.9939684884293452,3.56859749997966
16,0.00025,64,ReLU,1000,0.993991696345693,0.9939610563409158,0.9939684884293452,3.707138100056909
16,0.00025,64,Tanh,50,0.9935643523499187,0.9935905881684656,0.9935992122107337,2.5707189000677317
16,0.00025,64,Tanh,100,0.9955275131370958,0.9955626343663153,0.9955686853766618,3.8946583999786526
16,0.00025,64,Tanh,300,0.9955275131370958,0.9955626343663153,0.9955686853766618,3.8398671000031754
16,0.00025,64,Tanh,500,0.9955275131370958,0.9955626343663153,0.9955686853766618,3.96446490008384
16,0.00025,64,Tanh,1000,0.9955275131370958,0.9955626343663153,0.9955686853766618,3.9072866999777034
16,0.00025,64,Sigmoid,50,0.9362042531954311,0.9367846208203108,0.9369768586903003,2.5892669999739155
16,0.00025,64,Sigmoid,100,0.9529643667201342,0.9532537433377578,0.9533481043820778,4.786663900013082
16,0.00025,64,Sigmoid,300,0.9623491855583217,0.9626293105313262,0.9627031019202363,7.173619200009853
16,0.00025,64,Sigmoid,500,0.9623491855583217,0.9626293105313262,0.9627031019202363,7.200611199950799
16,0.00025,64,Sigmoid,1000,0.9623491855583217,0.9626293105313262,0.9627031019202363,7.188946499954909
16,0.00025,64,GELU,50,0.9930145459594449,0.9929752274171291,0.9929837518463811,2.5720940000610426
16,0.00025,64,GELU,100,0.993991696345693,0.9939610563409158,0.9939684884293452,3.5671784000005573
16,0.00025,64,GELU,300,0.993991696345693,0.9939610563409158,0.9939684884293452,3.6377411000430584
16,0.00025,64,GELU,500,0.993991696345693,0.9939610563409158,0.9939684884293452,3.560268700006418
16,0.00025,64,GELU,1000,0.993991696345693,0.9939610563409158,0.9939684884293452,3.562106700032018
16,0.00025,64,Softmax,50,0.9362042531954311,0.9367846208203108,0.9369768586903003,2.636388699989766
16,0.00025,64,Softmax,100,0.9529643667201342,0.9532537433377578,0.9533481043820778,4.842282700003125
16,0.00025,64,Softmax,300,0.9623491855583217,0.9626293105313262,0.9627031019202363,7.324446700047702
16,0.00025,64,Softmax,500,0.9623491855583217,0.9626293105313262,0.9627031019202363,6.994003300089389
16,0.00025,64,Softmax,1000,0.9623491855583217,0.9626293105313262,0.9627031019202363,7.232527299900539
16,0.00025,128,ReLU,50,0.9791874614043197,0.9792891966436175,0.9793205317577548,1.5288701000390574
16,0.00025,128,ReLU,100,0.9921207768072489,0.9921120560884855,0.9921221073362876,2.620127599919215
16,0.00025,128,ReLU,300,0.9921207768072489,0.9921120560884855,0.9921221073362876,2.6901868999702856
16,0.00025,128,ReLU,500,0.9921207768072489,0.9921120560884855,0.9921221073362876,2.715645399992354
16,0.00025,128,ReLU,1000,0.9921207768072489,0.9921120560884855,0.9921221073362876,2.7386883998988196
16,0.00025,128,Tanh,50,0.9685169694768854,0.9686823105569791,0.9687346134908912,1.5454423000337556
16,0.00025,128,Tanh,100,0.9939385362576074,0.9939604164496132,0.9939684884293452,2.8158860000548884
16,0.00025,128,Tanh,300,0.9940573575503832,0.9940836198478145,0.9940915805022157,3.1254570999881253
16,0.00025,128,Tanh,500,0.9940573575503832,0.9940836198478145,0.9940915805022157,3.1992146000266075
16,0.00025,128,Tanh,1000,0.9940573575503832,0.9940836198478145,0.9940915805022157,3.140124800032936
16,0.00025,128,Sigmoid,50,0.9074618800902605,0.9087187666784319,0.9094042343673068,1.5472637000493705
16,0.00025,128,Sigmoid,100,0.9365429970443961,0.9371489856016849,0.9373461349089118,2.8255443999078125
16,0.00025,128,Sigmoid,300,0.9399372322576385,0.9404950714356746,0.9406696208764156,3.7885968999471515
16,0.00025,128,Sigmoid,500,0.9399372322576385,0.9404950714356746,0.9406696208764156,3.8261967999860644
16,0.00025,128,Sigmoid,1000,0.9399372322576385,0.9404950714356746,0.9406696208764156,3.8387905000708997
16,0.00025,128,GELU,50,0.9791874614043197,0.9792891966436175,0.9793205317577548,1.5547274999553338
16,0.00025,128,GELU,100,0.9921207768072489,0.9921120560884855,0.9921221073362876,2.6763428000267595
16,0.00025,128,GELU,300,0.9921207768072489,0.9921120560884855,0.9921221073362876,2.6775141999823973
16,0.00025,128,GELU,500,0.9921207768072489,0.9921120560884855,0.9921221073362876,2.6231820998946205
16,0.00025,128,GELU,1000,0.9921207768072489,0.9921120560884855,0.9921221073362876,2.674774599960074
16,0.00025,128,Softmax,50,0.9074618800902605,0.9087187666784319,0.9094042343673068,1.5581465000286698
16,0.00025,128,Softmax,100,0.9365429970443961,0.9371489856016849,0.9373461349089118,2.8323473000200465
16,0.00025,128,Softmax,300,0.9399372322576385,0.9404950714356746,0.9406696208764156,3.8121410000603646
16,0.00025,128,Softmax,500,0.9399372322576385,0.9404950714356746,0.9406696208764156,3.731076000025496
16,0.00025,128,Softmax,1000,0.9399372322576385,0.9404950714356746,0.9406696208764156,3.744252600008622
32,0.01,8,ReLU,50,0.9996258160923112,0.9996302428179878,0.9996307237813885,4.785495900083333
32,0.01,8,ReLU,100,0.9996258160923112,0.9996302428179878,0.9996307237813885,4.8467431999742985
32,0.01,8,ReLU,300,0.9996258160923112,0.9996302428179878,0.9996307237813885,4.883697999990545
32,0.01,8,ReLU,500,0.9996258160923112,0.9996302428179878,0.9996307237813885,4.772462100023404
32,0.01,8,ReLU,1000,0.9996258160923112,0.9996302428179878,0.9996307237813885,4.7996437000110745
32,0.01,8,Tanh,50,0.9995069947995355,0.9995069947995355,0.999507631708518,4.747495400020853
32,0.01,8,Tanh,100,0.9995069947995355,0.9995069947995355,0.999507631708518,4.766381100052968
32,0.01,8,Tanh,300,0.9995069947995355,0.9995069947995355,0.999507631708518,4.704303500009701
32,0.01,8,Tanh,500,0.9995069947995355,0.9995069947995355,0.999507631708518,4.79830910009332
32,0.01,8,Tanh,1000,0.9995069947995355,0.9995069947995355,0.999507631708518,4.7461258000694215
32,0.01,8,Sigmoid,50,0.9991416709065275,0.9991372485300888,0.9991383554899065,5.498946400010027
32,0.01,8,Sigmoid,100,0.9991416709065275,0.9991372485300888,0.9991383554899065,5.4078854999970645
32,0.01,8,Sigmoid,300,0.9991416709065275,0.9991372485300888,0.9991383554899065,5.490520999999717
32,0.01,8,Sigmoid,500,0.9991416709065275,0.9991372485300888,0.9991383554899065,5.446408799965866
32,0.01,8,Sigmoid,1000,0.9991416709065275,0.9991372485300888,0.9991383554899065,5.500376700074412
32,0.01,8,GELU,50,0.9996258160923112,0.9996302428179878,0.9996307237813885,4.727497200015932
32,0.01,8,GELU,100,0.9996258160923112,0.9996302428179878,0.9996307237813885,4.777647199924104
32,0.01,8,GELU,300,0.9996258160923112,0.9996302428179878,0.9996307237813885,4.76531819999218
32,0.01,8,GELU,500,0.9996258160923112,0.9996302428179878,0.9996307237813885,4.907064700033516
32,0.01,8,GELU,1000,0.9996258160923112,0.9996302428179878,0.9996307237813885,4.861963899922557
32,0.01,8,Softmax,50,0.9991416709065275,0.9991372485300888,0.9991383554899065,5.43203889997676
32,0.01,8,Softmax,100,0.9991416709065275,0.9991372485300888,0.9991383554899065,5.405924900085665
32,0.01,8,Softmax,300,0.9991416709065275,0.9991372485300888,0.9991383554899065,5.513521399931051
32,0.01,8,Softmax,500,0.9991416709065275,0.9991372485300888,0.9991383554899065,5.523346900008619
32,0.01,8,Softmax,1000,0.9991416709065275,0.9991372485300888,0.9991383554899065,5.469358699978329
32,0.01,16,ReLU,50,0.9993881735067598,0.9993837489500634,0.9993845396356474,2.8148943000705913
32,0.01,16,ReLU,100,0.9993881735067598,0.9993837489500634,0.9993845396356474,2.7502545999595895
32,0.01,16,ReLU,300,0.9993881735067598,0.9993837489500634,0.9993845396356474,2.918144099996425
32,0.01,16,ReLU,500,0.9993881735067598,0.9993837489500634,0.9993845396356474,2.830267900018953
32,0.01,16,ReLU,1000,0.9993881735067598,0.9993837489500634,0.9993845396356474,2.7831422000890598
32,0.01,16,Tanh,50,0.9990317096284329,0.9990140243027716,0.999015263417036,2.757563399965875
32,0.01,16,Tanh,100,0.9990317096284329,0.9990140243027716,0.999015263417036,2.4338040000293404
32,0.01,16,Tanh,300,0.9990317096284329,0.9990140243027716,0.999015263417036,2.2474942000117153
32,0.01,16,Tanh,500,0.9990317096284329,0.9990140243027716,0.999015263417036,2.2993232998996973
32,0.01,16,Tanh,1000,0.9990317096284329,0.9990140243027716,0.999015263417036,2.2631242000497878
32,0.01,16,Sigmoid,50,0.9991239508771658,0.9991372178485941,0.9991383554899065,2.5196011000080034
32,0.01,16,Sigmoid,100,0.9991239508771658,0.9991372178485941,0.9991383554899065,2.636380600044504
32,0.01,16,Sigmoid,300,0.9991239508771658,0.9991372178485941,0.9991383554899065,3.015983600053005
32,0.01,16,Sigmoid,500,0.9991239508771658,0.9991372178485941,0.9991383554899065,2.462341299979016
32,0.01,16,Sigmoid,1000,0.9991239508771658,0.9991372178485941,0.9991383554899065,2.4975054999813437
32,0.01,16,GELU,50,0.9993881735067598,0.9993837489500634,0.9993845396356474,2.4620918000582606
32,0.01,16,GELU,100,0.9993881735067598,0.9993837489500634,0.9993845396356474,2.442602400085889
32,0.01,16,GELU,300,0.9993881735067598,0.9993837489500634,0.9993845396356474,2.3644465000834316
32,0.01,16,GELU,500,0.9993881735067598,0.9993837489500634,0.9993845396356474,2.536109199980274
32,0.01,16,GELU,1000,0.9993881735067598,0.9993837489500634,0.9993845396356474,2.4008294999366626
32,0.01,16,Softmax,50,0.9991239508771658,0.9991372178485941,0.9991383554899065,2.398246500059031
32,0.01,16,Softmax,100,0.9991239508771658,0.9991372178485941,0.9991383554899065,2.487073800060898
32,0.01,16,Softmax,300,0.9991239508771658,0.9991372178485941,0.9991383554899065,2.603280200040899
32,0.01,16,Softmax,500,0.9991239508771658,0.9991372178485941,0.9991383554899065,2.432093200040981
32,0.01,16,Softmax,1000,0.9991239508771658,0.9991372178485941,0.9991383554899065,2.485499099944718
32,0.01,32,ReLU,50,0.9992693522139842,0.9992605052582955,0.9992614475627769,1.347827299963683
32,0.01,32,ReLU,100,0.9992693522139842,0.9992605052582955,0.9992614475627769,1.3641086999559775
32,0.01,32,ReLU,300,0.9992693522139842,0.9992605052582955,0.9992614475627769,1.2916847000597045
32,0.01,32,ReLU,500,0.9992693522139842,0.9992605052582955,0.9992614475627769,1.246059599914588
32,0.01,32,ReLU,1000,0.9992693522139842,0.9992605052582955,0.9992614475627769,1.3174814999802038
32,0.01,32,Tanh,50,0.9991328108918467,0.9991372332419717,0.9991383554899065,1.228989899973385
32,0.01,32,Tanh,100,0.9991328108918467,0.9991372332419717,0.9991383554899065,1.2945180999813601
32,0.01,32,Tanh,300,0.9991328108918467,0.9991372332419717,0.9991383554899065,1.2820521999383345
32,0.01,32,Tanh,500,0.9991328108918467,0.9991372332419717,0.9991383554899065,1.2999164999928325
32,0.01,32,Tanh,1000,0.9991328108918467,0.9991372332419717,0.9991383554899065,1.3211517001036555
32,0.01,32,Sigmoid,50,0.9989962695697092,0.9990139544142047,0.999015263417036,1.5626358999870718
32,0.01,32,Sigmoid,100,0.9989962695697092,0.9990139544142047,0.999015263417036,1.6010083999717608
32,0.01,32,Sigmoid,300,0.9989962695697092,0.9990139544142047,0.999015263417036,1.6439052999485284
32,0.01,32,Sigmoid,500,0.9989962695697092,0.9990139544142047,0.999015263417036,1.548422300023958
32,0.01,32,Sigmoid,1000,0.9989962695697092,0.9990139544142047,0.999015263417036,1.609876700094901
32,0.01,32,GELU,50,0.9992693522139842,0.9992605052582955,0.9992614475627769,1.3444549000123516
32,0.01,32,GELU,100,0.9992693522139842,0.9992605052582955,0.9992614475627769,1.2328852999489754
32,0.01,32,GELU,300,0.9992693522139842,0.9992605052582955,0.9992614475627769,1.256876299972646
32,0.01,32,GELU,500,0.9992693522139842,0.9992605052582955,0.9992614475627769,1.271990800043568
32,0.01,32,GELU,1000,0.9992693522139842,0.9992605052582955,0.9992614475627769,1.3668906000675634
32,0.01,32,Softmax,50,0.9989962695697092,0.9990139544142047,0.999015263417036,1.5671866999473423
32,0.01,32,Softmax,100,0.9989962695697092,0.9990139544142047,0.999015263417036,1.5335645000450313
32,0.01,32,Softmax,300,0.9989962695697092,0.9990139544142047,0.999015263417036,1.6325802999781445
32,0.01,32,Softmax,500,0.9989962695697092,0.9990139544142047,0.999015263417036,1.5899500999366865
32,0.01,32,Softmax,1000,0.9989962695697092,0.9990139544142047,0.999015263417036,1.5950233000330627
32,0.01,64,ReLU,50,0.9989040283209762,0.998890767630944,0.9988921713441654,0.9078988999826834
32,0.01,64,ReLU,100,0.9989040283209762,0.998890767630944,0.9988921713441654,0.8601614999352023
32,0.01,64,ReLU,300,0.9989040283209762,0.998890767630944,0.9988921713441654,0.8772199000231922
32,0.01,64,ReLU,500,0.9989040283209762,0.998890767630944,0.9988921713441654,0.8223674999317154
32,0.01,64,ReLU,1000,0.9989040283209762,0.998890767630944,0.9988921713441654,0.8413850000360981
32,0.01,64,Tanh,50,0.9984021631058309,0.9983977472701648,0.9983998030526834,0.8398242000257596
32,0.01,64,Tanh,100,0.9984021631058309,0.9983977472701648,0.9983998030526834,0.8509948001010343
32,0.01,64,Tanh,300,0.9984021631058309,0.9983977472701648,0.9983998030526834,0.8271518000401556
32,0.01,64,Tanh,500,0.9984021631058309,0.9983977472701648,0.9983998030526834,0.8268213000847027
32,0.01,64,Tanh,1000,0.9984021631058309,0.9983977472701648,0.9983998030526834,0.832765799947083
32,0.01,64,Sigmoid,50,0.9988863082916144,0.9988907284539636,0.9988921713441654,1.0389018999412656
32,0.01,64,Sigmoid,100,0.9988863082916144,0.9988907284539636,0.9988921713441654,1.0598116000182927
32,0.01,64,Sigmoid,300,0.9988863082916144,0.9988907284539636,0.9988921713441654,1.0119112000102177
32,0.01,64,Sigmoid,500,0.9988863082916144,0.9988907284539636,0.9988921713441654,1.0892557998886332
32,0.01,64,Sigmoid,1000,0.9988863082916144,0.9988907284539636,0.9988921713441654,1.0991866999538615
32,0.01,64,GELU,50,0.9989040283209762,0.998890767630944,0.9988921713441654,0.8978225999744609
32,0.01,64,GELU,100,0.9989040283209762,0.998890767630944,0.9988921713441654,0.8520373000064865
32,0.01,64,GELU,300,0.9989040283209762,0.998890767630944,0.9988921713441654,0.8112885999726132
32,0.01,64,GELU,500,0.9989040283209762,0.998890767630944,0.9988921713441654,0.8411265999311581
32,0.01,64,GELU,1000,0.9989040283209762,0.998890767630944,0.9988921713441654,0.8307125000283122
32,0.01,64,Softmax,50,0.9988863082916144,0.9988907284539636,0.9988921713441654,1.0261270999908447
32,0.01,64,Softmax,100,0.9988863082916144,0.9988907284539636,0.9988921713441654,0.9900649000192061
32,0.01,64,Softmax,300,0.9988863082916144,0.9988907284539636,0.9988921713441654,1.04263829998672
32,0.01,64,Softmax,500,0.9988863082916144,0.9988907284539636,0.9988921713441654,0.9990075000096112
32,0.01,64,Softmax,1000,0.9988863082916144,0.9988907284539636,0.9988921713441654,1.0113608998944983
32,0.01,128,ReLU,50,0.9996169560776302,0.999630236220826,0.9996307237813885,0.6798667999682948
32,0.01,128,ReLU,100,0.9996169560776302,0.999630236220826,0.9996307237813885,0.6449829000048339
32,0.01,128,ReLU,300,0.9996169560776302,0.999630236220826,0.9996307237813885,0.6623114999383688
32,0.01,128,ReLU,500,0.9996169560776302,0.999630236220826,0.9996307237813885,0.6209817000199109
32,0.01,128,ReLU,1000,0.9996169560776302,0.999630236220826,0.9996307237813885,0.6002015999983996
32,0.01,128,Tanh,50,0.9991239508771658,0.9991372178485941,0.9991383554899065,0.6559855999657884
32,0.01,128,Tanh,100,0.9991239508771658,0.9991372178485941,0.9991383554899065,0.6535079999594018
32,0.01,128,Tanh,300,0.9991239508771658,0.9991372178485941,0.9991383554899065,0.6984635998960584
32,0.01,128,Tanh,500,0.9991239508771658,0.9991372178485941,0.9991383554899065,0.6585326999193057
32,0.01,128,Tanh,1000,0.9991239508771658,0.9991372178485941,0.9991383554899065,0.556361599941738
32,0.01,128,Sigmoid,50,0.9985298444132874,0.998521010516591,0.9985228951255539,0.8929115999490023
32,0.01,128,Sigmoid,100,0.9985298444132874,0.998521010516591,0.9985228951255539,0.8123268000781536
32,0.01,128,Sigmoid,300,0.9985298444132874,0.998521010516591,0.9985228951255539,0.8166242999723181
32,0.01,128,Sigmoid,500,0.9985298444132874,0.998521010516591,0.9985228951255539,0.876111299963668
32,0.01,128,Sigmoid,1000,0.9985298444132874,0.998521010516591,0.9985228951255539,0.8027101999614388
32,0.01,128,GELU,50,0.9996169560776302,0.999630236220826,0.9996307237813885,0.6474761000135913
32,0.01,128,GELU,100,0.9996169560776302,0.999630236220826,0.9996307237813885,0.6413186000427231
32,0.01,128,GELU,300,0.9996169560776302,0.999630236220826,0.9996307237813885,0.5899201000574976
32,0.01,128,GELU,500,0.9996169560776302,0.999630236220826,0.9996307237813885,0.6016560000134632
32,0.01,128,GELU,1000,0.9996169560776302,0.999630236220826,0.9996307237813885,0.6555723999626935
32,0.01,128,Softmax,50,0.9985298444132874,0.998521010516591,0.9985228951255539,0.8094236000906676
32,0.01,128,Softmax,100,0.9985298444132874,0.998521010516591,0.9985228951255539,0.8534588000038639
32,0.01,128,Softmax,300,0.9985298444132874,0.998521010516591,0.9985228951255539,0.8399844999657944
32,0.01,128,Softmax,500,0.9985298444132874,0.998521010516591,0.9985228951255539,0.809051200048998
32,0.01,128,Softmax,1000,0.9985298444132874,0.998521010516591,0.9985228951255539,0.8423409999813884
32,0.001,8,ReLU,50,0.9992516321846223,0.9992604790500924,0.9992614475627769,5.468203500029631
32,0.001,8,ReLU,100,0.9992516321846223,0.9992604790500924,0.9992614475627769,5.402888300013728
32,0.001,8,ReLU,300,0.9992516321846223,0.9992604790500924,0.9992614475627769,5.3772275999654084
32,0.001,8,ReLU,500,0.9992516321846223,0.9992604790500924,0.9992614475627769,5.517594399978407
32,0.001,8,ReLU,1000,0.9992516321846223,0.9992604790500924,0.9992614475627769,5.380547699984163
32,0.001,8,Tanh,50,0.9992516321846223,0.9992604790500924,0.9992614475627769,5.35909379995428
32,0.001,8,Tanh,100,0.9992516321846223,0.9992604790500924,0.9992614475627769,5.804222299950197
32,0.001,8,Tanh,300,0.9992516321846223,0.9992604790500924,0.9992614475627769,5.4076379999751225
32,0.001,8,Tanh,500,0.9992516321846223,0.9992604790500924,0.9992614475627769,5.454291000030935
32,0.001,8,Tanh,1000,0.9992516321846223,0.9992604790500924,0.9992614475627769,5.741389099974185
32,0.001,8,Sigmoid,50,0.9984110231205118,0.9983977754669191,0.9983998030526834,7.950182199943811
32,0.001,8,Sigmoid,100,0.9984110231205118,0.9983977754669191,0.9983998030526834,8.281457599950954
32,0.001,8,Sigmoid,300,0.9984110231205118,0.9983977754669191,0.9983998030526834,7.890840500011109
32,0.001,8,Sigmoid,500,0.9984110231205118,0.9983977754669191,0.9983998030526834,8.227732499944977
32,0.001,8,Sigmoid,1000,0.9984110231205118,0.9983977754669191,0.9983998030526834,7.848176599945873
32,0.001,8,GELU,50,0.9992516321846223,0.9992604790500924,0.9992614475627769,5.482024600030854
32,0.001,8,GELU,100,0.9992516321846223,0.9992604790500924,0.9992614475627769,5.315625699935481
32,0.001,8,GELU,300,0.9992516321846223,0.9992604790500924,0.9992614475627769,5.389805499929935
32,0.001,8,GELU,500,0.9992516321846223,0.9992604790500924,0.9992614475627769,5.674373699934222
32,0.001,8,GELU,1000,0.9992516321846223,0.9992604790500924,0.9992614475627769,5.701475100009702
32,0.001,8,Softmax,50,0.9984110231205118,0.9983977754669191,0.9983998030526834,8.003789400099777
32,0.001,8,Softmax,100,0.9984110231205118,0.9983977754669191,0.9983998030526834,8.194163499982096
32,0.001,8,Softmax,300,0.9984110231205118,0.9983977754669191,0.9983998030526834,7.978781900019385
32,0.001,8,Softmax,500,0.9984110231205118,0.9983977754669191,0.9983998030526834,8.149349799961783
32,0.001,8,Softmax,1000,0.9984110231205118,0.9983977754669191,0.9983998030526834,7.968097800039686
32,0.001,16,ReLU,50,0.999013989599071,0.999013989599071,0.999015263417036,3.7309473000932485
32,0.001,16,ReLU,100,0.999013989599071,0.999013989599071,0.999015263417036,3.3174282000400126
32,0.001,16,ReLU,300,0.999013989599071,0.999013989599071,0.999015263417036,3.4737432000692934
32,0.001,16,ReLU,500,0.999013989599071,0.999013989599071,0.999015263417036,3.4522736000362784
32,0.001,16,ReLU,1000,0.999013989599071,0.999013989599071,0.999015263417036,3.5382610000669956
32,0.001,16,Tanh,50,0.9987674869988388,0.9987674869988388,0.9987690792712949,3.597731399931945
32,0.001,16,Tanh,100,0.9987674869988388,0.9987674869988388,0.9987690792712949,3.555618099984713
32,0.001,16,Tanh,300,0.9987674869988388,0.9987674869988388,0.9987690792712949,3.483891600044444
32,0.001,16,Tanh,500,0.9987674869988388,0.9987674869988388,0.9987690792712949,3.587530800024979
32,0.001,16,Tanh,1000,0.9987674869988388,0.9987674869988388,0.9987690792712949,3.752534600091167
32,0.001,16,Sigmoid,50,0.9987674869988388,0.9987674869988388,0.9987690792712949,5.422324999934062
32,0.001,16,Sigmoid,100,0.9987674869988388,0.9987674869988388,0.9987690792712949,5.5001807999797165
32,0.001,16,Sigmoid,300,0.9987674869988388,0.9987674869988388,0.9987690792712949,5.735776099958457
32,0.001,16,Sigmoid,500,0.9987674869988388,0.9987674869988388,0.9987690792712949,5.348924599937163
32,0.001,16,Sigmoid,1000,0.9987674869988388,0.9987674869988388,0.9987690792712949,5.543053400004283
32,0.001,16,GELU,50,0.999013989599071,0.999013989599071,0.999015263417036,3.619957200018689
32,0.001,16,GELU,100,0.999013989599071,0.999013989599071,0.999015263417036,3.3474950999952853
32,0.001,16,GELU,300,0.999013989599071,0.999013989599071,0.999015263417036,3.3930233001010492
32,0.001,16,GELU,500,0.999013989599071,0.999013989599071,0.999015263417036,3.543248499976471
32,0.001,16,GELU,1000,0.999013989599071,0.999013989599071,0.999015263417036,3.5006476999260485
32,0.001,16,Softmax,50,0.9987674869988388,0.9987674869988388,0.9987690792712949,5.551568399998359
32,0.001,16,Softmax,100,0.9987674869988388,0.9987674869988388,0.9987690792712949,5.617022900027223
32,0.001,16,Softmax,300,0.9987674869988388,0.9987674869988388,0.9987690792712949,5.715733299963176
32,0.001,16,Softmax,500,0.9987674869988388,0.9987674869988388,0.9987690792712949,5.524165800074115
32,0.001,16,Softmax,1000,0.9987674869988388,0.9987674869988388,0.9987690792712949,5.448871899978258
32,0.001,32,ReLU,50,0.9980545592421848,0.9980280829484335,0.9980305268340719,2.445524699985981
32,0.001,32,ReLU,100,0.9980545592421848,0.9980280829484335,0.9980305268340719,2.568024499923922
32,0.001,32,ReLU,300,0.9980545592421848,0.9980280829484335,0.9980305268340719,2.480910799931735
32,0.001,32,ReLU,500,0.9980545592421848,0.9980280829484335,0.9980305268340719,2.363275299896486
32,0.001,32,ReLU,1000,0.9980545592421848,0.9980280829484335,0.9980305268340719,2.3915860999841243
32,0.001,32,Tanh,50,0.9984110231205118,0.9983977754669191,0.9983998030526834,2.401552400086075
32,0.001,32,Tanh,100,0.9984110231205118,0.9983977754669191,0.9983998030526834,2.3080737999407575
32,0.001,32,Tanh,300,0.9984110231205118,0.9983977754669191,0.9983998030526834,2.3700234999414533
32,0.001,32,Tanh,500,0.9984110231205118,0.9983977754669191,0.9983998030526834,2.503133299993351
32,0.001,32,Tanh,1000,0.9984110231205118,0.9983977754669191,0.9983998030526834,2.3824045000365004
32,0.001,32,Sigmoid,50,0.9984021631058309,0.9983977472701648,0.9983998030526834,3.6924398000119254
32,0.001,32,Sigmoid,100,0.9984021631058309,0.9983977472701648,0.9983998030526834,3.973099400056526
32,0.001,32,Sigmoid,300,0.9984021631058309,0.9983977472701648,0.9983998030526834,3.9841021000174806
32,0.001,32,Sigmoid,500,0.9984021631058309,0.9983977472701648,0.9983998030526834,4.178967799991369
32,0.001,32,Sigmoid,1000,0.9984021631058309,0.9983977472701648,0.9983998030526834,3.9433062000898644
32,0.001,32,GELU,50,0.9980545592421848,0.9980280829484335,0.9980305268340719,2.4838091999990866
32,0.001,32,GELU,100,0.9980545592421848,0.9980280829484335,0.9980305268340719,2.303015199955553
32,0.001,32,GELU,300,0.9980545592421848,0.9980280829484335,0.9980305268340719,2.3924241000786424
32,0.001,32,GELU,500,0.9980545592421848,0.9980280829484335,0.9980305268340719,2.5982468998990953
32,0.001,32,GELU,1000,0.9980545592421848,0.9980280829484335,0.9980305268340719,2.405121000017971
32,0.001,32,Softmax,50,0.9984021631058309,0.9983977472701648,0.9983998030526834,3.670604299986735
32,0.001,32,Softmax,100,0.9984021631058309,0.9983977472701648,0.9983998030526834,3.8963722999906167
32,0.001,32,Softmax,300,0.9984021631058309,0.9983977472701648,0.9983998030526834,3.98884420003742
32,0.001,32,Softmax,500,0.9984021631058309,0.9983977472701648,0.9983998030526834,4.091342199943028
32,0.001,32,Softmax,1000,0.9984021631058309,0.9983977472701648,0.9983998030526834,4.0475023000035435
32,0.001,64,ReLU,50,0.9973239114561689,0.9972886609448728,0.9972919743968488,1.6572098000906408
32,0.001,64,ReLU,100,0.9973239114561689,0.9972886609448728,0.9972919743968488,1.6850439000409096
32,0.001,64,ReLU,300,0.9973239114561689,0.9972886609448728,0.9972919743968488,1.7121630000183359
32,0.001,64,ReLU,500,0.9973239114561689,0.9972886609448728,0.9972919743968488,1.6461457000114024
32,0.001,64,ReLU,1000,0.9973239114561689,0.9972886609448728,0.9972919743968488,1.7834275000495836
32,0.001,64,Tanh,50,0.9979180179200472,0.9979047833028942,0.9979074347612014,1.7402975999284536
32,0.001,64,Tanh,100,0.9979180179200472,0.9979047833028942,0.9979074347612014,1.6385246000718325
32,0.001,64,Tanh,300,0.9979180179200472,0.9979047833028942,0.9979074347612014,1.6625681999139488
32,0.001,64,Tanh,500,0.9979180179200472,0.9979047833028942,0.9979074347612014,1.686289699980989
32,0.001,64,Tanh,1000,0.9979180179200472,0.9979047833028942,0.9979074347612014,1.684304099995643
32,0.001,64,Sigmoid,50,0.996320181025878,0.996302591135394,0.9963072378138847,2.3140778000233695
32,0.001,64,Sigmoid,100,0.9975615540417202,0.9975351036855419,0.9975381585425899,2.946322300005704
32,0.001,64,Sigmoid,300,0.9975615540417202,0.9975351036855419,0.9975381585425899,3.135443600011058
32,0.001,64,Sigmoid,500,0.9975615540417202,0.9975351036855419,0.9975381585425899,3.209458400029689
32,0.001,64,Sigmoid,1000,0.9975615540417202,0.9975351036855419,0.9975381585425899,2.971877299947664
32,0.001,64,GELU,50,0.9973239114561689,0.9972886609448728,0.9972919743968488,1.647503299987875
32,0.001,64,GELU,100,0.9973239114561689,0.9972886609448728,0.9972919743968488,1.6753828000510111
32,0.001,64,GELU,300,0.9973239114561689,0.9972886609448728,0.9972919743968488,1.6031208999920636
32,0.001,64,GELU,500,0.9973239114561689,0.9972886609448728,0.9972919743968488,1.7290346999652684
32,0.001,64,GELU,1000,0.9973239114561689,0.9972886609448728,0.9972919743968488,1.7445626999251544
32,0.001,64,Softmax,50,0.996320181025878,0.996302591135394,0.9963072378138847,2.3530471000121906
32,0.001,64,Softmax,100,0.9975615540417202,0.9975351036855419,0.9975381585425899,2.9516981000779197
32,0.001,64,Softmax,300,0.9975615540417202,0.9975351036855419,0.9975381585425899,2.9706081999465823
32,0.001,64,Softmax,500,0.9975615540417202,0.9975351036855419,0.9975381585425899,2.962403399986215
32,0.001,64,Softmax,1000,0.9975615540417202,0.9975351036855419,0.9975381585425899,2.9106618999503553
32,0.001,128,ReLU,50,0.9974338727342636,0.9974118363717577,0.9974150664697193,1.167969899950549
32,0.001,128,ReLU,100,0.9974338727342636,0.9974118363717577,0.9974150664697193,1.2259146999567747
32,0.001,128,ReLU,300,0.9974338727342636,0.9974118363717577,0.9974150664697193,1.150128799956292
32,0.001,128,ReLU,500,0.9974338727342636,0.9974118363717577,0.9974150664697193,1.1744511999422684
32,0.001,128,ReLU,1000,0.9974338727342636,0.9974118363717577,0.9974150664697193,1.1024829000234604
32,0.001,128,Tanh,50,0.996676644904205,0.9966722443303424,0.9966765140324964,1.2876124000176787
32,0.001,128,Tanh,100,0.996676644904205,0.9966722443303424,0.9966765140324964,1.4080932999495417
32,0.001,128,Tanh,300,0.996676644904205,0.9966722443303424,0.9966765140324964,1.3764322999631986
32,0.001,128,Tanh,500,0.996676644904205,0.9966722443303424,0.9966765140324964,1.3641784999053925
32,0.001,128,Tanh,1000,0.996676644904205,0.9966722443303424,0.9966765140324964,1.368365200003609
32,0.001,128,Sigmoid,50,0.9719893670114224,0.9722512977971927,0.9723042836041359,1.440504499943927
32,0.001,128,Sigmoid,100,0.9964212822892919,0.9964256805738828,0.9964303298867553,2.7479846000205725
32,0.001,128,Sigmoid,300,0.9964212822892919,0.9964256805738828,0.9964303298867553,2.7027109999908134
32,0.001,128,Sigmoid,500,0.9964212822892919,0.9964256805738828,0.9964303298867553,2.7210183000424877
32,0.001,128,Sigmoid,1000,0.9964212822892919,0.9964256805738828,0.9964303298867553,2.6511842999607325
32,0.001,128,GELU,50,0.9974338727342636,0.9974118363717577,0.9974150664697193,1.1315272999927402
32,0.001,128,GELU,100,0.9974338727342636,0.9974118363717577,0.9974150664697193,1.1355305999750271
32,0.001,128,GELU,300,0.9974338727342636,0.9974118363717577,0.9974150664697193,1.1466733000706881
32,0.001,128,GELU,500,0.9974338727342636,0.9974118363717577,0.9974150664697193,1.1459891999838874
32,0.001,128,GELU,1000,0.9974338727342636,0.9974118363717577,0.9974150664697193,1.1363112999824807
32,0.001,128,Softmax,50,0.9719893670114224,0.9722512977971927,0.9723042836041359,1.4209601999027655
32,0.001,128,Softmax,100,0.9964212822892919,0.9964256805738828,0.9964303298867553,2.660618199966848
32,0.001,128,Softmax,300,0.9964212822892919,0.9964256805738828,0.9964303298867553,2.6679753999924287
32,0.001,128,Softmax,500,0.9964212822892919,0.9964256805738828,0.9964303298867553,2.462942700018175
32,0.001,128,Softmax,1000,0.9964212822892919,0.9964256805738828,0.9964303298867553,2.630998899927363
32,0.0001,8,ReLU,50,0.9975615540417202,0.9975351036855419,0.9975381585425899,12.217185299959965
32,0.0001,8,ReLU,100,0.9975615540417202,0.9975351036855419,0.9975381585425899,11.998343899962492
32,0.0001,8,ReLU,300,0.9975615540417202,0.9975351036855419,0.9975381585425899,12.402958999969997
32,0.0001,8,ReLU,500,0.9975615540417202,0.9975351036855419,0.9975381585425899,12.231054199975915
32,0.0001,8,ReLU,1000,0.9975615540417202,0.9975351036855419,0.9975381585425899,12.358236400061287
32,0.0001,8,Tanh,50,0.996685504918886,0.9966723028928322,0.9966765140324964,12.759378100046888
32,0.0001,8,Tanh,100,0.996685504918886,0.9966723028928322,0.9966765140324964,14.40504320000764
32,0.0001,8,Tanh,300,0.996685504918886,0.9966723028928322,0.9966765140324964,14.59597979998216
32,0.0001,8,Tanh,500,0.996685504918886,0.9966723028928322,0.9966765140324964,14.488705100025982
32,0.0001,8,Tanh,1000,0.996685504918886,0.9966723028928322,0.9966765140324964,14.634376199916005
32,0.0001,8,Sigmoid,50,0.9468195217436898,0.9470890238215806,0.9471935007385525,13.350497899926268
32,0.0001,8,Sigmoid,100,0.9677951817055503,0.9679438070222768,0.9679960610536681,24.703978199977428
32,0.0001,8,Sigmoid,300,0.9810583809427638,0.9811392727652626,0.9811669128508124,35.16107529995497
32,0.0001,8,Sigmoid,500,0.9810583809427638,0.9811392727652626,0.9811669128508124,34.863538400037214
32,0.0001,8,Sigmoid,1000,0.9810583809427638,0.9811392727652626,0.9811669128508124,34.685060899937525
32,0.0001,8,GELU,50,0.9975615540417202,0.9975351036855419,0.9975381585425899,12.074271199991927
32,0.0001,8,GELU,100,0.9975615540417202,0.9975351036855419,0.9975381585425899,12.17534199997317
32,0.0001,8,GELU,300,0.9975615540417202,0.9975351036855419,0.9975381585425899,12.054575399961323
32,0.0001,8,GELU,500,0.9975615540417202,0.9975351036855419,0.9975381585425899,12.108987999963574
32,0.0001,8,GELU,1000,0.9975615540417202,0.9975351036855419,0.9975381585425899,12.231939899967983
32,0.0001,8,Softmax,50,0.9468195217436898,0.9470890238215806,0.9471935007385525,13.315507899969816
32,0.0001,8,Softmax,100,0.9677951817055503,0.9679438070222768,0.9679960610536681,24.673755099996924
32,0.0001,8,Softmax,300,0.9810583809427638,0.9811392727652626,0.9811669128508124,35.21487869997509
32,0.0001,8,Softmax,500,0.9810583809427638,0.9811392727652626,0.9811669128508124,35.01865949993953
32,0.0001,8,Softmax,1000,0.9810583809427638,0.9811392727652626,0.9811669128508124,34.817895099986345
32,0.0001,16,ReLU,50,0.9962545198211878,0.9961797683508634,0.9961841457410143,6.915306700044312
32,0.0001,16,ReLU,100,0.9962545198211878,0.9961797683508634,0.9961841457410143,8.122992600081488
32,0.0001,16,ReLU,300,0.9962545198211878,0.9961797683508634,0.9961841457410143,7.834831400075927
32,0.0001,16,ReLU,500,0.9962545198211878,0.9961797683508634,0.9961841457410143,8.09040119999554
32,0.0001,16,ReLU,1000,0.9962545198211878,0.9961797683508634,0.9961841457410143,7.61789539991878
32,0.0001,16,Tanh,50,0.9956817744885951,0.9956861662098586,0.9956917774495323,7.292836799984798
32,0.0001,16,Tanh,100,0.9963024609965162,0.9963024609965162,0.9963072378138847,9.961608099984005
32,0.0001,16,Tanh,300,0.9963024609965162,0.9963024609965162,0.9963072378138847,10.013746799901128
32,0.0001,16,Tanh,500,0.9963024609965162,0.9963024609965162,0.9963072378138847,9.866806600010023
32,0.0001,16,Tanh,1000,0.9963024609965162,0.9963024609965162,0.9963072378138847,10.362536899978295
32,0.0001,16,Sigmoid,50,0.9392472434431036,0.9396609662344606,0.939807976366322,7.491626200033352
32,0.0001,16,Sigmoid,100,0.9483376185057306,0.9486814177868654,0.9487936976858691,12.362990399939008
32,0.0001,16,Sigmoid,300,0.9591535117699833,0.959423471768354,0.9595027080256031,20.200889999978244
32,0.0001,16,Sigmoid,500,0.9591535117699833,0.959423471768354,0.9595027080256031,19.695947399945
32,0.0001,16,Sigmoid,1000,0.9591535117699833,0.959423471768354,0.9595027080256031,19.955548399942927
32,0.0001,16,GELU,50,0.9962545198211878,0.9961797683508634,0.9961841457410143,6.835520299966447
32,0.0001,16,GELU,100,0.9962545198211878,0.9961797683508634,0.9961841457410143,7.830413099960424
32,0.0001,16,GELU,300,0.9962545198211878,0.9961797683508634,0.9961841457410143,8.024378399946727
32,0.0001,16,GELU,500,0.9962545198211878,0.9961797683508634,0.9961841457410143,7.734610500046983
32,0.0001,16,GELU,1000,0.9962545198211878,0.9961797683508634,0.9961841457410143,7.978934700018726
32,0.0001,16,Softmax,50,0.9392472434431036,0.9396609662344606,0.939807976366322,7.0429073999403045
32,0.0001,16,Softmax,100,0.9483376185057306,0.9486814177868654,0.9487936976858691,12.531475099967793
32,0.0001,16,Softmax,300,0.9591535117699833,0.959423471768354,0.9595027080256031,19.947760200011544
32,0.0001,16,Softmax,500,0.9591535117699833,0.959423471768354,0.9595027080256031,19.818319999962114
32,0.0001,16,Softmax,1000,0.9591535117699833,0.959423471768354,0.9595027080256031,20.139521099976264
32,0.0001,32,ReLU,50,0.9928123434326173,0.9927293574151185,0.99273756770064,3.8668057000031695
32,0.0001,32,ReLU,100,0.9957703746354043,0.995686906941172,0.9956917774495323,5.226207399973646
32,0.0001,32,ReLU,300,0.9957703746354043,0.995686906941172,0.9956917774495323,5.352150600054301
32,0.0001,32,ReLU,500,0.9957703746354043,0.995686906941172,0.9956917774495323,5.298052600002848
32,0.0001,32,ReLU,1000,0.9957703746354043,0.995686906941172,0.9956917774495323,5.324473999906331
32,0.0001,32,Tanh,50,0.9799535492490592,0.9800300063990749,0.9800590841949779,3.9178491999628022
32,0.0001,32,Tanh,100,0.9956640544592332,0.9956860117497237,0.9956917774495323,6.324964899918996
32,0.0001,32,Tanh,300,0.9956640544592332,0.9956860117497237,0.9956917774495323,6.157212099991739
32,0.0001,32,Tanh,500,0.9956640544592332,0.9956860117497237,0.9956917774495323,6.679248799919151
32,0.0001,32,Tanh,1000,0.9956640544592332,0.9956860117497237,0.9956917774495323,6.192543099983595
32,0.0001,32,Sigmoid,50,0.9239254865483131,0.924727347664277,0.9250369276218612,3.836316299973987
32,0.0001,32,Sigmoid,100,0.9399513111850768,0.9403954560461733,0.9405465288035451,7.235303600085899
32,0.0001,32,Sigmoid,300,0.9426894198316743,0.9431145726989519,0.9432545544066963,8.95466650009621
32,0.0001,32,Sigmoid,500,0.9426894198316743,0.9431145726989519,0.9432545544066963,9.24549720005598
32,0.0001,32,Sigmoid,1000,0.9426894198316743,0.9431145726989519,0.9432545544066963,8.821252300054766
32,0.0001,32,GELU,50,0.9928123434326173,0.9927293574151185,0.99273756770064,4.04748060007114
32,0.0001,32,GELU,100,0.9957703746354043,0.995686906941172,0.9956917774495323,5.280784099944867
32,0.0001,32,GELU,300,0.9957703746354043,0.995686906941172,0.9956917774495323,5.264338699984364
32,0.0001,32,GELU,500,0.9957703746354043,0.995686906941172,0.9956917774495323,5.5219710998935625
32,0.0001,32,GELU,1000,0.9957703746354043,0.995686906941172,0.9956917774495323,5.189664499950595
32,0.0001,32,Softmax,50,0.9239254865483131,0.924727347664277,0.9250369276218612,3.7507205000147223
32,0.0001,32,Softmax,100,0.9399513111850768,0.9403954560461733,0.9405465288035451,7.1685889000073075
32,0.0001,32,Softmax,300,0.9426894198316743,0.9431145726989519,0.9432545544066963,9.007699399953708
32,0.0001,32,Softmax,500,0.9426894198316743,0.9431145726989519,0.9432545544066963,9.181274100090377
32,0.0001,32,Softmax,1000,0.9426894198316743,0.9431145726989519,0.9432545544066963,8.947521200054325
32,0.0001,64,ReLU,50,0.9746279522054397,0.974611125796372,0.9746430329886755,2.3494234000099823
32,0.0001,64,ReLU,100,0.9946389628976569,0.9945775992667223,0.9945839487936977,4.05951669998467
32,0.0001,64,ReLU,300,0.9947666442051135,0.9947008802604664,0.9947070408665682,4.2619824999710545
32,0.0001,64,ReLU,500,0.9947666442051135,0.9947008802604664,0.9947070408665682,4.342606299906038
32,0.0001,64,ReLU,1000,0.9947666442051135,0.9947008802604664,0.9947070408665682,4.466704500024207
32,0.0001,64,Tanh,50,0.9538669958870113,0.9541216505061889,0.9542097488921714,2.2104926999891177
32,0.0001,64,Tanh,100,0.9927148832711271,0.9927279790095789,0.99273756770064,4.260568900033832
32,0.0001,64,Tanh,300,0.9953075905809062,0.995316367317252,0.9953225012309207,5.313844399992377
32,0.0001,64,Tanh,500,0.9953075905809062,0.995316367317252,0.9953225012309207,5.537880099960603
32,0.0001,64,Tanh,1000,0.9953075905809062,0.995316367317252,0.9953225012309207,5.417330299969763
32,0.0001,64,Sigmoid,50,0.903266116973555,0.9045652791363037,0.90534219596258,2.2831019998993725
32,0.0001,64,Sigmoid,100,0.9275130642737022,0.9283151591731713,0.9286065977351059,4.054035100038163
32,0.0001,64,Sigmoid,300,0.932237272649596,0.9329258758987937,0.9331610044313147,5.362122899969108
32,0.0001,64,Sigmoid,500,0.932237272649596,0.9329258758987937,0.9331610044313147,5.244376100017689
32,0.0001,64,Sigmoid,1000,0.932237272649596,0.9329258758987937,0.9331610044313147,5.301437499932945
32,0.0001,64,GELU,50,0.9746279522054397,0.974611125796372,0.9746430329886755,2.4605002000462264
32,0.0001,64,GELU,100,0.9946389628976569,0.9945775992667223,0.9945839487936977,3.96123150002677
32,0.0001,64,GELU,300,0.9947666442051135,0.9947008802604664,0.9947070408665682,4.389489900087938
32,0.0001,64,GELU,500,0.9947666442051135,0.9947008802604664,0.9947070408665682,4.178920299978927
32,0.0001,64,GELU,1000,0.9947666442051135,0.9947008802604664,0.9947070408665682,4.600444499985315
32,0.0001,64,Softmax,50,0.903266116973555,0.9045652791363037,0.90534219596258,2.19854419992771
32,0.0001,64,Softmax,100,0.9275130642737022,0.9283151591731713,0.9286065977351059,3.9616924999281764
32,0.0001,64,Softmax,300,0.932237272649596,0.9329258758987937,0.9331610044313147,5.2354411999695
32,0.0001,64,Softmax,500,0.932237272649596,0.9329258758987937,0.9331610044313147,5.41149139998015
32,0.0001,64,Softmax,1000,0.932237272649596,0.9329258758987937,0.9331610044313147,5.275414999923669
32,0.0001,128,ReLU,50,0.9460554971900403,0.9466605678968709,0.946824224519941,1.4147830000147223
32,0.0001,128,ReLU,100,0.9813366824997961,0.9812683850298529,0.9812900049236829,2.5826811000006273
32,0.0001,128,ReLU,300,0.9916720716801889,0.9916197842701844,0.9916297390448056,3.936284799943678
32,0.0001,128,ReLU,500,0.9916720716801889,0.9916197842701844,0.9916297390448056,3.7487116999691352
32,0.0001,128,ReLU,1000,0.9916720716801889,0.9916197842701844,0.9916297390448056,3.681549599976279
32,0.0001,128,Tanh,50,0.9181266676246811,0.9190882148213093,0.9194977843426884,1.4398738000309095
32,0.0001,128,Tanh,100,0.9622480842949079,0.9625080154674233,0.9625800098473658,2.6092060999944806
32,0.0001,128,Tanh,300,0.9871198446851563,0.9871802365014033,0.9871984244214672,4.743163300096057
32,0.0001,128,Tanh,500,0.9871198446851563,0.9871802365014033,0.9871984244214672,4.628702800022438
32,0.0001,128,Tanh,1000,0.9871198446851563,0.9871802365014033,0.9871984244214672,4.5859487999696285
32,0.0001,128,Sigmoid,50,0.8866071047122657,0.8879496905756397,0.8890940423436731,1.4443210999015719
32,0.0001,128,Sigmoid,100,0.8968252504107164,0.8981543246160744,0.8990645002461841,2.4276025000726804
32,0.0001,128,Sigmoid,300,0.9056884207133065,0.9068920276366192,0.9075578532742491,4.004871599958278
32,0.0001,128,Sigmoid,500,0.9056884207133065,0.9068920276366192,0.9075578532742491,3.757111100014299
32,0.0001,128,Sigmoid,1000,0.9056884207133065,0.9068920276366192,0.9075578532742491,3.806838799966499
32,0.0001,128,GELU,50,0.9460554971900403,0.9466605678968709,0.946824224519941,1.4075125999515876
32,0.0001,128,GELU,100,0.9813366824997961,0.9812683850298529,0.9812900049236829,2.564631799934432
32,0.0001,128,GELU,300,0.9916720716801889,0.9916197842701844,0.9916297390448056,3.820048499968834
32,0.0001,128,GELU,500,0.9916720716801889,0.9916197842701844,0.9916297390448056,3.691269199945964
32,0.0001,128,GELU,1000,0.9916720716801889,0.9916197842701844,0.9916297390448056,3.653095200075768
32,0.0001,128,Softmax,50,0.8866071047122657,0.8879496905756397,0.8890940423436731,1.4318839999614283
32,0.0001,128,Softmax,100,0.8968252504107164,0.8981543246160744,0.8990645002461841,2.362640699953772
32,0.0001,128,Softmax,300,0.9056884207133065,0.9068920276366192,0.9075578532742491,3.8254289000760764
32,0.0001,128,Softmax,500,0.9056884207133065,0.9068920276366192,0.9075578532742491,3.7840468999929726
32,0.0001,128,Softmax,1000,0.9056884207133065,0.9068920276366192,0.9075578532742491,3.8499099999899045
32,0.00025,8,ReLU,50,0.9985475644426492,0.9985210622113251,0.9985228951255539,10.022910100058652
32,0.00025,8,ReLU,100,0.9985475644426492,0.9985210622113251,0.9985228951255539,10.047660399926826
32,0.00025,8,ReLU,300,0.9985475644426492,0.9985210622113251,0.9985228951255539,10.117640999960713
32,0.00025,8,ReLU,500,0.9985475644426492,0.9985210622113251,0.9985228951255539,9.81496609991882
32,0.00025,8,ReLU,1000,0.9985475644426492,0.9985210622113251,0.9985228951255539,10.132563299965113
32,0.00025,8,Tanh,50,0.9982833418130552,0.9982745122693562,0.9982767109798129,10.440500000026077
32,0.00025,8,Tanh,100,0.9982833418130552,0.9982745122693562,0.9982767109798129,10.393781399936415
32,0.00025,8,Tanh,300,0.9982833418130552,0.9982745122693562,0.9982767109798129,10.397147099953145
32,0.00025,8,Tanh,500,0.9982833418130552,0.9982745122693562,0.9982767109798129,10.163915900047868
32,0.00025,8,Tanh,1000,0.9982833418130552,0.9982745122693562,0.9982767109798129,10.085822799941525
32,0.00025,8,Sigmoid,50,0.9940359964190977,0.9939615693287841,0.9939684884293452,13.663887799950317
32,0.00025,8,Sigmoid,100,0.9980456992275037,0.9980280486055435,0.9980305268340719,21.036237200023606
32,0.00025,8,Sigmoid,300,0.9980456992275037,0.9980280486055435,0.9980305268340719,20.797157399938442
32,0.00025,8,Sigmoid,500,0.9980456992275037,0.9980280486055435,0.9980305268340719,21.345498600043356
32,0.00025,8,Sigmoid,1000,0.9980456992275037,0.9980280486055435,0.9980305268340719,21.05858040007297
32,0.00025,8,GELU,50,0.9985475644426492,0.9985210622113251,0.9985228951255539,10.050362900015898
32,0.00025,8,GELU,100,0.9985475644426492,0.9985210622113251,0.9985228951255539,10.125934900017455
32,0.00025,8,GELU,300,0.9985475644426492,0.9985210622113251,0.9985228951255539,9.954601200064644
32,0.00025,8,GELU,500,0.9985475644426492,0.9985210622113251,0.9985228951255539,10.159458099980839
32,0.00025,8,GELU,1000,0.9985475644426492,0.9985210622113251,0.9985228951255539,10.145701500005089
32,0.00025,8,Softmax,50,0.9940359964190977,0.9939615693287841,0.9939684884293452,13.638817199971527
32,0.00025,8,Softmax,100,0.9980456992275037,0.9980280486055435,0.9980305268340719,21.1119672000641
32,0.00025,8,Softmax,300,0.9980456992275037,0.9980280486055435,0.9980305268340719,20.819133199984208
32,0.00025,8,Softmax,500,0.9980456992275037,0.9980280486055435,0.9980305268340719,20.934200100018643
32,0.00025,8,Softmax,1000,0.9980456992275037,0.9980280486055435,0.9980305268340719,21.272742900066078
32,0.00025,16,ReLU,50,0.9975704140564012,0.9975351463135207,0.9975381585425899,5.652334899990819
32,0.00025,16,ReLU,100,0.9975704140564012,0.9975351463135207,0.9975381585425899,5.607041000039317
32,0.00025,16,ReLU,300,0.9975704140564012,0.9975351463135207,0.9975381585425899,5.63546859996859
32,0.00025,16,ReLU,500,0.9975704140564012,0.9975351463135207,0.9975381585425899,5.720575299928896
32,0.00025,16,ReLU,1000,0.9975704140564012,0.9975351463135207,0.9975381585425899,5.737814399995841
32,0.00025,16,Tanh,50,0.9985298444132874,0.998521010516591,0.9985228951255539,6.5404363999841735
32,0.00025,16,Tanh,100,0.9985298444132874,0.998521010516591,0.9985228951255539,7.348376099951565
32,0.00025,16,Tanh,300,0.9985298444132874,0.998521010516591,0.9985228951255539,7.6380550999892876
32,0.00025,16,Tanh,500,0.9985298444132874,0.998521010516591,0.9985228951255539,7.443957999930717
32,0.00025,16,Tanh,1000,0.9985298444132874,0.998521010516591,0.9985228951255539,7.60879870003555
32,0.00025,16,Sigmoid,50,0.9701627475463828,0.9704029681067451,0.9704579025110783,7.056926100049168
32,0.00025,16,Sigmoid,100,0.9974338727342636,0.9974118363717577,0.9974150664697193,13.659709600033239
32,0.00025,16,Sigmoid,300,0.9974338727342636,0.9974118363717577,0.9974150664697193,14.031496900017373
32,0.00025,16,Sigmoid,500,0.9974338727342636,0.9974118363717577,0.9974150664697193,13.937156000058167
32,0.00025,16,Sigmoid,1000,0.9974338727342636,0.9974118363717577,0.9974150664697193,14.046010600053705
32,0.00025,16,GELU,50,0.9975704140564012,0.9975351463135207,0.9975381585425899,5.479572100099176
32,0.00025,16,GELU,100,0.9975704140564012,0.9975351463135207,0.9975381585425899,5.543541899998672
32,0.00025,16,GELU,300,0.9975704140564012,0.9975351463135207,0.9975381585425899,5.8549747000215575
32,0.00025,16,GELU,500,0.9975704140564012,0.9975351463135207,0.9975381585425899,5.610860800021328
32,0.00025,16,GELU,1000,0.9975704140564012,0.9975351463135207,0.9975381585425899,5.669505099998787
32,0.00025,16,Softmax,50,0.9701627475463828,0.9704029681067451,0.9704579025110783,7.346356900059618
32,0.00025,16,Softmax,100,0.9974338727342636,0.9974118363717577,0.9974150664697193,13.604591800016351
32,0.00025,16,Softmax,300,0.9974338727342636,0.9974118363717577,0.9974150664697193,14.05055829999037
32,0.00025,16,Softmax,500,0.9974338727342636,0.9974118363717577,0.9974150664697193,14.130378799978644
32,0.00025,16,Softmax,1000,0.9974338727342636,0.9974118363717577,0.9974150664697193,13.879091599956155
32,0.00025,32,ReLU,50,0.9973416314855308,0.9972887537344715,0.9972919743968488,3.4987640999024734
32,0.00025,32,ReLU,100,0.9973416314855308,0.9972887537344715,0.9972919743968488,3.320155500085093
32,0.00025,32,ReLU,300,0.9973416314855308,0.9972887537344715,0.9972919743968488,3.2891243000049144
32,0.00025,32,ReLU,500,0.9973416314855308,0.9972887537344715,0.9972919743968488,3.2947690000291914
32,0.00025,32,ReLU,1000,0.9973416314855308,0.9972887537344715,0.9972919743968488,3.376968900091015
32,0.00025,32,Tanh,50,0.9961659196743787,0.9961791076152025,0.9961841457410143,3.7359394999220967
32,0.00025,32,Tanh,100,0.9961659196743787,0.9961791076152025,0.9961841457410143,4.045618999982253
32,0.00025,32,Tanh,300,0.9961659196743787,0.9961791076152025,0.9961841457410143,4.166745499940589
32,0.00025,32,Tanh,500,0.9961659196743787,0.9961791076152025,0.9961841457410143,4.153691100073047
32,0.00025,32,Tanh,1000,0.9961659196743787,0.9961791076152025,0.9961841457410143,4.2885060999542475
32,0.00025,32,Sigmoid,50,0.9520403764219716,0.9522742782197053,0.9523633677991138,3.8652118999743834
32,0.00025,32,Sigmoid,100,0.9852932252201168,0.9853319076253504,0.9853520433284096,7.2482466999208555
32,0.00025,32,Sigmoid,300,0.9914646502406039,0.9914951264964067,0.991506646971935,9.477930400054902
32,0.00025,32,Sigmoid,500,0.9914646502406039,0.9914951264964067,0.991506646971935,9.661404600017704
32,0.00025,32,Sigmoid,1000,0.9914646502406039,0.9914951264964067,0.991506646971935,9.412285199970938
32,0.00025,32,GELU,50,0.9973416314855308,0.9972887537344715,0.9972919743968488,3.403520500054583
32,0.00025,32,GELU,100,0.9973416314855308,0.9972887537344715,0.9972919743968488,3.4899370999773964
32,0.00025,32,GELU,300,0.9973416314855308,0.9972887537344715,0.9972919743968488,3.3307223001029342
32,0.00025,32,GELU,500,0.9973416314855308,0.9972887537344715,0.9972919743968488,3.3755807999987155
32,0.00025,32,GELU,1000,0.9973416314855308,0.9972887537344715,0.9972919743968488,3.2522283999715
32,0.00025,32,Softmax,50,0.9520403764219716,0.9522742782197053,0.9523633677991138,4.0107591999694705
32,0.00025,32,Softmax,100,0.9852932252201168,0.9853319076253504,0.9853520433284096,7.644009300041944
32,0.00025,32,Softmax,300,0.9914646502406039,0.9914951264964067,0.991506646971935,9.697311999974772
32,0.00025,32,Softmax,500,0.9914646502406039,0.9914951264964067,0.991506646971935,9.417990599991754
32,0.00025,32,Softmax,1000,0.9914646502406039,0.9914951264964067,0.991506646971935,9.752121099969372
32,0.00025,64,ReLU,50,0.9966287037288768,0.996549496922986,0.9965534219596258,2.1855912000173703
32,0.00025,64,ReLU,100,0.9967475250216524,0.996672701466881,0.9966765140324964,2.6935023999540135
32,0.00025,64,ReLU,300,0.9967475250216524,0.996672701466881,0.9966765140324964,2.6155008000787348
32,0.00025,64,ReLU,500,0.9967475250216524,0.996672701466881,0.9966765140324964,2.7547003000508994
32,0.00025,64,ReLU,1000,0.9967475250216524,0.996672701466881,0.9966765140324964,2.7564256000332534
32,0.00025,64,Tanh,50,0.9953075905809062,0.995316367317252,0.9953225012309207,2.2508012000471354
32,0.00025,64,Tanh,100,0.9959282770888274,0.9959326709978666,0.9959379615952733,2.9887895999709144
32,0.00025,64,Tanh,300,0.9959282770888274,0.9959326709978666,0.9959379615952733,2.8589945000130683
32,0.00025,64,Tanh,500,0.9959282770888274,0.9959326709978666,0.9959379615952733,2.912583899917081
32,0.00025,64,Tanh,1000,0.9959282770888274,0.9959326709978666,0.9959379615952733,3.203400900005363
32,0.00025,64,Sigmoid,50,0.9418576707822446,0.9422557081620155,0.9423929098966026,2.354549100040458
32,0.00025,64,Sigmoid,100,0.9565519444455233,0.9568320630921701,0.9569177744953224,3.899509400012903
32,0.00025,64,Sigmoid,300,0.9702867877519157,0.9704114193079572,0.9704579025110783,6.059756299946457
32,0.00025,64,Sigmoid,500,0.9702867877519157,0.9704114193079572,0.9704579025110783,6.333900999976322
32,0.00025,64,Sigmoid,1000,0.9702867877519157,0.9704114193079572,0.9704579025110783,5.996073400019668
32,0.00025,64,GELU,50,0.9966287037288768,0.996549496922986,0.9965534219596258,2.2023159000091255
32,0.00025,64,GELU,100,0.9967475250216524,0.996672701466881,0.9966765140324964,2.7801937999902293
32,0.00025,64,GELU,300,0.9967475250216524,0.996672701466881,0.9966765140324964,3.007969400030561
32,0.00025,64,GELU,500,0.9967475250216524,0.996672701466881,0.9966765140324964,2.6892213999526575
32,0.00025,64,GELU,1000,0.9967475250216524,0.996672701466881,0.9966765140324964,2.669763099984266
32,0.00025,64,Softmax,50,0.9418576707822446,0.9422557081620155,0.9423929098966026,2.265645199920982
32,0.00025,64,Softmax,100,0.9565519444455233,0.9568320630921701,0.9569177744953224,3.8506737999850884
32,0.00025,64,Softmax,300,0.9702867877519157,0.9704114193079572,0.9704579025110783,6.1873353000264615
32,0.00025,64,Softmax,500,0.9702867877519157,0.9704114193079572,0.9704579025110783,5.988093099906109
32,0.00025,64,Softmax,1000,0.9702867877519157,0.9704114193079572,0.9704579025110783,6.0050496000330895
32,0.00025,128,ReLU,50,0.9871250635979136,0.9870602890081158,0.9870753323485968,1.4457486999453977
32,0.00025,128,ReLU,100,0.9947577841904325,0.9947007908720572,0.9947070408665682,2.3577918999362737
32,0.00025,128,ReLU,300,0.9947577841904325,0.9947007908720572,0.9947070408665682,2.1860337000107393
32,0.00025,128,ReLU,500,0.9947577841904325,0.9947007908720572,0.9947070408665682,2.127776600071229
32,0.00025,128,ReLU,1000,0.9947577841904325,0.9947007908720572,0.9947070408665682,2.1623065000167117
32,0.00025,128,Tanh,50,0.9689568145892643,0.9691717070647337,0.9692269817823732,1.4220469000283629
32,0.00025,128,Tanh,100,0.9957828757520089,0.9958092307255352,0.9958148695224027,2.5619411999359727
32,0.00025,128,Tanh,300,0.9957828757520089,0.9958092307255352,0.9958148695224027,2.7514005000703037
32,0.00025,128,Tanh,500,0.9957828757520089,0.9958092307255352,0.9958148695224027,2.685495699988678
32,0.00025,128,Tanh,1000,0.9957828757520089,0.9958092307255352,0.9958148695224027,2.5975446000229567
32,0.00025,128,Sigmoid,50,0.9148637548208189,0.9159324261541145,0.9164204825209257,1.4184248999226838
32,0.00025,128,Sigmoid,100,0.9394228659258885,0.9398958035813696,0.940054160512063,2.426665800041519
32,0.00025,128,Sigmoid,300,0.9446171405601278,0.9450820975686223,0.9452240275726244,3.5063587999902666
32,0.00025,128,Sigmoid,500,0.9446171405601278,0.9450820975686223,0.9452240275726244,3.6268468000926077
32,0.00025,128,Sigmoid,1000,0.9446171405601278,0.9450820975686223,0.9452240275726244,3.6763254000106826
32,0.00025,128,GELU,50,0.9871250635979136,0.9870602890081158,0.9870753323485968,1.4172844000859186
32,0.00025,128,GELU,100,0.9947577841904325,0.9947007908720572,0.9947070408665682,2.1064464000519365
32,0.00025,128,GELU,300,0.9947577841904325,0.9947007908720572,0.9947070408665682,2.141154200071469
32,0.00025,128,GELU,500,0.9947577841904325,0.9947007908720572,0.9947070408665682,2.209446399938315
32,0.00025,128,GELU,1000,0.9947577841904325,0.9947007908720572,0.9947070408665682,2.151115300017409
32,0.00025,128,Softmax,50,0.9148637548208189,0.9159324261541145,0.9164204825209257,1.4614339000545442
32,0.00025,128,Softmax,100,0.9394228659258885,0.9398958035813696,0.940054160512063,2.673799499985762
32,0.00025,128,Softmax,300,0.9446171405601278,0.9450820975686223,0.9452240275726244,3.4285325000528246
32,0.00025,128,Softmax,500,0.9446171405601278,0.9450820975686223,0.9452240275726244,3.4597016000188887
32,0.00025,128,Softmax,1000,0.9446171405601278,0.9450820975686223,0.9452240275726244,3.495364799979143
64,0.01,8,ReLU,50,0.999643536121673,0.9996302558769814,0.9996307237813885,3.975090599968098
64,0.01,8,ReLU,100,0.999643536121673,0.9996302558769814,0.9996307237813885,4.060357899987139
64,0.01,8,ReLU,300,0.999643536121673,0.9996302558769814,0.9996307237813885,3.9738895000191405
64,0.01,8,ReLU,500,0.999643536121673,0.9996302558769814,0.9996307237813885,3.8216756000183523
64,0.01,8,ReLU,1000,0.999643536121673,0.9996302558769814,0.9996307237813885,3.999556800001301
64,0.01,8,Tanh,50,0.9995158548142165,0.9995070035055303,0.999507631708518,3.91653549997136
64,0.01,8,Tanh,100,0.9995158548142165,0.9995070035055303,0.999507631708518,3.7948596000205725
64,0.01,8,Tanh,300,0.9995158548142165,0.9995070035055303,0.999507631708518,3.8676983000477776
64,0.01,8,Tanh,500,0.9995158548142165,0.9995070035055303,0.999507631708518,3.9847333999350667
64,0.01,8,Tanh,1000,0.9995158548142165,0.9995070035055303,0.999507631708518,3.9637717999285087
64,0.01,8,Sigmoid,50,0.999370453477398,0.9993837270347101,0.9993845396356474,4.2596297999843955
64,0.01,8,Sigmoid,100,0.999370453477398,0.9993837270347101,0.9993845396356474,4.278885799925774
64,0.01,8,Sigmoid,300,0.999370453477398,0.9993837270347101,0.9993845396356474,4.437535300035961
64,0.01,8,Sigmoid,500,0.999370453477398,0.9993837270347101,0.9993845396356474,4.307697499985807
64,0.01,8,Sigmoid,1000,0.999370453477398,0.9993837270347101,0.9993845396356474,4.259335900074802
64,0.01,8,GELU,50,0.999643536121673,0.9996302558769814,0.9996307237813885,3.856505500036292
64,0.01,8,GELU,100,0.999643536121673,0.9996302558769814,0.9996307237813885,4.112502299947664
64,0.01,8,GELU,300,0.999643536121673,0.9996302558769814,0.9996307237813885,3.890511699952185
64,0.01,8,GELU,500,0.999643536121673,0.9996302558769814,0.9996307237813885,3.864312899997458
64,0.01,8,GELU,1000,0.999643536121673,0.9996302558769814,0.9996307237813885,3.9494059000862762
64,0.01,8,Softmax,50,0.999370453477398,0.9993837270347101,0.9993845396356474,4.493005700060166
64,0.01,8,Softmax,100,0.999370453477398,0.9993837270347101,0.9993845396356474,4.15915209997911
64,0.01,8,Softmax,300,0.999370453477398,0.9993837270347101,0.9993845396356474,4.185434599989094
64,0.01,8,Softmax,500,0.999370453477398,0.9993837270347101,0.9993845396356474,4.218880800064653
64,0.01,8,Softmax,1000,0.999370453477398,0.9993837270347101,0.9993845396356474,4.470086099929176
64,0.01,16,ReLU,50,0.9996169560776302,0.999630236220826,0.9996307237813885,2.091168599901721
64,0.01,16,ReLU,100,0.9996169560776302,0.999630236220826,0.9996307237813885,2.1565895000239834
64,0.01,16,ReLU,300,0.9996169560776302,0.999630236220826,0.9996307237813885,2.031183599960059
64,0.01,16,ReLU,500,0.9996169560776302,0.999630236220826,0.9996307237813885,2.0482073999010026
64,0.01,16,ReLU,1000,0.9996169560776302,0.999630236220826,0.9996307237813885,2.082116900011897
64,0.01,16,Tanh,50,0.9987674869988388,0.9987674869988388,0.9987690792712949,2.224890899960883
64,0.01,16,Tanh,100,0.9987674869988388,0.9987674869988388,0.9987690792712949,2.326278300024569
64,0.01,16,Tanh,300,0.9987674869988388,0.9987674869988388,0.9987690792712949,2.136618799995631
64,0.01,16,Tanh,500,0.9987674869988388,0.9987674869988388,0.9987690792712949,2.1368440000806004
64,0.01,16,Tanh,1000,0.9987674869988388,0.9987674869988388,0.9987690792712949,2.1405002999817953
64,0.01,16,Sigmoid,50,0.9995069947995355,0.9995069947995355,0.999507631708518,2.355949899996631
64,0.01,16,Sigmoid,100,0.9995069947995355,0.9995069947995355,0.999507631708518,2.311276699998416
64,0.01,16,Sigmoid,300,0.9995069947995355,0.9995069947995355,0.999507631708518,2.498568900045939
64,0.01,16,Sigmoid,500,0.9995069947995355,0.9995069947995355,0.999507631708518,2.516785000101663
64,0.01,16,Sigmoid,1000,0.9995069947995355,0.9995069947995355,0.999507631708518,2.3606320000253618
64,0.01,16,GELU,50,0.9996169560776302,0.999630236220826,0.9996307237813885,2.0515958999749273
64,0.01,16,GELU,100,0.9996169560776302,0.999630236220826,0.9996307237813885,2.05099010001868
64,0.01,16,GELU,300,0.9996169560776302,0.999630236220826,0.9996307237813885,2.0563833999913186
64,0.01,16,GELU,500,0.9996169560776302,0.999630236220826,0.9996307237813885,2.1724552999949083
64,0.01,16,GELU,1000,0.9996169560776302,0.999630236220826,0.9996307237813885,2.0760890000965446
64,0.01,16,Softmax,50,0.9995069947995355,0.9995069947995355,0.999507631708518,2.573627999983728
64,0.01,16,Softmax,100,0.9995069947995355,0.9995069947995355,0.999507631708518,2.3961051000515
64,0.01,16,Softmax,300,0.9995069947995355,0.9995069947995355,0.999507631708518,2.339361499994993
64,0.01,16,Softmax,500,0.9995069947995355,0.9995069947995355,0.999507631708518,2.362389800022356
64,0.01,16,Softmax,1000,0.9995069947995355,0.9995069947995355,0.999507631708518,2.4714656999567524
64,0.01,32,ReLU,50,0.9997446373850869,0.9997534930166975,0.9997538158542589,1.2330223000608385
64,0.01,32,ReLU,100,0.9997446373850869,0.9997534930166975,0.9997538158542589,1.2311132000759244
64,0.01,32,ReLU,300,0.9997446373850869,0.9997534930166975,0.9997538158542589,1.2550013000145555
64,0.01,32,ReLU,500,0.9997446373850869,0.9997534930166975,0.9997538158542589,1.3593837999505922
64,0.01,32,ReLU,1000,0.9997446373850869,0.9997534930166975,0.9997538158542589,1.3324098999146372
64,0.01,32,Tanh,50,0.9985387044279683,0.9985210364541576,0.9985228951255539,1.2935070000821725
64,0.01,32,Tanh,100,0.9985387044279683,0.9985210364541576,0.9985228951255539,1.301664000027813
64,0.01,32,Tanh,300,0.9985387044279683,0.9985210364541576,0.9985228951255539,1.301743899937719
64,0.01,32,Tanh,500,0.9985387044279683,0.9985210364541576,0.9985228951255539,1.2778804999543354
64,0.01,32,Tanh,1000,0.9985387044279683,0.9985210364541576,0.9985228951255539,1.2847500999923795
64,0.01,32,Sigmoid,50,0.9992604921993032,0.9992604921993032,0.9992614475627769,1.5497503000078723
64,0.01,32,Sigmoid,100,0.9992604921993032,0.9992604921993032,0.9992614475627769,1.5895343000302091
64,0.01,32,Sigmoid,300,0.9992604921993032,0.9992604921993032,0.9992614475627769,1.7266839999938384
64,0.01,32,Sigmoid,500,0.9992604921993032,0.9992604921993032,0.9992614475627769,1.6426185000455007
64,0.01,32,Sigmoid,1000,0.9992604921993032,0.9992604921993032,0.9992614475627769,1.6947379000484943
64,0.01,32,GELU,50,0.9997446373850869,0.9997534930166975,0.9997538158542589,1.328555699903518
64,0.01,32,GELU,100,0.9997446373850869,0.9997534930166975,0.9997538158542589,1.3029258999740705
64,0.01,32,GELU,300,0.9997446373850869,0.9997534930166975,0.9997538158542589,1.2420167999807745
64,0.01,32,GELU,500,0.9997446373850869,0.9997534930166975,0.9997538158542589,1.242283499916084
64,0.01,32,GELU,1000,0.9997446373850869,0.9997534930166975,0.9997538158542589,1.2301014000549912
64,0.01,32,Softmax,50,0.9992604921993032,0.9992604921993032,0.9992614475627769,1.622026399942115
64,0.01,32,Softmax,100,0.9992604921993032,0.9992604921993032,0.9992614475627769,1.6007081000134349
64,0.01,32,Softmax,300,0.9992604921993032,0.9992604921993032,0.9992614475627769,1.6002438999712467
64,0.01,32,Softmax,500,0.9992604921993032,0.9992604921993032,0.9992614475627769,1.5669936999911442
64,0.01,32,Softmax,1000,0.9992604921993032,0.9992604921993032,0.9992614475627769,1.634573599905707
64,0.01,64,ReLU,50,0.9996258160923112,0.9996302428179878,0.9996307237813885,0.8979778999928385
64,0.01,64,ReLU,100,0.9996258160923112,0.9996302428179878,0.9996307237813885,0.8910321000730619
64,0.01,64,ReLU,300,0.9996258160923112,0.9996302428179878,0.9996307237813885,0.9197046000044793
64,0.01,64,ReLU,500,0.9996258160923112,0.9996302428179878,0.9996307237813885,0.9035847999621183
64,0.01,64,ReLU,1000,0.9996258160923112,0.9996302428179878,0.9996307237813885,0.8721967999590561
64,0.01,64,Tanh,50,0.9992516321846223,0.9992604790500924,0.9992614475627769,0.9075960000045598
64,0.01,64,Tanh,100,0.9992516321846223,0.9992604790500924,0.9992614475627769,0.9264365999260917
64,0.01,64,Tanh,300,0.9992516321846223,0.9992604790500924,0.9992614475627769,0.8753956999862567
64,0.01,64,Tanh,500,0.9992516321846223,0.9992604790500924,0.9992614475627769,0.8848705000709742
64,0.01,64,Tanh,1000,0.9992516321846223,0.9992604790500924,0.9992614475627769,0.9041101000038907
64,0.01,64,Sigmoid,50,0.9988863082916144,0.9988907284539636,0.9988921713441654,1.0845279999775812
64,0.01,64,Sigmoid,100,0.9988863082916144,0.9988907284539636,0.9988921713441654,1.042907000053674
64,0.01,64,Sigmoid,300,0.9988863082916144,0.9988907284539636,0.9988921713441654,1.107828399981372
64,0.01,64,Sigmoid,500,0.9988863082916144,0.9988907284539636,0.9988921713441654,1.0997081999666989
64,0.01,64,Sigmoid,1000,0.9988863082916144,0.9988907284539636,0.9988921713441654,1.0849942000349984
64,0.01,64,GELU,50,0.9996258160923112,0.9996302428179878,0.9996307237813885,0.8641478999052197
64,0.01,64,GELU,100,0.9996258160923112,0.9996302428179878,0.9996307237813885,0.896552599966526
64,0.01,64,GELU,300,0.9996258160923112,0.9996302428179878,0.9996307237813885,0.8949383000144735
64,0.01,64,GELU,500,0.9996258160923112,0.9996302428179878,0.9996307237813885,0.8565518000395969
64,0.01,64,GELU,1000,0.9996258160923112,0.9996302428179878,0.9996307237813885,0.9684084999607876
64,0.01,64,Softmax,50,0.9988863082916144,0.9988907284539636,0.9988921713441654,1.0691452999599278
64,0.01,64,Softmax,100,0.9988863082916144,0.9988907284539636,0.9988921713441654,1.1025733000133187
64,0.01,64,Softmax,300,0.9988863082916144,0.9988907284539636,0.9988921713441654,1.0906634000129998
64,0.01,64,Softmax,500,0.9988863082916144,0.9988907284539636,0.9988921713441654,1.0426263000117615
64,0.01,64,Softmax,1000,0.9988863082916144,0.9988907284539636,0.9988921713441654,1.0639364999951795
64,0.01,128,ReLU,50,0.9987586269841577,0.9987674650834873,0.9987690792712949,0.6412970999954268
64,0.01,128,ReLU,100,0.9987586269841577,0.9987674650834873,0.9987690792712949,0.6531748999841511
64,0.01,128,ReLU,300,0.9987586269841577,0.9987674650834873,0.9987690792712949,0.6421479999553412
64,0.01,128,ReLU,500,0.9987586269841577,0.9987674650834873,0.9987690792712949,0.6211138999788091
64,0.01,128,ReLU,1000,0.9987586269841577,0.9987674650834873,0.9987690792712949,0.6330114000011235
64,0.01,128,Tanh,50,0.998666385735425,0.9986442952423492,0.9986459871984245,0.7261296999640763
64,0.01,128,Tanh,100,0.998666385735425,0.9986442952423492,0.9986459871984245,0.704294899944216
64,0.01,128,Tanh,300,0.998666385735425,0.9986442952423492,0.9986459871984245,0.7430822999449447
64,0.01,128,Tanh,500,0.998666385735425,0.9986442952423492,0.9986459871984245,0.7034914999967441
64,0.01,128,Tanh,1000,0.998666385735425,0.9986442952423492,0.9986459871984245,0.7364828999852762
64,0.01,128,Sigmoid,50,0.9982744817983742,0.9982744817983742,0.9982767109798129,0.919191800057888
64,0.01,128,Sigmoid,100,0.9982744817983742,0.9982744817983742,0.9982767109798129,0.9688538999762386
64,0.01,128,Sigmoid,300,0.9982744817983742,0.9982744817983742,0.9982767109798129,0.9025253000436351
64,0.01,128,Sigmoid,500,0.9982744817983742,0.9982744817983742,0.9982767109798129,0.9766966999741271
64,0.01,128,Sigmoid,1000,0.9982744817983742,0.9982744817983742,0.9982767109798129,0.8809558000648394
64,0.01,128,GELU,50,0.9987586269841577,0.9987674650834873,0.9987690792712949,0.6421845000004396
64,0.01,128,GELU,100,0.9987586269841577,0.9987674650834873,0.9987690792712949,0.6327206999994814
64,0.01,128,GELU,300,0.9987586269841577,0.9987674650834873,0.9987690792712949,0.6410224999999627
64,0.01,128,GELU,500,0.9987586269841577,0.9987674650834873,0.9987690792712949,0.611104300012812
64,0.01,128,GELU,1000,0.9987586269841577,0.9987674650834873,0.9987690792712949,0.6413359000580385
64,0.01,128,Softmax,50,0.9982744817983742,0.9982744817983742,0.9982767109798129,0.9151294999755919
64,0.01,128,Softmax,100,0.9982744817983742,0.9982744817983742,0.9982767109798129,0.9044092999538407
64,0.01,128,Softmax,300,0.9982744817983742,0.9982744817983742,0.9982767109798129,0.9082607000600547
64,0.01,128,Softmax,500,0.9982744817983742,0.9982744817983742,0.9982767109798129,0.8852740000002086
64,0.01,128,Softmax,1000,0.9982744817983742,0.9982744817983742,0.9982767109798129,0.9043541999999434
64,0.001,8,ReLU,50,0.9991328108918467,0.9991372332419717,0.9991383554899065,4.391175800003111
64,0.001,8,ReLU,100,0.9991328108918467,0.9991372332419717,0.9991383554899065,4.646788300015032
64,0.001,8,ReLU,300,0.9991328108918467,0.9991372332419717,0.9991383554899065,4.3620529000181705
64,0.001,8,ReLU,500,0.9991328108918467,0.9991372332419717,0.9991383554899065,4.550527999992482
64,0.001,8,ReLU,1000,0.9991328108918467,0.9991372332419717,0.9991383554899065,4.5315973000833765
64,0.001,8,Tanh,50,0.9991505309212085,0.9991372637129565,0.9991383554899065,5.144200599985197
64,0.001,8,Tanh,100,0.9991505309212085,0.9991372637129565,0.9991383554899065,5.219586999970488
64,0.001,8,Tanh,300,0.9991505309212085,0.9991372637129565,0.9991383554899065,5.142397399991751
64,0.001,8,Tanh,500,0.9991505309212085,0.9991372637129565,0.9991383554899065,5.189897899981588
64,0.001,8,Tanh,1000,0.9991505309212085,0.9991372637129565,0.9991383554899065,4.977542600012384
64,0.001,8,Sigmoid,50,0.9979002978906855,0.9979047093019313,0.9979074347612014,8.110695100040175
64,0.001,8,Sigmoid,100,0.9979002978906855,0.9979047093019313,0.9979074347612014,7.881872200057842
64,0.001,8,Sigmoid,300,0.9979002978906855,0.9979047093019313,0.9979074347612014,8.17427439999301
64,0.001,8,Sigmoid,500,0.9979002978906855,0.9979047093019313,0.9979074347612014,8.016108599957079
64,0.001,8,Sigmoid,1000,0.9979002978906855,0.9979047093019313,0.9979074347612014,8.124886699952185
64,0.001,8,GELU,50,0.9991328108918467,0.9991372332419717,0.9991383554899065,4.33354739996139
64,0.001,8,GELU,100,0.9991328108918467,0.9991372332419717,0.9991383554899065,4.333464400027879
64,0.001,8,GELU,300,0.9991328108918467,0.9991372332419717,0.9991383554899065,4.573279999895021
64,0.001,8,GELU,500,0.9991328108918467,0.9991372332419717,0.9991383554899065,4.441156200016849
64,0.001,8,GELU,1000,0.9991328108918467,0.9991372332419717,0.9991383554899065,4.320650200010277
64,0.001,8,Softmax,50,0.9979002978906855,0.9979047093019313,0.9979074347612014,8.249274699948728
64,0.001,8,Softmax,100,0.9979002978906855,0.9979047093019313,0.9979074347612014,8.045391100109555
64,0.001,8,Softmax,300,0.9979002978906855,0.9979047093019313,0.9979074347612014,8.460112600005232
64,0.001,8,Softmax,500,0.9979002978906855,0.9979047093019313,0.9979074347612014,7.890850999974646
64,0.001,8,Softmax,1000,0.9979002978906855,0.9979047093019313,0.9979074347612014,8.123602300067432
64,0.001,16,ReLU,50,0.9987674869988388,0.9987674869988388,0.9987690792712949,2.6028860999504104
64,0.001,16,ReLU,100,0.9987674869988388,0.9987674869988388,0.9987690792712949,2.6063388999318704
64,0.001,16,ReLU,300,0.9987674869988388,0.9987674869988388,0.9987690792712949,2.4637307999655604
64,0.001,16,ReLU,500,0.9987674869988388,0.9987674869988388,0.9987690792712949,2.507495400030166
64,0.001,16,ReLU,1000,0.9987674869988388,0.9987674869988388,0.9987690792712949,2.5611236999975517
64,0.001,16,Tanh,50,0.9984110231205118,0.9983977754669191,0.9983998030526834,3.327024700003676
64,0.001,16,Tanh,100,0.9984110231205118,0.9983977754669191,0.9983998030526834,2.9883824000135064
64,0.001,16,Tanh,300,0.9984110231205118,0.9983977754669191,0.9983998030526834,3.034192999941297
64,0.001,16,Tanh,500,0.9984110231205118,0.9983977754669191,0.9983998030526834,3.0194389999378473
64,0.001,16,Tanh,1000,0.9984110231205118,0.9983977754669191,0.9983998030526834,3.1126603999873623
64,0.001,16,Sigmoid,50,0.998027979198142,0.998027979198142,0.9980305268340719,5.890533400001004
64,0.001,16,Sigmoid,100,0.998027979198142,0.998027979198142,0.9980305268340719,5.556239099940285
64,0.001,16,Sigmoid,300,0.998027979198142,0.998027979198142,0.9980305268340719,5.321537500014529
64,0.001,16,Sigmoid,500,0.998027979198142,0.998027979198142,0.9980305268340719,5.617617000010796
64,0.001,16,Sigmoid,1000,0.998027979198142,0.998027979198142,0.9980305268340719,5.49173939996399
64,0.001,16,GELU,50,0.9987674869988388,0.9987674869988388,0.9987690792712949,2.6100182000081986
64,0.001,16,GELU,100,0.9987674869988388,0.9987674869988388,0.9987690792712949,2.5467586000449955
64,0.001,16,GELU,300,0.9987674869988388,0.9987674869988388,0.9987690792712949,2.6675735999597237
64,0.001,16,GELU,500,0.9987674869988388,0.9987674869988388,0.9987690792712949,2.5751152000157163
64,0.001,16,GELU,1000,0.9987674869988388,0.9987674869988388,0.9987690792712949,2.519209999940358
64,0.001,16,Softmax,50,0.998027979198142,0.998027979198142,0.9980305268340719,5.546151499962434
64,0.001,16,Softmax,100,0.998027979198142,0.998027979198142,0.9980305268340719,5.630584700033069
64,0.001,16,Softmax,300,0.998027979198142,0.998027979198142,0.9980305268340719,5.350439700065181
64,0.001,16,Softmax,500,0.998027979198142,0.998027979198142,0.9980305268340719,5.4007335000205785
64,0.001,16,Softmax,1000,0.998027979198142,0.998027979198142,0.9980305268340719,5.729235899983905
64,0.001,32,ReLU,50,0.998666385735425,0.9986442952423492,0.9986459871984245,1.6869712999323383
64,0.001,32,ReLU,100,0.998666385735425,0.9986442952423492,0.9986459871984245,1.7523820999776945
64,0.001,32,ReLU,300,0.998666385735425,0.9986442952423492,0.9986459871984245,1.7538954999763519
64,0.001,32,ReLU,500,0.998666385735425,0.9986442952423492,0.9986459871984245,1.6585440000053495
64,0.001,32,ReLU,1000,0.998666385735425,0.9986442952423492,0.9986459871984245,1.7451945999637246
64,0.001,32,Tanh,50,0.9988863082916144,0.9988907284539636,0.9988921713441654,2.1962937000207603
64,0.001,32,Tanh,100,0.9988863082916144,0.9988907284539636,0.9988921713441654,2.220136299962178
64,0.001,32,Tanh,300,0.9988863082916144,0.9988907284539636,0.9988921713441654,2.384525900008157
64,0.001,32,Tanh,500,0.9988863082916144,0.9988907284539636,0.9988921713441654,2.133551500039175
64,0.001,32,Tanh,1000,0.9988863082916144,0.9988907284539636,0.9988921713441654,2.1640812000259757
64,0.001,32,Sigmoid,50,0.9981556605055986,0.9981512468501902,0.9981536189069424,4.043737799976952
64,0.001,32,Sigmoid,100,0.9981556605055986,0.9981512468501902,0.9981536189069424,3.857849400024861
64,0.001,32,Sigmoid,300,0.9981556605055986,0.9981512468501902,0.9981536189069424,4.182538699940778
64,0.001,32,Sigmoid,500,0.9981556605055986,0.9981512468501902,0.9981536189069424,3.875321800005622
64,0.001,32,Sigmoid,1000,0.9981556605055986,0.9981512468501902,0.9981536189069424,3.9423119999701157
64,0.001,32,GELU,50,0.998666385735425,0.9986442952423492,0.9986459871984245,1.7615800000494346
64,0.001,32,GELU,100,0.998666385735425,0.9986442952423492,0.9986459871984245,1.7102804000023752
64,0.001,32,GELU,300,0.998666385735425,0.9986442952423492,0.9986459871984245,1.748198700021021
64,0.001,32,GELU,500,0.998666385735425,0.9986442952423492,0.9986459871984245,1.752945499960333
64,0.001,32,GELU,1000,0.998666385735425,0.9986442952423492,0.9986459871984245,1.7426150999963284
64,0.001,32,Softmax,50,0.9981556605055986,0.9981512468501902,0.9981536189069424,3.9300711000105366
64,0.001,32,Softmax,100,0.9981556605055986,0.9981512468501902,0.9981536189069424,3.847351699951105
64,0.001,32,Softmax,300,0.9981556605055986,0.9981512468501902,0.9981536189069424,3.8822936000069603
64,0.001,32,Softmax,500,0.9981556605055986,0.9981512468501902,0.9981536189069424,4.176229499978945
64,0.001,32,Softmax,1000,0.9981556605055986,0.9981512468501902,0.9981536189069424,3.9508205000311136
64,0.001,64,ReLU,50,0.9984021631058309,0.9983977472701648,0.9983998030526834,1.3151258999714628
64,0.001,64,ReLU,100,0.9984021631058309,0.9983977472701648,0.9983998030526834,1.271257400047034
64,0.001,64,ReLU,300,0.9984021631058309,0.9983977472701648,0.9983998030526834,1.3220767000457272
64,0.001,64,ReLU,500,0.9984021631058309,0.9983977472701648,0.9983998030526834,1.3171368000330403
64,0.001,64,ReLU,1000,0.9984021631058309,0.9983977472701648,0.9983998030526834,1.3187665999867022
64,0.001,64,Tanh,50,0.9982656217836934,0.9982744511168824,0.9982767109798129,1.799436099943705
64,0.001,64,Tanh,100,0.9982656217836934,0.9982744511168824,0.9982767109798129,1.8520838000113145
64,0.001,64,Tanh,300,0.9982656217836934,0.9982744511168824,0.9982767109798129,1.850982500007376
64,0.001,64,Tanh,500,0.9982656217836934,0.9982744511168824,0.9982767109798129,1.7272423000540584
64,0.001,64,Tanh,1000,0.9982656217836934,0.9982744511168824,0.9982767109798129,1.7450619000010192
64,0.001,64,Sigmoid,50,0.9974161527049018,0.9974117455902664,0.9974150664697193,2.5346664999378845
64,0.001,64,Sigmoid,100,0.9981556605055986,0.9981512468501902,0.9981536189069424,3.2859431999968365
64,0.001,64,Sigmoid,300,0.9981556605055986,0.9981512468501902,0.9981536189069424,3.350400199997239
64,0.001,64,Sigmoid,500,0.9981556605055986,0.9981512468501902,0.9981536189069424,3.4491029999917373
64,0.001,64,Sigmoid,1000,0.9981556605055986,0.9981512468501902,0.9981536189069424,3.3309184999670833
64,0.001,64,GELU,50,0.9984021631058309,0.9983977472701648,0.9983998030526834,1.3473751000128686
64,0.001,64,GELU,100,0.9984021631058309,0.9983977472701648,0.9983998030526834,1.2411473999964073
64,0.001,64,GELU,300,0.9984021631058309,0.9983977472701648,0.9983998030526834,1.289668400073424
64,0.001,64,GELU,500,0.9984021631058309,0.9983977472701648,0.9983998030526834,1.311880600056611
64,0.001,64,GELU,1000,0.9984021631058309,0.9983977472701648,0.9983998030526834,1.2644971000263467
64,0.001,64,Softmax,50,0.9974161527049018,0.9974117455902664,0.9974150664697193,2.5637330000754446
64,0.001,64,Softmax,100,0.9981556605055986,0.9981512468501902,0.9981536189069424,3.5072855000616983
64,0.001,64,Softmax,300,0.9981556605055986,0.9981512468501902,0.9981536189069424,3.309580999892205
64,0.001,64,Softmax,500,0.9981556605055986,0.9981512468501902,0.9981536189069424,3.2660736000398174
64,0.001,64,Softmax,1000,0.9981556605055986,0.9981512468501902,0.9981536189069424,3.3747351999627426
64,0.001,128,ReLU,50,0.9985387044279683,0.9985210364541576,0.9985228951255539,1.1213058000430465
64,0.001,128,ReLU,100,0.9985387044279683,0.9985210364541576,0.9985228951255539,1.1248573999619111
64,0.001,128,ReLU,300,0.9985387044279683,0.9985210364541576,0.9985228951255539,1.1118793999776244
64,0.001,128,ReLU,500,0.9985387044279683,0.9985210364541576,0.9985228951255539,1.1568712999578565
64,0.001,128,ReLU,1000,0.9985387044279683,0.9985210364541576,0.9985228951255539,1.0931839999975637
64,0.001,128,Tanh,50,0.997746036539186,0.9977813171831577,0.9977843426883308,1.3913418999873102
64,0.001,128,Tanh,100,0.997746036539186,0.9977813171831577,0.9977843426883308,1.4165801000781357
64,0.001,128,Tanh,300,0.997746036539186,0.9977813171831577,0.9977843426883308,1.3996030999114737
64,0.001,128,Tanh,500,0.997746036539186,0.9977813171831577,0.9977843426883308,1.415121299913153
64,0.001,128,Tanh,1000,0.997746036539186,0.9977813171831577,0.9977843426883308,1.4263142999261618
64,0.001,128,Sigmoid,50,0.9731952999685409,0.9734828441063865,0.973535204332841,1.7243676000507548
64,0.001,128,Sigmoid,100,0.9974072926902209,0.9974116997259151,0.9974150664697193,2.861125500057824
64,0.001,128,Sigmoid,300,0.9974072926902209,0.9974116997259151,0.9974150664697193,3.0384520000079647
64,0.001,128,Sigmoid,500,0.9974072926902209,0.9974116997259151,0.9974150664697193,2.892618600046262
64,0.001,128,Sigmoid,1000,0.9974072926902209,0.9974116997259151,0.9974150664697193,2.8927517000120133
64,0.001,128,GELU,50,0.9985387044279683,0.9985210364541576,0.9985228951255539,1.084283799980767
64,0.001,128,GELU,100,0.9985387044279683,0.9985210364541576,0.9985228951255539,1.0830771999899298
64,0.001,128,GELU,300,0.9985387044279683,0.9985210364541576,0.9985228951255539,1.087372999987565
64,0.001,128,GELU,500,0.9985387044279683,0.9985210364541576,0.9985228951255539,1.085821499931626
64,0.001,128,GELU,1000,0.9985387044279683,0.9985210364541576,0.9985228951255539,1.1317592000123113
64,0.001,128,Softmax,50,0.9731952999685409,0.9734828441063865,0.973535204332841,1.6572700999677181
64,0.001,128,Softmax,100,0.9974072926902209,0.9974116997259151,0.9974150664697193,3.045076600043103
64,0.001,128,Softmax,300,0.9974072926902209,0.9974116997259151,0.9974150664697193,2.9724902999587357
64,0.001,128,Softmax,500,0.9974072926902209,0.9974116997259151,0.9974150664697193,2.930049700080417
64,0.001,128,Softmax,1000,0.9974072926902209,0.9974116997259151,0.9974150664697193,2.943252700031735
64,0.0001,8,ReLU,50,0.9984198831351927,0.9983978034682309,0.9983998030526834,10.243811099906452
64,0.0001,8,ReLU,100,0.9984198831351927,0.9983978034682309,0.9983998030526834,9.942976300022565
64,0.0001,8,ReLU,300,0.9984198831351927,0.9983978034682309,0.9983998030526834,10.11272169998847
64,0.0001,8,ReLU,500,0.9984198831351927,0.9983978034682309,0.9983998030526834,10.150024899980053
64,0.0001,8,ReLU,1000,0.9984198831351927,0.9983978034682309,0.9983998030526834,10.057344899978489
64,0.0001,8,Tanh,50,0.9972884713974453,0.9972884713974453,0.9972919743968488,12.653115799999796
64,0.0001,8,Tanh,100,0.9972884713974453,0.9972884713974453,0.9972919743968488,13.734363099909388
64,0.0001,8,Tanh,300,0.9972884713974453,0.9972884713974453,0.9972919743968488,13.631655799923465
64,0.0001,8,Tanh,500,0.9972884713974453,0.9972884713974453,0.9972919743968488,13.71485320001375
64,0.0001,8,Tanh,1000,0.9972884713974453,0.9972884713974453,0.9972919743968488,13.799217799911276
64,0.0001,8,Sigmoid,50,0.9481051948329365,0.9483290634180144,0.9484244214672575,13.66298150003422
64,0.0001,8,Sigmoid,100,0.965826802005616,0.9660849195299022,0.9661496799606105,25.510245400015265
64,0.0001,8,Sigmoid,300,0.9764316327283602,0.9765747855238257,0.9766125061546036,34.4417351000011
64,0.0001,8,Sigmoid,500,0.9764316327283602,0.9765747855238257,0.9766125061546036,34.12085119995754
64,0.0001,8,Sigmoid,1000,0.9764316327283602,0.9765747855238257,0.9766125061546036,34.1798712000018
64,0.0001,8,GELU,50,0.9984198831351927,0.9983978034682309,0.9983998030526834,10.263793400023133
64,0.0001,8,GELU,100,0.9984198831351927,0.9983978034682309,0.9983998030526834,10.196363299968652
64,0.0001,8,GELU,300,0.9984198831351927,0.9983978034682309,0.9983998030526834,10.00572579994332
64,0.0001,8,GELU,500,0.9984198831351927,0.9983978034682309,0.9983998030526834,10.171838999958709
64,0.0001,8,GELU,1000,0.9984198831351927,0.9983978034682309,0.9983998030526834,10.102744199917652
64,0.0001,8,Softmax,50,0.9481051948329365,0.9483290634180144,0.9484244214672575,13.652173000038601
64,0.0001,8,Softmax,100,0.965826802005616,0.9660849195299022,0.9661496799606105,25.18215359991882
64,0.0001,8,Softmax,300,0.9764316327283602,0.9765747855238257,0.9766125061546036,34.52426670002751
64,0.0001,8,Softmax,500,0.9764316327283602,0.9765747855238257,0.9766125061546036,34.04531339998357
64,0.0001,8,Softmax,1000,0.9764316327283602,0.9765747855238257,0.9766125061546036,34.486865500104614
64,0.0001,16,ReLU,50,0.9975704140564012,0.9975351463135207,0.9975381585425899,7.048600200098008
64,0.0001,16,ReLU,100,0.9975704140564012,0.9975351463135207,0.9975381585425899,6.929598100017756
64,0.0001,16,ReLU,300,0.9975704140564012,0.9975351463135207,0.9975381585425899,7.305275400052778
64,0.0001,16,ReLU,500,0.9975704140564012,0.9975351463135207,0.9975381585425899,7.003536999924108
64,0.0001,16,ReLU,1000,0.9975704140564012,0.9975351463135207,0.9975381585425899,7.073310800013132
64,0.0001,16,Tanh,50,0.9970242487678511,0.9970418632426141,0.9970457902511078,7.589495499967597
64,0.0001,16,Tanh,100,0.9971430700606267,0.9971650934355327,0.9971688823239784,9.515226599993184
64,0.0001,16,Tanh,300,0.9971430700606267,0.9971650934355327,0.9971688823239784,9.30119010002818
64,0.0001,16,Tanh,500,0.9971430700606267,0.9971650934355327,0.9971688823239784,9.571203700033948
64,0.0001,16,Tanh,1000,0.9971430700606267,0.9971650934355327,0.9971688823239784,9.364532300038263
64,0.0001,16,Sigmoid,50,0.9427957400078454,0.9431307842817334,0.9432545544066963,7.6485547999618575
64,0.0001,16,Sigmoid,100,0.9502882781763031,0.9505445772066149,0.9506400787789266,13.592463600100018
64,0.0001,16,Sigmoid,300,0.958013240017555,0.9583102635647052,0.9583948793697686,22.44608490006067
64,0.0001,16,Sigmoid,500,0.958013240017555,0.9583102635647052,0.9583948793697686,22.293013700051233
64,0.0001,16,Sigmoid,1000,0.958013240017555,0.9583102635647052,0.9583948793697686,23.892522500013
64,0.0001,16,GELU,50,0.9975704140564012,0.9975351463135207,0.9975381585425899,6.8910360999871045
64,0.0001,16,GELU,100,0.9975704140564012,0.9975351463135207,0.9975381585425899,7.163689900073223
64,0.0001,16,GELU,300,0.9975704140564012,0.9975351463135207,0.9975381585425899,6.929564099991694
64,0.0001,16,GELU,500,0.9975704140564012,0.9975351463135207,0.9975381585425899,7.080025400035083
64,0.0001,16,GELU,1000,0.9975704140564012,0.9975351463135207,0.9975381585425899,6.825603800010867
64,0.0001,16,Softmax,50,0.9427957400078454,0.9431307842817334,0.9432545544066963,7.558601299999282
64,0.0001,16,Softmax,100,0.9502882781763031,0.9505445772066149,0.9506400787789266,14.182202100055292
64,0.0001,16,Softmax,300,0.958013240017555,0.9583102635647052,0.9583948793697686,22.502363300067373
64,0.0001,16,Softmax,500,0.958013240017555,0.9583102635647052,0.9583948793697686,22.752401700010523
64,0.0001,16,Softmax,1000,0.958013240017555,0.9583102635647052,0.9583948793697686,23.032309800037183
64,0.0001,32,ReLU,50,0.9974515927636255,0.9974119258905212,0.9974150664697193,3.9699975999537855
64,0.0001,32,ReLU,100,0.9974515927636255,0.9974119258905212,0.9974150664697193,4.701458800002001
64,0.0001,32,ReLU,300,0.9974515927636255,0.9974119258905212,0.9974150664697193,5.118621199973859
64,0.0001,32,ReLU,500,0.9974515927636255,0.9974119258905212,0.9974150664697193,4.85780060000252
64,0.0001,32,ReLU,1000,0.9974515927636255,0.9974119258905212,0.9974150664697193,5.1101538999937475
64,0.0001,32,Tanh,50,0.9886254403305926,0.988660065602806,0.9886755292959133,4.476808900013566
64,0.0001,32,Tanh,100,0.9969054274750755,0.9969186351735504,0.9969226981782373,6.546565999975428
64,0.0001,32,Tanh,300,0.9969054274750755,0.9969186351735504,0.9969226981782373,6.770836999989115
64,0.0001,32,Tanh,500,0.9969054274750755,0.9969186351735504,0.9969226981782373,6.819877699948847
64,0.0001,32,Tanh,1000,0.9969054274750755,0.9969186351735504,0.9969226981782373,6.418974999920465
64,0.0001,32,Sigmoid,50,0.9355267654975008,0.9360558155761756,0.9362383062530774,4.3194741000188515
64,0.0001,32,Sigmoid,100,0.9426680587003888,0.9430067668690669,0.9431314623338257,7.150100699975155
64,0.0001,32,Sigmoid,300,0.9432976052229909,0.9436255208177773,0.9437469226981783,8.815960899926722
64,0.0001,32,Sigmoid,500,0.9432976052229909,0.9436255208177773,0.9437469226981783,8.677870300016366
64,0.0001,32,Sigmoid,1000,0.9432976052229909,0.9436255208177773,0.9437469226981783,8.792591199977323
64,0.0001,32,GELU,50,0.9974515927636255,0.9974119258905212,0.9974150664697193,4.105453700060025
64,0.0001,32,GELU,100,0.9974515927636255,0.9974119258905212,0.9974150664697193,4.6682407999178395
64,0.0001,32,GELU,300,0.9974515927636255,0.9974119258905212,0.9974150664697193,4.8681188999908045
64,0.0001,32,GELU,500,0.9974515927636255,0.9974119258905212,0.9974150664697193,4.8508160000201315
64,0.0001,32,GELU,1000,0.9974515927636255,0.9974119258905212,0.9974150664697193,4.728796100011095
64,0.0001,32,Softmax,50,0.9355267654975008,0.9360558155761756,0.9362383062530774,4.15999160008505
64,0.0001,32,Softmax,100,0.9426680587003888,0.9430067668690669,0.9431314623338257,7.363953899941407
64,0.0001,32,Softmax,300,0.9432976052229909,0.9436255208177773,0.9437469226981783,8.958342800033279
64,0.0001,32,Softmax,500,0.9432976052229909,0.9436255208177773,0.9437469226981783,8.925672099925578
64,0.0001,32,Softmax,1000,0.9432976052229909,0.9436255208177773,0.9437469226981783,8.69029739999678
64,0.0001,64,ReLU,50,0.992996825930083,0.9929749844376277,0.9929837518463811,2.5692714999895543
64,0.0001,64,ReLU,100,0.9973061914268071,0.9972885668326222,0.9972919743968488,3.7506111999973655
64,0.0001,64,ReLU,300,0.9973061914268071,0.9972885668326222,0.9972919743968488,3.8582704999716952
64,0.0001,64,ReLU,500,0.9973061914268071,0.9972885668326222,0.9972919743968488,3.8022891000146046
64,0.0001,64,ReLU,1000,0.9973061914268071,0.9972885668326222,0.9972919743968488,4.114258300047368
64,0.0001,64,Tanh,50,0.9619307015772283,0.9622546833184656,0.9623338257016248,2.468785800039768
64,0.0001,64,Tanh,100,0.9963858422305681,0.996425422866682,0.9964303298867553,4.752686299965717
64,0.0001,64,Tanh,300,0.9966412048454814,0.996672006020333,0.9966765140324964,5.11472109996248
64,0.0001,64,Tanh,500,0.9966412048454814,0.996672006020333,0.9966765140324964,5.376186800072901
64,0.0001,64,Tanh,1000,0.9966412048454814,0.996672006020333,0.9966765140324964,5.138651499990374
64,0.0001,64,Sigmoid,50,0.9131507377357977,0.9142816366759046,0.9148202855736091,2.5008506999583915
64,0.0001,64,Sigmoid,100,0.935847789317104,0.9364168070044641,0.9366075824716888,4.686093700001948
64,0.0001,64,Sigmoid,300,0.9359754706245607,0.9365411268674136,0.9367306745445594,5.233844699920155
64,0.0001,64,Sigmoid,500,0.9359754706245607,0.9365411268674136,0.9367306745445594,4.970279500004835
64,0.0001,64,Sigmoid,1000,0.9359754706245607,0.9365411268674136,0.9367306745445594,5.317323999945074
64,0.0001,64,GELU,50,0.992996825930083,0.9929749844376277,0.9929837518463811,2.5911533000180498
64,0.0001,64,GELU,100,0.9973061914268071,0.9972885668326222,0.9972919743968488,3.9703707000007853
64,0.0001,64,GELU,300,0.9973061914268071,0.9972885668326222,0.9972919743968488,3.7662120999302715
64,0.0001,64,GELU,500,0.9973061914268071,0.9972885668326222,0.9972919743968488,3.80509170005098
64,0.0001,64,GELU,1000,0.9973061914268071,0.9972885668326222,0.9972919743968488,4.086470099980943
64,0.0001,64,Softmax,50,0.9131507377357977,0.9142816366759046,0.9148202855736091,2.6506280000321567
64,0.0001,64,Softmax,100,0.935847789317104,0.9364168070044641,0.9366075824716888,4.632294000010006
64,0.0001,64,Softmax,300,0.9359754706245607,0.9365411268674136,0.9367306745445594,5.036869299947284
64,0.0001,64,Softmax,500,0.9359754706245607,0.9365411268674136,0.9367306745445594,5.323409900069237
64,0.0001,64,Softmax,1000,0.9359754706245607,0.9365411268674136,0.9367306745445594,4.998229900025763
64,0.0001,128,ReLU,50,0.9631809346077513,0.9634898312813054,0.9635647464303299,1.6399450999451801
64,0.0001,128,ReLU,100,0.9883080576129131,0.9884118124077383,0.9884293451501723,2.9091741000302136
64,0.0001,128,ReLU,300,0.9889287441208341,0.9890283104207152,0.9890448055145249,3.356972199981101
64,0.0001,128,ReLU,500,0.9889287441208341,0.9890283104207152,0.9890448055145249,3.245577299967408
64,0.0001,128,ReLU,1000,0.9889287441208341,0.9890283104207152,0.9890448055145249,3.1987939999671653
64,0.0001,128,Tanh,50,0.9414339678883938,0.9419796113861145,0.9421467257508617,1.7377152999397367
64,0.0001,128,Tanh,100,0.9681109866123965,0.9684236378649129,0.9684884293451502,3.031345099909231
64,0.0001,128,Tanh,300,0.9882814775688702,0.9884111392289499,0.9884293451501723,4.716637199977413
64,0.0001,128,Tanh,500,0.9882814775688702,0.9884111392289499,0.9884293451501723,4.584117999998853
64,0.0001,128,Tanh,1000,0.9882814775688702,0.9884111392289499,0.9884293451501723,4.611499599996023
64,0.0001,128,Sigmoid,50,0.8886197844856045,0.8899151973121548,0.8909404234367306,1.4294608000200242
64,0.0001,128,Sigmoid,100,0.8972755333486098,0.8985090768985755,0.8993106843919252,2.427962400019169
64,0.0001,128,Sigmoid,300,0.8985966464965802,0.899793382563203,0.9005416051206302,2.922910200082697
64,0.0001,128,Sigmoid,500,0.8985966464965802,0.899793382563203,0.9005416051206302,2.9206797999795526
64,0.0001,128,Sigmoid,1000,0.8985966464965802,0.899793382563203,0.9005416051206302,3.028610000037588
64,0.0001,128,GELU,50,0.9631809346077513,0.9634898312813054,0.9635647464303299,1.6698845999781042
64,0.0001,128,GELU,100,0.9883080576129131,0.9884118124077383,0.9884293451501723,2.795310299959965
64,0.0001,128,GELU,300,0.9889287441208341,0.9890283104207152,0.9890448055145249,3.1041155999992043
64,0.0001,128,GELU,500,0.9889287441208341,0.9890283104207152,0.9890448055145249,3.3394513999810442
64,0.0001,128,GELU,1000,0.9889287441208341,0.9890283104207152,0.9890448055145249,3.1045174000319093
64,0.0001,128,Softmax,50,0.8886197844856045,0.8899151973121548,0.8909404234367306,1.4679724000161514
64,0.0001,128,Softmax,100,0.8972755333486098,0.8985090768985755,0.8993106843919252,2.4100535000907257
64,0.0001,128,Softmax,300,0.8985966464965802,0.899793382563203,0.9005416051206302,2.7723598999436945
64,0.0001,128,Softmax,500,0.8985966464965802,0.899793382563203,0.9005416051206302,2.829355899943039
64,0.0001,128,Softmax,1000,0.8985966464965802,0.899793382563203,0.9005416051206302,2.9888001000508666
64,0.00025,8,ReLU,50,0.9988951683062953,0.9988907481101141,0.9988921713441654,6.95264859998133
64,0.00025,8,ReLU,100,0.9988951683062953,0.9988907481101141,0.9988921713441654,6.55874730006326
64,0.00025,8,ReLU,300,0.9988951683062953,0.9988907481101141,0.9988921713441654,6.961473500006832
64,0.00025,8,ReLU,500,0.9988951683062953,0.9988907481101141,0.9988921713441654,6.5330156000563875
64,0.00025,8,ReLU,1000,0.9988951683062953,0.9988907481101141,0.9988921713441654,6.95611380005721
64,0.00025,8,Tanh,50,0.9985298444132874,0.998521010516591,0.9985228951255539,8.7136513000587
64,0.00025,8,Tanh,100,0.9985298444132874,0.998521010516591,0.9985228951255539,8.904638300067745
64,0.00025,8,Tanh,300,0.9985298444132874,0.998521010516591,0.9985228951255539,8.583206899929792
64,0.00025,8,Tanh,500,0.9985298444132874,0.998521010516591,0.9985228951255539,8.646344500011764
64,0.00025,8,Tanh,1000,0.9985298444132874,0.998521010516591,0.9985228951255539,8.598691600025631
64,0.00025,8,Sigmoid,50,0.9943304401946582,0.9943304401946582,0.9943377646479566,14.04374039999675
64,0.00025,8,Sigmoid,100,0.9974072926902209,0.9974116997259151,0.9974150664697193,21.244470600038767
64,0.00025,8,Sigmoid,300,0.9974072926902209,0.9974116997259151,0.9974150664697193,21.39805669989437
64,0.00025,8,Sigmoid,500,0.9974072926902209,0.9974116997259151,0.9974150664697193,20.92369870003313
64,0.00025,8,Sigmoid,1000,0.9974072926902209,0.9974116997259151,0.9974150664697193,21.090617300011218
64,0.00025,8,GELU,50,0.9988951683062953,0.9988907481101141,0.9988921713441654,6.575648600002751
64,0.00025,8,GELU,100,0.9988951683062953,0.9988907481101141,0.9988921713441654,6.567759500001557
64,0.00025,8,GELU,300,0.9988951683062953,0.9988907481101141,0.9988921713441654,6.591249600052834
64,0.00025,8,GELU,500,0.9988951683062953,0.9988907481101141,0.9988921713441654,6.514242699951865
64,0.00025,8,GELU,1000,0.9988951683062953,0.9988907481101141,0.9988921713441654,6.642430600011721
64,0.00025,8,Softmax,50,0.9943304401946582,0.9943304401946582,0.9943377646479566,14.148664999986067
64,0.00025,8,Softmax,100,0.9974072926902209,0.9974116997259151,0.9974150664697193,20.66954919998534
64,0.00025,8,Softmax,300,0.9974072926902209,0.9974116997259151,0.9974150664697193,21.167084499960765
64,0.00025,8,Softmax,500,0.9974072926902209,0.9974116997259151,0.9974150664697193,20.908970099990256
64,0.00025,8,Softmax,1000,0.9974072926902209,0.9974116997259151,0.9974150664697193,20.849451799993403
64,0.00025,16,ReLU,50,0.9981733805349604,0.9981513116941125,0.9981536189069424,4.3416760000400245
64,0.00025,16,ReLU,100,0.9981733805349604,0.9981513116941125,0.9981536189069424,4.22779279993847
64,0.00025,16,ReLU,300,0.9981733805349604,0.9981513116941125,0.9981536189069424,4.4209831999614835
64,0.00025,16,ReLU,500,0.9981733805349604,0.9981513116941125,0.9981536189069424,4.378679999965243
64,0.00025,16,ReLU,1000,0.9981733805349604,0.9981513116941125,0.9981536189069424,4.238813099917024
64,0.00025,16,Tanh,50,0.9986486657060631,0.9986442476901395,0.9986459871984245,5.788206299999729
64,0.00025,16,Tanh,100,0.9986486657060631,0.9986442476901395,0.9986459871984245,6.035321000032127
64,0.00025,16,Tanh,300,0.9986486657060631,0.9986442476901395,0.9986459871984245,5.778505599941127
64,0.00025,16,Tanh,500,0.9986486657060631,0.9986442476901395,0.9986459871984245,6.0170252999523655
64,0.00025,16,Tanh,1000,0.9986486657060631,0.9986442476901395,0.9986459871984245,5.929393799975514
64,0.00025,16,Sigmoid,50,0.9709413365077268,0.971260255060431,0.9713195470211718,7.284618299920112
64,0.00025,16,Sigmoid,100,0.9976803753344958,0.997658328145876,0.9976612506154604,13.870581499999389
64,0.00025,16,Sigmoid,300,0.9976803753344958,0.997658328145876,0.9976612506154604,14.702460800064728
64,0.00025,16,Sigmoid,500,0.9976803753344958,0.997658328145876,0.9976612506154604,14.887451800052077
64,0.00025,16,Sigmoid,1000,0.9976803753344958,0.997658328145876,0.9976612506154604,15.204937599948607
64,0.00025,16,GELU,50,0.9981733805349604,0.9981513116941125,0.9981536189069424,4.338819900061935
64,0.00025,16,GELU,100,0.9981733805349604,0.9981513116941125,0.9981536189069424,4.55340299999807
64,0.00025,16,GELU,300,0.9981733805349604,0.9981513116941125,0.9981536189069424,4.281877100002021
64,0.00025,16,GELU,500,0.9981733805349604,0.9981513116941125,0.9981536189069424,4.358220599940978
64,0.00025,16,GELU,1000,0.9981733805349604,0.9981513116941125,0.9981536189069424,4.399247299996205
64,0.00025,16,Softmax,50,0.9709413365077268,0.971260255060431,0.9713195470211718,7.478749000001699
64,0.00025,16,Softmax,100,0.9976803753344958,0.997658328145876,0.9976612506154604,14.264788400032558
64,0.00025,16,Softmax,300,0.9976803753344958,0.997658328145876,0.9976612506154604,14.82053669996094
64,0.00025,16,Softmax,500,0.9976803753344958,0.997658328145876,0.9976612506154604,15.45055560010951
64,0.00025,16,Softmax,1000,0.9976803753344958,0.997658328145876,0.9976612506154604,14.657375099952333
64,0.00025,32,ReLU,50,0.9979268779347281,0.9979048199199942,0.9979074347612014,2.9337890000315383
64,0.00025,32,ReLU,100,0.9979268779347281,0.9979048199199942,0.9979074347612014,2.864882499910891
64,0.00025,32,ReLU,300,0.9979268779347281,0.9979048199199942,0.9979074347612014,2.8512348000658676
64,0.00025,32,ReLU,500,0.9979268779347281,0.9979048199199942,0.9979074347612014,2.860503400093876
64,0.00025,32,ReLU,1000,0.9979268779347281,0.9979048199199942,0.9979074347612014,2.9874595999717712
64,0.00025,32,Tanh,50,0.9975172539683157,0.9975348860355118,0.9975381585425899,3.7510101000079885
64,0.00025,32,Tanh,100,0.9975172539683157,0.9975348860355118,0.9975381585425899,4.011541799991392
64,0.00025,32,Tanh,300,0.9975172539683157,0.9975348860355118,0.9975381585425899,3.909994399989955
64,0.00025,32,Tanh,500,0.9975172539683157,0.9975348860355118,0.9975381585425899,4.109226200031117
64,0.00025,32,Tanh,1000,0.9975172539683157,0.9975348860355118,0.9975381585425899,4.080503699951805
64,0.00025,32,Sigmoid,50,0.9505702208352591,0.9507954565722858,0.9508862629246676,4.153919500065967
64,0.00025,32,Sigmoid,100,0.9764670727870839,0.9765766169336327,0.9766125061546036,7.1713610999286175
64,0.00025,32,Sigmoid,300,0.9797992878975598,0.9799053965812807,0.9799359921221074,8.774529300048016
64,0.00025,32,Sigmoid,500,0.9797992878975598,0.9799053965812807,0.9799359921221074,8.626063600066118
64,0.00025,32,Sigmoid,1000,0.9797992878975598,0.9799053965812807,0.9799359921221074,8.770928100100718
64,0.00025,32,GELU,50,0.9979268779347281,0.9979048199199942,0.9979074347612014,2.8805625999812037
64,0.00025,32,GELU,100,0.9979268779347281,0.9979048199199942,0.9979074347612014,3.024095300002955
64,0.00025,32,GELU,300,0.9979268779347281,0.9979048199199942,0.9979074347612014,2.960633200011216
64,0.00025,32,GELU,500,0.9979268779347281,0.9979048199199942,0.9979074347612014,2.858340499922633
64,0.00025,32,GELU,1000,0.9979268779347281,0.9979048199199942,0.9979074347612014,2.853991699987091
64,0.00025,32,Softmax,50,0.9505702208352591,0.9507954565722858,0.9508862629246676,3.924738699919544
64,0.00025,32,Softmax,100,0.9764670727870839,0.9765766169336327,0.9766125061546036,7.340645399992354
64,0.00025,32,Softmax,300,0.9797992878975598,0.9799053965812807,0.9799359921221074,8.628787999972701
64,0.00025,32,Softmax,500,0.9797992878975598,0.9799053965812807,0.9799359921221074,8.788966599968262
64,0.00025,32,Softmax,1000,0.9797992878975598,0.9799053965812807,0.9799359921221074,8.473442299989983
64,0.00025,64,ReLU,50,0.9976803753344958,0.997658328145876,0.9976612506154604,2.2046871000202373
64,0.00025,64,ReLU,100,0.9976803753344958,0.997658328145876,0.9976612506154604,2.1868930000346154
64,0.00025,64,ReLU,300,0.9976803753344958,0.997658328145876,0.9976612506154604,2.037578899995424
64,0.00025,64,ReLU,500,0.9976803753344958,0.997658328145876,0.9976612506154604,2.053104499937035
64,0.00025,64,ReLU,1000,0.9976803753344958,0.997658328145876,0.9976612506154604,2.052629900048487
64,0.00025,64,Tanh,50,0.9968788474310327,0.996918467988519,0.9969226981782373,2.4663663000101224
64,0.00025,64,Tanh,100,0.9969976687238084,0.997041702203484,0.9970457902511078,2.9720468000741675
64,0.00025,64,Tanh,300,0.9969976687238084,0.997041702203484,0.9970457902511078,2.9758247999707237
64,0.00025,64,Tanh,500,0.9969976687238084,0.997041702203484,0.9970457902511078,2.9371115000685677
64,0.00025,64,Tanh,1000,0.9969976687238084,0.997041702203484,0.9970457902511078,2.9212863000575453
64,0.00025,64,Sigmoid,50,0.9444112969313764,0.944736372194722,0.9448547513540128,2.459712599986233
64,0.00025,64,Sigmoid,100,0.9553762326343712,0.9557145776227178,0.955809945839488,4.225447500008158
64,0.00025,64,Sigmoid,300,0.9605882272979722,0.9608991452968094,0.9609798129000492,6.058139899978414
64,0.00025,64,Sigmoid,500,0.9605882272979722,0.9608991452968094,0.9609798129000492,5.767565699992701
64,0.00025,64,Sigmoid,1000,0.9605882272979722,0.9608991452968094,0.9609798129000492,5.871478399960324
64,0.00025,64,GELU,50,0.9976803753344958,0.997658328145876,0.9976612506154604,2.158695899997838
64,0.00025,64,GELU,100,0.9976803753344958,0.997658328145876,0.9976612506154604,2.13455340010114
64,0.00025,64,GELU,300,0.9976803753344958,0.997658328145876,0.9976612506154604,2.0735919000580907
64,0.00025,64,GELU,500,0.9976803753344958,0.997658328145876,0.9976612506154604,2.0936832999577746
64,0.00025,64,GELU,1000,0.9976803753344958,0.997658328145876,0.9976612506154604,2.106358899967745
64,0.00025,64,Softmax,50,0.9444112969313764,0.944736372194722,0.9448547513540128,2.4393197000026703
64,0.00025,64,Softmax,100,0.9553762326343712,0.9557145776227178,0.955809945839488,4.298941999906674
64,0.00025,64,Softmax,300,0.9605882272979722,0.9608991452968094,0.9609798129000492,5.942494299961254
64,0.00025,64,Softmax,500,0.9605882272979722,0.9608991452968094,0.9609798129000492,5.867019099998288
64,0.00025,64,Softmax,1000,0.9605882272979722,0.9608991452968094,0.9609798129000492,5.9409435000270605
64,0.00025,128,ReLU,50,0.9972973314121261,0.9972885192804168,0.9972919743968488,1.5875464999116957
64,0.00025,128,ReLU,100,0.9976803753344958,0.997658328145876,0.9976612506154604,2.0946185999782756
64,0.00025,128,ReLU,300,0.9976803753344958,0.997658328145876,0.9976612506154604,1.9416954000480473
64,0.00025,128,ReLU,500,0.9976803753344958,0.997658328145876,0.9976612506154604,1.9747132000047714
64,0.00025,128,ReLU,1000,0.9976803753344958,0.997658328145876,0.9976612506154604,1.9431605000281706
64,0.00025,128,Tanh,50,0.979499625209242,0.9796564439207186,0.9796898079763663,1.6638377000344917
64,0.00025,128,Tanh,100,0.9967511661235762,0.9967951773871077,0.9967996061053668,2.6512159999692813
64,0.00025,128,Tanh,300,0.9967511661235762,0.9967951773871077,0.9967996061053668,2.7007912999251857
64,0.00025,128,Tanh,500,0.9967511661235762,0.9967951773871077,0.9967996061053668,2.5901596000185236
64,0.00025,128,Tanh,1000,0.9967511661235762,0.9967951773871077,0.9967996061053668,2.56180869997479
64,0.00025,128,Sigmoid,50,0.932765717908784,0.933427701592962,0.9336533727227967,1.714028500020504
64,0.00025,128,Sigmoid,100,0.9451330847027113,0.9454740063985445,0.9455933037912359,2.83525619993452
64,0.00025,128,Sigmoid,300,0.9473427480901206,0.9476933115062822,0.947808961102905,4.171606499934569
64,0.00025,128,Sigmoid,500,0.9473427480901206,0.9476933115062822,0.947808961102905,4.045051900087856
64,0.00025,128,Sigmoid,1000,0.9473427480901206,0.9476933115062822,0.947808961102905,3.8862687000073493
64,0.00025,128,GELU,50,0.9972973314121261,0.9972885192804168,0.9972919743968488,1.5875142000149935
64,0.00025,128,GELU,100,0.9976803753344958,0.997658328145876,0.9976612506154604,1.969574199989438
64,0.00025,128,GELU,300,0.9976803753344958,0.997658328145876,0.9976612506154604,1.9528026999905705
64,0.00025,128,GELU,500,0.9976803753344958,0.997658328145876,0.9976612506154604,2.079203699948266
64,0.00025,128,GELU,1000,0.9976803753344958,0.997658328145876,0.9976612506154604,2.1236912000458688
64,0.00025,128,Softmax,50,0.932765717908784,0.933427701592962,0.9336533727227967,1.6947584999725223
64,0.00025,128,Softmax,100,0.9451330847027113,0.9454740063985445,0.9455933037912359,2.914445100002922
64,0.00025,128,Softmax,300,0.9473427480901206,0.9476933115062822,0.947808961102905,4.016732800053433
64,0.00025,128,Softmax,500,0.9473427480901206,0.9476933115062822,0.947808961102905,3.9131697000702843
64,0.00025,128,Softmax,1000,0.9473427480901206,0.9476933115062822,0.947808961102905,4.248835299978964
128,0.01,8,ReLU,50,0.9996169560776302,0.999630236220826,0.9996307237813885,4.594345199991949
128,0.01,8,ReLU,100,0.9996169560776302,0.999630236220826,0.9996307237813885,4.5095741000259295
128,0.01,8,ReLU,300,0.9996169560776302,0.999630236220826,0.9996307237813885,4.827283099992201
128,0.01,8,ReLU,500,0.9996169560776302,0.999630236220826,0.9996307237813885,4.741588800097816
128,0.01,8,ReLU,1000,0.9996169560776302,0.999630236220826,0.9996307237813885,4.624819700024091
128,0.01,8,Tanh,50,0.9994981347848546,0.9995069860333949,0.999507631708518,4.310870599932969
128,0.01,8,Tanh,100,0.9994981347848546,0.9995069860333949,0.999507631708518,4.422709699952975
128,0.01,8,Tanh,300,0.9994981347848546,0.9995069860333949,0.999507631708518,4.164219400030561
128,0.01,8,Tanh,500,0.9994981347848546,0.9995069860333949,0.999507631708518,4.1610219000140205
128,0.01,8,Tanh,1000,0.9994981347848546,0.9995069860333949,0.999507631708518,4.383853700011969
128,0.01,8,Sigmoid,50,0.9996346761069921,0.999630249370038,0.9996307237813885,5.155658600036986
128,0.01,8,Sigmoid,100,0.9996346761069921,0.999630249370038,0.9996307237813885,5.043233799980953
128,0.01,8,Sigmoid,300,0.9996346761069921,0.999630249370038,0.9996307237813885,4.975409400067292
128,0.01,8,Sigmoid,500,0.9996346761069921,0.999630249370038,0.9996307237813885,5.106129000079818
128,0.01,8,Sigmoid,1000,0.9996346761069921,0.999630249370038,0.9996307237813885,5.077481799991801
128,0.01,8,GELU,50,0.9996169560776302,0.999630236220826,0.9996307237813885,4.565876799984835
128,0.01,8,GELU,100,0.9996169560776302,0.999630236220826,0.9996307237813885,5.000055199954659
128,0.01,8,GELU,300,0.9996169560776302,0.999630236220826,0.9996307237813885,4.707840800052509
128,0.01,8,GELU,500,0.9996169560776302,0.999630236220826,0.9996307237813885,4.674937299918383
128,0.01,8,GELU,1000,0.9996169560776302,0.999630236220826,0.9996307237813885,4.8408862999640405
128,0.01,8,Softmax,50,0.9996346761069921,0.999630249370038,0.9996307237813885,5.1247916999273
128,0.01,8,Softmax,100,0.9996346761069921,0.999630249370038,0.9996307237813885,4.99276270007249
128,0.01,8,Softmax,300,0.9996346761069921,0.999630249370038,0.9996307237813885,5.20366329990793
128,0.01,8,Softmax,500,0.9996346761069921,0.999630249370038,0.9996307237813885,5.107282200013287
128,0.01,8,Softmax,1000,0.9996346761069921,0.999630249370038,0.9996307237813885,5.0759600000455976
128,0.01,16,ReLU,50,0.9998723186925433,0.999876747605996,0.9998769079271295,2.5917939000064507
128,0.01,16,ReLU,100,0.9998723186925433,0.999876747605996,0.9998769079271295,2.706104699987918
128,0.01,16,ReLU,300,0.9998723186925433,0.999876747605996,0.9998769079271295,2.7480970999458805
128,0.01,16,ReLU,500,0.9998723186925433,0.999876747605996,0.9998769079271295,2.5884081000695005
128,0.01,16,ReLU,1000,0.9998723186925433,0.999876747605996,0.9998769079271295,2.634961299947463
128,0.01,16,Tanh,50,0.9997534973997677,0.9997534973997677,0.9997538158542589,2.6018748000497
128,0.01,16,Tanh,100,0.9997534973997677,0.9997534973997677,0.9997538158542589,2.626564300036989
128,0.01,16,Tanh,300,0.9997534973997677,0.9997534973997677,0.9997538158542589,2.671318899956532
128,0.01,16,Tanh,500,0.9997534973997677,0.9997534973997677,0.9997538158542589,2.637035100022331
128,0.01,16,Tanh,1000,0.9997534973997677,0.9997534973997677,0.9997538158542589,2.546444599982351
128,0.01,16,Sigmoid,50,0.9997446373850869,0.9997534930166975,0.9997538158542589,2.9886668000835925
128,0.01,16,Sigmoid,100,0.9997446373850869,0.9997534930166975,0.9997538158542589,2.8830429000081494
128,0.01,16,Sigmoid,300,0.9997446373850869,0.9997534930166975,0.9997538158542589,2.929569200030528
128,0.01,16,Sigmoid,500,0.9997446373850869,0.9997534930166975,0.9997538158542589,3.197460300056264
128,0.01,16,Sigmoid,1000,0.9997446373850869,0.9997534930166975,0.9997538158542589,3.0738761000102386
128,0.01,16,GELU,50,0.9998723186925433,0.999876747605996,0.9998769079271295,2.6409298999933526
128,0.01,16,GELU,100,0.9998723186925433,0.999876747605996,0.9998769079271295,2.540345999994315
128,0.01,16,GELU,300,0.9998723186925433,0.999876747605996,0.9998769079271295,2.5733723000157624
128,0.01,16,GELU,500,0.9998723186925433,0.999876747605996,0.9998769079271295,2.571786000044085
128,0.01,16,GELU,1000,0.9998723186925433,0.999876747605996,0.9998769079271295,2.748131399974227
128,0.01,16,Softmax,50,0.9997446373850869,0.9997534930166975,0.9997538158542589,3.1130067000631243
128,0.01,16,Softmax,100,0.9997446373850869,0.9997534930166975,0.9997538158542589,3.378685600007884
128,0.01,16,Softmax,300,0.9997446373850869,0.9997534930166975,0.9997538158542589,3.2103969999589026
128,0.01,16,Softmax,500,0.9997446373850869,0.9997534930166975,0.9997538158542589,2.966307600028813
128,0.01,16,Softmax,1000,0.9997446373850869,0.9997534930166975,0.9997538158542589,3.2511688000522554
128,0.01,32,ReLU,50,0.9993881735067598,0.9993837489500634,0.9993845396356474,1.5472039999440312
128,0.01,32,ReLU,100,0.9993881735067598,0.9993837489500634,0.9993845396356474,1.5146604999899864
128,0.01,32,ReLU,300,0.9993881735067598,0.9993837489500634,0.9993845396356474,1.5110599999316037
128,0.01,32,ReLU,500,0.9993881735067598,0.9993837489500634,0.9993845396356474,1.5315955999540165
128,0.01,32,ReLU,1000,0.9993881735067598,0.9993837489500634,0.9993845396356474,1.5328359000850469
128,0.01,32,Tanh,50,0.9998723186925433,0.999876747605996,0.9998769079271295,1.7016731000039726
128,0.01,32,Tanh,100,0.9998723186925433,0.999876747605996,0.9998769079271295,1.6181188999908045
128,0.01,32,Tanh,300,0.9998723186925433,0.999876747605996,0.9998769079271295,1.6161338000092655
128,0.01,32,Tanh,500,0.9998723186925433,0.999876747605996,0.9998769079271295,1.7075641000410542
128,0.01,32,Tanh,1000,0.9998723186925433,0.999876747605996,0.9998769079271295,1.6830042999936268
128,0.01,32,Sigmoid,50,0.9994981347848546,0.9995069860333949,0.999507631708518,1.9611845000181347
128,0.01,32,Sigmoid,100,0.9994981347848546,0.9995069860333949,0.999507631708518,1.9378189999843016
128,0.01,32,Sigmoid,300,0.9994981347848546,0.9995069860333949,0.999507631708518,1.9118281999835745
128,0.01,32,Sigmoid,500,0.9994981347848546,0.9995069860333949,0.999507631708518,1.9290722000878304
128,0.01,32,Sigmoid,1000,0.9994981347848546,0.9995069860333949,0.999507631708518,1.952858299948275
128,0.01,32,GELU,50,0.9993881735067598,0.9993837489500634,0.9993845396356474,1.5294289999874309
128,0.01,32,GELU,100,0.9993881735067598,0.9993837489500634,0.9993845396356474,1.562478999956511
128,0.01,32,GELU,300,0.9993881735067598,0.9993837489500634,0.9993845396356474,1.6846335000591353
128,0.01,32,GELU,500,0.9993881735067598,0.9993837489500634,0.9993845396356474,1.7295526000671089
128,0.01,32,GELU,1000,0.9993881735067598,0.9993837489500634,0.9993845396356474,1.6131908999523148
128,0.01,32,Softmax,50,0.9994981347848546,0.9995069860333949,0.999507631708518,1.9325326000107452
128,0.01,32,Softmax,100,0.9994981347848546,0.9995069860333949,0.999507631708518,1.9512566999765113
128,0.01,32,Softmax,300,0.9994981347848546,0.9995069860333949,0.999507631708518,1.9369126999517903
128,0.01,32,Softmax,500,0.9994981347848546,0.9995069860333949,0.999507631708518,2.0166627999860793
128,0.01,32,Softmax,1000,0.9994981347848546,0.9995069860333949,0.999507631708518,1.924917500000447
128,0.01,64,ReLU,50,0.9995247148288973,0.9995070121513858,0.999507631708518,0.9803256000159308
128,0.01,64,ReLU,100,0.9995247148288973,0.9995070121513858,0.999507631708518,1.0860097000841051
128,0.01,64,ReLU,300,0.9995247148288973,0.9995070121513858,0.999507631708518,1.1231955999974161
128,0.01,64,ReLU,500,0.9995247148288973,0.9995070121513858,0.999507631708518,1.1355998000362888
128,0.01,64,ReLU,1000,0.9995247148288973,0.9995070121513858,0.999507631708518,1.0844216000987217
128,0.01,64,Tanh,50,0.9998723186925433,0.999876747605996,0.9998769079271295,1.1458107000216842
128,0.01,64,Tanh,100,0.9998723186925433,0.999876747605996,0.9998769079271295,1.144931499962695
128,0.01,64,Tanh,300,0.9998723186925433,0.999876747605996,0.9998769079271295,1.1153915000613779
128,0.01,64,Tanh,500,0.9998723186925433,0.999876747605996,0.9998769079271295,1.1120263999328017
128,0.01,64,Tanh,1000,0.9998723186925433,0.999876747605996,0.9998769079271295,1.1168560000369325
128,0.01,64,Sigmoid,50,0.9996169560776302,0.999630236220826,0.9996307237813885,1.5437668999657035
128,0.01,64,Sigmoid,100,0.9996169560776302,0.999630236220826,0.9996307237813885,1.537657400011085
128,0.01,64,Sigmoid,300,0.9996169560776302,0.999630236220826,0.9996307237813885,1.493386200047098
128,0.01,64,Sigmoid,500,0.9996169560776302,0.999630236220826,0.9996307237813885,1.5018896999536082
128,0.01,64,Sigmoid,1000,0.9996169560776302,0.999630236220826,0.9996307237813885,1.5602717000292614
128,0.01,64,GELU,50,0.9995247148288973,0.9995070121513858,0.999507631708518,1.0657317000441253
128,0.01,64,GELU,100,0.9995247148288973,0.9995070121513858,0.999507631708518,1.136271599913016
128,0.01,64,GELU,300,0.9995247148288973,0.9995070121513858,0.999507631708518,1.0402185000712052
128,0.01,64,GELU,500,0.9995247148288973,0.9995070121513858,0.999507631708518,1.0417205999838188
128,0.01,64,GELU,1000,0.9995247148288973,0.9995070121513858,0.999507631708518,1.0442059999331832
128,0.01,64,Softmax,50,0.9996169560776302,0.999630236220826,0.9996307237813885,1.5154580000089481
128,0.01,64,Softmax,100,0.9996169560776302,0.999630236220826,0.9996307237813885,1.4891786000225693
128,0.01,64,Softmax,300,0.9996169560776302,0.999630236220826,0.9996307237813885,1.4604897000826895
128,0.01,64,Softmax,500,0.9996169560776302,0.999630236220826,0.9996307237813885,1.5274536000797525
128,0.01,64,Softmax,1000,0.9996169560776302,0.999630236220826,0.9996307237813885,1.46623899997212
128,0.01,128,ReLU,50,0.9997534973997677,0.9997534973997677,0.9997538158542589,0.8588458000449464
128,0.01,128,ReLU,100,0.9997534973997677,0.9997534973997677,0.9997538158542589,0.8307915000477806
128,0.01,128,ReLU,300,0.9997534973997677,0.9997534973997677,0.9997538158542589,0.9092067000456154
128,0.01,128,ReLU,500,0.9997534973997677,0.9997534973997677,0.9997538158542589,0.8998582999920473
128,0.01,128,ReLU,1000,0.9997534973997677,0.9997534973997677,0.9997538158542589,0.8334691000636667
128,0.01,128,Tanh,50,0.9995069947995355,0.9995069947995355,0.999507631708518,1.050991499912925
128,0.01,128,Tanh,100,0.9995069947995355,0.9995069947995355,0.999507631708518,1.034175300039351
128,0.01,128,Tanh,300,0.9995069947995355,0.9995069947995355,0.999507631708518,0.9986270000226796
128,0.01,128,Tanh,500,0.9995069947995355,0.9995069947995355,0.999507631708518,1.0082740999059752
128,0.01,128,Tanh,1000,0.9995069947995355,0.9995069947995355,0.999507631708518,1.0206610000459477
128,0.01,128,Sigmoid,50,0.9994981347848546,0.9995069860333949,0.999507631708518,1.3337865999201313
128,0.01,128,Sigmoid,100,0.9994981347848546,0.9995069860333949,0.999507631708518,1.3337749999482185
128,0.01,128,Sigmoid,300,0.9994981347848546,0.9995069860333949,0.999507631708518,1.2800704999826849
128,0.01,128,Sigmoid,500,0.9994981347848546,0.9995069860333949,0.999507631708518,1.3838608999503776
128,0.01,128,Sigmoid,1000,0.9994981347848546,0.9995069860333949,0.999507631708518,1.3020529999630526
128,0.01,128,GELU,50,0.9997534973997677,0.9997534973997677,0.9997538158542589,0.790149400010705
128,0.01,128,GELU,100,0.9997534973997677,0.9997534973997677,0.9997538158542589,0.8516929999459535
128,0.01,128,GELU,300,0.9997534973997677,0.9997534973997677,0.9997538158542589,0.8866965000052005
128,0.01,128,GELU,500,0.9997534973997677,0.9997534973997677,0.9997538158542589,0.8936514999950305
128,0.01,128,GELU,1000,0.9997534973997677,0.9997534973997677,0.9997538158542589,0.8782655999530107
128,0.01,128,Softmax,50,0.9994981347848546,0.9995069860333949,0.999507631708518,1.4288919999962673
128,0.01,128,Softmax,100,0.9994981347848546,0.9995069860333949,0.999507631708518,1.3973452999489382
128,0.01,128,Softmax,300,0.9994981347848546,0.9995069860333949,0.999507631708518,1.3858179999515414
128,0.01,128,Softmax,500,0.9994981347848546,0.9995069860333949,0.999507631708518,1.343883499968797
128,0.01,128,Softmax,1000,0.9994981347848546,0.9995069860333949,0.999507631708518,1.3777916000690311
128,0.001,8,ReLU,50,0.9993881735067598,0.9993837489500634,0.9993845396356474,5.458880600053817
128,0.001,8,ReLU,100,0.9993881735067598,0.9993837489500634,0.9993845396356474,5.711677900049835
128,0.001,8,ReLU,300,0.9993881735067598,0.9993837489500634,0.9993845396356474,5.4360201000235975
128,0.001,8,ReLU,500,0.9993881735067598,0.9993837489500634,0.9993845396356474,5.410949799930677
128,0.001,8,ReLU,1000,0.9993881735067598,0.9993837489500634,0.9993845396356474,5.650998199940659
128,0.001,8,Tanh,50,0.9996258160923112,0.9996302428179878,0.9996307237813885,5.949648099951446
128,0.001,8,Tanh,100,0.9996258160923112,0.9996302428179878,0.9996307237813885,5.958243799977936
128,0.001,8,Tanh,300,0.9996258160923112,0.9996302428179878,0.9996307237813885,6.197275600046851
128,0.001,8,Tanh,500,0.9996258160923112,0.9996302428179878,0.9996307237813885,6.0069515000795946
128,0.001,8,Tanh,1000,0.9996258160923112,0.9996302428179878,0.9996307237813885,6.300502000027336
128,0.001,8,Sigmoid,50,0.9995069947995355,0.9995069947995355,0.999507631708518,9.22425840003416
128,0.001,8,Sigmoid,100,0.9995069947995355,0.9995069947995355,0.999507631708518,9.423670099931769
128,0.001,8,Sigmoid,300,0.9995069947995355,0.9995069947995355,0.999507631708518,9.310697600012645
128,0.001,8,Sigmoid,500,0.9995069947995355,0.9995069947995355,0.999507631708518,9.281423299922608
128,0.001,8,Sigmoid,1000,0.9995069947995355,0.9995069947995355,0.999507631708518,9.363402600050904
128,0.001,8,GELU,50,0.9993881735067598,0.9993837489500634,0.9993845396356474,5.409544399939477
128,0.001,8,GELU,100,0.9993881735067598,0.9993837489500634,0.9993845396356474,5.401041400036775
128,0.001,8,GELU,300,0.9993881735067598,0.9993837489500634,0.9993845396356474,5.465703099966049
128,0.001,8,GELU,500,0.9993881735067598,0.9993837489500634,0.9993845396356474,5.464991300017573
128,0.001,8,GELU,1000,0.9993881735067598,0.9993837489500634,0.9993845396356474,5.346837699995376
128,0.001,8,Softmax,50,0.9995069947995355,0.9995069947995355,0.999507631708518,9.637730200076476
128,0.001,8,Softmax,100,0.9995069947995355,0.9995069947995355,0.999507631708518,9.302924099960364
128,0.001,8,Softmax,300,0.9995069947995355,0.9995069947995355,0.999507631708518,9.485815600026399
128,0.001,8,Softmax,500,0.9995069947995355,0.9995069947995355,0.999507631708518,9.344463199959137
128,0.001,8,Softmax,1000,0.9995069947995355,0.9995069947995355,0.999507631708518,9.489477699971758
128,0.001,16,ReLU,50,0.9995069947995355,0.9995069947995355,0.999507631708518,3.4857419999316335
128,0.001,16,ReLU,100,0.9995069947995355,0.9995069947995355,0.999507631708518,3.7454633000306785
128,0.001,16,ReLU,300,0.9995069947995355,0.9995069947995355,0.999507631708518,3.597535000066273
128,0.001,16,ReLU,500,0.9995069947995355,0.9995069947995355,0.999507631708518,3.548395699937828
128,0.001,16,ReLU,1000,0.9995069947995355,0.9995069947995355,0.999507631708518,3.5870198000920936
128,0.001,16,Tanh,50,0.9998723186925433,0.999876747605996,0.9998769079271295,4.13842560001649
128,0.001,16,Tanh,100,0.9998723186925433,0.999876747605996,0.9998769079271295,4.0479065999388695
128,0.001,16,Tanh,300,0.9998723186925433,0.999876747605996,0.9998769079271295,4.01486700004898
128,0.001,16,Tanh,500,0.9998723186925433,0.999876747605996,0.9998769079271295,4.042588499956764
128,0.001,16,Tanh,1000,0.9998723186925433,0.999876747605996,0.9998769079271295,4.165447700070217
128,0.001,16,Sigmoid,50,0.999013989599071,0.999013989599071,0.999015263417036,6.693205800023861
128,0.001,16,Sigmoid,100,0.999013989599071,0.999013989599071,0.999015263417036,6.59579940000549
128,0.001,16,Sigmoid,300,0.999013989599071,0.999013989599071,0.999015263417036,6.888145299977623
128,0.001,16,Sigmoid,500,0.999013989599071,0.999013989599071,0.999015263417036,6.738383700023405
128,0.001,16,Sigmoid,1000,0.999013989599071,0.999013989599071,0.999015263417036,7.0059478000039235
128,0.001,16,GELU,50,0.9995069947995355,0.9995069947995355,0.999507631708518,3.5474600999150425
128,0.001,16,GELU,100,0.9995069947995355,0.9995069947995355,0.999507631708518,3.585799499996938
128,0.001,16,GELU,300,0.9995069947995355,0.9995069947995355,0.999507631708518,3.6072924999753013
128,0.001,16,GELU,500,0.9995069947995355,0.9995069947995355,0.999507631708518,3.826783600030467
128,0.001,16,GELU,1000,0.9995069947995355,0.9995069947995355,0.999507631708518,3.5874673000071198
128,0.001,16,Softmax,50,0.999013989599071,0.999013989599071,0.999015263417036,6.528586499975063
128,0.001,16,Softmax,100,0.999013989599071,0.999013989599071,0.999015263417036,6.987711799913086
128,0.001,16,Softmax,300,0.999013989599071,0.999013989599071,0.999015263417036,6.470380800077692
128,0.001,16,Softmax,500,0.999013989599071,0.999013989599071,0.999015263417036,6.749455499928445
128,0.001,16,Softmax,1000,0.999013989599071,0.999013989599071,0.999015263417036,6.8132587999571115
128,0.001,32,ReLU,50,0.999370453477398,0.9993837270347101,0.9993845396356474,2.3937489999225363
128,0.001,32,ReLU,100,0.999370453477398,0.9993837270347101,0.9993845396356474,2.334419999970123
128,0.001,32,ReLU,300,0.999370453477398,0.9993837270347101,0.9993845396356474,2.3380260999547318
128,0.001,32,ReLU,500,0.999370453477398,0.9993837270347101,0.9993845396356474,2.441149500082247
128,0.001,32,ReLU,1000,0.999370453477398,0.9993837270347101,0.9993845396356474,2.4177458999911323
128,0.001,32,Tanh,50,0.9994981347848546,0.9995069860333949,0.999507631708518,2.9361853000009432
128,0.001,32,Tanh,100,0.9994981347848546,0.9995069860333949,0.999507631708518,3.0437764999223873
128,0.001,32,Tanh,300,0.9994981347848546,0.9995069860333949,0.999507631708518,3.0131293000886217
128,0.001,32,Tanh,500,0.9994981347848546,0.9995069860333949,0.999507631708518,2.9669411000795662
128,0.001,32,Tanh,1000,0.9994981347848546,0.9995069860333949,0.999507631708518,3.0646106998901814
128,0.001,32,Sigmoid,50,0.9991416709065275,0.9991372485300888,0.9991383554899065,4.6060768000315875
128,0.001,32,Sigmoid,100,0.9991416709065275,0.9991372485300888,0.9991383554899065,4.8855843000346795
128,0.001,32,Sigmoid,300,0.9991416709065275,0.9991372485300888,0.9991383554899065,4.889514900045469
128,0.001,32,Sigmoid,500,0.9991416709065275,0.9991372485300888,0.9991383554899065,5.010550200007856
128,0.001,32,Sigmoid,1000,0.9991416709065275,0.9991372485300888,0.9991383554899065,4.844047299935482
128,0.001,32,GELU,50,0.999370453477398,0.9993837270347101,0.9993845396356474,2.2797913000686094
128,0.001,32,GELU,100,0.999370453477398,0.9993837270347101,0.9993845396356474,2.2901463999878615
128,0.001,32,GELU,300,0.999370453477398,0.9993837270347101,0.9993845396356474,2.47300399991218
128,0.001,32,GELU,500,0.999370453477398,0.9993837270347101,0.9993845396356474,2.276543000014499
128,0.001,32,GELU,1000,0.999370453477398,0.9993837270347101,0.9993845396356474,2.2878052999731153
128,0.001,32,Softmax,50,0.9991416709065275,0.9991372485300888,0.9991383554899065,4.654463800019585
128,0.001,32,Softmax,100,0.9991416709065275,0.9991372485300888,0.9991383554899065,4.809860400040634
128,0.001,32,Softmax,300,0.9991416709065275,0.9991372485300888,0.9991383554899065,4.991738600074314
128,0.001,32,Softmax,500,0.9991416709065275,0.9991372485300888,0.9991383554899065,4.7084069000557065
128,0.001,32,Softmax,1000,0.9991416709065275,0.9991372485300888,0.9991383554899065,4.7561286999844015
128,0.001,64,ReLU,50,0.9992427721699414,0.9992604658106534,0.9992614475627769,1.6867980000097305
128,0.001,64,ReLU,100,0.9992427721699414,0.9992604658106534,0.9992614475627769,1.750992999994196
128,0.001,64,ReLU,300,0.9992427721699414,0.9992604658106534,0.9992614475627769,1.6406294000335038
128,0.001,64,ReLU,500,0.9992427721699414,0.9992604658106534,0.9992614475627769,1.6386257000267506
128,0.001,64,ReLU,1000,0.9992427721699414,0.9992604658106534,0.9992614475627769,1.6160794999450445
128,0.001,64,Tanh,50,0.999370453477398,0.9993837270347101,0.9993845396356474,2.071732599986717
128,0.001,64,Tanh,100,0.999370453477398,0.9993837270347101,0.9993845396356474,2.1552191000664607
128,0.001,64,Tanh,300,0.999370453477398,0.9993837270347101,0.9993845396356474,2.054404200054705
128,0.001,64,Tanh,500,0.999370453477398,0.9993837270347101,0.9993845396356474,2.1074059000238776
128,0.001,64,Tanh,1000,0.999370453477398,0.9993837270347101,0.9993845396356474,2.141948499949649
128,0.001,64,Sigmoid,50,0.9976892353491769,0.9976583687852532,0.9976612506154604,3.2426073000533506
128,0.001,64,Sigmoid,100,0.998301061842417,0.9982745725798794,0.9982767109798129,4.08254069997929
128,0.001,64,Sigmoid,300,0.998301061842417,0.9982745725798794,0.9982767109798129,4.040223599993624
128,0.001,64,Sigmoid,500,0.998301061842417,0.9982745725798794,0.9982767109798129,4.238382600015029
128,0.001,64,Sigmoid,1000,0.998301061842417,0.9982745725798794,0.9982767109798129,4.1699233000399545
128,0.001,64,GELU,50,0.9992427721699414,0.9992604658106534,0.9992614475627769,1.585372700006701
128,0.001,64,GELU,100,0.9992427721699414,0.9992604658106534,0.9992614475627769,1.6451509000035003
128,0.001,64,GELU,300,0.9992427721699414,0.9992604658106534,0.9992614475627769,1.6202862999634817
128,0.001,64,GELU,500,0.9992427721699414,0.9992604658106534,0.9992614475627769,1.5629440000047907
128,0.001,64,GELU,1000,0.9992427721699414,0.9992604658106534,0.9992614475627769,1.6220320999855176
128,0.001,64,Softmax,50,0.9976892353491769,0.9976583687852532,0.9976612506154604,3.3125788000179455
128,0.001,64,Softmax,100,0.998301061842417,0.9982745725798794,0.9982767109798129,4.139098100014962
128,0.001,64,Softmax,300,0.998301061842417,0.9982745725798794,0.9982767109798129,4.13621659995988
128,0.001,64,Softmax,500,0.998301061842417,0.9982745725798794,0.9982767109798129,4.092655900050886
128,0.001,64,Softmax,1000,0.998301061842417,0.9982745725798794,0.9982767109798129,4.164087799959816
128,0.001,128,ReLU,50,0.999013989599071,0.999013989599071,0.999015263417036,1.6628781999461353
128,0.001,128,ReLU,100,0.999013989599071,0.999013989599071,0.999015263417036,1.3727845998946577
128,0.001,128,ReLU,300,0.999013989599071,0.999013989599071,0.999015263417036,1.4275121999671683
128,0.001,128,ReLU,500,0.999013989599071,0.999013989599071,0.999015263417036,1.4179541999474168
128,0.001,128,ReLU,1000,0.999013989599071,0.999013989599071,0.999015263417036,1.3693012999137864
128,0.001,128,Tanh,50,0.998375583061788,0.9983976615070402,0.9983998030526834,1.765677599934861
128,0.001,128,Tanh,100,0.998375583061788,0.9983976615070402,0.9983998030526834,1.7556197000667453
128,0.001,128,Tanh,300,0.998375583061788,0.9983976615070402,0.9983998030526834,1.7251758000347763
128,0.001,128,Tanh,500,0.998375583061788,0.9983976615070402,0.9983998030526834,1.7897556000389159
128,0.001,128,Tanh,1000,0.998375583061788,0.9983976615070402,0.9983998030526834,1.8427854999899864
128,0.001,128,Sigmoid,50,0.983484325784439,0.983484325784439,0.9835056622353521,2.2712016000878066
128,0.001,128,Sigmoid,100,0.9923406993634383,0.9923581467100864,0.9923682914820285,3.4016523000318557
128,0.001,128,Sigmoid,300,0.9923406993634383,0.9923581467100864,0.9923682914820285,3.545890099951066
128,0.001,128,Sigmoid,500,0.9923406993634383,0.9923581467100864,0.9923682914820285,3.452651600004174
128,0.001,128,Sigmoid,1000,0.9923406993634383,0.9923581467100864,0.9923682914820285,3.633479499956593
128,0.001,128,GELU,50,0.999013989599071,0.999013989599071,0.999015263417036,1.4153147999895737
128,0.001,128,GELU,100,0.999013989599071,0.999013989599071,0.999015263417036,1.3615178999025375
128,0.001,128,GELU,300,0.999013989599071,0.999013989599071,0.999015263417036,1.375962599995546
128,0.001,128,GELU,500,0.999013989599071,0.999013989599071,0.999015263417036,1.3742537999060005
128,0.001,128,GELU,1000,0.999013989599071,0.999013989599071,0.999015263417036,1.4004833000944927
128,0.001,128,Softmax,50,0.983484325784439,0.983484325784439,0.9835056622353521,2.1524344999343157
128,0.001,128,Softmax,100,0.9923406993634383,0.9923581467100864,0.9923682914820285,3.42049789999146
128,0.001,128,Softmax,300,0.9923406993634383,0.9923581467100864,0.9923682914820285,3.6689565000124276
128,0.001,128,Softmax,500,0.9923406993634383,0.9923581467100864,0.9923682914820285,3.4194490999216214
128,0.001,128,Softmax,1000,0.9923406993634383,0.9923581467100864,0.9923682914820285,3.3990455000894144
128,0.0001,8,ReLU,50,0.9987763470135196,0.9987675087638259,0.9987690792712949,10.75382940005511
128,0.0001,8,ReLU,100,0.9987763470135196,0.9987675087638259,0.9987690792712949,10.50156230002176
128,0.0001,8,ReLU,300,0.9987763470135196,0.9987675087638259,0.9987690792712949,10.98345319996588
128,0.0001,8,ReLU,500,0.9987763470135196,0.9987675087638259,0.9987690792712949,10.793441500049084
128,0.0001,8,ReLU,1000,0.9987763470135196,0.9987675087638259,0.9987690792712949,10.659536099992692
128,0.0001,8,Tanh,50,0.9987497669694769,0.9987674430177559,0.9987690792712949,14.627536799991503
128,0.0001,8,Tanh,100,0.9987497669694769,0.9987674430177559,0.9987690792712949,15.809879399952479
128,0.0001,8,Tanh,300,0.9987497669694769,0.9987674430177559,0.9987690792712949,16.534472200088203
128,0.0001,8,Tanh,500,0.9987497669694769,0.9987674430177559,0.9987690792712949,15.995898200082593
128,0.0001,8,Tanh,1000,0.9987497669694769,0.9987674430177559,0.9987690792712949,16.256952200084925
128,0.0001,8,Sigmoid,50,0.9467486416262423,0.9470795370477603,0.9471935007385525,14.971227300004102
128,0.0001,8,Sigmoid,100,0.9621735630755368,0.9623890892748886,0.9624569177744953,24.963289999985136
128,0.0001,8,Sigmoid,300,0.9651227342636429,0.9653479083847809,0.9654111275233875,31.274932800093666
128,0.0001,8,Sigmoid,500,0.9651227342636429,0.9653479083847809,0.9654111275233875,32.18325730005745
128,0.0001,8,Sigmoid,1000,0.9651227342636429,0.9653479083847809,0.9654111275233875,31.50682709994726
128,0.0001,8,GELU,50,0.9987763470135196,0.9987675087638259,0.9987690792712949,10.444948800024576
128,0.0001,8,GELU,100,0.9987763470135196,0.9987675087638259,0.9987690792712949,10.917079399921931
128,0.0001,8,GELU,300,0.9987763470135196,0.9987675087638259,0.9987690792712949,10.750473499996588
128,0.0001,8,GELU,500,0.9987763470135196,0.9987675087638259,0.9987690792712949,10.388135700020939
128,0.0001,8,GELU,1000,0.9987763470135196,0.9987675087638259,0.9987690792712949,10.943716500070877
128,0.0001,8,Softmax,50,0.9467486416262423,0.9470795370477603,0.9471935007385525,14.729465399985202
128,0.0001,8,Softmax,100,0.9621735630755368,0.9623890892748886,0.9624569177744953,25.08242470002733
128,0.0001,8,Softmax,300,0.9651227342636429,0.9653479083847809,0.9654111275233875,31.218791299965233
128,0.0001,8,Softmax,500,0.9651227342636429,0.9653479083847809,0.9654111275233875,31.720357400015928
128,0.0001,8,Softmax,1000,0.9651227342636429,0.9653479083847809,0.9654111275233875,32.00322780001443
128,0.0001,16,ReLU,50,0.9985387044279683,0.9985210364541576,0.9985228951255539,7.346345200086944
128,0.0001,16,ReLU,100,0.9985387044279683,0.9985210364541576,0.9985228951255539,7.392207200056873
128,0.0001,16,ReLU,300,0.9985387044279683,0.9985210364541576,0.9985228951255539,7.5361835999647155
128,0.0001,16,ReLU,500,0.9985387044279683,0.9985210364541576,0.9985228951255539,7.3062534999335185
128,0.0001,16,ReLU,1000,0.9985387044279683,0.9985210364541576,0.9985228951255539,7.544822599971667
128,0.0001,16,Tanh,50,0.9980013991540992,0.9980278732826048,0.9980305268340719,8.247511300025508
128,0.0001,16,Tanh,100,0.9980013991540992,0.9980278732826048,0.9980305268340719,10.646225200034678
128,0.0001,16,Tanh,300,0.9980013991540992,0.9980278732826048,0.9980305268340719,10.723974099964835
128,0.0001,16,Tanh,500,0.9980013991540992,0.9980278732826048,0.9980305268340719,10.487685399944894
128,0.0001,16,Tanh,1000,0.9980013991540992,0.9980278732826048,0.9980305268340719,10.765505699906498
128,0.0001,16,Sigmoid,50,0.9445212582094711,0.9448578320475809,0.9449778434268833,8.49100040004123
128,0.0001,16,Sigmoid,100,0.9463921777479154,0.9467112869062171,0.946824224519941,11.648321399930865
128,0.0001,16,Sigmoid,300,0.9463921777479154,0.9467112869062171,0.946824224519941,11.747623699950054
128,0.0001,16,Sigmoid,500,0.9463921777479154,0.9467112869062171,0.946824224519941,11.446887300000526
128,0.0001,16,Sigmoid,1000,0.9463921777479154,0.9467112869062171,0.946824224519941,11.396284500020556
128,0.0001,16,GELU,50,0.9985387044279683,0.9985210364541576,0.9985228951255539,7.364102700026706
128,0.0001,16,GELU,100,0.9985387044279683,0.9985210364541576,0.9985228951255539,7.4245186999905854
128,0.0001,16,GELU,300,0.9985387044279683,0.9985210364541576,0.9985228951255539,7.736919199931435
128,0.0001,16,GELU,500,0.9985387044279683,0.9985210364541576,0.9985228951255539,7.2799762999638915
128,0.0001,16,GELU,1000,0.9985387044279683,0.9985210364541576,0.9985228951255539,7.7534698999952525
128,0.0001,16,Softmax,50,0.9445212582094711,0.9448578320475809,0.9449778434268833,8.438999700010754
128,0.0001,16,Softmax,100,0.9463921777479154,0.9467112869062171,0.946824224519941,11.716892099939287
128,0.0001,16,Softmax,300,0.9463921777479154,0.9467112869062171,0.946824224519941,11.660409100004472
128,0.0001,16,Softmax,500,0.9463921777479154,0.9467112869062171,0.946824224519941,11.467219600104727
128,0.0001,16,Softmax,1000,0.9463921777479154,0.9467112869062171,0.946824224519941,11.449149399995804
128,0.0001,32,ReLU,50,0.9970774088559367,0.9970421755762248,0.9970457902511078,4.748945700004697
128,0.0001,32,ReLU,100,0.9970774088559367,0.9970421755762248,0.9970457902511078,5.067816299968399
128,0.0001,32,ReLU,300,0.9970774088559367,0.9970421755762248,0.9970457902511078,4.907756800064817
128,0.0001,32,ReLU,500,0.9970774088559367,0.9970421755762248,0.9970457902511078,4.901016499963589
128,0.0001,32,ReLU,1000,0.9970774088559367,0.9970421755762248,0.9970457902511078,5.043203299981542
128,0.0001,32,Tanh,50,0.9940662175650641,0.9940837264852281,0.9940915805022157,4.865568800014444
128,0.0001,32,Tanh,100,0.9970242487678511,0.9970418632426141,0.9970457902511078,7.463979599997401
128,0.0001,32,Tanh,300,0.9970242487678511,0.9970418632426141,0.9970457902511078,7.412992600002326
128,0.0001,32,Tanh,500,0.9970242487678511,0.9970418632426141,0.9970457902511078,7.379327700007707
128,0.0001,32,Tanh,1000,0.9970242487678511,0.9970418632426141,0.9970457902511078,7.586356700048782
128,0.0001,32,Sigmoid,50,0.9401055725365761,0.9405239897850736,0.9406696208764156,4.990253199939616
128,0.0001,32,Sigmoid,100,0.9438739916575072,0.9442364949146839,0.9443623830625307,7.448884999961592
128,0.0001,32,Sigmoid,300,0.9438739916575072,0.9442364949146839,0.9443623830625307,7.225019000004977
128,0.0001,32,Sigmoid,500,0.9438739916575072,0.9442364949146839,0.9443623830625307,7.306994599988684
128,0.0001,32,Sigmoid,1000,0.9438739916575072,0.9442364949146839,0.9443623830625307,7.256820300011896
128,0.0001,32,GELU,50,0.9970774088559367,0.9970421755762248,0.9970457902511078,4.486977000022307
128,0.0001,32,GELU,100,0.9970774088559367,0.9970421755762248,0.9970457902511078,5.116485300008208
128,0.0001,32,GELU,300,0.9970774088559367,0.9970421755762248,0.9970457902511078,4.926246800110675
128,0.0001,32,GELU,500,0.9970774088559367,0.9970421755762248,0.9970457902511078,4.763001599931158
128,0.0001,32,GELU,1000,0.9970774088559367,0.9970421755762248,0.9970457902511078,5.02916809997987
128,0.0001,32,Softmax,50,0.9401055725365761,0.9405239897850736,0.9406696208764156,5.014196700067259
128,0.0001,32,Softmax,100,0.9438739916575072,0.9442364949146839,0.9443623830625307,7.205919899977744
128,0.0001,32,Softmax,300,0.9438739916575072,0.9442364949146839,0.9443623830625307,7.3714856000151485
128,0.0001,32,Softmax,500,0.9438739916575072,0.9442364949146839,0.9443623830625307,7.279867799952626
128,0.0001,32,Softmax,1000,0.9438739916575072,0.9442364949146839,0.9443623830625307,7.3663621000014246
128,0.0001,64,ReLU,50,0.9955718132105004,0.9955630315497731,0.9955686853766618,3.002078299992718
128,0.0001,64,ReLU,100,0.9961924997184215,0.9961793107288072,0.9961841457410143,3.9645846999483183
128,0.0001,64,ReLU,300,0.9961924997184215,0.9961793107288072,0.9961841457410143,3.949159700074233
128,0.0001,64,ReLU,500,0.9961924997184215,0.9961793107288072,0.9961841457410143,4.211269799969159
128,0.0001,64,ReLU,1000,0.9961924997184215,0.9961793107288072,0.9961841457410143,4.128631499945186
128,0.0001,64,Tanh,50,0.9703081488832013,0.9705278437268801,0.9705809945839488,3.048327900003642
128,0.0001,64,Tanh,100,0.9967777461676188,0.9967953518461652,0.9967996061053668,5.866171499947086
128,0.0001,64,Tanh,300,0.9967777461676188,0.9967953518461652,0.9967996061053668,6.743280900060199
128,0.0001,64,Tanh,500,0.9967777461676188,0.9967953518461652,0.9967996061053668,6.517582800006494
128,0.0001,64,Tanh,1000,0.9967777461676188,0.9967953518461652,0.9967996061053668,6.8025328000076115
128,0.0001,64,Sigmoid,50,0.9286178959674067,0.9294263967534466,0.9297144263909404,3.176689099986106
128,0.0001,64,Sigmoid,100,0.9385113767443305,0.9390232725709807,0.9391925160019695,5.385254400083795
128,0.0001,64,Sigmoid,300,0.9385113767443305,0.9390232725709807,0.9391925160019695,5.896398899960332
128,0.0001,64,Sigmoid,500,0.9385113767443305,0.9390232725709807,0.9391925160019695,5.818313399911858
128,0.0001,64,Sigmoid,1000,0.9385113767443305,0.9390232725709807,0.9391925160019695,5.622647800017148
128,0.0001,64,GELU,50,0.9955718132105004,0.9955630315497731,0.9955686853766618,3.2667731000110507
128,0.0001,64,GELU,100,0.9961924997184215,0.9961793107288072,0.9961841457410143,4.039538700017147
128,0.0001,64,GELU,300,0.9961924997184215,0.9961793107288072,0.9961841457410143,3.9488103999756277
128,0.0001,64,GELU,500,0.9961924997184215,0.9961793107288072,0.9961841457410143,3.8804026000434533
128,0.0001,64,GELU,1000,0.9961924997184215,0.9961793107288072,0.9961841457410143,4.193747399956919
128,0.0001,64,Softmax,50,0.9286178959674067,0.9294263967534466,0.9297144263909404,3.223361299955286
128,0.0001,64,Softmax,100,0.9385113767443305,0.9390232725709807,0.9391925160019695,5.347671800060198
128,0.0001,64,Softmax,300,0.9385113767443305,0.9390232725709807,0.9391925160019695,5.764445699984208
128,0.0001,64,Softmax,500,0.9385113767443305,0.9390232725709807,0.9391925160019695,5.777148299966939
128,0.0001,64,Softmax,1000,0.9385113767443305,0.9390232725709807,0.9391925160019695,5.665007699979469
128,0.0001,128,ReLU,50,0.981428923748529,0.9813905147366051,0.9814130969965534,2.1593883000314236
128,0.0001,128,ReLU,100,0.995334170624949,0.9953166154381656,0.9953225012309207,4.153433399973437
128,0.0001,128,ReLU,300,0.995334170624949,0.9953166154381656,0.9953225012309207,4.180159499985166
128,0.0001,128,ReLU,500,0.995334170624949,0.9953166154381656,0.9953225012309207,4.158675999962725
128,0.0001,128,ReLU,1000,0.995334170624949,0.9953166154381656,0.9953225012309207,4.469292299938388
128,0.0001,128,Tanh,50,0.950357580482917,0.9507686967149591,0.9508862629246676,2.69604629999958
128,0.0001,128,Tanh,100,0.9762950914062227,0.976450792659741,0.9764894140817332,4.440032399958
128,0.0001,128,Tanh,300,0.9862703756063649,0.9863177470957167,0.9863367799113737,6.081227699993178
128,0.0001,128,Tanh,500,0.9862703756063649,0.9863177470957167,0.9863367799113737,6.250249300035648
128,0.0001,128,Tanh,1000,0.9862703756063649,0.9863177470957167,0.9863367799113737,6.121106699923985
128,0.0001,128,Sigmoid,50,0.9007479308831469,0.9020566954663513,0.9028803545051699,2.4037431000033394
128,0.0001,128,Sigmoid,100,0.922634594546309,0.9235633065530033,0.9239290989660266,4.188483200035989
128,0.0001,128,Sigmoid,300,0.9231630398054972,0.9240683634012183,0.9244214672575086,5.4016456999816
128,0.0001,128,Sigmoid,500,0.9231630398054972,0.9240683634012183,0.9244214672575086,5.138433300075121
128,0.0001,128,Sigmoid,1000,0.9231630398054972,0.9240683634012183,0.9244214672575086,5.277388699934818
128,0.0001,128,GELU,50,0.981428923748529,0.9813905147366051,0.9814130969965534,2.3725235000019893
128,0.0001,128,GELU,100,0.995334170624949,0.9953166154381656,0.9953225012309207,4.117530000046827
128,0.0001,128,GELU,300,0.995334170624949,0.9953166154381656,0.9953225012309207,4.106664699967951
128,0.0001,128,GELU,500,0.995334170624949,0.9953166154381656,0.9953225012309207,4.1289627000223845
128,0.0001,128,GELU,1000,0.995334170624949,0.9953166154381656,0.9953225012309207,4.296321399975568
128,0.0001,128,Softmax,50,0.9007479308831469,0.9020566954663513,0.9028803545051699,2.501052899984643
128,0.0001,128,Softmax,100,0.922634594546309,0.9235633065530033,0.9239290989660266,4.166050200001337
128,0.0001,128,Softmax,300,0.9231630398054972,0.9240683634012183,0.9244214672575086,5.273349000024609
128,0.0001,128,Softmax,500,0.9231630398054972,0.9240683634012183,0.9244214672575086,5.429848899948411
128,0.0001,128,Softmax,1000,0.9231630398054972,0.9240683634012183,0.9244214672575086,5.315142399980687
128,0.00025,8,ReLU,50,0.999013989599071,0.999013989599071,0.999015263417036,9.298014700063504
128,0.00025,8,ReLU,100,0.999013989599071,0.999013989599071,0.999015263417036,9.214780100039206
128,0.00025,8,ReLU,300,0.999013989599071,0.999013989599071,0.999015263417036,9.455669199931435
128,0.00025,8,ReLU,500,0.999013989599071,0.999013989599071,0.999015263417036,9.020844500046223
128,0.00025,8,ReLU,1000,0.999013989599071,0.999013989599071,0.999015263417036,9.363374100066721
128,0.00025,8,Tanh,50,0.9996258160923112,0.9996302428179878,0.9996307237813885,11.972937599988654
128,0.00025,8,Tanh,100,0.9996258160923112,0.9996302428179878,0.9996307237813885,11.782671299995854
128,0.00025,8,Tanh,300,0.9996258160923112,0.9996302428179878,0.9996307237813885,12.301000499981456
128,0.00025,8,Tanh,500,0.9996258160923112,0.9996302428179878,0.9996307237813885,12.242461199988611
128,0.00025,8,Tanh,1000,0.9996258160923112,0.9996302428179878,0.9996307237813885,12.479016799945384
128,0.00025,8,Sigmoid,50,0.9961924997184215,0.9961793107288072,0.9961841457410143,16.91405499994289
128,0.00025,8,Sigmoid,100,0.9980456992275037,0.9980280486055435,0.9980305268340719,22.7808675999986
128,0.00025,8,Sigmoid,300,0.9980456992275037,0.9980280486055435,0.9980305268340719,22.899180299951695
128,0.00025,8,Sigmoid,500,0.9980456992275037,0.9980280486055435,0.9980305268340719,22.561260199989192
128,0.00025,8,Sigmoid,1000,0.9980456992275037,0.9980280486055435,0.9980305268340719,22.64847929996904
128,0.00025,8,GELU,50,0.999013989599071,0.999013989599071,0.999015263417036,8.771446100086905
128,0.00025,8,GELU,100,0.999013989599071,0.999013989599071,0.999015263417036,8.656272499938495
128,0.00025,8,GELU,300,0.999013989599071,0.999013989599071,0.999015263417036,8.601797299925238
128,0.00025,8,GELU,500,0.999013989599071,0.999013989599071,0.999015263417036,8.513624700019136
128,0.00025,8,GELU,1000,0.999013989599071,0.999013989599071,0.999015263417036,8.49813130008988
128,0.00025,8,Softmax,50,0.9961924997184215,0.9961793107288072,0.9961841457410143,16.158426300040446
128,0.00025,8,Softmax,100,0.9980456992275037,0.9980280486055435,0.9980305268340719,22.384377900045365
128,0.00025,8,Softmax,300,0.9980456992275037,0.9980280486055435,0.9980305268340719,23.514746300061233
128,0.00025,8,Softmax,500,0.9980456992275037,0.9980280486055435,0.9980305268340719,22.721029300009832
128,0.00025,8,Softmax,1000,0.9980456992275037,0.9980280486055435,0.9980305268340719,22.684517599991523
128,0.00025,16,ReLU,50,0.999013989599071,0.999013989599071,0.999015263417036,4.902782600023784
128,0.00025,16,ReLU,100,0.999013989599071,0.999013989599071,0.999015263417036,4.7661583999870345
128,0.00025,16,ReLU,300,0.999013989599071,0.999013989599071,0.999015263417036,4.941560999955982
128,0.00025,16,ReLU,500,0.999013989599071,0.999013989599071,0.999015263417036,4.784062999999151
128,0.00025,16,ReLU,1000,0.999013989599071,0.999013989599071,0.999015263417036,4.7929102999623865
128,0.00025,16,Tanh,50,0.9988774482769335,0.9988907086624781,0.9988921713441654,7.043737299973145
128,0.00025,16,Tanh,100,0.9988774482769335,0.9988907086624781,0.9988921713441654,6.806163500063121
128,0.00025,16,Tanh,300,0.9988774482769335,0.9988907086624781,0.9988921713441654,7.014880900038406
128,0.00025,16,Tanh,500,0.9988774482769335,0.9988907086624781,0.9988921713441654,6.723428500001319
128,0.00025,16,Tanh,1000,0.9988774482769335,0.9988907086624781,0.9988921713441654,6.769798499997705
128,0.00025,16,Sigmoid,50,0.9687900521211603,0.9689307681684425,0.9689807976366323,8.510800699936226
128,0.00025,16,Sigmoid,100,0.9887442616233684,0.988783223478209,0.9887986213687838,14.650182500015944
128,0.00025,16,Sigmoid,300,0.9887442616233684,0.988783223478209,0.9887986213687838,14.815074700047262
128,0.00025,16,Sigmoid,500,0.9887442616233684,0.988783223478209,0.9887986213687838,14.848680599941872
128,0.00025,16,Sigmoid,1000,0.9887442616233684,0.988783223478209,0.9887986213687838,14.851596700027585
128,0.00025,16,GELU,50,0.999013989599071,0.999013989599071,0.999015263417036,4.804506200016476
128,0.00025,16,GELU,100,0.999013989599071,0.999013989599071,0.999015263417036,4.852793300058693
128,0.00025,16,GELU,300,0.999013989599071,0.999013989599071,0.999015263417036,5.009792200056836
128,0.00025,16,GELU,500,0.999013989599071,0.999013989599071,0.999015263417036,4.758644899935462
128,0.00025,16,GELU,1000,0.999013989599071,0.999013989599071,0.999015263417036,4.627294800011441
128,0.00025,16,Softmax,50,0.9687900521211603,0.9689307681684425,0.9689807976366323,8.578535399981774
128,0.00025,16,Softmax,100,0.9887442616233684,0.988783223478209,0.9887986213687838,14.641490000067279
128,0.00025,16,Softmax,300,0.9887442616233684,0.988783223478209,0.9887986213687838,15.027596800005995
128,0.00025,16,Softmax,500,0.9887442616233684,0.988783223478209,0.9887986213687838,14.654725600033998
128,0.00025,16,Softmax,1000,0.9887442616233684,0.988783223478209,0.9887986213687838,14.907150099985301
128,0.00025,32,ReLU,50,0.998657525720744,0.9986442715489315,0.9986459871984245,3.2072459999471903
128,0.00025,32,ReLU,100,0.998657525720744,0.9986442715489315,0.9986459871984245,3.1151823000982404
128,0.00025,32,ReLU,300,0.998657525720744,0.9986442715489315,0.9986459871984245,3.1244131999555975
128,0.00025,32,ReLU,500,0.998657525720744,0.9986442715489315,0.9986459871984245,3.161314999917522
128,0.00025,32,ReLU,1000,0.998657525720744,0.9986442715489315,0.9986459871984245,3.1887701000086963
128,0.00025,32,Tanh,50,0.9981290804615558,0.9981511478927387,0.9981536189069424,4.7451887999195606
128,0.00025,32,Tanh,100,0.9981290804615558,0.9981511478927387,0.9981536189069424,4.941346200066619
128,0.00025,32,Tanh,300,0.9981290804615558,0.9981511478927387,0.9981536189069424,4.928794800071046
128,0.00025,32,Tanh,500,0.9981290804615558,0.9981511478927387,0.9981536189069424,5.093432899913751
128,0.00025,32,Tanh,1000,0.9981290804615558,0.9981511478927387,0.9981536189069424,4.960010199924
128,0.00025,32,Sigmoid,50,0.955675895322689,0.9559672463630067,0.9560561299852289,4.988561499980278
128,0.00025,32,Sigmoid,100,0.9818989900068744,0.9820013256545723,0.982028557360906,9.256182099925354
128,0.00025,32,Sigmoid,300,0.98301268171526,0.9831109946925615,0.9831363860167405,9.953015899984166
128,0.00025,32,Sigmoid,500,0.98301268171526,0.9831109946925615,0.9831363860167405,9.990696200053208
128,0.00025,32,Sigmoid,1000,0.98301268171526,0.9831109946925615,0.9831363860167405,10.110876300022937
128,0.00025,32,GELU,50,0.998657525720744,0.9986442715489315,0.9986459871984245,3.12981990003027
128,0.00025,32,GELU,100,0.998657525720744,0.9986442715489315,0.9986459871984245,3.154026599950157
128,0.00025,32,GELU,300,0.998657525720744,0.9986442715489315,0.9986459871984245,3.1345078999875113
128,0.00025,32,GELU,500,0.998657525720744,0.9986442715489315,0.9986459871984245,3.3504553000675514
128,0.00025,32,GELU,1000,0.998657525720744,0.9986442715489315,0.9986459871984245,3.161862700013444
128,0.00025,32,Softmax,50,0.955675895322689,0.9559672463630067,0.9560561299852289,4.990810599992983
128,0.00025,32,Softmax,100,0.9818989900068744,0.9820013256545723,0.982028557360906,9.266180600039661
128,0.00025,32,Softmax,300,0.98301268171526,0.9831109946925615,0.9831363860167405,10.298775100032799
128,0.00025,32,Softmax,500,0.98301268171526,0.9831109946925615,0.9831363860167405,10.559332100092433
128,0.00025,32,Softmax,1000,0.98301268171526,0.9831109946925615,0.9831363860167405,10.190723800100386
128,0.00025,64,ReLU,50,0.9973061914268071,0.9972885668326222,0.9972919743968488,2.5839836000232026
128,0.00025,64,ReLU,100,0.9973061914268071,0.9972885668326222,0.9972919743968488,2.4679388999938965
128,0.00025,64,ReLU,300,0.9973061914268071,0.9972885668326222,0.9972919743968488,2.5218825000338256
128,0.00025,64,ReLU,500,0.9973061914268071,0.9972885668326222,0.9972919743968488,2.4925708000082523
128,0.00025,64,ReLU,1000,0.9973061914268071,0.9972885668326222,0.9972919743968488,2.5681543999817222
128,0.00025,64,Tanh,50,0.997033108782532,0.9970419162003697,0.9970457902511078,3.2342800000915304
128,0.00025,64,Tanh,100,0.997033108782532,0.9970419162003697,0.9970457902511078,3.7068883000174537
128,0.00025,64,Tanh,300,0.997033108782532,0.9970419162003697,0.9970457902511078,3.8357978999847546
128,0.00025,64,Tanh,500,0.997033108782532,0.9970419162003697,0.9970457902511078,3.642379099968821
128,0.00025,64,Tanh,1000,0.997033108782532,0.9970419162003697,0.9970457902511078,3.8766904999502003
128,0.00025,64,Sigmoid,50,0.9466298203334667,0.9469567858118983,0.9470704086656819,3.4309193999506533
128,0.00025,64,Sigmoid,100,0.9558124366448265,0.9560920413166072,0.9561792220580995,5.325616499991156
128,0.00025,64,Sigmoid,300,0.9585594053061051,0.9588090365160429,0.9588872476612507,6.916764599969611
128,0.00025,64,Sigmoid,500,0.9585594053061051,0.9588090365160429,0.9588872476612507,6.859904800076038
128,0.00025,64,Sigmoid,1000,0.9585594053061051,0.9588090365160429,0.9588872476612507,6.808611100073904
128,0.00025,64,GELU,50,0.9973061914268071,0.9972885668326222,0.9972919743968488,2.627037200029008
128,0.00025,64,GELU,100,0.9973061914268071,0.9972885668326222,0.9972919743968488,2.741089000017382
128,0.00025,64,GELU,300,0.9973061914268071,0.9972885668326222,0.9972919743968488,2.5771309999981895
128,0.00025,64,GELU,500,0.9973061914268071,0.9972885668326222,0.9972919743968488,2.532676800037734
128,0.00025,64,GELU,1000,0.9973061914268071,0.9972885668326222,0.9972919743968488,2.5088518999982625
128,0.00025,64,Softmax,50,0.9466298203334667,0.9469567858118983,0.9470704086656819,3.6009445999516174
128,0.00025,64,Softmax,100,0.9558124366448265,0.9560920413166072,0.9561792220580995,6.743783700047061
128,0.00025,64,Softmax,300,0.9585594053061051,0.9588090365160429,0.9588872476612507,9.192861999967135
128,0.00025,64,Softmax,500,0.9585594053061051,0.9588090365160429,0.9588872476612507,9.024871099973097
128,0.00025,64,Softmax,1000,0.9585594053061051,0.9588090365160429,0.9588872476612507,8.949128800071776
128,0.00025,128,ReLU,50,0.9973061914268071,0.9972885668326222,0.9972919743968488,2.4820059000048786
128,0.00025,128,ReLU,100,0.9973061914268071,0.9972885668326222,0.9972919743968488,3.034214899991639
128,0.00025,128,ReLU,300,0.9973061914268071,0.9972885668326222,0.9972919743968488,2.9578967000124976
128,0.00025,128,ReLU,500,0.9973061914268071,0.9972885668326222,0.9972919743968488,2.9570571000222117
128,0.00025,128,ReLU,1000,0.9973061914268071,0.9972885668326222,0.9972919743968488,2.9850856999401003
128,0.00025,128,Tanh,50,0.9929259458126357,0.992973978238341,0.9929837518463811,2.7876428000163287
128,0.00025,128,Tanh,100,0.9967777461676188,0.9967953518461652,0.9967996061053668,4.102779700071551
128,0.00025,128,Tanh,300,0.9967777461676188,0.9967953518461652,0.9967996061053668,4.116150700021535
128,0.00025,128,Tanh,500,0.9967777461676188,0.9967953518461652,0.9967996061053668,4.096450099954382
128,0.00025,128,Tanh,1000,0.9967777461676188,0.9967953518461652,0.9967996061053668,4.076852799975313
128,0.00025,128,Sigmoid,50,0.9379829314851424,0.9385230775963511,0.9387001477104875,2.849489099928178
128,0.00025,128,Sigmoid,100,0.943521168881104,0.9439734997693194,0.9441161989167898,4.819309000042267
128,0.00025,128,Sigmoid,300,0.943521168881104,0.9439734997693194,0.9441161989167898,4.738025900092907
128,0.00025,128,Sigmoid,500,0.943521168881104,0.9439734997693194,0.9441161989167898,4.795403600088321
128,0.00025,128,Sigmoid,1000,0.943521168881104,0.9439734997693194,0.9441161989167898,4.651513900025748
128,0.00025,128,GELU,50,0.9973061914268071,0.9972885668326222,0.9972919743968488,2.4892503999872133
128,0.00025,128,GELU,100,0.9973061914268071,0.9972885668326222,0.9972919743968488,2.9530298999743536
128,0.00025,128,GELU,300,0.9973061914268071,0.9972885668326222,0.9972919743968488,3.00546769995708
128,0.00025,128,GELU,500,0.9973061914268071,0.9972885668326222,0.9972919743968488,3.030026499996893
128,0.00025,128,GELU,1000,0.9973061914268071,0.9972885668326222,0.9972919743968488,2.960090200067498
128,0.00025,128,Softmax,50,0.9379829314851424,0.9385230775963511,0.9387001477104875,2.7929935000138357
128,0.00025,128,Softmax,100,0.943521168881104,0.9439734997693194,0.9441161989167898,4.752712899935432
128,0.00025,128,Softmax,300,0.943521168881104,0.9439734997693194,0.9441161989167898,4.787847199942917
128,0.00025,128,Softmax,500,0.943521168881104,0.9439734997693194,0.9441161989167898,4.707138999947347
128,0.00025,128,Softmax,1000,0.943521168881104,0.9439734997693194,0.9441161989167898,4.6442807000130415
