Hidden_Neurons,Learning_Rate,Batch_Size,Activation_Function,Epochs,Balanced_Accuracy,Macro F1 Score,Accuracy,Time(s)
8,0.01,8,ReLU,50,0.8527765352391076,0.8525732696430902,0.8526,4.228656899998896
8,0.01,8,ReLU,100,0.8527765352391076,0.8525732696430902,0.8526,4.3830785999889486
8,0.01,8,ReLU,300,0.8527765352391076,0.8525732696430902,0.8526,4.453120099991793
8,0.01,8,ReLU,500,0.8527765352391076,0.8525732696430902,0.8526,4.41954960001749
8,0.01,8,ReLU,1000,0.8527765352391076,0.8525732696430902,0.8526,4.486545199993998
8,0.01,8,Tanh,50,0.8493427200513733,0.8488465606520891,0.849,3.1915559000044595
8,0.01,8,Tanh,100,0.8493427200513733,0.8488465606520891,0.849,3.1561736000003293
8,0.01,8,Tanh,300,0.8493427200513733,0.8488465606520891,0.849,3.2244866999972146
8,0.01,8,Tanh,500,0.8493427200513733,0.8488465606520891,0.849,3.2154268999875057
8,0.01,8,Tanh,1000,0.8493427200513733,0.8488465606520891,0.849,3.2457786000159103
8,0.01,8,Sigmoid,50,0.8563773723388031,0.8557916219203899,0.856,5.179945799987763
8,0.01,8,Sigmoid,100,0.8563773723388031,0.8557916219203899,0.856,4.92152270002407
8,0.01,8,Sigmoid,300,0.8563773723388031,0.8557916219203899,0.856,5.012401800020598
8,0.01,8,Sigmoid,500,0.8563773723388031,0.8557916219203899,0.856,4.9163812000188045
8,0.01,8,Sigmoid,1000,0.8563773723388031,0.8557916219203899,0.856,5.121988600003533
8,0.01,8,GELU,50,0.8527765352391076,0.8525732696430902,0.8526,4.51498099998571
8,0.01,8,GELU,100,0.8527765352391076,0.8525732696430902,0.8526,4.342758600017987
8,0.01,8,GELU,300,0.8527765352391076,0.8525732696430902,0.8526,4.605161899991799
8,0.01,8,GELU,500,0.8527765352391076,0.8525732696430902,0.8526,4.455057899991516
8,0.01,8,GELU,1000,0.8527765352391076,0.8525732696430902,0.8526,4.500235900020925
8,0.01,8,Softmax,50,0.8563773723388031,0.8557916219203899,0.856,4.95084209999186
8,0.01,8,Softmax,100,0.8563773723388031,0.8557916219203899,0.856,4.937109899998177
8,0.01,8,Softmax,300,0.8563773723388031,0.8557916219203899,0.856,5.021750799991423
8,0.01,8,Softmax,500,0.8563773723388031,0.8557916219203899,0.856,5.040426000021398
8,0.01,8,Softmax,1000,0.8563773723388031,0.8557916219203899,0.856,5.055414700007532
8,0.01,16,ReLU,50,0.859248284995263,0.8589974734404932,0.859,1.7629704999853857
8,0.01,16,ReLU,100,0.859248284995263,0.8589974734404932,0.859,1.8030506999930367
8,0.01,16,ReLU,300,0.859248284995263,0.8589974734404932,0.859,1.770363500021631
8,0.01,16,ReLU,500,0.859248284995263,0.8589974734404932,0.859,1.7051092000037897
8,0.01,16,ReLU,1000,0.859248284995263,0.8589974734404932,0.859,1.78566100000171
8,0.01,16,Tanh,50,0.8551185157212672,0.8546702121323076,0.8548,2.0448323999880813
8,0.01,16,Tanh,100,0.8551185157212672,0.8546702121323076,0.8548,1.99993849999737
8,0.01,16,Tanh,300,0.8551185157212672,0.8546702121323076,0.8548,1.9172126000048593
8,0.01,16,Tanh,500,0.8551185157212672,0.8546702121323076,0.8548,2.0472896000137553
8,0.01,16,Tanh,1000,0.8551185157212672,0.8546702121323076,0.8548,1.9627684000006411
8,0.01,16,Sigmoid,50,0.8645223696257848,0.8640615405925547,0.8642,2.3758484999998473
8,0.01,16,Sigmoid,100,0.8645223696257848,0.8640615405925547,0.8642,2.231675400020322
8,0.01,16,Sigmoid,300,0.8645223696257848,0.8640615405925547,0.8642,2.3281852999934927
8,0.01,16,Sigmoid,500,0.8645223696257848,0.8640615405925547,0.8642,2.4729103000136092
8,0.01,16,Sigmoid,1000,0.8645223696257848,0.8640615405925547,0.8642,2.388866900000721
8,0.01,16,GELU,50,0.859248284995263,0.8589974734404932,0.859,1.8214322999992874
8,0.01,16,GELU,100,0.859248284995263,0.8589974734404932,0.859,1.7863307999796234
8,0.01,16,GELU,300,0.859248284995263,0.8589974734404932,0.859,1.7266112999932375
8,0.01,16,GELU,500,0.859248284995263,0.8589974734404932,0.859,1.8597175999893807
8,0.01,16,GELU,1000,0.859248284995263,0.8589974734404932,0.859,1.7254952999937814
8,0.01,16,Softmax,50,0.8645223696257848,0.8640615405925547,0.8642,2.405492799996864
8,0.01,16,Softmax,100,0.8645223696257848,0.8640615405925547,0.8642,2.424844099994516
8,0.01,16,Softmax,300,0.8645223696257848,0.8640615405925547,0.8642,2.3329360999923665
8,0.01,16,Softmax,500,0.8645223696257848,0.8640615405925547,0.8642,2.2390339999983553
8,0.01,16,Softmax,1000,0.8645223696257848,0.8640615405925547,0.8642,2.19228999997722
8,0.01,32,ReLU,50,0.8588848607433562,0.8585102519243298,0.8586,1.1397130000113975
8,0.01,32,ReLU,100,0.8588848607433562,0.8585102519243298,0.8586,1.0036793999897782
8,0.01,32,ReLU,300,0.8588848607433562,0.8585102519243298,0.8586,1.1327754000085406
8,0.01,32,ReLU,500,0.8588848607433562,0.8585102519243298,0.8586,1.0896668000204954
8,0.01,32,ReLU,1000,0.8588848607433562,0.8585102519243298,0.8586,1.057238999987021
8,0.01,32,Tanh,50,0.8589171533544705,0.8584769101537585,0.8586,1.3893152000091504
8,0.01,32,Tanh,100,0.8589171533544705,0.8584769101537585,0.8586,1.3087063999846578
8,0.01,32,Tanh,300,0.8589171533544705,0.8584769101537585,0.8586,1.2392018999962602
8,0.01,32,Tanh,500,0.8589171533544705,0.8584769101537585,0.8586,1.13166280000587
8,0.01,32,Tanh,1000,0.8589171533544705,0.8584769101537585,0.8586,1.2972697999794036
8,0.01,32,Sigmoid,50,0.8691239482131055,0.86866864628839,0.8688,1.3828304999915417
8,0.01,32,Sigmoid,100,0.8691239482131055,0.86866864628839,0.8688,1.3277769999986049
8,0.01,32,Sigmoid,300,0.8691239482131055,0.86866864628839,0.8688,1.2683218000165652
8,0.01,32,Sigmoid,500,0.8691239482131055,0.86866864628839,0.8688,1.3223520999890752
8,0.01,32,Sigmoid,1000,0.8691239482131055,0.86866864628839,0.8688,1.3538981000019703
8,0.01,32,GELU,50,0.8588848607433562,0.8585102519243298,0.8586,1.0808898000104818
8,0.01,32,GELU,100,0.8588848607433562,0.8585102519243298,0.8586,1.103761400008807
8,0.01,32,GELU,300,0.8588848607433562,0.8585102519243298,0.8586,1.0412765000073705
8,0.01,32,GELU,500,0.8588848607433562,0.8585102519243298,0.8586,1.095277399988845
8,0.01,32,GELU,1000,0.8588848607433562,0.8585102519243298,0.8586,1.067857299989555
8,0.01,32,Softmax,50,0.8691239482131055,0.86866864628839,0.8688,1.3019650999922305
8,0.01,32,Softmax,100,0.8691239482131055,0.86866864628839,0.8688,1.3399939000082668
8,0.01,32,Softmax,300,0.8691239482131055,0.86866864628839,0.8688,1.234377399989171
8,0.01,32,Softmax,500,0.8691239482131055,0.86866864628839,0.8688,1.3638797999883536
8,0.01,32,Softmax,1000,0.8691239482131055,0.86866864628839,0.8688,1.3322274000092875
8,0.01,64,ReLU,50,0.8597737236299926,0.8596581019078919,0.8596,0.7740953000029549
8,0.01,64,ReLU,100,0.8597737236299926,0.8596581019078919,0.8596,0.7345449999847915
8,0.01,64,ReLU,300,0.8597737236299926,0.8596581019078919,0.8596,0.799272900010692
8,0.01,64,ReLU,500,0.8597737236299926,0.8596581019078919,0.8596,0.7641178999911062
8,0.01,64,ReLU,1000,0.8597737236299926,0.8596581019078919,0.8596,0.8426000000035856
8,0.01,64,Tanh,50,0.8564299808838509,0.855693990125086,0.856,0.7623212999897078
8,0.01,64,Tanh,100,0.8564299808838509,0.855693990125086,0.856,0.7528701999981422
8,0.01,64,Tanh,300,0.8564299808838509,0.855693990125086,0.856,0.8060959999857005
8,0.01,64,Tanh,500,0.8564299808838509,0.855693990125086,0.856,0.7858803999843076
8,0.01,64,Tanh,1000,0.8564299808838509,0.855693990125086,0.856,0.7964905000117142
8,0.01,64,Sigmoid,50,0.8633312662018001,0.862862070162551,0.863,0.8675144000153523
8,0.01,64,Sigmoid,100,0.8633312662018001,0.862862070162551,0.863,0.9283846999751404
8,0.01,64,Sigmoid,300,0.8633312662018001,0.862862070162551,0.863,0.9193737000168767
8,0.01,64,Sigmoid,500,0.8633312662018001,0.862862070162551,0.863,0.9100743000162765
8,0.01,64,Sigmoid,1000,0.8633312662018001,0.862862070162551,0.863,0.8967517999990378
8,0.01,64,GELU,50,0.8597737236299926,0.8596581019078919,0.8596,0.7230390000040643
8,0.01,64,GELU,100,0.8597737236299926,0.8596581019078919,0.8596,0.7656635000021197
8,0.01,64,GELU,300,0.8597737236299926,0.8596581019078919,0.8596,0.8145267000072636
8,0.01,64,GELU,500,0.8597737236299926,0.8596581019078919,0.8596,0.7488063000200782
8,0.01,64,GELU,1000,0.8597737236299926,0.8596581019078919,0.8596,0.8583893000031821
8,0.01,64,Softmax,50,0.8633312662018001,0.862862070162551,0.863,0.9024472000019159
8,0.01,64,Softmax,100,0.8633312662018001,0.862862070162551,0.863,0.9714979999989737
8,0.01,64,Softmax,300,0.8633312662018001,0.862862070162551,0.863,0.8563087999937125
8,0.01,64,Softmax,500,0.8633312662018001,0.862862070162551,0.863,0.9452526999812108
8,0.01,64,Softmax,1000,0.8633312662018001,0.862862070162551,0.863,0.9011376999842469
8,0.01,128,ReLU,50,0.8602220490380615,0.8599955971282277,0.86,0.6821242999867536
8,0.01,128,ReLU,100,0.8602220490380615,0.8599955971282277,0.86,0.6534282999928109
8,0.01,128,ReLU,300,0.8602220490380615,0.8599955971282277,0.86,0.6370587999990676
8,0.01,128,ReLU,500,0.8602220490380615,0.8599955971282277,0.86,0.6402712000126485
8,0.01,128,ReLU,1000,0.8602220490380615,0.8599955971282277,0.86,0.6709404999855906
8,0.01,128,Tanh,50,0.8599401142808928,0.8594270947969389,0.8596,0.5330573999963235
8,0.01,128,Tanh,100,0.8599401142808928,0.8594270947969389,0.8596,0.6054917000001296
8,0.01,128,Tanh,300,0.8599401142808928,0.8594270947969389,0.8596,0.5800065999792423
8,0.01,128,Tanh,500,0.8599401142808928,0.8594270947969389,0.8596,0.5421869999845512
8,0.01,128,Tanh,1000,0.8599401142808928,0.8594270947969389,0.8596,0.5640251000004355
8,0.01,128,Sigmoid,50,0.8645397254163015,0.8640586958910537,0.8642,0.6002836000116076
8,0.01,128,Sigmoid,100,0.8645397254163015,0.8640586958910537,0.8642,0.6073751000221819
8,0.01,128,Sigmoid,300,0.8645397254163015,0.8640586958910537,0.8642,0.5748654999770224
8,0.01,128,Sigmoid,500,0.8645397254163015,0.8640586958910537,0.8642,0.6289418999804184
8,0.01,128,Sigmoid,1000,0.8645397254163015,0.8640586958910537,0.8642,0.6275118000048678
8,0.01,128,GELU,50,0.8602220490380615,0.8599955971282277,0.86,0.6829659000213724
8,0.01,128,GELU,100,0.8602220490380615,0.8599955971282277,0.86,0.6604442999814637
8,0.01,128,GELU,300,0.8602220490380615,0.8599955971282277,0.86,0.638283300009789
8,0.01,128,GELU,500,0.8602220490380615,0.8599955971282277,0.86,0.6063188999833073
8,0.01,128,GELU,1000,0.8602220490380615,0.8599955971282277,0.86,0.629549200006295
8,0.01,128,Softmax,50,0.8645397254163015,0.8640586958910537,0.8642,0.6507627000100911
8,0.01,128,Softmax,100,0.8645397254163015,0.8640586958910537,0.8642,0.5854803000111133
8,0.01,128,Softmax,300,0.8645397254163015,0.8640586958910537,0.8642,0.6300336999993306
8,0.01,128,Softmax,500,0.8645397254163015,0.8640586958910537,0.8642,0.6589275000151247
8,0.01,128,Softmax,1000,0.8645397254163015,0.8640586958910537,0.8642,0.5653881999896839
8,0.001,8,ReLU,50,0.8648207033441615,0.8645842424875486,0.8646,6.049716399982572
8,0.001,8,ReLU,100,0.8648207033441615,0.8645842424875486,0.8646,6.077786999987438
8,0.001,8,ReLU,300,0.8648207033441615,0.8645842424875486,0.8646,5.821044599986635
8,0.001,8,ReLU,500,0.8648207033441615,0.8645842424875486,0.8646,5.875153099972522
8,0.001,8,ReLU,1000,0.8648207033441615,0.8645842424875486,0.8646,6.042604799993569
8,0.001,8,Tanh,50,0.8611238532085316,0.8606528604069514,0.8608,6.088718800019706
8,0.001,8,Tanh,100,0.8611238532085316,0.8606528604069514,0.8608,6.172898899996653
8,0.001,8,Tanh,300,0.8611238532085316,0.8606528604069514,0.8608,6.084962499997346
8,0.001,8,Tanh,500,0.8611238532085316,0.8606528604069514,0.8608,6.100620199984405
8,0.001,8,Tanh,1000,0.8611238532085316,0.8606528604069514,0.8608,5.958635199989658
8,0.001,8,Sigmoid,50,0.8656730669409062,0.8653308681584578,0.8654,7.582181100005982
8,0.001,8,Sigmoid,100,0.8656730669409062,0.8653308681584578,0.8654,7.294583400012925
8,0.001,8,Sigmoid,300,0.8656730669409062,0.8653308681584578,0.8654,7.141650900011882
8,0.001,8,Sigmoid,500,0.8656730669409062,0.8653308681584578,0.8654,7.283444300002884
8,0.001,8,Sigmoid,1000,0.8656730669409062,0.8653308681584578,0.8654,7.339856699982192
8,0.001,8,GELU,50,0.8648207033441615,0.8645842424875486,0.8646,5.821105899987742
8,0.001,8,GELU,100,0.8648207033441615,0.8645842424875486,0.8646,6.197824600007152
8,0.001,8,GELU,300,0.8648207033441615,0.8645842424875486,0.8646,5.939191299985396
8,0.001,8,GELU,500,0.8648207033441615,0.8645842424875486,0.8646,5.887287199991988
8,0.001,8,GELU,1000,0.8648207033441615,0.8645842424875486,0.8646,6.062118000001647
8,0.001,8,Softmax,50,0.8656730669409062,0.8653308681584578,0.8654,7.314205799979391
8,0.001,8,Softmax,100,0.8656730669409062,0.8653308681584578,0.8654,6.95559470000444
8,0.001,8,Softmax,300,0.8656730669409062,0.8653308681584578,0.8654,7.053757499990752
8,0.001,8,Softmax,500,0.8656730669409062,0.8653308681584578,0.8654,7.324762600008398
8,0.001,8,Softmax,1000,0.8656730669409062,0.8653308681584578,0.8654,7.147434599988628
8,0.001,16,ReLU,50,0.8603860308727965,0.8602105720188283,0.8602,3.2232616000110283
8,0.001,16,ReLU,100,0.8603860308727965,0.8602105720188283,0.8602,3.3262630999961402
8,0.001,16,ReLU,300,0.8603860308727965,0.8602105720188283,0.8602,3.135924600006547
8,0.001,16,ReLU,500,0.8603860308727965,0.8602105720188283,0.8602,3.184902500011958
8,0.001,16,ReLU,1000,0.8603860308727965,0.8602105720188283,0.8602,3.2310762999986764
8,0.001,16,Tanh,50,0.8609229307196515,0.8604610430514193,0.8606,3.285855399997672
8,0.001,16,Tanh,100,0.8609229307196515,0.8604610430514193,0.8606,3.318425700010266
8,0.001,16,Tanh,300,0.8609229307196515,0.8604610430514193,0.8606,3.294966499990551
8,0.001,16,Tanh,500,0.8609229307196515,0.8604610430514193,0.8606,3.0846654000051785
8,0.001,16,Tanh,1000,0.8609229307196515,0.8604610430514193,0.8606,3.451730399974622
8,0.001,16,Sigmoid,50,0.8653032708841586,0.8649014842851998,0.865,4.44680890001473
8,0.001,16,Sigmoid,100,0.8653032708841586,0.8649014842851998,0.865,4.376452299999073
8,0.001,16,Sigmoid,300,0.8653032708841586,0.8649014842851998,0.865,4.262567300000228
8,0.001,16,Sigmoid,500,0.8653032708841586,0.8649014842851998,0.865,4.332688900001813
8,0.001,16,Sigmoid,1000,0.8653032708841586,0.8649014842851998,0.865,4.447291099990252
8,0.001,16,GELU,50,0.8603860308727965,0.8602105720188283,0.8602,3.2501937999913935
8,0.001,16,GELU,100,0.8603860308727965,0.8602105720188283,0.8602,3.0931163000059314
8,0.001,16,GELU,300,0.8603860308727965,0.8602105720188283,0.8602,3.133517199981725
8,0.001,16,GELU,500,0.8603860308727965,0.8602105720188283,0.8602,3.123398499999894
8,0.001,16,GELU,1000,0.8603860308727965,0.8602105720188283,0.8602,3.2674635000003036
8,0.001,16,Softmax,50,0.8653032708841586,0.8649014842851998,0.865,4.4765017000027
8,0.001,16,Softmax,100,0.8653032708841586,0.8649014842851998,0.865,4.537110200006282
8,0.001,16,Softmax,300,0.8653032708841586,0.8649014842851998,0.865,4.473596199997701
8,0.001,16,Softmax,500,0.8653032708841586,0.8649014842851998,0.865,4.376703299989458
8,0.001,16,Softmax,1000,0.8653032708841586,0.8649014842851998,0.865,4.4869059000047855
8,0.001,32,ReLU,50,0.864806515524967,0.8645879850788459,0.8646,1.9486077000037767
8,0.001,32,ReLU,100,0.864806515524967,0.8645879850788459,0.8646,1.901138900022488
8,0.001,32,ReLU,300,0.864806515524967,0.8645879850788459,0.8646,1.9600273000251036
8,0.001,32,ReLU,500,0.864806515524967,0.8645879850788459,0.8646,1.8946249000146054
8,0.001,32,ReLU,1000,0.864806515524967,0.8645879850788459,0.8646,1.8918087999918498
8,0.001,32,Tanh,50,0.862149494726073,0.8616306306124657,0.8618,1.9229396999871824
8,0.001,32,Tanh,100,0.862149494726073,0.8616306306124657,0.8618,1.954982099996414
8,0.001,32,Tanh,300,0.862149494726073,0.8616306306124657,0.8618,1.9674355000024661
8,0.001,32,Tanh,500,0.862149494726073,0.8616306306124657,0.8618,2.0132058000017423
8,0.001,32,Tanh,1000,0.862149494726073,0.8616306306124657,0.8618,2.036742600001162
8,0.001,32,Sigmoid,50,0.8653198956043703,0.8648769724063347,0.865,2.2471966999873985
8,0.001,32,Sigmoid,100,0.8653198956043703,0.8648769724063347,0.865,2.161164799996186
8,0.001,32,Sigmoid,300,0.8653198956043703,0.8648769724063347,0.865,2.19742040001438
8,0.001,32,Sigmoid,500,0.8653198956043703,0.8648769724063347,0.865,2.1258539000118617
8,0.001,32,Sigmoid,1000,0.8653198956043703,0.8648769724063347,0.865,2.2173130000010133
8,0.001,32,GELU,50,0.864806515524967,0.8645879850788459,0.8646,1.8801955000089947
8,0.001,32,GELU,100,0.864806515524967,0.8645879850788459,0.8646,1.905077600007644
8,0.001,32,GELU,300,0.864806515524967,0.8645879850788459,0.8646,1.865655700006755
8,0.001,32,GELU,500,0.864806515524967,0.8645879850788459,0.8646,1.8528918000229169
8,0.001,32,GELU,1000,0.864806515524967,0.8645879850788459,0.8646,1.8924793000041973
8,0.001,32,Softmax,50,0.8653198956043703,0.8648769724063347,0.865,2.1796572000021115
8,0.001,32,Softmax,100,0.8653198956043703,0.8648769724063347,0.865,2.192882900009863
8,0.001,32,Softmax,300,0.8653198956043703,0.8648769724063347,0.865,2.2841026000096463
8,0.001,32,Softmax,500,0.8653198956043703,0.8648769724063347,0.865,2.0535333000007086
8,0.001,32,Softmax,1000,0.8653198956043703,0.8648769724063347,0.865,2.2976520000083838
8,0.001,64,ReLU,50,0.8652100663334394,0.8649868322188304,0.865,1.3889029000129085
8,0.001,64,ReLU,100,0.8652100663334394,0.8649868322188304,0.865,1.4061350999982096
8,0.001,64,ReLU,300,0.8652100663334394,0.8649868322188304,0.865,1.3585448999947403
8,0.001,64,ReLU,500,0.8652100663334394,0.8649868322188304,0.865,1.404910999990534
8,0.001,64,ReLU,1000,0.8652100663334394,0.8649868322188304,0.865,1.4388264000008348
8,0.001,64,Tanh,50,0.8591051064746651,0.8586963266798611,0.8588,1.309141300007468
8,0.001,64,Tanh,100,0.8591051064746651,0.8586963266798611,0.8588,1.4218089999922086
8,0.001,64,Tanh,300,0.8591051064746651,0.8586963266798611,0.8588,1.277447200001916
8,0.001,64,Tanh,500,0.8591051064746651,0.8586963266798611,0.8588,1.3869632999994792
8,0.001,64,Tanh,1000,0.8591051064746651,0.8586963266798611,0.8588,1.297676699992735
8,0.001,64,Sigmoid,50,0.8627867121525475,0.8621807148664075,0.8624,1.457734600000549
8,0.001,64,Sigmoid,100,0.8627867121525475,0.8621807148664075,0.8624,1.4913845999981277
8,0.001,64,Sigmoid,300,0.8627867121525475,0.8621807148664075,0.8624,1.4494552000251133
8,0.001,64,Sigmoid,500,0.8627867121525475,0.8621807148664075,0.8624,1.411216400010744
8,0.001,64,Sigmoid,1000,0.8627867121525475,0.8621807148664075,0.8624,1.423492800007807
8,0.001,64,GELU,50,0.8652100663334394,0.8649868322188304,0.865,1.45371190001606
8,0.001,64,GELU,100,0.8652100663334394,0.8649868322188304,0.865,1.4014010000100825
8,0.001,64,GELU,300,0.8652100663334394,0.8649868322188304,0.865,1.1951308000134304
8,0.001,64,GELU,500,0.8652100663334394,0.8649868322188304,0.865,1.4768021000199951
8,0.001,64,GELU,1000,0.8652100663334394,0.8649868322188304,0.865,1.4015976999944542
8,0.001,64,Softmax,50,0.8627867121525475,0.8621807148664075,0.8624,1.4772882999968715
8,0.001,64,Softmax,100,0.8627867121525475,0.8621807148664075,0.8624,1.4623110000102315
8,0.001,64,Softmax,300,0.8627867121525475,0.8621807148664075,0.8624,1.463483500003349
8,0.001,64,Softmax,500,0.8627867121525475,0.8621807148664075,0.8624,1.3677192000031937
8,0.001,64,Softmax,1000,0.8627867121525475,0.8621807148664075,0.8624,1.5425867000012659
8,0.001,128,ReLU,50,0.864856425547798,0.8645446520884339,0.8646,1.0061830999911763
8,0.001,128,ReLU,100,0.864856425547798,0.8645446520884339,0.8646,1.0889774999814108
8,0.001,128,ReLU,300,0.864856425547798,0.8645446520884339,0.8646,1.1031709999952
8,0.001,128,ReLU,500,0.864856425547798,0.8645446520884339,0.8646,1.0886802999884821
8,0.001,128,ReLU,1000,0.864856425547798,0.8645446520884339,0.8646,1.1332550000224728
8,0.001,128,Tanh,50,0.8606882534790468,0.8603158243339114,0.8604,0.9733849999902304
8,0.001,128,Tanh,100,0.8606882534790468,0.8603158243339114,0.8604,1.0256447999854572
8,0.001,128,Tanh,300,0.8606882534790468,0.8603158243339114,0.8604,1.028979900002014
8,0.001,128,Tanh,500,0.8606882534790468,0.8603158243339114,0.8604,0.9905634000024293
8,0.001,128,Tanh,1000,0.8606882534790468,0.8603158243339114,0.8604,1.0194553000037558
8,0.001,128,Sigmoid,50,0.8588125854565342,0.8581276795180129,0.8584,0.9494089999934658
8,0.001,128,Sigmoid,100,0.8592156488848031,0.8585245612758565,0.8588,1.165130000008503
8,0.001,128,Sigmoid,300,0.8592156488848031,0.8585245612758565,0.8588,1.0906460999976844
8,0.001,128,Sigmoid,500,0.8592156488848031,0.8585245612758565,0.8588,1.1085279999824706
8,0.001,128,Sigmoid,1000,0.8592156488848031,0.8585245612758565,0.8588,1.0180377000069711
8,0.001,128,GELU,50,0.864856425547798,0.8645446520884339,0.8646,0.9723681999894325
8,0.001,128,GELU,100,0.864856425547798,0.8645446520884339,0.8646,1.0032714999979362
8,0.001,128,GELU,300,0.864856425547798,0.8645446520884339,0.8646,1.079819700011285
8,0.001,128,GELU,500,0.864856425547798,0.8645446520884339,0.8646,1.0382086000172421
8,0.001,128,GELU,1000,0.864856425547798,0.8645446520884339,0.8646,1.091837799991481
8,0.001,128,Softmax,50,0.8588125854565342,0.8581276795180129,0.8584,0.9530568000045605
8,0.001,128,Softmax,100,0.8592156488848031,0.8585245612758565,0.8588,1.1196314000117127
8,0.001,128,Softmax,300,0.8592156488848031,0.8585245612758565,0.8588,1.1009516000049189
8,0.001,128,Softmax,500,0.8592156488848031,0.8585245612758565,0.8588,1.0789064999844413
8,0.001,128,Softmax,1000,0.8592156488848031,0.8585245612758565,0.8588,1.0582918000000063
8,0.0001,8,ReLU,50,0.856230810241633,0.8559665656325627,0.856,9.946682400011923
8,0.0001,8,ReLU,100,0.8564368681537475,0.8561613057772767,0.8562,12.596006800013129
8,0.0001,8,ReLU,300,0.8564368681537475,0.8561613057772767,0.8562,12.539542499987874
8,0.0001,8,ReLU,500,0.8564368681537475,0.8561613057772767,0.8562,12.729244300018763
8,0.0001,8,ReLU,1000,0.8564368681537475,0.8561613057772767,0.8562,12.851082699984545
8,0.0001,8,Tanh,50,0.8541046071908048,0.853695103052791,0.8538,9.404060100001516
8,0.0001,8,Tanh,100,0.8543018563970611,0.8538977620915545,0.854,11.15172920000623
8,0.0001,8,Tanh,300,0.8543018563970611,0.8538977620915545,0.854,11.271267299976898
8,0.0001,8,Tanh,500,0.8543018563970611,0.8538977620915545,0.854,11.292586199997459
8,0.0001,8,Tanh,1000,0.8543018563970611,0.8538977620915545,0.854,11.20318280000356
8,0.0001,8,Sigmoid,50,0.8561509446994613,0.8555592378801213,0.8558,9.296540100011043
8,0.0001,8,Sigmoid,100,0.8565444683515668,0.8559739323311643,0.8562,11.017652600014117
8,0.0001,8,Sigmoid,300,0.8565444683515668,0.8559739323311643,0.8562,11.21057429999928
8,0.0001,8,Sigmoid,500,0.8565444683515668,0.8559739323311643,0.8562,11.455527999991318
8,0.0001,8,Sigmoid,1000,0.8565444683515668,0.8559739323311643,0.8562,11.271369100024458
8,0.0001,8,GELU,50,0.856230810241633,0.8559665656325627,0.856,9.99831450000056
8,0.0001,8,GELU,100,0.8564368681537475,0.8561613057772767,0.8562,13.131321699998807
8,0.0001,8,GELU,300,0.8564368681537475,0.8561613057772767,0.8562,12.87374149999232
8,0.0001,8,GELU,500,0.8564368681537475,0.8561613057772767,0.8562,12.648098599980585
8,0.0001,8,GELU,1000,0.8564368681537475,0.8561613057772767,0.8562,12.76244749999023
8,0.0001,8,Softmax,50,0.8561509446994613,0.8555592378801213,0.8558,9.368958300008671
8,0.0001,8,Softmax,100,0.8565444683515668,0.8559739323311643,0.8562,11.051406800019322
8,0.0001,8,Softmax,300,0.8565444683515668,0.8559739323311643,0.8562,11.022735300008208
8,0.0001,8,Softmax,500,0.8565444683515668,0.8559739323311643,0.8562,11.051986900012707
8,0.0001,8,Softmax,1000,0.8565444683515668,0.8559739323311643,0.8562,11.340018399991095
8,0.0001,16,ReLU,50,0.854073776720301,0.8537300287126078,0.8538,5.36178760000621
8,0.0001,16,ReLU,100,0.8560612056034603,0.8557412646918645,0.8558,7.670162399997935
8,0.0001,16,ReLU,300,0.8560612056034603,0.8557412646918645,0.8558,7.707452700007707
8,0.0001,16,ReLU,500,0.8560612056034603,0.8557412646918645,0.8558,7.746175199979916
8,0.0001,16,ReLU,1000,0.8560612056034603,0.8557412646918645,0.8558,7.777582000009716
8,0.0001,16,Tanh,50,0.8523127216831896,0.8518854135178233,0.852,5.222721300000558
8,0.0001,16,Tanh,100,0.8531276572455857,0.8526701743252252,0.8528,8.164798300014809
8,0.0001,16,Tanh,300,0.8531276572455857,0.8526701743252252,0.8528,8.30451549999998
8,0.0001,16,Tanh,500,0.8531276572455857,0.8526701743252252,0.8528,8.06204630000866
8,0.0001,16,Tanh,1000,0.8531276572455857,0.8526701743252252,0.8528,8.112564200011548
8,0.0001,16,Sigmoid,50,0.8535115693971361,0.8529450898075955,0.8532,5.110820300003979
8,0.0001,16,Sigmoid,100,0.854907981731832,0.8543690483468267,0.8546,7.176750599988736
8,0.0001,16,Sigmoid,300,0.854907981731832,0.8543690483468267,0.8546,7.194466800021473
8,0.0001,16,Sigmoid,500,0.854907981731832,0.8543690483468267,0.8546,7.218573099991772
8,0.0001,16,Sigmoid,1000,0.854907981731832,0.8543690483468267,0.8546,7.259067899984075
8,0.0001,16,GELU,50,0.854073776720301,0.8537300287126078,0.8538,5.319629800011171
8,0.0001,16,GELU,100,0.8560612056034603,0.8557412646918645,0.8558,8.012025899981381
8,0.0001,16,GELU,300,0.8560612056034603,0.8557412646918645,0.8558,8.097524899989367
8,0.0001,16,GELU,500,0.8560612056034603,0.8557412646918645,0.8558,7.774561400001403
8,0.0001,16,GELU,1000,0.8560612056034603,0.8557412646918645,0.8558,7.801453499996569
8,0.0001,16,Softmax,50,0.8535115693971361,0.8529450898075955,0.8532,5.121761899994453
8,0.0001,16,Softmax,100,0.854907981731832,0.8543690483468267,0.8546,7.195734099979745
8,0.0001,16,Softmax,300,0.854907981731832,0.8543690483468267,0.8546,7.040355899982387
8,0.0001,16,Softmax,500,0.854907981731832,0.8543690483468267,0.8546,7.431983499991475
8,0.0001,16,Softmax,1000,0.854907981731832,0.8543690483468267,0.8546,7.078338999999687
8,0.0001,32,ReLU,50,0.8398859959806083,0.8395047681397433,0.8396,2.883547200006433
8,0.0001,32,ReLU,100,0.8566534406024324,0.8563529911739528,0.8564,5.119304099993315
8,0.0001,32,ReLU,300,0.856845798075556,0.8565584048448341,0.8566,6.25163009998505
8,0.0001,32,ReLU,500,0.856845798075556,0.8565584048448341,0.8566,6.0381364000204485
8,0.0001,32,ReLU,1000,0.856845798075556,0.8565584048448341,0.8566,6.005991499987431
8,0.0001,32,Tanh,50,0.8428428024847352,0.8426182514045575,0.8426,2.812105800025165
8,0.0001,32,Tanh,100,0.8484389663600894,0.8481860908662862,0.8482,4.206227199989371
8,0.0001,32,Tanh,300,0.8484389663600894,0.8481860908662862,0.8482,4.399808200018015
8,0.0001,32,Tanh,500,0.8484389663600894,0.8481860908662862,0.8482,4.160055699991062
8,0.0001,32,Tanh,1000,0.8484389663600894,0.8481860908662862,0.8482,4.32286089999252
8,0.0001,32,Sigmoid,50,0.834758204048713,0.8342358974965994,0.8346,2.7935426000040025
8,0.0001,32,Sigmoid,100,0.843851991247775,0.8433977594642709,0.8436,4.75692019998678
8,0.0001,32,Sigmoid,300,0.843851991247775,0.8433977594642709,0.8436,5.079298900003778
8,0.0001,32,Sigmoid,500,0.843851991247775,0.8433977594642709,0.8436,4.981472100014798
8,0.0001,32,Sigmoid,1000,0.843851991247775,0.8433977594642709,0.8436,5.073017600021558
8,0.0001,32,GELU,50,0.8398859959806083,0.8395047681397433,0.8396,2.8788016000180505
8,0.0001,32,GELU,100,0.8566534406024324,0.8563529911739528,0.8564,5.159174600004917
8,0.0001,32,GELU,300,0.856845798075556,0.8565584048448341,0.8566,5.924824999994598
8,0.0001,32,GELU,500,0.856845798075556,0.8565584048448341,0.8566,6.153260099992622
8,0.0001,32,GELU,1000,0.856845798075556,0.8565584048448341,0.8566,6.081830299983267
8,0.0001,32,Softmax,50,0.834758204048713,0.8342358974965994,0.8346,2.7526607000036165
8,0.0001,32,Softmax,100,0.843851991247775,0.8433977594642709,0.8436,4.797677399998065
8,0.0001,32,Softmax,300,0.843851991247775,0.8433977594642709,0.8436,5.1379848000069614
8,0.0001,32,Softmax,500,0.843851991247775,0.8433977594642709,0.8436,4.84163839998655
8,0.0001,32,Softmax,1000,0.843851991247775,0.8433977594642709,0.8436,4.993821100011701
8,0.0001,64,ReLU,50,0.7925235464156559,0.7917241216527214,0.7922,1.646225400007097
8,0.0001,64,ReLU,100,0.8458793388595941,0.8455051851406002,0.8456,3.143521399993915
8,0.0001,64,ReLU,300,0.8474776484435771,0.8471082094048903,0.8472,3.871483900002204
8,0.0001,64,ReLU,500,0.8474776484435771,0.8471082094048903,0.8472,3.899385299999267
8,0.0001,64,ReLU,1000,0.8474776484435771,0.8471082094048903,0.8472,3.9683345000084955
8,0.0001,64,Tanh,50,0.8091379311857089,0.809512275294859,0.8092,1.5791553000162821
8,0.0001,64,Tanh,100,0.8387637203198256,0.8387024227933493,0.8386,2.978367799980333
8,0.0001,64,Tanh,300,0.8387590722767948,0.8387079926172255,0.8386,3.2293235000106506
8,0.0001,64,Tanh,500,0.8387590722767948,0.8387079926172255,0.8386,3.2547004999942146
8,0.0001,64,Tanh,1000,0.8387590722767948,0.8387079926172255,0.8386,3.2446482999948785
8,0.0001,64,Sigmoid,50,0.7812274941767248,0.7769711772644704,0.7816,1.5328657000209205
8,0.0001,64,Sigmoid,100,0.8071484272640502,0.8060546722600456,0.8072,2.8108752999978606
8,0.0001,64,Sigmoid,300,0.8087592188365155,0.8077887936873939,0.8088,3.588661600020714
8,0.0001,64,Sigmoid,500,0.8087592188365155,0.8077887936873939,0.8088,3.6734664000105113
8,0.0001,64,Sigmoid,1000,0.8087592188365155,0.8077887936873939,0.8088,3.641051000013249
8,0.0001,64,GELU,50,0.7925235464156559,0.7917241216527214,0.7922,1.6706687999831047
8,0.0001,64,GELU,100,0.8458793388595941,0.8455051851406002,0.8456,3.1495415000244975
8,0.0001,64,GELU,300,0.8474776484435771,0.8471082094048903,0.8472,3.916367400001036
8,0.0001,64,GELU,500,0.8474776484435771,0.8471082094048903,0.8472,3.870186299987836
8,0.0001,64,GELU,1000,0.8474776484435771,0.8471082094048903,0.8472,4.001124600006733
8,0.0001,64,Softmax,50,0.7812274941767248,0.7769711772644704,0.7816,1.5590971000201534
8,0.0001,64,Softmax,100,0.8071484272640502,0.8060546722600456,0.8072,2.8321631000144407
8,0.0001,64,Softmax,300,0.8087592188365155,0.8077887936873939,0.8088,3.6229190999874845
8,0.0001,64,Softmax,500,0.8087592188365155,0.8077887936873939,0.8088,3.6825661000038963
8,0.0001,64,Softmax,1000,0.8087592188365155,0.8077887936873939,0.8088,3.599476400006097
8,0.0001,128,ReLU,50,0.6914879289425934,0.6913790695868359,0.6916,1.011139500013087
8,0.0001,128,ReLU,100,0.814313024705782,0.8137250757906652,0.814,1.8778549999988172
8,0.0001,128,ReLU,300,0.8418756180746833,0.841506421547289,0.8416,3.3657797999912873
8,0.0001,128,ReLU,500,0.8418756180746833,0.841506421547289,0.8416,3.31067219999386
8,0.0001,128,ReLU,1000,0.8418756180746833,0.841506421547289,0.8416,3.2795821000181604
8,0.0001,128,Tanh,50,0.750657044900018,0.7509253653486242,0.751,1.0259205999900587
8,0.0001,128,Tanh,100,0.810548775029701,0.8109184027150471,0.8106,1.8261752999969758
8,0.0001,128,Tanh,300,0.815628796356387,0.815860896862851,0.8156,2.556273499998497
8,0.0001,128,Tanh,500,0.815628796356387,0.815860896862851,0.8156,2.5793444000009913
8,0.0001,128,Tanh,1000,0.815628796356387,0.815860896862851,0.8156,2.5950691000034567
8,0.0001,128,Sigmoid,50,0.3333333333333333,0.1657901327322815,0.331,0.3772332999797072
8,0.0001,128,Sigmoid,100,0.3333333333333333,0.1657901327322815,0.331,0.38652109997929074
8,0.0001,128,Sigmoid,300,0.3333333333333333,0.1657901327322815,0.331,0.355843500001356
8,0.0001,128,Sigmoid,500,0.3333333333333333,0.1657901327322815,0.331,0.37239629999385215
8,0.0001,128,Sigmoid,1000,0.3333333333333333,0.1657901327322815,0.331,0.4105015999812167
8,0.0001,128,GELU,50,0.6914879289425934,0.6913790695868359,0.6916,1.049434399988968
8,0.0001,128,GELU,100,0.814313024705782,0.8137250757906652,0.814,1.9012543999997433
8,0.0001,128,GELU,300,0.8418756180746833,0.841506421547289,0.8416,3.375835899991216
8,0.0001,128,GELU,500,0.8418756180746833,0.841506421547289,0.8416,3.3307333000120707
8,0.0001,128,GELU,1000,0.8418756180746833,0.841506421547289,0.8416,3.271999400021741
8,0.0001,128,Softmax,50,0.3333333333333333,0.1657901327322815,0.331,0.36591480000060983
8,0.0001,128,Softmax,100,0.3333333333333333,0.1657901327322815,0.331,0.3777805999852717
8,0.0001,128,Softmax,300,0.3333333333333333,0.1657901327322815,0.331,0.3560077000001911
8,0.0001,128,Softmax,500,0.3333333333333333,0.1657901327322815,0.331,0.39934720000019297
8,0.0001,128,Softmax,1000,0.3333333333333333,0.1657901327322815,0.331,0.3756258999928832
8,0.00025,8,ReLU,50,0.864822914486175,0.8645724106463254,0.8646,8.763133600004949
8,0.00025,8,ReLU,100,0.864822914486175,0.8645724106463254,0.8646,9.958386300015263
8,0.00025,8,ReLU,300,0.864822914486175,0.8645724106463254,0.8646,9.789858000003733
8,0.00025,8,ReLU,500,0.864822914486175,0.8645724106463254,0.8646,9.512039399996866
8,0.00025,8,ReLU,1000,0.864822914486175,0.8645724106463254,0.8646,9.721000599995023
8,0.00025,8,Tanh,50,0.8601170475532155,0.859678249405376,0.8598,7.822466900019208
8,0.00025,8,Tanh,100,0.8601170475532155,0.859678249405376,0.8598,7.726977599988459
8,0.00025,8,Tanh,300,0.8601170475532155,0.859678249405376,0.8598,7.762757200020133
8,0.00025,8,Tanh,500,0.8601170475532155,0.859678249405376,0.8598,7.72697300001164
8,0.00025,8,Tanh,1000,0.8601170475532155,0.859678249405376,0.8598,7.794153599999845
8,0.00025,8,Sigmoid,50,0.8633128997886805,0.8628833613797718,0.863,8.59710039998754
8,0.00025,8,Sigmoid,100,0.8633128997886805,0.8628833613797718,0.863,8.910772800009
8,0.00025,8,Sigmoid,300,0.8633128997886805,0.8628833613797718,0.863,9.183992499980377
8,0.00025,8,Sigmoid,500,0.8633128997886805,0.8628833613797718,0.863,9.148337899998296
8,0.00025,8,Sigmoid,1000,0.8633128997886805,0.8628833613797718,0.863,9.243902199988952
8,0.00025,8,GELU,50,0.864822914486175,0.8645724106463254,0.8646,8.819815099996049
8,0.00025,8,GELU,100,0.864822914486175,0.8645724106463254,0.8646,9.965087999997195
8,0.00025,8,GELU,300,0.864822914486175,0.8645724106463254,0.8646,9.841041900013806
8,0.00025,8,GELU,500,0.864822914486175,0.8645724106463254,0.8646,9.772573199996259
8,0.00025,8,GELU,1000,0.864822914486175,0.8645724106463254,0.8646,10.058346900012111
8,0.00025,8,Softmax,50,0.8633128997886805,0.8628833613797718,0.863,8.506089599977713
8,0.00025,8,Softmax,100,0.8633128997886805,0.8628833613797718,0.863,9.491793799999868
8,0.00025,8,Softmax,300,0.8633128997886805,0.8628833613797718,0.863,9.000935999996727
8,0.00025,8,Softmax,500,0.8633128997886805,0.8628833613797718,0.863,9.219295199989574
8,0.00025,8,Softmax,1000,0.8633128997886805,0.8628833613797718,0.863,9.21717359998729
8,0.00025,16,ReLU,50,0.8602514173679552,0.8599432187824387,0.86,4.955947500013281
8,0.00025,16,ReLU,100,0.8596515921136335,0.8593455014520567,0.8594,6.110352399991825
8,0.00025,16,ReLU,300,0.8596515921136335,0.8593455014520567,0.8594,6.016864999983227
8,0.00025,16,ReLU,500,0.8596515921136335,0.8593455014520567,0.8594,6.054141500004334
8,0.00025,16,ReLU,1000,0.8596515921136335,0.8593455014520567,0.8594,5.930585499998415
8,0.00025,16,Tanh,50,0.8571044645327183,0.8566994656943924,0.8568,4.632153200014727
8,0.00025,16,Tanh,100,0.8571044645327183,0.8566994656943924,0.8568,4.721314399997937
8,0.00025,16,Tanh,300,0.8571044645327183,0.8566994656943924,0.8568,4.707325399998808
8,0.00025,16,Tanh,500,0.8571044645327183,0.8566994656943924,0.8568,4.891490200010594
8,0.00025,16,Tanh,1000,0.8571044645327183,0.8566994656943924,0.8568,4.674334300012561
8,0.00025,16,Sigmoid,50,0.8629499449858793,0.8624070018108309,0.8626,4.8542503000062425
8,0.00025,16,Sigmoid,100,0.8629499449858793,0.8624070018108309,0.8626,5.256666200002655
8,0.00025,16,Sigmoid,300,0.8629499449858793,0.8624070018108309,0.8626,5.296769000007771
8,0.00025,16,Sigmoid,500,0.8629499449858793,0.8624070018108309,0.8626,5.110280900000362
8,0.00025,16,Sigmoid,1000,0.8629499449858793,0.8624070018108309,0.8626,5.237675200012745
8,0.00025,16,GELU,50,0.8602514173679552,0.8599432187824387,0.86,4.826224799995543
8,0.00025,16,GELU,100,0.8596515921136335,0.8593455014520567,0.8594,6.260901999979978
8,0.00025,16,GELU,300,0.8596515921136335,0.8593455014520567,0.8594,6.041259699995862
8,0.00025,16,GELU,500,0.8596515921136335,0.8593455014520567,0.8594,6.003648499987321
8,0.00025,16,GELU,1000,0.8596515921136335,0.8593455014520567,0.8594,6.16015320000588
8,0.00025,16,Softmax,50,0.8629499449858793,0.8624070018108309,0.8626,4.676865999994334
8,0.00025,16,Softmax,100,0.8629499449858793,0.8624070018108309,0.8626,5.299990200001048
8,0.00025,16,Softmax,300,0.8629499449858793,0.8624070018108309,0.8626,4.972654700017301
8,0.00025,16,Softmax,500,0.8629499449858793,0.8624070018108309,0.8626,5.2670472000027075
8,0.00025,16,Softmax,1000,0.8629499449858793,0.8624070018108309,0.8626,5.2200035999994725
8,0.00025,32,ReLU,50,0.861054845702276,0.8607473372138243,0.8608,2.745849500002805
8,0.00025,32,ReLU,100,0.8606559429368345,0.860345792891925,0.8604,3.3589573000208475
8,0.00025,32,ReLU,300,0.8606559429368345,0.860345792891925,0.8604,3.4208998999965843
8,0.00025,32,ReLU,500,0.8606559429368345,0.860345792891925,0.8604,3.5089889999944717
8,0.00025,32,ReLU,1000,0.8606559429368345,0.860345792891925,0.8604,3.5156082999892533
8,0.00025,32,Tanh,50,0.8552751509907542,0.8549262209607381,0.855,2.6097894000122324
8,0.00025,32,Tanh,100,0.8554721565069087,0.8551261359621001,0.8552,3.2797913000104018
8,0.00025,32,Tanh,300,0.8554721565069087,0.8551261359621001,0.8552,3.2211008000012953
8,0.00025,32,Tanh,500,0.8554721565069087,0.8551261359621001,0.8552,3.2822435999987647
8,0.00025,32,Tanh,1000,0.8554721565069087,0.8551261359621001,0.8552,3.287882600008743
8,0.00025,32,Sigmoid,50,0.8598037232209478,0.8591238789207128,0.8594,2.6855178000114392
8,0.00025,32,Sigmoid,100,0.8598037232209478,0.8591238789207128,0.8594,2.8573049000115134
8,0.00025,32,Sigmoid,300,0.8598037232209478,0.8591238789207128,0.8594,2.9293909999832977
8,0.00025,32,Sigmoid,500,0.8598037232209478,0.8591238789207128,0.8594,2.9069359000131954
8,0.00025,32,Sigmoid,1000,0.8598037232209478,0.8591238789207128,0.8594,2.9110622000007425
8,0.00025,32,GELU,50,0.861054845702276,0.8607473372138243,0.8608,2.7750264999922365
8,0.00025,32,GELU,100,0.8606559429368345,0.860345792891925,0.8604,3.522250499983784
8,0.00025,32,GELU,300,0.8606559429368345,0.860345792891925,0.8604,3.4849738999910187
8,0.00025,32,GELU,500,0.8606559429368345,0.860345792891925,0.8604,3.2608233999926597
8,0.00025,32,GELU,1000,0.8606559429368345,0.860345792891925,0.8604,3.400441999983741
8,0.00025,32,Softmax,50,0.8598037232209478,0.8591238789207128,0.8594,2.6922303999890573
8,0.00025,32,Softmax,100,0.8598037232209478,0.8591238789207128,0.8594,2.8865200000000186
8,0.00025,32,Softmax,300,0.8598037232209478,0.8591238789207128,0.8594,2.897451299999375
8,0.00025,32,Softmax,500,0.8598037232209478,0.8591238789207128,0.8594,2.9718190999992657
8,0.00025,32,Softmax,1000,0.8598037232209478,0.8591238789207128,0.8594,2.9360389999928884
8,0.00025,64,ReLU,50,0.8596630814106109,0.8593413728587184,0.8594,1.6351974999997765
8,0.00025,64,ReLU,100,0.8642159863567072,0.8639760818181966,0.864,2.597495900001377
8,0.00025,64,ReLU,300,0.8642159863567072,0.8639760818181966,0.864,2.6948792999901343
8,0.00025,64,ReLU,500,0.8642159863567072,0.8639760818181966,0.864,2.5326161999837495
8,0.00025,64,ReLU,1000,0.8642159863567072,0.8639760818181966,0.864,2.449722599994857
8,0.00025,64,Tanh,50,0.8514831109213957,0.8511377042898779,0.8512,1.63093270000536
8,0.00025,64,Tanh,100,0.8526825177399373,0.8523241808646366,0.8524,2.0959903999755625
8,0.00025,64,Tanh,300,0.8526825177399373,0.8523241808646366,0.8524,2.1213283000106458
8,0.00025,64,Tanh,500,0.8526825177399373,0.8523241808646366,0.8524,2.205590099998517
8,0.00025,64,Tanh,1000,0.8526825177399373,0.8523241808646366,0.8524,2.2910579000017606
8,0.00025,64,Sigmoid,50,0.8546074368714418,0.8538534650318965,0.8542,1.6558634000248276
8,0.00025,64,Sigmoid,100,0.856796031933583,0.8560999744612604,0.8564,2.2130094000021927
8,0.00025,64,Sigmoid,300,0.856796031933583,0.8560999744612604,0.8564,2.2137517999799456
8,0.00025,64,Sigmoid,500,0.856796031933583,0.8560999744612604,0.8564,2.136089500010712
8,0.00025,64,Sigmoid,1000,0.856796031933583,0.8560999744612604,0.8564,2.078189200023189
8,0.00025,64,GELU,50,0.8596630814106109,0.8593413728587184,0.8594,1.6475282000028528
8,0.00025,64,GELU,100,0.8642159863567072,0.8639760818181966,0.864,2.5460490999976173
8,0.00025,64,GELU,300,0.8642159863567072,0.8639760818181966,0.864,2.450324499979615
8,0.00025,64,GELU,500,0.8642159863567072,0.8639760818181966,0.864,2.521044399996754
8,0.00025,64,GELU,1000,0.8642159863567072,0.8639760818181966,0.864,2.5668893000110984
8,0.00025,64,Softmax,50,0.8546074368714418,0.8538534650318965,0.8542,1.6469466999988072
8,0.00025,64,Softmax,100,0.856796031933583,0.8560999744612604,0.8564,2.193462700000964
8,0.00025,64,Softmax,300,0.856796031933583,0.8560999744612604,0.8564,2.248084499995457
8,0.00025,64,Softmax,500,0.856796031933583,0.8560999744612604,0.8564,2.139871499995934
8,0.00025,64,Softmax,1000,0.856796031933583,0.8560999744612604,0.8564,2.1411852999881376
8,0.00025,128,ReLU,50,0.8337509187905372,0.8331945303315408,0.8334,0.9898502000141889
8,0.00025,128,ReLU,100,0.8616962596537737,0.8613132667344502,0.8614,1.845738900010474
8,0.00025,128,ReLU,300,0.8617004203166011,0.861311799471092,0.8614,2.0261495000158902
8,0.00025,128,ReLU,500,0.8617004203166011,0.861311799471092,0.8614,2.0522056999907363
8,0.00025,128,ReLU,1000,0.8617004203166011,0.861311799471092,0.8614,2.006292800011579
8,0.00025,128,Tanh,50,0.8259160880182551,0.8260717345803269,0.8258,1.0387870999984443
8,0.00025,128,Tanh,100,0.8419750326182873,0.8419075202710169,0.8418,1.713730100018438
8,0.00025,128,Tanh,300,0.8419750326182873,0.8419075202710169,0.8418,1.8106811000034213
8,0.00025,128,Tanh,500,0.8419750326182873,0.8419075202710169,0.8418,1.7304790999914985
8,0.00025,128,Tanh,1000,0.8419750326182873,0.8419075202710169,0.8418,1.7922774000035133
8,0.00025,128,Sigmoid,50,0.8263647932199399,0.825525636146956,0.8262,1.0395116999861784
8,0.00025,128,Sigmoid,100,0.8370894442352986,0.8364505930778106,0.8368,1.6322872999880929
8,0.00025,128,Sigmoid,300,0.8370894442352986,0.8364505930778106,0.8368,1.7013674000045285
8,0.00025,128,Sigmoid,500,0.8370894442352986,0.8364505930778106,0.8368,1.7058420000248589
8,0.00025,128,Sigmoid,1000,0.8370894442352986,0.8364505930778106,0.8368,1.63211350000347
8,0.00025,128,GELU,50,0.8337509187905372,0.8331945303315408,0.8334,1.029704699991271
8,0.00025,128,GELU,100,0.8616962596537737,0.8613132667344502,0.8614,1.8136387999984436
8,0.00025,128,GELU,300,0.8617004203166011,0.861311799471092,0.8614,2.0224587000266183
8,0.00025,128,GELU,500,0.8617004203166011,0.861311799471092,0.8614,2.0187431999947876
8,0.00025,128,GELU,1000,0.8617004203166011,0.861311799471092,0.8614,1.9756248999910895
8,0.00025,128,Softmax,50,0.8263647932199399,0.825525636146956,0.8262,1.0076823999988846
8,0.00025,128,Softmax,100,0.8370894442352986,0.8364505930778106,0.8368,1.6664965999952983
8,0.00025,128,Softmax,300,0.8370894442352986,0.8364505930778106,0.8368,1.7449731999950018
8,0.00025,128,Softmax,500,0.8370894442352986,0.8364505930778106,0.8368,1.8770762000058312
8,0.00025,128,Softmax,1000,0.8370894442352986,0.8364505930778106,0.8368,1.6374985000002198
16,0.01,8,ReLU,50,0.8491009220045246,0.8487168100814778,0.8488,3.4761126000084914
16,0.01,8,ReLU,100,0.8491009220045246,0.8487168100814778,0.8488,3.3466093000024557
16,0.01,8,ReLU,300,0.8491009220045246,0.8487168100814778,0.8488,3.4161996000038926
16,0.01,8,ReLU,500,0.8491009220045246,0.8487168100814778,0.8488,3.2677340999944136
16,0.01,8,ReLU,1000,0.8491009220045246,0.8487168100814778,0.8488,3.4042110000154935
16,0.01,8,Tanh,50,0.8443505881091182,0.8442586526750966,0.8442,4.387122900021495
16,0.01,8,Tanh,100,0.8443505881091182,0.8442586526750966,0.8442,4.4180918999772985
16,0.01,8,Tanh,300,0.8443505881091182,0.8442586526750966,0.8442,4.259036500006914
16,0.01,8,Tanh,500,0.8443505881091182,0.8442586526750966,0.8442,4.409674599999562
16,0.01,8,Tanh,1000,0.8443505881091182,0.8442586526750966,0.8442,4.365318500000285
16,0.01,8,Sigmoid,50,0.8538578893259713,0.8530750338025269,0.8534,4.608469300001161
16,0.01,8,Sigmoid,100,0.8538578893259713,0.8530750338025269,0.8534,4.891817299998365
16,0.01,8,Sigmoid,300,0.8538578893259713,0.8530750338025269,0.8534,4.690254100016318
16,0.01,8,Sigmoid,500,0.8538578893259713,0.8530750338025269,0.8534,4.824405499995919
16,0.01,8,Sigmoid,1000,0.8538578893259713,0.8530750338025269,0.8534,4.817229299980681
16,0.01,8,GELU,50,0.8491009220045246,0.8487168100814778,0.8488,3.354811700002756
16,0.01,8,GELU,100,0.8491009220045246,0.8487168100814778,0.8488,3.360212400002638
16,0.01,8,GELU,300,0.8491009220045246,0.8487168100814778,0.8488,3.357215299998643
16,0.01,8,GELU,500,0.8491009220045246,0.8487168100814778,0.8488,3.363450599979842
16,0.01,8,GELU,1000,0.8491009220045246,0.8487168100814778,0.8488,3.346449200005736
16,0.01,8,Softmax,50,0.8538578893259713,0.8530750338025269,0.8534,4.937902600009693
16,0.01,8,Softmax,100,0.8538578893259713,0.8530750338025269,0.8534,4.6819290999847
16,0.01,8,Softmax,300,0.8538578893259713,0.8530750338025269,0.8534,4.717808099987451
16,0.01,8,Softmax,500,0.8538578893259713,0.8530750338025269,0.8534,4.752173799992306
16,0.01,8,Softmax,1000,0.8538578893259713,0.8530750338025269,0.8534,4.8445474000182
16,0.01,16,ReLU,50,0.8562608636258817,0.855429878085662,0.8558,2.039694300008705
16,0.01,16,ReLU,100,0.8562608636258817,0.855429878085662,0.8558,2.0214055000105873
16,0.01,16,ReLU,300,0.8562608636258817,0.855429878085662,0.8558,2.0143525000021327
16,0.01,16,ReLU,500,0.8562608636258817,0.855429878085662,0.8558,2.0525440000055823
16,0.01,16,ReLU,1000,0.8562608636258817,0.855429878085662,0.8558,2.123232400015695
16,0.01,16,Tanh,50,0.8510440815993886,0.8507936224396785,0.8508,2.0426713999768253
16,0.01,16,Tanh,100,0.8510440815993886,0.8507936224396785,0.8508,2.1328785000077914
16,0.01,16,Tanh,300,0.8510440815993886,0.8507936224396785,0.8508,1.9640918000077363
16,0.01,16,Tanh,500,0.8510440815993886,0.8507936224396785,0.8508,2.0536657000193372
16,0.01,16,Tanh,1000,0.8510440815993886,0.8507936224396785,0.8508,2.011263599997619
16,0.01,16,Sigmoid,50,0.8594986480578682,0.8590757081008777,0.8592,2.163207500008866
16,0.01,16,Sigmoid,100,0.8594986480578682,0.8590757081008777,0.8592,2.149252900009742
16,0.01,16,Sigmoid,300,0.8594986480578682,0.8590757081008777,0.8592,2.141182499995921
16,0.01,16,Sigmoid,500,0.8594986480578682,0.8590757081008777,0.8592,2.1294129000161774
16,0.01,16,Sigmoid,1000,0.8594986480578682,0.8590757081008777,0.8592,2.1774156000174116
16,0.01,16,GELU,50,0.8562608636258817,0.855429878085662,0.8558,2.089200999995228
16,0.01,16,GELU,100,0.8562608636258817,0.855429878085662,0.8558,2.0338554000190925
16,0.01,16,GELU,300,0.8562608636258817,0.855429878085662,0.8558,2.004445999977179
16,0.01,16,GELU,500,0.8562608636258817,0.855429878085662,0.8558,2.0693210999888834
16,0.01,16,GELU,1000,0.8562608636258817,0.855429878085662,0.8558,2.0060587000043597
16,0.01,16,Softmax,50,0.8594986480578682,0.8590757081008777,0.8592,2.2453451000037603
16,0.01,16,Softmax,100,0.8594986480578682,0.8590757081008777,0.8592,2.1764253999863286
16,0.01,16,Softmax,300,0.8594986480578682,0.8590757081008777,0.8592,2.1801462000003085
16,0.01,16,Softmax,500,0.8594986480578682,0.8590757081008777,0.8592,2.0580559999798425
16,0.01,16,Softmax,1000,0.8594986480578682,0.8590757081008777,0.8592,2.103436999983387
16,0.01,32,ReLU,50,0.8522682087047927,0.8519349976047704,0.852,1.1239929999865126
16,0.01,32,ReLU,100,0.8522682087047927,0.8519349976047704,0.852,1.2964932000031695
16,0.01,32,ReLU,300,0.8522682087047927,0.8519349976047704,0.852,1.258473200025037
16,0.01,32,ReLU,500,0.8522682087047927,0.8519349976047704,0.852,1.0975231000047643
16,0.01,32,ReLU,1000,0.8522682087047927,0.8519349976047704,0.852,1.3415840999805368
16,0.01,32,Tanh,50,0.8525104762007473,0.8520931985696967,0.8522,1.3939495000231545
16,0.01,32,Tanh,100,0.8525104762007473,0.8520931985696967,0.8522,1.5374253000190947
16,0.01,32,Tanh,300,0.8525104762007473,0.8520931985696967,0.8522,1.5170412999868859
16,0.01,32,Tanh,500,0.8525104762007473,0.8520931985696967,0.8522,1.540475099987816
16,0.01,32,Tanh,1000,0.8525104762007473,0.8520931985696967,0.8522,1.4866285000171047
16,0.01,32,Sigmoid,50,0.8640505142965097,0.8632453471583509,0.8636,1.2672920000040904
16,0.01,32,Sigmoid,100,0.8640505142965097,0.8632453471583509,0.8636,1.2440463000093587
16,0.01,32,Sigmoid,300,0.8640505142965097,0.8632453471583509,0.8636,1.180194999993546
16,0.01,32,Sigmoid,500,0.8640505142965097,0.8632453471583509,0.8636,1.2533156999852508
16,0.01,32,Sigmoid,1000,0.8640505142965097,0.8632453471583509,0.8636,1.2909827000112273
16,0.01,32,GELU,50,0.8522682087047927,0.8519349976047704,0.852,1.1496868999965955
16,0.01,32,GELU,100,0.8522682087047927,0.8519349976047704,0.852,1.298672600009013
16,0.01,32,GELU,300,0.8522682087047927,0.8519349976047704,0.852,1.1133565999916755
16,0.01,32,GELU,500,0.8522682087047927,0.8519349976047704,0.852,1.2151206000125967
16,0.01,32,GELU,1000,0.8522682087047927,0.8519349976047704,0.852,1.2568050000118092
16,0.01,32,Softmax,50,0.8640505142965097,0.8632453471583509,0.8636,1.2304388000047766
16,0.01,32,Softmax,100,0.8640505142965097,0.8632453471583509,0.8636,1.2280211000179406
16,0.01,32,Softmax,300,0.8640505142965097,0.8632453471583509,0.8636,1.2629340999992564
16,0.01,32,Softmax,500,0.8640505142965097,0.8632453471583509,0.8636,1.2500815000094008
16,0.01,32,Softmax,1000,0.8640505142965097,0.8632453471583509,0.8636,1.287667299999157
16,0.01,64,ReLU,50,0.8600002951501923,0.8593862252802333,0.8596,0.8578569999954198
16,0.01,64,ReLU,100,0.8600002951501923,0.8593862252802333,0.8596,0.8787557000177912
16,0.01,64,ReLU,300,0.8600002951501923,0.8593862252802333,0.8596,0.9024633999797516
16,0.01,64,ReLU,500,0.8600002951501923,0.8593862252802333,0.8596,0.9348188000149094
16,0.01,64,ReLU,1000,0.8600002951501923,0.8593862252802333,0.8596,0.8683078000030946
16,0.01,64,Tanh,50,0.8574629970514923,0.8571692860573931,0.8572,0.7651157000218518
16,0.01,64,Tanh,100,0.8574629970514923,0.8571692860573931,0.8572,0.8094365999859292
16,0.01,64,Tanh,300,0.8574629970514923,0.8571692860573931,0.8572,0.7063249000057112
16,0.01,64,Tanh,500,0.8574629970514923,0.8571692860573931,0.8572,0.7754550999961793
16,0.01,64,Tanh,1000,0.8574629970514923,0.8571692860573931,0.8572,0.8463874000008218
16,0.01,64,Sigmoid,50,0.861100125613174,0.860734669502721,0.8608,0.8163682000013068
16,0.01,64,Sigmoid,100,0.861100125613174,0.860734669502721,0.8608,0.7984799999976531
16,0.01,64,Sigmoid,300,0.861100125613174,0.860734669502721,0.8608,0.8424440000089817
16,0.01,64,Sigmoid,500,0.861100125613174,0.860734669502721,0.8608,0.7879250000114553
16,0.01,64,Sigmoid,1000,0.861100125613174,0.860734669502721,0.8608,0.8159769999911077
16,0.01,64,GELU,50,0.8600002951501923,0.8593862252802333,0.8596,0.915358300000662
16,0.01,64,GELU,100,0.8600002951501923,0.8593862252802333,0.8596,0.922716400003992
16,0.01,64,GELU,300,0.8600002951501923,0.8593862252802333,0.8596,0.8825518999947235
16,0.01,64,GELU,500,0.8600002951501923,0.8593862252802333,0.8596,0.9131059999926947
16,0.01,64,GELU,1000,0.8600002951501923,0.8593862252802333,0.8596,0.913408199994592
16,0.01,64,Softmax,50,0.861100125613174,0.860734669502721,0.8608,0.8393262000172399
16,0.01,64,Softmax,100,0.861100125613174,0.860734669502721,0.8608,0.7803807999880519
16,0.01,64,Softmax,300,0.861100125613174,0.860734669502721,0.8608,0.8330485000042245
16,0.01,64,Softmax,500,0.861100125613174,0.860734669502721,0.8608,0.8378770000126678
16,0.01,64,Softmax,1000,0.861100125613174,0.860734669502721,0.8608,0.8183512999967206
16,0.01,128,ReLU,50,0.858060141714695,0.8577640026640965,0.8578,0.4914453999954276
16,0.01,128,ReLU,100,0.858060141714695,0.8577640026640965,0.8578,0.5019363999890629
16,0.01,128,ReLU,300,0.858060141714695,0.8577640026640965,0.8578,0.47050140000646934
16,0.01,128,ReLU,500,0.858060141714695,0.8577640026640965,0.8578,0.4977354000147898
16,0.01,128,ReLU,1000,0.858060141714695,0.8577640026640965,0.8578,0.5478409999923315
16,0.01,128,Tanh,50,0.8614014015438691,0.8612342823871711,0.8612,0.5565492000023369
16,0.01,128,Tanh,100,0.8614014015438691,0.8612342823871711,0.8612,0.521700499986764
16,0.01,128,Tanh,300,0.8614014015438691,0.8612342823871711,0.8612,0.587763299990911
16,0.01,128,Tanh,500,0.8614014015438691,0.8612342823871711,0.8612,0.5431718000036199
16,0.01,128,Tanh,1000,0.8614014015438691,0.8612342823871711,0.8612,0.5463716999802273
16,0.01,128,Sigmoid,50,0.8600050071402712,0.8598075992119475,0.8598,0.7763356000068597
16,0.01,128,Sigmoid,100,0.8600050071402712,0.8598075992119475,0.8598,0.742332499998156
16,0.01,128,Sigmoid,300,0.8600050071402712,0.8598075992119475,0.8598,0.7126683000242338
16,0.01,128,Sigmoid,500,0.8600050071402712,0.8598075992119475,0.8598,0.7855624000076205
16,0.01,128,Sigmoid,1000,0.8600050071402712,0.8598075992119475,0.8598,0.7254528000194114
16,0.01,128,GELU,50,0.858060141714695,0.8577640026640965,0.8578,0.4848255999968387
16,0.01,128,GELU,100,0.858060141714695,0.8577640026640965,0.8578,0.504126100015128
16,0.01,128,GELU,300,0.858060141714695,0.8577640026640965,0.8578,0.4700722000270616
16,0.01,128,GELU,500,0.858060141714695,0.8577640026640965,0.8578,0.49237819999689236
16,0.01,128,GELU,1000,0.858060141714695,0.8577640026640965,0.8578,0.46717059999355115
16,0.01,128,Softmax,50,0.8600050071402712,0.8598075992119475,0.8598,0.7712751999788452
16,0.01,128,Softmax,100,0.8600050071402712,0.8598075992119475,0.8598,0.7152779000170995
16,0.01,128,Softmax,300,0.8600050071402712,0.8598075992119475,0.8598,0.823554000002332
16,0.01,128,Softmax,500,0.8600050071402712,0.8598075992119475,0.8598,0.7697118000069167
16,0.01,128,Softmax,1000,0.8600050071402712,0.8598075992119475,0.8598,0.698997600004077
16,0.001,8,ReLU,50,0.8604376646574373,0.8601735658389765,0.8602,5.325023200013675
16,0.001,8,ReLU,100,0.8604376646574373,0.8601735658389765,0.8602,5.341983599995729
16,0.001,8,ReLU,300,0.8604376646574373,0.8601735658389765,0.8602,5.317118200007826
16,0.001,8,ReLU,500,0.8604376646574373,0.8601735658389765,0.8602,5.467873499990674
16,0.001,8,ReLU,1000,0.8604376646574373,0.8601735658389765,0.8602,5.3763854000135325
16,0.001,8,Tanh,50,0.8620834294321362,0.8617313780273822,0.8618,3.9863362000032794
16,0.001,8,Tanh,100,0.8620834294321362,0.8617313780273822,0.8618,3.972035299986601
16,0.001,8,Tanh,300,0.8620834294321362,0.8617313780273822,0.8618,4.0572369000001345
16,0.001,8,Tanh,500,0.8620834294321362,0.8617313780273822,0.8618,4.115565400017658
16,0.001,8,Tanh,1000,0.8620834294321362,0.8617313780273822,0.8618,4.160949199984316
16,0.001,8,Sigmoid,50,0.8614562212309306,0.8611057568090347,0.8612,4.154342900001211
16,0.001,8,Sigmoid,100,0.8614562212309306,0.8611057568090347,0.8612,4.030911899986677
16,0.001,8,Sigmoid,300,0.8614562212309306,0.8611057568090347,0.8612,4.0911163999990094
16,0.001,8,Sigmoid,500,0.8614562212309306,0.8611057568090347,0.8612,3.902455200004624
16,0.001,8,Sigmoid,1000,0.8614562212309306,0.8611057568090347,0.8612,3.984889799990924
16,0.001,8,GELU,50,0.8604376646574373,0.8601735658389765,0.8602,5.101194999995641
16,0.001,8,GELU,100,0.8604376646574373,0.8601735658389765,0.8602,5.228162399987923
16,0.001,8,GELU,300,0.8604376646574373,0.8601735658389765,0.8602,5.135844600008568
16,0.001,8,GELU,500,0.8604376646574373,0.8601735658389765,0.8602,5.343947800021851
16,0.001,8,GELU,1000,0.8604376646574373,0.8601735658389765,0.8602,5.243229399988195
16,0.001,8,Softmax,50,0.8614562212309306,0.8611057568090347,0.8612,4.035808300017379
16,0.001,8,Softmax,100,0.8614562212309306,0.8611057568090347,0.8612,4.02741640000022
16,0.001,8,Softmax,300,0.8614562212309306,0.8611057568090347,0.8612,4.015283000015188
16,0.001,8,Softmax,500,0.8614562212309306,0.8611057568090347,0.8612,4.033629999990808
16,0.001,8,Softmax,1000,0.8614562212309306,0.8611057568090347,0.8612,4.068567900016205
16,0.001,16,ReLU,50,0.857018832306251,0.8568135201248239,0.8568,2.6785242999903858
16,0.001,16,ReLU,100,0.857018832306251,0.8568135201248239,0.8568,2.7774073999898974
16,0.001,16,ReLU,300,0.857018832306251,0.8568135201248239,0.8568,2.6197116999828722
16,0.001,16,ReLU,500,0.857018832306251,0.8568135201248239,0.8568,2.6943523000227287
16,0.001,16,ReLU,1000,0.857018832306251,0.8568135201248239,0.8568,2.688681400002679
16,0.001,16,Tanh,50,0.864313856881555,0.8638896757783913,0.864,2.1901733000122476
16,0.001,16,Tanh,100,0.864313856881555,0.8638896757783913,0.864,2.1737472000240814
16,0.001,16,Tanh,300,0.864313856881555,0.8638896757783913,0.864,2.237653899996076
16,0.001,16,Tanh,500,0.864313856881555,0.8638896757783913,0.864,2.1490738000138663
16,0.001,16,Tanh,1000,0.864313856881555,0.8638896757783913,0.864,2.2353318999812473
16,0.001,16,Sigmoid,50,0.862720944342006,0.8622399150772461,0.8624,2.7081006999942474
16,0.001,16,Sigmoid,100,0.862720944342006,0.8622399150772461,0.8624,2.4687440000125207
16,0.001,16,Sigmoid,300,0.862720944342006,0.8622399150772461,0.8624,2.5421802999917418
16,0.001,16,Sigmoid,500,0.862720944342006,0.8622399150772461,0.8624,2.628845899977023
16,0.001,16,Sigmoid,1000,0.862720944342006,0.8622399150772461,0.8624,2.667140699981246
16,0.001,16,GELU,50,0.857018832306251,0.8568135201248239,0.8568,2.6586504000006244
16,0.001,16,GELU,100,0.857018832306251,0.8568135201248239,0.8568,2.722879399982048
16,0.001,16,GELU,300,0.857018832306251,0.8568135201248239,0.8568,2.628083500021603
16,0.001,16,GELU,500,0.857018832306251,0.8568135201248239,0.8568,2.8639739000063855
16,0.001,16,GELU,1000,0.857018832306251,0.8568135201248239,0.8568,2.788837500003865
16,0.001,16,Softmax,50,0.862720944342006,0.8622399150772461,0.8624,2.6662228999775834
16,0.001,16,Softmax,100,0.862720944342006,0.8622399150772461,0.8624,2.637703300017165
16,0.001,16,Softmax,300,0.862720944342006,0.8622399150772461,0.8624,2.6356731000123546
16,0.001,16,Softmax,500,0.862720944342006,0.8622399150772461,0.8624,2.4765248999756295
16,0.001,16,Softmax,1000,0.862720944342006,0.8622399150772461,0.8624,2.6918495999998413
16,0.001,32,ReLU,50,0.858808037222747,0.8586150594103358,0.8586,1.455673199990997
16,0.001,32,ReLU,100,0.858808037222747,0.8586150594103358,0.8586,1.5612750000145752
16,0.001,32,ReLU,300,0.858808037222747,0.8586150594103358,0.8586,1.637037100008456
16,0.001,32,ReLU,500,0.858808037222747,0.8586150594103358,0.8586,1.5012556000147015
16,0.001,32,ReLU,1000,0.858808037222747,0.8586150594103358,0.8586,1.532165900018299
16,0.001,32,Tanh,50,0.8618639147711326,0.8615606402191532,0.8616,1.2530131000094116
16,0.001,32,Tanh,100,0.8618639147711326,0.8615606402191532,0.8616,1.2646665999782272
16,0.001,32,Tanh,300,0.8618639147711326,0.8615606402191532,0.8616,1.2701481999829412
16,0.001,32,Tanh,500,0.8618639147711326,0.8615606402191532,0.8616,1.298236899980111
16,0.001,32,Tanh,1000,0.8618639147711326,0.8615606402191532,0.8616,1.2717410999757703
16,0.001,32,Sigmoid,50,0.865102627947576,0.8646601141883427,0.8648,1.7146122999838553
16,0.001,32,Sigmoid,100,0.865102627947576,0.8646601141883427,0.8648,1.636077600007411
16,0.001,32,Sigmoid,300,0.865102627947576,0.8646601141883427,0.8648,1.6762627999996766
16,0.001,32,Sigmoid,500,0.865102627947576,0.8646601141883427,0.8648,1.7999700999935158
16,0.001,32,Sigmoid,1000,0.865102627947576,0.8646601141883427,0.8648,1.7371619000041392
16,0.001,32,GELU,50,0.858808037222747,0.8586150594103358,0.8586,1.6045574999880046
16,0.001,32,GELU,100,0.858808037222747,0.8586150594103358,0.8586,1.5315708999987692
16,0.001,32,GELU,300,0.858808037222747,0.8586150594103358,0.8586,1.5737344999797642
16,0.001,32,GELU,500,0.858808037222747,0.8586150594103358,0.8586,1.4999532999936491
16,0.001,32,GELU,1000,0.858808037222747,0.8586150594103358,0.8586,1.563160699995933
16,0.001,32,Softmax,50,0.865102627947576,0.8646601141883427,0.8648,1.6402769999986049
16,0.001,32,Softmax,100,0.865102627947576,0.8646601141883427,0.8648,1.7326730999920983
16,0.001,32,Softmax,300,0.865102627947576,0.8646601141883427,0.8648,1.6596190000127535
16,0.001,32,Softmax,500,0.865102627947576,0.8646601141883427,0.8648,1.6974666999885812
16,0.001,32,Softmax,1000,0.865102627947576,0.8646601141883427,0.8648,1.6907494000042789
16,0.001,64,ReLU,50,0.8604171050334021,0.8601899861069208,0.8602,0.9700308000028599
16,0.001,64,ReLU,100,0.8604171050334021,0.8601899861069208,0.8602,1.0640781999973115
16,0.001,64,ReLU,300,0.8604171050334021,0.8601899861069208,0.8602,1.0376030999759678
16,0.001,64,ReLU,500,0.8604171050334021,0.8601899861069208,0.8602,1.0474731999856886
16,0.001,64,ReLU,1000,0.8604171050334021,0.8601899861069208,0.8602,1.0375513000180945
16,0.001,64,Tanh,50,0.8594704802473855,0.859150540340389,0.8592,0.9623431999934837
16,0.001,64,Tanh,100,0.8594704802473855,0.859150540340389,0.8592,0.9893642000097316
16,0.001,64,Tanh,300,0.8594704802473855,0.859150540340389,0.8592,0.9935283999948297
16,0.001,64,Tanh,500,0.8594704802473855,0.859150540340389,0.8592,1.0056022999924608
16,0.001,64,Tanh,1000,0.8594704802473855,0.859150540340389,0.8592,0.9591689000080805
16,0.001,64,Sigmoid,50,0.863313179340978,0.862865548868568,0.863,1.1865422999835573
16,0.001,64,Sigmoid,100,0.863313179340978,0.862865548868568,0.863,1.2009894000075292
16,0.001,64,Sigmoid,300,0.863313179340978,0.862865548868568,0.863,1.2483930999878794
16,0.001,64,Sigmoid,500,0.863313179340978,0.862865548868568,0.863,1.2180692999972962
16,0.001,64,Sigmoid,1000,0.863313179340978,0.862865548868568,0.863,1.207858900015708
16,0.001,64,GELU,50,0.8604171050334021,0.8601899861069208,0.8602,1.0517980000004172
16,0.001,64,GELU,100,0.8604171050334021,0.8601899861069208,0.8602,1.012516599992523
16,0.001,64,GELU,300,0.8604171050334021,0.8601899861069208,0.8602,1.0497018999885768
16,0.001,64,GELU,500,0.8604171050334021,0.8601899861069208,0.8602,1.0365393999963999
16,0.001,64,GELU,1000,0.8604171050334021,0.8601899861069208,0.8602,1.090591799991671
16,0.001,64,Softmax,50,0.863313179340978,0.862865548868568,0.863,1.0930109999899287
16,0.001,64,Softmax,100,0.863313179340978,0.862865548868568,0.863,1.2320603000116535
16,0.001,64,Softmax,300,0.863313179340978,0.862865548868568,0.863,1.1791768000111915
16,0.001,64,Softmax,500,0.863313179340978,0.862865548868568,0.863,1.162671700003557
16,0.001,64,Softmax,1000,0.863313179340978,0.862865548868568,0.863,1.1887101999891456
16,0.001,128,ReLU,50,0.8590527416197188,0.8587549359473657,0.8588,0.8744959999748971
16,0.001,128,ReLU,100,0.8590527416197188,0.8587549359473657,0.8588,0.942333899991354
16,0.001,128,ReLU,300,0.8590527416197188,0.8587549359473657,0.8588,0.8692220999801066
16,0.001,128,ReLU,500,0.8590527416197188,0.8587549359473657,0.8588,0.914631100022234
16,0.001,128,ReLU,1000,0.8590527416197188,0.8587549359473657,0.8588,0.8919756999821402
16,0.001,128,Tanh,50,0.8616676403252832,0.8613381764377057,0.8614,0.7868652000033762
16,0.001,128,Tanh,100,0.8616676403252832,0.8613381764377057,0.8614,0.774209700000938
16,0.001,128,Tanh,300,0.8616676403252832,0.8613381764377057,0.8614,0.715127500006929
16,0.001,128,Tanh,500,0.8616676403252832,0.8613381764377057,0.8614,0.7817221000150312
16,0.001,128,Tanh,1000,0.8616676403252832,0.8613381764377057,0.8614,0.7527579000161495
16,0.001,128,Sigmoid,50,0.8615623951503354,0.8609997313446295,0.8612,0.9753516000055242
16,0.001,128,Sigmoid,100,0.8615623951503354,0.8609997313446295,0.8612,0.9761452000238933
16,0.001,128,Sigmoid,300,0.8615623951503354,0.8609997313446295,0.8612,0.9206957999849692
16,0.001,128,Sigmoid,500,0.8615623951503354,0.8609997313446295,0.8612,0.9475992000079714
16,0.001,128,Sigmoid,1000,0.8615623951503354,0.8609997313446295,0.8612,0.9600226999900769
16,0.001,128,GELU,50,0.8590527416197188,0.8587549359473657,0.8588,0.9010423999861814
16,0.001,128,GELU,100,0.8590527416197188,0.8587549359473657,0.8588,0.8512833999993745
16,0.001,128,GELU,300,0.8590527416197188,0.8587549359473657,0.8588,0.901076899986947
16,0.001,128,GELU,500,0.8590527416197188,0.8587549359473657,0.8588,0.8583063999831211
16,0.001,128,GELU,1000,0.8590527416197188,0.8587549359473657,0.8588,0.9179689000011422
16,0.001,128,Softmax,50,0.8615623951503354,0.8609997313446295,0.8612,0.9134467999974731
16,0.001,128,Softmax,100,0.8615623951503354,0.8609997313446295,0.8612,0.9428287000046112
16,0.001,128,Softmax,300,0.8615623951503354,0.8609997313446295,0.8612,0.9662878999952227
16,0.001,128,Softmax,500,0.8615623951503354,0.8609997313446295,0.8612,1.0025769999774639
16,0.001,128,Softmax,1000,0.8615623951503354,0.8609997313446295,0.8612,0.9735207000048831
16,0.0001,8,ReLU,50,0.8568360146092907,0.8565936922709364,0.8566,9.799039800011087
16,0.0001,8,ReLU,100,0.8576511938617886,0.8573778578540742,0.8574,12.935661199997412
16,0.0001,8,ReLU,300,0.8576511938617886,0.8573778578540742,0.8574,12.538727000006475
16,0.0001,8,ReLU,500,0.8576511938617886,0.8573778578540742,0.8574,12.73813730000984
16,0.0001,8,ReLU,1000,0.8576511938617886,0.8573778578540742,0.8574,13.370980799983954
16,0.0001,8,Tanh,50,0.8585150646866085,0.8580808469458135,0.8582,7.831051799992565
16,0.0001,8,Tanh,100,0.8585150646866085,0.8580808469458135,0.8582,7.633978899975773
16,0.0001,8,Tanh,300,0.8585150646866085,0.8580808469458135,0.8582,7.390559999999823
16,0.0001,8,Tanh,500,0.8585150646866085,0.8580808469458135,0.8582,7.604074600007152
16,0.0001,8,Tanh,1000,0.8585150646866085,0.8580808469458135,0.8582,7.892649600020377
16,0.0001,8,Sigmoid,50,0.8631132035276528,0.8621146873155432,0.8626,8.617560899991076
16,0.0001,8,Sigmoid,100,0.8631132035276528,0.8621146873155432,0.8626,8.744690099993022
16,0.0001,8,Sigmoid,300,0.8631132035276528,0.8621146873155432,0.8626,8.6087599999737
16,0.0001,8,Sigmoid,500,0.8631132035276528,0.8621146873155432,0.8626,8.368160300015006
16,0.0001,8,Sigmoid,1000,0.8631132035276528,0.8621146873155432,0.8626,8.723267600027611
16,0.0001,8,GELU,50,0.8568360146092907,0.8565936922709364,0.8566,9.800221599987708
16,0.0001,8,GELU,100,0.8576511938617886,0.8573778578540742,0.8574,12.681338599999435
16,0.0001,8,GELU,300,0.8576511938617886,0.8573778578540742,0.8574,12.803525800001808
16,0.0001,8,GELU,500,0.8576511938617886,0.8573778578540742,0.8574,12.440651400014758
16,0.0001,8,GELU,1000,0.8576511938617886,0.8573778578540742,0.8574,12.615114199987147
16,0.0001,8,Softmax,50,0.8631132035276528,0.8621146873155432,0.8626,8.490607600018848
16,0.0001,8,Softmax,100,0.8631132035276528,0.8621146873155432,0.8626,8.4071126000199
16,0.0001,8,Softmax,300,0.8631132035276528,0.8621146873155432,0.8626,8.641208300017752
16,0.0001,8,Softmax,500,0.8631132035276528,0.8621146873155432,0.8626,8.745253600005526
16,0.0001,8,Softmax,1000,0.8631132035276528,0.8621146873155432,0.8626,8.568259199993918
16,0.0001,16,ReLU,50,0.8520709415674387,0.85174729719956,0.8518,5.2623347000044305
16,0.0001,16,ReLU,100,0.8520709415674387,0.85174729719956,0.8518,5.339609199989354
16,0.0001,16,ReLU,300,0.8520709415674387,0.85174729719956,0.8518,5.267305600020336
16,0.0001,16,ReLU,500,0.8520709415674387,0.85174729719956,0.8518,5.508391900017159
16,0.0001,16,ReLU,1000,0.8520709415674387,0.85174729719956,0.8518,5.6269335000251886
16,0.0001,16,Tanh,50,0.8594780705027351,0.8591318167734648,0.8592,4.947103999991668
16,0.0001,16,Tanh,100,0.8594780705027351,0.8591318167734648,0.8592,5.267146900005173
16,0.0001,16,Tanh,300,0.8594780705027351,0.8591318167734648,0.8592,5.118203999998514
16,0.0001,16,Tanh,500,0.8594780705027351,0.8591318167734648,0.8592,5.385516300011659
16,0.0001,16,Tanh,1000,0.8594780705027351,0.8591318167734648,0.8592,5.162980299995979
16,0.0001,16,Sigmoid,50,0.8595397033588908,0.8584559258976969,0.859,5.102666099992348
16,0.0001,16,Sigmoid,100,0.8595397033588908,0.8584559258976969,0.859,5.513055100018391
16,0.0001,16,Sigmoid,300,0.8595397033588908,0.8584559258976969,0.859,5.486547000007704
16,0.0001,16,Sigmoid,500,0.8595397033588908,0.8584559258976969,0.859,5.659639599994989
16,0.0001,16,Sigmoid,1000,0.8595397033588908,0.8584559258976969,0.859,5.50433999998495
16,0.0001,16,GELU,50,0.8520709415674387,0.85174729719956,0.8518,5.195365299994592
16,0.0001,16,GELU,100,0.8520709415674387,0.85174729719956,0.8518,5.347326800023438
16,0.0001,16,GELU,300,0.8520709415674387,0.85174729719956,0.8518,5.335305499989772
16,0.0001,16,GELU,500,0.8520709415674387,0.85174729719956,0.8518,5.376187700021546
16,0.0001,16,GELU,1000,0.8520709415674387,0.85174729719956,0.8518,5.497090599994408
16,0.0001,16,Softmax,50,0.8595397033588908,0.8584559258976969,0.859,5.181423200003337
16,0.0001,16,Softmax,100,0.8595397033588908,0.8584559258976969,0.859,5.570712000015192
16,0.0001,16,Softmax,300,0.8595397033588908,0.8584559258976969,0.859,5.588850100000855
16,0.0001,16,Softmax,500,0.8595397033588908,0.8584559258976969,0.859,5.471637299982831
16,0.0001,16,Softmax,1000,0.8595397033588908,0.8584559258976969,0.859,5.442716700024903
16,0.0001,32,ReLU,50,0.8534810543411254,0.8531227943231284,0.8532,2.948508200002834
16,0.0001,32,ReLU,100,0.8538672314279832,0.8535476500150413,0.8536,3.919037900021067
16,0.0001,32,ReLU,300,0.8538672314279832,0.8535476500150413,0.8536,3.8937833000090905
16,0.0001,32,ReLU,500,0.8538672314279832,0.8535476500150413,0.8536,3.9545362000062596
16,0.0001,32,ReLU,1000,0.8538672314279832,0.8535476500150413,0.8536,3.9350334999908227
16,0.0001,32,Tanh,50,0.8576991543638055,0.8572967721562467,0.8574,2.980433399992762
16,0.0001,32,Tanh,100,0.85789615987996,0.8575025339739208,0.8576,3.4311082999920473
16,0.0001,32,Tanh,300,0.85789615987996,0.8575025339739208,0.8576,3.4977735999855213
16,0.0001,32,Tanh,500,0.85789615987996,0.8575025339739208,0.8576,3.4781952000048477
16,0.0001,32,Tanh,1000,0.85789615987996,0.8575025339739208,0.8576,3.3371945000253618
16,0.0001,32,Sigmoid,50,0.8562968014347678,0.85469420242064,0.8556,2.9542200000141747
16,0.0001,32,Sigmoid,100,0.8564801065119315,0.8549321683719707,0.8558,3.6715325000113808
16,0.0001,32,Sigmoid,300,0.8564801065119315,0.8549321683719707,0.8558,3.6306409999961033
16,0.0001,32,Sigmoid,500,0.8564801065119315,0.8549321683719707,0.8558,3.6626629999955185
16,0.0001,32,Sigmoid,1000,0.8564801065119315,0.8549321683719707,0.8558,3.733260600012727
16,0.0001,32,GELU,50,0.8534810543411254,0.8531227943231284,0.8532,2.931142900022678
16,0.0001,32,GELU,100,0.8538672314279832,0.8535476500150413,0.8536,3.888604000007035
16,0.0001,32,GELU,300,0.8538672314279832,0.8535476500150413,0.8536,3.8771579999884125
16,0.0001,32,GELU,500,0.8538672314279832,0.8535476500150413,0.8536,3.701121799997054
16,0.0001,32,GELU,1000,0.8538672314279832,0.8535476500150413,0.8536,3.896578399988357
16,0.0001,32,Softmax,50,0.8562968014347678,0.85469420242064,0.8556,2.9208235000260174
16,0.0001,32,Softmax,100,0.8564801065119315,0.8549321683719707,0.8558,3.6061430999834556
16,0.0001,32,Softmax,300,0.8564801065119315,0.8549321683719707,0.8558,3.7810082999931183
16,0.0001,32,Softmax,500,0.8564801065119315,0.8549321683719707,0.8558,3.7613001000136137
16,0.0001,32,Softmax,1000,0.8564801065119315,0.8549321683719707,0.8558,3.6304583000019193
16,0.0001,64,ReLU,50,0.8328427685236678,0.8320307175618602,0.8324,1.8024924999917857
16,0.0001,64,ReLU,100,0.852477190898128,0.8521309490232691,0.8522,3.0478435999830253
16,0.0001,64,ReLU,300,0.8518817699967355,0.8515295712309857,0.8516,3.3645717999897897
16,0.0001,64,ReLU,500,0.8518817699967355,0.8515295712309857,0.8516,3.1638507999887224
16,0.0001,64,ReLU,1000,0.8518817699967355,0.8515295712309857,0.8516,3.2310822999861557
16,0.0001,64,Tanh,50,0.8443610745608364,0.8437854194830496,0.844,1.7341541000059806
16,0.0001,64,Tanh,100,0.8564897203888971,0.8561063973524835,0.8562,2.9177124999987427
16,0.0001,64,Tanh,300,0.8564897203888971,0.8561063973524835,0.8562,2.9743199999793433
16,0.0001,64,Tanh,500,0.8564897203888971,0.8561063973524835,0.8562,2.977621800004272
16,0.0001,64,Tanh,1000,0.8564897203888971,0.8561063973524835,0.8562,3.0234443999943323
16,0.0001,64,Sigmoid,50,0.8331693117477309,0.8292481014044828,0.832,1.7650899000000209
16,0.0001,64,Sigmoid,100,0.8438301647808704,0.8416605923652218,0.843,2.972766799997771
16,0.0001,64,Sigmoid,300,0.8438301647808704,0.8416605923652218,0.843,3.069044199975906
16,0.0001,64,Sigmoid,500,0.8438301647808704,0.8416605923652218,0.843,3.198745300003793
16,0.0001,64,Sigmoid,1000,0.8438301647808704,0.8416605923652218,0.843,2.8647490000003017
16,0.0001,64,GELU,50,0.8328427685236678,0.8320307175618602,0.8324,1.735336899990216
16,0.0001,64,GELU,100,0.852477190898128,0.8521309490232691,0.8522,3.0859560999961104
16,0.0001,64,GELU,300,0.8518817699967355,0.8515295712309857,0.8516,3.2716979999968316
16,0.0001,64,GELU,500,0.8518817699967355,0.8515295712309857,0.8516,3.3514695999911055
16,0.0001,64,GELU,1000,0.8518817699967355,0.8515295712309857,0.8516,3.262106100009987
16,0.0001,64,Softmax,50,0.8331693117477309,0.8292481014044828,0.832,1.7282045999891125
16,0.0001,64,Softmax,100,0.8438301647808704,0.8416605923652218,0.843,2.962293899996439
16,0.0001,64,Softmax,300,0.8438301647808704,0.8416605923652218,0.843,3.0205501999880653
16,0.0001,64,Softmax,500,0.8438301647808704,0.8416605923652218,0.843,3.110260899993591
16,0.0001,64,Softmax,1000,0.8438301647808704,0.8416605923652218,0.843,2.8707457999989856
16,0.0001,128,ReLU,50,0.7498150733466807,0.7456420209518978,0.7492,1.1102534000237938
16,0.0001,128,ReLU,100,0.8415535746920466,0.8410145919237807,0.8412,1.997820500022499
16,0.0001,128,ReLU,300,0.8493106711303607,0.8488866398682893,0.849,2.7458924000093248
16,0.0001,128,ReLU,500,0.8493106711303607,0.8488866398682893,0.849,2.7768594999797642
16,0.0001,128,ReLU,1000,0.8493106711303607,0.8488866398682893,0.849,2.605620699992869
16,0.0001,128,Tanh,50,0.8029233475074989,0.80201082908988,0.8026,1.082997300021816
16,0.0001,128,Tanh,100,0.8481423384724248,0.8476424555344035,0.8478,1.9491978000150993
16,0.0001,128,Tanh,300,0.8497235180248949,0.8492719376064466,0.8494,2.4033193000068422
16,0.0001,128,Tanh,500,0.8497235180248949,0.8492719376064466,0.8494,2.3743948999908753
16,0.0001,128,Tanh,1000,0.8497235180248949,0.8492719376064466,0.8494,2.4026887000072747
16,0.0001,128,Sigmoid,50,0.7931258217492716,0.788675885528832,0.792,1.1099995000113267
16,0.0001,128,Sigmoid,100,0.8367988960700128,0.8338529713078827,0.8358,2.025819100002991
16,0.0001,128,Sigmoid,300,0.837972364151183,0.8351792498418229,0.837,2.270395200001076
16,0.0001,128,Sigmoid,500,0.837972364151183,0.8351792498418229,0.837,2.27883270001621
16,0.0001,128,Sigmoid,1000,0.837972364151183,0.8351792498418229,0.837,2.1769842999929097
16,0.0001,128,GELU,50,0.7498150733466807,0.7456420209518978,0.7492,1.0954454999882728
16,0.0001,128,GELU,100,0.8415535746920466,0.8410145919237807,0.8412,2.0088944000017364
16,0.0001,128,GELU,300,0.8493106711303607,0.8488866398682893,0.849,2.670025400002487
16,0.0001,128,GELU,500,0.8493106711303607,0.8488866398682893,0.849,2.715443699999014
16,0.0001,128,GELU,1000,0.8493106711303607,0.8488866398682893,0.849,2.66533449999406
16,0.0001,128,Softmax,50,0.7931258217492716,0.788675885528832,0.792,1.0865098999929614
16,0.0001,128,Softmax,100,0.8367988960700128,0.8338529713078827,0.8358,1.9867758999753278
16,0.0001,128,Softmax,300,0.837972364151183,0.8351792498418229,0.837,2.281765499996254
16,0.0001,128,Softmax,500,0.837972364151183,0.8351792498418229,0.837,2.3935770000098273
16,0.0001,128,Softmax,1000,0.837972364151183,0.8351792498418229,0.837,2.2131735000002664
16,0.00025,8,ReLU,50,0.8572691774377583,0.8569448567850005,0.857,8.2838383000053
16,0.00025,8,ReLU,100,0.8570592025529183,0.8567636526739167,0.8568,9.59892590000527
16,0.00025,8,ReLU,300,0.8570592025529183,0.8567636526739167,0.8568,9.561190599983092
16,0.00025,8,ReLU,500,0.8570592025529183,0.8567636526739167,0.8568,9.752292899996974
16,0.00025,8,ReLU,1000,0.8570592025529183,0.8567636526739167,0.8568,9.628082599985646
16,0.00025,8,Tanh,50,0.8610810281297491,0.8607224496997863,0.8608,7.018177199992351
16,0.00025,8,Tanh,100,0.8610810281297491,0.8607224496997863,0.8608,7.179349999991246
16,0.00025,8,Tanh,300,0.8610810281297491,0.8607224496997863,0.8608,7.274090499995509
16,0.00025,8,Tanh,500,0.8610810281297491,0.8607224496997863,0.8608,7.077696000022115
16,0.00025,8,Tanh,1000,0.8610810281297491,0.8607224496997863,0.8608,7.42540320000262
16,0.00025,8,Sigmoid,50,0.8585992527035634,0.8579044758894726,0.8582,6.658159999991767
16,0.00025,8,Sigmoid,100,0.8585992527035634,0.8579044758894726,0.8582,6.654165900021326
16,0.00025,8,Sigmoid,300,0.8585992527035634,0.8579044758894726,0.8582,6.352390000014566
16,0.00025,8,Sigmoid,500,0.8585992527035634,0.8579044758894726,0.8582,6.367583100014599
16,0.00025,8,Sigmoid,1000,0.8585992527035634,0.8579044758894726,0.8582,6.718663599982392
16,0.00025,8,GELU,50,0.8572691774377583,0.8569448567850005,0.857,8.240737999993144
16,0.00025,8,GELU,100,0.8570592025529183,0.8567636526739167,0.8568,9.60704549998627
16,0.00025,8,GELU,300,0.8570592025529183,0.8567636526739167,0.8568,9.527352100005373
16,0.00025,8,GELU,500,0.8570592025529183,0.8567636526739167,0.8568,9.254918299993733
16,0.00025,8,GELU,1000,0.8570592025529183,0.8567636526739167,0.8568,9.766995999991195
16,0.00025,8,Softmax,50,0.8585992527035634,0.8579044758894726,0.8582,6.563169700006256
16,0.00025,8,Softmax,100,0.8585992527035634,0.8579044758894726,0.8582,6.40528269999777
16,0.00025,8,Softmax,300,0.8585992527035634,0.8579044758894726,0.8582,6.766394499980379
16,0.00025,8,Softmax,500,0.8585992527035634,0.8579044758894726,0.8582,6.543532100011362
16,0.00025,8,Softmax,1000,0.8585992527035634,0.8579044758894726,0.8582,6.476718799996888
16,0.00025,16,ReLU,50,0.8564593772985966,0.8561706045534191,0.8562,4.178069199988386
16,0.00025,16,ReLU,100,0.8564593772985966,0.8561706045534191,0.8562,4.07597320000059
16,0.00025,16,ReLU,300,0.8564593772985966,0.8561706045534191,0.8562,4.112415999989025
16,0.00025,16,ReLU,500,0.8564593772985966,0.8561706045534191,0.8562,4.033531300025061
16,0.00025,16,ReLU,1000,0.8564593772985966,0.8561706045534191,0.8562,4.002138999989256
16,0.00025,16,Tanh,50,0.8620792687693087,0.8617285585036272,0.8618,3.790017399995122
16,0.00025,16,Tanh,100,0.8620792687693087,0.8617285585036272,0.8618,3.5719858999946155
16,0.00025,16,Tanh,300,0.8620792687693087,0.8617285585036272,0.8618,3.715728399984073
16,0.00025,16,Tanh,500,0.8620792687693087,0.8617285585036272,0.8618,3.74933210000745
16,0.00025,16,Tanh,1000,0.8620792687693087,0.8617285585036272,0.8618,3.694625200005248
16,0.00025,16,Sigmoid,50,0.86296174969735,0.8623721227621483,0.8626,3.8322759000002407
16,0.00025,16,Sigmoid,100,0.86296174969735,0.8623721227621483,0.8626,3.8507052000204567
16,0.00025,16,Sigmoid,300,0.86296174969735,0.8623721227621483,0.8626,3.8501562000019476
16,0.00025,16,Sigmoid,500,0.86296174969735,0.8623721227621483,0.8626,3.9072493000130635
16,0.00025,16,Sigmoid,1000,0.86296174969735,0.8623721227621483,0.8626,3.9055300999898463
16,0.00025,16,GELU,50,0.8564593772985966,0.8561706045534191,0.8562,4.1386586999869905
16,0.00025,16,GELU,100,0.8564593772985966,0.8561706045534191,0.8562,4.098725200019544
16,0.00025,16,GELU,300,0.8564593772985966,0.8561706045534191,0.8562,4.041547500004526
16,0.00025,16,GELU,500,0.8564593772985966,0.8561706045534191,0.8562,4.123974099988118
16,0.00025,16,GELU,1000,0.8564593772985966,0.8561706045534191,0.8562,4.009502300003078
16,0.00025,16,Softmax,50,0.86296174969735,0.8623721227621483,0.8626,3.924366600025678
16,0.00025,16,Softmax,100,0.86296174969735,0.8623721227621483,0.8626,3.8964425000012852
16,0.00025,16,Softmax,300,0.86296174969735,0.8623721227621483,0.8626,3.87519260001136
16,0.00025,16,Softmax,500,0.86296174969735,0.8623721227621483,0.8626,3.7348238000122365
16,0.00025,16,Softmax,1000,0.86296174969735,0.8623721227621483,0.8626,3.9432855999912135
16,0.00025,32,ReLU,50,0.854626146783907,0.8543836479832345,0.8544,2.4498843000037596
16,0.00025,32,ReLU,100,0.854626146783907,0.8543836479832345,0.8544,2.397568299988052
16,0.00025,32,ReLU,300,0.854626146783907,0.8543836479832345,0.8544,2.391208799992455
16,0.00025,32,ReLU,500,0.854626146783907,0.8543836479832345,0.8544,2.412074499996379
16,0.00025,32,ReLU,1000,0.854626146783907,0.8543836479832345,0.8544,2.4725440999900457
16,0.00025,32,Tanh,50,0.861470391119027,0.8611478934821065,0.8612,2.6211846999940462
16,0.00025,32,Tanh,100,0.861470391119027,0.8611478934821065,0.8612,2.3843214000226
16,0.00025,32,Tanh,300,0.861470391119027,0.8611478934821065,0.8612,2.6293625000107568
16,0.00025,32,Tanh,500,0.861470391119027,0.8611478934821065,0.8612,2.5433234999945853
16,0.00025,32,Tanh,1000,0.861470391119027,0.8611478934821065,0.8612,2.6468553000013344
16,0.00025,32,Sigmoid,50,0.8601987807380551,0.8595060825092026,0.8598,2.713412100012647
16,0.00025,32,Sigmoid,100,0.8601987807380551,0.8595060825092026,0.8598,2.8050721999898087
16,0.00025,32,Sigmoid,300,0.8601987807380551,0.8595060825092026,0.8598,2.759598000004189
16,0.00025,32,Sigmoid,500,0.8601987807380551,0.8595060825092026,0.8598,2.777496599999722
16,0.00025,32,Sigmoid,1000,0.8601987807380551,0.8595060825092026,0.8598,2.7861052000080235
16,0.00025,32,GELU,50,0.854626146783907,0.8543836479832345,0.8544,2.4143784000189044
16,0.00025,32,GELU,100,0.854626146783907,0.8543836479832345,0.8544,2.476320099987788
16,0.00025,32,GELU,300,0.854626146783907,0.8543836479832345,0.8544,2.447317899990594
16,0.00025,32,GELU,500,0.854626146783907,0.8543836479832345,0.8544,2.455854300002102
16,0.00025,32,GELU,1000,0.854626146783907,0.8543836479832345,0.8544,2.3392228999873623
16,0.00025,32,Softmax,50,0.8601987807380551,0.8595060825092026,0.8598,2.8276057000039145
16,0.00025,32,Softmax,100,0.8601987807380551,0.8595060825092026,0.8598,2.7768440000072587
16,0.00025,32,Softmax,300,0.8601987807380551,0.8595060825092026,0.8598,2.81606300000567
16,0.00025,32,Softmax,500,0.8601987807380551,0.8595060825092026,0.8598,2.8292393000156153
16,0.00025,32,Softmax,1000,0.8601987807380551,0.8595060825092026,0.8598,2.8474992999981623
16,0.00025,64,ReLU,50,0.8534438699968785,0.8531587852548642,0.8532,1.6740467000054196
16,0.00025,64,ReLU,100,0.8534438699968785,0.8531587852548642,0.8532,1.931823599996278
16,0.00025,64,ReLU,300,0.8534438699968785,0.8531587852548642,0.8532,1.894320899999002
16,0.00025,64,ReLU,500,0.8534438699968785,0.8531587852548642,0.8532,1.8558697000262327
16,0.00025,64,ReLU,1000,0.8534438699968785,0.8531587852548642,0.8532,1.8243645999755245
16,0.00025,64,Tanh,50,0.8604584500404765,0.8601580054257748,0.8602,1.6977838999882806
16,0.00025,64,Tanh,100,0.8600597909651367,0.8597549504284926,0.8598,2.068459800007986
16,0.00025,64,Tanh,300,0.8600597909651367,0.8597549504284926,0.8598,2.1447756999987178
16,0.00025,64,Tanh,500,0.8600597909651367,0.8597549504284926,0.8598,2.2294985999760684
16,0.00025,64,Tanh,1000,0.8600597909651367,0.8597549504284926,0.8598,2.2671207999810576
16,0.00025,64,Sigmoid,50,0.8614165360386185,0.8606861345226441,0.861,1.7202205999928992
16,0.00025,64,Sigmoid,100,0.8608171981645002,0.8600905458727729,0.8604,2.3628673999919556
16,0.00025,64,Sigmoid,300,0.8608171981645002,0.8600905458727729,0.8604,2.41453919999185
16,0.00025,64,Sigmoid,500,0.8608171981645002,0.8600905458727729,0.8604,2.4347617000166792
16,0.00025,64,Sigmoid,1000,0.8608171981645002,0.8600905458727729,0.8604,2.3397324999968987
16,0.00025,64,GELU,50,0.8534438699968785,0.8531587852548642,0.8532,1.6287535000010394
16,0.00025,64,GELU,100,0.8534438699968785,0.8531587852548642,0.8532,1.9290834999992512
16,0.00025,64,GELU,300,0.8534438699968785,0.8531587852548642,0.8532,1.8311824999982491
16,0.00025,64,GELU,500,0.8534438699968785,0.8531587852548642,0.8532,1.9418816000106744
16,0.00025,64,GELU,1000,0.8534438699968785,0.8531587852548642,0.8532,1.855516899988288
16,0.00025,64,Softmax,50,0.8614165360386185,0.8606861345226441,0.861,1.763770299992757
16,0.00025,64,Softmax,100,0.8608171981645002,0.8600905458727729,0.8604,2.2781468000030145
16,0.00025,64,Softmax,300,0.8608171981645002,0.8600905458727729,0.8604,2.2801966999832075
16,0.00025,64,Softmax,500,0.8608171981645002,0.8600905458727729,0.8604,2.3526807999878656
16,0.00025,64,Softmax,1000,0.8608171981645002,0.8600905458727729,0.8604,2.330346599977929
16,0.00025,128,ReLU,50,0.8527050268847866,0.8522847330254905,0.8524,1.0372062000096776
16,0.00025,128,ReLU,100,0.8546449826461323,0.8543721406424961,0.8544,1.5951787999947555
16,0.00025,128,ReLU,300,0.8546449826461323,0.8543721406424961,0.8544,1.6912670999881811
16,0.00025,128,ReLU,500,0.8546449826461323,0.8543721406424961,0.8544,1.6102054999792017
16,0.00025,128,ReLU,1000,0.8546449826461323,0.8543721406424961,0.8544,1.540401500009466
16,0.00025,128,Tanh,50,0.8534849713138511,0.8531137472972307,0.8532,1.083944199985126
16,0.00025,128,Tanh,100,0.8574752353498729,0.8571268945838564,0.8572,1.5707055999955628
16,0.00025,128,Tanh,300,0.8574752353498729,0.8571268945838564,0.8572,1.5852155000029597
16,0.00025,128,Tanh,500,0.8574752353498729,0.8571268945838564,0.8572,1.6564021999947727
16,0.00025,128,Tanh,1000,0.8574752353498729,0.8571268945838564,0.8572,1.6399278999888338
16,0.00025,128,Sigmoid,50,0.847131298053479,0.8453759790586138,0.8464,1.0809191000007559
16,0.00025,128,Sigmoid,100,0.8573469476339223,0.8562544211933804,0.8568,1.8609697000065353
16,0.00025,128,Sigmoid,300,0.8567427180266716,0.8556686855469259,0.8562,1.940211699984502
16,0.00025,128,Sigmoid,500,0.8567427180266716,0.8556686855469259,0.8562,2.002164800011087
16,0.00025,128,Sigmoid,1000,0.8567427180266716,0.8556686855469259,0.8562,2.006175600021379
16,0.00025,128,GELU,50,0.8527050268847866,0.8522847330254905,0.8524,1.0690806000202429
16,0.00025,128,GELU,100,0.8546449826461323,0.8543721406424961,0.8544,1.6228816999937408
16,0.00025,128,GELU,300,0.8546449826461323,0.8543721406424961,0.8544,1.657538100000238
16,0.00025,128,GELU,500,0.8546449826461323,0.8543721406424961,0.8544,1.6314880000136327
16,0.00025,128,GELU,1000,0.8546449826461323,0.8543721406424961,0.8544,1.6757724000199232
16,0.00025,128,Softmax,50,0.847131298053479,0.8453759790586138,0.8464,1.0730673000216484
16,0.00025,128,Softmax,100,0.8573469476339223,0.8562544211933804,0.8568,1.8607004999939818
16,0.00025,128,Softmax,300,0.8567427180266716,0.8556686855469259,0.8562,1.978982200002065
16,0.00025,128,Softmax,500,0.8567427180266716,0.8556686855469259,0.8562,1.9390003999869805
16,0.00025,128,Softmax,1000,0.8567427180266716,0.8556686855469259,0.8562,1.9379626000009011
32,0.01,8,ReLU,50,0.8436494346525744,0.8433598850980742,0.8434,4.834806699975161
32,0.01,8,ReLU,100,0.8436494346525744,0.8433598850980742,0.8434,4.565594600018812
32,0.01,8,ReLU,300,0.8436494346525744,0.8433598850980742,0.8434,4.62942519999342
32,0.01,8,ReLU,500,0.8436494346525744,0.8433598850980742,0.8434,4.774880000011763
32,0.01,8,ReLU,1000,0.8436494346525744,0.8433598850980742,0.8434,4.8035690000106115
32,0.01,8,Tanh,50,0.8483973776629133,0.8482623711644193,0.8482,4.7912669999932405
32,0.01,8,Tanh,100,0.8483973776629133,0.8482623711644193,0.8482,4.700283699989086
32,0.01,8,Tanh,300,0.8483973776629133,0.8482623711644193,0.8482,4.728031800012104
32,0.01,8,Tanh,500,0.8483973776629133,0.8482623711644193,0.8482,4.928151699976297
32,0.01,8,Tanh,1000,0.8483973776629133,0.8482623711644193,0.8482,4.798425599990878
32,0.01,8,Sigmoid,50,0.849290598886529,0.8489116532484169,0.849,5.143225699983304
32,0.01,8,Sigmoid,100,0.849290598886529,0.8489116532484169,0.849,5.255067699996289
32,0.01,8,Sigmoid,300,0.849290598886529,0.8489116532484169,0.849,5.254722300014691
32,0.01,8,Sigmoid,500,0.849290598886529,0.8489116532484169,0.849,5.087706499994965
32,0.01,8,Sigmoid,1000,0.849290598886529,0.8489116532484169,0.849,5.265186300006462
32,0.01,8,GELU,50,0.8436494346525744,0.8433598850980742,0.8434,4.541423499991652
32,0.01,8,GELU,100,0.8436494346525744,0.8433598850980742,0.8434,4.777857899985975
32,0.01,8,GELU,300,0.8436494346525744,0.8433598850980742,0.8434,4.798977400001604
32,0.01,8,GELU,500,0.8436494346525744,0.8433598850980742,0.8434,4.715141299995594
32,0.01,8,GELU,1000,0.8436494346525744,0.8433598850980742,0.8434,4.7578060000087135
32,0.01,8,Softmax,50,0.849290598886529,0.8489116532484169,0.849,5.219780500017805
32,0.01,8,Softmax,100,0.849290598886529,0.8489116532484169,0.849,5.3528882000246085
32,0.01,8,Softmax,300,0.849290598886529,0.8489116532484169,0.849,5.273252599989064
32,0.01,8,Softmax,500,0.849290598886529,0.8489116532484169,0.849,5.259024800005136
32,0.01,8,Softmax,1000,0.849290598886529,0.8489116532484169,0.849,5.210116100002779
32,0.01,16,ReLU,50,0.8524668841894636,0.8521404505357643,0.8522,2.216868899995461
32,0.01,16,ReLU,100,0.8524668841894636,0.8521404505357643,0.8522,2.202678500005277
32,0.01,16,ReLU,300,0.8524668841894636,0.8521404505357643,0.8522,2.2011348999803886
32,0.01,16,ReLU,500,0.8524668841894636,0.8521404505357643,0.8522,2.298276400018949
32,0.01,16,ReLU,1000,0.8524668841894636,0.8521404505357643,0.8522,2.2701241000031587
32,0.01,16,Tanh,50,0.8509826643484825,0.8508468773218937,0.8508,2.6622022000083234
32,0.01,16,Tanh,100,0.8509826643484825,0.8508468773218937,0.8508,2.419759399985196
32,0.01,16,Tanh,300,0.8509826643484825,0.8508468773218937,0.8508,2.5702777999977116
32,0.01,16,Tanh,500,0.8509826643484825,0.8508468773218937,0.8508,2.6900318000116386
32,0.01,16,Tanh,1000,0.8509826643484825,0.8508468773218937,0.8508,2.5032049999863375
32,0.01,16,Sigmoid,50,0.856232759762447,0.8559841712433082,0.856,2.6767748999991454
32,0.01,16,Sigmoid,100,0.856232759762447,0.8559841712433082,0.856,2.638037099997746
32,0.01,16,Sigmoid,300,0.856232759762447,0.8559841712433082,0.856,2.781369200005429
32,0.01,16,Sigmoid,500,0.856232759762447,0.8559841712433082,0.856,2.6387630999961402
32,0.01,16,Sigmoid,1000,0.856232759762447,0.8559841712433082,0.856,2.7378846000065096
32,0.01,16,GELU,50,0.8524668841894636,0.8521404505357643,0.8522,2.153181700006826
32,0.01,16,GELU,100,0.8524668841894636,0.8521404505357643,0.8522,2.2551838000072166
32,0.01,16,GELU,300,0.8524668841894636,0.8521404505357643,0.8522,2.208495300001232
32,0.01,16,GELU,500,0.8524668841894636,0.8521404505357643,0.8522,2.231976399983978
32,0.01,16,GELU,1000,0.8524668841894636,0.8521404505357643,0.8522,2.1856734000029974
32,0.01,16,Softmax,50,0.856232759762447,0.8559841712433082,0.856,2.6105478999961633
32,0.01,16,Softmax,100,0.856232759762447,0.8559841712433082,0.856,2.7614110999857076
32,0.01,16,Softmax,300,0.856232759762447,0.8559841712433082,0.856,2.784156100009568
32,0.01,16,Softmax,500,0.856232759762447,0.8559841712433082,0.856,2.7290990999899805
32,0.01,16,Softmax,1000,0.856232759762447,0.8559841712433082,0.856,2.707472800015239
32,0.01,32,ReLU,50,0.8500147667992234,0.8498309425700353,0.8498,1.1218000999942888
32,0.01,32,ReLU,100,0.8500147667992234,0.8498309425700353,0.8498,1.049651499983156
32,0.01,32,ReLU,300,0.8500147667992234,0.8498309425700353,0.8498,1.139617700013332
32,0.01,32,ReLU,500,0.8500147667992234,0.8498309425700353,0.8498,1.059201199997915
32,0.01,32,ReLU,1000,0.8500147667992234,0.8498309425700353,0.8498,1.1409938000142574
32,0.01,32,Tanh,50,0.8548622682340244,0.8545432873329011,0.8546,1.1611955999978818
32,0.01,32,Tanh,100,0.8548622682340244,0.8545432873329011,0.8546,1.1633612999867182
32,0.01,32,Tanh,300,0.8548622682340244,0.8545432873329011,0.8546,1.2490279999910854
32,0.01,32,Tanh,500,0.8548622682340244,0.8545432873329011,0.8546,1.1478101999964565
32,0.01,32,Tanh,1000,0.8548622682340244,0.8545432873329011,0.8546,1.192843400000129
32,0.01,32,Sigmoid,50,0.8622425195337383,0.8619768300105543,0.862,1.4601687999966089
32,0.01,32,Sigmoid,100,0.8622425195337383,0.8619768300105543,0.862,1.4873220000008587
32,0.01,32,Sigmoid,300,0.8622425195337383,0.8619768300105543,0.862,1.3912239000201225
32,0.01,32,Sigmoid,500,0.8622425195337383,0.8619768300105543,0.862,1.4480173999909312
32,0.01,32,Sigmoid,1000,0.8622425195337383,0.8619768300105543,0.862,1.3865487000148278
32,0.01,32,GELU,50,0.8500147667992234,0.8498309425700353,0.8498,1.0451441000041086
32,0.01,32,GELU,100,0.8500147667992234,0.8498309425700353,0.8498,1.1541327000013553
32,0.01,32,GELU,300,0.8500147667992234,0.8498309425700353,0.8498,1.1116525999968871
32,0.01,32,GELU,500,0.8500147667992234,0.8498309425700353,0.8498,1.1657780000241473
32,0.01,32,GELU,1000,0.8500147667992234,0.8498309425700353,0.8498,1.0447303999972064
32,0.01,32,Softmax,50,0.8622425195337383,0.8619768300105543,0.862,1.4669542000046931
32,0.01,32,Softmax,100,0.8622425195337383,0.8619768300105543,0.862,1.5641548999992665
32,0.01,32,Softmax,300,0.8622425195337383,0.8619768300105543,0.862,1.3816762000205927
32,0.01,32,Softmax,500,0.8622425195337383,0.8619768300105543,0.862,1.392072399990866
32,0.01,32,Softmax,1000,0.8622425195337383,0.8619768300105543,0.862,1.4902847000048496
32,0.01,64,ReLU,50,0.852299752314504,0.8519000697336406,0.852,0.8112641000188887
32,0.01,64,ReLU,100,0.852299752314504,0.8519000697336406,0.852,0.8075089000049047
32,0.01,64,ReLU,300,0.852299752314504,0.8519000697336406,0.852,0.7441838000086136
32,0.01,64,ReLU,500,0.852299752314504,0.8519000697336406,0.852,0.7833917000098154
32,0.01,64,ReLU,1000,0.852299752314504,0.8519000697336406,0.852,0.7422531999764033
32,0.01,64,Tanh,50,0.8541366381807197,0.8536530812971194,0.8538,0.927080699999351
32,0.01,64,Tanh,100,0.8541366381807197,0.8536530812971194,0.8538,0.8879093000141438
32,0.01,64,Tanh,300,0.8541366381807197,0.8536530812971194,0.8538,0.730801400000928
32,0.01,64,Tanh,500,0.8541366381807197,0.8536530812971194,0.8538,0.901030000008177
32,0.01,64,Tanh,1000,0.8541366381807197,0.8536530812971194,0.8538,0.8044392999727279
32,0.01,64,Sigmoid,50,0.8579003026116895,0.8575083029347219,0.8576,1.0175995000172406
32,0.01,64,Sigmoid,100,0.8579003026116895,0.8575083029347219,0.8576,0.9100807999784593
32,0.01,64,Sigmoid,300,0.8579003026116895,0.8575083029347219,0.8576,0.9595568000222556
32,0.01,64,Sigmoid,500,0.8579003026116895,0.8575083029347219,0.8576,0.9825572999834549
32,0.01,64,Sigmoid,1000,0.8579003026116895,0.8575083029347219,0.8576,0.9971633999957703
32,0.01,64,GELU,50,0.852299752314504,0.8519000697336406,0.852,0.7615721999900416
32,0.01,64,GELU,100,0.852299752314504,0.8519000697336406,0.852,0.7857683000038378
32,0.01,64,GELU,300,0.852299752314504,0.8519000697336406,0.852,0.8484872000117321
32,0.01,64,GELU,500,0.852299752314504,0.8519000697336406,0.852,0.7328406000160612
32,0.01,64,GELU,1000,0.852299752314504,0.8519000697336406,0.852,0.8290375000215136
32,0.01,64,Softmax,50,0.8579003026116895,0.8575083029347219,0.8576,0.9475476999941748
32,0.01,64,Softmax,100,0.8579003026116895,0.8575083029347219,0.8576,1.0196750999893993
32,0.01,64,Softmax,300,0.8579003026116895,0.8575083029347219,0.8576,1.0022307000181172
32,0.01,64,Softmax,500,0.8579003026116895,0.8575083029347219,0.8576,1.0491482999932487
32,0.01,64,Softmax,1000,0.8579003026116895,0.8575083029347219,0.8576,0.9709920000168495
32,0.01,128,ReLU,50,0.8575488729680615,0.8570359718089621,0.8572,0.6050080000131857
32,0.01,128,ReLU,100,0.8575488729680615,0.8570359718089621,0.8572,0.6094148000120185
32,0.01,128,ReLU,300,0.8575488729680615,0.8570359718089621,0.8572,0.5638775999832433
32,0.01,128,ReLU,500,0.8575488729680615,0.8570359718089621,0.8572,0.5461917000066023
32,0.01,128,ReLU,1000,0.8575488729680615,0.8570359718089621,0.8572,0.5930010000010952
32,0.01,128,Tanh,50,0.860918995815828,0.8604802293198057,0.8606,0.5762159000150859
32,0.01,128,Tanh,100,0.860918995815828,0.8604802293198057,0.8606,0.5452356999740005
32,0.01,128,Tanh,300,0.860918995815828,0.8604802293198057,0.8606,0.5876509999798145
32,0.01,128,Tanh,500,0.860918995815828,0.8604802293198057,0.8606,0.5562820000050124
32,0.01,128,Tanh,1000,0.860918995815828,0.8604802293198057,0.8606,0.5597598000022117
32,0.01,128,Sigmoid,50,0.8624378012880828,0.8621656716528117,0.8622,0.9107681000023149
32,0.01,128,Sigmoid,100,0.8624378012880828,0.8621656716528117,0.8622,0.8569663999951445
32,0.01,128,Sigmoid,300,0.8624378012880828,0.8621656716528117,0.8622,0.8077358000155073
32,0.01,128,Sigmoid,500,0.8624378012880828,0.8621656716528117,0.8622,0.853389399999287
32,0.01,128,Sigmoid,1000,0.8624378012880828,0.8621656716528117,0.8622,0.8255245999898762
32,0.01,128,GELU,50,0.8575488729680615,0.8570359718089621,0.8572,0.6081663999939337
32,0.01,128,GELU,100,0.8575488729680615,0.8570359718089621,0.8572,0.5543860000034329
32,0.01,128,GELU,300,0.8575488729680615,0.8570359718089621,0.8572,0.5857968000054825
32,0.01,128,GELU,500,0.8575488729680615,0.8570359718089621,0.8572,0.6289835999778006
32,0.01,128,GELU,1000,0.8575488729680615,0.8570359718089621,0.8572,0.6102420999959577
32,0.01,128,Softmax,50,0.8624378012880828,0.8621656716528117,0.8622,0.802503400016576
32,0.01,128,Softmax,100,0.8624378012880828,0.8621656716528117,0.8622,0.8067907000076957
32,0.01,128,Softmax,300,0.8624378012880828,0.8621656716528117,0.8622,0.8052640999958385
32,0.01,128,Softmax,500,0.8624378012880828,0.8621656716528117,0.8622,0.8462251000164542
32,0.01,128,Softmax,1000,0.8624378012880828,0.8621656716528117,0.8622,0.8884330999862868
32,0.001,8,ReLU,50,0.859691962360301,0.8593213373087482,0.8594,5.046444899984635
32,0.001,8,ReLU,100,0.859691962360301,0.8593213373087482,0.8594,4.954664299992146
32,0.001,8,ReLU,300,0.859691962360301,0.8593213373087482,0.8594,5.005091400002129
32,0.001,8,ReLU,500,0.859691962360301,0.8593213373087482,0.8594,5.101007299992489
32,0.001,8,ReLU,1000,0.859691962360301,0.8593213373087482,0.8594,5.034588199981954
32,0.001,8,Tanh,50,0.8634964664870437,0.8631049485630409,0.8632,5.020643600000767
32,0.001,8,Tanh,100,0.8634964664870437,0.8631049485630409,0.8632,5.04830920000677
32,0.001,8,Tanh,300,0.8634964664870437,0.8631049485630409,0.8632,5.0288122999772895
32,0.001,8,Tanh,500,0.8634964664870437,0.8631049485630409,0.8632,5.259232000011252
32,0.001,8,Tanh,1000,0.8634964664870437,0.8631049485630409,0.8632,5.104595500015421
32,0.001,8,Sigmoid,50,0.8608935623897581,0.8605117397338141,0.8606,7.649172200006433
32,0.001,8,Sigmoid,100,0.8608935623897581,0.8605117397338141,0.8606,7.706600600009551
32,0.001,8,Sigmoid,300,0.8608935623897581,0.8605117397338141,0.8606,7.722236299974611
32,0.001,8,Sigmoid,500,0.8608935623897581,0.8605117397338141,0.8606,7.68864159999066
32,0.001,8,Sigmoid,1000,0.8608935623897581,0.8605117397338141,0.8606,7.6755600000033155
32,0.001,8,GELU,50,0.859691962360301,0.8593213373087482,0.8594,5.052103900001384
32,0.001,8,GELU,100,0.859691962360301,0.8593213373087482,0.8594,5.155856700002914
32,0.001,8,GELU,300,0.859691962360301,0.8593213373087482,0.8594,5.117230100004235
32,0.001,8,GELU,500,0.859691962360301,0.8593213373087482,0.8594,5.1655022999912035
32,0.001,8,GELU,1000,0.859691962360301,0.8593213373087482,0.8594,5.056406500021694
32,0.001,8,Softmax,50,0.8608935623897581,0.8605117397338141,0.8606,7.665912299999036
32,0.001,8,Softmax,100,0.8608935623897581,0.8605117397338141,0.8606,7.50967539998237
32,0.001,8,Softmax,300,0.8608935623897581,0.8605117397338141,0.8606,7.3844825999985915
32,0.001,8,Softmax,500,0.8608935623897581,0.8605117397338141,0.8606,7.651998299988918
32,0.001,8,Softmax,1000,0.8608935623897581,0.8605117397338141,0.8606,7.5501541000267025
32,0.001,16,ReLU,50,0.8621164531135556,0.8616904951277461,0.8618,2.6848345000180416
32,0.001,16,ReLU,100,0.8621164531135556,0.8616904951277461,0.8618,2.7641826000181027
32,0.001,16,ReLU,300,0.8621164531135556,0.8616904951277461,0.8618,2.6303579000232276
32,0.001,16,ReLU,500,0.8621164531135556,0.8616904951277461,0.8618,2.695124099991517
32,0.001,16,ReLU,1000,0.8621164531135556,0.8616904951277461,0.8618,2.697302699991269
32,0.001,16,Tanh,50,0.8604364282758308,0.8601724289359277,0.8602,3.23084750000271
32,0.001,16,Tanh,100,0.8604364282758308,0.8601724289359277,0.8602,3.2236155999999028
32,0.001,16,Tanh,300,0.8604364282758308,0.8601724289359277,0.8602,3.341711800021585
32,0.001,16,Tanh,500,0.8604364282758308,0.8601724289359277,0.8602,3.139117599988822
32,0.001,16,Tanh,1000,0.8604364282758308,0.8601724289359277,0.8602,3.315029500023229
32,0.001,16,Sigmoid,50,0.8659491071196833,0.8654357851826591,0.8656,3.962202199996682
32,0.001,16,Sigmoid,100,0.8659491071196833,0.8654357851826591,0.8656,4.053783000010299
32,0.001,16,Sigmoid,300,0.8659491071196833,0.8654357851826591,0.8656,4.001908100006403
32,0.001,16,Sigmoid,500,0.8659491071196833,0.8654357851826591,0.8656,3.9362494999950286
32,0.001,16,Sigmoid,1000,0.8659491071196833,0.8654357851826591,0.8656,4.077615300018806
32,0.001,16,GELU,50,0.8621164531135556,0.8616904951277461,0.8618,2.90516550000757
32,0.001,16,GELU,100,0.8621164531135556,0.8616904951277461,0.8618,2.68415630000527
32,0.001,16,GELU,300,0.8621164531135556,0.8616904951277461,0.8618,2.699154899979476
32,0.001,16,GELU,500,0.8621164531135556,0.8616904951277461,0.8618,2.781203499995172
32,0.001,16,GELU,1000,0.8621164531135556,0.8616904951277461,0.8618,2.7256432000140194
32,0.001,16,Softmax,50,0.8659491071196833,0.8654357851826591,0.8656,4.000902200001292
32,0.001,16,Softmax,100,0.8659491071196833,0.8654357851826591,0.8656,3.9885419000056572
32,0.001,16,Softmax,300,0.8659491071196833,0.8654357851826591,0.8656,4.0669399999897
32,0.001,16,Softmax,500,0.8659491071196833,0.8654357851826591,0.8656,3.9805186000012327
32,0.001,16,Softmax,1000,0.8659491071196833,0.8654357851826591,0.8656,3.8774368000158574
32,0.001,32,ReLU,50,0.8624891734515242,0.8621286437190371,0.8622,1.6323709999851417
32,0.001,32,ReLU,100,0.8624891734515242,0.8621286437190371,0.8622,1.5964430999883916
32,0.001,32,ReLU,300,0.8624891734515242,0.8621286437190371,0.8622,1.5333906000014395
32,0.001,32,ReLU,500,0.8624891734515242,0.8621286437190371,0.8622,1.5920815000135917
32,0.001,32,ReLU,1000,0.8624891734515242,0.8621286437190371,0.8622,1.6436313999874983
32,0.001,32,Tanh,50,0.8625324859105102,0.862057764856078,0.8622,1.8011555999983102
32,0.001,32,Tanh,100,0.8625324859105102,0.862057764856078,0.8622,1.8642668999964371
32,0.001,32,Tanh,300,0.8625324859105102,0.862057764856078,0.8622,1.8016452000010759
32,0.001,32,Tanh,500,0.8625324859105102,0.862057764856078,0.8622,1.7420222999935504
32,0.001,32,Tanh,1000,0.8625324859105102,0.862057764856078,0.8622,2.047899700002745
32,0.001,32,Sigmoid,50,0.8643375844769129,0.8638555062380743,0.864,1.9347713000024669
32,0.001,32,Sigmoid,100,0.8643375844769129,0.8638555062380743,0.864,2.022259999997914
32,0.001,32,Sigmoid,300,0.8643375844769129,0.8638555062380743,0.864,2.003414500009967
32,0.001,32,Sigmoid,500,0.8643375844769129,0.8638555062380743,0.864,1.9307459999981802
32,0.001,32,Sigmoid,1000,0.8643375844769129,0.8638555062380743,0.864,2.1259723999828566
32,0.001,32,GELU,50,0.8624891734515242,0.8621286437190371,0.8622,1.53075569999055
32,0.001,32,GELU,100,0.8624891734515242,0.8621286437190371,0.8622,1.6237673999858089
32,0.001,32,GELU,300,0.8624891734515242,0.8621286437190371,0.8622,1.483653300005244
32,0.001,32,GELU,500,0.8624891734515242,0.8621286437190371,0.8622,1.6567241000011563
32,0.001,32,GELU,1000,0.8624891734515242,0.8621286437190371,0.8622,1.5843905999790877
32,0.001,32,Softmax,50,0.8643375844769129,0.8638555062380743,0.864,2.0716351000010036
32,0.001,32,Softmax,100,0.8643375844769129,0.8638555062380743,0.864,2.1620921999856364
32,0.001,32,Softmax,300,0.8643375844769129,0.8638555062380743,0.864,2.2229611999937333
32,0.001,32,Softmax,500,0.8643375844769129,0.8638555062380743,0.864,2.0120435999997426
32,0.001,32,Softmax,1000,0.8643375844769129,0.8638555062380743,0.864,1.995038499997463
32,0.001,64,ReLU,50,0.8610876436246917,0.860710648005281,0.8608,1.0189621000026818
32,0.001,64,ReLU,100,0.8610876436246917,0.860710648005281,0.8608,1.0241131000220776
32,0.001,64,ReLU,300,0.8610876436246917,0.860710648005281,0.8608,1.0572246000228915
32,0.001,64,ReLU,500,0.8610876436246917,0.860710648005281,0.8608,0.9840834999922663
32,0.001,64,ReLU,1000,0.8610876436246917,0.860710648005281,0.8608,1.0148751999950036
32,0.001,64,Tanh,50,0.8612736292929744,0.8609479002188954,0.861,1.1728179999918211
32,0.001,64,Tanh,100,0.8612736292929744,0.8609479002188954,0.861,1.2198990999895614
32,0.001,64,Tanh,300,0.8612736292929744,0.8609479002188954,0.861,1.2064438999805134
32,0.001,64,Tanh,500,0.8612736292929744,0.8609479002188954,0.861,1.2268195999786258
32,0.001,64,Tanh,1000,0.8612736292929744,0.8609479002188954,0.861,1.1720570000179578
32,0.001,64,Sigmoid,50,0.865738401164538,0.8652475160508336,0.8654,1.2771592999924906
32,0.001,64,Sigmoid,100,0.865738401164538,0.8652475160508336,0.8654,1.4903753999969922
32,0.001,64,Sigmoid,300,0.865738401164538,0.8652475160508336,0.8654,1.4382374999986496
32,0.001,64,Sigmoid,500,0.865738401164538,0.8652475160508336,0.8654,1.4040777999907732
32,0.001,64,Sigmoid,1000,0.865738401164538,0.8652475160508336,0.8654,1.3407798999978695
32,0.001,64,GELU,50,0.8610876436246917,0.860710648005281,0.8608,1.0955522999865934
32,0.001,64,GELU,100,0.8610876436246917,0.860710648005281,0.8608,0.9877992999972776
32,0.001,64,GELU,300,0.8610876436246917,0.860710648005281,0.8608,1.0935726999887265
32,0.001,64,GELU,500,0.8610876436246917,0.860710648005281,0.8608,0.9435671000101138
32,0.001,64,GELU,1000,0.8610876436246917,0.860710648005281,0.8608,1.0858868999930564
32,0.001,64,Softmax,50,0.865738401164538,0.8652475160508336,0.8654,1.6193033000163268
32,0.001,64,Softmax,100,0.865738401164538,0.8652475160508336,0.8654,1.2564639000047464
32,0.001,64,Softmax,300,0.865738401164538,0.8652475160508336,0.8654,1.5281059999833815
32,0.001,64,Softmax,500,0.865738401164538,0.8652475160508336,0.8654,1.4260986000008415
32,0.001,64,Softmax,1000,0.865738401164538,0.8652475160508336,0.8654,1.4377042000123765
32,0.001,128,ReLU,50,0.8612579793331697,0.8609528906001405,0.861,0.8927897000103258
32,0.001,128,ReLU,100,0.8612579793331697,0.8609528906001405,0.861,0.7834299000096507
32,0.001,128,ReLU,300,0.8612579793331697,0.8609528906001405,0.861,0.8239327000046615
32,0.001,128,ReLU,500,0.8612579793331697,0.8609528906001405,0.861,0.817942599998787
32,0.001,128,ReLU,1000,0.8612579793331697,0.8609528906001405,0.861,0.8469656000088435
32,0.001,128,Tanh,50,0.861474064401651,0.8611255326369269,0.8612,0.9221974000101909
32,0.001,128,Tanh,100,0.861474064401651,0.8611255326369269,0.8612,0.8705491999862716
32,0.001,128,Tanh,300,0.861474064401651,0.8611255326369269,0.8612,0.8987645999877714
32,0.001,128,Tanh,500,0.861474064401651,0.8611255326369269,0.8612,0.8396006999828387
32,0.001,128,Tanh,1000,0.861474064401651,0.8611255326369269,0.8612,0.9089485000004061
32,0.001,128,Sigmoid,50,0.8615648320513527,0.861010060522185,0.8612,1.1099852999905124
32,0.001,128,Sigmoid,100,0.8617662419204364,0.861207756278478,0.8614,1.2631587000214495
32,0.001,128,Sigmoid,300,0.8617662419204364,0.861207756278478,0.8614,1.219118199980585
32,0.001,128,Sigmoid,500,0.8617662419204364,0.861207756278478,0.8614,1.144740699994145
32,0.001,128,Sigmoid,1000,0.8617662419204364,0.861207756278478,0.8614,1.2147193000128027
32,0.001,128,GELU,50,0.8612579793331697,0.8609528906001405,0.861,0.7854885999986436
32,0.001,128,GELU,100,0.8612579793331697,0.8609528906001405,0.861,0.8473675000132062
32,0.001,128,GELU,300,0.8612579793331697,0.8609528906001405,0.861,0.8094525000196882
32,0.001,128,GELU,500,0.8612579793331697,0.8609528906001405,0.861,0.7861877999966964
32,0.001,128,GELU,1000,0.8612579793331697,0.8609528906001405,0.861,0.8270533000177238
32,0.001,128,Softmax,50,0.8615648320513527,0.861010060522185,0.8612,1.0255198999948334
32,0.001,128,Softmax,100,0.8617662419204364,0.861207756278478,0.8614,1.2547623999998905
32,0.001,128,Softmax,300,0.8617662419204364,0.861207756278478,0.8614,1.2180062000115868
32,0.001,128,Softmax,500,0.8617662419204364,0.861207756278478,0.8614,1.1726357000006828
32,0.001,128,Softmax,1000,0.8617662419204364,0.861207756278478,0.8614,1.201128599990625
32,0.0001,8,ReLU,50,0.8596506173532266,0.8593802643303733,0.8594,8.579536000004737
32,0.0001,8,ReLU,100,0.8596506173532266,0.8593802643303733,0.8594,8.394478400005028
32,0.0001,8,ReLU,300,0.8596506173532266,0.8593802643303733,0.8594,8.180350300011924
32,0.0001,8,ReLU,500,0.8596506173532266,0.8593802643303733,0.8594,8.309284999995725
32,0.0001,8,ReLU,1000,0.8596506173532266,0.8593802643303733,0.8594,8.309550700010732
32,0.0001,8,Tanh,50,0.8587243085011433,0.8582630417425227,0.8584,7.854511399986222
32,0.0001,8,Tanh,100,0.8587243085011433,0.8582630417425227,0.8584,8.259393100015586
32,0.0001,8,Tanh,300,0.8587243085011433,0.8582630417425227,0.8584,8.055214600026375
32,0.0001,8,Tanh,500,0.8587243085011433,0.8582630417425227,0.8584,7.953750799992122
32,0.0001,8,Tanh,1000,0.8587243085011433,0.8582630417425227,0.8584,7.9125950999732595
32,0.0001,8,Sigmoid,50,0.8639454769494677,0.8629060353560778,0.8634,6.562043799989624
32,0.0001,8,Sigmoid,100,0.8639454769494677,0.8629060353560778,0.8634,6.563654700003099
32,0.0001,8,Sigmoid,300,0.8639454769494677,0.8629060353560778,0.8634,6.439170300000114
32,0.0001,8,Sigmoid,500,0.8639454769494677,0.8629060353560778,0.8634,6.365913899993757
32,0.0001,8,Sigmoid,1000,0.8639454769494677,0.8629060353560778,0.8634,6.75788790002116
32,0.0001,8,GELU,50,0.8596506173532266,0.8593802643303733,0.8594,8.136251499992795
32,0.0001,8,GELU,100,0.8596506173532266,0.8593802643303733,0.8594,8.132538700010628
32,0.0001,8,GELU,300,0.8596506173532266,0.8593802643303733,0.8594,8.163546299998416
32,0.0001,8,GELU,500,0.8596506173532266,0.8593802643303733,0.8594,8.423045000003185
32,0.0001,8,GELU,1000,0.8596506173532266,0.8593802643303733,0.8594,7.934540099988226
32,0.0001,8,Softmax,50,0.8639454769494677,0.8629060353560778,0.8634,6.5066669000079855
32,0.0001,8,Softmax,100,0.8639454769494677,0.8629060353560778,0.8634,6.478465599997435
32,0.0001,8,Softmax,300,0.8639454769494677,0.8629060353560778,0.8634,6.621464099996956
32,0.0001,8,Softmax,500,0.8639454769494677,0.8629060353560778,0.8634,6.7384472000121605
32,0.0001,8,Softmax,1000,0.8639454769494677,0.8629060353560778,0.8634,6.6008519000024535
32,0.0001,16,ReLU,50,0.8609031200970194,0.8604862749433804,0.8606,4.613267900014762
32,0.0001,16,ReLU,100,0.8609031200970194,0.8604862749433804,0.8606,4.606938299984904
32,0.0001,16,ReLU,300,0.8609031200970194,0.8604862749433804,0.8606,4.610467999998946
32,0.0001,16,ReLU,500,0.8609031200970194,0.8604862749433804,0.8606,4.585147900012089
32,0.0001,16,ReLU,1000,0.8609031200970194,0.8604862749433804,0.8606,4.5406816999893636
32,0.0001,16,Tanh,50,0.8593287817984959,0.8588509946641435,0.859,4.804753999982495
32,0.0001,16,Tanh,100,0.8593287817984959,0.8588509946641435,0.859,5.300309600017499
32,0.0001,16,Tanh,300,0.8593287817984959,0.8588509946641435,0.859,5.075751999975182
32,0.0001,16,Tanh,500,0.8593287817984959,0.8588509946641435,0.859,5.613538600009633
32,0.0001,16,Tanh,1000,0.8593287817984959,0.8588509946641435,0.859,4.9980064000119455
32,0.0001,16,Sigmoid,50,0.8613420854719785,0.8602946425506007,0.8608,4.805239500012249
32,0.0001,16,Sigmoid,100,0.8613420854719785,0.8602946425506007,0.8608,4.986664000025485
32,0.0001,16,Sigmoid,300,0.8613420854719785,0.8602946425506007,0.8608,5.123009600007208
32,0.0001,16,Sigmoid,500,0.8613420854719785,0.8602946425506007,0.8608,5.161845900001936
32,0.0001,16,Sigmoid,1000,0.8613420854719785,0.8602946425506007,0.8608,4.8476167999906465
32,0.0001,16,GELU,50,0.8609031200970194,0.8604862749433804,0.8606,4.413233500003116
32,0.0001,16,GELU,100,0.8609031200970194,0.8604862749433804,0.8606,4.546030500001507
32,0.0001,16,GELU,300,0.8609031200970194,0.8604862749433804,0.8606,4.441049100016244
32,0.0001,16,GELU,500,0.8609031200970194,0.8604862749433804,0.8606,4.48651799999061
32,0.0001,16,GELU,1000,0.8609031200970194,0.8604862749433804,0.8606,4.471694599982584
32,0.0001,16,Softmax,50,0.8613420854719785,0.8602946425506007,0.8608,5.069637200009311
32,0.0001,16,Softmax,100,0.8613420854719785,0.8602946425506007,0.8608,5.050636499974644
32,0.0001,16,Softmax,300,0.8613420854719785,0.8602946425506007,0.8608,5.187912000023061
32,0.0001,16,Softmax,500,0.8613420854719785,0.8602946425506007,0.8608,5.090918000001693
32,0.0001,16,Softmax,1000,0.8613420854719785,0.8602946425506007,0.8608,5.076920899999095
32,0.0001,32,ReLU,50,0.858892207308604,0.8585045759391039,0.8586,2.620743900013622
32,0.0001,32,ReLU,100,0.858892207308604,0.8585045759391039,0.8586,3.2855039999994915
32,0.0001,32,ReLU,300,0.858892207308604,0.8585045759391039,0.8586,2.852199799992377
32,0.0001,32,ReLU,500,0.858892207308604,0.8585045759391039,0.8586,3.1891284000012092
32,0.0001,32,ReLU,1000,0.858892207308604,0.8585045759391039,0.8586,3.1007688000099733
32,0.0001,32,Tanh,50,0.8552092833709689,0.8545328824928523,0.8548,2.638745400006883
32,0.0001,32,Tanh,100,0.8552092833709689,0.8545328824928523,0.8548,2.696998400002485
32,0.0001,32,Tanh,300,0.8552092833709689,0.8545328824928523,0.8548,2.5856703000026755
32,0.0001,32,Tanh,500,0.8552092833709689,0.8545328824928523,0.8548,2.796430299989879
32,0.0001,32,Tanh,1000,0.8552092833709689,0.8545328824928523,0.8548,2.7252006999915466
32,0.0001,32,Sigmoid,50,0.8581586793627999,0.8570532323383132,0.8576,3.022255000018049
32,0.0001,32,Sigmoid,100,0.8581586793627999,0.8570532323383132,0.8576,3.057684600003995
32,0.0001,32,Sigmoid,300,0.8581586793627999,0.8570532323383132,0.8576,3.1791948000027332
32,0.0001,32,Sigmoid,500,0.8581586793627999,0.8570532323383132,0.8576,3.1496111000014935
32,0.0001,32,Sigmoid,1000,0.8581586793627999,0.8570532323383132,0.8576,3.1226947999966796
32,0.0001,32,GELU,50,0.858892207308604,0.8585045759391039,0.8586,2.7508774000161793
32,0.0001,32,GELU,100,0.858892207308604,0.8585045759391039,0.8586,3.0456792999757454
32,0.0001,32,GELU,300,0.858892207308604,0.8585045759391039,0.8586,3.0421553000051063
32,0.0001,32,GELU,500,0.858892207308604,0.8585045759391039,0.8586,3.15093900001375
32,0.0001,32,GELU,1000,0.858892207308604,0.8585045759391039,0.8586,3.138459399982821
32,0.0001,32,Softmax,50,0.8581586793627999,0.8570532323383132,0.8576,2.93781560001662
32,0.0001,32,Softmax,100,0.8581586793627999,0.8570532323383132,0.8576,3.2577998000197113
32,0.0001,32,Softmax,300,0.8581586793627999,0.8570532323383132,0.8576,3.124660600005882
32,0.0001,32,Softmax,500,0.8581586793627999,0.8570532323383132,0.8576,3.1721719999914058
32,0.0001,32,Softmax,1000,0.8581586793627999,0.8570532323383132,0.8576,3.120579300011741
32,0.0001,64,ReLU,50,0.8517371293355271,0.8512506659139375,0.8514,1.8019253999809735
32,0.0001,64,ReLU,100,0.8519250824557217,0.8514745607092017,0.8516,2.0814458999957424
32,0.0001,64,ReLU,300,0.8519250824557217,0.8514745607092017,0.8516,2.113992300000973
32,0.0001,64,ReLU,500,0.8519250824557217,0.8514745607092017,0.8516,2.12423369998578
32,0.0001,64,ReLU,1000,0.8519250824557217,0.8514745607092017,0.8516,2.098556399985682
32,0.0001,64,Tanh,50,0.8579636873145073,0.8574138417629652,0.8576,1.7081448000099044
32,0.0001,64,Tanh,100,0.8575606238862385,0.8570174661135997,0.8572,2.941697700007353
32,0.0001,64,Tanh,300,0.8575606238862385,0.8570174661135997,0.8572,2.9202051000029314
32,0.0001,64,Tanh,500,0.8575606238862385,0.8570174661135997,0.8572,2.8041207999922335
32,0.0001,64,Tanh,1000,0.8575606238862385,0.8570174661135997,0.8572,2.6573328000085894
32,0.0001,64,Sigmoid,50,0.8551592633851403,0.8533339909334622,0.8544,1.8053360999911092
32,0.0001,64,Sigmoid,100,0.8568779986547702,0.8553645460162688,0.8562,2.635024199989857
32,0.0001,64,Sigmoid,300,0.8568779986547702,0.8553645460162688,0.8562,2.773177499999292
32,0.0001,64,Sigmoid,500,0.8568779986547702,0.8553645460162688,0.8562,2.6488042999990284
32,0.0001,64,Sigmoid,1000,0.8568779986547702,0.8553645460162688,0.8562,2.6580833999905735
32,0.0001,64,GELU,50,0.8517371293355271,0.8512506659139375,0.8514,1.7897215000120923
32,0.0001,64,GELU,100,0.8519250824557217,0.8514745607092017,0.8516,2.0306420999986585
32,0.0001,64,GELU,300,0.8519250824557217,0.8514745607092017,0.8516,2.186308200005442
32,0.0001,64,GELU,500,0.8519250824557217,0.8514745607092017,0.8516,2.071163800021168
32,0.0001,64,GELU,1000,0.8519250824557217,0.8514745607092017,0.8516,2.026552299998002
32,0.0001,64,Softmax,50,0.8551592633851403,0.8533339909334622,0.8544,1.839348700013943
32,0.0001,64,Softmax,100,0.8568779986547702,0.8553645460162688,0.8562,2.7117598000040743
32,0.0001,64,Softmax,300,0.8568779986547702,0.8553645460162688,0.8562,2.624383199989097
32,0.0001,64,Softmax,500,0.8568779986547702,0.8553645460162688,0.8562,2.6844744000118226
32,0.0001,64,Softmax,1000,0.8568779986547702,0.8553645460162688,0.8562,2.7008707000059076
32,0.0001,128,ReLU,50,0.8424289348138441,0.8416911117775413,0.842,1.1410505000094417
32,0.0001,128,ReLU,100,0.8478156111845617,0.8471147100514859,0.8474,1.7922064999875147
32,0.0001,128,ReLU,300,0.8478156111845617,0.8471147100514859,0.8474,1.8986835000105202
32,0.0001,128,ReLU,500,0.8478156111845617,0.8471147100514859,0.8474,1.8078545000171289
32,0.0001,128,ReLU,1000,0.8478156111845617,0.8471147100514859,0.8474,1.8801381999801379
32,0.0001,128,Tanh,50,0.847322465160946,0.8462775646750579,0.8468,1.1916797000158112
32,0.0001,128,Tanh,100,0.8505112503834608,0.8495152286842812,0.85,1.5106773000152316
32,0.0001,128,Tanh,300,0.8505112503834608,0.8495152286842812,0.85,1.5530692000174895
32,0.0001,128,Tanh,500,0.8505112503834608,0.8495152286842812,0.85,1.5507372000138275
32,0.0001,128,Tanh,1000,0.8505112503834608,0.8495152286842812,0.85,1.6113754000107292
32,0.0001,128,Sigmoid,50,0.8335397390655398,0.8283352570245778,0.8322,1.1872364000009838
32,0.0001,128,Sigmoid,100,0.8477503646720835,0.8450257326407858,0.8468,1.8609903000178747
32,0.0001,128,Sigmoid,300,0.8477503646720835,0.8450257326407858,0.8468,1.966068700014148
32,0.0001,128,Sigmoid,500,0.8477503646720835,0.8450257326407858,0.8468,1.9524932999920566
32,0.0001,128,Sigmoid,1000,0.8477503646720835,0.8450257326407858,0.8468,1.8961535999842454
32,0.0001,128,GELU,50,0.8424289348138441,0.8416911117775413,0.842,1.1912318999820855
32,0.0001,128,GELU,100,0.8478156111845617,0.8471147100514859,0.8474,1.7691297999990638
32,0.0001,128,GELU,300,0.8478156111845617,0.8471147100514859,0.8474,1.880304399994202
32,0.0001,128,GELU,500,0.8478156111845617,0.8471147100514859,0.8474,1.858575500024017
32,0.0001,128,GELU,1000,0.8478156111845617,0.8471147100514859,0.8474,1.7845584999886341
32,0.0001,128,Softmax,50,0.8335397390655398,0.8283352570245778,0.8322,1.196590000006836
32,0.0001,128,Softmax,100,0.8477503646720835,0.8450257326407858,0.8468,2.005483099987032
32,0.0001,128,Softmax,300,0.8477503646720835,0.8450257326407858,0.8468,2.015504500013776
32,0.0001,128,Softmax,500,0.8477503646720835,0.8450257326407858,0.8468,2.0001114000042435
32,0.0001,128,Softmax,1000,0.8477503646720835,0.8450257326407858,0.8468,2.0148372999974526
32,0.00025,8,ReLU,50,0.8623119964890997,0.8618959439764797,0.862,5.989985599997453
32,0.00025,8,ReLU,100,0.8623119964890997,0.8618959439764797,0.862,5.998145000019576
32,0.00025,8,ReLU,300,0.8623119964890997,0.8618959439764797,0.862,6.144841300003463
32,0.00025,8,ReLU,500,0.8623119964890997,0.8618959439764797,0.862,6.088517199998023
32,0.00025,8,ReLU,1000,0.8623119964890997,0.8618959439764797,0.862,5.946556500013685
32,0.00025,8,Tanh,50,0.8650798571815272,0.8647197376794015,0.8648,5.755072799976915
32,0.00025,8,Tanh,100,0.8650798571815272,0.8647197376794015,0.8648,5.8653530000010505
32,0.00025,8,Tanh,300,0.8650798571815272,0.8647197376794015,0.8648,5.832822000025772
32,0.00025,8,Tanh,500,0.8650798571815272,0.8647197376794015,0.8648,6.074963499995647
32,0.00025,8,Tanh,1000,0.8650798571815272,0.8647197376794015,0.8648,5.930650800000876
32,0.00025,8,Sigmoid,50,0.8629747011349379,0.8623881405391001,0.8626,7.389243000012357
32,0.00025,8,Sigmoid,100,0.8629747011349379,0.8623881405391001,0.8626,6.8243632999947295
32,0.00025,8,Sigmoid,300,0.8629747011349379,0.8623881405391001,0.8626,7.044737299991539
32,0.00025,8,Sigmoid,500,0.8629747011349379,0.8623881405391001,0.8626,7.311844100011513
32,0.00025,8,Sigmoid,1000,0.8629747011349379,0.8623881405391001,0.8626,6.993843000003835
32,0.00025,8,GELU,50,0.8623119964890997,0.8618959439764797,0.862,6.128474199998891
32,0.00025,8,GELU,100,0.8623119964890997,0.8618959439764797,0.862,6.043389500002377
32,0.00025,8,GELU,300,0.8623119964890997,0.8618959439764797,0.862,6.102870899980189
32,0.00025,8,GELU,500,0.8623119964890997,0.8618959439764797,0.862,6.138078299991321
32,0.00025,8,GELU,1000,0.8623119964890997,0.8618959439764797,0.862,6.048612999991747
32,0.00025,8,Softmax,50,0.8629747011349379,0.8623881405391001,0.8626,7.106467799982056
32,0.00025,8,Softmax,100,0.8629747011349379,0.8623881405391001,0.8626,6.9805924000102095
32,0.00025,8,Softmax,300,0.8629747011349379,0.8623881405391001,0.8626,7.387177500000689
32,0.00025,8,Softmax,500,0.8629747011349379,0.8623881405391001,0.8626,7.172433300002012
32,0.00025,8,Softmax,1000,0.8629747011349379,0.8623881405391001,0.8626,7.2576857000240125
32,0.00025,16,ReLU,50,0.8626815488557456,0.8623154257071701,0.8624,4.281831600004807
32,0.00025,16,ReLU,100,0.8626815488557456,0.8623154257071701,0.8624,4.4990772000164725
32,0.00025,16,ReLU,300,0.8626815488557456,0.8623154257071701,0.8624,4.288625300017884
32,0.00025,16,ReLU,500,0.8626815488557456,0.8623154257071701,0.8624,4.496616799995536
32,0.00025,16,ReLU,1000,0.8626815488557456,0.8623154257071701,0.8624,4.528870500012999
32,0.00025,16,Tanh,50,0.8620929692082996,0.8617116037542467,0.8618,3.800633300008485
32,0.00025,16,Tanh,100,0.8620929692082996,0.8617116037542467,0.8618,3.90256399998907
32,0.00025,16,Tanh,300,0.8620929692082996,0.8617116037542467,0.8618,3.6640118999930564
32,0.00025,16,Tanh,500,0.8620929692082996,0.8617116037542467,0.8618,3.919214200024726
32,0.00025,16,Tanh,1000,0.8620929692082996,0.8617116037542467,0.8618,3.768137100007152
32,0.00025,16,Sigmoid,50,0.8622373201634561,0.861493423179945,0.8618,4.306963200011523
32,0.00025,16,Sigmoid,100,0.8622373201634561,0.861493423179945,0.8618,4.147435700026108
32,0.00025,16,Sigmoid,300,0.8622373201634561,0.861493423179945,0.8618,4.178149299987126
32,0.00025,16,Sigmoid,500,0.8622373201634561,0.861493423179945,0.8618,4.287795499985805
32,0.00025,16,Sigmoid,1000,0.8622373201634561,0.861493423179945,0.8618,4.140200000023469
32,0.00025,16,GELU,50,0.8626815488557456,0.8623154257071701,0.8624,4.37853330001235
32,0.00025,16,GELU,100,0.8626815488557456,0.8623154257071701,0.8624,4.368105500005186
32,0.00025,16,GELU,300,0.8626815488557456,0.8623154257071701,0.8624,4.463702400011243
32,0.00025,16,GELU,500,0.8626815488557456,0.8623154257071701,0.8624,4.477369700005511
32,0.00025,16,GELU,1000,0.8626815488557456,0.8623154257071701,0.8624,4.199427799991099
32,0.00025,16,Softmax,50,0.8622373201634561,0.861493423179945,0.8618,4.329565799998818
32,0.00025,16,Softmax,100,0.8622373201634561,0.861493423179945,0.8618,4.1200310999993235
32,0.00025,16,Softmax,300,0.8622373201634561,0.861493423179945,0.8618,4.123777400003746
32,0.00025,16,Softmax,500,0.8622373201634561,0.861493423179945,0.8618,4.14330080000218
32,0.00025,16,Softmax,1000,0.8622373201634561,0.861493423179945,0.8618,4.174657900002785
32,0.00025,32,ReLU,50,0.858516544758317,0.8580726393678826,0.8582,2.1541328000021167
32,0.00025,32,ReLU,100,0.858516544758317,0.8580726393678826,0.8582,2.111673100007465
32,0.00025,32,ReLU,300,0.858516544758317,0.8580726393678826,0.8582,2.146382500010077
32,0.00025,32,ReLU,500,0.858516544758317,0.8580726393678826,0.8582,2.1460360000201035
32,0.00025,32,ReLU,1000,0.858516544758317,0.8580726393678826,0.8582,2.0664848999876995
32,0.00025,32,Tanh,50,0.8601050529449368,0.8597065976143593,0.8598,2.2915792999847326
32,0.00025,32,Tanh,100,0.8601050529449368,0.8597065976143593,0.8598,2.2972076000005472
32,0.00025,32,Tanh,300,0.8601050529449368,0.8597065976143593,0.8598,2.4630189999879804
32,0.00025,32,Tanh,500,0.8601050529449368,0.8597065976143593,0.8598,2.321065299998736
32,0.00025,32,Tanh,1000,0.8601050529449368,0.8597065976143593,0.8598,2.400851699989289
32,0.00025,32,Sigmoid,50,0.8634685322129085,0.8626408226731882,0.863,2.308536600001389
32,0.00025,32,Sigmoid,100,0.8634685322129085,0.8626408226731882,0.863,2.4663525000214577
32,0.00025,32,Sigmoid,300,0.8634685322129085,0.8626408226731882,0.863,2.406622599984985
32,0.00025,32,Sigmoid,500,0.8634685322129085,0.8626408226731882,0.863,2.429852600005688
32,0.00025,32,Sigmoid,1000,0.8634685322129085,0.8626408226731882,0.863,2.5613558999903034
32,0.00025,32,GELU,50,0.858516544758317,0.8580726393678826,0.8582,2.134172599995509
32,0.00025,32,GELU,100,0.858516544758317,0.8580726393678826,0.8582,2.1602208000258543
32,0.00025,32,GELU,300,0.858516544758317,0.8580726393678826,0.8582,2.2277630000025965
32,0.00025,32,GELU,500,0.858516544758317,0.8580726393678826,0.8582,2.150817999994615
32,0.00025,32,GELU,1000,0.858516544758317,0.8580726393678826,0.8582,2.04004160000477
32,0.00025,32,Softmax,50,0.8634685322129085,0.8626408226731882,0.863,2.46710670000175
32,0.00025,32,Softmax,100,0.8634685322129085,0.8626408226731882,0.863,2.4701791999978013
32,0.00025,32,Softmax,300,0.8634685322129085,0.8626408226731882,0.863,2.456719300011173
32,0.00025,32,Softmax,500,0.8634685322129085,0.8626408226731882,0.863,2.594190100004198
32,0.00025,32,Softmax,1000,0.8634685322129085,0.8626408226731882,0.863,2.432998200005386
32,0.00025,64,ReLU,50,0.8562961444652647,0.8559227448250045,0.856,1.6311528999940492
32,0.00025,64,ReLU,100,0.8562961444652647,0.8559227448250045,0.856,1.67048070000601
32,0.00025,64,ReLU,300,0.8562961444652647,0.8559227448250045,0.856,1.7013592000002973
32,0.00025,64,ReLU,500,0.8562961444652647,0.8559227448250045,0.856,1.607499799982179
32,0.00025,64,ReLU,1000,0.8562961444652647,0.8559227448250045,0.856,1.7622717999911401
32,0.00025,64,Tanh,50,0.8607222519208731,0.8602748571109905,0.8604,1.625432400003774
32,0.00025,64,Tanh,100,0.8607222519208731,0.8602748571109905,0.8604,1.8311392999894451
32,0.00025,64,Tanh,300,0.8607222519208731,0.8602748571109905,0.8604,1.8188128000183497
32,0.00025,64,Tanh,500,0.8607222519208731,0.8602748571109905,0.8604,1.7472821999981534
32,0.00025,64,Tanh,1000,0.8607222519208731,0.8602748571109905,0.8604,1.727481700014323
32,0.00025,64,Sigmoid,50,0.8592954504799267,0.8583804934906057,0.8588,1.7519400999881327
32,0.00025,64,Sigmoid,100,0.8592954504799267,0.8583804934906057,0.8588,1.791875800001435
32,0.00025,64,Sigmoid,300,0.8592954504799267,0.8583804934906057,0.8588,1.7704016999923624
32,0.00025,64,Sigmoid,500,0.8592954504799267,0.8583804934906057,0.8588,1.7483192999789026
32,0.00025,64,Sigmoid,1000,0.8592954504799267,0.8583804934906057,0.8588,1.7843890000076499
32,0.00025,64,GELU,50,0.8562961444652647,0.8559227448250045,0.856,1.6308356999943499
32,0.00025,64,GELU,100,0.8562961444652647,0.8559227448250045,0.856,1.7833843000116758
32,0.00025,64,GELU,300,0.8562961444652647,0.8559227448250045,0.856,1.5756379000085872
32,0.00025,64,GELU,500,0.8562961444652647,0.8559227448250045,0.856,1.6801787999866065
32,0.00025,64,GELU,1000,0.8562961444652647,0.8559227448250045,0.856,1.7698759000049904
32,0.00025,64,Softmax,50,0.8592954504799267,0.8583804934906057,0.8588,1.656443699990632
32,0.00025,64,Softmax,100,0.8592954504799267,0.8583804934906057,0.8588,1.785168899979908
32,0.00025,64,Softmax,300,0.8592954504799267,0.8583804934906057,0.8588,1.7364706999796908
32,0.00025,64,Softmax,500,0.8592954504799267,0.8583804934906057,0.8588,1.7832336999999825
32,0.00025,64,Softmax,1000,0.8592954504799267,0.8583804934906057,0.8588,1.8383005000068806
32,0.00025,128,ReLU,50,0.8568878920840334,0.8565275559112298,0.8566,1.1306467000104021
32,0.00025,128,ReLU,100,0.8568878920840334,0.8565275559112298,0.8566,1.2502309000119567
32,0.00025,128,ReLU,300,0.8568878920840334,0.8565275559112298,0.8566,1.184103800012963
32,0.00025,128,ReLU,500,0.8568878920840334,0.8565275559112298,0.8566,1.2231992000015453
32,0.00025,128,ReLU,1000,0.8568878920840334,0.8565275559112298,0.8566,1.1592335000168532
32,0.00025,128,Tanh,50,0.8524282096197541,0.8516963170564508,0.852,1.0739912000135519
32,0.00025,128,Tanh,100,0.8524282096197541,0.8516963170564508,0.852,1.2151797999977134
32,0.00025,128,Tanh,300,0.8524282096197541,0.8516963170564508,0.852,1.119207700015977
32,0.00025,128,Tanh,500,0.8524282096197541,0.8516963170564508,0.852,1.2017233000078704
32,0.00025,128,Tanh,1000,0.8524282096197541,0.8516963170564508,0.852,1.2261867999914102
32,0.00025,128,Sigmoid,50,0.8608758989620915,0.8600233585794442,0.8604,1.1940850999963004
32,0.00025,128,Sigmoid,100,0.8602667776217081,0.859438161885509,0.8598,1.423082199995406
32,0.00025,128,Sigmoid,300,0.8602667776217081,0.859438161885509,0.8598,1.4468771000101697
32,0.00025,128,Sigmoid,500,0.8602667776217081,0.859438161885509,0.8598,1.3711088999989443
32,0.00025,128,Sigmoid,1000,0.8602667776217081,0.859438161885509,0.8598,1.4781972999917343
32,0.00025,128,GELU,50,0.8568878920840334,0.8565275559112298,0.8566,1.1146796999964863
32,0.00025,128,GELU,100,0.8568878920840334,0.8565275559112298,0.8566,1.2292470000102185
32,0.00025,128,GELU,300,0.8568878920840334,0.8565275559112298,0.8566,1.2832112000032794
32,0.00025,128,GELU,500,0.8568878920840334,0.8565275559112298,0.8566,1.165148300002329
32,0.00025,128,GELU,1000,0.8568878920840334,0.8565275559112298,0.8566,1.2186110000184271
32,0.00025,128,Softmax,50,0.8608758989620915,0.8600233585794442,0.8604,1.1576101999962702
32,0.00025,128,Softmax,100,0.8602667776217081,0.859438161885509,0.8598,1.39223860000493
32,0.00025,128,Softmax,300,0.8602667776217081,0.859438161885509,0.8598,1.4907680000178516
32,0.00025,128,Softmax,500,0.8602667776217081,0.859438161885509,0.8598,1.3642393999907654
32,0.00025,128,Softmax,1000,0.8602667776217081,0.859438161885509,0.8598,1.3747489000088535
64,0.01,8,ReLU,50,0.8429865042477324,0.8427714257814908,0.8428,4.704564599989681
64,0.01,8,ReLU,100,0.8429865042477324,0.8427714257814908,0.8428,4.447190100006992
64,0.01,8,ReLU,300,0.8429865042477324,0.8427714257814908,0.8428,4.462789100012742
64,0.01,8,ReLU,500,0.8429865042477324,0.8427714257814908,0.8428,4.364361599989934
64,0.01,8,ReLU,1000,0.8429865042477324,0.8427714257814908,0.8428,4.298284400021657
64,0.01,8,Tanh,50,0.8481631417865619,0.847625197543632,0.8478,5.827152900019428
64,0.01,8,Tanh,100,0.8481631417865619,0.847625197543632,0.8478,5.837361100013368
64,0.01,8,Tanh,300,0.8481631417865619,0.847625197543632,0.8478,5.966368699999293
64,0.01,8,Tanh,500,0.8481631417865619,0.847625197543632,0.8478,5.906366400013212
64,0.01,8,Tanh,1000,0.8481631417865619,0.847625197543632,0.8478,5.820135699992534
64,0.01,8,Sigmoid,50,0.8585143694784992,0.8580236165158294,0.8582,4.0000398000120185
64,0.01,8,Sigmoid,100,0.8585143694784992,0.8580236165158294,0.8582,3.8478826000064146
64,0.01,8,Sigmoid,300,0.8585143694784992,0.8580236165158294,0.8582,4.066975299996557
64,0.01,8,Sigmoid,500,0.8585143694784992,0.8580236165158294,0.8582,3.96561029998702
64,0.01,8,Sigmoid,1000,0.8585143694784992,0.8580236165158294,0.8582,3.874521999998251
64,0.01,8,GELU,50,0.8429865042477324,0.8427714257814908,0.8428,4.308901099982904
64,0.01,8,GELU,100,0.8429865042477324,0.8427714257814908,0.8428,4.376086200005375
64,0.01,8,GELU,300,0.8429865042477324,0.8427714257814908,0.8428,4.413372699986212
64,0.01,8,GELU,500,0.8429865042477324,0.8427714257814908,0.8428,4.520965999981854
64,0.01,8,GELU,1000,0.8429865042477324,0.8427714257814908,0.8428,4.336121500004083
64,0.01,8,Softmax,50,0.8585143694784992,0.8580236165158294,0.8582,3.9604088999913074
64,0.01,8,Softmax,100,0.8585143694784992,0.8580236165158294,0.8582,3.9904790000000503
64,0.01,8,Softmax,300,0.8585143694784992,0.8580236165158294,0.8582,3.9805400999903213
64,0.01,8,Softmax,500,0.8585143694784992,0.8580236165158294,0.8582,3.903375699999742
64,0.01,8,Softmax,1000,0.8585143694784992,0.8580236165158294,0.8582,4.112941600003978
64,0.01,16,ReLU,50,0.8471130338260138,0.8470178002894277,0.847,1.9736180999898352
64,0.01,16,ReLU,100,0.8471130338260138,0.8470178002894277,0.847,1.9893107000098098
64,0.01,16,ReLU,300,0.8471130338260138,0.8470178002894277,0.847,2.026359900017269
64,0.01,16,ReLU,500,0.8471130338260138,0.8470178002894277,0.847,1.9519967999949586
64,0.01,16,ReLU,1000,0.8471130338260138,0.8470178002894277,0.847,1.9040836000058334
64,0.01,16,Tanh,50,0.8506835457665068,0.8502725996283007,0.8504,2.2018552999943495
64,0.01,16,Tanh,100,0.8506835457665068,0.8502725996283007,0.8504,2.2989269999961834
64,0.01,16,Tanh,300,0.8506835457665068,0.8502725996283007,0.8504,2.266436199977761
64,0.01,16,Tanh,500,0.8506835457665068,0.8502725996283007,0.8504,2.330398199992487
64,0.01,16,Tanh,1000,0.8506835457665068,0.8502725996283007,0.8504,2.4204537000041455
64,0.01,16,Sigmoid,50,0.8586878193650059,0.8582957309533054,0.8584,2.964311900024768
64,0.01,16,Sigmoid,100,0.8586878193650059,0.8582957309533054,0.8584,2.9481295000005048
64,0.01,16,Sigmoid,300,0.8586878193650059,0.8582957309533054,0.8584,2.9201468999963254
64,0.01,16,Sigmoid,500,0.8586878193650059,0.8582957309533054,0.8584,2.9634258000005502
64,0.01,16,Sigmoid,1000,0.8586878193650059,0.8582957309533054,0.8584,2.8390549999894574
64,0.01,16,GELU,50,0.8471130338260138,0.8470178002894277,0.847,1.8342296999762766
64,0.01,16,GELU,100,0.8471130338260138,0.8470178002894277,0.847,1.99227499999688
64,0.01,16,GELU,300,0.8471130338260138,0.8470178002894277,0.847,1.9050567999947816
64,0.01,16,GELU,500,0.8471130338260138,0.8470178002894277,0.847,1.8880117000080645
64,0.01,16,GELU,1000,0.8471130338260138,0.8470178002894277,0.847,1.9932320999796502
64,0.01,16,Softmax,50,0.8586878193650059,0.8582957309533054,0.8584,2.8054467999900226
64,0.01,16,Softmax,100,0.8586878193650059,0.8582957309533054,0.8584,2.9632115999993403
64,0.01,16,Softmax,300,0.8586878193650059,0.8582957309533054,0.8584,2.8214253000041936
64,0.01,16,Softmax,500,0.8586878193650059,0.8582957309533054,0.8584,2.934807899990119
64,0.01,16,Softmax,1000,0.8586878193650059,0.8582957309533054,0.8584,2.8984710999939125
64,0.01,32,ReLU,50,0.8457582281195918,0.8456125217701187,0.8456,1.3031874000153039
64,0.01,32,ReLU,100,0.8457582281195918,0.8456125217701187,0.8456,1.2490751999721397
64,0.01,32,ReLU,300,0.8457582281195918,0.8456125217701187,0.8456,1.1711948000011034
64,0.01,32,ReLU,500,0.8457582281195918,0.8456125217701187,0.8456,1.2838120000087656
64,0.01,32,ReLU,1000,0.8457582281195918,0.8456125217701187,0.8456,1.233585799986031
64,0.01,32,Tanh,50,0.8557900750889137,0.8556492290271344,0.8556,1.5518085000221618
64,0.01,32,Tanh,100,0.8557900750889137,0.8556492290271344,0.8556,1.570647899992764
64,0.01,32,Tanh,300,0.8557900750889137,0.8556492290271344,0.8556,1.5429935000138357
64,0.01,32,Tanh,500,0.8557900750889137,0.8556492290271344,0.8556,1.484821899997769
64,0.01,32,Tanh,1000,0.8557900750889137,0.8556492290271344,0.8556,1.4550638000073377
64,0.01,32,Sigmoid,50,0.8614108773729848,0.8607483022874766,0.861,1.5485109000001103
64,0.01,32,Sigmoid,100,0.8614108773729848,0.8607483022874766,0.861,1.5088496999815106
64,0.01,32,Sigmoid,300,0.8614108773729848,0.8607483022874766,0.861,1.5119568999798503
64,0.01,32,Sigmoid,500,0.8614108773729848,0.8607483022874766,0.861,1.3912028000049759
64,0.01,32,Sigmoid,1000,0.8614108773729848,0.8607483022874766,0.861,1.540842699992936
64,0.01,32,GELU,50,0.8457582281195918,0.8456125217701187,0.8456,1.2503611999854911
64,0.01,32,GELU,100,0.8457582281195918,0.8456125217701187,0.8456,1.2445656999771018
64,0.01,32,GELU,300,0.8457582281195918,0.8456125217701187,0.8456,1.275101100007305
64,0.01,32,GELU,500,0.8457582281195918,0.8456125217701187,0.8456,1.2063584999996237
64,0.01,32,GELU,1000,0.8457582281195918,0.8456125217701187,0.8456,1.216675400006352
64,0.01,32,Softmax,50,0.8614108773729848,0.8607483022874766,0.861,1.5934344999841414
64,0.01,32,Softmax,100,0.8614108773729848,0.8607483022874766,0.861,1.4786655999778304
64,0.01,32,Softmax,300,0.8614108773729848,0.8607483022874766,0.861,1.5679716999875382
64,0.01,32,Softmax,500,0.8614108773729848,0.8607483022874766,0.861,1.445074499992188
64,0.01,32,Softmax,1000,0.8614108773729848,0.8607483022874766,0.861,1.497032399987802
64,0.01,64,ReLU,50,0.8542203208863732,0.8535398683652738,0.8538,0.8053583000146318
64,0.01,64,ReLU,100,0.8542203208863732,0.8535398683652738,0.8538,0.8713515999843366
64,0.01,64,ReLU,300,0.8542203208863732,0.8535398683652738,0.8538,0.7613236999895889
64,0.01,64,ReLU,500,0.8542203208863732,0.8535398683652738,0.8538,0.8535586000070907
64,0.01,64,ReLU,1000,0.8542203208863732,0.8535398683652738,0.8538,0.7873226999945473
64,0.01,64,Tanh,50,0.8569994911327243,0.8568291334904816,0.8568,0.8862286999938078
64,0.01,64,Tanh,100,0.8569994911327243,0.8568291334904816,0.8568,0.8791794999851845
64,0.01,64,Tanh,300,0.8569994911327243,0.8568291334904816,0.8568,0.933242600003723
64,0.01,64,Tanh,500,0.8569994911327243,0.8568291334904816,0.8568,0.8899819999933243
64,0.01,64,Tanh,1000,0.8569994911327243,0.8568291334904816,0.8568,0.879872699995758
64,0.01,64,Sigmoid,50,0.8640263274058005,0.8637964033082334,0.8638,1.0481478000001516
64,0.01,64,Sigmoid,100,0.8640263274058005,0.8637964033082334,0.8638,1.000022899999749
64,0.01,64,Sigmoid,300,0.8640263274058005,0.8637964033082334,0.8638,1.077355199988233
64,0.01,64,Sigmoid,500,0.8640263274058005,0.8637964033082334,0.8638,1.0477272999996785
64,0.01,64,Sigmoid,1000,0.8640263274058005,0.8637964033082334,0.8638,1.0289497000048868
64,0.01,64,GELU,50,0.8542203208863732,0.8535398683652738,0.8538,0.9201003999914974
64,0.01,64,GELU,100,0.8542203208863732,0.8535398683652738,0.8538,0.8855468000110704
64,0.01,64,GELU,300,0.8542203208863732,0.8535398683652738,0.8538,0.7873869000177365
64,0.01,64,GELU,500,0.8542203208863732,0.8535398683652738,0.8538,0.8248741000134032
64,0.01,64,GELU,1000,0.8542203208863732,0.8535398683652738,0.8538,0.8161055999808013
64,0.01,64,Softmax,50,0.8640263274058005,0.8637964033082334,0.8638,1.0898046999936923
64,0.01,64,Softmax,100,0.8640263274058005,0.8637964033082334,0.8638,1.0628702000249177
64,0.01,64,Softmax,300,0.8640263274058005,0.8637964033082334,0.8638,1.0658851999905892
64,0.01,64,Softmax,500,0.8640263274058005,0.8637964033082334,0.8638,1.0265947000007145
64,0.01,64,Softmax,1000,0.8640263274058005,0.8637964033082334,0.8638,1.1637876000022516
64,0.01,128,ReLU,50,0.8553825893766177,0.8552140192294289,0.8552,0.5230487000080757
64,0.01,128,ReLU,100,0.8553825893766177,0.8552140192294289,0.8552,0.5370235000154935
64,0.01,128,ReLU,300,0.8553825893766177,0.8552140192294289,0.8552,0.5516100999957416
64,0.01,128,ReLU,500,0.8553825893766177,0.8552140192294289,0.8552,0.5589106999977957
64,0.01,128,ReLU,1000,0.8553825893766177,0.8552140192294289,0.8552,0.521862699999474
64,0.01,128,Tanh,50,0.8599778320212933,0.8598431803423928,0.8598,0.7003481000137981
64,0.01,128,Tanh,100,0.8599778320212933,0.8598431803423928,0.8598,0.7318704999925103
64,0.01,128,Tanh,300,0.8599778320212933,0.8598431803423928,0.8598,0.7145172000164166
64,0.01,128,Tanh,500,0.8599778320212933,0.8598431803423928,0.8598,0.7011905999970622
64,0.01,128,Tanh,1000,0.8599778320212933,0.8598431803423928,0.8598,0.6914735999889672
64,0.01,128,Sigmoid,50,0.8641653452635712,0.8640559506361526,0.864,0.7968486000027042
64,0.01,128,Sigmoid,100,0.8641653452635712,0.8640559506361526,0.864,0.7862845000054222
64,0.01,128,Sigmoid,300,0.8641653452635712,0.8640559506361526,0.864,0.742999600013718
64,0.01,128,Sigmoid,500,0.8641653452635712,0.8640559506361526,0.864,0.824302599998191
64,0.01,128,Sigmoid,1000,0.8641653452635712,0.8640559506361526,0.864,0.7428874000033829
64,0.01,128,GELU,50,0.8553825893766177,0.8552140192294289,0.8552,0.5055578000028618
64,0.01,128,GELU,100,0.8553825893766177,0.8552140192294289,0.8552,0.5669628000177909
64,0.01,128,GELU,300,0.8553825893766177,0.8552140192294289,0.8552,0.566566800000146
64,0.01,128,GELU,500,0.8553825893766177,0.8552140192294289,0.8552,0.5665349000191782
64,0.01,128,GELU,1000,0.8553825893766177,0.8552140192294289,0.8552,0.5457053999998607
64,0.01,128,Softmax,50,0.8641653452635712,0.8640559506361526,0.864,0.7869245000183582
64,0.01,128,Softmax,100,0.8641653452635712,0.8640559506361526,0.864,0.7530951999942772
64,0.01,128,Softmax,300,0.8641653452635712,0.8640559506361526,0.864,0.7841093000024557
64,0.01,128,Softmax,500,0.8641653452635712,0.8640559506361526,0.864,0.7743856000015512
64,0.01,128,Softmax,1000,0.8641653452635712,0.8640559506361526,0.864,0.7363311999943107
64,0.001,8,ReLU,50,0.8605866636556249,0.8599649869887857,0.8602,4.881231899984414
64,0.001,8,ReLU,100,0.8605866636556249,0.8599649869887857,0.8602,4.580438600009074
64,0.001,8,ReLU,300,0.8605866636556249,0.8599649869887857,0.8602,4.869288500020048
64,0.001,8,ReLU,500,0.8605866636556249,0.8599649869887857,0.8602,4.656709899980342
64,0.001,8,ReLU,1000,0.8605866636556249,0.8599649869887857,0.8602,4.777248600003077
64,0.001,8,Tanh,50,0.8642727376334846,0.8639363989067275,0.864,5.35766650000005
64,0.001,8,Tanh,100,0.8642727376334846,0.8639363989067275,0.864,5.235371499991743
64,0.001,8,Tanh,300,0.8642727376334846,0.8639363989067275,0.864,5.297148699988611
64,0.001,8,Tanh,500,0.8642727376334846,0.8639363989067275,0.864,5.465671400015708
64,0.001,8,Tanh,1000,0.8642727376334846,0.8639363989067275,0.864,5.1963399999949615
64,0.001,8,Sigmoid,50,0.8641574473710718,0.8636278228993631,0.8638,6.95939819997875
64,0.001,8,Sigmoid,100,0.8641574473710718,0.8636278228993631,0.8638,7.164374899992254
64,0.001,8,Sigmoid,300,0.8641574473710718,0.8636278228993631,0.8638,7.007079999981215
64,0.001,8,Sigmoid,500,0.8641574473710718,0.8636278228993631,0.8638,6.983490300015546
64,0.001,8,Sigmoid,1000,0.8641574473710718,0.8636278228993631,0.8638,6.951665000000503
64,0.001,8,GELU,50,0.8605866636556249,0.8599649869887857,0.8602,4.927940199995646
64,0.001,8,GELU,100,0.8605866636556249,0.8599649869887857,0.8602,4.836530700005824
64,0.001,8,GELU,300,0.8605866636556249,0.8599649869887857,0.8602,4.700688700017054
64,0.001,8,GELU,500,0.8605866636556249,0.8599649869887857,0.8602,4.807065800006967
64,0.001,8,GELU,1000,0.8605866636556249,0.8599649869887857,0.8602,4.662600600015139
64,0.001,8,Softmax,50,0.8641574473710718,0.8636278228993631,0.8638,7.163498100009747
64,0.001,8,Softmax,100,0.8641574473710718,0.8636278228993631,0.8638,6.977230000018608
64,0.001,8,Softmax,300,0.8641574473710718,0.8636278228993631,0.8638,6.968745899997884
64,0.001,8,Softmax,500,0.8641574473710718,0.8636278228993631,0.8638,7.073660900001414
64,0.001,8,Softmax,1000,0.8641574473710718,0.8636278228993631,0.8638,7.231981199991424
64,0.001,16,ReLU,50,0.8612824379988325,0.8609220125104727,0.861,2.296958499995526
64,0.001,16,ReLU,100,0.8612824379988325,0.8609220125104727,0.861,2.2727765000017826
64,0.001,16,ReLU,300,0.8612824379988325,0.8609220125104727,0.861,2.2998037000070326
64,0.001,16,ReLU,500,0.8612824379988325,0.8609220125104727,0.861,2.3237974000221584
64,0.001,16,ReLU,1000,0.8612824379988325,0.8609220125104727,0.861,2.2964257999847177
64,0.001,16,Tanh,50,0.8654413139815221,0.8651687858506866,0.8652,2.8938493999885395
64,0.001,16,Tanh,100,0.8654413139815221,0.8651687858506866,0.8652,2.853339799999958
64,0.001,16,Tanh,300,0.8654413139815221,0.8651687858506866,0.8652,2.785894800006645
64,0.001,16,Tanh,500,0.8654413139815221,0.8651687858506866,0.8652,2.752112699992722
64,0.001,16,Tanh,1000,0.8654413139815221,0.8651687858506866,0.8652,2.8347683000029065
64,0.001,16,Sigmoid,50,0.866122367109382,0.8656756139927074,0.8658,3.11728310000035
64,0.001,16,Sigmoid,100,0.866122367109382,0.8656756139927074,0.8658,3.0727075999893714
64,0.001,16,Sigmoid,300,0.866122367109382,0.8656756139927074,0.8658,3.1429421000066213
64,0.001,16,Sigmoid,500,0.866122367109382,0.8656756139927074,0.8658,3.1698975000181235
64,0.001,16,Sigmoid,1000,0.866122367109382,0.8656756139927074,0.8658,3.2218318000086583
64,0.001,16,GELU,50,0.8612824379988325,0.8609220125104727,0.861,2.2383364999841433
64,0.001,16,GELU,100,0.8612824379988325,0.8609220125104727,0.861,2.3813410000002477
64,0.001,16,GELU,300,0.8612824379988325,0.8609220125104727,0.861,2.323417600011453
64,0.001,16,GELU,500,0.8612824379988325,0.8609220125104727,0.861,2.308183500019368
64,0.001,16,GELU,1000,0.8612824379988325,0.8609220125104727,0.861,2.386487199983094
64,0.001,16,Softmax,50,0.866122367109382,0.8656756139927074,0.8658,3.165837999986252
64,0.001,16,Softmax,100,0.866122367109382,0.8656756139927074,0.8658,3.1092829999979585
64,0.001,16,Softmax,300,0.866122367109382,0.8656756139927074,0.8658,3.1626725000096485
64,0.001,16,Softmax,500,0.866122367109382,0.8656756139927074,0.8658,3.229626400017878
64,0.001,16,Softmax,1000,0.866122367109382,0.8656756139927074,0.8658,3.1716557999898214
64,0.001,32,ReLU,50,0.8632160398864354,0.8629851064616857,0.863,1.4858186000201385
64,0.001,32,ReLU,100,0.8632160398864354,0.8629851064616857,0.863,1.601797399984207
64,0.001,32,ReLU,300,0.8632160398864354,0.8629851064616857,0.863,1.5750030000053812
64,0.001,32,ReLU,500,0.8632160398864354,0.8629851064616857,0.863,1.612587200012058
64,0.001,32,ReLU,1000,0.8632160398864354,0.8629851064616857,0.863,1.5987442000187002
64,0.001,32,Tanh,50,0.8631124826111017,0.8626908864118654,0.8628,2.1966444999852683
64,0.001,32,Tanh,100,0.8631124826111017,0.8626908864118654,0.8628,2.2831437999848276
64,0.001,32,Tanh,300,0.8631124826111017,0.8626908864118654,0.8628,2.350443000002997
64,0.001,32,Tanh,500,0.8631124826111017,0.8626908864118654,0.8628,2.2895527000073344
64,0.001,32,Tanh,1000,0.8631124826111017,0.8626908864118654,0.8628,2.2371608999965247
64,0.001,32,Sigmoid,50,0.867707968945879,0.8672945299637638,0.8674,2.18339069999638
64,0.001,32,Sigmoid,100,0.867707968945879,0.8672945299637638,0.8674,2.0759323999809567
64,0.001,32,Sigmoid,300,0.867707968945879,0.8672945299637638,0.8674,2.299991800013231
64,0.001,32,Sigmoid,500,0.867707968945879,0.8672945299637638,0.8674,2.1382624999969266
64,0.001,32,Sigmoid,1000,0.867707968945879,0.8672945299637638,0.8674,2.249809800006915
64,0.001,32,GELU,50,0.8632160398864354,0.8629851064616857,0.863,1.5454014000133611
64,0.001,32,GELU,100,0.8632160398864354,0.8629851064616857,0.863,1.4739973999967333
64,0.001,32,GELU,300,0.8632160398864354,0.8629851064616857,0.863,1.5699757999973372
64,0.001,32,GELU,500,0.8632160398864354,0.8629851064616857,0.863,1.605961399996886
64,0.001,32,GELU,1000,0.8632160398864354,0.8629851064616857,0.863,1.5770814999996219
64,0.001,32,Softmax,50,0.867707968945879,0.8672945299637638,0.8674,2.133162899990566
64,0.001,32,Softmax,100,0.867707968945879,0.8672945299637638,0.8674,2.2059052000113297
64,0.001,32,Softmax,300,0.867707968945879,0.8672945299637638,0.8674,2.3217908999940846
64,0.001,32,Softmax,500,0.867707968945879,0.8672945299637638,0.8674,2.25058250001166
64,0.001,32,Softmax,1000,0.867707968945879,0.8672945299637638,0.8674,2.082021000009263
64,0.001,64,ReLU,50,0.8634678471585532,0.8631405715911087,0.8632,1.1798946000053547
64,0.001,64,ReLU,100,0.8634678471585532,0.8631405715911087,0.8632,1.1885809999948833
64,0.001,64,ReLU,300,0.8634678471585532,0.8631405715911087,0.8632,1.2637295000022277
64,0.001,64,ReLU,500,0.8634678471585532,0.8631405715911087,0.8632,1.245770800014725
64,0.001,64,ReLU,1000,0.8634678471585532,0.8631405715911087,0.8632,1.1091634000185877
64,0.001,64,Tanh,50,0.8645389943459966,0.8640618956605897,0.8642,1.2453187999781221
64,0.001,64,Tanh,100,0.8645389943459966,0.8640618956605897,0.8642,1.2657537999912165
64,0.001,64,Tanh,300,0.8645389943459966,0.8640618956605897,0.8642,1.2602683000150137
64,0.001,64,Tanh,500,0.8645389943459966,0.8640618956605897,0.8642,1.1105274000146892
64,0.001,64,Tanh,1000,0.8645389943459966,0.8640618956605897,0.8642,1.182578400010243
64,0.001,64,Sigmoid,50,0.867728754328918,0.8672729758883793,0.8674,1.5362451999972109
64,0.001,64,Sigmoid,100,0.867728754328918,0.8672729758883793,0.8674,1.5315569000085816
64,0.001,64,Sigmoid,300,0.867728754328918,0.8672729758883793,0.8674,1.5089637999772094
64,0.001,64,Sigmoid,500,0.867728754328918,0.8672729758883793,0.8674,1.480840200005332
64,0.001,64,Sigmoid,1000,0.867728754328918,0.8672729758883793,0.8674,1.4726040000095963
64,0.001,64,GELU,50,0.8634678471585532,0.8631405715911087,0.8632,1.1335129999788478
64,0.001,64,GELU,100,0.8634678471585532,0.8631405715911087,0.8632,1.147334100009175
64,0.001,64,GELU,300,0.8634678471585532,0.8631405715911087,0.8632,1.1401468999974895
64,0.001,64,GELU,500,0.8634678471585532,0.8631405715911087,0.8632,1.1857534000009764
64,0.001,64,GELU,1000,0.8634678471585532,0.8631405715911087,0.8632,1.191877699980978
64,0.001,64,Softmax,50,0.867728754328918,0.8672729758883793,0.8674,1.483161799988011
64,0.001,64,Softmax,100,0.867728754328918,0.8672729758883793,0.8674,1.4571330999897327
64,0.001,64,Softmax,300,0.867728754328918,0.8672729758883793,0.8674,1.4521476000081748
64,0.001,64,Softmax,500,0.867728754328918,0.8672729758883793,0.8674,1.4430687999993097
64,0.001,64,Softmax,1000,0.867728754328918,0.8672729758883793,0.8674,1.39173150001443
64,0.001,128,ReLU,50,0.8618218207626551,0.8615814765122985,0.8616,0.8183467000199016
64,0.001,128,ReLU,100,0.8618218207626551,0.8615814765122985,0.8616,0.836070599994855
64,0.001,128,ReLU,300,0.8618218207626551,0.8615814765122985,0.8616,0.8481277999817394
64,0.001,128,ReLU,500,0.8618218207626551,0.8615814765122985,0.8616,0.7936479999916628
64,0.001,128,ReLU,1000,0.8618218207626551,0.8615814765122985,0.8616,0.8594374999811407
64,0.001,128,Tanh,50,0.8650942886908233,0.8647147680255309,0.8648,0.9235132000176236
64,0.001,128,Tanh,100,0.8650942886908233,0.8647147680255309,0.8648,0.9351009999809321
64,0.001,128,Tanh,300,0.8650942886908233,0.8647147680255309,0.8648,0.9328571000078227
64,0.001,128,Tanh,500,0.8650942886908233,0.8647147680255309,0.8648,0.9420503000146709
64,0.001,128,Tanh,1000,0.8650942886908233,0.8647147680255309,0.8648,0.8995538000017405
64,0.001,128,Sigmoid,50,0.8658857403479633,0.8655202082286092,0.8656,1.2599803000048269
64,0.001,128,Sigmoid,100,0.8658857403479633,0.8655202082286092,0.8656,1.1712422000127845
64,0.001,128,Sigmoid,300,0.8658857403479633,0.8655202082286092,0.8656,1.2233095999981742
64,0.001,128,Sigmoid,500,0.8658857403479633,0.8655202082286092,0.8656,1.2981482000031974
64,0.001,128,Sigmoid,1000,0.8658857403479633,0.8655202082286092,0.8656,1.204457599989837
64,0.001,128,GELU,50,0.8618218207626551,0.8615814765122985,0.8616,0.8306239999947138
64,0.001,128,GELU,100,0.8618218207626551,0.8615814765122985,0.8616,0.8917180999997072
64,0.001,128,GELU,300,0.8618218207626551,0.8615814765122985,0.8616,0.8692211000015959
64,0.001,128,GELU,500,0.8618218207626551,0.8615814765122985,0.8616,0.9012012000021059
64,0.001,128,GELU,1000,0.8618218207626551,0.8615814765122985,0.8616,0.8357919999980368
64,0.001,128,Softmax,50,0.8658857403479633,0.8655202082286092,0.8656,1.280240899999626
64,0.001,128,Softmax,100,0.8658857403479633,0.8655202082286092,0.8656,1.2014444000087678
64,0.001,128,Softmax,300,0.8658857403479633,0.8655202082286092,0.8656,1.2369560000079218
64,0.001,128,Softmax,500,0.8658857403479633,0.8655202082286092,0.8656,1.2944171999988612
64,0.001,128,Softmax,1000,0.8658857403479633,0.8655202082286092,0.8656,1.1438992000184953
64,0.0001,8,ReLU,50,0.8596562401566644,0.8593549161490525,0.8594,8.791014200018253
64,0.0001,8,ReLU,100,0.8596562401566644,0.8593549161490525,0.8594,8.747953000012785
64,0.0001,8,ReLU,300,0.8596562401566644,0.8593549161490525,0.8594,8.831017199991038
64,0.0001,8,ReLU,500,0.8596562401566644,0.8593549161490525,0.8594,8.829468300013104
64,0.0001,8,ReLU,1000,0.8596562401566644,0.8593549161490525,0.8594,8.74098909998429
64,0.0001,8,Tanh,50,0.8610685461412668,0.8607428967433134,0.8608,8.203545600001235
64,0.0001,8,Tanh,100,0.8610685461412668,0.8607428967433134,0.8608,8.230780900019454
64,0.0001,8,Tanh,300,0.8610685461412668,0.8607428967433134,0.8608,8.233230599988019
64,0.0001,8,Tanh,500,0.8610685461412668,0.8607428967433134,0.8608,8.082808200008003
64,0.0001,8,Tanh,1000,0.8610685461412668,0.8607428967433134,0.8608,8.34172659998876
64,0.0001,8,Sigmoid,50,0.8640103698088462,0.863347975792243,0.8636,9.435051400010707
64,0.0001,8,Sigmoid,100,0.8640103698088462,0.863347975792243,0.8636,10.374301900010323
64,0.0001,8,Sigmoid,300,0.8640103698088462,0.863347975792243,0.8636,9.96162029998959
64,0.0001,8,Sigmoid,500,0.8640103698088462,0.863347975792243,0.8636,10.393194200005382
64,0.0001,8,Sigmoid,1000,0.8640103698088462,0.863347975792243,0.8636,10.00475330001791
64,0.0001,8,GELU,50,0.8596562401566644,0.8593549161490525,0.8594,8.538585500005865
64,0.0001,8,GELU,100,0.8596562401566644,0.8593549161490525,0.8594,8.796316599997226
64,0.0001,8,GELU,300,0.8596562401566644,0.8593549161490525,0.8594,8.599640000000363
64,0.0001,8,GELU,500,0.8596562401566644,0.8593549161490525,0.8594,8.74650219999603
64,0.0001,8,GELU,1000,0.8596562401566644,0.8593549161490525,0.8594,9.019733199995244
64,0.0001,8,Softmax,50,0.8640103698088462,0.863347975792243,0.8636,9.348988299985649
64,0.0001,8,Softmax,100,0.8640103698088462,0.863347975792243,0.8636,10.114716699987184
64,0.0001,8,Softmax,300,0.8640103698088462,0.863347975792243,0.8636,10.466625400003977
64,0.0001,8,Softmax,500,0.8640103698088462,0.863347975792243,0.8636,10.340057599998545
64,0.0001,8,Softmax,1000,0.8640103698088462,0.863347975792243,0.8636,10.283559800009243
64,0.0001,16,ReLU,50,0.8604222404566366,0.8601867424719992,0.8602,5.458719999995083
64,0.0001,16,ReLU,100,0.8604222404566366,0.8601867424719992,0.8602,5.806983999995282
64,0.0001,16,ReLU,300,0.8604222404566366,0.8601867424719992,0.8602,5.645292600005632
64,0.0001,16,ReLU,500,0.8604222404566366,0.8601867424719992,0.8602,5.563957899983507
64,0.0001,16,ReLU,1000,0.8604222404566366,0.8601867424719992,0.8602,5.433273000002373
64,0.0001,16,Tanh,50,0.8603064628140203,0.8598969144143678,0.86,4.609446199989179
64,0.0001,16,Tanh,100,0.8603064628140203,0.8598969144143678,0.86,4.679369899997255
64,0.0001,16,Tanh,300,0.8603064628140203,0.8598969144143678,0.86,4.744221500004642
64,0.0001,16,Tanh,500,0.8603064628140203,0.8598969144143678,0.86,4.745306099997833
64,0.0001,16,Tanh,1000,0.8603064628140203,0.8598969144143678,0.86,4.776097599999048
64,0.0001,16,Sigmoid,50,0.8628371454177777,0.862096630842613,0.8624,5.042335600010119
64,0.0001,16,Sigmoid,100,0.8628371454177777,0.862096630842613,0.8624,4.996148000005633
64,0.0001,16,Sigmoid,300,0.8628371454177777,0.862096630842613,0.8624,5.0066458999936
64,0.0001,16,Sigmoid,500,0.8628371454177777,0.862096630842613,0.8624,4.82132200000342
64,0.0001,16,Sigmoid,1000,0.8628371454177777,0.862096630842613,0.8624,4.997331000020495
64,0.0001,16,GELU,50,0.8604222404566366,0.8601867424719992,0.8602,5.35724760001176
64,0.0001,16,GELU,100,0.8604222404566366,0.8601867424719992,0.8602,5.787582499993732
64,0.0001,16,GELU,300,0.8604222404566366,0.8601867424719992,0.8602,5.514118899998721
64,0.0001,16,GELU,500,0.8604222404566366,0.8601867424719992,0.8602,5.631235099979676
64,0.0001,16,GELU,1000,0.8604222404566366,0.8601867424719992,0.8602,5.664348699996481
64,0.0001,16,Softmax,50,0.8628371454177777,0.862096630842613,0.8624,4.908871200022986
64,0.0001,16,Softmax,100,0.8628371454177777,0.862096630842613,0.8624,4.921690299990587
64,0.0001,16,Softmax,300,0.8628371454177777,0.862096630842613,0.8624,5.016974500002107
64,0.0001,16,Softmax,500,0.8628371454177777,0.862096630842613,0.8624,4.8964340000238735
64,0.0001,16,Softmax,1000,0.8628371454177777,0.862096630842613,0.8624,5.050268200022401
64,0.0001,32,ReLU,50,0.8602479877754329,0.8599658413651623,0.86,3.062108999991324
64,0.0001,32,ReLU,100,0.8602479877754329,0.8599658413651623,0.86,3.3118152000242844
64,0.0001,32,ReLU,300,0.8602479877754329,0.8599658413651623,0.86,3.4670403999916743
64,0.0001,32,ReLU,500,0.8602479877754329,0.8599658413651623,0.86,3.375482999981614
64,0.0001,32,ReLU,1000,0.8602479877754329,0.8599658413651623,0.86,3.3075611000240315
64,0.0001,32,Tanh,50,0.8571267299874656,0.8566730574719807,0.8568,2.750660899997456
64,0.0001,32,Tanh,100,0.8571267299874656,0.8566730574719807,0.8568,2.8162132000143174
64,0.0001,32,Tanh,300,0.8571267299874656,0.8566730574719807,0.8568,2.6732429999974556
64,0.0001,32,Tanh,500,0.8571267299874656,0.8566730574719807,0.8568,2.7693063000042457
64,0.0001,32,Tanh,1000,0.8571267299874656,0.8566730574719807,0.8568,2.604277899983572
64,0.0001,32,Sigmoid,50,0.8586826558569194,0.8578164226773678,0.8582,3.168234200013103
64,0.0001,32,Sigmoid,100,0.8586826558569194,0.8578164226773678,0.8582,3.272368300007656
64,0.0001,32,Sigmoid,300,0.8586826558569194,0.8578164226773678,0.8582,3.488578899996355
64,0.0001,32,Sigmoid,500,0.8586826558569194,0.8578164226773678,0.8582,3.3788191999774426
64,0.0001,32,Sigmoid,1000,0.8586826558569194,0.8578164226773678,0.8582,3.3095802000025287
64,0.0001,32,GELU,50,0.8602479877754329,0.8599658413651623,0.86,3.151702600007411
64,0.0001,32,GELU,100,0.8602479877754329,0.8599658413651623,0.86,3.3817172000126448
64,0.0001,32,GELU,300,0.8602479877754329,0.8599658413651623,0.86,3.489749100001063
64,0.0001,32,GELU,500,0.8602479877754329,0.8599658413651623,0.86,3.3742630000051577
64,0.0001,32,GELU,1000,0.8602479877754329,0.8599658413651623,0.86,3.415262399998028
64,0.0001,32,Softmax,50,0.8586826558569194,0.8578164226773678,0.8582,3.008865700016031
64,0.0001,32,Softmax,100,0.8586826558569194,0.8578164226773678,0.8582,3.3709934999933466
64,0.0001,32,Softmax,300,0.8586826558569194,0.8578164226773678,0.8582,3.3823832999914885
64,0.0001,32,Softmax,500,0.8586826558569194,0.8578164226773678,0.8582,3.2807434999849647
64,0.0001,32,Softmax,1000,0.8586826558569194,0.8578164226773678,0.8582,3.4827350999985356
64,0.0001,64,ReLU,50,0.8531005000577058,0.8527022007993983,0.8528,1.965126800001599
64,0.0001,64,ReLU,100,0.8531005000577058,0.8527022007993983,0.8528,2.008457299991278
64,0.0001,64,ReLU,300,0.8531005000577058,0.8527022007993983,0.8528,1.9918560000078287
64,0.0001,64,ReLU,500,0.8531005000577058,0.8527022007993983,0.8528,2.026148699980695
64,0.0001,64,ReLU,1000,0.8531005000577058,0.8527022007993983,0.8528,1.9968652999959886
64,0.0001,64,Tanh,50,0.8573100350646291,0.8568907876080761,0.857,1.9780881999759004
64,0.0001,64,Tanh,100,0.858505524910445,0.858093332930648,0.8582,2.626903199998196
64,0.0001,64,Tanh,300,0.858505524910445,0.858093332930648,0.8582,2.5974684999964666
64,0.0001,64,Tanh,500,0.858505524910445,0.858093332930648,0.8582,2.650727400003234
64,0.0001,64,Tanh,1000,0.858505524910445,0.858093332930648,0.8582,2.7079327999963425
64,0.0001,64,Sigmoid,50,0.8555447554176424,0.8544884053685259,0.855,2.098919600015506
64,0.0001,64,Sigmoid,100,0.8563374255252912,0.8553058135026416,0.8558,2.7999660999921616
64,0.0001,64,Sigmoid,300,0.8563374255252912,0.8553058135026416,0.8558,2.554550000000745
64,0.0001,64,Sigmoid,500,0.8563374255252912,0.8553058135026416,0.8558,2.6619319999881554
64,0.0001,64,Sigmoid,1000,0.8563374255252912,0.8553058135026416,0.8558,2.7245507999905385
64,0.0001,64,GELU,50,0.8531005000577058,0.8527022007993983,0.8528,1.9575468000257388
64,0.0001,64,GELU,100,0.8531005000577058,0.8527022007993983,0.8528,2.0048025000141934
64,0.0001,64,GELU,300,0.8531005000577058,0.8527022007993983,0.8528,2.0572034000069834
64,0.0001,64,GELU,500,0.8531005000577058,0.8527022007993983,0.8528,2.025760199991055
64,0.0001,64,GELU,1000,0.8531005000577058,0.8527022007993983,0.8528,2.005921899981331
64,0.0001,64,Softmax,50,0.8555447554176424,0.8544884053685259,0.855,2.08432829999947
64,0.0001,64,Softmax,100,0.8563374255252912,0.8553058135026416,0.8558,2.6186232000181917
64,0.0001,64,Softmax,300,0.8563374255252912,0.8553058135026416,0.8558,2.537089899997227
64,0.0001,64,Softmax,500,0.8563374255252912,0.8553058135026416,0.8558,2.7416766000096686
64,0.0001,64,Softmax,1000,0.8563374255252912,0.8553058135026416,0.8558,2.5241638000006787
64,0.0001,128,ReLU,50,0.8513088582401922,0.850884759556482,0.851,1.3937942999764346
64,0.0001,128,ReLU,100,0.8518866617298682,0.8515093839807663,0.8516,2.1012734999821987
64,0.0001,128,ReLU,300,0.8518866617298682,0.8515093839807663,0.8516,2.0767362999904435
64,0.0001,128,ReLU,500,0.8518866617298682,0.8515093839807663,0.8516,2.0131290999997873
64,0.0001,128,ReLU,1000,0.8518866617298682,0.8515093839807663,0.8516,2.046334400016349
64,0.0001,128,Tanh,50,0.8498071827994504,0.8491468193933082,0.8494,1.3802771999908146
64,0.0001,128,Tanh,100,0.8497709732156103,0.8492071587042848,0.8494,2.188918999978341
64,0.0001,128,Tanh,300,0.8497709732156103,0.8492071587042848,0.8494,2.094744100002572
64,0.0001,128,Tanh,500,0.8497709732156103,0.8492071587042848,0.8494,2.1335006000008434
64,0.0001,128,Tanh,1000,0.8497709732156103,0.8492071587042848,0.8494,2.1278064000071026
64,0.0001,128,Sigmoid,50,0.8453708742774291,0.8426183124565766,0.8444,1.4597611999779474
64,0.0001,128,Sigmoid,100,0.8494079263809091,0.847401717951575,0.8486,2.0289447999966796
64,0.0001,128,Sigmoid,300,0.8494079263809091,0.847401717951575,0.8486,1.989879100001417
64,0.0001,128,Sigmoid,500,0.8494079263809091,0.847401717951575,0.8486,1.9759104000113439
64,0.0001,128,Sigmoid,1000,0.8494079263809091,0.847401717951575,0.8486,2.0262307999946643
64,0.0001,128,GELU,50,0.8513088582401922,0.850884759556482,0.851,1.3833109000115655
64,0.0001,128,GELU,100,0.8518866617298682,0.8515093839807663,0.8516,2.1385379999992438
64,0.0001,128,GELU,300,0.8518866617298682,0.8515093839807663,0.8516,2.0658227000094485
64,0.0001,128,GELU,500,0.8518866617298682,0.8515093839807663,0.8516,1.9930412000103388
64,0.0001,128,GELU,1000,0.8518866617298682,0.8515093839807663,0.8516,2.0400123999861535
64,0.0001,128,Softmax,50,0.8453708742774291,0.8426183124565766,0.8444,1.409251899982337
64,0.0001,128,Softmax,100,0.8494079263809091,0.847401717951575,0.8486,1.9176378999836743
64,0.0001,128,Softmax,300,0.8494079263809091,0.847401717951575,0.8486,1.9871666000108235
64,0.0001,128,Softmax,500,0.8494079263809091,0.847401717951575,0.8486,2.051573600008851
64,0.0001,128,Softmax,1000,0.8494079263809091,0.847401717951575,0.8486,2.038461800024379
64,0.00025,8,ReLU,50,0.8626864405888782,0.8623105354022959,0.8624,5.869343900005333
64,0.00025,8,ReLU,100,0.8626864405888782,0.8623105354022959,0.8624,5.9476088999945205
64,0.00025,8,ReLU,300,0.8626864405888782,0.8623105354022959,0.8624,5.861454600002617
64,0.00025,8,ReLU,500,0.8626864405888782,0.8623105354022959,0.8624,6.066422700008843
64,0.00025,8,ReLU,1000,0.8626864405888782,0.8623105354022959,0.8624,5.9486654000065755
64,0.00025,8,Tanh,50,0.8632935944773497,0.8629117743159705,0.863,6.035283300006995
64,0.00025,8,Tanh,100,0.8632935944773497,0.8629117743159705,0.863,5.953754799993476
64,0.00025,8,Tanh,300,0.8632935944773497,0.8629117743159705,0.863,5.878862800018396
64,0.00025,8,Tanh,500,0.8632935944773497,0.8629117743159705,0.863,6.056630999984918
64,0.00025,8,Tanh,1000,0.8632935944773497,0.8629117743159705,0.863,5.974344400019618
64,0.00025,8,Sigmoid,50,0.8680263749080875,0.8678058230857464,0.8678,9.073272400011774
64,0.00025,8,Sigmoid,100,0.8680263749080875,0.8678058230857464,0.8678,8.946653799997875
64,0.00025,8,Sigmoid,300,0.8680263749080875,0.8678058230857464,0.8678,9.209450499998638
64,0.00025,8,Sigmoid,500,0.8680263749080875,0.8678058230857464,0.8678,8.92526459999499
64,0.00025,8,Sigmoid,1000,0.8680263749080875,0.8678058230857464,0.8678,8.777824599994346
64,0.00025,8,GELU,50,0.8626864405888782,0.8623105354022959,0.8624,5.892123800003901
64,0.00025,8,GELU,100,0.8626864405888782,0.8623105354022959,0.8624,5.938264399999753
64,0.00025,8,GELU,300,0.8626864405888782,0.8623105354022959,0.8624,5.8573826999927405
64,0.00025,8,GELU,500,0.8626864405888782,0.8623105354022959,0.8624,5.972651899995981
64,0.00025,8,GELU,1000,0.8626864405888782,0.8623105354022959,0.8624,6.043329800013453
64,0.00025,8,Softmax,50,0.8680263749080875,0.8678058230857464,0.8678,8.856059600017034
64,0.00025,8,Softmax,100,0.8680263749080875,0.8678058230857464,0.8678,8.589650199981406
64,0.00025,8,Softmax,300,0.8680263749080875,0.8678058230857464,0.8678,8.92214030001196
64,0.00025,8,Softmax,500,0.8680263749080875,0.8678058230857464,0.8678,8.795484300004318
64,0.00025,8,Softmax,1000,0.8680263749080875,0.8678058230857464,0.8678,9.035118600004353
64,0.00025,16,ReLU,50,0.8616901494701324,0.8613125918615857,0.8614,3.5036058999830857
64,0.00025,16,ReLU,100,0.8616901494701324,0.8613125918615857,0.8614,3.401252800016664
64,0.00025,16,ReLU,300,0.8616901494701324,0.8613125918615857,0.8614,3.379506400000537
64,0.00025,16,ReLU,500,0.8616901494701324,0.8613125918615857,0.8614,3.457284999982221
64,0.00025,16,ReLU,1000,0.8616901494701324,0.8613125918615857,0.8614,3.404493999987608
64,0.00025,16,Tanh,50,0.8642742177051929,0.8639398232070525,0.864,5.194829400017625
64,0.00025,16,Tanh,100,0.8642742177051929,0.8639398232070525,0.864,5.236167800001567
64,0.00025,16,Tanh,300,0.8642742177051929,0.8639398232070525,0.864,5.114328199997544
64,0.00025,16,Tanh,500,0.8642742177051929,0.8639398232070525,0.864,5.137331200006884
64,0.00025,16,Tanh,1000,0.8642742177051929,0.8639398232070525,0.864,4.967637499998091
64,0.00025,16,Sigmoid,50,0.8667464252703628,0.8662417984686993,0.8664,4.983222700015176
64,0.00025,16,Sigmoid,100,0.8667464252703628,0.8662417984686993,0.8664,4.78004250000231
64,0.00025,16,Sigmoid,300,0.8667464252703628,0.8662417984686993,0.8664,4.714770699996734
64,0.00025,16,Sigmoid,500,0.8667464252703628,0.8662417984686993,0.8664,4.756705300009344
64,0.00025,16,Sigmoid,1000,0.8667464252703628,0.8662417984686993,0.8664,4.654378100007307
64,0.00025,16,GELU,50,0.8616901494701324,0.8613125918615857,0.8614,3.3325585999991745
64,0.00025,16,GELU,100,0.8616901494701324,0.8613125918615857,0.8614,3.3235894999816082
64,0.00025,16,GELU,300,0.8616901494701324,0.8613125918615857,0.8614,3.442292499996256
64,0.00025,16,GELU,500,0.8616901494701324,0.8613125918615857,0.8614,3.390531299985014
64,0.00025,16,GELU,1000,0.8616901494701324,0.8613125918615857,0.8614,3.372139999992214
64,0.00025,16,Softmax,50,0.8667464252703628,0.8662417984686993,0.8664,4.837371400004486
64,0.00025,16,Softmax,100,0.8667464252703628,0.8662417984686993,0.8664,4.800868199992692
64,0.00025,16,Softmax,300,0.8667464252703628,0.8662417984686993,0.8664,4.984094799990999
64,0.00025,16,Softmax,500,0.8667464252703628,0.8662417984686993,0.8664,4.763887500012061
64,0.00025,16,Softmax,1000,0.8667464252703628,0.8662417984686993,0.8664,4.638215499988291
64,0.00025,32,ReLU,50,0.8604770422126,0.8601312800701463,0.8602,2.4918997999920975
64,0.00025,32,ReLU,100,0.8604770422126,0.8601312800701463,0.8602,2.5702802000159863
64,0.00025,32,ReLU,300,0.8604770422126,0.8601312800701463,0.8602,2.542174999980489
64,0.00025,32,ReLU,500,0.8604770422126,0.8601312800701463,0.8602,2.518456599995261
64,0.00025,32,ReLU,1000,0.8604770422126,0.8601312800701463,0.8602,2.5180121999874245
64,0.00025,32,Tanh,50,0.8624972510870771,0.8621142381312997,0.8622,2.5927590999926906
64,0.00025,32,Tanh,100,0.8624972510870771,0.8621142381312997,0.8622,2.6344452000048477
64,0.00025,32,Tanh,300,0.8624972510870771,0.8621142381312997,0.8622,2.5960803999914788
64,0.00025,32,Tanh,500,0.8624972510870771,0.8621142381312997,0.8622,2.5450898999988567
64,0.00025,32,Tanh,1000,0.8624972510870771,0.8621142381312997,0.8622,2.7402098000166006
64,0.00025,32,Sigmoid,50,0.8603238365356352,0.8598654632704026,0.86,2.3397338000067975
64,0.00025,32,Sigmoid,100,0.8603238365356352,0.8598654632704026,0.86,2.411823300004471
64,0.00025,32,Sigmoid,300,0.8603238365356352,0.8598654632704026,0.86,2.2981452000094578
64,0.00025,32,Sigmoid,500,0.8603238365356352,0.8598654632704026,0.86,2.2993053999962285
64,0.00025,32,Sigmoid,1000,0.8603238365356352,0.8598654632704026,0.86,2.2689615999988746
64,0.00025,32,GELU,50,0.8604770422126,0.8601312800701463,0.8602,2.539528099994641
64,0.00025,32,GELU,100,0.8604770422126,0.8601312800701463,0.8602,2.623996399983298
64,0.00025,32,GELU,300,0.8604770422126,0.8601312800701463,0.8602,2.5236919000162743
64,0.00025,32,GELU,500,0.8604770422126,0.8601312800701463,0.8602,2.5754415999981575
64,0.00025,32,GELU,1000,0.8604770422126,0.8601312800701463,0.8602,2.499493999988772
64,0.00025,32,Softmax,50,0.8603238365356352,0.8598654632704026,0.86,2.3115874999784864
64,0.00025,32,Softmax,100,0.8603238365356352,0.8598654632704026,0.86,2.326802800002042
64,0.00025,32,Softmax,300,0.8603238365356352,0.8598654632704026,0.86,2.2405223000096157
64,0.00025,32,Softmax,500,0.8603238365356352,0.8598654632704026,0.86,2.231085300008999
64,0.00025,32,Softmax,1000,0.8603238365356352,0.8598654632704026,0.86,2.3940392000076827
64,0.00025,64,ReLU,50,0.8612432862026739,0.8609690216572025,0.861,1.7517211000085808
64,0.00025,64,ReLU,100,0.8612432862026739,0.8609690216572025,0.861,1.9132705999945756
64,0.00025,64,ReLU,300,0.8612432862026739,0.8609690216572025,0.861,1.8348682999785524
64,0.00025,64,ReLU,500,0.8612432862026739,0.8609690216572025,0.861,1.859690800018143
64,0.00025,64,ReLU,1000,0.8612432862026739,0.8609690216572025,0.861,1.8954091999912634
64,0.00025,64,Tanh,50,0.8611157755729786,0.8606754228870956,0.8608,1.5615831000031903
64,0.00025,64,Tanh,100,0.8611157755729786,0.8606754228870956,0.8608,1.4576176999835297
64,0.00025,64,Tanh,300,0.8611157755729786,0.8606754228870956,0.8608,1.473683499993058
64,0.00025,64,Tanh,500,0.8611157755729786,0.8606754228870956,0.8608,1.4706358000112232
64,0.00025,64,Tanh,1000,0.8611157755729786,0.8606754228870956,0.8608,1.5411911999981385
64,0.00025,64,Sigmoid,50,0.8597797877976839,0.8591945252059695,0.8594,1.8287707999988925
64,0.00025,64,Sigmoid,100,0.8597797877976839,0.8591945252059695,0.8594,1.9301284000102896
64,0.00025,64,Sigmoid,300,0.8597797877976839,0.8591945252059695,0.8594,1.8804437999788206
64,0.00025,64,Sigmoid,500,0.8597797877976839,0.8591945252059695,0.8594,1.8463492000009865
64,0.00025,64,Sigmoid,1000,0.8597797877976839,0.8591945252059695,0.8594,1.8466192000196315
64,0.00025,64,GELU,50,0.8612432862026739,0.8609690216572025,0.861,1.869532499986235
64,0.00025,64,GELU,100,0.8612432862026739,0.8609690216572025,0.861,1.8675274999986868
64,0.00025,64,GELU,300,0.8612432862026739,0.8609690216572025,0.861,1.9070057999924757
64,0.00025,64,GELU,500,0.8612432862026739,0.8609690216572025,0.861,1.914256000018213
64,0.00025,64,GELU,1000,0.8612432862026739,0.8609690216572025,0.861,1.866807999991579
64,0.00025,64,Softmax,50,0.8597797877976839,0.8591945252059695,0.8594,1.8077457000035793
64,0.00025,64,Softmax,100,0.8597797877976839,0.8591945252059695,0.8594,1.9217777000158094
64,0.00025,64,Softmax,300,0.8597797877976839,0.8591945252059695,0.8594,1.84682820001035
64,0.00025,64,Softmax,500,0.8597797877976839,0.8591945252059695,0.8594,1.718344499997329
64,0.00025,64,Softmax,1000,0.8597797877976839,0.8591945252059695,0.8594,1.7702588000101969
64,0.00025,128,ReLU,50,0.8590419833930468,0.8587649787435062,0.8588,1.2641025000193622
64,0.00025,128,ReLU,100,0.8590419833930468,0.8587649787435062,0.8588,1.393957499996759
64,0.00025,128,ReLU,300,0.8590419833930468,0.8587649787435062,0.8588,1.3464990000065882
64,0.00025,128,ReLU,500,0.8590419833930468,0.8587649787435062,0.8588,1.3526445000024978
64,0.00025,128,ReLU,1000,0.8590419833930468,0.8587649787435062,0.8588,1.3395336999965366
64,0.00025,128,Tanh,50,0.8575290623454294,0.857059559323905,0.8572,1.2585285999812186
64,0.00025,128,Tanh,100,0.8577307159046147,0.8572579642140417,0.8574,1.5031593999883626
64,0.00025,128,Tanh,300,0.8577307159046147,0.8572579642140417,0.8574,1.4295898000127636
64,0.00025,128,Tanh,500,0.8577307159046147,0.8572579642140417,0.8574,1.5124195999815129
64,0.00025,128,Tanh,1000,0.8577307159046147,0.8572579642140417,0.8574,1.5120107000111602
64,0.00025,128,Sigmoid,50,0.8560604105861072,0.8552611478050666,0.8556,1.385526199999731
64,0.00025,128,Sigmoid,100,0.8564448818422526,0.8556879509743589,0.856,1.6839060000202153
64,0.00025,128,Sigmoid,300,0.8564448818422526,0.8556879509743589,0.856,1.8158299000060651
64,0.00025,128,Sigmoid,500,0.8564448818422526,0.8556879509743589,0.856,1.73687580000842
64,0.00025,128,Sigmoid,1000,0.8564448818422526,0.8556879509743589,0.856,1.6641929000033997
64,0.00025,128,GELU,50,0.8590419833930468,0.8587649787435062,0.8588,1.3319406999798957
64,0.00025,128,GELU,100,0.8590419833930468,0.8587649787435062,0.8588,1.2783428000111599
64,0.00025,128,GELU,300,0.8590419833930468,0.8587649787435062,0.8588,1.3138923000078648
64,0.00025,128,GELU,500,0.8590419833930468,0.8587649787435062,0.8588,1.3484826000058092
64,0.00025,128,GELU,1000,0.8590419833930468,0.8587649787435062,0.8588,1.30842549999943
64,0.00025,128,Softmax,50,0.8560604105861072,0.8552611478050666,0.8556,1.4241220999974757
64,0.00025,128,Softmax,100,0.8564448818422526,0.8556879509743589,0.856,1.7442086999944877
64,0.00025,128,Softmax,300,0.8564448818422526,0.8556879509743589,0.856,1.7100418000190984
64,0.00025,128,Softmax,500,0.8564448818422526,0.8556879509743589,0.856,1.7493069999909494
64,0.00025,128,Softmax,1000,0.8564448818422526,0.8556879509743589,0.856,1.7377229999983683
128,0.01,8,ReLU,50,0.839349311739003,0.8388881338955813,0.839,4.458413599990308
128,0.01,8,ReLU,100,0.839349311739003,0.8388881338955813,0.839,4.394769699982135
128,0.01,8,ReLU,300,0.839349311739003,0.8388881338955813,0.839,4.5671120999904815
128,0.01,8,ReLU,500,0.839349311739003,0.8388881338955813,0.839,4.526601899997331
128,0.01,8,ReLU,1000,0.839349311739003,0.8388881338955813,0.839,4.30669610001496
128,0.01,8,Tanh,50,0.8395982126609979,0.8389164327613884,0.8392,4.583442800008925
128,0.01,8,Tanh,100,0.8395982126609979,0.8389164327613884,0.8392,4.650851299986243
128,0.01,8,Tanh,300,0.8395982126609979,0.8389164327613884,0.8392,4.723684600001434
128,0.01,8,Tanh,500,0.8395982126609979,0.8389164327613884,0.8392,4.611599900003057
128,0.01,8,Tanh,1000,0.8395982126609979,0.8389164327613884,0.8392,4.653237500024261
128,0.01,8,Sigmoid,50,0.8549168800931798,0.85446374300147,0.8546,4.467397600004915
128,0.01,8,Sigmoid,100,0.8549168800931798,0.85446374300147,0.8546,4.521197299996857
128,0.01,8,Sigmoid,300,0.8549168800931798,0.85446374300147,0.8546,4.599836999987019
128,0.01,8,Sigmoid,500,0.8549168800931798,0.85446374300147,0.8546,4.61249129998032
128,0.01,8,Sigmoid,1000,0.8549168800931798,0.85446374300147,0.8546,4.530598500015913
128,0.01,8,GELU,50,0.839349311739003,0.8388881338955813,0.839,4.4739686000102665
128,0.01,8,GELU,100,0.839349311739003,0.8388881338955813,0.839,4.45460539998021
128,0.01,8,GELU,300,0.839349311739003,0.8388881338955813,0.839,4.6536131000029854
128,0.01,8,GELU,500,0.839349311739003,0.8388881338955813,0.839,4.586062499991385
128,0.01,8,GELU,1000,0.839349311739003,0.8388881338955813,0.839,4.447652200004086
128,0.01,8,Softmax,50,0.8549168800931798,0.85446374300147,0.8546,4.579019500000868
128,0.01,8,Softmax,100,0.8549168800931798,0.85446374300147,0.8546,4.5911844999936875
128,0.01,8,Softmax,300,0.8549168800931798,0.85446374300147,0.8546,4.41363039999851
128,0.01,8,Softmax,500,0.8549168800931798,0.85446374300147,0.8546,4.425911099999212
128,0.01,8,Softmax,1000,0.8549168800931798,0.85446374300147,0.8546,4.607865500001935
128,0.01,16,ReLU,50,0.8382711154697073,0.8378885650333533,0.838,2.926347100001294
128,0.01,16,ReLU,100,0.8382711154697073,0.8378885650333533,0.838,2.815002099989215
128,0.01,16,ReLU,300,0.8382711154697073,0.8378885650333533,0.838,2.8797712000086904
128,0.01,16,ReLU,500,0.8382711154697073,0.8378885650333533,0.838,2.8515490999852773
128,0.01,16,ReLU,1000,0.8382711154697073,0.8378885650333533,0.838,2.8550513999944087
128,0.01,16,Tanh,50,0.8503106176006326,0.8498862322109667,0.85,2.9652639999985695
128,0.01,16,Tanh,100,0.8503106176006326,0.8498862322109667,0.85,2.9799589999893215
128,0.01,16,Tanh,300,0.8503106176006326,0.8498862322109667,0.85,3.064424299984239
128,0.01,16,Tanh,500,0.8503106176006326,0.8498862322109667,0.85,2.933347699989099
128,0.01,16,Tanh,1000,0.8503106176006326,0.8498862322109667,0.85,2.9681425000017043
128,0.01,16,Sigmoid,50,0.8565404152753269,0.8559947417715216,0.8562,2.9986409999837633
128,0.01,16,Sigmoid,100,0.8565404152753269,0.8559947417715216,0.8562,3.021162999997614
128,0.01,16,Sigmoid,300,0.8565404152753269,0.8559947417715216,0.8562,2.9875804999901447
128,0.01,16,Sigmoid,500,0.8565404152753269,0.8559947417715216,0.8562,3.053565599984722
128,0.01,16,Sigmoid,1000,0.8565404152753269,0.8559947417715216,0.8562,2.998331499984488
128,0.01,16,GELU,50,0.8382711154697073,0.8378885650333533,0.838,2.805983500002185
128,0.01,16,GELU,100,0.8382711154697073,0.8378885650333533,0.838,2.873720899980981
128,0.01,16,GELU,300,0.8382711154697073,0.8378885650333533,0.838,2.811706000007689
128,0.01,16,GELU,500,0.8382711154697073,0.8378885650333533,0.838,3.0154008000099566
128,0.01,16,GELU,1000,0.8382711154697073,0.8378885650333533,0.838,2.842261999991024
128,0.01,16,Softmax,50,0.8565404152753269,0.8559947417715216,0.8562,2.9695549000171013
128,0.01,16,Softmax,100,0.8565404152753269,0.8559947417715216,0.8562,3.002771700004814
128,0.01,16,Softmax,300,0.8565404152753269,0.8559947417715216,0.8562,3.080863799987128
128,0.01,16,Softmax,500,0.8565404152753269,0.8559947417715216,0.8562,2.969520899991039
128,0.01,16,Softmax,1000,0.8565404152753269,0.8559947417715216,0.8562,3.045997399982298
128,0.01,32,ReLU,50,0.8430571817225042,0.8427833497116183,0.8428,1.4112949999980628
128,0.01,32,ReLU,100,0.8430571817225042,0.8427833497116183,0.8428,1.4001716000202578
128,0.01,32,ReLU,300,0.8430571817225042,0.8427833497116183,0.8428,1.4565637000196148
128,0.01,32,ReLU,500,0.8430571817225042,0.8427833497116183,0.8428,1.3246416999900248
128,0.01,32,ReLU,1000,0.8430571817225042,0.8427833497116183,0.8428,1.39754959999118
128,0.01,32,Tanh,50,0.8546807048497689,0.8543592516677556,0.8544,1.5451577999920119
128,0.01,32,Tanh,100,0.8546807048497689,0.8543592516677556,0.8544,1.4799589000176638
128,0.01,32,Tanh,300,0.8546807048497689,0.8543592516677556,0.8544,1.4868161999911536
128,0.01,32,Tanh,500,0.8546807048497689,0.8543592516677556,0.8544,1.4473421000002418
128,0.01,32,Tanh,1000,0.8546807048497689,0.8543592516677556,0.8544,1.5099375999998301
128,0.01,32,Sigmoid,50,0.8577391370395132,0.8576778031603011,0.8576,1.7572853000019677
128,0.01,32,Sigmoid,100,0.8577391370395132,0.8576778031603011,0.8576,1.721431300014956
128,0.01,32,Sigmoid,300,0.8577391370395132,0.8576778031603011,0.8576,1.797993000014685
128,0.01,32,Sigmoid,500,0.8577391370395132,0.8576778031603011,0.8576,1.7589220000081696
128,0.01,32,Sigmoid,1000,0.8577391370395132,0.8576778031603011,0.8576,1.7529755999858025
128,0.01,32,GELU,50,0.8430571817225042,0.8427833497116183,0.8428,1.452337599999737
128,0.01,32,GELU,100,0.8430571817225042,0.8427833497116183,0.8428,1.4006372999865562
128,0.01,32,GELU,300,0.8430571817225042,0.8427833497116183,0.8428,1.4423137999838218
128,0.01,32,GELU,500,0.8430571817225042,0.8427833497116183,0.8428,1.3807104000006802
128,0.01,32,GELU,1000,0.8430571817225042,0.8427833497116183,0.8428,1.4255460999847855
128,0.01,32,Softmax,50,0.8577391370395132,0.8576778031603011,0.8576,1.8602615999989212
128,0.01,32,Softmax,100,0.8577391370395132,0.8576778031603011,0.8576,1.7636814000143204
128,0.01,32,Softmax,300,0.8577391370395132,0.8576778031603011,0.8576,1.8090011999884155
128,0.01,32,Softmax,500,0.8577391370395132,0.8576778031603011,0.8576,1.8003376999986358
128,0.01,32,Softmax,1000,0.8577391370395132,0.8576778031603011,0.8576,1.7696285000129137
128,0.01,64,ReLU,50,0.8534844660025498,0.8531309842615404,0.8532,0.9006058999802917
128,0.01,64,ReLU,100,0.8534844660025498,0.8531309842615404,0.8532,0.9032450999948196
128,0.01,64,ReLU,300,0.8534844660025498,0.8531309842615404,0.8532,0.9069687000010163
128,0.01,64,ReLU,500,0.8534844660025498,0.8531309842615404,0.8532,0.899759299994912
128,0.01,64,ReLU,1000,0.8534844660025498,0.8531309842615404,0.8532,0.9201551000005566
128,0.01,64,Tanh,50,0.8534903504271872,0.8531444009274466,0.8532,1.194182900013402
128,0.01,64,Tanh,100,0.8534903504271872,0.8531444009274466,0.8532,1.3209416000172496
128,0.01,64,Tanh,300,0.8534903504271872,0.8531444009274466,0.8532,1.2250893999880645
128,0.01,64,Tanh,500,0.8534903504271872,0.8531444009274466,0.8532,1.159944600018207
128,0.01,64,Tanh,1000,0.8534903504271872,0.8531444009274466,0.8532,1.212253999983659
128,0.01,64,Sigmoid,50,0.8616701130884964,0.8613195456157875,0.8614,1.2461707000038587
128,0.01,64,Sigmoid,100,0.8616701130884964,0.8613195456157875,0.8614,1.4543465000169817
128,0.01,64,Sigmoid,300,0.8616701130884964,0.8613195456157875,0.8614,1.2364017000072636
128,0.01,64,Sigmoid,500,0.8616701130884964,0.8613195456157875,0.8614,1.202795800025342
128,0.01,64,Sigmoid,1000,0.8616701130884964,0.8613195456157875,0.8614,1.2545257000019774
128,0.01,64,GELU,50,0.8534844660025498,0.8531309842615404,0.8532,0.9527727999957278
128,0.01,64,GELU,100,0.8534844660025498,0.8531309842615404,0.8532,0.9319819000083953
128,0.01,64,GELU,300,0.8534844660025498,0.8531309842615404,0.8532,0.996046699990984
128,0.01,64,GELU,500,0.8534844660025498,0.8531309842615404,0.8532,0.935555200005183
128,0.01,64,GELU,1000,0.8534844660025498,0.8531309842615404,0.8532,0.8930764000106137
128,0.01,64,Softmax,50,0.8616701130884964,0.8613195456157875,0.8614,1.3061885999923106
128,0.01,64,Softmax,100,0.8616701130884964,0.8613195456157875,0.8614,1.2726538999995682
128,0.01,64,Softmax,300,0.8616701130884964,0.8613195456157875,0.8614,1.2430319999984931
128,0.01,64,Softmax,500,0.8616701130884964,0.8613195456157875,0.8614,1.318178400018951
128,0.01,64,Softmax,1000,0.8616701130884964,0.8613195456157875,0.8614,1.2559814999985974
128,0.01,128,ReLU,50,0.8526776439379026,0.8523593233981455,0.8524,0.7937677000008989
128,0.01,128,ReLU,100,0.8526776439379026,0.8523593233981455,0.8524,0.7966094000148587
128,0.01,128,ReLU,300,0.8526776439379026,0.8523593233981455,0.8524,0.8375457999936771
128,0.01,128,ReLU,500,0.8526776439379026,0.8523593233981455,0.8524,0.7965879999974277
128,0.01,128,ReLU,1000,0.8526776439379026,0.8523593233981455,0.8524,0.7972988999972586
128,0.01,128,Tanh,50,0.8587539486059909,0.8586376114461673,0.8586,0.7807156999770086
128,0.01,128,Tanh,100,0.8587539486059909,0.8586376114461673,0.8586,0.741819500020938
128,0.01,128,Tanh,300,0.8587539486059909,0.8586376114461673,0.8586,0.8438888999808114
128,0.01,128,Tanh,500,0.8587539486059909,0.8586376114461673,0.8586,0.7235296000144444
128,0.01,128,Tanh,1000,0.8587539486059909,0.8586376114461673,0.8586,0.7748805999872275
128,0.01,128,Sigmoid,50,0.8614997594489205,0.861132923355461,0.8612,1.1113986000127625
128,0.01,128,Sigmoid,100,0.8614997594489205,0.861132923355461,0.8612,1.164391300000716
128,0.01,128,Sigmoid,300,0.8614997594489205,0.861132923355461,0.8612,1.0793993000115734
128,0.01,128,Sigmoid,500,0.8614997594489205,0.861132923355461,0.8612,1.1819560000149067
128,0.01,128,Sigmoid,1000,0.8614997594489205,0.861132923355461,0.8612,1.106903500010958
128,0.01,128,GELU,50,0.8526776439379026,0.8523593233981455,0.8524,0.764673199999379
128,0.01,128,GELU,100,0.8526776439379026,0.8523593233981455,0.8524,0.7750085000006948
128,0.01,128,GELU,300,0.8526776439379026,0.8523593233981455,0.8524,0.8872066000185441
128,0.01,128,GELU,500,0.8526776439379026,0.8523593233981455,0.8524,0.7656873999803793
128,0.01,128,GELU,1000,0.8526776439379026,0.8523593233981455,0.8524,0.8047851000155788
128,0.01,128,Softmax,50,0.8614997594489205,0.861132923355461,0.8612,1.0896088000154123
128,0.01,128,Softmax,100,0.8614997594489205,0.861132923355461,0.8612,1.1178470999875572
128,0.01,128,Softmax,300,0.8614997594489205,0.861132923355461,0.8612,1.1747170000162441
128,0.01,128,Softmax,500,0.8614997594489205,0.861132923355461,0.8612,1.252800299989758
128,0.01,128,Softmax,1000,0.8614997594489205,0.861132923355461,0.8612,1.0250554000085685
128,0.001,8,ReLU,50,0.8616365661646777,0.8614038388761639,0.8614,4.310390600003302
128,0.001,8,ReLU,100,0.8616365661646777,0.8614038388761639,0.8614,4.401178300002357
128,0.001,8,ReLU,300,0.8616365661646777,0.8614038388761639,0.8614,4.401933400018606
128,0.001,8,ReLU,500,0.8616365661646777,0.8614038388761639,0.8614,4.269935100019211
128,0.001,8,ReLU,1000,0.8616365661646777,0.8614038388761639,0.8614,4.381103799998527
128,0.001,8,Tanh,50,0.8637275063072205,0.8632366427754748,0.8634,7.355472299997928
128,0.001,8,Tanh,100,0.8637275063072205,0.8632366427754748,0.8634,7.247393700003158
128,0.001,8,Tanh,300,0.8637275063072205,0.8632366427754748,0.8634,7.28908479999518
128,0.001,8,Tanh,500,0.8637275063072205,0.8632366427754748,0.8634,7.343680400023004
128,0.001,8,Tanh,1000,0.8637275063072205,0.8632366427754748,0.8634,7.504829700017581
128,0.001,8,Sigmoid,50,0.8632437023856169,0.8629495893597835,0.863,8.484520700003486
128,0.001,8,Sigmoid,100,0.8632437023856169,0.8629495893597835,0.863,8.168041299999459
128,0.001,8,Sigmoid,300,0.8632437023856169,0.8629495893597835,0.863,8.529235299996799
128,0.001,8,Sigmoid,500,0.8632437023856169,0.8629495893597835,0.863,8.660084999981336
128,0.001,8,Sigmoid,1000,0.8632437023856169,0.8629495893597835,0.863,8.831969899998512
128,0.001,8,GELU,50,0.8616365661646777,0.8614038388761639,0.8614,4.252814600011334
128,0.001,8,GELU,100,0.8616365661646777,0.8614038388761639,0.8614,4.328618700004881
128,0.001,8,GELU,300,0.8616365661646777,0.8614038388761639,0.8614,4.421231700020144
128,0.001,8,GELU,500,0.8616365661646777,0.8614038388761639,0.8614,4.344972799997777
128,0.001,8,GELU,1000,0.8616365661646777,0.8614038388761639,0.8614,4.359463000000687
128,0.001,8,Softmax,50,0.8632437023856169,0.8629495893597835,0.863,8.294268199999351
128,0.001,8,Softmax,100,0.8632437023856169,0.8629495893597835,0.863,8.368932599987602
128,0.001,8,Softmax,300,0.8632437023856169,0.8629495893597835,0.863,8.795215299993288
128,0.001,8,Softmax,500,0.8632437023856169,0.8629495893597835,0.863,9.022781899984693
128,0.001,8,Softmax,1000,0.8632437023856169,0.8629495893597835,0.863,8.589856299979147
128,0.001,16,ReLU,50,0.8610785912287316,0.8607270581483007,0.8608,2.9284960000077263
128,0.001,16,ReLU,100,0.8610785912287316,0.8607270581483007,0.8608,3.1707084999943618
128,0.001,16,ReLU,300,0.8610785912287316,0.8607270581483007,0.8608,2.934992599999532
128,0.001,16,ReLU,500,0.8610785912287316,0.8607270581483007,0.8608,3.039023699995596
128,0.001,16,ReLU,1000,0.8610785912287316,0.8607270581483007,0.8608,3.0525458000192884
128,0.001,16,Tanh,50,0.8650759581398995,0.8647412168479165,0.8648,3.681534500006819
128,0.001,16,Tanh,100,0.8650759581398995,0.8647412168479165,0.8648,3.7417509999941103
128,0.001,16,Tanh,300,0.8650759581398995,0.8647412168479165,0.8648,3.777801799995359
128,0.001,16,Tanh,500,0.8650759581398995,0.8647412168479165,0.8648,3.582324199989671
128,0.001,16,Tanh,1000,0.8650759581398995,0.8647412168479165,0.8648,3.586524799990002
128,0.001,16,Sigmoid,50,0.8657024532018976,0.8652810046283165,0.8654,3.238867800013395
128,0.001,16,Sigmoid,100,0.8657024532018976,0.8652810046283165,0.8654,3.1177360999863595
128,0.001,16,Sigmoid,300,0.8657024532018976,0.8652810046283165,0.8654,3.138727099983953
128,0.001,16,Sigmoid,500,0.8657024532018976,0.8652810046283165,0.8654,3.1948610999970697
128,0.001,16,Sigmoid,1000,0.8657024532018976,0.8652810046283165,0.8654,3.1458219999913126
128,0.001,16,GELU,50,0.8610785912287316,0.8607270581483007,0.8608,3.049965699989116
128,0.001,16,GELU,100,0.8610785912287316,0.8607270581483007,0.8608,2.918057200004114
128,0.001,16,GELU,300,0.8610785912287316,0.8607270581483007,0.8608,3.1814514999859966
128,0.001,16,GELU,500,0.8610785912287316,0.8607270581483007,0.8608,2.950059599999804
128,0.001,16,GELU,1000,0.8610785912287316,0.8607270581483007,0.8608,3.0209428999805823
128,0.001,16,Softmax,50,0.8657024532018976,0.8652810046283165,0.8654,3.103173900017282
128,0.001,16,Softmax,100,0.8657024532018976,0.8652810046283165,0.8654,3.1546126999892294
128,0.001,16,Softmax,300,0.8657024532018976,0.8652810046283165,0.8654,3.1227036000054795
128,0.001,16,Softmax,500,0.8657024532018976,0.8652810046283165,0.8654,3.0864745999861043
128,0.001,16,Softmax,1000,0.8657024532018976,0.8652810046283165,0.8654,3.1149144000082742
128,0.001,32,ReLU,50,0.8614857973887302,0.8611332169223722,0.8612,1.8555330999952275
128,0.001,32,ReLU,100,0.8614857973887302,0.8611332169223722,0.8612,1.898422300000675
128,0.001,32,ReLU,300,0.8614857973887302,0.8611332169223722,0.8612,1.9213720000116155
128,0.001,32,ReLU,500,0.8614857973887302,0.8611332169223722,0.8612,1.9907797999912873
128,0.001,32,ReLU,1000,0.8614857973887302,0.8611332169223722,0.8612,1.9199119999830145
128,0.001,32,Tanh,50,0.8650424291471785,0.8647749949310249,0.8648,1.8222478000097908
128,0.001,32,Tanh,100,0.8650424291471785,0.8647749949310249,0.8648,1.8122493000118993
128,0.001,32,Tanh,300,0.8650424291471785,0.8647749949310249,0.8648,1.929149800009327
128,0.001,32,Tanh,500,0.8650424291471785,0.8647749949310249,0.8648,1.826136999996379
128,0.001,32,Tanh,1000,0.8650424291471785,0.8647749949310249,0.8648,1.8332570999918971
128,0.001,32,Sigmoid,50,0.8657418307570602,0.865253605570417,0.8654,2.2448452999815345
128,0.001,32,Sigmoid,100,0.8657418307570602,0.865253605570417,0.8654,2.1738629000028595
128,0.001,32,Sigmoid,300,0.8657418307570602,0.865253605570417,0.8654,2.2721041000040714
128,0.001,32,Sigmoid,500,0.8657418307570602,0.865253605570417,0.8654,2.3031568999867886
128,0.001,32,Sigmoid,1000,0.8657418307570602,0.865253605570417,0.8654,2.408721499989042
128,0.001,32,GELU,50,0.8614857973887302,0.8611332169223722,0.8612,2.023719200020423
128,0.001,32,GELU,100,0.8614857973887302,0.8611332169223722,0.8612,2.050011999992421
128,0.001,32,GELU,300,0.8614857973887302,0.8611332169223722,0.8612,1.7627635000098962
128,0.001,32,GELU,500,0.8614857973887302,0.8611332169223722,0.8612,1.8292557999957353
128,0.001,32,GELU,1000,0.8614857973887302,0.8611332169223722,0.8612,1.8559007000003476
128,0.001,32,Softmax,50,0.8657418307570602,0.865253605570417,0.8654,2.3498248000105377
128,0.001,32,Softmax,100,0.8657418307570602,0.865253605570417,0.8654,2.298460999998497
128,0.001,32,Softmax,300,0.8657418307570602,0.865253605570417,0.8654,2.3185226999921724
128,0.001,32,Softmax,500,0.8657418307570602,0.865253605570417,0.8654,2.3442478999786545
128,0.001,32,Softmax,1000,0.8657418307570602,0.865253605570417,0.8654,2.340666300005978
128,0.001,64,ReLU,50,0.8598226588924166,0.8595944355550001,0.8596,1.371197000000393
128,0.001,64,ReLU,100,0.8598226588924166,0.8595944355550001,0.8596,1.3955248999991454
128,0.001,64,ReLU,300,0.8598226588924166,0.8595944355550001,0.8596,1.4414573999820277
128,0.001,64,ReLU,500,0.8598226588924166,0.8595944355550001,0.8596,1.3538480999995954
128,0.001,64,ReLU,1000,0.8598226588924166,0.8595944355550001,0.8596,1.5281374999904074
128,0.001,64,Tanh,50,0.8614544795380227,0.8611659090817723,0.8612,1.5996068000094965
128,0.001,64,Tanh,100,0.8614544795380227,0.8611659090817723,0.8612,1.5314795000012964
128,0.001,64,Tanh,300,0.8614544795380227,0.8611659090817723,0.8612,1.6993131000199355
128,0.001,64,Tanh,500,0.8614544795380227,0.8611659090817723,0.8612,1.5399880000040866
128,0.001,64,Tanh,1000,0.8614544795380227,0.8611659090817723,0.8612,1.5967217000143137
128,0.001,64,Sigmoid,50,0.8630273556959357,0.8628007562695038,0.8628,1.7554916999943089
128,0.001,64,Sigmoid,100,0.8630273556959357,0.8628007562695038,0.8628,1.748835499980487
128,0.001,64,Sigmoid,300,0.8630273556959357,0.8628007562695038,0.8628,1.6604609999922104
128,0.001,64,Sigmoid,500,0.8630273556959357,0.8628007562695038,0.8628,1.7227216999744996
128,0.001,64,Sigmoid,1000,0.8630273556959357,0.8628007562695038,0.8628,1.6378898000111803
128,0.001,64,GELU,50,0.8598226588924166,0.8595944355550001,0.8596,1.328726200008532
128,0.001,64,GELU,100,0.8598226588924166,0.8595944355550001,0.8596,1.2990475999831688
128,0.001,64,GELU,300,0.8598226588924166,0.8595944355550001,0.8596,1.4390283999964595
128,0.001,64,GELU,500,0.8598226588924166,0.8595944355550001,0.8596,1.3337517000036314
128,0.001,64,GELU,1000,0.8598226588924166,0.8595944355550001,0.8596,1.3841954999952577
128,0.001,64,Softmax,50,0.8630273556959357,0.8628007562695038,0.8628,1.708893100003479
128,0.001,64,Softmax,100,0.8630273556959357,0.8628007562695038,0.8628,1.7437842999934219
128,0.001,64,Softmax,300,0.8630273556959357,0.8628007562695038,0.8628,1.6026626999955624
128,0.001,64,Softmax,500,0.8630273556959357,0.8628007562695038,0.8628,1.7031392000208143
128,0.001,64,Softmax,1000,0.8630273556959357,0.8628007562695038,0.8628,1.7284538999956567
128,0.001,128,ReLU,50,0.8576930262490663,0.857312927720169,0.8574,1.110312899982091
128,0.001,128,ReLU,100,0.8576930262490663,0.857312927720169,0.8574,1.139268800005084
128,0.001,128,ReLU,300,0.8576930262490663,0.857312927720169,0.8574,1.1185976999986451
128,0.001,128,ReLU,500,0.8576930262490663,0.857312927720169,0.8574,0.9923882000148296
128,0.001,128,ReLU,1000,0.8576930262490663,0.857312927720169,0.8574,1.2383827999874484
128,0.001,128,Tanh,50,0.8640779432593435,0.8637407914914874,0.8638,1.0066617999982554
128,0.001,128,Tanh,100,0.8640779432593435,0.8637407914914874,0.8638,1.0153760999965016
128,0.001,128,Tanh,300,0.8640779432593435,0.8637407914914874,0.8638,1.004102500010049
128,0.001,128,Tanh,500,0.8640779432593435,0.8637407914914874,0.8638,1.0884426000120584
128,0.001,128,Tanh,1000,0.8640779432593435,0.8637407914914874,0.8638,0.9633720999991056
128,0.001,128,Sigmoid,50,0.8650788824211203,0.8647219764151806,0.8648,1.4378129999968223
128,0.001,128,Sigmoid,100,0.8650788824211203,0.8647219764151806,0.8648,1.5071325000026263
128,0.001,128,Sigmoid,300,0.8650788824211203,0.8647219764151806,0.8648,1.491250899998704
128,0.001,128,Sigmoid,500,0.8650788824211203,0.8647219764151806,0.8648,1.5055215999891516
128,0.001,128,Sigmoid,1000,0.8650788824211203,0.8647219764151806,0.8648,1.406336599990027
128,0.001,128,GELU,50,0.8576930262490663,0.857312927720169,0.8574,1.1430682000063825
128,0.001,128,GELU,100,0.8576930262490663,0.857312927720169,0.8574,1.0662429000076372
128,0.001,128,GELU,300,0.8576930262490663,0.857312927720169,0.8574,1.2647613999724854
128,0.001,128,GELU,500,0.8576930262490663,0.857312927720169,0.8574,1.20826610000222
128,0.001,128,GELU,1000,0.8576930262490663,0.857312927720169,0.8574,1.071326000004774
128,0.001,128,Softmax,50,0.8650788824211203,0.8647219764151806,0.8648,1.4808569000160787
128,0.001,128,Softmax,100,0.8650788824211203,0.8647219764151806,0.8648,1.4357043000054546
128,0.001,128,Softmax,300,0.8650788824211203,0.8647219764151806,0.8648,1.4147546000021975
128,0.001,128,Softmax,500,0.8650788824211203,0.8647219764151806,0.8648,1.4367115999921225
128,0.001,128,Softmax,1000,0.8650788824211203,0.8647219764151806,0.8648,1.4481023999978788
128,0.0001,8,ReLU,50,0.8618942399303351,0.8615194837629684,0.8616,10.116738599987002
128,0.0001,8,ReLU,100,0.8618942399303351,0.8615194837629684,0.8616,10.527742300007958
128,0.0001,8,ReLU,300,0.8618942399303351,0.8615194837629684,0.8616,10.209573000000091
128,0.0001,8,ReLU,500,0.8618942399303351,0.8615194837629684,0.8616,10.375902400002815
128,0.0001,8,ReLU,1000,0.8618942399303351,0.8615194837629684,0.8616,10.005191599979298
128,0.0001,8,Tanh,50,0.8643664474955051,0.8638171689941158,0.864,7.74124689999735
128,0.0001,8,Tanh,100,0.8643664474955051,0.8638171689941158,0.864,7.774452700017719
128,0.0001,8,Tanh,300,0.8643664474955051,0.8638171689941158,0.864,7.638178799999878
128,0.0001,8,Tanh,500,0.8643664474955051,0.8638171689941158,0.864,7.581597499985946
128,0.0001,8,Tanh,1000,0.8643664474955051,0.8638171689941158,0.864,7.6229309999907855
128,0.0001,8,Sigmoid,50,0.8638143390530986,0.8631439573002547,0.8634,10.179457599995658
128,0.0001,8,Sigmoid,100,0.8638143390530986,0.8631439573002547,0.8634,11.409037400007946
128,0.0001,8,Sigmoid,300,0.8638143390530986,0.8631439573002547,0.8634,11.216522399976384
128,0.0001,8,Sigmoid,500,0.8638143390530986,0.8631439573002547,0.8634,11.067888299992774
128,0.0001,8,Sigmoid,1000,0.8638143390530986,0.8631439573002547,0.8634,11.150727000000188
128,0.0001,8,GELU,50,0.8618942399303351,0.8615194837629684,0.8616,10.093517700006487
128,0.0001,8,GELU,100,0.8618942399303351,0.8615194837629684,0.8616,10.26459479998448
128,0.0001,8,GELU,300,0.8618942399303351,0.8615194837629684,0.8616,9.991506299993489
128,0.0001,8,GELU,500,0.8618942399303351,0.8615194837629684,0.8616,10.186358300008578
128,0.0001,8,GELU,1000,0.8618942399303351,0.8615194837629684,0.8616,10.348639599978924
128,0.0001,8,Softmax,50,0.8638143390530986,0.8631439573002547,0.8634,10.378925699973479
128,0.0001,8,Softmax,100,0.8638143390530986,0.8631439573002547,0.8634,11.176955600007204
128,0.0001,8,Softmax,300,0.8638143390530986,0.8631439573002547,0.8634,10.587431499996455
128,0.0001,8,Softmax,500,0.8638143390530986,0.8631439573002547,0.8634,10.83899129999918
128,0.0001,8,Softmax,1000,0.8638143390530986,0.8631439573002547,0.8634,11.079107100027613
128,0.0001,16,ReLU,50,0.8628959101624168,0.8625132480606412,0.8626,5.484363299998222
128,0.0001,16,ReLU,100,0.8628959101624168,0.8625132480606412,0.8626,5.467427100025816
128,0.0001,16,ReLU,300,0.8628959101624168,0.8625132480606412,0.8626,5.523235599976033
128,0.0001,16,ReLU,500,0.8628959101624168,0.8625132480606412,0.8626,5.374237299984088
128,0.0001,16,ReLU,1000,0.8628959101624168,0.8625132480606412,0.8626,5.645970200013835
128,0.0001,16,Tanh,50,0.8649572203538667,0.8644291549817398,0.8646,5.469875699986005
128,0.0001,16,Tanh,100,0.8649572203538667,0.8644291549817398,0.8646,5.707653999998001
128,0.0001,16,Tanh,300,0.8649572203538667,0.8644291549817398,0.8646,5.38877049999428
128,0.0001,16,Tanh,500,0.8649572203538667,0.8644291549817398,0.8646,5.195702600001823
128,0.0001,16,Tanh,1000,0.8649572203538667,0.8644291549817398,0.8646,5.534723499993561
128,0.0001,16,Sigmoid,50,0.8628931656242499,0.8620153927764882,0.8624,5.269260900007794
128,0.0001,16,Sigmoid,100,0.8628931656242499,0.8620153927764882,0.8624,5.400446600018768
128,0.0001,16,Sigmoid,300,0.8628931656242499,0.8620153927764882,0.8624,5.2993507999926805
128,0.0001,16,Sigmoid,500,0.8628931656242499,0.8620153927764882,0.8624,5.448535699979402
128,0.0001,16,Sigmoid,1000,0.8628931656242499,0.8620153927764882,0.8624,5.409324899985222
128,0.0001,16,GELU,50,0.8628959101624168,0.8625132480606412,0.8626,5.3392166000267025
128,0.0001,16,GELU,100,0.8628959101624168,0.8625132480606412,0.8626,5.473953500011703
128,0.0001,16,GELU,300,0.8628959101624168,0.8625132480606412,0.8626,5.643470599985449
128,0.0001,16,GELU,500,0.8628959101624168,0.8625132480606412,0.8626,5.509213600016665
128,0.0001,16,GELU,1000,0.8628959101624168,0.8625132480606412,0.8626,5.338174299977254
128,0.0001,16,Softmax,50,0.8628931656242499,0.8620153927764882,0.8624,5.099110000010114
128,0.0001,16,Softmax,100,0.8628931656242499,0.8620153927764882,0.8624,5.21727120000287
128,0.0001,16,Softmax,300,0.8628931656242499,0.8620153927764882,0.8624,5.252610800002003
128,0.0001,16,Softmax,500,0.8628931656242499,0.8620153927764882,0.8624,5.218375099997502
128,0.0001,16,Softmax,1000,0.8628931656242499,0.8620153927764882,0.8624,5.37823999999091
128,0.0001,32,ReLU,50,0.8626896085602006,0.8623109425199781,0.8624,3.41266309999628
128,0.0001,32,ReLU,100,0.8626896085602006,0.8623109425199781,0.8624,3.440704500011634
128,0.0001,32,ReLU,300,0.8626896085602006,0.8623109425199781,0.8624,3.2617996000044513
128,0.0001,32,ReLU,500,0.8626896085602006,0.8623109425199781,0.8624,3.4548241999873426
128,0.0001,32,ReLU,1000,0.8626896085602006,0.8623109425199781,0.8624,3.5149918999813963
128,0.0001,32,Tanh,50,0.8625295436981913,0.862065019864307,0.8622,2.874643199989805
128,0.0001,32,Tanh,100,0.8625295436981913,0.862065019864307,0.8622,2.7928382999962196
128,0.0001,32,Tanh,300,0.8625295436981913,0.862065019864307,0.8622,2.7586900999885984
128,0.0001,32,Tanh,500,0.8625295436981913,0.862065019864307,0.8622,2.931328599981498
128,0.0001,32,Tanh,1000,0.8625295436981913,0.862065019864307,0.8622,2.868443900020793
128,0.0001,32,Sigmoid,50,0.863036100454746,0.8623070763697828,0.8626,3.3735572999867145
128,0.0001,32,Sigmoid,100,0.863036100454746,0.8623070763697828,0.8626,3.421120700018946
128,0.0001,32,Sigmoid,300,0.863036100454746,0.8623070763697828,0.8626,3.4172395000059623
128,0.0001,32,Sigmoid,500,0.863036100454746,0.8623070763697828,0.8626,3.3619280999992043
128,0.0001,32,Sigmoid,1000,0.863036100454746,0.8623070763697828,0.8626,3.365220599982422
128,0.0001,32,GELU,50,0.8626896085602006,0.8623109425199781,0.8624,3.345293699996546
128,0.0001,32,GELU,100,0.8626896085602006,0.8623109425199781,0.8624,3.4772290000109933
128,0.0001,32,GELU,300,0.8626896085602006,0.8623109425199781,0.8624,3.4940019999921788
128,0.0001,32,GELU,500,0.8626896085602006,0.8623109425199781,0.8624,3.362904699984938
128,0.0001,32,GELU,1000,0.8626896085602006,0.8623109425199781,0.8624,3.447552199999336
128,0.0001,32,Softmax,50,0.863036100454746,0.8623070763697828,0.8626,3.450670899997931
128,0.0001,32,Softmax,100,0.863036100454746,0.8623070763697828,0.8626,3.5038325999921653
128,0.0001,32,Softmax,300,0.863036100454746,0.8623070763697828,0.8626,3.316916099982336
128,0.0001,32,Softmax,500,0.863036100454746,0.8623070763697828,0.8626,3.3089601999963634
128,0.0001,32,Softmax,1000,0.863036100454746,0.8623070763697828,0.8626,3.320950900000753
128,0.0001,64,ReLU,50,0.8599085348089858,0.8594833967968296,0.8596,2.373456300003454
128,0.0001,64,ReLU,100,0.8603069501942239,0.859885066151704,0.86,2.932953199982876
128,0.0001,64,ReLU,300,0.8603069501942239,0.859885066151704,0.86,3.112086500012083
128,0.0001,64,ReLU,500,0.8603069501942239,0.859885066151704,0.86,2.7919200000178535
128,0.0001,64,ReLU,1000,0.8603069501942239,0.859885066151704,0.86,2.9902568999968935
128,0.0001,64,Tanh,50,0.8631562824502913,0.8626291951353243,0.8628,2.3132150000019465
128,0.0001,64,Tanh,100,0.8631562824502913,0.8626291951353243,0.8628,2.4486358999856748
128,0.0001,64,Tanh,300,0.8631562824502913,0.8626291951353243,0.8628,2.5804438999912236
128,0.0001,64,Tanh,500,0.8631562824502913,0.8626291951353243,0.8628,2.5520053999789525
128,0.0001,64,Tanh,1000,0.8631562824502913,0.8626291951353243,0.8628,2.5576237000059336
128,0.0001,64,Sigmoid,50,0.8566132040828687,0.8553472630765553,0.856,2.562709299993003
128,0.0001,64,Sigmoid,100,0.857208868674363,0.85595801122611,0.8566,3.0851127000059932
128,0.0001,64,Sigmoid,300,0.857208868674363,0.85595801122611,0.8566,2.9764606000098865
128,0.0001,64,Sigmoid,500,0.857208868674363,0.85595801122611,0.8566,3.1555013000033796
128,0.0001,64,Sigmoid,1000,0.857208868674363,0.85595801122611,0.8566,3.0676438999944367
128,0.0001,64,GELU,50,0.8599085348089858,0.8594833967968296,0.8596,2.4462826999952085
128,0.0001,64,GELU,100,0.8603069501942239,0.859885066151704,0.86,2.9173394000099506
128,0.0001,64,GELU,300,0.8603069501942239,0.859885066151704,0.86,3.009810599993216
128,0.0001,64,GELU,500,0.8603069501942239,0.859885066151704,0.86,2.8825184000015724
128,0.0001,64,GELU,1000,0.8603069501942239,0.859885066151704,0.86,3.0007033000001684
128,0.0001,64,Softmax,50,0.8566132040828687,0.8553472630765553,0.856,2.532873299991479
128,0.0001,64,Softmax,100,0.857208868674363,0.85595801122611,0.8566,3.106933500006562
128,0.0001,64,Softmax,300,0.857208868674363,0.85595801122611,0.8566,3.1159591000177898
128,0.0001,64,Softmax,500,0.857208868674363,0.85595801122611,0.8566,3.1611120000015944
128,0.0001,64,Softmax,1000,0.857208868674363,0.85595801122611,0.8566,3.0686424000014085
128,0.0001,128,ReLU,50,0.8597110419126279,0.8592800691832904,0.8594,1.8167296999890823
128,0.0001,128,ReLU,100,0.8597198506184861,0.8592678505269006,0.8594,2.2798603999835905
128,0.0001,128,ReLU,300,0.8597198506184861,0.8592678505269006,0.8594,2.386469900025986
128,0.0001,128,ReLU,500,0.8597198506184861,0.8592678505269006,0.8594,2.3473372999869753
128,0.0001,128,ReLU,1000,0.8597198506184861,0.8592678505269006,0.8594,2.4001167000096757
128,0.0001,128,Tanh,50,0.8561512421828569,0.855630907614966,0.8558,1.7208262000058312
128,0.0001,128,Tanh,100,0.8561512421828569,0.855630907614966,0.8558,1.6760095000208821
128,0.0001,128,Tanh,300,0.8561512421828569,0.855630907614966,0.8558,1.8276753000100143
128,0.0001,128,Tanh,500,0.8561512421828569,0.855630907614966,0.8558,1.7058146999916062
128,0.0001,128,Tanh,1000,0.8561512421828569,0.855630907614966,0.8558,1.7116494000074454
128,0.0001,128,Sigmoid,50,0.8205387392750484,0.8164197489846853,0.8194,1.6590044999902602
128,0.0001,128,Sigmoid,100,0.8207355011011012,0.8166111997653962,0.8196,2.0234245999890845
128,0.0001,128,Sigmoid,300,0.8207355011011012,0.8166111997653962,0.8196,1.8942011999897659
128,0.0001,128,Sigmoid,500,0.8207355011011012,0.8166111997653962,0.8196,1.9194357999949716
128,0.0001,128,Sigmoid,1000,0.8207355011011012,0.8166111997653962,0.8196,2.115523199987365
128,0.0001,128,GELU,50,0.8597110419126279,0.8592800691832904,0.8594,1.764628500008257
128,0.0001,128,GELU,100,0.8597198506184861,0.8592678505269006,0.8594,2.364918499981286
128,0.0001,128,GELU,300,0.8597198506184861,0.8592678505269006,0.8594,2.231896399985999
128,0.0001,128,GELU,500,0.8597198506184861,0.8592678505269006,0.8594,2.3777081000152975
128,0.0001,128,GELU,1000,0.8597198506184861,0.8592678505269006,0.8594,2.394560699991416
128,0.0001,128,Softmax,50,0.8205387392750484,0.8164197489846853,0.8194,1.6354375000228174
128,0.0001,128,Softmax,100,0.8207355011011012,0.8166111997653962,0.8196,1.892137399991043
128,0.0001,128,Softmax,300,0.8207355011011012,0.8166111997653962,0.8196,1.883861500013154
128,0.0001,128,Softmax,500,0.8207355011011012,0.8166111997653962,0.8196,1.8978238999843597
128,0.0001,128,Softmax,1000,0.8207355011011012,0.8166111997653962,0.8196,1.9981870999909006
128,0.00025,8,ReLU,50,0.8626771265717185,0.8623383632835449,0.8624,5.8032360000070184
128,0.00025,8,ReLU,100,0.8626771265717185,0.8623383632835449,0.8624,6.007442900008755
128,0.00025,8,ReLU,300,0.8626771265717185,0.8623383632835449,0.8624,5.801656099996762
128,0.00025,8,ReLU,500,0.8626771265717185,0.8623383632835449,0.8624,5.929707600007532
128,0.00025,8,ReLU,1000,0.8626771265717185,0.8623383632835449,0.8624,6.042893499979982
128,0.00025,8,Tanh,50,0.8639012357460247,0.8635015387831121,0.8636,6.272957999986829
128,0.00025,8,Tanh,100,0.8639012357460247,0.8635015387831121,0.8636,6.400497899972834
128,0.00025,8,Tanh,300,0.8639012357460247,0.8635015387831121,0.8636,6.2097659000137355
128,0.00025,8,Tanh,500,0.8639012357460247,0.8635015387831121,0.8636,6.128094800020335
128,0.00025,8,Tanh,1000,0.8639012357460247,0.8635015387831121,0.8636,6.332538499991642
128,0.00025,8,Sigmoid,50,0.8644871348023518,0.8641162216900921,0.8642,8.377438099996652
128,0.00025,8,Sigmoid,100,0.8644871348023518,0.8641162216900921,0.8642,8.308209999988321
128,0.00025,8,Sigmoid,300,0.8644871348023518,0.8641162216900921,0.8642,8.070104899990838
128,0.00025,8,Sigmoid,500,0.8644871348023518,0.8641162216900921,0.8642,7.944142799999099
128,0.00025,8,Sigmoid,1000,0.8644871348023518,0.8641162216900921,0.8642,8.159771100006765
128,0.00025,8,GELU,50,0.8626771265717185,0.8623383632835449,0.8624,5.893830900022294
128,0.00025,8,GELU,100,0.8626771265717185,0.8623383632835449,0.8624,5.936144899984356
128,0.00025,8,GELU,300,0.8626771265717185,0.8623383632835449,0.8624,5.904747399996268
128,0.00025,8,GELU,500,0.8626771265717185,0.8623383632835449,0.8624,5.872190299996873
128,0.00025,8,GELU,1000,0.8626771265717185,0.8623383632835449,0.8624,5.89967980000074
128,0.00025,8,Softmax,50,0.8644871348023518,0.8641162216900921,0.8642,8.255637299997034
128,0.00025,8,Softmax,100,0.8644871348023518,0.8641162216900921,0.8642,8.075404100003652
128,0.00025,8,Softmax,300,0.8644871348023518,0.8641162216900921,0.8642,8.069953099999111
128,0.00025,8,Softmax,500,0.8644871348023518,0.8641162216900921,0.8642,7.977222599991364
128,0.00025,8,Softmax,1000,0.8644871348023518,0.8641162216900921,0.8642,8.13879490000545
128,0.00025,16,ReLU,50,0.8602917876146225,0.8599097592253422,0.86,4.552804099977948
128,0.00025,16,ReLU,100,0.8602917876146225,0.8599097592253422,0.86,4.561332899989793
128,0.00025,16,ReLU,300,0.8602917876146225,0.8599097592253422,0.86,4.6142335000040475
128,0.00025,16,ReLU,500,0.8602917876146225,0.8599097592253422,0.86,4.29058719999739
128,0.00025,16,ReLU,1000,0.8602917876146225,0.8599097592253422,0.86,4.290608600014821
128,0.00025,16,Tanh,50,0.8624351027658658,0.8621727356466922,0.8622,3.8253149000229314
128,0.00025,16,Tanh,100,0.8624351027658658,0.8621727356466922,0.8622,3.7748639000055846
128,0.00025,16,Tanh,300,0.8624351027658658,0.8621727356466922,0.8622,3.7483485999982804
128,0.00025,16,Tanh,500,0.8624351027658658,0.8621727356466922,0.8622,3.829016000003321
128,0.00025,16,Tanh,1000,0.8624351027658658,0.8621727356466922,0.8622,3.8529237000038847
128,0.00025,16,Sigmoid,50,0.8637693207634004,0.8632092513336089,0.8634,5.0124386999814305
128,0.00025,16,Sigmoid,100,0.8637693207634004,0.8632092513336089,0.8634,5.005932300002314
128,0.00025,16,Sigmoid,300,0.8637693207634004,0.8632092513336089,0.8634,4.719524000014644
128,0.00025,16,Sigmoid,500,0.8637693207634004,0.8632092513336089,0.8634,5.037976799998432
128,0.00025,16,Sigmoid,1000,0.8637693207634004,0.8632092513336089,0.8634,4.8943663999962155
128,0.00025,16,GELU,50,0.8602917876146225,0.8599097592253422,0.86,4.533652100013569
128,0.00025,16,GELU,100,0.8602917876146225,0.8599097592253422,0.86,4.6189817000122275
128,0.00025,16,GELU,300,0.8602917876146225,0.8599097592253422,0.86,4.297715400025481
128,0.00025,16,GELU,500,0.8602917876146225,0.8599097592253422,0.86,4.337688200001139
128,0.00025,16,GELU,1000,0.8602917876146225,0.8599097592253422,0.86,4.565209799999138
128,0.00025,16,Softmax,50,0.8637693207634004,0.8632092513336089,0.8634,5.14634279999882
128,0.00025,16,Softmax,100,0.8637693207634004,0.8632092513336089,0.8634,4.967605300014839
128,0.00025,16,Softmax,300,0.8637693207634004,0.8632092513336089,0.8634,4.914532099995995
128,0.00025,16,Softmax,500,0.8637693207634004,0.8632092513336089,0.8634,5.04095039999811
128,0.00025,16,Softmax,1000,0.8637693207634004,0.8632092513336089,0.8634,4.901148899982218
128,0.00025,32,ReLU,50,0.8600893850540342,0.8597290883397791,0.8598,3.161155699985102
128,0.00025,32,ReLU,100,0.8600893850540342,0.8597290883397791,0.8598,3.194097999978112
128,0.00025,32,ReLU,300,0.8600893850540342,0.8597290883397791,0.8598,3.404354099999182
128,0.00025,32,ReLU,500,0.8600893850540342,0.8597290883397791,0.8598,3.2246515000006184
128,0.00025,32,ReLU,1000,0.8600893850540342,0.8597290883397791,0.8598,3.1531908999895677
128,0.00025,32,Tanh,50,0.8633041090139201,0.8628974132793078,0.863,3.4354086000239477
128,0.00025,32,Tanh,100,0.8633041090139201,0.8628974132793078,0.863,3.116101499996148
128,0.00025,32,Tanh,300,0.8633041090139201,0.8628974132793078,0.863,3.1545026000239886
128,0.00025,32,Tanh,500,0.8633041090139201,0.8628974132793078,0.863,3.2418313000234775
128,0.00025,32,Tanh,1000,0.8633041090139201,0.8628974132793078,0.863,3.070559800020419
128,0.00025,32,Sigmoid,50,0.8652837039516282,0.8649244019594872,0.865,3.677731500007212
128,0.00025,32,Sigmoid,100,0.8652837039516282,0.8649244019594872,0.865,4.207516900001792
128,0.00025,32,Sigmoid,300,0.8652837039516282,0.8649244019594872,0.865,4.096083799988264
128,0.00025,32,Sigmoid,500,0.8652837039516282,0.8649244019594872,0.865,4.004590900003677
128,0.00025,32,Sigmoid,1000,0.8652837039516282,0.8649244019594872,0.865,4.160795699979644
128,0.00025,32,GELU,50,0.8600893850540342,0.8597290883397791,0.8598,3.3090870000014547
128,0.00025,32,GELU,100,0.8600893850540342,0.8597290883397791,0.8598,3.1923229999956675
128,0.00025,32,GELU,300,0.8600893850540342,0.8597290883397791,0.8598,3.0283042000082787
128,0.00025,32,GELU,500,0.8600893850540342,0.8597290883397791,0.8598,3.208424099982949
128,0.00025,32,GELU,1000,0.8600893850540342,0.8597290883397791,0.8598,3.1991179000178818
128,0.00025,32,Softmax,50,0.8652837039516282,0.8649244019594872,0.865,3.4944464000000153
128,0.00025,32,Softmax,100,0.8652837039516282,0.8649244019594872,0.865,4.111170900025172
128,0.00025,32,Softmax,300,0.8652837039516282,0.8649244019594872,0.865,4.0221600999939255
128,0.00025,32,Softmax,500,0.8652837039516282,0.8649244019594872,0.865,4.000220799993258
128,0.00025,32,Softmax,1000,0.8652837039516282,0.8649244019594872,0.865,3.968308999988949
128,0.00025,64,ReLU,50,0.8616896620899289,0.861302987467512,0.8614,1.6635397000063676
128,0.00025,64,ReLU,100,0.8616896620899289,0.861302987467512,0.8614,1.6162552000023425
128,0.00025,64,ReLU,300,0.8616896620899289,0.861302987467512,0.8614,1.6027487000101246
128,0.00025,64,ReLU,500,0.8616896620899289,0.861302987467512,0.8614,1.6168755000107922
128,0.00025,64,ReLU,1000,0.8616896620899289,0.861302987467512,0.8614,1.6094534999865573
128,0.00025,64,Tanh,50,0.8659336829188824,0.8654617897332391,0.8656,1.749924399977317
128,0.00025,64,Tanh,100,0.8659336829188824,0.8654617897332391,0.8656,1.6910999999963678
128,0.00025,64,Tanh,300,0.8659336829188824,0.8654617897332391,0.8656,1.7404555999964941
128,0.00025,64,Tanh,500,0.8659336829188824,0.8654617897332391,0.8656,1.7546916999854147
128,0.00025,64,Tanh,1000,0.8659336829188824,0.8654617897332391,0.8656,1.7879024000139907
128,0.00025,64,Sigmoid,50,0.8627390312028281,0.862252154958716,0.8624,2.3981948000146076
128,0.00025,64,Sigmoid,100,0.8627390312028281,0.862252154958716,0.8624,2.4883254000160377
128,0.00025,64,Sigmoid,300,0.8627390312028281,0.862252154958716,0.8624,2.4312337999872398
128,0.00025,64,Sigmoid,500,0.8627390312028281,0.862252154958716,0.8624,2.6078582999762148
128,0.00025,64,Sigmoid,1000,0.8627390312028281,0.862252154958716,0.8624,2.6491953000077046
128,0.00025,64,GELU,50,0.8616896620899289,0.861302987467512,0.8614,1.5878914000059012
128,0.00025,64,GELU,100,0.8616896620899289,0.861302987467512,0.8614,1.64593599998625
128,0.00025,64,GELU,300,0.8616896620899289,0.861302987467512,0.8614,1.6621353000227828
128,0.00025,64,GELU,500,0.8616896620899289,0.861302987467512,0.8614,1.5083096000016667
128,0.00025,64,GELU,1000,0.8616896620899289,0.861302987467512,0.8614,1.6369927999912761
128,0.00025,64,Softmax,50,0.8627390312028281,0.862252154958716,0.8624,2.3271262000198476
128,0.00025,64,Softmax,100,0.8627390312028281,0.862252154958716,0.8624,2.510576900007436
128,0.00025,64,Softmax,300,0.8627390312028281,0.862252154958716,0.8624,2.5752729999949224
128,0.00025,64,Softmax,500,0.8627390312028281,0.862252154958716,0.8624,2.512922999972943
128,0.00025,64,Softmax,1000,0.8627390312028281,0.862252154958716,0.8624,2.6367314999806695
128,0.00025,128,ReLU,50,0.8598994824130258,0.8594950711616605,0.8596,1.3946127999806777
128,0.00025,128,ReLU,100,0.8598994824130258,0.8594950711616605,0.8596,1.4668737999745645
128,0.00025,128,ReLU,300,0.8598994824130258,0.8594950711616605,0.8596,1.4491388000024017
128,0.00025,128,ReLU,500,0.8598994824130258,0.8594950711616605,0.8596,1.4871224999951664
128,0.00025,128,ReLU,1000,0.8598994824130258,0.8594950711616605,0.8596,1.4554395000159275
128,0.00025,128,Tanh,50,0.8635052751929019,0.8631010006463743,0.8632,1.5608053000178188
128,0.00025,128,Tanh,100,0.8635052751929019,0.8631010006463743,0.8632,1.5619389000057708
128,0.00025,128,Tanh,300,0.8635052751929019,0.8631010006463743,0.8632,1.5011694999993779
128,0.00025,128,Tanh,500,0.8635052751929019,0.8631010006463743,0.8632,1.599488999985624
128,0.00025,128,Tanh,1000,0.8635052751929019,0.8631010006463743,0.8632,1.5084386999951676
128,0.00025,128,Sigmoid,50,0.864974106695278,0.8644049133825152,0.8646,1.7945728000195231
128,0.00025,128,Sigmoid,100,0.864974106695278,0.8644049133825152,0.8646,1.9643062000104692
128,0.00025,128,Sigmoid,300,0.864974106695278,0.8644049133825152,0.8646,1.8710193999868352
128,0.00025,128,Sigmoid,500,0.864974106695278,0.8644049133825152,0.8646,1.8882930999970995
128,0.00025,128,Sigmoid,1000,0.864974106695278,0.8644049133825152,0.8646,1.9071497999830171
128,0.00025,128,GELU,50,0.8598994824130258,0.8594950711616605,0.8596,1.438476500014076
128,0.00025,128,GELU,100,0.8598994824130258,0.8594950711616605,0.8596,1.4395260000019334
128,0.00025,128,GELU,300,0.8598994824130258,0.8594950711616605,0.8596,1.56470749998698
128,0.00025,128,GELU,500,0.8598994824130258,0.8594950711616605,0.8596,1.434565500007011
128,0.00025,128,GELU,1000,0.8598994824130258,0.8594950711616605,0.8596,1.3963464999978896
128,0.00025,128,Softmax,50,0.864974106695278,0.8644049133825152,0.8646,1.7721600999939255
128,0.00025,128,Softmax,100,0.864974106695278,0.8644049133825152,0.8646,1.8526759000087623
128,0.00025,128,Softmax,300,0.864974106695278,0.8644049133825152,0.8646,1.9618861000053585
128,0.00025,128,Softmax,500,0.864974106695278,0.8644049133825152,0.8646,1.8800905000243802
128,0.00025,128,Softmax,1000,0.864974106695278,0.8644049133825152,0.8646,1.92502350002178
