Hidden_Neurons,Learning_Rate,Batch_Size,Activation_Function,Epochs,Balanced_Accuracy,Macro F1 Score,Accuracy,Time(s)
8,0.01,8,ReLU,50,0.5027464996626181,0.5543243059335873,0.9732237539766702,5.849620500011952
8,0.01,8,ReLU,100,0.5027464996626181,0.5543243059335873,0.9732237539766702,5.906319000001531
8,0.01,8,ReLU,300,0.5027464996626181,0.5543243059335873,0.9732237539766702,5.731440900010057
8,0.01,8,ReLU,500,0.5027464996626181,0.5543243059335873,0.9732237539766702,5.847441299993079
8,0.01,8,ReLU,1000,0.5027464996626181,0.5543243059335873,0.9732237539766702,6.101380599997356
8,0.01,8,Tanh,50,0.4655284368301977,0.5084197627697853,0.9679215270413574,5.183351299987407
8,0.01,8,Tanh,100,0.4655284368301977,0.5084197627697853,0.9679215270413574,5.407423399999971
8,0.01,8,Tanh,300,0.4655284368301977,0.5084197627697853,0.9679215270413574,4.928051399998367
8,0.01,8,Tanh,500,0.4655284368301977,0.5084197627697853,0.9679215270413574,5.034368599997833
8,0.01,8,Tanh,1000,0.4655284368301977,0.5084197627697853,0.9679215270413574,5.0740678000001935
8,0.01,8,Sigmoid,50,0.5316190114709851,0.5832629499336527,0.972693531283139,4.81986109999707
8,0.01,8,Sigmoid,100,0.5316190114709851,0.5832629499336527,0.972693531283139,4.940038000000641
8,0.01,8,Sigmoid,300,0.5316190114709851,0.5832629499336527,0.972693531283139,5.049429899998359
8,0.01,8,Sigmoid,500,0.5316190114709851,0.5832629499336527,0.972693531283139,5.199877099992591
8,0.01,8,Sigmoid,1000,0.5316190114709851,0.5832629499336527,0.972693531283139,5.0205571000115015
8,0.01,8,GELU,50,0.5027464996626181,0.5543243059335873,0.9732237539766702,4.235755300003802
8,0.01,8,GELU,100,0.5027464996626181,0.5543243059335873,0.9732237539766702,4.340291999993497
8,0.01,8,GELU,300,0.5027464996626181,0.5543243059335873,0.9732237539766702,4.383297100008349
8,0.01,8,GELU,500,0.5027464996626181,0.5543243059335873,0.9732237539766702,4.367658300005132
8,0.01,8,GELU,1000,0.5027464996626181,0.5543243059335873,0.9732237539766702,4.3835524000023725
8,0.01,8,Softmax,50,0.5027464996626181,0.5543243059335873,0.9732237539766702,4.615797800011933
8,0.01,8,Softmax,100,0.5027464996626181,0.5543243059335873,0.9732237539766702,4.384621400007745
8,0.01,8,Softmax,300,0.5027464996626181,0.5543243059335873,0.9732237539766702,4.112953899995773
8,0.01,8,Softmax,500,0.5027464996626181,0.5543243059335873,0.9732237539766702,4.2339089999877615
8,0.01,8,Softmax,1000,0.5027464996626181,0.5543243059335873,0.9732237539766702,4.449760800009244
8,0.01,16,ReLU,50,0.4816874181352703,0.5264679485605973,0.9703075291622482,2.102373599991552
8,0.01,16,ReLU,100,0.4816874181352703,0.5264679485605973,0.9703075291622482,2.0223316999909
8,0.01,16,ReLU,300,0.4816874181352703,0.5264679485605973,0.9703075291622482,2.038939299993217
8,0.01,16,ReLU,500,0.4816874181352703,0.5264679485605973,0.9703075291622482,1.981602900006692
8,0.01,16,ReLU,1000,0.4816874181352703,0.5264679485605973,0.9703075291622482,2.0232669999968493
8,0.01,16,Tanh,50,0.5040581958998174,0.5286405287448971,0.9684517497348888,2.572024599998258
8,0.01,16,Tanh,100,0.5040581958998174,0.5286405287448971,0.9684517497348888,2.662093899998581
8,0.01,16,Tanh,300,0.5040581958998174,0.5286405287448971,0.9684517497348888,2.507606500003021
8,0.01,16,Tanh,500,0.5040581958998174,0.5286405287448971,0.9684517497348888,2.5752231999940705
8,0.01,16,Tanh,1000,0.5040581958998174,0.5286405287448971,0.9684517497348888,2.5732953999977326
8,0.01,16,Sigmoid,50,0.4460480421925855,0.4844916871787235,0.96898197242842,2.118160800004261
8,0.01,16,Sigmoid,100,0.4460480421925855,0.4844916871787235,0.96898197242842,2.317709800001466
8,0.01,16,Sigmoid,300,0.4460480421925855,0.4844916871787235,0.96898197242842,2.3530101999931503
8,0.01,16,Sigmoid,500,0.4460480421925855,0.4844916871787235,0.96898197242842,2.3417002000060165
8,0.01,16,Sigmoid,1000,0.4460480421925855,0.4844916871787235,0.96898197242842,2.2196134999976493
8,0.01,16,GELU,50,0.4816874181352703,0.5264679485605973,0.9703075291622482,1.9819241000077452
8,0.01,16,GELU,100,0.4816874181352703,0.5264679485605973,0.9703075291622482,1.978633300008369
8,0.01,16,GELU,300,0.4816874181352703,0.5264679485605973,0.9703075291622482,1.9775784999947064
8,0.01,16,GELU,500,0.4816874181352703,0.5264679485605973,0.9703075291622482,2.0088535999966552
8,0.01,16,GELU,1000,0.4816874181352703,0.5264679485605973,0.9703075291622482,2.0428092000074685
8,0.01,16,Softmax,50,0.4816874181352703,0.5264679485605973,0.9703075291622482,2.1346826999943005
8,0.01,16,Softmax,100,0.4816874181352703,0.5264679485605973,0.9703075291622482,2.1870315999985905
8,0.01,16,Softmax,300,0.4816874181352703,0.5264679485605973,0.9703075291622482,2.0213679000007687
8,0.01,16,Softmax,500,0.4816874181352703,0.5264679485605973,0.9703075291622482,2.0526768999989145
8,0.01,16,Softmax,1000,0.4816874181352703,0.5264679485605973,0.9703075291622482,1.9847216999914965
8,0.01,32,ReLU,50,0.4567977494641582,0.5026691422350105,0.9700424178154824,1.113408299992443
8,0.01,32,ReLU,100,0.4567977494641582,0.5026691422350105,0.9700424178154824,1.2858194000000367
8,0.01,32,ReLU,300,0.4567977494641582,0.5026691422350105,0.9700424178154824,1.1616448999993736
8,0.01,32,ReLU,500,0.4567977494641582,0.5026691422350105,0.9700424178154824,1.1387506000028225
8,0.01,32,ReLU,1000,0.4567977494641582,0.5026691422350105,0.9700424178154824,1.1683977999928177
8,0.01,32,Tanh,50,0.4661213359331587,0.5007702217246436,0.9703075291622482,1.382639499992365
8,0.01,32,Tanh,100,0.4661213359331587,0.5007702217246436,0.9703075291622482,1.3157041999947978
8,0.01,32,Tanh,300,0.4661213359331587,0.5007702217246436,0.9703075291622482,1.1989394999982323
8,0.01,32,Tanh,500,0.4661213359331587,0.5007702217246436,0.9703075291622482,1.2731296000129078
8,0.01,32,Tanh,1000,0.4661213359331587,0.5007702217246436,0.9703075291622482,1.2446397000021534
8,0.01,32,Sigmoid,50,0.25,0.245822102425876,0.9671261930010604,0.4459747999935644
8,0.01,32,Sigmoid,100,0.25,0.245822102425876,0.9671261930010604,0.4454942000011215
8,0.01,32,Sigmoid,300,0.25,0.245822102425876,0.9671261930010604,0.4679453999997349
8,0.01,32,Sigmoid,500,0.25,0.245822102425876,0.9671261930010604,0.4662748999980977
8,0.01,32,Sigmoid,1000,0.25,0.245822102425876,0.9671261930010604,0.4763292999996338
8,0.01,32,GELU,50,0.4567977494641582,0.5026691422350105,0.9700424178154824,1.1201869000069564
8,0.01,32,GELU,100,0.4567977494641582,0.5026691422350105,0.9700424178154824,1.1624536000017542
8,0.01,32,GELU,300,0.4567977494641582,0.5026691422350105,0.9700424178154824,1.1212289999966742
8,0.01,32,GELU,500,0.4567977494641582,0.5026691422350105,0.9700424178154824,1.0646774000051664
8,0.01,32,GELU,1000,0.4567977494641582,0.5026691422350105,0.9700424178154824,1.1723200999986148
8,0.01,32,Softmax,50,0.4567977494641582,0.5026691422350105,0.9700424178154824,1.1615091999992728
8,0.01,32,Softmax,100,0.4567977494641582,0.5026691422350105,0.9700424178154824,1.2248541999870213
8,0.01,32,Softmax,300,0.4567977494641582,0.5026691422350105,0.9700424178154824,1.2127338999998756
8,0.01,32,Softmax,500,0.4567977494641582,0.5026691422350105,0.9700424178154824,1.2350064999918686
8,0.01,32,Softmax,1000,0.4567977494641582,0.5026691422350105,0.9700424178154824,1.1729537999926831
8,0.01,64,ReLU,50,0.369453044375645,0.4201170653212372,0.9684517497348888,0.6646435000002384
8,0.01,64,ReLU,100,0.369453044375645,0.4201170653212372,0.9684517497348888,0.737805800003116
8,0.01,64,ReLU,300,0.369453044375645,0.4201170653212372,0.9684517497348888,0.7893330999941099
8,0.01,64,ReLU,500,0.369453044375645,0.4201170653212372,0.9684517497348888,0.6851891000114847
8,0.01,64,ReLU,1000,0.369453044375645,0.4201170653212372,0.9684517497348888,0.6845868999953382
8,0.01,64,Tanh,50,0.3826109391124871,0.4428448210315819,0.96898197242842,0.6458694000029936
8,0.01,64,Tanh,100,0.3826109391124871,0.4428448210315819,0.96898197242842,0.604835300007835
8,0.01,64,Tanh,300,0.3826109391124871,0.4428448210315819,0.96898197242842,0.6139987000060501
8,0.01,64,Tanh,500,0.3826109391124871,0.4428448210315819,0.96898197242842,0.6442201999889221
8,0.01,64,Tanh,1000,0.3826109391124871,0.4428448210315819,0.96898197242842,0.6820223000104306
8,0.01,64,Sigmoid,50,0.25,0.245822102425876,0.9671261930010604,0.2893209000030765
8,0.01,64,Sigmoid,100,0.25,0.245822102425876,0.9671261930010604,0.2874393999954918
8,0.01,64,Sigmoid,300,0.25,0.245822102425876,0.9671261930010604,0.2997427000082098
8,0.01,64,Sigmoid,500,0.25,0.245822102425876,0.9671261930010604,0.2774583999998867
8,0.01,64,Sigmoid,1000,0.25,0.245822102425876,0.9671261930010604,0.2878853000001982
8,0.01,64,GELU,50,0.369453044375645,0.4201170653212372,0.9684517497348888,0.6543118999979924
8,0.01,64,GELU,100,0.369453044375645,0.4201170653212372,0.9684517497348888,0.674694700006512
8,0.01,64,GELU,300,0.369453044375645,0.4201170653212372,0.9684517497348888,0.683880999989924
8,0.01,64,GELU,500,0.369453044375645,0.4201170653212372,0.9684517497348888,0.6565370999887818
8,0.01,64,GELU,1000,0.369453044375645,0.4201170653212372,0.9684517497348888,0.686234599997988
8,0.01,64,Softmax,50,0.369453044375645,0.4201170653212372,0.9684517497348888,0.7310156999883475
8,0.01,64,Softmax,100,0.369453044375645,0.4201170653212372,0.9684517497348888,0.6879232000064803
8,0.01,64,Softmax,300,0.369453044375645,0.4201170653212372,0.9684517497348888,0.7087239999964368
8,0.01,64,Softmax,500,0.369453044375645,0.4201170653212372,0.9684517497348888,0.6974518999923021
8,0.01,64,Softmax,1000,0.369453044375645,0.4201170653212372,0.9684517497348888,0.6450987999996869
8,0.01,128,ReLU,50,0.25,0.245822102425876,0.9671261930010604,0.1834685000067111
8,0.01,128,ReLU,100,0.25,0.245822102425876,0.9671261930010604,0.1953780000039842
8,0.01,128,ReLU,300,0.25,0.245822102425876,0.9671261930010604,0.1856389000022318
8,0.01,128,ReLU,500,0.25,0.245822102425876,0.9671261930010604,0.1946392999961972
8,0.01,128,ReLU,1000,0.25,0.245822102425876,0.9671261930010604,0.1937155000050552
8,0.01,128,Tanh,50,0.2927209851551957,0.312022749123964,0.967391304347826,0.3117447000113316
8,0.01,128,Tanh,100,0.2927209851551957,0.312022749123964,0.967391304347826,0.3293733000027714
8,0.01,128,Tanh,300,0.2927209851551957,0.312022749123964,0.967391304347826,0.3210042999999132
8,0.01,128,Tanh,500,0.2927209851551957,0.312022749123964,0.967391304347826,0.268652499988093
8,0.01,128,Tanh,1000,0.2927209851551957,0.312022749123964,0.967391304347826,0.28766820000601
8,0.01,128,Sigmoid,50,0.25,0.245822102425876,0.9671261930010604,0.1834673999983351
8,0.01,128,Sigmoid,100,0.25,0.245822102425876,0.9671261930010604,0.1741273999941768
8,0.01,128,Sigmoid,300,0.25,0.245822102425876,0.9671261930010604,0.1742961999989347
8,0.01,128,Sigmoid,500,0.25,0.245822102425876,0.9671261930010604,0.1842814000119688
8,0.01,128,Sigmoid,1000,0.25,0.245822102425876,0.9671261930010604,0.1745605999894905
8,0.01,128,GELU,50,0.25,0.245822102425876,0.9671261930010604,0.1848249000031501
8,0.01,128,GELU,100,0.25,0.245822102425876,0.9671261930010604,0.1942383000132395
8,0.01,128,GELU,300,0.25,0.245822102425876,0.9671261930010604,0.1840299000032246
8,0.01,128,GELU,500,0.25,0.245822102425876,0.9671261930010604,0.1838384000002406
8,0.01,128,GELU,1000,0.25,0.245822102425876,0.9671261930010604,0.1926608999929158
8,0.01,128,Softmax,50,0.25,0.245822102425876,0.9671261930010604,0.1932539999979781
8,0.01,128,Softmax,100,0.25,0.245822102425876,0.9671261930010604,0.1949796999979298
8,0.01,128,Softmax,300,0.25,0.245822102425876,0.9671261930010604,0.1846656999987317
8,0.01,128,Softmax,500,0.25,0.245822102425876,0.9671261930010604,0.1842433999991044
8,0.01,128,Softmax,1000,0.25,0.245822102425876,0.9671261930010604,0.2074872000084724
8,0.001,8,ReLU,50,0.2949806377510519,0.3269057366401415,0.9679215270413574,4.382589200002258
8,0.001,8,ReLU,100,0.2949806377510519,0.3269057366401415,0.9679215270413574,4.400152200003504
8,0.001,8,ReLU,300,0.2949806377510519,0.3269057366401415,0.9679215270413574,4.175327300006757
8,0.001,8,ReLU,500,0.2949806377510519,0.3269057366401415,0.9679215270413574,3.996972900000401
8,0.001,8,ReLU,1000,0.2949806377510519,0.3269057366401415,0.9679215270413574,3.9968595999962417
8,0.001,8,Tanh,50,0.2738328694331984,0.2882579326241459,0.9676564156945916,2.7456316000025254
8,0.001,8,Tanh,100,0.2738328694331984,0.2882579326241459,0.9676564156945916,2.755777600003057
8,0.001,8,Tanh,300,0.2738328694331984,0.2882579326241459,0.9676564156945916,2.608988799998769
8,0.001,8,Tanh,500,0.2738328694331984,0.2882579326241459,0.9676564156945916,2.779069000011077
8,0.001,8,Tanh,1000,0.2738328694331984,0.2882579326241459,0.9676564156945916,2.586917499997071
8,0.001,8,Sigmoid,50,0.25,0.245822102425876,0.9671261930010604,1.561993999988772
8,0.001,8,Sigmoid,100,0.25,0.245822102425876,0.9671261930010604,1.5159024000022328
8,0.001,8,Sigmoid,300,0.25,0.245822102425876,0.9671261930010604,1.5691147999896202
8,0.001,8,Sigmoid,500,0.25,0.245822102425876,0.9671261930010604,1.598787099996116
8,0.001,8,Sigmoid,1000,0.25,0.245822102425876,0.9671261930010604,1.6540507000026992
8,0.001,8,GELU,50,0.2949806377510519,0.3269057366401415,0.9679215270413574,3.9556437999999616
8,0.001,8,GELU,100,0.2949806377510519,0.3269057366401415,0.9679215270413574,4.087059800003772
8,0.001,8,GELU,300,0.2949806377510519,0.3269057366401415,0.9679215270413574,3.985582799999975
8,0.001,8,GELU,500,0.2949806377510519,0.3269057366401415,0.9679215270413574,4.227349100008723
8,0.001,8,GELU,1000,0.2949806377510519,0.3269057366401415,0.9679215270413574,3.967789699992864
8,0.001,8,Softmax,50,0.2949806377510519,0.3269057366401415,0.9679215270413574,4.089120100004948
8,0.001,8,Softmax,100,0.2949806377510519,0.3269057366401415,0.9679215270413574,3.9628529000037815
8,0.001,8,Softmax,300,0.2949806377510519,0.3269057366401415,0.9679215270413574,4.209626200012281
8,0.001,8,Softmax,500,0.2949806377510519,0.3269057366401415,0.9679215270413574,3.909214499988593
8,0.001,8,Softmax,1000,0.2949806377510519,0.3269057366401415,0.9679215270413574,3.799380500000552
8,0.001,16,ReLU,50,0.25,0.245822102425876,0.9671261930010604,0.8991709999972954
8,0.001,16,ReLU,100,0.25,0.245822102425876,0.9671261930010604,0.9573761000065132
8,0.001,16,ReLU,300,0.25,0.245822102425876,0.9671261930010604,0.8159043999912683
8,0.001,16,ReLU,500,0.25,0.245822102425876,0.9671261930010604,0.8542196000053082
8,0.001,16,ReLU,1000,0.25,0.245822102425876,0.9671261930010604,0.9391037999885156
8,0.001,16,Tanh,50,0.25,0.245822102425876,0.9671261930010604,0.9081028000073276
8,0.001,16,Tanh,100,0.25,0.245822102425876,0.9671261930010604,0.906415499994182
8,0.001,16,Tanh,300,0.25,0.245822102425876,0.9671261930010604,0.9594324999925448
8,0.001,16,Tanh,500,0.25,0.245822102425876,0.9671261930010604,0.8571650999947451
8,0.001,16,Tanh,1000,0.25,0.245822102425876,0.9671261930010604,0.8457312999962596
8,0.001,16,Sigmoid,50,0.25,0.245822102425876,0.9671261930010604,0.8675396999897202
8,0.001,16,Sigmoid,100,0.25,0.245822102425876,0.9671261930010604,0.8872118000144837
8,0.001,16,Sigmoid,300,0.25,0.245822102425876,0.9671261930010604,0.8476496999937808
8,0.001,16,Sigmoid,500,0.25,0.245822102425876,0.9671261930010604,0.8281923000031384
8,0.001,16,Sigmoid,1000,0.25,0.245822102425876,0.9671261930010604,0.8234745000081602
8,0.001,16,GELU,50,0.25,0.245822102425876,0.9671261930010604,0.8780731000006199
8,0.001,16,GELU,100,0.25,0.245822102425876,0.9671261930010604,0.845872000005329
8,0.001,16,GELU,300,0.25,0.245822102425876,0.9671261930010604,0.8251526999956695
8,0.001,16,GELU,500,0.25,0.245822102425876,0.9671261930010604,0.8456662999960827
8,0.001,16,GELU,1000,0.25,0.245822102425876,0.9671261930010604,0.8438890999968862
8,0.001,16,Softmax,50,0.25,0.245822102425876,0.9671261930010604,0.86114130000351
8,0.001,16,Softmax,100,0.25,0.245822102425876,0.9671261930010604,0.8323666000069352
8,0.001,16,Softmax,300,0.25,0.245822102425876,0.9671261930010604,0.8595992999908049
8,0.001,16,Softmax,500,0.25,0.245822102425876,0.9671261930010604,0.9106209999881684
8,0.001,16,Softmax,1000,0.25,0.245822102425876,0.9671261930010604,0.941956400012714
8,0.001,32,ReLU,50,0.25,0.245822102425876,0.9671261930010604,0.5207363000081386
8,0.001,32,ReLU,100,0.25,0.245822102425876,0.9671261930010604,0.5208549999952083
8,0.001,32,ReLU,300,0.25,0.245822102425876,0.9671261930010604,0.5844511000032071
8,0.001,32,ReLU,500,0.25,0.245822102425876,0.9671261930010604,0.4999723999935668
8,0.001,32,ReLU,1000,0.25,0.245822102425876,0.9671261930010604,0.4763496000086888
8,0.001,32,Tanh,50,0.2498629385964912,0.2457535723914801,0.9665959703075292,0.4987387000001035
8,0.001,32,Tanh,100,0.2498629385964912,0.2457535723914801,0.9665959703075292,0.5086391999939224
8,0.001,32,Tanh,300,0.2498629385964912,0.2457535723914801,0.9665959703075292,0.5305847999989055
8,0.001,32,Tanh,500,0.2498629385964912,0.2457535723914801,0.9665959703075292,0.4987922000000253
8,0.001,32,Tanh,1000,0.2498629385964912,0.2457535723914801,0.9665959703075292,0.508627000002889
8,0.001,32,Sigmoid,50,0.25,0.245822102425876,0.9671261930010604,0.4795863000035751
8,0.001,32,Sigmoid,100,0.25,0.245822102425876,0.9671261930010604,0.460017900011735
8,0.001,32,Sigmoid,300,0.25,0.245822102425876,0.9671261930010604,0.466755400004331
8,0.001,32,Sigmoid,500,0.25,0.245822102425876,0.9671261930010604,0.4777449000102933
8,0.001,32,Sigmoid,1000,0.25,0.245822102425876,0.9671261930010604,0.4891428999981144
8,0.001,32,GELU,50,0.25,0.245822102425876,0.9671261930010604,0.4880271000001812
8,0.001,32,GELU,100,0.25,0.245822102425876,0.9671261930010604,0.4961009000107879
8,0.001,32,GELU,300,0.25,0.245822102425876,0.9671261930010604,0.4460418999951798
8,0.001,32,GELU,500,0.25,0.245822102425876,0.9671261930010604,0.4759724000032292
8,0.001,32,GELU,1000,0.25,0.245822102425876,0.9671261930010604,0.4676592000032542
8,0.001,32,Softmax,50,0.25,0.245822102425876,0.9671261930010604,0.467479099999764
8,0.001,32,Softmax,100,0.25,0.245822102425876,0.9671261930010604,0.4894133000052534
8,0.001,32,Softmax,300,0.25,0.245822102425876,0.9671261930010604,0.4678077999997185
8,0.001,32,Softmax,500,0.25,0.245822102425876,0.9671261930010604,0.4579042999976082
8,0.001,32,Softmax,1000,0.25,0.245822102425876,0.9671261930010604,0.4549590999959036
8,0.001,64,ReLU,50,0.2495888157894736,0.2456164014027515,0.9655355249204666,0.2881038000050466
8,0.001,64,ReLU,100,0.2495888157894736,0.2456164014027515,0.9655355249204666,0.2994776999985333
8,0.001,64,ReLU,300,0.2495888157894736,0.2456164014027515,0.9655355249204666,0.2882282000064151
8,0.001,64,ReLU,500,0.2495888157894736,0.2456164014027515,0.9655355249204666,0.3209731999959331
8,0.001,64,ReLU,1000,0.2495888157894736,0.2456164014027515,0.9655355249204666,0.3650388999958522
8,0.001,64,Tanh,50,0.2492461622807017,0.2454447293831826,0.9642099681866384,0.3517663999955402
8,0.001,64,Tanh,100,0.2492461622807017,0.2454447293831826,0.9642099681866384,0.3328107999986969
8,0.001,64,Tanh,300,0.2492461622807017,0.2454447293831826,0.9642099681866384,0.3208134000014979
8,0.001,64,Tanh,500,0.2492461622807017,0.2454447293831826,0.9642099681866384,0.3453786000027321
8,0.001,64,Tanh,1000,0.2492461622807017,0.2454447293831826,0.9642099681866384,0.3322582000109833
8,0.001,64,Sigmoid,50,0.25,0.245822102425876,0.9671261930010604,0.2887641999986954
8,0.001,64,Sigmoid,100,0.25,0.245822102425876,0.9671261930010604,0.2890532999881543
8,0.001,64,Sigmoid,300,0.25,0.245822102425876,0.9671261930010604,0.3420268999907421
8,0.001,64,Sigmoid,500,0.25,0.245822102425876,0.9671261930010604,0.298572100000456
8,0.001,64,Sigmoid,1000,0.25,0.245822102425876,0.9671261930010604,0.2891331999999238
8,0.001,64,GELU,50,0.2495888157894736,0.2456164014027515,0.9655355249204666,0.3008546000055503
8,0.001,64,GELU,100,0.2495888157894736,0.2456164014027515,0.9655355249204666,0.2887112000025809
8,0.001,64,GELU,300,0.2495888157894736,0.2456164014027515,0.9655355249204666,0.3325569000007817
8,0.001,64,GELU,500,0.2495888157894736,0.2456164014027515,0.9655355249204666,0.2887623000133317
8,0.001,64,GELU,1000,0.2495888157894736,0.2456164014027515,0.9655355249204666,0.2785108999960357
8,0.001,64,Softmax,50,0.2495888157894736,0.2456164014027515,0.9655355249204666,0.2789617999951588
8,0.001,64,Softmax,100,0.2495888157894736,0.2456164014027515,0.9655355249204666,0.2898247999983141
8,0.001,64,Softmax,300,0.2495888157894736,0.2456164014027515,0.9655355249204666,0.2989833000028739
8,0.001,64,Softmax,500,0.2495888157894736,0.2456164014027515,0.9655355249204666,0.2895889999927021
8,0.001,64,Softmax,1000,0.2495888157894736,0.2456164014027515,0.9655355249204666,0.298747100008768
8,0.001,128,ReLU,50,0.2495888157894736,0.2456164014027515,0.9655355249204666,0.2245145999913802
8,0.001,128,ReLU,100,0.2495888157894736,0.2456164014027515,0.9655355249204666,0.2049325999978464
8,0.001,128,ReLU,300,0.2495888157894736,0.2456164014027515,0.9655355249204666,0.2136591999878874
8,0.001,128,ReLU,500,0.2495888157894736,0.2456164014027515,0.9655355249204666,0.1842543999955523
8,0.001,128,ReLU,1000,0.2495888157894736,0.2456164014027515,0.9655355249204666,0.204776500002481
8,0.001,128,Tanh,50,0.2492461622807017,0.2454447293831826,0.9642099681866384,0.2251999000000069
8,0.001,128,Tanh,100,0.2492461622807017,0.2454447293831826,0.9642099681866384,0.2366906000097515
8,0.001,128,Tanh,300,0.2492461622807017,0.2454447293831826,0.9642099681866384,0.2169896999985212
8,0.001,128,Tanh,500,0.2492461622807017,0.2454447293831826,0.9642099681866384,0.2158141999971121
8,0.001,128,Tanh,1000,0.2492461622807017,0.2454447293831826,0.9642099681866384,0.2158726000052411
8,0.001,128,Sigmoid,50,0.25,0.245822102425876,0.9671261930010604,0.1839115000038873
8,0.001,128,Sigmoid,100,0.25,0.245822102425876,0.9671261930010604,0.1747716999961994
8,0.001,128,Sigmoid,300,0.25,0.245822102425876,0.9671261930010604,0.1941210999939358
8,0.001,128,Sigmoid,500,0.25,0.245822102425876,0.9671261930010604,0.1929897999943932
8,0.001,128,Sigmoid,1000,0.25,0.245822102425876,0.9671261930010604,0.1887087000068277
8,0.001,128,GELU,50,0.2495888157894736,0.2456164014027515,0.9655355249204666,0.1863352999935159
8,0.001,128,GELU,100,0.2495888157894736,0.2456164014027515,0.9655355249204666,0.1944621000002371
8,0.001,128,GELU,300,0.2495888157894736,0.2456164014027515,0.9655355249204666,0.2086565000063274
8,0.001,128,GELU,500,0.2495888157894736,0.2456164014027515,0.9655355249204666,0.2049688000115566
8,0.001,128,GELU,1000,0.2495888157894736,0.2456164014027515,0.9655355249204666,0.2060136999934911
8,0.001,128,Softmax,50,0.2495888157894736,0.2456164014027515,0.9655355249204666,0.2057050000003073
8,0.001,128,Softmax,100,0.2495888157894736,0.2456164014027515,0.9655355249204666,0.2046723000094061
8,0.001,128,Softmax,300,0.2495888157894736,0.2456164014027515,0.9655355249204666,0.2061424999992596
8,0.001,128,Softmax,500,0.2495888157894736,0.2456164014027515,0.9655355249204666,0.194171399998595
8,0.001,128,Softmax,1000,0.2495888157894736,0.2456164014027515,0.9655355249204666,0.206934400004684
8,0.0001,8,ReLU,50,0.2497944078947368,0.2457192935148982,0.9663308589607637,1.7595572999998694
8,0.0001,8,ReLU,100,0.2497944078947368,0.2457192935148982,0.9663308589607637,1.7415500999923097
8,0.0001,8,ReLU,300,0.2497944078947368,0.2457192935148982,0.9663308589607637,1.777091299998574
8,0.0001,8,ReLU,500,0.2497944078947368,0.2457192935148982,0.9663308589607637,1.8658241000084672
8,0.0001,8,ReLU,1000,0.2497944078947368,0.2457192935148982,0.9663308589607637,1.7889297000074291
8,0.0001,8,Tanh,50,0.2494517543859649,0.2455477603885591,0.9650053022269351,1.8659116999915568
8,0.0001,8,Tanh,100,0.2494517543859649,0.2455477603885591,0.9650053022269351,1.849994899996091
8,0.0001,8,Tanh,300,0.2494517543859649,0.2455477603885591,0.9650053022269351,1.8856388999993212
8,0.0001,8,Tanh,500,0.2494517543859649,0.2455477603885591,0.9650053022269351,1.854019700011122
8,0.0001,8,Tanh,1000,0.2494517543859649,0.2455477603885591,0.9650053022269351,1.8560574000002816
8,0.0001,8,Sigmoid,50,0.25,0.245822102425876,0.9671261930010604,1.5387429999973392
8,0.0001,8,Sigmoid,100,0.25,0.245822102425876,0.9671261930010604,1.5890424999961397
8,0.0001,8,Sigmoid,300,0.25,0.245822102425876,0.9671261930010604,1.660270100008347
8,0.0001,8,Sigmoid,500,0.25,0.245822102425876,0.9671261930010604,1.6858535999926971
8,0.0001,8,Sigmoid,1000,0.25,0.245822102425876,0.9671261930010604,1.527108299997053
8,0.0001,8,GELU,50,0.2497944078947368,0.2457192935148982,0.9663308589607637,1.728275900008157
8,0.0001,8,GELU,100,0.2497944078947368,0.2457192935148982,0.9663308589607637,1.6442124000022886
8,0.0001,8,GELU,300,0.2497944078947368,0.2457192935148982,0.9663308589607637,1.7472911999939242
8,0.0001,8,GELU,500,0.2497944078947368,0.2457192935148982,0.9663308589607637,1.6899868000036804
8,0.0001,8,GELU,1000,0.2497944078947368,0.2457192935148982,0.9663308589607637,1.7003489000053378
8,0.0001,8,Softmax,50,0.2497944078947368,0.2457192935148982,0.9663308589607637,1.7078695000091102
8,0.0001,8,Softmax,100,0.2497944078947368,0.2457192935148982,0.9663308589607637,1.8636308999994071
8,0.0001,8,Softmax,300,0.2497944078947368,0.2457192935148982,0.9663308589607637,1.875151400003233
8,0.0001,8,Softmax,500,0.2497944078947368,0.2457192935148982,0.9663308589607637,1.7602597999939462
8,0.0001,8,Softmax,1000,0.2497944078947368,0.2457192935148982,0.9663308589607637,1.7222117000055732
8,0.0001,16,ReLU,50,0.2495202850877192,0.2455820855254283,0.9652704135737008,1.0138351000059629
8,0.0001,16,ReLU,100,0.2495202850877192,0.2455820855254283,0.9652704135737008,1.096338699993794
8,0.0001,16,ReLU,300,0.2495202850877192,0.2455820855254283,0.9652704135737008,1.0146117999975104
8,0.0001,16,ReLU,500,0.2495202850877192,0.2455820855254283,0.9652704135737008,0.9936907000083012
8,0.0001,16,ReLU,1000,0.2495202850877192,0.2455820855254283,0.9652704135737008,1.0238197000144282
8,0.0001,16,Tanh,50,0.2492461622807017,0.2454447293831826,0.9642099681866384,1.1510449999914272
8,0.0001,16,Tanh,100,0.2492461622807017,0.2454447293831826,0.9642099681866384,1.1271779000089737
8,0.0001,16,Tanh,300,0.2492461622807017,0.2454447293831826,0.9642099681866384,1.1700984000053722
8,0.0001,16,Tanh,500,0.2492461622807017,0.2454447293831826,0.9642099681866384,1.223391099993023
8,0.0001,16,Tanh,1000,0.2492461622807017,0.2454447293831826,0.9642099681866384,1.1929765999957451
8,0.0001,16,Sigmoid,50,0.25,0.245822102425876,0.9671261930010604,0.9736203999927966
8,0.0001,16,Sigmoid,100,0.25,0.245822102425876,0.9671261930010604,0.8980505000072299
8,0.0001,16,Sigmoid,300,0.25,0.245822102425876,0.9671261930010604,0.9183622999989892
8,0.0001,16,Sigmoid,500,0.25,0.245822102425876,0.9671261930010604,0.9087283999979264
8,0.0001,16,Sigmoid,1000,0.25,0.245822102425876,0.9671261930010604,0.8977091999986442
8,0.0001,16,GELU,50,0.2495202850877192,0.2455820855254283,0.9652704135737008,1.032364900005632
8,0.0001,16,GELU,100,0.2495202850877192,0.2455820855254283,0.9652704135737008,1.1414548000029754
8,0.0001,16,GELU,300,0.2495202850877192,0.2455820855254283,0.9652704135737008,1.0449360999919008
8,0.0001,16,GELU,500,0.2495202850877192,0.2455820855254283,0.9652704135737008,1.0772798999969382
8,0.0001,16,GELU,1000,0.2495202850877192,0.2455820855254283,0.9652704135737008,1.0012730000016743
8,0.0001,16,Softmax,50,0.2495202850877192,0.2455820855254283,0.9652704135737008,0.9932976999989478
8,0.0001,16,Softmax,100,0.2495202850877192,0.2455820855254283,0.9652704135737008,1.101315899999463
8,0.0001,16,Softmax,300,0.2495202850877192,0.2455820855254283,0.9652704135737008,1.1112775999936275
8,0.0001,16,Softmax,500,0.2495202850877192,0.2455820855254283,0.9652704135737008,1.129143500002101
8,0.0001,16,Softmax,1000,0.2495202850877192,0.2455820855254283,0.9652704135737008,1.0995181999896886
8,0.0001,32,ReLU,50,0.2493832236842105,0.2455134259883956,0.9647401908801696,0.6904806999955326
8,0.0001,32,ReLU,100,0.2493832236842105,0.2455134259883956,0.9647401908801696,0.8348346000129823
8,0.0001,32,ReLU,300,0.2493832236842105,0.2455134259883956,0.9647401908801696,0.68907589999435
8,0.0001,32,ReLU,500,0.2493832236842105,0.2455134259883956,0.9647401908801696,0.6879389999958221
8,0.0001,32,ReLU,1000,0.2493832236842105,0.2455134259883956,0.9647401908801696,0.6558707000076538
8,0.0001,32,Tanh,50,0.2491776315789473,0.2454103671706263,0.9639448568398729,0.761561499995878
8,0.0001,32,Tanh,100,0.2491776315789473,0.2454103671706263,0.9639448568398729,0.8199067000095965
8,0.0001,32,Tanh,300,0.2491776315789473,0.2454103671706263,0.9639448568398729,0.8021636999910697
8,0.0001,32,Tanh,500,0.2491776315789473,0.2454103671706263,0.9639448568398729,0.7720355000055861
8,0.0001,32,Tanh,1000,0.2491776315789473,0.2454103671706263,0.9639448568398729,0.8112641000043368
8,0.0001,32,Sigmoid,50,0.25,0.245822102425876,0.9671261930010604,0.5496971999964444
8,0.0001,32,Sigmoid,100,0.25,0.245822102425876,0.9671261930010604,0.5731648000073619
8,0.0001,32,Sigmoid,300,0.25,0.245822102425876,0.9671261930010604,0.5660692999954335
8,0.0001,32,Sigmoid,500,0.25,0.245822102425876,0.9671261930010604,0.5729119000025094
8,0.0001,32,Sigmoid,1000,0.25,0.245822102425876,0.9671261930010604,0.5831728000048315
8,0.0001,32,GELU,50,0.2493832236842105,0.2455134259883956,0.9647401908801696,0.634746499999892
8,0.0001,32,GELU,100,0.2493832236842105,0.2455134259883956,0.9647401908801696,0.6800858999922639
8,0.0001,32,GELU,300,0.2493832236842105,0.2455134259883956,0.9647401908801696,0.6472540999966441
8,0.0001,32,GELU,500,0.2493832236842105,0.2455134259883956,0.9647401908801696,0.6574912000069162
8,0.0001,32,GELU,1000,0.2493832236842105,0.2455134259883956,0.9647401908801696,0.6340710000076797
8,0.0001,32,Softmax,50,0.2493832236842105,0.2455134259883956,0.9647401908801696,0.6444756999990204
8,0.0001,32,Softmax,100,0.2493832236842105,0.2455134259883956,0.9647401908801696,0.7252337999962037
8,0.0001,32,Softmax,300,0.2493832236842105,0.2455134259883956,0.9647401908801696,0.6889700000028824
8,0.0001,32,Softmax,500,0.2493832236842105,0.2455134259883956,0.9647401908801696,0.6886025999992853
8,0.0001,32,Softmax,1000,0.2493832236842105,0.2455134259883956,0.9647401908801696,0.7113441999972565
8,0.0001,64,ReLU,50,0.2493146929824561,0.2454790823211876,0.964475079533404,0.5387961000087671
8,0.0001,64,ReLU,100,0.2493146929824561,0.2454790823211876,0.964475079533404,0.5445233000064036
8,0.0001,64,ReLU,300,0.2493146929824561,0.2454790823211876,0.964475079533404,0.5821412000077544
8,0.0001,64,ReLU,500,0.2493146929824561,0.2454790823211876,0.964475079533404,0.5088757000048645
8,0.0001,64,ReLU,1000,0.2493146929824561,0.2454790823211876,0.964475079533404,0.4989290999947116
8,0.0001,64,Tanh,50,0.2491091008771929,0.2453759956797624,0.9636797454931072,0.6359007999999449
8,0.0001,64,Tanh,100,0.2491091008771929,0.2453759956797624,0.9636797454931072,0.6345983000064734
8,0.0001,64,Tanh,300,0.2491091008771929,0.2453759956797624,0.9636797454931072,0.5824791000050027
8,0.0001,64,Tanh,500,0.2491091008771929,0.2453759956797624,0.9636797454931072,0.6444786000065506
8,0.0001,64,Tanh,1000,0.2491091008771929,0.2453759956797624,0.9636797454931072,0.5820266999944579
8,0.0001,64,Sigmoid,50,0.2498629385964912,0.2457535723914801,0.9665959703075292,0.3937084999924991
8,0.0001,64,Sigmoid,100,0.2498629385964912,0.2457535723914801,0.9665959703075292,0.393763800006127
8,0.0001,64,Sigmoid,300,0.2498629385964912,0.2457535723914801,0.9665959703075292,0.4045228000031784
8,0.0001,64,Sigmoid,500,0.2498629385964912,0.2457535723914801,0.9665959703075292,0.3837801999907242
8,0.0001,64,Sigmoid,1000,0.2498629385964912,0.2457535723914801,0.9665959703075292,0.4056989999953657
8,0.0001,64,GELU,50,0.2493146929824561,0.2454790823211876,0.964475079533404,0.4959926000010455
8,0.0001,64,GELU,100,0.2493146929824561,0.2454790823211876,0.964475079533404,0.5454159999935655
8,0.0001,64,GELU,300,0.2493146929824561,0.2454790823211876,0.964475079533404,0.5097596999985399
8,0.0001,64,GELU,500,0.2493146929824561,0.2454790823211876,0.964475079533404,0.488466899987543
8,0.0001,64,GELU,1000,0.2493146929824561,0.2454790823211876,0.964475079533404,0.4774733999947784
8,0.0001,64,Softmax,50,0.2493146929824561,0.2454790823211876,0.964475079533404,0.5085575999983121
8,0.0001,64,Softmax,100,0.2493146929824561,0.2454790823211876,0.964475079533404,0.4893601999938255
8,0.0001,64,Softmax,300,0.2493146929824561,0.2454790823211876,0.964475079533404,0.4888304000050993
8,0.0001,64,Softmax,500,0.2493146929824561,0.2454790823211876,0.964475079533404,0.489409700006945
8,0.0001,64,Softmax,1000,0.2493146929824561,0.2454790823211876,0.964475079533404,0.4804563000070629
8,0.0001,128,ReLU,50,0.2491776315789473,0.2454103671706263,0.9639448568398729,0.4259858000004897
8,0.0001,128,ReLU,100,0.2491776315789473,0.2454103671706263,0.9639448568398729,0.4657378999982029
8,0.0001,128,ReLU,300,0.2491776315789473,0.2454103671706263,0.9639448568398729,0.5101720999955432
8,0.0001,128,ReLU,500,0.2491776315789473,0.2454103671706263,0.9639448568398729,0.5415704000042751
8,0.0001,128,ReLU,1000,0.2491776315789473,0.2454103671706263,0.9639448568398729,0.4543148000084329
8,0.0001,128,Tanh,50,0.2490405701754386,0.2453416149068323,0.9634146341463414,0.5413636000012048
8,0.0001,128,Tanh,100,0.2490405701754386,0.2453416149068323,0.9634146341463414,0.5451745000027586
8,0.0001,128,Tanh,300,0.2490405701754386,0.2453416149068323,0.9634146341463414,0.5612446000013733
8,0.0001,128,Tanh,500,0.2490405701754386,0.2453416149068323,0.9634146341463414,0.4994446999917272
8,0.0001,128,Tanh,1000,0.2490405701754386,0.2453416149068323,0.9634146341463414,0.4991468000080203
8,0.0001,128,Sigmoid,50,0.2497944078947368,0.2457192935148982,0.9663308589607637,0.3189241999934893
8,0.0001,128,Sigmoid,100,0.2497944078947368,0.2457192935148982,0.9663308589607637,0.3423521999939112
8,0.0001,128,Sigmoid,300,0.2497944078947368,0.2457192935148982,0.9663308589607637,0.3393805000087013
8,0.0001,128,Sigmoid,500,0.2497944078947368,0.2457192935148982,0.9663308589607637,0.3392581999942194
8,0.0001,128,Sigmoid,1000,0.2497944078947368,0.2457192935148982,0.9663308589607637,0.3421915999933844
8,0.0001,128,GELU,50,0.2491776315789473,0.2454103671706263,0.9639448568398729,0.4475834999902872
8,0.0001,128,GELU,100,0.2491776315789473,0.2454103671706263,0.9639448568398729,0.4353950999939115
8,0.0001,128,GELU,300,0.2491776315789473,0.2454103671706263,0.9639448568398729,0.4578446999948937
8,0.0001,128,GELU,500,0.2491776315789473,0.2454103671706263,0.9639448568398729,0.4243365000002086
8,0.0001,128,GELU,1000,0.2491776315789473,0.2454103671706263,0.9639448568398729,0.4356635000003734
8,0.0001,128,Softmax,50,0.2491776315789473,0.2454103671706263,0.9639448568398729,0.4435788999981014
8,0.0001,128,Softmax,100,0.2491776315789473,0.2454103671706263,0.9639448568398729,0.4305869999952847
8,0.0001,128,Softmax,300,0.2491776315789473,0.2454103671706263,0.9639448568398729,0.4251780000049621
8,0.0001,128,Softmax,500,0.2491776315789473,0.2454103671706263,0.9639448568398729,0.4401225000037811
8,0.0001,128,Softmax,1000,0.2491776315789473,0.2454103671706263,0.9639448568398729,0.4473693000036292
8,0.00025,8,ReLU,50,0.25,0.245822102425876,0.9671261930010604,1.6238626999984265
8,0.00025,8,ReLU,100,0.25,0.245822102425876,0.9671261930010604,1.5615389000013238
8,0.00025,8,ReLU,300,0.25,0.245822102425876,0.9671261930010604,1.5197706999897491
8,0.00025,8,ReLU,500,0.25,0.245822102425876,0.9671261930010604,1.653256000005058
8,0.00025,8,ReLU,1000,0.25,0.245822102425876,0.9671261930010604,1.6963473000068916
8,0.00025,8,Tanh,50,0.2495202850877192,0.2455820855254283,0.9652704135737008,1.6867019000055734
8,0.00025,8,Tanh,100,0.2495202850877192,0.2455820855254283,0.9652704135737008,1.6010449000023073
8,0.00025,8,Tanh,300,0.2495202850877192,0.2455820855254283,0.9652704135737008,1.6195536000013817
8,0.00025,8,Tanh,500,0.2495202850877192,0.2455820855254283,0.9652704135737008,1.581691300001694
8,0.00025,8,Tanh,1000,0.2495202850877192,0.2455820855254283,0.9652704135737008,1.587724500001059
8,0.00025,8,Sigmoid,50,0.25,0.245822102425876,0.9671261930010604,1.5471330000000307
8,0.00025,8,Sigmoid,100,0.25,0.245822102425876,0.9671261930010604,1.5183628000086171
8,0.00025,8,Sigmoid,300,0.25,0.245822102425876,0.9671261930010604,1.5285098000022117
8,0.00025,8,Sigmoid,500,0.25,0.245822102425876,0.9671261930010604,1.667219599999953
8,0.00025,8,Sigmoid,1000,0.25,0.245822102425876,0.9671261930010604,1.6551943000085885
8,0.00025,8,GELU,50,0.25,0.245822102425876,0.9671261930010604,1.617930799999158
8,0.00025,8,GELU,100,0.25,0.245822102425876,0.9671261930010604,1.533579800001462
8,0.00025,8,GELU,300,0.25,0.245822102425876,0.9671261930010604,1.5613746000017272
8,0.00025,8,GELU,500,0.25,0.245822102425876,0.9671261930010604,1.5816133999906017
8,0.00025,8,GELU,1000,0.25,0.245822102425876,0.9671261930010604,1.5506612000026507
8,0.00025,8,Softmax,50,0.25,0.245822102425876,0.9671261930010604,1.614999600002193
8,0.00025,8,Softmax,100,0.25,0.245822102425876,0.9671261930010604,1.5917511000006923
8,0.00025,8,Softmax,300,0.25,0.245822102425876,0.9671261930010604,1.5487212000007275
8,0.00025,8,Softmax,500,0.25,0.245822102425876,0.9671261930010604,1.6390898000099696
8,0.00025,8,Softmax,1000,0.25,0.245822102425876,0.9671261930010604,1.6175663000030909
8,0.00025,16,ReLU,50,0.2495888157894736,0.2456164014027515,0.9655355249204666,0.9380176999984542
8,0.00025,16,ReLU,100,0.2495888157894736,0.2456164014027515,0.9655355249204666,0.992779200008954
8,0.00025,16,ReLU,300,0.2495888157894736,0.2456164014027515,0.9655355249204666,0.8763965999969514
8,0.00025,16,ReLU,500,0.2495888157894736,0.2456164014027515,0.9655355249204666,1.0177846000005957
8,0.00025,16,ReLU,1000,0.2495888157894736,0.2456164014027515,0.9655355249204666,0.9805392999987816
8,0.00025,16,Tanh,50,0.2495888157894736,0.2456164014027515,0.9655355249204666,0.9402044000016758
8,0.00025,16,Tanh,100,0.2495888157894736,0.2456164014027515,0.9655355249204666,0.9502604000008432
8,0.00025,16,Tanh,300,0.2495888157894736,0.2456164014027515,0.9655355249204666,0.9192038000037428
8,0.00025,16,Tanh,500,0.2495888157894736,0.2456164014027515,0.9655355249204666,0.98243590000493
8,0.00025,16,Tanh,1000,0.2495888157894736,0.2456164014027515,0.9655355249204666,0.927038800000446
8,0.00025,16,Sigmoid,50,0.25,0.245822102425876,0.9671261930010604,0.8127008999872487
8,0.00025,16,Sigmoid,100,0.25,0.245822102425876,0.9671261930010604,0.830830099992454
8,0.00025,16,Sigmoid,300,0.25,0.245822102425876,0.9671261930010604,0.8236566999985371
8,0.00025,16,Sigmoid,500,0.25,0.245822102425876,0.9671261930010604,0.8138968999992358
8,0.00025,16,Sigmoid,1000,0.25,0.245822102425876,0.9671261930010604,0.8766856000002008
8,0.00025,16,GELU,50,0.2495888157894736,0.2456164014027515,0.9655355249204666,0.9623097000003328
8,0.00025,16,GELU,100,0.2495888157894736,0.2456164014027515,0.9655355249204666,0.928762800002005
8,0.00025,16,GELU,300,0.2495888157894736,0.2456164014027515,0.9655355249204666,0.980657100008102
8,0.00025,16,GELU,500,0.2495888157894736,0.2456164014027515,0.9655355249204666,0.907857199999853
8,0.00025,16,GELU,1000,0.2495888157894736,0.2456164014027515,0.9655355249204666,0.8771679000055883
8,0.00025,16,Softmax,50,0.2495888157894736,0.2456164014027515,0.9655355249204666,0.8694585999910487
8,0.00025,16,Softmax,100,0.2495888157894736,0.2456164014027515,0.9655355249204666,0.8736109000019496
8,0.00025,16,Softmax,300,0.2495888157894736,0.2456164014027515,0.9655355249204666,0.8978246000042418
8,0.00025,16,Softmax,500,0.2495888157894736,0.2456164014027515,0.9655355249204666,0.8898584999988088
8,0.00025,16,Softmax,1000,0.2495888157894736,0.2456164014027515,0.9655355249204666,0.8776163000002271
8,0.00025,32,ReLU,50,0.2493832236842105,0.2455134259883956,0.9647401908801696,0.5367155999992974
8,0.00025,32,ReLU,100,0.2493832236842105,0.2455134259883956,0.9647401908801696,0.5522616000089329
8,0.00025,32,ReLU,300,0.2493832236842105,0.2455134259883956,0.9647401908801696,0.6036671999900136
8,0.00025,32,ReLU,500,0.2493832236842105,0.2455134259883956,0.9647401908801696,0.5371328000037465
8,0.00025,32,ReLU,1000,0.2493832236842105,0.2455134259883956,0.9647401908801696,0.520273600006476
8,0.00025,32,Tanh,50,0.2493146929824561,0.2454790823211876,0.964475079533404,0.5611487999995006
8,0.00025,32,Tanh,100,0.2493146929824561,0.2454790823211876,0.964475079533404,0.540596299993922
8,0.00025,32,Tanh,300,0.2493146929824561,0.2454790823211876,0.964475079533404,0.5822960999939824
8,0.00025,32,Tanh,500,0.2493146929824561,0.2454790823211876,0.964475079533404,0.568786200004979
8,0.00025,32,Tanh,1000,0.2493146929824561,0.2454790823211876,0.964475079533404,0.602491600002395
8,0.00025,32,Sigmoid,50,0.25,0.245822102425876,0.9671261930010604,0.4779883000010159
8,0.00025,32,Sigmoid,100,0.25,0.245822102425876,0.9671261930010604,0.5288626000110526
8,0.00025,32,Sigmoid,300,0.25,0.245822102425876,0.9671261930010604,0.5207754000002751
8,0.00025,32,Sigmoid,500,0.25,0.245822102425876,0.9671261930010604,0.5312421999988146
8,0.00025,32,Sigmoid,1000,0.25,0.245822102425876,0.9671261930010604,0.5057511999912094
8,0.00025,32,GELU,50,0.2493832236842105,0.2455134259883956,0.9647401908801696,0.5505983000039123
8,0.00025,32,GELU,100,0.2493832236842105,0.2455134259883956,0.9647401908801696,0.5730692000070121
8,0.00025,32,GELU,300,0.2493832236842105,0.2455134259883956,0.9647401908801696,0.5723522000043886
8,0.00025,32,GELU,500,0.2493832236842105,0.2455134259883956,0.9647401908801696,0.5107467999914661
8,0.00025,32,GELU,1000,0.2493832236842105,0.2455134259883956,0.9647401908801696,0.530105600002571
8,0.00025,32,Softmax,50,0.2493832236842105,0.2455134259883956,0.9647401908801696,0.5005096999957459
8,0.00025,32,Softmax,100,0.2493832236842105,0.2455134259883956,0.9647401908801696,0.5434530000056839
8,0.00025,32,Softmax,300,0.2493832236842105,0.2455134259883956,0.9647401908801696,0.5294226999976672
8,0.00025,32,Softmax,500,0.2493832236842105,0.2455134259883956,0.9647401908801696,0.5208139000023948
8,0.00025,32,Softmax,1000,0.2493832236842105,0.2455134259883956,0.9647401908801696,0.5211810000037076
8,0.00025,64,ReLU,50,0.2493832236842105,0.2455134259883956,0.9647401908801696,0.3621898999990662
8,0.00025,64,ReLU,100,0.2493832236842105,0.2455134259883956,0.9647401908801696,0.3530228000017814
8,0.00025,64,ReLU,300,0.2493832236842105,0.2455134259883956,0.9647401908801696,0.3744205999973928
8,0.00025,64,ReLU,500,0.2493832236842105,0.2455134259883956,0.9647401908801696,0.4261661999917123
8,0.00025,64,ReLU,1000,0.2493832236842105,0.2455134259883956,0.9647401908801696,0.3747367999894777
8,0.00025,64,Tanh,50,0.2492461622807017,0.2454447293831826,0.9642099681866384,0.4032405000034487
8,0.00025,64,Tanh,100,0.2492461622807017,0.2454447293831826,0.9642099681866384,0.4141406999988248
8,0.00025,64,Tanh,300,0.2492461622807017,0.2454447293831826,0.9642099681866384,0.4251096000079997
8,0.00025,64,Tanh,500,0.2492461622807017,0.2454447293831826,0.9642099681866384,0.4026580000063404
8,0.00025,64,Tanh,1000,0.2492461622807017,0.2454447293831826,0.9642099681866384,0.3923671999946236
8,0.00025,64,Sigmoid,50,0.25,0.245822102425876,0.9671261930010604,0.2885610999946948
8,0.00025,64,Sigmoid,100,0.25,0.245822102425876,0.9671261930010604,0.310722900001565
8,0.00025,64,Sigmoid,300,0.25,0.245822102425876,0.9671261930010604,0.3208279999962542
8,0.00025,64,Sigmoid,500,0.25,0.245822102425876,0.9671261930010604,0.3308510000060778
8,0.00025,64,Sigmoid,1000,0.25,0.245822102425876,0.9671261930010604,0.3097372000047471
8,0.00025,64,GELU,50,0.2493832236842105,0.2455134259883956,0.9647401908801696,0.3813438000070164
8,0.00025,64,GELU,100,0.2493832236842105,0.2455134259883956,0.9647401908801696,0.3613633000059053
8,0.00025,64,GELU,300,0.2493832236842105,0.2455134259883956,0.9647401908801696,0.351790799992159
8,0.00025,64,GELU,500,0.2493832236842105,0.2455134259883956,0.9647401908801696,0.3623484999989159
8,0.00025,64,GELU,1000,0.2493832236842105,0.2455134259883956,0.9647401908801696,0.3526712000020779
8,0.00025,64,Softmax,50,0.2493832236842105,0.2455134259883956,0.9647401908801696,0.3406640000030165
8,0.00025,64,Softmax,100,0.2493832236842105,0.2455134259883956,0.9647401908801696,0.3622662999987369
8,0.00025,64,Softmax,300,0.2493832236842105,0.2455134259883956,0.9647401908801696,0.3745295999979134
8,0.00025,64,Softmax,500,0.2493832236842105,0.2455134259883956,0.9647401908801696,0.3832274000014877
8,0.00025,64,Softmax,1000,0.2493832236842105,0.2455134259883956,0.9647401908801696,0.3840864000085275
8,0.00025,128,ReLU,50,0.2492461622807017,0.2454447293831826,0.9642099681866384,0.2999937999993562
8,0.00025,128,ReLU,100,0.2492461622807017,0.2454447293831826,0.9642099681866384,0.3004703000042354
8,0.00025,128,ReLU,300,0.2492461622807017,0.2454447293831826,0.9642099681866384,0.2885551000072155
8,0.00025,128,ReLU,500,0.2492461622807017,0.2454447293831826,0.9642099681866384,0.2995946999872103
8,0.00025,128,ReLU,1000,0.2492461622807017,0.2454447293831826,0.9642099681866384,0.331325499995728
8,0.00025,128,Tanh,50,0.2491091008771929,0.2453759956797624,0.9636797454931072,0.384571100003086
8,0.00025,128,Tanh,100,0.2491091008771929,0.2453759956797624,0.9636797454931072,0.3421403999964241
8,0.00025,128,Tanh,300,0.2491091008771929,0.2453759956797624,0.9636797454931072,0.3624457999976584
8,0.00025,128,Tanh,500,0.2491091008771929,0.2453759956797624,0.9636797454931072,0.3521776999987196
8,0.00025,128,Tanh,1000,0.2491091008771929,0.2453759956797624,0.9636797454931072,0.3178541000088444
8,0.00025,128,Sigmoid,50,0.25,0.245822102425876,0.9671261930010604,0.238650500003132
8,0.00025,128,Sigmoid,100,0.25,0.245822102425876,0.9671261930010604,0.2358224000054178
8,0.00025,128,Sigmoid,300,0.25,0.245822102425876,0.9671261930010604,0.2394695999973919
8,0.00025,128,Sigmoid,500,0.25,0.245822102425876,0.9671261930010604,0.2498541999957524
8,0.00025,128,Sigmoid,1000,0.25,0.245822102425876,0.9671261930010604,0.2363717999978689
8,0.00025,128,GELU,50,0.2492461622807017,0.2454447293831826,0.9642099681866384,0.2795162999973399
8,0.00025,128,GELU,100,0.2492461622807017,0.2454447293831826,0.9642099681866384,0.2793375000037486
8,0.00025,128,GELU,300,0.2492461622807017,0.2454447293831826,0.9642099681866384,0.2690838999988045
8,0.00025,128,GELU,500,0.2492461622807017,0.2454447293831826,0.9642099681866384,0.2777938999934122
8,0.00025,128,GELU,1000,0.2492461622807017,0.2454447293831826,0.9642099681866384,0.2672345000028144
8,0.00025,128,Softmax,50,0.2492461622807017,0.2454447293831826,0.9642099681866384,0.2770495000004302
8,0.00025,128,Softmax,100,0.2492461622807017,0.2454447293831826,0.9642099681866384,0.2867338999931235
8,0.00025,128,Softmax,300,0.2492461622807017,0.2454447293831826,0.9642099681866384,0.2979064999963157
8,0.00025,128,Softmax,500,0.2492461622807017,0.2454447293831826,0.9642099681866384,0.2683535000105621
8,0.00025,128,Softmax,1000,0.2492461622807017,0.2454447293831826,0.9642099681866384,0.288421900011599
16,0.01,8,ReLU,50,0.5959848451020084,0.6106441423028022,0.9724284199363732,3.380168200004846
16,0.01,8,ReLU,100,0.5959848451020084,0.6106441423028022,0.9724284199363732,3.285602800009656
16,0.01,8,ReLU,300,0.5959848451020084,0.6106441423028022,0.9724284199363732,3.346874300012132
16,0.01,8,ReLU,500,0.5959848451020084,0.6106441423028022,0.9724284199363732,3.352314600007958
16,0.01,8,ReLU,1000,0.5959848451020084,0.6106441423028022,0.9724284199363732,3.2369598999939626
16,0.01,8,Tanh,50,0.5268885324878939,0.5634349375725703,0.9713679745493108,4.376961500005564
16,0.01,8,Tanh,100,0.5268885324878939,0.5634349375725703,0.9713679745493108,4.483616099998471
16,0.01,8,Tanh,300,0.5268885324878939,0.5634349375725703,0.9713679745493108,4.838639000008698
16,0.01,8,Tanh,500,0.5268885324878939,0.5634349375725703,0.9713679745493108,4.337405199999921
16,0.01,8,Tanh,1000,0.5268885324878939,0.5634349375725703,0.9713679745493108,4.519783600000665
16,0.01,8,Sigmoid,50,0.4887346069500674,0.5577030080426819,0.9740190880169672,4.512611899990588
16,0.01,8,Sigmoid,100,0.4887346069500674,0.5577030080426819,0.9740190880169672,4.294006100011757
16,0.01,8,Sigmoid,300,0.4887346069500674,0.5577030080426819,0.9740190880169672,4.414646399993217
16,0.01,8,Sigmoid,500,0.4887346069500674,0.5577030080426819,0.9740190880169672,4.478764200001024
16,0.01,8,Sigmoid,1000,0.4887346069500674,0.5577030080426819,0.9740190880169672,4.451092000002973
16,0.01,8,GELU,50,0.5959848451020084,0.6106441423028022,0.9724284199363732,3.163566700008232
16,0.01,8,GELU,100,0.5959848451020084,0.6106441423028022,0.9724284199363732,3.166390300000785
16,0.01,8,GELU,300,0.5959848451020084,0.6106441423028022,0.9724284199363732,3.3635436999902595
16,0.01,8,GELU,500,0.5959848451020084,0.6106441423028022,0.9724284199363732,3.3820142000040505
16,0.01,8,GELU,1000,0.5959848451020084,0.6106441423028022,0.9724284199363732,3.2692099999985658
16,0.01,8,Softmax,50,0.5959848451020084,0.6106441423028022,0.9724284199363732,3.1983294999954524
16,0.01,8,Softmax,100,0.5959848451020084,0.6106441423028022,0.9724284199363732,3.106988300001831
16,0.01,8,Softmax,300,0.5959848451020084,0.6106441423028022,0.9724284199363732,3.1382665999990422
16,0.01,8,Softmax,500,0.5959848451020084,0.6106441423028022,0.9724284199363732,3.4102738999936264
16,0.01,8,Softmax,1000,0.5959848451020084,0.6106441423028022,0.9724284199363732,3.267886000001454
16,0.01,16,ReLU,50,0.4852271374136699,0.5371149550428922,0.9705726405090138,1.934651200004737
16,0.01,16,ReLU,100,0.4852271374136699,0.5371149550428922,0.9705726405090138,1.7358607999922242
16,0.01,16,ReLU,300,0.4852271374136699,0.5371149550428922,0.9705726405090138,1.698747500005993
16,0.01,16,ReLU,500,0.4852271374136699,0.5371149550428922,0.9705726405090138,1.72990249999566
16,0.01,16,ReLU,1000,0.4852271374136699,0.5371149550428922,0.9705726405090138,1.7156231999979354
16,0.01,16,Tanh,50,0.5006589490553306,0.5461358621002893,0.9697773064687168,2.4721564000064973
16,0.01,16,Tanh,100,0.5006589490553306,0.5461358621002893,0.9697773064687168,2.784042599989334
16,0.01,16,Tanh,300,0.5006589490553306,0.5461358621002893,0.9697773064687168,2.6006707000051392
16,0.01,16,Tanh,500,0.5006589490553306,0.5461358621002893,0.9697773064687168,2.5552559999923687
16,0.01,16,Tanh,1000,0.5006589490553306,0.5461358621002893,0.9697773064687168,2.5917914000019664
16,0.01,16,Sigmoid,50,0.5036153821346352,0.5530904691303519,0.9713679745493108,2.381457900002715
16,0.01,16,Sigmoid,100,0.5036153821346352,0.5530904691303519,0.9713679745493108,2.504259599998477
16,0.01,16,Sigmoid,300,0.5036153821346352,0.5530904691303519,0.9713679745493108,2.512427999987267
16,0.01,16,Sigmoid,500,0.5036153821346352,0.5530904691303519,0.9713679745493108,2.3388073000096483
16,0.01,16,Sigmoid,1000,0.5036153821346352,0.5530904691303519,0.9713679745493108,2.33910100000503
16,0.01,16,GELU,50,0.4852271374136699,0.5371149550428922,0.9705726405090138,1.7703978000063216
16,0.01,16,GELU,100,0.4852271374136699,0.5371149550428922,0.9705726405090138,1.6857402000023285
16,0.01,16,GELU,300,0.4852271374136699,0.5371149550428922,0.9705726405090138,1.7594644000055268
16,0.01,16,GELU,500,0.4852271374136699,0.5371149550428922,0.9705726405090138,1.748944000006304
16,0.01,16,GELU,1000,0.4852271374136699,0.5371149550428922,0.9705726405090138,1.7241271999955643
16,0.01,16,Softmax,50,0.4852271374136699,0.5371149550428922,0.9705726405090138,1.8156134999881035
16,0.01,16,Softmax,100,0.4852271374136699,0.5371149550428922,0.9705726405090138,1.7980389000003925
16,0.01,16,Softmax,300,0.4852271374136699,0.5371149550428922,0.9705726405090138,1.684616400001687
16,0.01,16,Softmax,500,0.4852271374136699,0.5371149550428922,0.9705726405090138,1.7458368000079645
16,0.01,16,Softmax,1000,0.4852271374136699,0.5371149550428922,0.9705726405090138,1.7785672000027262
16,0.01,32,ReLU,50,0.507440697685957,0.5429126831341161,0.971102863202545,0.9043839999940246
16,0.01,32,ReLU,100,0.507440697685957,0.5429126831341161,0.971102863202545,0.980168699999922
16,0.01,32,ReLU,300,0.507440697685957,0.5429126831341161,0.971102863202545,0.8749605000048177
16,0.01,32,ReLU,500,0.507440697685957,0.5429126831341161,0.971102863202545,0.9007936999987578
16,0.01,32,ReLU,1000,0.507440697685957,0.5429126831341161,0.971102863202545,0.8780477000109386
16,0.01,32,Tanh,50,0.4589116580336587,0.5212996310390303,0.9713679745493108,1.284419399991748
16,0.01,32,Tanh,100,0.4589116580336587,0.5212996310390303,0.9713679745493108,1.3292572000063956
16,0.01,32,Tanh,300,0.4589116580336587,0.5212996310390303,0.9713679745493108,1.3924525999900652
16,0.01,32,Tanh,500,0.4589116580336587,0.5212996310390303,0.9713679745493108,1.4021912000025625
16,0.01,32,Tanh,1000,0.4589116580336587,0.5212996310390303,0.9713679745493108,1.309705899999244
16,0.01,32,Sigmoid,50,0.3882496824640787,0.4576923821133491,0.971102863202545,1.222203700002865
16,0.01,32,Sigmoid,100,0.3882496824640787,0.4576923821133491,0.971102863202545,1.2439640999946278
16,0.01,32,Sigmoid,300,0.3882496824640787,0.4576923821133491,0.971102863202545,1.245912699989276
16,0.01,32,Sigmoid,500,0.3882496824640787,0.4576923821133491,0.971102863202545,1.2424076000024795
16,0.01,32,Sigmoid,1000,0.3882496824640787,0.4576923821133491,0.971102863202545,1.2220824000105497
16,0.01,32,GELU,50,0.507440697685957,0.5429126831341161,0.971102863202545,0.8553073999937624
16,0.01,32,GELU,100,0.507440697685957,0.5429126831341161,0.971102863202545,0.8350823999935528
16,0.01,32,GELU,300,0.507440697685957,0.5429126831341161,0.971102863202545,0.8683027000079164
16,0.01,32,GELU,500,0.507440697685957,0.5429126831341161,0.971102863202545,0.8447413999965647
16,0.01,32,GELU,1000,0.507440697685957,0.5429126831341161,0.971102863202545,0.875763799995184
16,0.01,32,Softmax,50,0.507440697685957,0.5429126831341161,0.971102863202545,0.8966286999930162
16,0.01,32,Softmax,100,0.507440697685957,0.5429126831341161,0.971102863202545,0.9598079999996116
16,0.01,32,Softmax,300,0.507440697685957,0.5429126831341161,0.971102863202545,0.9203449000051478
16,0.01,32,Softmax,500,0.507440697685957,0.5429126831341161,0.971102863202545,0.9506137999997007
16,0.01,32,Softmax,1000,0.507440697685957,0.5429126831341161,0.971102863202545,0.9087143000069772
16,0.01,64,ReLU,50,0.4729778171390013,0.5387844566118671,0.972693531283139,0.6146850000077393
16,0.01,64,ReLU,100,0.4729778171390013,0.5387844566118671,0.972693531283139,0.6081014999945182
16,0.01,64,ReLU,300,0.4729778171390013,0.5387844566118671,0.972693531283139,0.7071606999961659
16,0.01,64,ReLU,500,0.4729778171390013,0.5387844566118671,0.972693531283139,0.6122965999966254
16,0.01,64,ReLU,1000,0.4729778171390013,0.5387844566118671,0.972693531283139,0.6520343000011053
16,0.01,64,Tanh,50,0.3772971739303009,0.4239180555491206,0.96898197242842,0.6454965000011725
16,0.01,64,Tanh,100,0.3772971739303009,0.4239180555491206,0.96898197242842,0.6454060000105528
16,0.01,64,Tanh,300,0.3772971739303009,0.4239180555491206,0.96898197242842,0.6205716999975266
16,0.01,64,Tanh,500,0.3772971739303009,0.4239180555491206,0.96898197242842,0.6130318000068655
16,0.01,64,Tanh,1000,0.3772971739303009,0.4239180555491206,0.96898197242842,0.6367176000057952
16,0.01,64,Sigmoid,50,0.25,0.245822102425876,0.9671261930010604,0.2871157000045059
16,0.01,64,Sigmoid,100,0.25,0.245822102425876,0.9671261930010604,0.267210599995451
16,0.01,64,Sigmoid,300,0.25,0.245822102425876,0.9671261930010604,0.2776423999894177
16,0.01,64,Sigmoid,500,0.25,0.245822102425876,0.9671261930010604,0.2779160000063712
16,0.01,64,Sigmoid,1000,0.25,0.245822102425876,0.9671261930010604,0.2823472000018228
16,0.01,64,GELU,50,0.4729778171390013,0.5387844566118671,0.972693531283139,0.6577446000010241
16,0.01,64,GELU,100,0.4729778171390013,0.5387844566118671,0.972693531283139,0.6125878000020748
16,0.01,64,GELU,300,0.4729778171390013,0.5387844566118671,0.972693531283139,0.6146250000019791
16,0.01,64,GELU,500,0.4729778171390013,0.5387844566118671,0.972693531283139,0.6997433999931673
16,0.01,64,GELU,1000,0.4729778171390013,0.5387844566118671,0.972693531283139,0.6234603000048082
16,0.01,64,Softmax,50,0.4729778171390013,0.5387844566118671,0.972693531283139,0.6045836999983294
16,0.01,64,Softmax,100,0.4729778171390013,0.5387844566118671,0.972693531283139,0.6108512999926461
16,0.01,64,Softmax,300,0.4729778171390013,0.5387844566118671,0.972693531283139,0.6763890000001993
16,0.01,64,Softmax,500,0.4729778171390013,0.5387844566118671,0.972693531283139,0.6579931000014767
16,0.01,64,Softmax,1000,0.4729778171390013,0.5387844566118671,0.972693531283139,0.637692700009211
16,0.01,128,ReLU,50,0.3619487774867032,0.4175618244242556,0.9695121951219512,0.4961539000069024
16,0.01,128,ReLU,100,0.3619487774867032,0.4175618244242556,0.9695121951219512,0.4473711000027833
16,0.01,128,ReLU,300,0.3619487774867032,0.4175618244242556,0.9695121951219512,0.45703949999006
16,0.01,128,ReLU,500,0.3619487774867032,0.4175618244242556,0.9695121951219512,0.4463163999898825
16,0.01,128,ReLU,1000,0.3619487774867032,0.4175618244242556,0.9695121951219512,0.4134212000062689
16,0.01,128,Tanh,50,0.290527072418036,0.3132402724380034,0.967391304347826,0.3832573999970918
16,0.01,128,Tanh,100,0.290527072418036,0.3132402724380034,0.967391304347826,0.4250658999953884
16,0.01,128,Tanh,300,0.290527072418036,0.3132402724380034,0.967391304347826,0.3940528000093763
16,0.01,128,Tanh,500,0.290527072418036,0.3132402724380034,0.967391304347826,0.3820475999964401
16,0.01,128,Tanh,1000,0.290527072418036,0.3132402724380034,0.967391304347826,0.3915411999914795
16,0.01,128,Sigmoid,50,0.25,0.245822102425876,0.9671261930010604,0.1825859999953536
16,0.01,128,Sigmoid,100,0.25,0.245822102425876,0.9671261930010604,0.1840812000009464
16,0.01,128,Sigmoid,300,0.25,0.245822102425876,0.9671261930010604,0.1854018000012729
16,0.01,128,Sigmoid,500,0.25,0.245822102425876,0.9671261930010604,0.1844426000025123
16,0.01,128,Sigmoid,1000,0.25,0.245822102425876,0.9671261930010604,0.1842715000093449
16,0.01,128,GELU,50,0.3619487774867032,0.4175618244242556,0.9695121951219512,0.4600467999989632
16,0.01,128,GELU,100,0.3619487774867032,0.4175618244242556,0.9695121951219512,0.4675094999984139
16,0.01,128,GELU,300,0.3619487774867032,0.4175618244242556,0.9695121951219512,0.4538478000031318
16,0.01,128,GELU,500,0.3619487774867032,0.4175618244242556,0.9695121951219512,0.4129477999958908
16,0.01,128,GELU,1000,0.3619487774867032,0.4175618244242556,0.9695121951219512,0.4467757999955211
16,0.01,128,Softmax,50,0.3619487774867032,0.4175618244242556,0.9695121951219512,0.4262309000041568
16,0.01,128,Softmax,100,0.3619487774867032,0.4175618244242556,0.9695121951219512,0.4231246999988798
16,0.01,128,Softmax,300,0.3619487774867032,0.4175618244242556,0.9695121951219512,0.4550569999992149
16,0.01,128,Softmax,500,0.3619487774867032,0.4175618244242556,0.9695121951219512,0.4461481000034837
16,0.01,128,Softmax,1000,0.3619487774867032,0.4175618244242556,0.9695121951219512,0.4357765000022482
16,0.001,8,ReLU,50,0.3509847954870208,0.4005078610352223,0.96898197242842,4.777568400008022
16,0.001,8,ReLU,100,0.3509847954870208,0.4005078610352223,0.96898197242842,4.747600200003944
16,0.001,8,ReLU,300,0.3509847954870208,0.4005078610352223,0.96898197242842,4.578720400008024
16,0.001,8,ReLU,500,0.3509847954870208,0.4005078610352223,0.96898197242842,4.551503599999705
16,0.001,8,ReLU,1000,0.3509847954870208,0.4005078610352223,0.96898197242842,4.672372899993206
16,0.001,8,Tanh,50,0.3071527447011193,0.3370880556293562,0.9668610816542949,3.662570999993477
16,0.001,8,Tanh,100,0.3071527447011193,0.3370880556293562,0.9668610816542949,3.562063400007901
16,0.001,8,Tanh,300,0.3071527447011193,0.3370880556293562,0.9668610816542949,3.678231300000334
16,0.001,8,Tanh,500,0.3071527447011193,0.3370880556293562,0.9668610816542949,3.56335389999731
16,0.001,8,Tanh,1000,0.3071527447011193,0.3370880556293562,0.9668610816542949,3.654098700004397
16,0.001,8,Sigmoid,50,0.25,0.245822102425876,0.9671261930010604,1.5195707000093537
16,0.001,8,Sigmoid,100,0.25,0.245822102425876,0.9671261930010604,1.548761199999717
16,0.001,8,Sigmoid,300,0.25,0.245822102425876,0.9671261930010604,1.538895500008948
16,0.001,8,Sigmoid,500,0.25,0.245822102425876,0.9671261930010604,1.5379775000037623
16,0.001,8,Sigmoid,1000,0.25,0.245822102425876,0.9671261930010604,1.5044418000034057
16,0.001,8,GELU,50,0.3509847954870208,0.4005078610352223,0.96898197242842,4.552014999993844
16,0.001,8,GELU,100,0.3509847954870208,0.4005078610352223,0.96898197242842,4.72510450000118
16,0.001,8,GELU,300,0.3509847954870208,0.4005078610352223,0.96898197242842,4.609531299996888
16,0.001,8,GELU,500,0.3509847954870208,0.4005078610352223,0.96898197242842,4.666510399998515
16,0.001,8,GELU,1000,0.3509847954870208,0.4005078610352223,0.96898197242842,4.679080899994005
16,0.001,8,Softmax,50,0.3509847954870208,0.4005078610352223,0.96898197242842,4.509248899994418
16,0.001,8,Softmax,100,0.3509847954870208,0.4005078610352223,0.96898197242842,4.506068600006984
16,0.001,8,Softmax,300,0.3509847954870208,0.4005078610352223,0.96898197242842,4.562399899994489
16,0.001,8,Softmax,500,0.3509847954870208,0.4005078610352223,0.96898197242842,4.733502799994312
16,0.001,8,Softmax,1000,0.3509847954870208,0.4005078610352223,0.96898197242842,4.620147500012536
16,0.001,16,ReLU,50,0.2567361648606811,0.2569101950680898,0.9650053022269351,0.8350326999934623
16,0.001,16,ReLU,100,0.2567361648606811,0.2569101950680898,0.9650053022269351,0.9277991999988444
16,0.001,16,ReLU,300,0.2567361648606811,0.2569101950680898,0.9650053022269351,0.8892936000047484
16,0.001,16,ReLU,500,0.2567361648606811,0.2569101950680898,0.9650053022269351,0.8722081000014441
16,0.001,16,ReLU,1000,0.2567361648606811,0.2569101950680898,0.9650053022269351,0.8568129000050249
16,0.001,16,Tanh,50,0.2547391616059379,0.2550802352635731,0.9671261930010604,1.4552916000102414
16,0.001,16,Tanh,100,0.2547391616059379,0.2550802352635731,0.9671261930010604,1.3802241999947
16,0.001,16,Tanh,300,0.2547391616059379,0.2550802352635731,0.9671261930010604,1.4296954999881564
16,0.001,16,Tanh,500,0.2547391616059379,0.2550802352635731,0.9671261930010604,1.369957599992631
16,0.001,16,Tanh,1000,0.2547391616059379,0.2550802352635731,0.9671261930010604,1.3996539999934612
16,0.001,16,Sigmoid,50,0.25,0.245822102425876,0.9671261930010604,0.7928527999902144
16,0.001,16,Sigmoid,100,0.25,0.245822102425876,0.9671261930010604,0.82466050000221
16,0.001,16,Sigmoid,300,0.25,0.245822102425876,0.9671261930010604,0.8042811999912374
16,0.001,16,Sigmoid,500,0.25,0.245822102425876,0.9671261930010604,0.8119650000007823
16,0.001,16,Sigmoid,1000,0.25,0.245822102425876,0.9671261930010604,0.8606322999985423
16,0.001,16,GELU,50,0.2567361648606811,0.2569101950680898,0.9650053022269351,0.8668805000052089
16,0.001,16,GELU,100,0.2567361648606811,0.2569101950680898,0.9650053022269351,0.8353639999986626
16,0.001,16,GELU,300,0.2567361648606811,0.2569101950680898,0.9650053022269351,0.8645621000032406
16,0.001,16,GELU,500,0.2567361648606811,0.2569101950680898,0.9650053022269351,0.8560739000095055
16,0.001,16,GELU,1000,0.2567361648606811,0.2569101950680898,0.9650053022269351,0.866351400007261
16,0.001,16,Softmax,50,0.2567361648606811,0.2569101950680898,0.9650053022269351,0.9265063000057124
16,0.001,16,Softmax,100,0.2567361648606811,0.2569101950680898,0.9650053022269351,0.9505779000028268
16,0.001,16,Softmax,300,0.2567361648606811,0.2569101950680898,0.9650053022269351,0.9283825000020444
16,0.001,16,Softmax,500,0.2567361648606811,0.2569101950680898,0.9650053022269351,0.939028299995698
16,0.001,16,Softmax,1000,0.2567361648606811,0.2569101950680898,0.9650053022269351,0.9572451999993064
16,0.001,32,ReLU,50,0.2569417569659442,0.2578446565525955,0.9658006362672322,0.540034799996647
16,0.001,32,ReLU,100,0.2569417569659442,0.2578446565525955,0.9658006362672322,0.541374899999937
16,0.001,32,ReLU,300,0.2569417569659442,0.2578446565525955,0.9658006362672322,0.6173817999952007
16,0.001,32,ReLU,500,0.2569417569659442,0.2578446565525955,0.9658006362672322,0.5515005000052042
16,0.001,32,ReLU,1000,0.2569417569659442,0.2578446565525955,0.9658006362672322,0.5624648999946658
16,0.001,32,Tanh,50,0.2498629385964912,0.2457535723914801,0.9665959703075292,0.5407860999985132
16,0.001,32,Tanh,100,0.2498629385964912,0.2457535723914801,0.9665959703075292,0.5310797000129241
16,0.001,32,Tanh,300,0.2498629385964912,0.2457535723914801,0.9665959703075292,0.5622365999879548
16,0.001,32,Tanh,500,0.2498629385964912,0.2457535723914801,0.9665959703075292,0.5303478999994695
16,0.001,32,Tanh,1000,0.2498629385964912,0.2457535723914801,0.9665959703075292,0.5203407000080915
16,0.001,32,Sigmoid,50,0.25,0.245822102425876,0.9671261930010604,0.4689901000092504
16,0.001,32,Sigmoid,100,0.25,0.245822102425876,0.9671261930010604,0.4650753000023542
16,0.001,32,Sigmoid,300,0.25,0.245822102425876,0.9671261930010604,0.4480148000002373
16,0.001,32,Sigmoid,500,0.25,0.245822102425876,0.9671261930010604,0.4569556999922497
16,0.001,32,Sigmoid,1000,0.25,0.245822102425876,0.9671261930010604,0.4591827999975066
16,0.001,32,GELU,50,0.2569417569659442,0.2578446565525955,0.9658006362672322,0.5189298000041163
16,0.001,32,GELU,100,0.2569417569659442,0.2578446565525955,0.9658006362672322,0.5293614999973215
16,0.001,32,GELU,300,0.2569417569659442,0.2578446565525955,0.9658006362672322,0.5284165000048233
16,0.001,32,GELU,500,0.2569417569659442,0.2578446565525955,0.9658006362672322,0.5814170000085142
16,0.001,32,GELU,1000,0.2569417569659442,0.2578446565525955,0.9658006362672322,0.5186860999965575
16,0.001,32,Softmax,50,0.2569417569659442,0.2578446565525955,0.9658006362672322,0.5100612999958685
16,0.001,32,Softmax,100,0.2569417569659442,0.2578446565525955,0.9658006362672322,0.541991300007794
16,0.001,32,Softmax,300,0.2569417569659442,0.2578446565525955,0.9658006362672322,0.5404413999931421
16,0.001,32,Softmax,500,0.2569417569659442,0.2578446565525955,0.9658006362672322,0.573222099992563
16,0.001,32,Softmax,1000,0.2569417569659442,0.2578446565525955,0.9658006362672322,0.5839570999960415
16,0.001,64,ReLU,50,0.2565991034571723,0.2563474269884496,0.964475079533404,0.362444600003073
16,0.001,64,ReLU,100,0.2565991034571723,0.2563474269884496,0.964475079533404,0.3515439000038896
16,0.001,64,ReLU,300,0.2565991034571723,0.2563474269884496,0.964475079533404,0.3983837999985553
16,0.001,64,ReLU,500,0.2565991034571723,0.2563474269884496,0.964475079533404,0.4477075000031618
16,0.001,64,ReLU,1000,0.2565991034571723,0.2563474269884496,0.964475079533404,0.4150128000037512
16,0.001,64,Tanh,50,0.2495202850877192,0.2455820855254283,0.9652704135737008,0.3754734000103781
16,0.001,64,Tanh,100,0.2495202850877192,0.2455820855254283,0.9652704135737008,0.3640321999992011
16,0.001,64,Tanh,300,0.2495202850877192,0.2455820855254283,0.9652704135737008,0.3834768000087933
16,0.001,64,Tanh,500,0.2495202850877192,0.2455820855254283,0.9652704135737008,0.362631700001657
16,0.001,64,Tanh,1000,0.2495202850877192,0.2455820855254283,0.9652704135737008,0.3732614000036847
16,0.001,64,Sigmoid,50,0.25,0.245822102425876,0.9671261930010604,0.2788997000025119
16,0.001,64,Sigmoid,100,0.25,0.245822102425876,0.9671261930010604,0.275607299990952
16,0.001,64,Sigmoid,300,0.25,0.245822102425876,0.9671261930010604,0.2888108999904943
16,0.001,64,Sigmoid,500,0.25,0.245822102425876,0.9671261930010604,0.2675589999998919
16,0.001,64,Sigmoid,1000,0.25,0.245822102425876,0.9671261930010604,0.2892079000012018
16,0.001,64,GELU,50,0.2565991034571723,0.2563474269884496,0.964475079533404,0.3627506000048015
16,0.001,64,GELU,100,0.2565991034571723,0.2563474269884496,0.964475079533404,0.3316742000024533
16,0.001,64,GELU,300,0.2565991034571723,0.2563474269884496,0.964475079533404,0.3414057999907527
16,0.001,64,GELU,500,0.2565991034571723,0.2563474269884496,0.964475079533404,0.3316110000014305
16,0.001,64,GELU,1000,0.2565991034571723,0.2563474269884496,0.964475079533404,0.3524757999985013
16,0.001,64,Softmax,50,0.2565991034571723,0.2563474269884496,0.964475079533404,0.3635976999939885
16,0.001,64,Softmax,100,0.2565991034571723,0.2563474269884496,0.964475079533404,0.3514003000018419
16,0.001,64,Softmax,300,0.2565991034571723,0.2563474269884496,0.964475079533404,0.3405810000112979
16,0.001,64,Softmax,500,0.2565991034571723,0.2563474269884496,0.964475079533404,0.3391384999995352
16,0.001,64,Softmax,1000,0.2565991034571723,0.2563474269884496,0.964475079533404,0.3620829999999841
16,0.001,128,ReLU,50,0.2567361648606811,0.2569101950680898,0.9650053022269351,0.2686647000082303
16,0.001,128,ReLU,100,0.2567361648606811,0.2569101950680898,0.9650053022269351,0.2572957000083988
16,0.001,128,ReLU,300,0.2567361648606811,0.2569101950680898,0.9650053022269351,0.2802251999964937
16,0.001,128,ReLU,500,0.2567361648606811,0.2569101950680898,0.9650053022269351,0.2932219000067562
16,0.001,128,ReLU,1000,0.2567361648606811,0.2569101950680898,0.9650053022269351,0.3088699999934761
16,0.001,128,Tanh,50,0.2493146929824561,0.2454790823211876,0.964475079533404,0.3206632000074023
16,0.001,128,Tanh,100,0.2493146929824561,0.2454790823211876,0.964475079533404,0.3097252000006847
16,0.001,128,Tanh,300,0.2493146929824561,0.2454790823211876,0.964475079533404,0.2808531999908155
16,0.001,128,Tanh,500,0.2493146929824561,0.2454790823211876,0.964475079533404,0.2885280999907991
16,0.001,128,Tanh,1000,0.2493146929824561,0.2454790823211876,0.964475079533404,0.2991509999992559
16,0.001,128,Sigmoid,50,0.25,0.245822102425876,0.9671261930010604,0.1849939000094309
16,0.001,128,Sigmoid,100,0.25,0.245822102425876,0.9671261930010604,0.1828920999978436
16,0.001,128,Sigmoid,300,0.25,0.245822102425876,0.9671261930010604,0.1939067000057548
16,0.001,128,Sigmoid,500,0.25,0.245822102425876,0.9671261930010604,0.1950156999955652
16,0.001,128,Sigmoid,1000,0.25,0.245822102425876,0.9671261930010604,0.1937540000071749
16,0.001,128,GELU,50,0.2567361648606811,0.2569101950680898,0.9650053022269351,0.2677175999997416
16,0.001,128,GELU,100,0.2567361648606811,0.2569101950680898,0.9650053022269351,0.2588134000106947
16,0.001,128,GELU,300,0.2567361648606811,0.2569101950680898,0.9650053022269351,0.2688921999942977
16,0.001,128,GELU,500,0.2567361648606811,0.2569101950680898,0.9650053022269351,0.2871592000010423
16,0.001,128,GELU,1000,0.2567361648606811,0.2569101950680898,0.9650053022269351,0.2450323999946704
16,0.001,128,Softmax,50,0.2567361648606811,0.2569101950680898,0.9650053022269351,0.2780280999868409
16,0.001,128,Softmax,100,0.2567361648606811,0.2569101950680898,0.9650053022269351,0.2661717000009957
16,0.001,128,Softmax,300,0.2567361648606811,0.2569101950680898,0.9650053022269351,0.2786306999914814
16,0.001,128,Softmax,500,0.2567361648606811,0.2569101950680898,0.9650053022269351,0.2878376000007847
16,0.001,128,Softmax,1000,0.2567361648606811,0.2569101950680898,0.9650053022269351,0.288746699996409
16,0.0001,8,ReLU,50,0.271579108617131,0.279048004678994,0.966065747613998,2.4790079000085825
16,0.0001,8,ReLU,100,0.271579108617131,0.279048004678994,0.966065747613998,2.1912071999977343
16,0.0001,8,ReLU,300,0.271579108617131,0.279048004678994,0.966065747613998,2.146702500001993
16,0.0001,8,ReLU,500,0.271579108617131,0.279048004678994,0.966065747613998,2.1358573000034085
16,0.0001,8,ReLU,1000,0.271579108617131,0.279048004678994,0.966065747613998,2.2014242000004742
16,0.0001,8,Tanh,50,0.2497258771929824,0.2456850053937432,0.966065747613998,2.2572655999974813
16,0.0001,8,Tanh,100,0.2497258771929824,0.2456850053937432,0.966065747613998,2.274145799994585
16,0.0001,8,Tanh,300,0.2497258771929824,0.2456850053937432,0.966065747613998,2.420866799991927
16,0.0001,8,Tanh,500,0.2497258771929824,0.2456850053937432,0.966065747613998,2.274371000006795
16,0.0001,8,Tanh,1000,0.2497258771929824,0.2456850053937432,0.966065747613998,2.214120799995726
16,0.0001,8,Sigmoid,50,0.25,0.245822102425876,0.9671261930010604,1.5861425000039162
16,0.0001,8,Sigmoid,100,0.25,0.245822102425876,0.9671261930010604,1.7238101999973878
16,0.0001,8,Sigmoid,300,0.25,0.245822102425876,0.9671261930010604,1.52815310000733
16,0.0001,8,Sigmoid,500,0.25,0.245822102425876,0.9671261930010604,1.5346144000068307
16,0.0001,8,Sigmoid,1000,0.25,0.245822102425876,0.9671261930010604,1.5570806999894558
16,0.0001,8,GELU,50,0.271579108617131,0.279048004678994,0.966065747613998,2.303832900011912
16,0.0001,8,GELU,100,0.271579108617131,0.279048004678994,0.966065747613998,2.298902199996519
16,0.0001,8,GELU,300,0.271579108617131,0.279048004678994,0.966065747613998,2.140121500007808
16,0.0001,8,GELU,500,0.271579108617131,0.279048004678994,0.966065747613998,2.1660289999999804
16,0.0001,8,GELU,1000,0.271579108617131,0.279048004678994,0.966065747613998,2.125590100011322
16,0.0001,8,Softmax,50,0.271579108617131,0.279048004678994,0.966065747613998,2.159075000003213
16,0.0001,8,Softmax,100,0.271579108617131,0.279048004678994,0.966065747613998,2.180363200008287
16,0.0001,8,Softmax,300,0.271579108617131,0.279048004678994,0.966065747613998,2.265598800004227
16,0.0001,8,Softmax,500,0.271579108617131,0.279048004678994,0.966065747613998,2.346607200001017
16,0.0001,8,Softmax,1000,0.271579108617131,0.279048004678994,0.966065747613998,2.1735999999946216
16,0.0001,16,ReLU,50,0.2641576367389061,0.268341307814992,0.9655355249204666,1.5881053000048269
16,0.0001,16,ReLU,100,0.2641576367389061,0.268341307814992,0.9655355249204666,1.547556400008034
16,0.0001,16,ReLU,300,0.2641576367389061,0.268341307814992,0.9655355249204666,1.613744999995106
16,0.0001,16,ReLU,500,0.2641576367389061,0.268341307814992,0.9655355249204666,1.581171900004847
16,0.0001,16,ReLU,1000,0.2641576367389061,0.268341307814992,0.9655355249204666,1.4809404000116049
16,0.0001,16,Tanh,50,0.249657346491228,0.2456507080242751,0.9658006362672322,1.6346303000027549
16,0.0001,16,Tanh,100,0.249657346491228,0.2456507080242751,0.9658006362672322,1.685311500012176
16,0.0001,16,Tanh,300,0.249657346491228,0.2456507080242751,0.9658006362672322,1.6647109000041382
16,0.0001,16,Tanh,500,0.249657346491228,0.2456507080242751,0.9658006362672322,1.7296757000003709
16,0.0001,16,Tanh,1000,0.249657346491228,0.2456507080242751,0.9658006362672322,1.580993399998988
16,0.0001,16,Sigmoid,50,0.25,0.245822102425876,0.9671261930010604,0.8221684000018286
16,0.0001,16,Sigmoid,100,0.25,0.245822102425876,0.9671261930010604,0.8433346999954665
16,0.0001,16,Sigmoid,300,0.25,0.245822102425876,0.9671261930010604,0.8035728000104427
16,0.0001,16,Sigmoid,500,0.25,0.245822102425876,0.9671261930010604,0.8556394999905024
16,0.0001,16,Sigmoid,1000,0.25,0.245822102425876,0.9671261930010604,0.804452999989735
16,0.0001,16,GELU,50,0.2641576367389061,0.268341307814992,0.9655355249204666,1.5400281000038376
16,0.0001,16,GELU,100,0.2641576367389061,0.268341307814992,0.9655355249204666,1.5098824000015156
16,0.0001,16,GELU,300,0.2641576367389061,0.268341307814992,0.9655355249204666,1.4751200999889988
16,0.0001,16,GELU,500,0.2641576367389061,0.268341307814992,0.9655355249204666,1.4761555000004591
16,0.0001,16,GELU,1000,0.2641576367389061,0.268341307814992,0.9655355249204666,1.5459042000002228
16,0.0001,16,Softmax,50,0.2641576367389061,0.268341307814992,0.9655355249204666,1.5581537000107346
16,0.0001,16,Softmax,100,0.2641576367389061,0.268341307814992,0.9655355249204666,1.5225704999902518
16,0.0001,16,Softmax,300,0.2641576367389061,0.268341307814992,0.9655355249204666,1.4456990999897243
16,0.0001,16,Softmax,500,0.2641576367389061,0.268341307814992,0.9655355249204666,1.4762572999898111
16,0.0001,16,Softmax,1000,0.2641576367389061,0.268341307814992,0.9655355249204666,1.4730277999915415
16,0.0001,32,ReLU,50,0.2640205753353973,0.2672844868062728,0.9650053022269351,1.1492361999989953
16,0.0001,32,ReLU,100,0.2640205753353973,0.2672844868062728,0.9650053022269351,1.2442511999979615
16,0.0001,32,ReLU,300,0.2640205753353973,0.2672844868062728,0.9650053022269351,1.202407599994331
16,0.0001,32,ReLU,500,0.2640205753353973,0.2672844868062728,0.9650053022269351,1.135805599988089
16,0.0001,32,ReLU,1000,0.2640205753353973,0.2672844868062728,0.9650053022269351,1.1287365999887695
16,0.0001,32,Tanh,50,0.2495202850877192,0.2455820855254283,0.9652704135737008,1.3298700000013923
16,0.0001,32,Tanh,100,0.2495202850877192,0.2455820855254283,0.9652704135737008,1.3501644999923883
16,0.0001,32,Tanh,300,0.2495202850877192,0.2455820855254283,0.9652704135737008,1.3911703000048874
16,0.0001,32,Tanh,500,0.2495202850877192,0.2455820855254283,0.9652704135737008,1.2974920999986352
16,0.0001,32,Tanh,1000,0.2495202850877192,0.2455820855254283,0.9652704135737008,1.294990300011705
16,0.0001,32,Sigmoid,50,0.25,0.245822102425876,0.9671261930010604,0.4878612999891629
16,0.0001,32,Sigmoid,100,0.25,0.245822102425876,0.9671261930010604,0.4896834999963175
16,0.0001,32,Sigmoid,300,0.25,0.245822102425876,0.9671261930010604,0.508013699989533
16,0.0001,32,Sigmoid,500,0.25,0.245822102425876,0.9671261930010604,0.5104954999987967
16,0.0001,32,Sigmoid,1000,0.25,0.245822102425876,0.9671261930010604,0.5310696000087773
16,0.0001,32,GELU,50,0.2640205753353973,0.2672844868062728,0.9650053022269351,1.163237000000663
16,0.0001,32,GELU,100,0.2640205753353973,0.2672844868062728,0.9650053022269351,1.2364214999979597
16,0.0001,32,GELU,300,0.2640205753353973,0.2672844868062728,0.9650053022269351,1.2039389999990815
16,0.0001,32,GELU,500,0.2640205753353973,0.2672844868062728,0.9650053022269351,1.183049300001585
16,0.0001,32,GELU,1000,0.2640205753353973,0.2672844868062728,0.9650053022269351,1.1381118999997852
16,0.0001,32,Softmax,50,0.2640205753353973,0.2672844868062728,0.9650053022269351,1.1424951999943005
16,0.0001,32,Softmax,100,0.2640205753353973,0.2672844868062728,0.9650053022269351,1.1881331000040518
16,0.0001,32,Softmax,300,0.2640205753353973,0.2672844868062728,0.9650053022269351,1.2439527999958957
16,0.0001,32,Softmax,500,0.2640205753353973,0.2672844868062728,0.9650053022269351,1.243467899999814
16,0.0001,32,Softmax,1000,0.2640205753353973,0.2672844868062728,0.9650053022269351,1.2295311999914702
16,0.0001,64,ReLU,50,0.2563935113519092,0.2555788284253606,0.9636797454931072,0.979205900002853
16,0.0001,64,ReLU,100,0.2563935113519092,0.2555788284253606,0.9636797454931072,1.2158770999958506
16,0.0001,64,ReLU,300,0.2563935113519092,0.2555788284253606,0.9636797454931072,1.0341014000005089
16,0.0001,64,ReLU,500,0.2563935113519092,0.2555788284253606,0.9636797454931072,1.0743703999905847
16,0.0001,64,ReLU,1000,0.2563935113519092,0.2555788284253606,0.9636797454931072,1.002718999996432
16,0.0001,64,Tanh,50,0.2490405701754386,0.2453416149068323,0.9634146341463414,0.9832688000024064
16,0.0001,64,Tanh,100,0.2490405701754386,0.2453416149068323,0.9634146341463414,1.1313574999949196
16,0.0001,64,Tanh,300,0.2490405701754386,0.2453416149068323,0.9634146341463414,1.1925036999891745
16,0.0001,64,Tanh,500,0.2490405701754386,0.2453416149068323,0.9634146341463414,1.1684510000050068
16,0.0001,64,Tanh,1000,0.2490405701754386,0.2453416149068323,0.9634146341463414,1.108193799998844
16,0.0001,64,Sigmoid,50,0.25,0.245822102425876,0.9671261930010604,0.3194567000027746
16,0.0001,64,Sigmoid,100,0.25,0.245822102425876,0.9671261930010604,0.3101567999983672
16,0.0001,64,Sigmoid,300,0.25,0.245822102425876,0.9671261930010604,0.3221238000114681
16,0.0001,64,Sigmoid,500,0.25,0.245822102425876,0.9671261930010604,0.3611956000095233
16,0.0001,64,Sigmoid,1000,0.25,0.245822102425876,0.9671261930010604,0.3518216000084067
16,0.0001,64,GELU,50,0.2563935113519092,0.2555788284253606,0.9636797454931072,1.0460387999919476
16,0.0001,64,GELU,100,0.2563935113519092,0.2555788284253606,0.9636797454931072,1.101928100004443
16,0.0001,64,GELU,300,0.2563935113519092,0.2555788284253606,0.9636797454931072,1.1071231000096304
16,0.0001,64,GELU,500,0.2563935113519092,0.2555788284253606,0.9636797454931072,1.0890939999953844
16,0.0001,64,GELU,1000,0.2563935113519092,0.2555788284253606,0.9636797454931072,1.0577087000128813
16,0.0001,64,Softmax,50,0.2563935113519092,0.2555788284253606,0.9636797454931072,0.9726258000009692
16,0.0001,64,Softmax,100,0.2563935113519092,0.2555788284253606,0.9636797454931072,1.0367645999940578
16,0.0001,64,Softmax,300,0.2563935113519092,0.2555788284253606,0.9636797454931072,1.0553445999976248
16,0.0001,64,Softmax,500,0.2563935113519092,0.2555788284253606,0.9636797454931072,1.088221899990458
16,0.0001,64,Softmax,1000,0.2563935113519092,0.2555788284253606,0.9636797454931072,1.0542424000013852
16,0.0001,128,ReLU,50,0.3285039344685243,0.2745427267650724,0.9326617179215272,0.6336674999911338
16,0.0001,128,ReLU,100,0.2773558436532508,0.2743345916758254,0.9602332979851538,1.096909699990647
16,0.0001,128,ReLU,300,0.2773558436532508,0.2743345916758254,0.9602332979851538,1.0453830000042217
16,0.0001,128,ReLU,500,0.2773558436532508,0.2743345916758254,0.9602332979851538,1.0039083000010578
16,0.0001,128,ReLU,1000,0.2773558436532508,0.2743345916758254,0.9602332979851538,0.9585488000011536
16,0.0001,128,Tanh,50,0.2279331140350877,0.234291349675965,0.8817603393425238,0.665498899994418
16,0.0001,128,Tanh,100,0.2489035087719298,0.2452728254997298,0.9628844114528102,1.1921937000006435
16,0.0001,128,Tanh,300,0.2489035087719298,0.2452728254997298,0.9628844114528102,1.1535781000129646
16,0.0001,128,Tanh,500,0.2489035087719298,0.2452728254997298,0.9628844114528102,1.183154000013019
16,0.0001,128,Tanh,1000,0.2489035087719298,0.2452728254997298,0.9628844114528102,1.084728100002394
16,0.0001,128,Sigmoid,50,0.2495888157894736,0.2456164014027515,0.9655355249204666,0.2582236000016564
16,0.0001,128,Sigmoid,100,0.2495888157894736,0.2456164014027515,0.9655355249204666,0.2466121999896131
16,0.0001,128,Sigmoid,300,0.2495888157894736,0.2456164014027515,0.9655355249204666,0.2452196999947773
16,0.0001,128,Sigmoid,500,0.2495888157894736,0.2456164014027515,0.9655355249204666,0.2470214999921154
16,0.0001,128,Sigmoid,1000,0.2495888157894736,0.2456164014027515,0.9655355249204666,0.2456480999971972
16,0.0001,128,GELU,50,0.3285039344685243,0.2745427267650724,0.9326617179215272,0.6502730999927735
16,0.0001,128,GELU,100,0.2773558436532508,0.2743345916758254,0.9602332979851538,1.0248636000033002
16,0.0001,128,GELU,300,0.2773558436532508,0.2743345916758254,0.9602332979851538,0.9832775000104448
16,0.0001,128,GELU,500,0.2773558436532508,0.2743345916758254,0.9602332979851538,1.0026668999926187
16,0.0001,128,GELU,1000,0.2773558436532508,0.2743345916758254,0.9602332979851538,0.9838961000059498
16,0.0001,128,Softmax,50,0.3285039344685243,0.2745427267650724,0.9326617179215272,0.623658800002886
16,0.0001,128,Softmax,100,0.2773558436532508,0.2743345916758254,0.9602332979851538,1.060292299996945
16,0.0001,128,Softmax,300,0.2773558436532508,0.2743345916758254,0.9602332979851538,1.001481600003899
16,0.0001,128,Softmax,500,0.2773558436532508,0.2743345916758254,0.9602332979851538,1.0526272999995854
16,0.0001,128,Softmax,1000,0.2773558436532508,0.2743345916758254,0.9602332979851538,0.9835042000049724
16,0.00025,8,ReLU,50,0.2644317595459236,0.27075128135959,0.9665959703075292,2.025307800009614
16,0.00025,8,ReLU,100,0.2644317595459236,0.27075128135959,0.9665959703075292,1.919345100002829
16,0.00025,8,ReLU,300,0.2644317595459236,0.27075128135959,0.9665959703075292,1.7600030999892624
16,0.00025,8,ReLU,500,0.2644317595459236,0.27075128135959,0.9665959703075292,1.7892879999999425
16,0.00025,8,ReLU,1000,0.2644317595459236,0.27075128135959,0.9665959703075292,1.7687384000018938
16,0.00025,8,Tanh,50,0.25,0.245822102425876,0.9671261930010604,1.86262970000098
16,0.00025,8,Tanh,100,0.25,0.245822102425876,0.9671261930010604,1.832953199991607
16,0.00025,8,Tanh,300,0.25,0.245822102425876,0.9671261930010604,1.804811099995277
16,0.00025,8,Tanh,500,0.25,0.245822102425876,0.9671261930010604,1.823154300000169
16,0.00025,8,Tanh,1000,0.25,0.245822102425876,0.9671261930010604,1.917287400006899
16,0.00025,8,Sigmoid,50,0.25,0.245822102425876,0.9671261930010604,1.6038264999951934
16,0.00025,8,Sigmoid,100,0.25,0.245822102425876,0.9671261930010604,1.530455100000836
16,0.00025,8,Sigmoid,300,0.25,0.245822102425876,0.9671261930010604,1.5612789999868255
16,0.00025,8,Sigmoid,500,0.25,0.245822102425876,0.9671261930010604,1.5561110000126064
16,0.00025,8,Sigmoid,1000,0.25,0.245822102425876,0.9671261930010604,1.6134516000020085
16,0.00025,8,GELU,50,0.2644317595459236,0.27075128135959,0.9665959703075292,1.7913374999916414
16,0.00025,8,GELU,100,0.2644317595459236,0.27075128135959,0.9665959703075292,1.7631792000029236
16,0.00025,8,GELU,300,0.2644317595459236,0.27075128135959,0.9665959703075292,1.8609340999973936
16,0.00025,8,GELU,500,0.2644317595459236,0.27075128135959,0.9665959703075292,1.9575710000062827
16,0.00025,8,GELU,1000,0.2644317595459236,0.27075128135959,0.9665959703075292,1.9263157000095816
16,0.00025,8,Softmax,50,0.2644317595459236,0.27075128135959,0.9665959703075292,1.777846099997987
16,0.00025,8,Softmax,100,0.2644317595459236,0.27075128135959,0.9665959703075292,1.8210523999878203
16,0.00025,8,Softmax,300,0.2644317595459236,0.27075128135959,0.9665959703075292,1.784631200003787
16,0.00025,8,Softmax,500,0.2644317595459236,0.27075128135959,0.9665959703075292,1.8239816999994216
16,0.00025,8,Softmax,1000,0.2644317595459236,0.27075128135959,0.9665959703075292,1.7523125000006985
16,0.00025,16,ReLU,50,0.2713735165118679,0.2774934004348963,0.9652704135737008,1.052454000004218
16,0.00025,16,ReLU,100,0.2713735165118679,0.2774934004348963,0.9652704135737008,1.172233800010872
16,0.00025,16,ReLU,300,0.2713735165118679,0.2774934004348963,0.9652704135737008,1.054582600001595
16,0.00025,16,ReLU,500,0.2713735165118679,0.2774934004348963,0.9652704135737008,1.14983179999399
16,0.00025,16,ReLU,1000,0.2713735165118679,0.2774934004348963,0.9652704135737008,1.1290853999962565
16,0.00025,16,Tanh,50,0.2497944078947368,0.2457192935148982,0.9663308589607637,1.1726965999987442
16,0.00025,16,Tanh,100,0.2497944078947368,0.2457192935148982,0.9663308589607637,1.1101361999899382
16,0.00025,16,Tanh,300,0.2497944078947368,0.2457192935148982,0.9663308589607637,1.0854609000089113
16,0.00025,16,Tanh,500,0.2497944078947368,0.2457192935148982,0.9663308589607637,1.1063103000051342
16,0.00025,16,Tanh,1000,0.2497944078947368,0.2457192935148982,0.9663308589607637,1.0731443999975454
16,0.00025,16,Sigmoid,50,0.25,0.245822102425876,0.9671261930010604,0.8333733000035863
16,0.00025,16,Sigmoid,100,0.25,0.245822102425876,0.9671261930010604,0.7923320999980206
16,0.00025,16,Sigmoid,300,0.25,0.245822102425876,0.9671261930010604,0.8224688000045717
16,0.00025,16,Sigmoid,500,0.25,0.245822102425876,0.9671261930010604,0.798942099994747
16,0.00025,16,Sigmoid,1000,0.25,0.245822102425876,0.9671261930010604,0.8010235999972792
16,0.00025,16,GELU,50,0.2713735165118679,0.2774934004348963,0.9652704135737008,1.0962253000034252
16,0.00025,16,GELU,100,0.2713735165118679,0.2774934004348963,0.9652704135737008,1.0649694000021557
16,0.00025,16,GELU,300,0.2713735165118679,0.2774934004348963,0.9652704135737008,1.0559472000022652
16,0.00025,16,GELU,500,0.2713735165118679,0.2774934004348963,0.9652704135737008,1.1094033000117631
16,0.00025,16,GELU,1000,0.2713735165118679,0.2774934004348963,0.9652704135737008,1.1511732999933884
16,0.00025,16,Softmax,50,0.2713735165118679,0.2774934004348963,0.9652704135737008,1.1613326000078814
16,0.00025,16,Softmax,100,0.2713735165118679,0.2774934004348963,0.9652704135737008,1.087179299996933
16,0.00025,16,Softmax,300,0.2713735165118679,0.2774934004348963,0.9652704135737008,1.0334320000110893
16,0.00025,16,Softmax,500,0.2713735165118679,0.2774934004348963,0.9652704135737008,1.0558748000039486
16,0.00025,16,Softmax,1000,0.2713735165118679,0.2774934004348963,0.9652704135737008,1.0760478000011062
16,0.00025,32,ReLU,50,0.2565991034571723,0.2563474269884496,0.964475079533404,0.7396240000089165
16,0.00025,32,ReLU,100,0.2565991034571723,0.2563474269884496,0.964475079533404,0.7940911999903619
16,0.00025,32,ReLU,300,0.2565991034571723,0.2563474269884496,0.964475079533404,0.7758917000028305
16,0.00025,32,ReLU,500,0.2565991034571723,0.2563474269884496,0.964475079533404,0.7291055999958189
16,0.00025,32,ReLU,1000,0.2565991034571723,0.2563474269884496,0.964475079533404,0.7711657999898307
16,0.00025,32,Tanh,50,0.2494517543859649,0.2455477603885591,0.9650053022269351,0.7760472000081791
16,0.00025,32,Tanh,100,0.2494517543859649,0.2455477603885591,0.9650053022269351,0.7581033000024036
16,0.00025,32,Tanh,300,0.2494517543859649,0.2455477603885591,0.9650053022269351,0.7813244999997551
16,0.00025,32,Tanh,500,0.2494517543859649,0.2455477603885591,0.9650053022269351,0.7936877000029199
16,0.00025,32,Tanh,1000,0.2494517543859649,0.2455477603885591,0.9650053022269351,0.8111303000041516
16,0.00025,32,Sigmoid,50,0.25,0.245822102425876,0.9671261930010604,0.4668402999959653
16,0.00025,32,Sigmoid,100,0.25,0.245822102425876,0.9671261930010604,0.5304556999908527
16,0.00025,32,Sigmoid,300,0.25,0.245822102425876,0.9671261930010604,0.5331881000020076
16,0.00025,32,Sigmoid,500,0.25,0.245822102425876,0.9671261930010604,0.5202677999914158
16,0.00025,32,Sigmoid,1000,0.25,0.245822102425876,0.9671261930010604,0.5094530999922426
16,0.00025,32,GELU,50,0.2565991034571723,0.2563474269884496,0.964475079533404,0.7614504000084708
16,0.00025,32,GELU,100,0.2565991034571723,0.2563474269884496,0.964475079533404,0.7824944000021787
16,0.00025,32,GELU,300,0.2565991034571723,0.2563474269884496,0.964475079533404,0.771509900005185
16,0.00025,32,GELU,500,0.2565991034571723,0.2563474269884496,0.964475079533404,0.7537270000029821
16,0.00025,32,GELU,1000,0.2565991034571723,0.2563474269884496,0.964475079533404,0.7259558000077959
16,0.00025,32,Softmax,50,0.2565991034571723,0.2563474269884496,0.964475079533404,0.698272800000268
16,0.00025,32,Softmax,100,0.2565991034571723,0.2563474269884496,0.964475079533404,0.7089316000055987
16,0.00025,32,Softmax,300,0.2565991034571723,0.2563474269884496,0.964475079533404,0.7305696999974316
16,0.00025,32,Softmax,500,0.2565991034571723,0.2563474269884496,0.964475079533404,0.7181764999986626
16,0.00025,32,Softmax,1000,0.2565991034571723,0.2563474269884496,0.964475079533404,0.7416924999997718
16,0.00025,64,ReLU,50,0.2710993937048503,0.2748528021231456,0.9642099681866384,0.5725021999969613
16,0.00025,64,ReLU,100,0.2710993937048503,0.2748528021231456,0.9642099681866384,0.5711845999903744
16,0.00025,64,ReLU,300,0.2710993937048503,0.2748528021231456,0.9642099681866384,0.6972887000010815
16,0.00025,64,ReLU,500,0.2710993937048503,0.2748528021231456,0.9642099681866384,0.625422900004196
16,0.00025,64,ReLU,1000,0.2710993937048503,0.2748528021231456,0.9642099681866384,0.570576300000539
16,0.00025,64,Tanh,50,0.2491091008771929,0.2453759956797624,0.9636797454931072,0.6523228000005474
16,0.00025,64,Tanh,100,0.2491091008771929,0.2453759956797624,0.9636797454931072,0.6362636000121711
16,0.00025,64,Tanh,300,0.2491091008771929,0.2453759956797624,0.9636797454931072,0.6355938000051538
16,0.00025,64,Tanh,500,0.2491091008771929,0.2453759956797624,0.9636797454931072,0.6251932000013767
16,0.00025,64,Tanh,1000,0.2491091008771929,0.2453759956797624,0.9636797454931072,0.6658811999950558
16,0.00025,64,Sigmoid,50,0.2497944078947368,0.2457192935148982,0.9663308589607637,0.3836808999913046
16,0.00025,64,Sigmoid,100,0.2497944078947368,0.2457192935148982,0.9663308589607637,0.300271200001589
16,0.00025,64,Sigmoid,300,0.2497944078947368,0.2457192935148982,0.9663308589607637,0.2996075000119163
16,0.00025,64,Sigmoid,500,0.2497944078947368,0.2457192935148982,0.9663308589607637,0.3213262999925064
16,0.00025,64,Sigmoid,1000,0.2497944078947368,0.2457192935148982,0.9663308589607637,0.3095523000083631
16,0.00025,64,GELU,50,0.2710993937048503,0.2748528021231456,0.9642099681866384,0.6359076999942772
16,0.00025,64,GELU,100,0.2710993937048503,0.2748528021231456,0.9642099681866384,0.6155354999937117
16,0.00025,64,GELU,300,0.2710993937048503,0.2748528021231456,0.9642099681866384,0.6253423000016483
16,0.00025,64,GELU,500,0.2710993937048503,0.2748528021231456,0.9642099681866384,0.6976312999904621
16,0.00025,64,GELU,1000,0.2710993937048503,0.2748528021231456,0.9642099681866384,0.6565314000035869
16,0.00025,64,Softmax,50,0.2710993937048503,0.2748528021231456,0.9642099681866384,0.7079920999967726
16,0.00025,64,Softmax,100,0.2710993937048503,0.2748528021231456,0.9642099681866384,0.69971909999731
16,0.00025,64,Softmax,300,0.2710993937048503,0.2748528021231456,0.9642099681866384,0.626445000001695
16,0.00025,64,Softmax,500,0.2710993937048503,0.2748528021231456,0.9642099681866384,0.668551299997489
16,0.00025,64,Softmax,1000,0.2710993937048503,0.2748528021231456,0.9642099681866384,0.6598081999982242
16,0.00025,128,ReLU,50,0.2562564499484004,0.2551098786130689,0.9631495227995758,0.6246306999964872
16,0.00025,128,ReLU,100,0.2562564499484004,0.2551098786130689,0.9631495227995758,0.6064010999980383
16,0.00025,128,ReLU,300,0.2562564499484004,0.2551098786130689,0.9631495227995758,0.6453726000036113
16,0.00025,128,ReLU,500,0.2562564499484004,0.2551098786130689,0.9631495227995758,0.5960539000079734
16,0.00025,128,ReLU,1000,0.2562564499484004,0.2551098786130689,0.9631495227995758,0.5201193999964744
16,0.00025,128,Tanh,50,0.2492461622807017,0.2454447293831826,0.9642099681866384,0.606372399997781
16,0.00025,128,Tanh,100,0.2492461622807017,0.2454447293831826,0.9642099681866384,0.605586100005894
16,0.00025,128,Tanh,300,0.2492461622807017,0.2454447293831826,0.9642099681866384,0.6139447999885306
16,0.00025,128,Tanh,500,0.2492461622807017,0.2454447293831826,0.9642099681866384,0.6253552000125637
16,0.00025,128,Tanh,1000,0.2492461622807017,0.2454447293831826,0.9642099681866384,0.6439767999981996
16,0.00025,128,Sigmoid,50,0.2497944078947368,0.2457192935148982,0.9663308589607637,0.2154830000072252
16,0.00025,128,Sigmoid,100,0.2497944078947368,0.2457192935148982,0.9663308589607637,0.2042817999899853
16,0.00025,128,Sigmoid,300,0.2497944078947368,0.2457192935148982,0.9663308589607637,0.1939433999941684
16,0.00025,128,Sigmoid,500,0.2497944078947368,0.2457192935148982,0.9663308589607637,0.2156157999997958
16,0.00025,128,Sigmoid,1000,0.2497944078947368,0.2457192935148982,0.9663308589607637,0.2156310999998822
16,0.00025,128,GELU,50,0.2562564499484004,0.2551098786130689,0.9631495227995758,0.5399009999964619
16,0.00025,128,GELU,100,0.2562564499484004,0.2551098786130689,0.9631495227995758,0.6030135999899358
16,0.00025,128,GELU,300,0.2562564499484004,0.2551098786130689,0.9631495227995758,0.6363284000108251
16,0.00025,128,GELU,500,0.2562564499484004,0.2551098786130689,0.9631495227995758,0.5709758000011789
16,0.00025,128,GELU,1000,0.2562564499484004,0.2551098786130689,0.9631495227995758,0.5930052000039723
16,0.00025,128,Softmax,50,0.2562564499484004,0.2551098786130689,0.9631495227995758,0.5923808999941684
16,0.00025,128,Softmax,100,0.2562564499484004,0.2551098786130689,0.9631495227995758,0.654260900002555
16,0.00025,128,Softmax,300,0.2562564499484004,0.2551098786130689,0.9631495227995758,0.5909958999982337
16,0.00025,128,Softmax,500,0.2562564499484004,0.2551098786130689,0.9631495227995758,0.6018813999980921
16,0.00025,128,Softmax,1000,0.2562564499484004,0.2551098786130689,0.9631495227995758,0.5388592000090284
32,0.01,8,ReLU,50,0.5136534244264508,0.5603386602882143,0.971898197242842,3.0431707999960054
32,0.01,8,ReLU,100,0.5136534244264508,0.5603386602882143,0.971898197242842,2.994058299998869
32,0.01,8,ReLU,300,0.5136534244264508,0.5603386602882143,0.971898197242842,2.864952300005825
32,0.01,8,ReLU,500,0.5136534244264508,0.5603386602882143,0.971898197242842,2.9765356999996584
32,0.01,8,ReLU,1000,0.5136534244264508,0.5603386602882143,0.971898197242842,3.0935846000065794
32,0.01,8,Tanh,50,0.4497564524291498,0.4649853901705986,0.9652704135737008,3.844685199990636
32,0.01,8,Tanh,100,0.4497564524291498,0.4649853901705986,0.9652704135737008,4.020181900006719
32,0.01,8,Tanh,300,0.4497564524291498,0.4649853901705986,0.9652704135737008,4.037644099997124
32,0.01,8,Tanh,500,0.4497564524291498,0.4649853901705986,0.9652704135737008,4.293043700003182
32,0.01,8,Tanh,1000,0.4497564524291498,0.4649853901705986,0.9652704135737008,4.0907203999959165
32,0.01,8,Sigmoid,50,0.5020103372826863,0.5470346372224333,0.9695121951219512,3.8009640999953263
32,0.01,8,Sigmoid,100,0.5020103372826863,0.5470346372224333,0.9695121951219512,3.756452699992224
32,0.01,8,Sigmoid,300,0.5020103372826863,0.5470346372224333,0.9695121951219512,3.770781700004591
32,0.01,8,Sigmoid,500,0.5020103372826863,0.5470346372224333,0.9695121951219512,3.6022826000116765
32,0.01,8,Sigmoid,1000,0.5020103372826863,0.5470346372224333,0.9695121951219512,3.554023799995776
32,0.01,8,GELU,50,0.5136534244264508,0.5603386602882143,0.971898197242842,2.8721050000021933
32,0.01,8,GELU,100,0.5136534244264508,0.5603386602882143,0.971898197242842,2.8622596000059275
32,0.01,8,GELU,300,0.5136534244264508,0.5603386602882143,0.971898197242842,3.070481999995536
32,0.01,8,GELU,500,0.5136534244264508,0.5603386602882143,0.971898197242842,2.924303699997836
32,0.01,8,GELU,1000,0.5136534244264508,0.5603386602882143,0.971898197242842,2.849381899999571
32,0.01,8,Softmax,50,0.5136534244264508,0.5603386602882143,0.971898197242842,2.988503000000492
32,0.01,8,Softmax,100,0.5136534244264508,0.5603386602882143,0.971898197242842,2.8156155000033323
32,0.01,8,Softmax,300,0.5136534244264508,0.5603386602882143,0.971898197242842,3.058212400006596
32,0.01,8,Softmax,500,0.5136534244264508,0.5603386602882143,0.971898197242842,3.0916813000076218
32,0.01,8,Softmax,1000,0.5136534244264508,0.5603386602882143,0.971898197242842,2.9913431000022683
32,0.01,16,ReLU,50,0.5409398070969279,0.574412649541747,0.9732237539766702,1.53835619999154
32,0.01,16,ReLU,100,0.5409398070969279,0.574412649541747,0.9732237539766702,1.6327404999901771
32,0.01,16,ReLU,300,0.5409398070969279,0.574412649541747,0.9732237539766702,1.5397536999953445
32,0.01,16,ReLU,500,0.5409398070969279,0.574412649541747,0.9732237539766702,1.4655220999993617
32,0.01,16,ReLU,1000,0.5409398070969279,0.574412649541747,0.9732237539766702,1.4513465000054566
32,0.01,16,Tanh,50,0.4228521051639279,0.4591493724867098,0.9679215270413574,1.988777399994433
32,0.01,16,Tanh,100,0.4228521051639279,0.4591493724867098,0.9679215270413574,1.9803386999992652
32,0.01,16,Tanh,300,0.4228521051639279,0.4591493724867098,0.9679215270413574,1.8749640999885744
32,0.01,16,Tanh,500,0.4228521051639279,0.4591493724867098,0.9679215270413574,1.840922599993064
32,0.01,16,Tanh,1000,0.4228521051639279,0.4591493724867098,0.9679215270413574,1.9051010999974096
32,0.01,16,Sigmoid,50,0.4556125714455823,0.500265555127984,0.9684517497348888,1.8390745000069728
32,0.01,16,Sigmoid,100,0.4556125714455823,0.500265555127984,0.9684517497348888,1.863616100003128
32,0.01,16,Sigmoid,300,0.4556125714455823,0.500265555127984,0.9684517497348888,1.853567199999816
32,0.01,16,Sigmoid,500,0.4556125714455823,0.500265555127984,0.9684517497348888,1.933999600005336
32,0.01,16,Sigmoid,1000,0.4556125714455823,0.500265555127984,0.9684517497348888,2.0399166000133846
32,0.01,16,GELU,50,0.5409398070969279,0.574412649541747,0.9732237539766702,1.5347529999999097
32,0.01,16,GELU,100,0.5409398070969279,0.574412649541747,0.9732237539766702,1.4899164999951608
32,0.01,16,GELU,300,0.5409398070969279,0.574412649541747,0.9732237539766702,1.551315100005013
32,0.01,16,GELU,500,0.5409398070969279,0.574412649541747,0.9732237539766702,1.4305871999968076
32,0.01,16,GELU,1000,0.5409398070969279,0.574412649541747,0.9732237539766702,1.4027611999918008
32,0.01,16,Softmax,50,0.5409398070969279,0.574412649541747,0.9732237539766702,1.4393588999955682
32,0.01,16,Softmax,100,0.5409398070969279,0.574412649541747,0.9732237539766702,1.421558999994886
32,0.01,16,Softmax,300,0.5409398070969279,0.574412649541747,0.9732237539766702,1.558264599996619
32,0.01,16,Softmax,500,0.5409398070969279,0.574412649541747,0.9732237539766702,1.435172400000738
32,0.01,16,Softmax,1000,0.5409398070969279,0.574412649541747,0.9732237539766702,1.6233494999905815
32,0.01,32,ReLU,50,0.5413773492696674,0.5710131550843999,0.972693531283139,0.9285300000046846
32,0.01,32,ReLU,100,0.5413773492696674,0.5710131550843999,0.972693531283139,1.0331107999954838
32,0.01,32,ReLU,300,0.5413773492696674,0.5710131550843999,0.972693531283139,0.8973717000044417
32,0.01,32,ReLU,500,0.5413773492696674,0.5710131550843999,0.972693531283139,0.8993858999892836
32,0.01,32,ReLU,1000,0.5413773492696674,0.5710131550843999,0.972693531283139,0.8460391999979038
32,0.01,32,Tanh,50,0.378166056402318,0.4296657827955548,0.9671261930010604,0.938618200001656
32,0.01,32,Tanh,100,0.378166056402318,0.4296657827955548,0.9671261930010604,0.9198666000011144
32,0.01,32,Tanh,300,0.378166056402318,0.4296657827955548,0.9671261930010604,0.906357300002128
32,0.01,32,Tanh,500,0.378166056402318,0.4296657827955548,0.9671261930010604,0.9089220000023488
32,0.01,32,Tanh,1000,0.378166056402318,0.4296657827955548,0.9671261930010604,0.9779076999984682
32,0.01,32,Sigmoid,50,0.3171194654481225,0.3535466734243788,0.967391304347826,1.0442388000083156
32,0.01,32,Sigmoid,100,0.3171194654481225,0.3535466734243788,0.967391304347826,1.1079109999991488
32,0.01,32,Sigmoid,300,0.3171194654481225,0.3535466734243788,0.967391304347826,1.0025943999935407
32,0.01,32,Sigmoid,500,0.3171194654481225,0.3535466734243788,0.967391304347826,1.0562143999995897
32,0.01,32,Sigmoid,1000,0.3171194654481225,0.3535466734243788,0.967391304347826,1.085011699993629
32,0.01,32,GELU,50,0.5413773492696674,0.5710131550843999,0.972693531283139,0.8713357999949949
32,0.01,32,GELU,100,0.5413773492696674,0.5710131550843999,0.972693531283139,0.9080783999961568
32,0.01,32,GELU,300,0.5413773492696674,0.5710131550843999,0.972693531283139,0.928687899999204
32,0.01,32,GELU,500,0.5413773492696674,0.5710131550843999,0.972693531283139,0.8878644999931566
32,0.01,32,GELU,1000,0.5413773492696674,0.5710131550843999,0.972693531283139,0.9171604000002844
32,0.01,32,Softmax,50,0.5413773492696674,0.5710131550843999,0.972693531283139,0.8661559000029229
32,0.01,32,Softmax,100,0.5413773492696674,0.5710131550843999,0.972693531283139,0.9584105000103592
32,0.01,32,Softmax,300,0.5413773492696674,0.5710131550843999,0.972693531283139,0.8341411000001244
32,0.01,32,Softmax,500,0.5413773492696674,0.5710131550843999,0.972693531283139,0.8436384000087855
32,0.01,32,Softmax,1000,0.5413773492696674,0.5710131550843999,0.972693531283139,0.8349531999992905
32,0.01,64,ReLU,50,0.5131535534254187,0.5662652045727244,0.9729586426299046,0.6651114999986021
32,0.01,64,ReLU,100,0.5131535534254187,0.5662652045727244,0.9729586426299046,0.6976891999947838
32,0.01,64,ReLU,300,0.5131535534254187,0.5662652045727244,0.9729586426299046,0.7141567000071518
32,0.01,64,ReLU,500,0.5131535534254187,0.5662652045727244,0.9729586426299046,0.698972700003651
32,0.01,64,ReLU,1000,0.5131535534254187,0.5662652045727244,0.9729586426299046,0.6749380999972345
32,0.01,64,Tanh,50,0.3691702389457807,0.4146523260525165,0.9687168610816544,0.6838496999989729
32,0.01,64,Tanh,100,0.3691702389457807,0.4146523260525165,0.9687168610816544,0.6984536000090884
32,0.01,64,Tanh,300,0.3691702389457807,0.4146523260525165,0.9687168610816544,0.6868771000008564
32,0.01,64,Tanh,500,0.3691702389457807,0.4146523260525165,0.9687168610816544,0.7363416000007419
32,0.01,64,Tanh,1000,0.3691702389457807,0.4146523260525165,0.9687168610816544,0.6980871999985538
32,0.01,64,Sigmoid,50,0.25,0.245822102425876,0.9671261930010604,0.3203780000039842
32,0.01,64,Sigmoid,100,0.25,0.245822102425876,0.9671261930010604,0.3200762999913422
32,0.01,64,Sigmoid,300,0.25,0.245822102425876,0.9671261930010604,0.3207464000006439
32,0.01,64,Sigmoid,500,0.25,0.245822102425876,0.9671261930010604,0.3322294999961741
32,0.01,64,Sigmoid,1000,0.25,0.245822102425876,0.9671261930010604,0.321548799998709
32,0.01,64,GELU,50,0.5131535534254187,0.5662652045727244,0.9729586426299046,0.6798304000112694
32,0.01,64,GELU,100,0.5131535534254187,0.5662652045727244,0.9729586426299046,0.7177903999981936
32,0.01,64,GELU,300,0.5131535534254187,0.5662652045727244,0.9729586426299046,0.6960356000054162
32,0.01,64,GELU,500,0.5131535534254187,0.5662652045727244,0.9729586426299046,0.7189207999908831
32,0.01,64,GELU,1000,0.5131535534254187,0.5662652045727244,0.9729586426299046,0.6757901000091806
32,0.01,64,Softmax,50,0.5131535534254187,0.5662652045727244,0.9729586426299046,0.6782672999979695
32,0.01,64,Softmax,100,0.5131535534254187,0.5662652045727244,0.9729586426299046,0.6681329999992158
32,0.01,64,Softmax,300,0.5131535534254187,0.5662652045727244,0.9729586426299046,0.6665818000037689
32,0.01,64,Softmax,500,0.5131535534254187,0.5662652045727244,0.9729586426299046,0.654833199994755
32,0.01,64,Softmax,1000,0.5131535534254187,0.5662652045727244,0.9729586426299046,0.6646465999947395
32,0.01,128,ReLU,50,0.413216564459792,0.4646864031781549,0.9703075291622482,0.4124179000064032
32,0.01,128,ReLU,100,0.413216564459792,0.4646864031781549,0.9703075291622482,0.4046009999874513
32,0.01,128,ReLU,300,0.413216564459792,0.4646864031781549,0.9703075291622482,0.4239112999930512
32,0.01,128,ReLU,500,0.413216564459792,0.4646864031781549,0.9703075291622482,0.4796070000011241
32,0.01,128,ReLU,1000,0.413216564459792,0.4646864031781549,0.9703075291622482,0.4069040999893332
32,0.01,128,Tanh,50,0.3480224706279273,0.387050032991471,0.9684517497348888,0.454541800005245
32,0.01,128,Tanh,100,0.3480224706279273,0.387050032991471,0.9684517497348888,0.4447065999993356
32,0.01,128,Tanh,300,0.3480224706279273,0.387050032991471,0.9684517497348888,0.4254381000064313
32,0.01,128,Tanh,500,0.3480224706279273,0.387050032991471,0.9684517497348888,0.4562031000095885
32,0.01,128,Tanh,1000,0.3480224706279273,0.387050032991471,0.9684517497348888,0.4883230999985244
32,0.01,128,Sigmoid,50,0.25,0.245822102425876,0.9671261930010604,0.2167994000046746
32,0.01,128,Sigmoid,100,0.25,0.245822102425876,0.9671261930010604,0.2264778999960981
32,0.01,128,Sigmoid,300,0.25,0.245822102425876,0.9671261930010604,0.2126877999980934
32,0.01,128,Sigmoid,500,0.25,0.245822102425876,0.9671261930010604,0.2108086999942315
32,0.01,128,Sigmoid,1000,0.25,0.245822102425876,0.9671261930010604,0.2148002000030828
32,0.01,128,GELU,50,0.413216564459792,0.4646864031781549,0.9703075291622482,0.3950456000020494
32,0.01,128,GELU,100,0.413216564459792,0.4646864031781549,0.9703075291622482,0.3821629000012763
32,0.01,128,GELU,300,0.413216564459792,0.4646864031781549,0.9703075291622482,0.4051624999992782
32,0.01,128,GELU,500,0.413216564459792,0.4646864031781549,0.9703075291622482,0.3832057999970857
32,0.01,128,GELU,1000,0.413216564459792,0.4646864031781549,0.9703075291622482,0.3940342999994755
32,0.01,128,Softmax,50,0.413216564459792,0.4646864031781549,0.9703075291622482,0.4570531000063056
32,0.01,128,Softmax,100,0.413216564459792,0.4646864031781549,0.9703075291622482,0.4052892999898176
32,0.01,128,Softmax,300,0.413216564459792,0.4646864031781549,0.9703075291622482,0.4672166999953333
32,0.01,128,Softmax,500,0.413216564459792,0.4646864031781549,0.9703075291622482,0.4567421999963699
32,0.01,128,Softmax,1000,0.413216564459792,0.4646864031781549,0.9703075291622482,0.4546657999890158
32,0.001,8,ReLU,50,0.4736683957489878,0.5316841419417185,0.9729586426299046,4.857510900008492
32,0.001,8,ReLU,100,0.4736683957489878,0.5316841419417185,0.9729586426299046,4.360845199989853
32,0.001,8,ReLU,300,0.4736683957489878,0.5316841419417185,0.9729586426299046,4.400808599995798
32,0.001,8,ReLU,500,0.4736683957489878,0.5316841419417185,0.9729586426299046,4.7279234000016
32,0.001,8,ReLU,1000,0.4736683957489878,0.5316841419417185,0.9729586426299046,4.281329899997218
32,0.001,8,Tanh,50,0.3357334583631023,0.3701665695516231,0.966065747613998,3.253797499986831
32,0.001,8,Tanh,100,0.3357334583631023,0.3701665695516231,0.966065747613998,3.050998200007598
32,0.001,8,Tanh,300,0.3357334583631023,0.3701665695516231,0.966065747613998,3.2723368000006303
32,0.001,8,Tanh,500,0.3357334583631023,0.3701665695516231,0.966065747613998,3.2101031000056537
32,0.001,8,Tanh,1000,0.3357334583631023,0.3701665695516231,0.966065747613998,3.150386299996171
32,0.001,8,Sigmoid,50,0.25,0.245822102425876,0.9671261930010604,1.6736758000042755
32,0.001,8,Sigmoid,100,0.25,0.245822102425876,0.9671261930010604,1.5905844999942929
32,0.001,8,Sigmoid,300,0.25,0.245822102425876,0.9671261930010604,1.624485399996047
32,0.001,8,Sigmoid,500,0.25,0.245822102425876,0.9671261930010604,1.6041784999979427
32,0.001,8,Sigmoid,1000,0.25,0.245822102425876,0.9671261930010604,1.7501928000128828
32,0.001,8,GELU,50,0.4736683957489878,0.5316841419417185,0.9729586426299046,4.642432799999369
32,0.001,8,GELU,100,0.4736683957489878,0.5316841419417185,0.9729586426299046,4.321278199990047
32,0.001,8,GELU,300,0.4736683957489878,0.5316841419417185,0.9729586426299046,4.46704440000758
32,0.001,8,GELU,500,0.4736683957489878,0.5316841419417185,0.9729586426299046,4.487430699999095
32,0.001,8,GELU,1000,0.4736683957489878,0.5316841419417185,0.9729586426299046,4.524010799999815
32,0.001,8,Softmax,50,0.4736683957489878,0.5316841419417185,0.9729586426299046,4.43057329999283
32,0.001,8,Softmax,100,0.4736683957489878,0.5316841419417185,0.9729586426299046,4.459505799997714
32,0.001,8,Softmax,300,0.4736683957489878,0.5316841419417185,0.9729586426299046,4.533397499995772
32,0.001,8,Softmax,500,0.4736683957489878,0.5316841419417185,0.9729586426299046,4.364169499996933
32,0.001,8,Softmax,1000,0.4736683957489878,0.5316841419417185,0.9729586426299046,4.419997999997577
32,0.001,16,ReLU,50,0.379476822358498,0.4456421203525018,0.9708377518557796,2.1283955999970203
32,0.001,16,ReLU,100,0.379476822358498,0.4456421203525018,0.9708377518557796,2.1939956999995047
32,0.001,16,ReLU,300,0.379476822358498,0.4456421203525018,0.9708377518557796,2.146982399994158
32,0.001,16,ReLU,500,0.379476822358498,0.4456421203525018,0.9708377518557796,2.0073396999941906
32,0.001,16,ReLU,1000,0.379476822358498,0.4456421203525018,0.9708377518557796,2.043233099990175
32,0.001,16,Tanh,50,0.3026877059021989,0.3354740683672054,0.9679215270413574,1.9894255999970485
32,0.001,16,Tanh,100,0.3026877059021989,0.3354740683672054,0.9679215270413574,1.9474042000074403
32,0.001,16,Tanh,300,0.3026877059021989,0.3354740683672054,0.9679215270413574,1.980243099998916
32,0.001,16,Tanh,500,0.3026877059021989,0.3354740683672054,0.9679215270413574,1.9463105999893744
32,0.001,16,Tanh,1000,0.3026877059021989,0.3354740683672054,0.9679215270413574,2.1313417999917874
32,0.001,16,Sigmoid,50,0.25,0.245822102425876,0.9671261930010604,0.9401670999941416
32,0.001,16,Sigmoid,100,0.25,0.245822102425876,0.9671261930010604,0.8954571000067517
32,0.001,16,Sigmoid,300,0.25,0.245822102425876,0.9671261930010604,0.8634406999917701
32,0.001,16,Sigmoid,500,0.25,0.245822102425876,0.9671261930010604,0.8480073000100674
32,0.001,16,Sigmoid,1000,0.25,0.245822102425876,0.9671261930010604,0.8715671999962069
32,0.001,16,GELU,50,0.379476822358498,0.4456421203525018,0.9708377518557796,1.9843882999994091
32,0.001,16,GELU,100,0.379476822358498,0.4456421203525018,0.9708377518557796,2.044430199995986
32,0.001,16,GELU,300,0.379476822358498,0.4456421203525018,0.9708377518557796,1.968661400009296
32,0.001,16,GELU,500,0.379476822358498,0.4456421203525018,0.9708377518557796,2.062115399996401
32,0.001,16,GELU,1000,0.379476822358498,0.4456421203525018,0.9708377518557796,2.095786000005319
32,0.001,16,Softmax,50,0.379476822358498,0.4456421203525018,0.9708377518557796,2.148775099994964
32,0.001,16,Softmax,100,0.379476822358498,0.4456421203525018,0.9708377518557796,2.0957462999940617
32,0.001,16,Softmax,300,0.379476822358498,0.4456421203525018,0.9708377518557796,2.0214463000011165
32,0.001,16,Softmax,500,0.379476822358498,0.4456421203525018,0.9708377518557796,1.9656296000030125
32,0.001,16,Softmax,1000,0.379476822358498,0.4456421203525018,0.9708377518557796,2.0322898000013083
32,0.001,32,ReLU,50,0.2497258771929824,0.2456850053937432,0.966065747613998,0.5513632999936817
32,0.001,32,ReLU,100,0.2497258771929824,0.2456850053937432,0.966065747613998,0.5619958999886876
32,0.001,32,ReLU,300,0.2497258771929824,0.2456850053937432,0.966065747613998,0.6246782999951392
32,0.001,32,ReLU,500,0.2497258771929824,0.2456850053937432,0.966065747613998,0.5513484999974025
32,0.001,32,ReLU,1000,0.2497258771929824,0.2456850053937432,0.966065747613998,0.5607690000033472
32,0.001,32,Tanh,50,0.2497944078947368,0.2457192935148982,0.9663308589607637,1.024802699990687
32,0.001,32,Tanh,100,0.2497944078947368,0.2457192935148982,0.9663308589607637,0.992665300000226
32,0.001,32,Tanh,300,0.2497944078947368,0.2457192935148982,0.9663308589607637,1.0332042999943951
32,0.001,32,Tanh,500,0.2497944078947368,0.2457192935148982,0.9663308589607637,1.0509751999925356
32,0.001,32,Tanh,1000,0.2497944078947368,0.2457192935148982,0.9663308589607637,1.033735600009095
32,0.001,32,Sigmoid,50,0.25,0.245822102425876,0.9671261930010604,0.4768446999951266
32,0.001,32,Sigmoid,100,0.25,0.245822102425876,0.9671261930010604,0.4998949000000721
32,0.001,32,Sigmoid,300,0.25,0.245822102425876,0.9671261930010604,0.4904693999997107
32,0.001,32,Sigmoid,500,0.25,0.245822102425876,0.9671261930010604,0.4982082999922568
32,0.001,32,Sigmoid,1000,0.25,0.245822102425876,0.9671261930010604,0.4989441000070655
32,0.001,32,GELU,50,0.2497258771929824,0.2456850053937432,0.966065747613998,0.5590475000062725
32,0.001,32,GELU,100,0.2497258771929824,0.2456850053937432,0.966065747613998,0.5623289000068326
32,0.001,32,GELU,300,0.2497258771929824,0.2456850053937432,0.966065747613998,0.5406345999945188
32,0.001,32,GELU,500,0.2497258771929824,0.2456850053937432,0.966065747613998,0.5621449000027496
32,0.001,32,GELU,1000,0.2497258771929824,0.2456850053937432,0.966065747613998,0.5640528999938397
32,0.001,32,Softmax,50,0.2497258771929824,0.2456850053937432,0.966065747613998,0.5649815999931889
32,0.001,32,Softmax,100,0.2497258771929824,0.2456850053937432,0.966065747613998,0.5390929999994114
32,0.001,32,Softmax,300,0.2497258771929824,0.2456850053937432,0.966065747613998,0.5827331000036793
32,0.001,32,Softmax,500,0.2497258771929824,0.2456850053937432,0.966065747613998,0.5418315000133589
32,0.001,32,Softmax,1000,0.2497258771929824,0.2456850053937432,0.966065747613998,0.6446394999948097
32,0.001,64,ReLU,50,0.2495888157894736,0.2456164014027515,0.9655355249204666,0.4342600999952992
32,0.001,64,ReLU,100,0.2495888157894736,0.2456164014027515,0.9655355249204666,0.4772964000003412
32,0.001,64,ReLU,300,0.2495888157894736,0.2456164014027515,0.9655355249204666,0.4273247000091942
32,0.001,64,ReLU,500,0.2495888157894736,0.2456164014027515,0.9655355249204666,0.4239970999915385
32,0.001,64,ReLU,1000,0.2495888157894736,0.2456164014027515,0.9655355249204666,0.3843079000071157
32,0.001,64,Tanh,50,0.249657346491228,0.2456507080242751,0.9658006362672322,0.4495781000005081
32,0.001,64,Tanh,100,0.249657346491228,0.2456507080242751,0.9658006362672322,0.4556344999873545
32,0.001,64,Tanh,300,0.249657346491228,0.2456507080242751,0.9658006362672322,0.4365571000089403
32,0.001,64,Tanh,500,0.249657346491228,0.2456507080242751,0.9658006362672322,0.4552160000021104
32,0.001,64,Tanh,1000,0.249657346491228,0.2456507080242751,0.9658006362672322,0.4360631000017747
32,0.001,64,Sigmoid,50,0.25,0.245822102425876,0.9671261930010604,0.3111899000068661
32,0.001,64,Sigmoid,100,0.25,0.245822102425876,0.9671261930010604,0.332636300008744
32,0.001,64,Sigmoid,300,0.25,0.245822102425876,0.9671261930010604,0.3207896999956574
32,0.001,64,Sigmoid,500,0.25,0.245822102425876,0.9671261930010604,0.3225194999977248
32,0.001,64,Sigmoid,1000,0.25,0.245822102425876,0.9671261930010604,0.3304852000001119
32,0.001,64,GELU,50,0.2495888157894736,0.2456164014027515,0.9655355249204666,0.3941850999981398
32,0.001,64,GELU,100,0.2495888157894736,0.2456164014027515,0.9655355249204666,0.423674799996661
32,0.001,64,GELU,300,0.2495888157894736,0.2456164014027515,0.9655355249204666,0.4035962000052677
32,0.001,64,GELU,500,0.2495888157894736,0.2456164014027515,0.9655355249204666,0.4049377000046661
32,0.001,64,GELU,1000,0.2495888157894736,0.2456164014027515,0.9655355249204666,0.3938991000031819
32,0.001,64,Softmax,50,0.2495888157894736,0.2456164014027515,0.9655355249204666,0.3599408000009134
32,0.001,64,Softmax,100,0.2495888157894736,0.2456164014027515,0.9655355249204666,0.3619793000107165
32,0.001,64,Softmax,300,0.2495888157894736,0.2456164014027515,0.9655355249204666,0.3742023000086192
32,0.001,64,Softmax,500,0.2495888157894736,0.2456164014027515,0.9655355249204666,0.3727664000034565
32,0.001,64,Softmax,1000,0.2495888157894736,0.2456164014027515,0.9655355249204666,0.3616432999988319
32,0.001,128,ReLU,50,0.2493146929824561,0.2454790823211876,0.964475079533404,0.3055702999990899
32,0.001,128,ReLU,100,0.2493146929824561,0.2454790823211876,0.964475079533404,0.2993549999955576
32,0.001,128,ReLU,300,0.2493146929824561,0.2454790823211876,0.964475079533404,0.3615951999963727
32,0.001,128,ReLU,500,0.2493146929824561,0.2454790823211876,0.964475079533404,0.3521696999960113
32,0.001,128,ReLU,1000,0.2493146929824561,0.2454790823211876,0.964475079533404,0.3549894000025233
32,0.001,128,Tanh,50,0.249657346491228,0.2456507080242751,0.9658006362672322,0.405294900003355
32,0.001,128,Tanh,100,0.249657346491228,0.2456507080242751,0.9658006362672322,0.35247860000527
32,0.001,128,Tanh,300,0.249657346491228,0.2456507080242751,0.9658006362672322,0.3615059000003384
32,0.001,128,Tanh,500,0.249657346491228,0.2456507080242751,0.9658006362672322,0.3310218999977223
32,0.001,128,Tanh,1000,0.249657346491228,0.2456507080242751,0.9658006362672322,0.3410283999983221
32,0.001,128,Sigmoid,50,0.25,0.245822102425876,0.9671261930010604,0.2143472000025212
32,0.001,128,Sigmoid,100,0.25,0.245822102425876,0.9671261930010604,0.2031582000054186
32,0.001,128,Sigmoid,300,0.25,0.245822102425876,0.9671261930010604,0.2152698999998392
32,0.001,128,Sigmoid,500,0.25,0.245822102425876,0.9671261930010604,0.2152722000028006
32,0.001,128,Sigmoid,1000,0.25,0.245822102425876,0.9671261930010604,0.2273066000052495
32,0.001,128,GELU,50,0.2493146929824561,0.2454790823211876,0.964475079533404,0.2917578000051435
32,0.001,128,GELU,100,0.2493146929824561,0.2454790823211876,0.964475079533404,0.2789952000021003
32,0.001,128,GELU,300,0.2493146929824561,0.2454790823211876,0.964475079533404,0.2999920000002021
32,0.001,128,GELU,500,0.2493146929824561,0.2454790823211876,0.964475079533404,0.2776516000012634
32,0.001,128,GELU,1000,0.2493146929824561,0.2454790823211876,0.964475079533404,0.3010528000013437
32,0.001,128,Softmax,50,0.2493146929824561,0.2454790823211876,0.964475079533404,0.2899614999914774
32,0.001,128,Softmax,100,0.2493146929824561,0.2454790823211876,0.964475079533404,0.280319800003781
32,0.001,128,Softmax,300,0.2493146929824561,0.2454790823211876,0.964475079533404,0.2894342000072356
32,0.001,128,Softmax,500,0.2493146929824561,0.2454790823211876,0.964475079533404,0.2893658999964827
32,0.001,128,Softmax,1000,0.2493146929824561,0.2454790823211876,0.964475079533404,0.299077000003308
32,0.0001,8,ReLU,50,0.2495202850877192,0.2455820855254283,0.9652704135737008,2.322891000003437
32,0.0001,8,ReLU,100,0.2495202850877192,0.2455820855254283,0.9652704135737008,2.376911300001666
32,0.0001,8,ReLU,300,0.2495202850877192,0.2455820855254283,0.9652704135737008,2.3019531999889296
32,0.0001,8,ReLU,500,0.2495202850877192,0.2455820855254283,0.9652704135737008,2.295658499991987
32,0.0001,8,ReLU,1000,0.2495202850877192,0.2455820855254283,0.9652704135737008,2.2537510999973165
32,0.0001,8,Tanh,50,0.249657346491228,0.2456507080242751,0.9658006362672322,2.4312822000065357
32,0.0001,8,Tanh,100,0.249657346491228,0.2456507080242751,0.9658006362672322,2.3863667999976315
32,0.0001,8,Tanh,300,0.249657346491228,0.2456507080242751,0.9658006362672322,2.3687920000083977
32,0.0001,8,Tanh,500,0.249657346491228,0.2456507080242751,0.9658006362672322,2.5903400000097463
32,0.0001,8,Tanh,1000,0.249657346491228,0.2456507080242751,0.9658006362672322,2.474832799998694
32,0.0001,8,Sigmoid,50,0.25,0.245822102425876,0.9671261930010604,1.6755321999953594
32,0.0001,8,Sigmoid,100,0.25,0.245822102425876,0.9671261930010604,1.6449475999979768
32,0.0001,8,Sigmoid,300,0.25,0.245822102425876,0.9671261930010604,1.6470189999963625
32,0.0001,8,Sigmoid,500,0.25,0.245822102425876,0.9671261930010604,1.6392637000099055
32,0.0001,8,Sigmoid,1000,0.25,0.245822102425876,0.9671261930010604,1.6206965000019409
32,0.0001,8,GELU,50,0.2495202850877192,0.2455820855254283,0.9652704135737008,2.230903200004832
32,0.0001,8,GELU,100,0.2495202850877192,0.2455820855254283,0.9652704135737008,2.380098800000269
32,0.0001,8,GELU,300,0.2495202850877192,0.2455820855254283,0.9652704135737008,2.3497587999881944
32,0.0001,8,GELU,500,0.2495202850877192,0.2455820855254283,0.9652704135737008,2.2461547999992035
32,0.0001,8,GELU,1000,0.2495202850877192,0.2455820855254283,0.9652704135737008,2.267194500003825
32,0.0001,8,Softmax,50,0.2495202850877192,0.2455820855254283,0.9652704135737008,2.20953149998968
32,0.0001,8,Softmax,100,0.2495202850877192,0.2455820855254283,0.9652704135737008,2.307689900000696
32,0.0001,8,Softmax,300,0.2495202850877192,0.2455820855254283,0.9652704135737008,2.228766400003224
32,0.0001,8,Softmax,500,0.2495202850877192,0.2455820855254283,0.9652704135737008,2.317919900000561
32,0.0001,8,Softmax,1000,0.2495202850877192,0.2455820855254283,0.9652704135737008,2.377329200011445
32,0.0001,16,ReLU,50,0.2494517543859649,0.2455477603885591,0.9650053022269351,1.626090200006729
32,0.0001,16,ReLU,100,0.2494517543859649,0.2455477603885591,0.9650053022269351,1.5926743000018178
32,0.0001,16,ReLU,300,0.2494517543859649,0.2455477603885591,0.9650053022269351,1.4855600000009872
32,0.0001,16,ReLU,500,0.2494517543859649,0.2455477603885591,0.9650053022269351,1.5072717999864835
32,0.0001,16,ReLU,1000,0.2494517543859649,0.2455477603885591,0.9650053022269351,1.546149100002367
32,0.0001,16,Tanh,50,0.249657346491228,0.2456507080242751,0.9658006362672322,1.6432309999945574
32,0.0001,16,Tanh,100,0.249657346491228,0.2456507080242751,0.9658006362672322,1.6452395000087563
32,0.0001,16,Tanh,300,0.249657346491228,0.2456507080242751,0.9658006362672322,1.7145525000087218
32,0.0001,16,Tanh,500,0.249657346491228,0.2456507080242751,0.9658006362672322,1.7283854999986945
32,0.0001,16,Tanh,1000,0.249657346491228,0.2456507080242751,0.9658006362672322,1.7285587999940617
32,0.0001,16,Sigmoid,50,0.2499314692982456,0.2457878420272274,0.9668610816542949,0.8861807000066619
32,0.0001,16,Sigmoid,100,0.2499314692982456,0.2457878420272274,0.9668610816542949,0.8661471999948844
32,0.0001,16,Sigmoid,300,0.2499314692982456,0.2457878420272274,0.9668610816542949,0.9081890000088606
32,0.0001,16,Sigmoid,500,0.2499314692982456,0.2457878420272274,0.9668610816542949,0.8880370999977458
32,0.0001,16,Sigmoid,1000,0.2499314692982456,0.2457878420272274,0.9668610816542949,0.887294700005441
32,0.0001,16,GELU,50,0.2494517543859649,0.2455477603885591,0.9650053022269351,1.4991135000018403
32,0.0001,16,GELU,100,0.2494517543859649,0.2455477603885591,0.9650053022269351,1.5281199000019114
32,0.0001,16,GELU,300,0.2494517543859649,0.2455477603885591,0.9650053022269351,1.495546000005561
32,0.0001,16,GELU,500,0.2494517543859649,0.2455477603885591,0.9650053022269351,1.5171239000046626
32,0.0001,16,GELU,1000,0.2494517543859649,0.2455477603885591,0.9650053022269351,1.5371444000047632
32,0.0001,16,Softmax,50,0.2494517543859649,0.2455477603885591,0.9650053022269351,1.6556286000122782
32,0.0001,16,Softmax,100,0.2494517543859649,0.2455477603885591,0.9650053022269351,1.6171393999975407
32,0.0001,16,Softmax,300,0.2494517543859649,0.2455477603885591,0.9650053022269351,1.506671600000118
32,0.0001,16,Softmax,500,0.2494517543859649,0.2455477603885591,0.9650053022269351,1.4851501999946777
32,0.0001,16,Softmax,1000,0.2494517543859649,0.2455477603885591,0.9650053022269351,1.4932492999942042
32,0.0001,32,ReLU,50,0.2492461622807017,0.2454447293831826,0.9642099681866384,1.2716997999959858
32,0.0001,32,ReLU,100,0.2492461622807017,0.2454447293831826,0.9642099681866384,1.3331474000005985
32,0.0001,32,ReLU,300,0.2492461622807017,0.2454447293831826,0.9642099681866384,1.1784172000043327
32,0.0001,32,ReLU,500,0.2492461622807017,0.2454447293831826,0.9642099681866384,1.148821599999792
32,0.0001,32,ReLU,1000,0.2492461622807017,0.2454447293831826,0.9642099681866384,1.1837171000079252
32,0.0001,32,Tanh,50,0.249657346491228,0.2456507080242751,0.9658006362672322,1.2772062000003643
32,0.0001,32,Tanh,100,0.249657346491228,0.2456507080242751,0.9658006362672322,1.4442711000010604
32,0.0001,32,Tanh,300,0.249657346491228,0.2456507080242751,0.9658006362672322,1.4021266999916406
32,0.0001,32,Tanh,500,0.249657346491228,0.2456507080242751,0.9658006362672322,1.380734600010328
32,0.0001,32,Tanh,1000,0.249657346491228,0.2456507080242751,0.9658006362672322,1.3597409999929368
32,0.0001,32,Sigmoid,50,0.25,0.245822102425876,0.9671261930010604,0.5183720000059111
32,0.0001,32,Sigmoid,100,0.25,0.245822102425876,0.9671261930010604,0.5430876999889733
32,0.0001,32,Sigmoid,300,0.25,0.245822102425876,0.9671261930010604,0.5302106000017375
32,0.0001,32,Sigmoid,500,0.25,0.245822102425876,0.9671261930010604,0.5514188000088325
32,0.0001,32,Sigmoid,1000,0.25,0.245822102425876,0.9671261930010604,0.5103434000047855
32,0.0001,32,GELU,50,0.2492461622807017,0.2454447293831826,0.9642099681866384,1.203218000009656
32,0.0001,32,GELU,100,0.2492461622807017,0.2454447293831826,0.9642099681866384,1.1901268999936292
32,0.0001,32,GELU,300,0.2492461622807017,0.2454447293831826,0.9642099681866384,1.255690499994671
32,0.0001,32,GELU,500,0.2492461622807017,0.2454447293831826,0.9642099681866384,1.264106600006926
32,0.0001,32,GELU,1000,0.2492461622807017,0.2454447293831826,0.9642099681866384,1.2236913000087952
32,0.0001,32,Softmax,50,0.2492461622807017,0.2454447293831826,0.9642099681866384,1.2427615000051446
32,0.0001,32,Softmax,100,0.2492461622807017,0.2454447293831826,0.9642099681866384,1.358553900005063
32,0.0001,32,Softmax,300,0.2492461622807017,0.2454447293831826,0.9642099681866384,1.379684699990321
32,0.0001,32,Softmax,500,0.2492461622807017,0.2454447293831826,0.9642099681866384,1.4551439000060782
32,0.0001,32,Softmax,1000,0.2492461622807017,0.2454447293831826,0.9642099681866384,1.2008010999998078
32,0.0001,64,ReLU,50,0.2537797317813765,0.25269329774049,0.9634146341463414,1.0668639000068652
32,0.0001,64,ReLU,100,0.2537797317813765,0.25269329774049,0.9634146341463414,1.239804600001662
32,0.0001,64,ReLU,300,0.2537797317813765,0.25269329774049,0.9634146341463414,1.0757793999946443
32,0.0001,64,ReLU,500,0.2537797317813765,0.25269329774049,0.9634146341463414,1.0983529000077397
32,0.0001,64,ReLU,1000,0.2537797317813765,0.25269329774049,0.9634146341463414,1.141635000007227
32,0.0001,64,Tanh,50,0.2485608552631578,0.2451006892823354,0.961558854718982,1.0210452000028454
32,0.0001,64,Tanh,100,0.2485608552631578,0.2451006892823354,0.961558854718982,1.1160450000024866
32,0.0001,64,Tanh,300,0.2485608552631578,0.2451006892823354,0.961558854718982,1.2194212000031257
32,0.0001,64,Tanh,500,0.2485608552631578,0.2451006892823354,0.961558854718982,1.1375016999954823
32,0.0001,64,Tanh,1000,0.2485608552631578,0.2451006892823354,0.961558854718982,1.1933793999924092
32,0.0001,64,Sigmoid,50,0.25,0.245822102425876,0.9671261930010604,0.4044904000038514
32,0.0001,64,Sigmoid,100,0.25,0.245822102425876,0.9671261930010604,0.4046078000101261
32,0.0001,64,Sigmoid,300,0.25,0.245822102425876,0.9671261930010604,0.4153403999953298
32,0.0001,64,Sigmoid,500,0.25,0.245822102425876,0.9671261930010604,0.4158820000011474
32,0.0001,64,Sigmoid,1000,0.25,0.245822102425876,0.9671261930010604,0.3949169999978039
32,0.0001,64,GELU,50,0.2537797317813765,0.25269329774049,0.9634146341463414,1.1390897999954177
32,0.0001,64,GELU,100,0.2537797317813765,0.25269329774049,0.9634146341463414,1.1268964999908349
32,0.0001,64,GELU,300,0.2537797317813765,0.25269329774049,0.9634146341463414,1.065204200000153
32,0.0001,64,GELU,500,0.2537797317813765,0.25269329774049,0.9634146341463414,1.0430430999986129
32,0.0001,64,GELU,1000,0.2537797317813765,0.25269329774049,0.9634146341463414,1.046214300004067
32,0.0001,64,Softmax,50,0.2537797317813765,0.25269329774049,0.9634146341463414,1.042363499989733
32,0.0001,64,Softmax,100,0.2537797317813765,0.25269329774049,0.9634146341463414,1.0775416000105906
32,0.0001,64,Softmax,300,0.2537797317813765,0.25269329774049,0.9634146341463414,1.0532537999970373
32,0.0001,64,Softmax,500,0.2537797317813765,0.25269329774049,0.9634146341463414,1.105981700005941
32,0.0001,64,Softmax,1000,0.2537797317813765,0.25269329774049,0.9634146341463414,1.089497900000424
32,0.0001,128,ReLU,50,0.2524776484480431,0.2504322990840396,0.9583775185577944,0.728989700000966
32,0.0001,128,ReLU,100,0.2534370782726046,0.2520175810503826,0.9620890774125131,1.1512851000006776
32,0.0001,128,ReLU,300,0.2534370782726046,0.2520175810503826,0.9620890774125131,1.0134883999999147
32,0.0001,128,ReLU,500,0.2534370782726046,0.2520175810503826,0.9620890774125131,1.180607999995118
32,0.0001,128,ReLU,1000,0.2534370782726046,0.2520175810503826,0.9620890774125131,1.149279999997816
32,0.0001,128,Tanh,50,0.2511755651147098,0.2491286495591992,0.953340402969247,0.7595752000052016
32,0.0001,128,Tanh,100,0.2523405870445344,0.2506401061376754,0.957847295864263,0.961136700003408
32,0.0001,128,Tanh,300,0.2523405870445344,0.2506401061376754,0.957847295864263,1.0554300999938278
32,0.0001,128,Tanh,500,0.2523405870445344,0.2506401061376754,0.957847295864263,1.0022757000115234
32,0.0001,128,Tanh,1000,0.2523405870445344,0.2506401061376754,0.957847295864263,1.023326900001848
32,0.0001,128,Sigmoid,50,0.25,0.245822102425876,0.9671261930010604,0.3300049999961629
32,0.0001,128,Sigmoid,100,0.25,0.245822102425876,0.9671261930010604,0.3220195000030799
32,0.0001,128,Sigmoid,300,0.25,0.245822102425876,0.9671261930010604,0.3212711999949533
32,0.0001,128,Sigmoid,500,0.25,0.245822102425876,0.9671261930010604,0.3185827999986941
32,0.0001,128,Sigmoid,1000,0.25,0.245822102425876,0.9671261930010604,0.31943410000531
32,0.0001,128,GELU,50,0.2524776484480431,0.2504322990840396,0.9583775185577944,0.7172256000048947
32,0.0001,128,GELU,100,0.2534370782726046,0.2520175810503826,0.9620890774125131,1.1074850000004517
32,0.0001,128,GELU,300,0.2534370782726046,0.2520175810503826,0.9620890774125131,1.0660558000090532
32,0.0001,128,GELU,500,0.2534370782726046,0.2520175810503826,0.9620890774125131,1.0641866999940248
32,0.0001,128,GELU,1000,0.2534370782726046,0.2520175810503826,0.9620890774125131,1.086809900007211
32,0.0001,128,Softmax,50,0.2524776484480431,0.2504322990840396,0.9583775185577944,0.727067799991346
32,0.0001,128,Softmax,100,0.2534370782726046,0.2520175810503826,0.9620890774125131,1.021636799996486
32,0.0001,128,Softmax,300,0.2534370782726046,0.2520175810503826,0.9620890774125131,1.17835030000424
32,0.0001,128,Softmax,500,0.2534370782726046,0.2520175810503826,0.9620890774125131,1.231953299997258
32,0.0001,128,Softmax,1000,0.2534370782726046,0.2520175810503826,0.9620890774125131,1.1939812999917194
32,0.00025,8,ReLU,50,0.249657346491228,0.2456507080242751,0.9658006362672322,2.035173999989638
32,0.00025,8,ReLU,100,0.249657346491228,0.2456507080242751,0.9658006362672322,1.8689029999950435
32,0.00025,8,ReLU,300,0.249657346491228,0.2456507080242751,0.9658006362672322,1.8433615999965696
32,0.00025,8,ReLU,500,0.249657346491228,0.2456507080242751,0.9658006362672322,1.8612399999983609
32,0.00025,8,ReLU,1000,0.249657346491228,0.2456507080242751,0.9658006362672322,1.8402017999906093
32,0.00025,8,Tanh,50,0.2498629385964912,0.2457535723914801,0.9665959703075292,1.917534299995168
32,0.00025,8,Tanh,100,0.2498629385964912,0.2457535723914801,0.9665959703075292,2.005579699994996
32,0.00025,8,Tanh,300,0.2498629385964912,0.2457535723914801,0.9665959703075292,1.9892664999933916
32,0.00025,8,Tanh,500,0.2498629385964912,0.2457535723914801,0.9665959703075292,1.9926172999985283
32,0.00025,8,Tanh,1000,0.2498629385964912,0.2457535723914801,0.9665959703075292,1.959835400004522
32,0.00025,8,Sigmoid,50,0.25,0.245822102425876,0.9671261930010604,1.6149101000046358
32,0.00025,8,Sigmoid,100,0.25,0.245822102425876,0.9671261930010604,1.6024078999907942
32,0.00025,8,Sigmoid,300,0.25,0.245822102425876,0.9671261930010604,1.6477607999986503
32,0.00025,8,Sigmoid,500,0.25,0.245822102425876,0.9671261930010604,1.6330904999922495
32,0.00025,8,Sigmoid,1000,0.25,0.245822102425876,0.9671261930010604,1.6450572999892756
32,0.00025,8,GELU,50,0.249657346491228,0.2456507080242751,0.9658006362672322,1.894112199996016
32,0.00025,8,GELU,100,0.249657346491228,0.2456507080242751,0.9658006362672322,2.04065380000975
32,0.00025,8,GELU,300,0.249657346491228,0.2456507080242751,0.9658006362672322,1.9140647999884093
32,0.00025,8,GELU,500,0.249657346491228,0.2456507080242751,0.9658006362672322,1.882690400001593
32,0.00025,8,GELU,1000,0.249657346491228,0.2456507080242751,0.9658006362672322,1.854894799995236
32,0.00025,8,Softmax,50,0.249657346491228,0.2456507080242751,0.9658006362672322,1.8195545000053244
32,0.00025,8,Softmax,100,0.249657346491228,0.2456507080242751,0.9658006362672322,1.9051510999997845
32,0.00025,8,Softmax,300,0.249657346491228,0.2456507080242751,0.9658006362672322,1.8321327000012388
32,0.00025,8,Softmax,500,0.249657346491228,0.2456507080242751,0.9658006362672322,1.813142200000584
32,0.00025,8,Softmax,1000,0.249657346491228,0.2456507080242751,0.9658006362672322,2.032919800010859
32,0.00025,16,ReLU,50,0.2495202850877192,0.2455820855254283,0.9652704135737008,1.2227295000047889
32,0.00025,16,ReLU,100,0.2495202850877192,0.2455820855254283,0.9652704135737008,1.2556392999977106
32,0.00025,16,ReLU,300,0.2495202850877192,0.2455820855254283,0.9652704135737008,1.180482600000687
32,0.00025,16,ReLU,500,0.2495202850877192,0.2455820855254283,0.9652704135737008,1.1165736999973888
32,0.00025,16,ReLU,1000,0.2495202850877192,0.2455820855254283,0.9652704135737008,1.1468065999943065
32,0.00025,16,Tanh,50,0.2497944078947368,0.2457192935148982,0.9663308589607637,1.2220243000047049
32,0.00025,16,Tanh,100,0.2497944078947368,0.2457192935148982,0.9663308589607637,1.1954039999982342
32,0.00025,16,Tanh,300,0.2497944078947368,0.2457192935148982,0.9663308589607637,1.21990480000386
32,0.00025,16,Tanh,500,0.2497944078947368,0.2457192935148982,0.9663308589607637,1.243351099998108
32,0.00025,16,Tanh,1000,0.2497944078947368,0.2457192935148982,0.9663308589607637,1.2335114000015892
32,0.00025,16,Sigmoid,50,0.25,0.245822102425876,0.9671261930010604,0.9088606000004802
32,0.00025,16,Sigmoid,100,0.25,0.245822102425876,0.9671261930010604,0.8881914000085089
32,0.00025,16,Sigmoid,300,0.25,0.245822102425876,0.9671261930010604,0.9684694000025048
32,0.00025,16,Sigmoid,500,0.25,0.245822102425876,0.9671261930010604,0.9929848000028868
32,0.00025,16,Sigmoid,1000,0.25,0.245822102425876,0.9671261930010604,1.0042017000087071
32,0.00025,16,GELU,50,0.2495202850877192,0.2455820855254283,0.9652704135737008,1.202613000001293
32,0.00025,16,GELU,100,0.2495202850877192,0.2455820855254283,0.9652704135737008,1.1417856000043685
32,0.00025,16,GELU,300,0.2495202850877192,0.2455820855254283,0.9652704135737008,1.1630575000017416
32,0.00025,16,GELU,500,0.2495202850877192,0.2455820855254283,0.9652704135737008,1.151375100002042
32,0.00025,16,GELU,1000,0.2495202850877192,0.2455820855254283,0.9652704135737008,1.137030400001095
32,0.00025,16,Softmax,50,0.2495202850877192,0.2455820855254283,0.9652704135737008,1.170072799999616
32,0.00025,16,Softmax,100,0.2495202850877192,0.2455820855254283,0.9652704135737008,1.1845028000097957
32,0.00025,16,Softmax,300,0.2495202850877192,0.2455820855254283,0.9652704135737008,1.1713899000023955
32,0.00025,16,Softmax,500,0.2495202850877192,0.2455820855254283,0.9652704135737008,1.2240091999992728
32,0.00025,16,Softmax,1000,0.2495202850877192,0.2455820855254283,0.9652704135737008,1.132066300007864
32,0.00025,32,ReLU,50,0.2492461622807017,0.2454447293831826,0.9642099681866384,0.7827646999940043
32,0.00025,32,ReLU,100,0.2492461622807017,0.2454447293831826,0.9642099681866384,0.8668910000124015
32,0.00025,32,ReLU,300,0.2492461622807017,0.2454447293831826,0.9642099681866384,0.8463325000047917
32,0.00025,32,ReLU,500,0.2492461622807017,0.2454447293831826,0.9642099681866384,0.8650981999962823
32,0.00025,32,ReLU,1000,0.2492461622807017,0.2454447293831826,0.9642099681866384,0.8150969999987865
32,0.00025,32,Tanh,50,0.2497258771929824,0.2456850053937432,0.966065747613998,0.9089760999922872
32,0.00025,32,Tanh,100,0.2497258771929824,0.2456850053937432,0.966065747613998,0.8472751000081189
32,0.00025,32,Tanh,300,0.2497258771929824,0.2456850053937432,0.966065747613998,0.8478000999893993
32,0.00025,32,Tanh,500,0.2497258771929824,0.2456850053937432,0.966065747613998,0.8229428000049666
32,0.00025,32,Tanh,1000,0.2497258771929824,0.2456850053937432,0.966065747613998,0.8210902999999234
32,0.00025,32,Sigmoid,50,0.25,0.245822102425876,0.9671261930010604,0.509153500010143
32,0.00025,32,Sigmoid,100,0.25,0.245822102425876,0.9671261930010604,0.4978218000032939
32,0.00025,32,Sigmoid,300,0.25,0.245822102425876,0.9671261930010604,0.4884257999947294
32,0.00025,32,Sigmoid,500,0.25,0.245822102425876,0.9671261930010604,0.5093434000009438
32,0.00025,32,Sigmoid,1000,0.25,0.245822102425876,0.9671261930010604,0.4893726000009337
32,0.00025,32,GELU,50,0.2492461622807017,0.2454447293831826,0.9642099681866384,0.7836686000082409
32,0.00025,32,GELU,100,0.2492461622807017,0.2454447293831826,0.9642099681866384,0.740159399996628
32,0.00025,32,GELU,300,0.2492461622807017,0.2454447293831826,0.9642099681866384,0.7500425999896834
32,0.00025,32,GELU,500,0.2492461622807017,0.2454447293831826,0.9642099681866384,0.8041142000001855
32,0.00025,32,GELU,1000,0.2492461622807017,0.2454447293831826,0.9642099681866384,0.7506513000116684
32,0.00025,32,Softmax,50,0.2492461622807017,0.2454447293831826,0.9642099681866384,0.8004138999967836
32,0.00025,32,Softmax,100,0.2492461622807017,0.2454447293831826,0.9642099681866384,0.7836288999969838
32,0.00025,32,Softmax,300,0.2492461622807017,0.2454447293831826,0.9642099681866384,0.7548735000018496
32,0.00025,32,Softmax,500,0.2492461622807017,0.2454447293831826,0.9642099681866384,0.7931301000062376
32,0.00025,32,Softmax,1000,0.2492461622807017,0.2454447293831826,0.9642099681866384,0.8711913999868557
32,0.00025,64,ReLU,50,0.2491776315789473,0.2454103671706263,0.9639448568398729,0.6511523999943165
32,0.00025,64,ReLU,100,0.2491776315789473,0.2454103671706263,0.9639448568398729,0.6755521000013687
32,0.00025,64,ReLU,300,0.2491776315789473,0.2454103671706263,0.9639448568398729,0.7640097000112291
32,0.00025,64,ReLU,500,0.2491776315789473,0.2454103671706263,0.9639448568398729,0.6464722999953665
32,0.00025,64,ReLU,1000,0.2491776315789473,0.2454103671706263,0.9639448568398729,0.6172323999926448
32,0.00025,64,Tanh,50,0.249657346491228,0.2456507080242751,0.9658006362672322,0.6851833999971859
32,0.00025,64,Tanh,100,0.249657346491228,0.2456507080242751,0.9658006362672322,0.6785369999997783
32,0.00025,64,Tanh,300,0.249657346491228,0.2456507080242751,0.9658006362672322,0.7109562999976333
32,0.00025,64,Tanh,500,0.249657346491228,0.2456507080242751,0.9658006362672322,0.7074223999952665
32,0.00025,64,Tanh,1000,0.249657346491228,0.2456507080242751,0.9658006362672322,0.6572460000024876
32,0.00025,64,Sigmoid,50,0.25,0.245822102425876,0.9671261930010604,0.3408331999962684
32,0.00025,64,Sigmoid,100,0.25,0.245822102425876,0.9671261930010604,0.3298059999942779
32,0.00025,64,Sigmoid,300,0.25,0.245822102425876,0.9671261930010604,0.3204444000002695
32,0.00025,64,Sigmoid,500,0.25,0.245822102425876,0.9671261930010604,0.3236617999937152
32,0.00025,64,Sigmoid,1000,0.25,0.245822102425876,0.9671261930010604,0.3208464999916032
32,0.00025,64,GELU,50,0.2491776315789473,0.2454103671706263,0.9639448568398729,0.618321100002504
32,0.00025,64,GELU,100,0.2491776315789473,0.2454103671706263,0.9639448568398729,0.6035606000077678
32,0.00025,64,GELU,300,0.2491776315789473,0.2454103671706263,0.9639448568398729,0.5933375000022352
32,0.00025,64,GELU,500,0.2491776315789473,0.2454103671706263,0.9639448568398729,0.6131600000080653
32,0.00025,64,GELU,1000,0.2491776315789473,0.2454103671706263,0.9639448568398729,0.6257990000012796
32,0.00025,64,Softmax,50,0.2491776315789473,0.2454103671706263,0.9639448568398729,0.6230863999953726
32,0.00025,64,Softmax,100,0.2491776315789473,0.2454103671706263,0.9639448568398729,0.59867249999661
32,0.00025,64,Softmax,300,0.2491776315789473,0.2454103671706263,0.9639448568398729,0.655845599991153
32,0.00025,64,Softmax,500,0.2491776315789473,0.2454103671706263,0.9639448568398729,0.5831641999975545
32,0.00025,64,Softmax,1000,0.2491776315789473,0.2454103671706263,0.9639448568398729,0.6060893000103533
32,0.00025,128,ReLU,50,0.2538482624831309,0.2528374333598718,0.9636797454931072,0.6371417000045767
32,0.00025,128,ReLU,100,0.2538482624831309,0.2528374333598718,0.9636797454931072,0.6477247000002535
32,0.00025,128,ReLU,300,0.2538482624831309,0.2528374333598718,0.9636797454931072,0.666155400002026
32,0.00025,128,ReLU,500,0.2538482624831309,0.2528374333598718,0.9636797454931072,0.604330400004983
32,0.00025,128,ReLU,1000,0.2538482624831309,0.2528374333598718,0.9636797454931072,0.6334434000018518
32,0.00025,128,Tanh,50,0.2489035087719298,0.2452728254997298,0.9628844114528102,0.6483957000018563
32,0.00025,128,Tanh,100,0.2489035087719298,0.2452728254997298,0.9628844114528102,0.6548113999888301
32,0.00025,128,Tanh,300,0.2489035087719298,0.2452728254997298,0.9628844114528102,0.6145835999923293
32,0.00025,128,Tanh,500,0.2489035087719298,0.2452728254997298,0.9628844114528102,0.6254856000014115
32,0.00025,128,Tanh,1000,0.2489035087719298,0.2452728254997298,0.9628844114528102,0.6118189999979222
32,0.00025,128,Sigmoid,50,0.249657346491228,0.2456507080242751,0.9658006362672322,0.2464715999958571
32,0.00025,128,Sigmoid,100,0.249657346491228,0.2456507080242751,0.9658006362672322,0.2451270000019576
32,0.00025,128,Sigmoid,300,0.249657346491228,0.2456507080242751,0.9658006362672322,0.2469394999934593
32,0.00025,128,Sigmoid,500,0.249657346491228,0.2456507080242751,0.9658006362672322,0.2392723000084515
32,0.00025,128,Sigmoid,1000,0.249657346491228,0.2456507080242751,0.9658006362672322,0.2479237000079592
32,0.00025,128,GELU,50,0.2538482624831309,0.2528374333598718,0.9636797454931072,0.5946504000021378
32,0.00025,128,GELU,100,0.2538482624831309,0.2528374333598718,0.9636797454931072,0.5593321000051219
32,0.00025,128,GELU,300,0.2538482624831309,0.2528374333598718,0.9636797454931072,0.6038131999957841
32,0.00025,128,GELU,500,0.2538482624831309,0.2528374333598718,0.9636797454931072,0.5827729000011459
32,0.00025,128,GELU,1000,0.2538482624831309,0.2528374333598718,0.9636797454931072,0.5833893999952124
32,0.00025,128,Softmax,50,0.2538482624831309,0.2528374333598718,0.9636797454931072,0.6028591999929631
32,0.00025,128,Softmax,100,0.2538482624831309,0.2528374333598718,0.9636797454931072,0.5607641999959014
32,0.00025,128,Softmax,300,0.2538482624831309,0.2528374333598718,0.9636797454931072,0.6355711999931373
32,0.00025,128,Softmax,500,0.2538482624831309,0.2528374333598718,0.9636797454931072,0.6154683000058867
32,0.00025,128,Softmax,1000,0.2538482624831309,0.2528374333598718,0.9636797454931072,0.6129007999988971
64,0.01,8,ReLU,50,0.5231974874970231,0.5610745170859675,0.9724284199363732,3.2154768999898806
64,0.01,8,ReLU,100,0.5231974874970231,0.5610745170859675,0.9724284199363732,3.087025499989977
64,0.01,8,ReLU,300,0.5231974874970231,0.5610745170859675,0.9724284199363732,2.9950307000108296
64,0.01,8,ReLU,500,0.5231974874970231,0.5610745170859675,0.9724284199363732,2.9249681000073906
64,0.01,8,ReLU,1000,0.5231974874970231,0.5610745170859675,0.9724284199363732,2.891529400003492
64,0.01,8,Tanh,50,0.4650679477256489,0.5233758465636539,0.9716330858960764,4.655365999991773
64,0.01,8,Tanh,100,0.4650679477256489,0.5233758465636539,0.9716330858960764,4.59117200000037
64,0.01,8,Tanh,300,0.4650679477256489,0.5233758465636539,0.9716330858960764,4.43987700001162
64,0.01,8,Tanh,500,0.4650679477256489,0.5233758465636539,0.9716330858960764,4.420732999991742
64,0.01,8,Tanh,1000,0.4650679477256489,0.5233758465636539,0.9716330858960764,4.862021699998877
64,0.01,8,Sigmoid,50,0.4753860046042708,0.521973200806806,0.9721633085896076,4.027385600013076
64,0.01,8,Sigmoid,100,0.4753860046042708,0.521973200806806,0.9721633085896076,3.9327080999937607
64,0.01,8,Sigmoid,300,0.4753860046042708,0.521973200806806,0.9721633085896076,3.8202451999968616
64,0.01,8,Sigmoid,500,0.4753860046042708,0.521973200806806,0.9721633085896076,4.249385899995104
64,0.01,8,Sigmoid,1000,0.4753860046042708,0.521973200806806,0.9721633085896076,4.079985799995484
64,0.01,8,GELU,50,0.5231974874970231,0.5610745170859675,0.9724284199363732,3.064751500001876
64,0.01,8,GELU,100,0.5231974874970231,0.5610745170859675,0.9724284199363732,2.962650899993605
64,0.01,8,GELU,300,0.5231974874970231,0.5610745170859675,0.9724284199363732,3.0868060999928275
64,0.01,8,GELU,500,0.5231974874970231,0.5610745170859675,0.9724284199363732,3.2272376000037184
64,0.01,8,GELU,1000,0.5231974874970231,0.5610745170859675,0.9724284199363732,2.9194968000083463
64,0.01,8,Softmax,50,0.5231974874970231,0.5610745170859675,0.9724284199363732,3.000658699995256
64,0.01,8,Softmax,100,0.5231974874970231,0.5610745170859675,0.9724284199363732,2.905372699999134
64,0.01,8,Softmax,300,0.5231974874970231,0.5610745170859675,0.9724284199363732,2.9193024999985937
64,0.01,8,Softmax,500,0.5231974874970231,0.5610745170859675,0.9724284199363732,3.1990694999985863
64,0.01,8,Softmax,1000,0.5231974874970231,0.5610745170859675,0.9724284199363732,3.0103312999999616
64,0.01,16,ReLU,50,0.5102690620782726,0.5647435437631088,0.972693531283139,1.7383199999894714
64,0.01,16,ReLU,100,0.5102690620782726,0.5647435437631088,0.972693531283139,1.6396282000059728
64,0.01,16,ReLU,300,0.5102690620782726,0.5647435437631088,0.972693531283139,1.5756742000085069
64,0.01,16,ReLU,500,0.5102690620782726,0.5647435437631088,0.972693531283139,1.6549513999925691
64,0.01,16,ReLU,1000,0.5102690620782726,0.5647435437631088,0.972693531283139,1.5607135000027483
64,0.01,16,Tanh,50,0.4474651702786377,0.4973564044769158,0.9692470837751856,1.8758355000027225
64,0.01,16,Tanh,100,0.4474651702786377,0.4973564044769158,0.9692470837751856,1.947447899990948
64,0.01,16,Tanh,300,0.4474651702786377,0.4973564044769158,0.9692470837751856,1.91646480000054
64,0.01,16,Tanh,500,0.4474651702786377,0.4973564044769158,0.9692470837751856,1.883115499993437
64,0.01,16,Tanh,1000,0.4474651702786377,0.4973564044769158,0.9692470837751856,1.8004043999972057
64,0.01,16,Sigmoid,50,0.4243976120306422,0.4724300740864004,0.9700424178154824,2.0403031000023475
64,0.01,16,Sigmoid,100,0.4243976120306422,0.4724300740864004,0.9700424178154824,1.9836465999978827
64,0.01,16,Sigmoid,300,0.4243976120306422,0.4724300740864004,0.9700424178154824,2.0955356000049505
64,0.01,16,Sigmoid,500,0.4243976120306422,0.4724300740864004,0.9700424178154824,2.090299800009234
64,0.01,16,Sigmoid,1000,0.4243976120306422,0.4724300740864004,0.9700424178154824,2.144727499995497
64,0.01,16,GELU,50,0.5102690620782726,0.5647435437631088,0.972693531283139,1.7021796999906655
64,0.01,16,GELU,100,0.5102690620782726,0.5647435437631088,0.972693531283139,1.6736701000045286
64,0.01,16,GELU,300,0.5102690620782726,0.5647435437631088,0.972693531283139,1.6521675999974832
64,0.01,16,GELU,500,0.5102690620782726,0.5647435437631088,0.972693531283139,1.644686300001922
64,0.01,16,GELU,1000,0.5102690620782726,0.5647435437631088,0.972693531283139,1.6851382000022568
64,0.01,16,Softmax,50,0.5102690620782726,0.5647435437631088,0.972693531283139,1.592061499992269
64,0.01,16,Softmax,100,0.5102690620782726,0.5647435437631088,0.972693531283139,1.6329689999984112
64,0.01,16,Softmax,300,0.5102690620782726,0.5647435437631088,0.972693531283139,1.6689756999985548
64,0.01,16,Softmax,500,0.5102690620782726,0.5647435437631088,0.972693531283139,1.7177255999995396
64,0.01,16,Softmax,1000,0.5102690620782726,0.5647435437631088,0.972693531283139,1.802063399998588
64,0.01,32,ReLU,50,0.4800656282249742,0.5404174052775678,0.9724284199363732,1.0656795999966562
64,0.01,32,ReLU,100,0.4800656282249742,0.5404174052775678,0.9724284199363732,1.145605700003216
64,0.01,32,ReLU,300,0.4800656282249742,0.5404174052775678,0.9724284199363732,1.0634302999969805
64,0.01,32,ReLU,500,0.4800656282249742,0.5404174052775678,0.9724284199363732,1.075228200003039
64,0.01,32,ReLU,1000,0.4800656282249742,0.5404174052775678,0.9724284199363732,1.0136873000010382
64,0.01,32,Tanh,50,0.390532281991744,0.4432756440432347,0.9684517497348888,1.0362505999946734
64,0.01,32,Tanh,100,0.390532281991744,0.4432756440432347,0.9684517497348888,1.0765110999927856
64,0.01,32,Tanh,300,0.390532281991744,0.4432756440432347,0.9684517497348888,1.093439500007662
64,0.01,32,Tanh,500,0.390532281991744,0.4432756440432347,0.9684517497348888,1.1176990999956615
64,0.01,32,Tanh,1000,0.390532281991744,0.4432756440432347,0.9684517497348888,1.105694300000323
64,0.01,32,Sigmoid,50,0.3206049183337303,0.3576213073267439,0.9655355249204666,0.9804087999946204
64,0.01,32,Sigmoid,100,0.3206049183337303,0.3576213073267439,0.9655355249204666,0.9501139000058174
64,0.01,32,Sigmoid,300,0.3206049183337303,0.3576213073267439,0.9655355249204666,1.0662015999987489
64,0.01,32,Sigmoid,500,0.3206049183337303,0.3576213073267439,0.9655355249204666,1.0125629999965895
64,0.01,32,Sigmoid,1000,0.3206049183337303,0.3576213073267439,0.9655355249204666,1.05255799999577
64,0.01,32,GELU,50,0.4800656282249742,0.5404174052775678,0.9724284199363732,1.0818193000013707
64,0.01,32,GELU,100,0.4800656282249742,0.5404174052775678,0.9724284199363732,1.045616200004588
64,0.01,32,GELU,300,0.4800656282249742,0.5404174052775678,0.9724284199363732,1.1725367000035476
64,0.01,32,GELU,500,0.4800656282249742,0.5404174052775678,0.9724284199363732,1.0777567999903113
64,0.01,32,GELU,1000,0.4800656282249742,0.5404174052775678,0.9724284199363732,1.1189263999985997
64,0.01,32,Softmax,50,0.4800656282249742,0.5404174052775678,0.9724284199363732,1.0219263000035426
64,0.01,32,Softmax,100,0.4800656282249742,0.5404174052775678,0.9724284199363732,1.0734689000091748
64,0.01,32,Softmax,300,0.4800656282249742,0.5404174052775678,0.9724284199363732,1.0245058000000429
64,0.01,32,Softmax,500,0.4800656282249742,0.5404174052775678,0.9724284199363732,1.060962899995502
64,0.01,32,Softmax,1000,0.4800656282249742,0.5404174052775678,0.9724284199363732,1.0194103999965591
64,0.01,64,ReLU,50,0.4641478997975708,0.5242390617070309,0.9705726405090138,0.6237584999907995
64,0.01,64,ReLU,100,0.4641478997975708,0.5242390617070309,0.9705726405090138,0.5895277999952668
64,0.01,64,ReLU,300,0.4641478997975708,0.5242390617070309,0.9705726405090138,0.8109092999948189
64,0.01,64,ReLU,500,0.4641478997975708,0.5242390617070309,0.9705726405090138,0.7977259000035701
64,0.01,64,ReLU,1000,0.4641478997975708,0.5242390617070309,0.9705726405090138,0.738213500007987
64,0.01,64,Tanh,50,0.3523591306461855,0.3895549063783373,0.9655355249204666,0.6420671999949263
64,0.01,64,Tanh,100,0.3523591306461855,0.3895549063783373,0.9655355249204666,0.6825424999988172
64,0.01,64,Tanh,300,0.3523591306461855,0.3895549063783373,0.9655355249204666,0.6620089000061853
64,0.01,64,Tanh,500,0.3523591306461855,0.3895549063783373,0.9655355249204666,0.6659221999871079
64,0.01,64,Tanh,1000,0.3523591306461855,0.3895549063783373,0.9655355249204666,0.6021502000075998
64,0.01,64,Sigmoid,50,0.2735587466261808,0.2854635576385272,0.9665959703075292,0.7503112999984296
64,0.01,64,Sigmoid,100,0.2735587466261808,0.2854635576385272,0.9665959703075292,0.7917262000119081
64,0.01,64,Sigmoid,300,0.2735587466261808,0.2854635576385272,0.9665959703075292,0.8105647000047611
64,0.01,64,Sigmoid,500,0.2735587466261808,0.2854635576385272,0.9665959703075292,0.8373233000020264
64,0.01,64,Sigmoid,1000,0.2735587466261808,0.2854635576385272,0.9665959703075292,0.8107917000015732
64,0.01,64,GELU,50,0.4641478997975708,0.5242390617070309,0.9705726405090138,0.5611134999926435
64,0.01,64,GELU,100,0.4641478997975708,0.5242390617070309,0.9705726405090138,0.624681800007238
64,0.01,64,GELU,300,0.4641478997975708,0.5242390617070309,0.9705726405090138,0.5940743999963161
64,0.01,64,GELU,500,0.4641478997975708,0.5242390617070309,0.9705726405090138,0.6013762999937171
64,0.01,64,GELU,1000,0.4641478997975708,0.5242390617070309,0.9705726405090138,0.5744514000107301
64,0.01,64,Softmax,50,0.4641478997975708,0.5242390617070309,0.9705726405090138,0.645286799990572
64,0.01,64,Softmax,100,0.4641478997975708,0.5242390617070309,0.9705726405090138,0.6463567999890074
64,0.01,64,Softmax,300,0.4641478997975708,0.5242390617070309,0.9705726405090138,0.6032925000035902
64,0.01,64,Softmax,500,0.4641478997975708,0.5242390617070309,0.9705726405090138,0.5820793000020785
64,0.01,64,Softmax,1000,0.4641478997975708,0.5242390617070309,0.9705726405090138,0.5608070000016596
64,0.01,128,ReLU,50,0.4347451278082083,0.5010171036019525,0.9700424178154824,0.4883504000026732
64,0.01,128,ReLU,100,0.4347451278082083,0.5010171036019525,0.9700424178154824,0.5185493000026327
64,0.01,128,ReLU,300,0.4347451278082083,0.5010171036019525,0.9700424178154824,0.6033563999953913
64,0.01,128,ReLU,500,0.4347451278082083,0.5010171036019525,0.9700424178154824,0.5832385000103386
64,0.01,128,ReLU,1000,0.4347451278082083,0.5010171036019525,0.9700424178154824,0.5608606000023428
64,0.01,128,Tanh,50,0.2924468623481781,0.3091223741475618,0.9663308589607637,0.3403228999959538
64,0.01,128,Tanh,100,0.2924468623481781,0.3091223741475618,0.9663308589607637,0.3414578000083565
64,0.01,128,Tanh,300,0.2924468623481781,0.3091223741475618,0.9663308589607637,0.3617864000116242
64,0.01,128,Tanh,500,0.2924468623481781,0.3091223741475618,0.9663308589607637,0.3703605000046082
64,0.01,128,Tanh,1000,0.2924468623481781,0.3091223741475618,0.9663308589607637,0.3417026999959489
64,0.01,128,Sigmoid,50,0.2642860155195681,0.272168790147993,0.967391304347826,0.4053285999980289
64,0.01,128,Sigmoid,100,0.2642860155195681,0.272168790147993,0.967391304347826,0.4141087000025436
64,0.01,128,Sigmoid,300,0.2642860155195681,0.272168790147993,0.967391304347826,0.4267050999915227
64,0.01,128,Sigmoid,500,0.2642860155195681,0.272168790147993,0.967391304347826,0.425672500001383
64,0.01,128,Sigmoid,1000,0.2642860155195681,0.272168790147993,0.967391304347826,0.4343360000057146
64,0.01,128,GELU,50,0.4347451278082083,0.5010171036019525,0.9700424178154824,0.508579400004237
64,0.01,128,GELU,100,0.4347451278082083,0.5010171036019525,0.9700424178154824,0.4864502999989781
64,0.01,128,GELU,300,0.4347451278082083,0.5010171036019525,0.9700424178154824,0.4984716000035405
64,0.01,128,GELU,500,0.4347451278082083,0.5010171036019525,0.9700424178154824,0.5080404999898747
64,0.01,128,GELU,1000,0.4347451278082083,0.5010171036019525,0.9700424178154824,0.5099496000038926
64,0.01,128,Softmax,50,0.4347451278082083,0.5010171036019525,0.9700424178154824,0.5519320000021253
64,0.01,128,Softmax,100,0.4347451278082083,0.5010171036019525,0.9700424178154824,0.4872422999906121
64,0.01,128,Softmax,300,0.4347451278082083,0.5010171036019525,0.9700424178154824,0.4985366000037174
64,0.01,128,Softmax,500,0.4347451278082083,0.5010171036019525,0.9700424178154824,0.5292550000012852
64,0.01,128,Softmax,1000,0.4347451278082083,0.5010171036019525,0.9700424178154824,0.4998465999960899
64,0.001,8,ReLU,50,0.3656847860601731,0.4162129394907968,0.9705726405090138,3.200578899995889
64,0.001,8,ReLU,100,0.3656847860601731,0.4162129394907968,0.9705726405090138,3.0342012999899453
64,0.001,8,ReLU,300,0.3656847860601731,0.4162129394907968,0.9705726405090138,3.213862099990365
64,0.001,8,ReLU,500,0.3656847860601731,0.4162129394907968,0.9705726405090138,3.1013929000037024
64,0.001,8,ReLU,1000,0.3656847860601731,0.4162129394907968,0.9705726405090138,3.20865019998746
64,0.001,8,Tanh,50,0.3311912062395808,0.3649491932322402,0.968186638388123,3.138960300013423
64,0.001,8,Tanh,100,0.3311912062395808,0.3649491932322402,0.968186638388123,3.131741199991666
64,0.001,8,Tanh,300,0.3311912062395808,0.3649491932322402,0.968186638388123,3.352021800004877
64,0.001,8,Tanh,500,0.3311912062395808,0.3649491932322402,0.968186638388123,3.1576717999996617
64,0.001,8,Tanh,1000,0.3311912062395808,0.3649491932322402,0.968186638388123,3.125598099999479
64,0.001,8,Sigmoid,50,0.2596153846153846,0.264406898135666,0.9676564156945916,2.9318450999999186
64,0.001,8,Sigmoid,100,0.2596153846153846,0.264406898135666,0.9676564156945916,2.846509800001513
64,0.001,8,Sigmoid,300,0.2596153846153846,0.264406898135666,0.9676564156945916,2.985125300008804
64,0.001,8,Sigmoid,500,0.2596153846153846,0.264406898135666,0.9676564156945916,2.961803099999088
64,0.001,8,Sigmoid,1000,0.2596153846153846,0.264406898135666,0.9676564156945916,3.100431900005788
64,0.001,8,GELU,50,0.3656847860601731,0.4162129394907968,0.9705726405090138,3.192791700013913
64,0.001,8,GELU,100,0.3656847860601731,0.4162129394907968,0.9705726405090138,3.398477800001274
64,0.001,8,GELU,300,0.3656847860601731,0.4162129394907968,0.9705726405090138,3.298261799995089
64,0.001,8,GELU,500,0.3656847860601731,0.4162129394907968,0.9705726405090138,3.127147099992726
64,0.001,8,GELU,1000,0.3656847860601731,0.4162129394907968,0.9705726405090138,2.9688500000047497
64,0.001,8,Softmax,50,0.3656847860601731,0.4162129394907968,0.9705726405090138,3.0203348000068218
64,0.001,8,Softmax,100,0.3656847860601731,0.4162129394907968,0.9705726405090138,2.9608012000098825
64,0.001,8,Softmax,300,0.3656847860601731,0.4162129394907968,0.9705726405090138,3.0949427999876207
64,0.001,8,Softmax,500,0.3656847860601731,0.4162129394907968,0.9705726405090138,3.1446116999868536
64,0.001,8,Softmax,1000,0.3656847860601731,0.4162129394907968,0.9705726405090138,3.0428707000100985
64,0.001,16,ReLU,50,0.3687388986465031,0.4201982890185562,0.9700424178154824,2.03529480000725
64,0.001,16,ReLU,100,0.3687388986465031,0.4201982890185562,0.9700424178154824,1.8554440999869255
64,0.001,16,ReLU,300,0.3687388986465031,0.4201982890185562,0.9700424178154824,1.958582799998112
64,0.001,16,ReLU,500,0.3687388986465031,0.4201982890185562,0.9700424178154824,1.8438033999991603
64,0.001,16,ReLU,1000,0.3687388986465031,0.4201982890185562,0.9700424178154824,1.9911649999994552
64,0.001,16,Tanh,50,0.3094151881400333,0.3371622227808289,0.9671261930010604,1.83262719999766
64,0.001,16,Tanh,100,0.3094151881400333,0.3371622227808289,0.9671261930010604,1.747375999999349
64,0.001,16,Tanh,300,0.3094151881400333,0.3371622227808289,0.9671261930010604,1.7554532999929506
64,0.001,16,Tanh,500,0.3094151881400333,0.3371622227808289,0.9671261930010604,1.762377500010189
64,0.001,16,Tanh,1000,0.3094151881400333,0.3371622227808289,0.9671261930010604,1.7555906000052346
64,0.001,16,Sigmoid,50,0.25,0.245822102425876,0.9671261930010604,1.313987300003646
64,0.001,16,Sigmoid,100,0.25,0.245822102425876,0.9671261930010604,1.234724499998265
64,0.001,16,Sigmoid,300,0.25,0.245822102425876,0.9671261930010604,1.3026531000068644
64,0.001,16,Sigmoid,500,0.25,0.245822102425876,0.9671261930010604,1.3783265999954892
64,0.001,16,Sigmoid,1000,0.25,0.245822102425876,0.9671261930010604,1.3296013999934075
64,0.001,16,GELU,50,0.3687388986465031,0.4201982890185562,0.9700424178154824,1.933261099999072
64,0.001,16,GELU,100,0.3687388986465031,0.4201982890185562,0.9700424178154824,2.0294082000036724
64,0.001,16,GELU,300,0.3687388986465031,0.4201982890185562,0.9700424178154824,1.8930262999929253
64,0.001,16,GELU,500,0.3687388986465031,0.4201982890185562,0.9700424178154824,1.8633514999964973
64,0.001,16,GELU,1000,0.3687388986465031,0.4201982890185562,0.9700424178154824,1.8348398999951316
64,0.001,16,Softmax,50,0.3687388986465031,0.4201982890185562,0.9700424178154824,1.9188416999968467
64,0.001,16,Softmax,100,0.3687388986465031,0.4201982890185562,0.9700424178154824,1.843397200005711
64,0.001,16,Softmax,300,0.3687388986465031,0.4201982890185562,0.9700424178154824,1.8752210999955423
64,0.001,16,Softmax,500,0.3687388986465031,0.4201982890185562,0.9700424178154824,1.994660099997418
64,0.001,16,Softmax,1000,0.3687388986465031,0.4201982890185562,0.9700424178154824,1.978244300000369
64,0.001,32,ReLU,50,0.3150539314916249,0.3549206696575118,0.9692470837751856,1.2553655999945477
64,0.001,32,ReLU,100,0.3150539314916249,0.3549206696575118,0.9692470837751856,1.295874699993874
64,0.001,32,ReLU,300,0.3150539314916249,0.3549206696575118,0.9692470837751856,1.199404200000572
64,0.001,32,ReLU,500,0.3150539314916249,0.3549206696575118,0.9692470837751856,1.2538717999996152
64,0.001,32,ReLU,1000,0.3150539314916249,0.3549206696575118,0.9692470837751856,1.2226597999979276
64,0.001,32,Tanh,50,0.2833797233468286,0.3024019368773079,0.9679215270413574,1.024304000005941
64,0.001,32,Tanh,100,0.2833797233468286,0.3024019368773079,0.9679215270413574,1.0121679000003496
64,0.001,32,Tanh,300,0.2833797233468286,0.3024019368773079,0.9679215270413574,0.9813760999968508
64,0.001,32,Tanh,500,0.2833797233468286,0.3024019368773079,0.9679215270413574,0.9894604000000982
64,0.001,32,Tanh,1000,0.2833797233468286,0.3024019368773079,0.9679215270413574,1.0523899999971036
64,0.001,32,Sigmoid,50,0.25,0.245822102425876,0.9671261930010604,0.560690500002238
64,0.001,32,Sigmoid,100,0.25,0.245822102425876,0.9671261930010604,0.5843736999959219
64,0.001,32,Sigmoid,300,0.25,0.245822102425876,0.9671261930010604,0.5939804000081494
64,0.001,32,Sigmoid,500,0.25,0.245822102425876,0.9671261930010604,0.5647278000105871
64,0.001,32,Sigmoid,1000,0.25,0.245822102425876,0.9671261930010604,0.6024261999991722
64,0.001,32,GELU,50,0.3150539314916249,0.3549206696575118,0.9692470837751856,1.3087569000053918
64,0.001,32,GELU,100,0.3150539314916249,0.3549206696575118,0.9692470837751856,1.287431299992022
64,0.001,32,GELU,300,0.3150539314916249,0.3549206696575118,0.9692470837751856,1.2543493999983184
64,0.001,32,GELU,500,0.3150539314916249,0.3549206696575118,0.9692470837751856,1.2008199999982023
64,0.001,32,GELU,1000,0.3150539314916249,0.3549206696575118,0.9692470837751856,1.2322293000033824
64,0.001,32,Softmax,50,0.3150539314916249,0.3549206696575118,0.9692470837751856,1.210778400010895
64,0.001,32,Softmax,100,0.3150539314916249,0.3549206696575118,0.9692470837751856,1.191145200005849
64,0.001,32,Softmax,300,0.3150539314916249,0.3549206696575118,0.9692470837751856,1.2455819999886444
64,0.001,32,Softmax,500,0.3150539314916249,0.3549206696575118,0.9692470837751856,1.171358199993847
64,0.001,32,Softmax,1000,0.3150539314916249,0.3549206696575118,0.9692470837751856,1.1928404999925988
64,0.001,64,ReLU,50,0.25,0.245822102425876,0.9671261930010604,0.3649579000048106
64,0.001,64,ReLU,100,0.25,0.245822102425876,0.9671261930010604,0.3392548999981954
64,0.001,64,ReLU,300,0.25,0.245822102425876,0.9671261930010604,0.3746277000027476
64,0.001,64,ReLU,500,0.25,0.245822102425876,0.9671261930010604,0.4063824999902863
64,0.001,64,ReLU,1000,0.25,0.245822102425876,0.9671261930010604,0.3639831000036793
64,0.001,64,Tanh,50,0.2690937078272604,0.280368919937118,0.9676564156945916,0.7197575000027427
64,0.001,64,Tanh,100,0.2690937078272604,0.280368919937118,0.9676564156945916,0.7159913000068627
64,0.001,64,Tanh,300,0.2690937078272604,0.280368919937118,0.9676564156945916,0.7084718999976758
64,0.001,64,Tanh,500,0.2690937078272604,0.280368919937118,0.9676564156945916,0.654853699990781
64,0.001,64,Tanh,1000,0.2690937078272604,0.280368919937118,0.9676564156945916,0.675060300010955
64,0.001,64,Sigmoid,50,0.25,0.245822102425876,0.9671261930010604,0.3105939999950351
64,0.001,64,Sigmoid,100,0.25,0.245822102425876,0.9671261930010604,0.3437275000032969
64,0.001,64,Sigmoid,300,0.25,0.245822102425876,0.9671261930010604,0.3309446000057505
64,0.001,64,Sigmoid,500,0.25,0.245822102425876,0.9671261930010604,0.3518551000015577
64,0.001,64,Sigmoid,1000,0.25,0.245822102425876,0.9671261930010604,0.3310958000074606
64,0.001,64,GELU,50,0.25,0.245822102425876,0.9671261930010604,0.3517470000078901
64,0.001,64,GELU,100,0.25,0.245822102425876,0.9671261930010604,0.3333747999859042
64,0.001,64,GELU,300,0.25,0.245822102425876,0.9671261930010604,0.3432210000028135
64,0.001,64,GELU,500,0.25,0.245822102425876,0.9671261930010604,0.3405481000081636
64,0.001,64,GELU,1000,0.25,0.245822102425876,0.9671261930010604,0.3320562000008067
64,0.001,64,Softmax,50,0.25,0.245822102425876,0.9671261930010604,0.3527981000079307
64,0.001,64,Softmax,100,0.25,0.245822102425876,0.9671261930010604,0.3368014000006951
64,0.001,64,Softmax,300,0.25,0.245822102425876,0.9671261930010604,0.3299395999929402
64,0.001,64,Softmax,500,0.25,0.245822102425876,0.9671261930010604,0.3405096000060439
64,0.001,64,Softmax,1000,0.25,0.245822102425876,0.9671261930010604,0.3302819000091404
64,0.001,128,ReLU,50,0.25,0.245822102425876,0.9671261930010604,0.2496217000007163
64,0.001,128,ReLU,100,0.25,0.245822102425876,0.9671261930010604,0.2461509999993723
64,0.001,128,ReLU,300,0.25,0.245822102425876,0.9671261930010604,0.2581123000127263
64,0.001,128,ReLU,500,0.25,0.245822102425876,0.9671261930010604,0.2342193999938899
64,0.001,128,ReLU,1000,0.25,0.245822102425876,0.9671261930010604,0.2563082999986363
64,0.001,128,Tanh,50,0.2785720310391363,0.2950642684896352,0.9676564156945916,0.5847816999885254
64,0.001,128,Tanh,100,0.2785720310391363,0.2950642684896352,0.9676564156945916,0.5280156000080751
64,0.001,128,Tanh,300,0.2785720310391363,0.2950642684896352,0.9676564156945916,0.5093987000000197
64,0.001,128,Tanh,500,0.2785720310391363,0.2950642684896352,0.9676564156945916,0.5094045000005281
64,0.001,128,Tanh,1000,0.2785720310391363,0.2950642684896352,0.9676564156945916,0.4946287000057054
64,0.001,128,Sigmoid,50,0.25,0.245822102425876,0.9671261930010604,0.2451148999971337
64,0.001,128,Sigmoid,100,0.25,0.245822102425876,0.9671261930010604,0.2473832999967271
64,0.001,128,Sigmoid,300,0.25,0.245822102425876,0.9671261930010604,0.2371093000110704
64,0.001,128,Sigmoid,500,0.25,0.245822102425876,0.9671261930010604,0.2491642000095453
64,0.001,128,Sigmoid,1000,0.25,0.245822102425876,0.9671261930010604,0.2376232999959029
64,0.001,128,GELU,50,0.25,0.245822102425876,0.9671261930010604,0.258691999988514
64,0.001,128,GELU,100,0.25,0.245822102425876,0.9671261930010604,0.258906000002753
64,0.001,128,GELU,300,0.25,0.245822102425876,0.9671261930010604,0.2583740999980364
64,0.001,128,GELU,500,0.25,0.245822102425876,0.9671261930010604,0.2916373000043677
64,0.001,128,GELU,1000,0.25,0.245822102425876,0.9671261930010604,0.2680245000083232
64,0.001,128,Softmax,50,0.25,0.245822102425876,0.9671261930010604,0.2690971999982139
64,0.001,128,Softmax,100,0.25,0.245822102425876,0.9671261930010604,0.2475562000036006
64,0.001,128,Softmax,300,0.25,0.245822102425876,0.9671261930010604,0.2594392000028165
64,0.001,128,Softmax,500,0.25,0.245822102425876,0.9671261930010604,0.2585022999992361
64,0.001,128,Softmax,1000,0.25,0.245822102425876,0.9671261930010604,0.2690170999994734
64,0.0001,8,ReLU,50,0.25,0.245822102425876,0.9671261930010604,2.158447099995101
64,0.0001,8,ReLU,100,0.25,0.245822102425876,0.9671261930010604,1.90884350000124
64,0.0001,8,ReLU,300,0.25,0.245822102425876,0.9671261930010604,1.837268100003712
64,0.0001,8,ReLU,500,0.25,0.245822102425876,0.9671261930010604,1.8998237999912817
64,0.0001,8,ReLU,1000,0.25,0.245822102425876,0.9671261930010604,1.8574987000029068
64,0.0001,8,Tanh,50,0.25,0.245822102425876,0.9671261930010604,1.8765913999959596
64,0.0001,8,Tanh,100,0.25,0.245822102425876,0.9671261930010604,1.8912875999958487
64,0.0001,8,Tanh,300,0.25,0.245822102425876,0.9671261930010604,1.937045799990301
64,0.0001,8,Tanh,500,0.25,0.245822102425876,0.9671261930010604,1.9884419000009077
64,0.0001,8,Tanh,1000,0.25,0.245822102425876,0.9671261930010604,1.914023699995596
64,0.0001,8,Sigmoid,50,0.25,0.245822102425876,0.9671261930010604,1.716694100003224
64,0.0001,8,Sigmoid,100,0.25,0.245822102425876,0.9671261930010604,1.7139068999968003
64,0.0001,8,Sigmoid,300,0.25,0.245822102425876,0.9671261930010604,1.693923899991205
64,0.0001,8,Sigmoid,500,0.25,0.245822102425876,0.9671261930010604,1.716685999999754
64,0.0001,8,Sigmoid,1000,0.25,0.245822102425876,0.9671261930010604,1.7056729000032649
64,0.0001,8,GELU,50,0.25,0.245822102425876,0.9671261930010604,1.9171863999945344
64,0.0001,8,GELU,100,0.25,0.245822102425876,0.9671261930010604,1.969459200001438
64,0.0001,8,GELU,300,0.25,0.245822102425876,0.9671261930010604,2.0327823999978136
64,0.0001,8,GELU,500,0.25,0.245822102425876,0.9671261930010604,1.9452458000014303
64,0.0001,8,GELU,1000,0.25,0.245822102425876,0.9671261930010604,1.8870505000086268
64,0.0001,8,Softmax,50,0.25,0.245822102425876,0.9671261930010604,1.887233000001288
64,0.0001,8,Softmax,100,0.25,0.245822102425876,0.9671261930010604,1.896341100000427
64,0.0001,8,Softmax,300,0.25,0.245822102425876,0.9671261930010604,1.837783000009949
64,0.0001,8,Softmax,500,0.25,0.245822102425876,0.9671261930010604,1.893653000006452
64,0.0001,8,Softmax,1000,0.25,0.245822102425876,0.9671261930010604,1.9054638000088744
64,0.0001,16,ReLU,50,0.25,0.245822102425876,0.9671261930010604,1.1696321000054013
64,0.0001,16,ReLU,100,0.25,0.245822102425876,0.9671261930010604,1.2872446999972451
64,0.0001,16,ReLU,300,0.25,0.245822102425876,0.9671261930010604,1.1835603999934392
64,0.0001,16,ReLU,500,0.25,0.245822102425876,0.9671261930010604,1.0813524999975923
64,0.0001,16,ReLU,1000,0.25,0.245822102425876,0.9671261930010604,1.0792559999972582
64,0.0001,16,Tanh,50,0.25,0.245822102425876,0.9671261930010604,1.0885292000020854
64,0.0001,16,Tanh,100,0.25,0.245822102425876,0.9671261930010604,1.0448343000025488
64,0.0001,16,Tanh,300,0.25,0.245822102425876,0.9671261930010604,1.0763374999951338
64,0.0001,16,Tanh,500,0.25,0.245822102425876,0.9671261930010604,1.0738954999978887
64,0.0001,16,Tanh,1000,0.25,0.245822102425876,0.9671261930010604,1.086054300001706
64,0.0001,16,Sigmoid,50,0.25,0.245822102425876,0.9671261930010604,0.9602239999949234
64,0.0001,16,Sigmoid,100,0.25,0.245822102425876,0.9671261930010604,0.908915899999556
64,0.0001,16,Sigmoid,300,0.25,0.245822102425876,0.9671261930010604,0.9495537000038894
64,0.0001,16,Sigmoid,500,0.25,0.245822102425876,0.9671261930010604,0.9516272999899228
64,0.0001,16,Sigmoid,1000,0.25,0.245822102425876,0.9671261930010604,0.991955900011817
64,0.0001,16,GELU,50,0.25,0.245822102425876,0.9671261930010604,1.199838999993517
64,0.0001,16,GELU,100,0.25,0.245822102425876,0.9671261930010604,1.2691791000106605
64,0.0001,16,GELU,300,0.25,0.245822102425876,0.9671261930010604,1.1169490000029327
64,0.0001,16,GELU,500,0.25,0.245822102425876,0.9671261930010604,1.0856530999881215
64,0.0001,16,GELU,1000,0.25,0.245822102425876,0.9671261930010604,1.1163354000018444
64,0.0001,16,Softmax,50,0.25,0.245822102425876,0.9671261930010604,1.1062467000010656
64,0.0001,16,Softmax,100,0.25,0.245822102425876,0.9671261930010604,1.1046867999975802
64,0.0001,16,Softmax,300,0.25,0.245822102425876,0.9671261930010604,1.1278599000070244
64,0.0001,16,Softmax,500,0.25,0.245822102425876,0.9671261930010604,1.0878910000028554
64,0.0001,16,Softmax,1000,0.25,0.245822102425876,0.9671261930010604,1.108638500008965
64,0.0001,32,ReLU,50,0.25,0.245822102425876,0.9671261930010604,0.7069531999877654
64,0.0001,32,ReLU,100,0.25,0.245822102425876,0.9671261930010604,0.751543499995023
64,0.0001,32,ReLU,300,0.25,0.245822102425876,0.9671261930010604,0.7520210999937262
64,0.0001,32,ReLU,500,0.25,0.245822102425876,0.9671261930010604,0.6980374999984633
64,0.0001,32,ReLU,1000,0.25,0.245822102425876,0.9671261930010604,0.7088516000076197
64,0.0001,32,Tanh,50,0.2569417569659442,0.2578446565525955,0.9658006362672322,0.7317665000009583
64,0.0001,32,Tanh,100,0.2569417569659442,0.2578446565525955,0.9658006362672322,0.7518359999958193
64,0.0001,32,Tanh,300,0.2569417569659442,0.2578446565525955,0.9658006362672322,0.708396600006381
64,0.0001,32,Tanh,500,0.2569417569659442,0.2578446565525955,0.9658006362672322,0.751467699999921
64,0.0001,32,Tanh,1000,0.2569417569659442,0.2578446565525955,0.9658006362672322,0.7598709000012605
64,0.0001,32,Sigmoid,50,0.25,0.245822102425876,0.9671261930010604,0.6151455000072019
64,0.0001,32,Sigmoid,100,0.25,0.245822102425876,0.9671261930010604,0.6142238000029465
64,0.0001,32,Sigmoid,300,0.25,0.245822102425876,0.9671261930010604,0.581162399990717
64,0.0001,32,Sigmoid,500,0.25,0.245822102425876,0.9671261930010604,0.5723870000074385
64,0.0001,32,Sigmoid,1000,0.25,0.245822102425876,0.9671261930010604,0.5942504999984521
64,0.0001,32,GELU,50,0.25,0.245822102425876,0.9671261930010604,0.6961596000037389
64,0.0001,32,GELU,100,0.25,0.245822102425876,0.9671261930010604,0.7017455000022892
64,0.0001,32,GELU,300,0.25,0.245822102425876,0.9671261930010604,0.6973489999945741
64,0.0001,32,GELU,500,0.25,0.245822102425876,0.9671261930010604,0.7021376000047894
64,0.0001,32,GELU,1000,0.25,0.245822102425876,0.9671261930010604,0.7166433999955188
64,0.0001,32,Softmax,50,0.25,0.245822102425876,0.9671261930010604,0.6871913000068162
64,0.0001,32,Softmax,100,0.25,0.245822102425876,0.9671261930010604,0.6957351000019116
64,0.0001,32,Softmax,300,0.25,0.245822102425876,0.9671261930010604,0.6888191999896662
64,0.0001,32,Softmax,500,0.25,0.245822102425876,0.9671261930010604,0.6853024999873014
64,0.0001,32,Softmax,1000,0.25,0.245822102425876,0.9671261930010604,0.6812912000023061
64,0.0001,64,ReLU,50,0.2499314692982456,0.2457878420272274,0.9668610816542949,0.5523781999945641
64,0.0001,64,ReLU,100,0.2499314692982456,0.2457878420272274,0.9668610816542949,0.5417911000113236
64,0.0001,64,ReLU,300,0.2499314692982456,0.2457878420272274,0.9668610816542949,0.6025304999930086
64,0.0001,64,ReLU,500,0.2499314692982456,0.2457878420272274,0.9668610816542949,0.5619057999865618
64,0.0001,64,ReLU,1000,0.2499314692982456,0.2457878420272274,0.9668610816542949,0.5634992999985116
64,0.0001,64,Tanh,50,0.2494517543859649,0.2455477603885591,0.9650053022269351,0.5734146000031615
64,0.0001,64,Tanh,100,0.2494517543859649,0.2455477603885591,0.9650053022269351,0.5848951000079978
64,0.0001,64,Tanh,300,0.2494517543859649,0.2455477603885591,0.9650053022269351,0.5528265999892028
64,0.0001,64,Tanh,500,0.2494517543859649,0.2455477603885591,0.9650053022269351,0.5847305000061169
64,0.0001,64,Tanh,1000,0.2494517543859649,0.2455477603885591,0.9650053022269351,0.5939829999988433
64,0.0001,64,Sigmoid,50,0.25,0.245822102425876,0.9671261930010604,0.4165248999925097
64,0.0001,64,Sigmoid,100,0.25,0.245822102425876,0.9671261930010604,0.4373326999921119
64,0.0001,64,Sigmoid,300,0.25,0.245822102425876,0.9671261930010604,0.4140834999998333
64,0.0001,64,Sigmoid,500,0.25,0.245822102425876,0.9671261930010604,0.4395891000021947
64,0.0001,64,Sigmoid,1000,0.25,0.245822102425876,0.9671261930010604,0.4456509000010555
64,0.0001,64,GELU,50,0.2499314692982456,0.2457878420272274,0.9668610816542949,0.5122648999968078
64,0.0001,64,GELU,100,0.2499314692982456,0.2457878420272274,0.9668610816542949,0.5325958000030369
64,0.0001,64,GELU,300,0.2499314692982456,0.2457878420272274,0.9668610816542949,0.5513836999889463
64,0.0001,64,GELU,500,0.2499314692982456,0.2457878420272274,0.9668610816542949,0.5735219000052894
64,0.0001,64,GELU,1000,0.2499314692982456,0.2457878420272274,0.9668610816542949,0.519912400006433
64,0.0001,64,Softmax,50,0.2499314692982456,0.2457878420272274,0.9668610816542949,0.5312899999989895
64,0.0001,64,Softmax,100,0.2499314692982456,0.2457878420272274,0.9668610816542949,0.5440534999943338
64,0.0001,64,Softmax,300,0.2499314692982456,0.2457878420272274,0.9668610816542949,0.5107374999934109
64,0.0001,64,Softmax,500,0.2499314692982456,0.2457878420272274,0.9668610816542949,0.5731566000031307
64,0.0001,64,Softmax,1000,0.2499314692982456,0.2457878420272274,0.9668610816542949,0.5413627999951132
64,0.0001,128,ReLU,50,0.2495888157894736,0.2456164014027515,0.9655355249204666,0.4887097000028007
64,0.0001,128,ReLU,100,0.2495888157894736,0.2456164014027515,0.9655355249204666,0.4890780999994604
64,0.0001,128,ReLU,300,0.2495888157894736,0.2456164014027515,0.9655355249204666,0.5722629999945639
64,0.0001,128,ReLU,500,0.2495888157894736,0.2456164014027515,0.9655355249204666,0.5121665000042412
64,0.0001,128,ReLU,1000,0.2495888157894736,0.2456164014027515,0.9655355249204666,0.4807016999984626
64,0.0001,128,Tanh,50,0.2493832236842105,0.2455134259883956,0.9647401908801696,0.5004180999967502
64,0.0001,128,Tanh,100,0.2493832236842105,0.2455134259883956,0.9647401908801696,0.5181990999990376
64,0.0001,128,Tanh,300,0.2493832236842105,0.2455134259883956,0.9647401908801696,0.5093441999924835
64,0.0001,128,Tanh,500,0.2493832236842105,0.2455134259883956,0.9647401908801696,0.5297873999952571
64,0.0001,128,Tanh,1000,0.2493832236842105,0.2455134259883956,0.9647401908801696,0.4996095999958925
64,0.0001,128,Sigmoid,50,0.25,0.245822102425876,0.9671261930010604,0.3748250000062398
64,0.0001,128,Sigmoid,100,0.25,0.245822102425876,0.9671261930010604,0.3513944000005722
64,0.0001,128,Sigmoid,300,0.25,0.245822102425876,0.9671261930010604,0.3638537999941036
64,0.0001,128,Sigmoid,500,0.25,0.245822102425876,0.9671261930010604,0.3631422000034945
64,0.0001,128,Sigmoid,1000,0.25,0.245822102425876,0.9671261930010604,0.3409151000087149
64,0.0001,128,GELU,50,0.2495888157894736,0.2456164014027515,0.9655355249204666,0.5214780999958748
64,0.0001,128,GELU,100,0.2495888157894736,0.2456164014027515,0.9655355249204666,0.5314401000068756
64,0.0001,128,GELU,300,0.2495888157894736,0.2456164014027515,0.9655355249204666,0.5095473999972455
64,0.0001,128,GELU,500,0.2495888157894736,0.2456164014027515,0.9655355249204666,0.4667936000041663
64,0.0001,128,GELU,1000,0.2495888157894736,0.2456164014027515,0.9655355249204666,0.5082477000105428
64,0.0001,128,Softmax,50,0.2495888157894736,0.2456164014027515,0.9655355249204666,0.4778183000016724
64,0.0001,128,Softmax,100,0.2495888157894736,0.2456164014027515,0.9655355249204666,0.4863422000053106
64,0.0001,128,Softmax,300,0.2495888157894736,0.2456164014027515,0.9655355249204666,0.4883032999932766
64,0.0001,128,Softmax,500,0.2495888157894736,0.2456164014027515,0.9655355249204666,0.4973063000070397
64,0.0001,128,Softmax,1000,0.2495888157894736,0.2456164014027515,0.9655355249204666,0.4797085000027437
64,0.00025,8,ReLU,50,0.25,0.245822102425876,0.9671261930010604,1.9288165000034496
64,0.00025,8,ReLU,100,0.25,0.245822102425876,0.9671261930010604,1.7495652999932645
64,0.00025,8,ReLU,300,0.25,0.245822102425876,0.9671261930010604,1.728346900010365
64,0.00025,8,ReLU,500,0.25,0.245822102425876,0.9671261930010604,1.7343297000043094
64,0.00025,8,ReLU,1000,0.25,0.245822102425876,0.9671261930010604,1.748344999999972
64,0.00025,8,Tanh,50,0.2548076923076923,0.2552891988189427,0.967391304347826,2.8307924999971874
64,0.00025,8,Tanh,100,0.2548076923076923,0.2552891988189427,0.967391304347826,2.7081870999973034
64,0.00025,8,Tanh,300,0.2548076923076923,0.2552891988189427,0.967391304347826,2.632300699988264
64,0.00025,8,Tanh,500,0.2548076923076923,0.2552891988189427,0.967391304347826,2.577364699987811
64,0.00025,8,Tanh,1000,0.2548076923076923,0.2552891988189427,0.967391304347826,2.5997377000021515
64,0.00025,8,Sigmoid,50,0.25,0.245822102425876,0.9671261930010604,1.7284239000000523
64,0.00025,8,Sigmoid,100,0.25,0.245822102425876,0.9671261930010604,1.7592436000122689
64,0.00025,8,Sigmoid,300,0.25,0.245822102425876,0.9671261930010604,1.844841499987524
64,0.00025,8,Sigmoid,500,0.25,0.245822102425876,0.9671261930010604,1.8540237999986855
64,0.00025,8,Sigmoid,1000,0.25,0.245822102425876,0.9671261930010604,1.7165095000091242
64,0.00025,8,GELU,50,0.25,0.245822102425876,0.9671261930010604,1.733356500000809
64,0.00025,8,GELU,100,0.25,0.245822102425876,0.9671261930010604,1.7771685000043362
64,0.00025,8,GELU,300,0.25,0.245822102425876,0.9671261930010604,1.713776600008714
64,0.00025,8,GELU,500,0.25,0.245822102425876,0.9671261930010604,1.7308715999970443
64,0.00025,8,GELU,1000,0.25,0.245822102425876,0.9671261930010604,1.7164054000022588
64,0.00025,8,Softmax,50,0.25,0.245822102425876,0.9671261930010604,1.7930199000111315
64,0.00025,8,Softmax,100,0.25,0.245822102425876,0.9671261930010604,1.9173596000036923
64,0.00025,8,Softmax,300,0.25,0.245822102425876,0.9671261930010604,1.8422720999951707
64,0.00025,8,Softmax,500,0.25,0.245822102425876,0.9671261930010604,1.7781033999926876
64,0.00025,8,Softmax,1000,0.25,0.245822102425876,0.9671261930010604,1.7383936999976868
64,0.00025,16,ReLU,50,0.2499314692982456,0.2457878420272274,0.9668610816542949,0.9921556000044802
64,0.00025,16,ReLU,100,0.2499314692982456,0.2457878420272274,0.9668610816542949,1.0744382000120822
64,0.00025,16,ReLU,300,0.2499314692982456,0.2457878420272274,0.9668610816542949,0.9740527000103611
64,0.00025,16,ReLU,500,0.2499314692982456,0.2457878420272274,0.9668610816542949,0.9394519999914336
64,0.00025,16,ReLU,1000,0.2499314692982456,0.2457878420272274,0.9668610816542949,0.9327176999941004
64,0.00025,16,Tanh,50,0.2495888157894736,0.2456164014027515,0.9655355249204666,1.251707699993858
64,0.00025,16,Tanh,100,0.2495888157894736,0.2456164014027515,0.9655355249204666,1.2764091999997618
64,0.00025,16,Tanh,300,0.2495888157894736,0.2456164014027515,0.9655355249204666,1.2937329999986105
64,0.00025,16,Tanh,500,0.2495888157894736,0.2456164014027515,0.9655355249204666,1.3272336999943946
64,0.00025,16,Tanh,1000,0.2495888157894736,0.2456164014027515,0.9655355249204666,1.3582078000035835
64,0.00025,16,Sigmoid,50,0.25,0.245822102425876,0.9671261930010604,1.0106393000023672
64,0.00025,16,Sigmoid,100,0.25,0.245822102425876,0.9671261930010604,0.9511969000013778
64,0.00025,16,Sigmoid,300,0.25,0.245822102425876,0.9671261930010604,0.9286097000003792
64,0.00025,16,Sigmoid,500,0.25,0.245822102425876,0.9671261930010604,0.9615720000001602
64,0.00025,16,Sigmoid,1000,0.25,0.245822102425876,0.9671261930010604,0.962382300000172
64,0.00025,16,GELU,50,0.2499314692982456,0.2457878420272274,0.9668610816542949,1.0348018999939086
64,0.00025,16,GELU,100,0.2499314692982456,0.2457878420272274,0.9668610816542949,0.9417803000105778
64,0.00025,16,GELU,300,0.2499314692982456,0.2457878420272274,0.9668610816542949,0.9206141000031494
64,0.00025,16,GELU,500,0.2499314692982456,0.2457878420272274,0.9668610816542949,0.941603800005396
64,0.00025,16,GELU,1000,0.2499314692982456,0.2457878420272274,0.9668610816542949,0.9523856999876444
64,0.00025,16,Softmax,50,0.2499314692982456,0.2457878420272274,0.9668610816542949,0.9201618999941276
64,0.00025,16,Softmax,100,0.2499314692982456,0.2457878420272274,0.9668610816542949,0.9406342999864136
64,0.00025,16,Softmax,300,0.2499314692982456,0.2457878420272274,0.9668610816542949,0.919438099997933
64,0.00025,16,Softmax,500,0.2499314692982456,0.2457878420272274,0.9668610816542949,1.0136621999990894
64,0.00025,16,Softmax,1000,0.2499314692982456,0.2457878420272274,0.9668610816542949,1.0054383000097005
64,0.00025,32,ReLU,50,0.25,0.245822102425876,0.9671261930010604,0.6186138000048231
64,0.00025,32,ReLU,100,0.25,0.245822102425876,0.9671261930010604,0.6661992000008468
64,0.00025,32,ReLU,300,0.25,0.245822102425876,0.9671261930010604,0.6816213999991305
64,0.00025,32,ReLU,500,0.25,0.245822102425876,0.9671261930010604,0.5831325999897672
64,0.00025,32,ReLU,1000,0.25,0.245822102425876,0.9671261930010604,0.6044068999908632
64,0.00025,32,Tanh,50,0.257078818369453,0.2585386517281325,0.9663308589607637,0.5923975000041537
64,0.00025,32,Tanh,100,0.257078818369453,0.2585386517281325,0.9663308589607637,0.5821260999946389
64,0.00025,32,Tanh,300,0.257078818369453,0.2585386517281325,0.9663308589607637,0.6167759999952978
64,0.00025,32,Tanh,500,0.257078818369453,0.2585386517281325,0.9663308589607637,0.5956659999937983
64,0.00025,32,Tanh,1000,0.257078818369453,0.2585386517281325,0.9663308589607637,0.582454500006861
64,0.00025,32,Sigmoid,50,0.25,0.245822102425876,0.9671261930010604,0.5527941000036662
64,0.00025,32,Sigmoid,100,0.25,0.245822102425876,0.9671261930010604,0.5511934000096517
64,0.00025,32,Sigmoid,300,0.25,0.245822102425876,0.9671261930010604,0.5516329999954905
64,0.00025,32,Sigmoid,500,0.25,0.245822102425876,0.9671261930010604,0.540475299989339
64,0.00025,32,Sigmoid,1000,0.25,0.245822102425876,0.9671261930010604,0.5501832999871112
64,0.00025,32,GELU,50,0.25,0.245822102425876,0.9671261930010604,0.5919272000028286
64,0.00025,32,GELU,100,0.25,0.245822102425876,0.9671261930010604,0.5823142000008374
64,0.00025,32,GELU,300,0.25,0.245822102425876,0.9671261930010604,0.6056890000036219
64,0.00025,32,GELU,500,0.25,0.245822102425876,0.9671261930010604,0.5504921999963699
64,0.00025,32,GELU,1000,0.25,0.245822102425876,0.9671261930010604,0.5723238000064157
64,0.00025,32,Softmax,50,0.25,0.245822102425876,0.9671261930010604,0.5817166999913752
64,0.00025,32,Softmax,100,0.25,0.245822102425876,0.9671261930010604,0.6045539000042481
64,0.00025,32,Softmax,300,0.25,0.245822102425876,0.9671261930010604,0.6044420999969589
64,0.00025,32,Softmax,500,0.25,0.245822102425876,0.9671261930010604,0.5849357999977656
64,0.00025,32,Softmax,1000,0.25,0.245822102425876,0.9671261930010604,0.6268402999994578
64,0.00025,64,ReLU,50,0.25,0.245822102425876,0.9671261930010604,0.4970402000035392
64,0.00025,64,ReLU,100,0.25,0.245822102425876,0.9671261930010604,0.4482839999982388
64,0.00025,64,ReLU,300,0.25,0.245822102425876,0.9671261930010604,0.455857000008109
64,0.00025,64,ReLU,500,0.25,0.245822102425876,0.9671261930010604,0.4799195999949006
64,0.00025,64,ReLU,1000,0.25,0.245822102425876,0.9671261930010604,0.4566198999964399
64,0.00025,64,Tanh,50,0.2497944078947368,0.2457192935148982,0.9663308589607637,0.4372417999984463
64,0.00025,64,Tanh,100,0.2497944078947368,0.2457192935148982,0.9663308589607637,0.436193400004413
64,0.00025,64,Tanh,300,0.2497944078947368,0.2457192935148982,0.9663308589607637,0.4265478000015719
64,0.00025,64,Tanh,500,0.2497944078947368,0.2457192935148982,0.9663308589607637,0.4143373999977484
64,0.00025,64,Tanh,1000,0.2497944078947368,0.2457192935148982,0.9663308589607637,0.4658630999911111
64,0.00025,64,Sigmoid,50,0.25,0.245822102425876,0.9671261930010604,0.4350856999953976
64,0.00025,64,Sigmoid,100,0.25,0.245822102425876,0.9671261930010604,0.4277444999897852
64,0.00025,64,Sigmoid,300,0.25,0.245822102425876,0.9671261930010604,0.3944330000085756
64,0.00025,64,Sigmoid,500,0.25,0.245822102425876,0.9671261930010604,0.4567004999989876
64,0.00025,64,Sigmoid,1000,0.25,0.245822102425876,0.9671261930010604,0.4557349000097019
64,0.00025,64,GELU,50,0.25,0.245822102425876,0.9671261930010604,0.4881365000037476
64,0.00025,64,GELU,100,0.25,0.245822102425876,0.9671261930010604,0.4794309999997495
64,0.00025,64,GELU,300,0.25,0.245822102425876,0.9671261930010604,0.4474048999982187
64,0.00025,64,GELU,500,0.25,0.245822102425876,0.9671261930010604,0.4674528999894392
64,0.00025,64,GELU,1000,0.25,0.245822102425876,0.9671261930010604,0.4151355999929365
64,0.00025,64,Softmax,50,0.25,0.245822102425876,0.9671261930010604,0.4560161999979755
64,0.00025,64,Softmax,100,0.25,0.245822102425876,0.9671261930010604,0.4237070999952266
64,0.00025,64,Softmax,300,0.25,0.245822102425876,0.9671261930010604,0.4241746999905444
64,0.00025,64,Softmax,500,0.25,0.245822102425876,0.9671261930010604,0.4241165000130422
64,0.00025,64,Softmax,1000,0.25,0.245822102425876,0.9671261930010604,0.4171780000033322
64,0.00025,128,ReLU,50,0.2499314692982456,0.2457878420272274,0.9668610816542949,0.3339351999893551
64,0.00025,128,ReLU,100,0.2499314692982456,0.2457878420272274,0.9668610816542949,0.330706700013252
64,0.00025,128,ReLU,300,0.2499314692982456,0.2457878420272274,0.9668610816542949,0.3367282000108389
64,0.00025,128,ReLU,500,0.2499314692982456,0.2457878420272274,0.9668610816542949,0.3632565000007162
64,0.00025,128,ReLU,1000,0.2499314692982456,0.2457878420272274,0.9668610816542949,0.3702772999968147
64,0.00025,128,Tanh,50,0.249657346491228,0.2456507080242751,0.9658006362672322,0.3877758000016911
64,0.00025,128,Tanh,100,0.249657346491228,0.2456507080242751,0.9658006362672322,0.3831955999921774
64,0.00025,128,Tanh,300,0.249657346491228,0.2456507080242751,0.9658006362672322,0.3624129999952856
64,0.00025,128,Tanh,500,0.249657346491228,0.2456507080242751,0.9658006362672322,0.3511643999954685
64,0.00025,128,Tanh,1000,0.249657346491228,0.2456507080242751,0.9658006362672322,0.3507173999969382
64,0.00025,128,Sigmoid,50,0.25,0.245822102425876,0.9671261930010604,0.287933300001896
64,0.00025,128,Sigmoid,100,0.25,0.245822102425876,0.9671261930010604,0.2912896000052569
64,0.00025,128,Sigmoid,300,0.25,0.245822102425876,0.9671261930010604,0.3010129999893252
64,0.00025,128,Sigmoid,500,0.25,0.245822102425876,0.9671261930010604,0.2894035999925108
64,0.00025,128,Sigmoid,1000,0.25,0.245822102425876,0.9671261930010604,0.2916078999987803
64,0.00025,128,GELU,50,0.2499314692982456,0.2457878420272274,0.9668610816542949,0.3741903999907663
64,0.00025,128,GELU,100,0.2499314692982456,0.2457878420272274,0.9668610816542949,0.3545840000006137
64,0.00025,128,GELU,300,0.2499314692982456,0.2457878420272274,0.9668610816542949,0.3525642000022344
64,0.00025,128,GELU,500,0.2499314692982456,0.2457878420272274,0.9668610816542949,0.3633818999951472
64,0.00025,128,GELU,1000,0.2499314692982456,0.2457878420272274,0.9668610816542949,0.3521264000009978
64,0.00025,128,Softmax,50,0.2499314692982456,0.2457878420272274,0.9668610816542949,0.3546749999950407
64,0.00025,128,Softmax,100,0.2499314692982456,0.2457878420272274,0.9668610816542949,0.3545277999946847
64,0.00025,128,Softmax,300,0.2499314692982456,0.2457878420272274,0.9668610816542949,0.3637296000088099
64,0.00025,128,Softmax,500,0.2499314692982456,0.2457878420272274,0.9668610816542949,0.3199767999903997
64,0.00025,128,Softmax,1000,0.2499314692982456,0.2457878420272274,0.9668610816542949,0.3405457000044407
128,0.01,8,ReLU,50,0.5446879093236485,0.5817290697477111,0.9740190880169672,4.192091399992933
128,0.01,8,ReLU,100,0.5446879093236485,0.5817290697477111,0.9740190880169672,4.188062700006412
128,0.01,8,ReLU,300,0.5446879093236485,0.5817290697477111,0.9740190880169672,4.119711699997424
128,0.01,8,ReLU,500,0.5446879093236485,0.5817290697477111,0.9740190880169672,4.410361100002774
128,0.01,8,ReLU,1000,0.5446879093236485,0.5817290697477111,0.9740190880169672,4.123727500002133
128,0.01,8,Tanh,50,0.4660019498690164,0.5101768430425472,0.96898197242842,4.666151700002956
128,0.01,8,Tanh,100,0.4660019498690164,0.5101768430425472,0.96898197242842,4.668237999998382
128,0.01,8,Tanh,300,0.4660019498690164,0.5101768430425472,0.96898197242842,4.529081099986797
128,0.01,8,Tanh,500,0.4660019498690164,0.5101768430425472,0.96898197242842,4.641933400009293
128,0.01,8,Tanh,1000,0.4660019498690164,0.5101768430425472,0.96898197242842,4.685522999992827
128,0.01,8,Sigmoid,50,0.5273772401166945,0.5767388602524299,0.9737539766702016,6.622901900002034
128,0.01,8,Sigmoid,100,0.5273772401166945,0.5767388602524299,0.9737539766702016,6.300742500010529
128,0.01,8,Sigmoid,300,0.5273772401166945,0.5767388602524299,0.9737539766702016,6.518948199998704
128,0.01,8,Sigmoid,500,0.5273772401166945,0.5767388602524299,0.9737539766702016,6.2632508000097005
128,0.01,8,Sigmoid,1000,0.5273772401166945,0.5767388602524299,0.9737539766702016,6.3538954999967245
128,0.01,8,GELU,50,0.5446879093236485,0.5817290697477111,0.9740190880169672,4.105316699991818
128,0.01,8,GELU,100,0.5446879093236485,0.5817290697477111,0.9740190880169672,3.9258101000014
128,0.01,8,GELU,300,0.5446879093236485,0.5817290697477111,0.9740190880169672,4.010047599993413
128,0.01,8,GELU,500,0.5446879093236485,0.5817290697477111,0.9740190880169672,4.021497499998077
128,0.01,8,GELU,1000,0.5446879093236485,0.5817290697477111,0.9740190880169672,3.971242800005712
128,0.01,8,Softmax,50,0.5446879093236485,0.5817290697477111,0.9740190880169672,3.900577799999155
128,0.01,8,Softmax,100,0.5446879093236485,0.5817290697477111,0.9740190880169672,3.922762799993506
128,0.01,8,Softmax,300,0.5446879093236485,0.5817290697477111,0.9740190880169672,3.873368900007336
128,0.01,8,Softmax,500,0.5446879093236485,0.5817290697477111,0.9740190880169672,4.133382800006075
128,0.01,8,Softmax,1000,0.5446879093236485,0.5817290697477111,0.9740190880169672,3.97620150000148
128,0.01,16,ReLU,50,0.5183504132928475,0.5481350720298509,0.9695121951219512,2.319820000004256
128,0.01,16,ReLU,100,0.5183504132928475,0.5481350720298509,0.9695121951219512,2.184797599999001
128,0.01,16,ReLU,300,0.5183504132928475,0.5481350720298509,0.9695121951219512,2.1225639000040246
128,0.01,16,ReLU,500,0.5183504132928475,0.5481350720298509,0.9695121951219512,2.348923500001547
128,0.01,16,ReLU,1000,0.5183504132928475,0.5481350720298509,0.9695121951219512,2.369662099998095
128,0.01,16,Tanh,50,0.4931602638525045,0.5384733688323668,0.9703075291622482,3.1288596999947917
128,0.01,16,Tanh,100,0.4931602638525045,0.5384733688323668,0.9703075291622482,3.1045598999917274
128,0.01,16,Tanh,300,0.4931602638525045,0.5384733688323668,0.9703075291622482,3.122053800005233
128,0.01,16,Tanh,500,0.4931602638525045,0.5384733688323668,0.9703075291622482,3.0630640000017597
128,0.01,16,Tanh,1000,0.4931602638525045,0.5384733688323668,0.9703075291622482,3.2649069000035524
128,0.01,16,Sigmoid,50,0.5499359346471382,0.5935541833521751,0.9734888653234358,3.3441728000034345
128,0.01,16,Sigmoid,100,0.5499359346471382,0.5935541833521751,0.9734888653234358,3.619424399992568
128,0.01,16,Sigmoid,300,0.5499359346471382,0.5935541833521751,0.9734888653234358,3.5802355999912834
128,0.01,16,Sigmoid,500,0.5499359346471382,0.5935541833521751,0.9734888653234358,3.776737599997432
128,0.01,16,Sigmoid,1000,0.5499359346471382,0.5935541833521751,0.9734888653234358,3.7025055999984033
128,0.01,16,GELU,50,0.5183504132928475,0.5481350720298509,0.9695121951219512,2.146188999991864
128,0.01,16,GELU,100,0.5183504132928475,0.5481350720298509,0.9695121951219512,2.2015541000000667
128,0.01,16,GELU,300,0.5183504132928475,0.5481350720298509,0.9695121951219512,2.2075525999971437
128,0.01,16,GELU,500,0.5183504132928475,0.5481350720298509,0.9695121951219512,2.2496630999958143
128,0.01,16,GELU,1000,0.5183504132928475,0.5481350720298509,0.9695121951219512,2.372433500000625
128,0.01,16,Softmax,50,0.5183504132928475,0.5481350720298509,0.9695121951219512,2.347157700001844
128,0.01,16,Softmax,100,0.5183504132928475,0.5481350720298509,0.9695121951219512,2.251860000003944
128,0.01,16,Softmax,300,0.5183504132928475,0.5481350720298509,0.9695121951219512,2.265170800004853
128,0.01,16,Softmax,500,0.5183504132928475,0.5481350720298509,0.9695121951219512,2.232647299999371
128,0.01,16,Softmax,1000,0.5183504132928475,0.5481350720298509,0.9695121951219512,2.226180999990902
128,0.01,32,ReLU,50,0.49625096749226,0.5443863061164742,0.972693531283139,1.0793279000063194
128,0.01,32,ReLU,100,0.49625096749226,0.5443863061164742,0.972693531283139,1.1924468999932287
128,0.01,32,ReLU,300,0.49625096749226,0.5443863061164742,0.972693531283139,1.0867125000077067
128,0.01,32,ReLU,500,0.49625096749226,0.5443863061164742,0.972693531283139,1.2139643999980765
128,0.01,32,ReLU,1000,0.49625096749226,0.5443863061164742,0.972693531283139,1.0966386999934912
128,0.01,32,Tanh,50,0.4530558491108994,0.4961840998169513,0.9700424178154824,1.8232998000021323
128,0.01,32,Tanh,100,0.4530558491108994,0.4961840998169513,0.9700424178154824,1.720098500009044
128,0.01,32,Tanh,300,0.4530558491108994,0.4961840998169513,0.9700424178154824,1.7143788999965182
128,0.01,32,Tanh,500,0.4530558491108994,0.4961840998169513,0.9700424178154824,1.7346108999918215
128,0.01,32,Tanh,1000,0.4530558491108994,0.4961840998169513,0.9700424178154824,1.6650484999991022
128,0.01,32,Sigmoid,50,0.4408865330038898,0.5040654580140789,0.9708377518557796,1.7863513000047533
128,0.01,32,Sigmoid,100,0.4408865330038898,0.5040654580140789,0.9708377518557796,2.1746542000037152
128,0.01,32,Sigmoid,300,0.4408865330038898,0.5040654580140789,0.9708377518557796,2.0966292999946745
128,0.01,32,Sigmoid,500,0.4408865330038898,0.5040654580140789,0.9708377518557796,2.08259530000214
128,0.01,32,Sigmoid,1000,0.4408865330038898,0.5040654580140789,0.9708377518557796,1.988630000007106
128,0.01,32,GELU,50,0.49625096749226,0.5443863061164742,0.972693531283139,1.0964271999982884
128,0.01,32,GELU,100,0.49625096749226,0.5443863061164742,0.972693531283139,1.0550695999991149
128,0.01,32,GELU,300,0.49625096749226,0.5443863061164742,0.972693531283139,1.0747568999940995
128,0.01,32,GELU,500,0.49625096749226,0.5443863061164742,0.972693531283139,1.1163285999937216
128,0.01,32,GELU,1000,0.49625096749226,0.5443863061164742,0.972693531283139,1.2231342000013683
128,0.01,32,Softmax,50,0.49625096749226,0.5443863061164742,0.972693531283139,1.0976948000025004
128,0.01,32,Softmax,100,0.49625096749226,0.5443863061164742,0.972693531283139,1.1077147999894803
128,0.01,32,Softmax,300,0.49625096749226,0.5443863061164742,0.972693531283139,1.0763401000003796
128,0.01,32,Softmax,500,0.49625096749226,0.5443863061164742,0.972693531283139,1.1086064000119222
128,0.01,32,Softmax,1000,0.49625096749226,0.5443863061164742,0.972693531283139,1.0889023000054294
128,0.01,64,ReLU,50,0.5377753011629753,0.5875492778609194,0.9729586426299046,1.069220100005623
128,0.01,64,ReLU,100,0.5377753011629753,0.5875492778609194,0.9729586426299046,1.043697400004021
128,0.01,64,ReLU,300,0.5377753011629753,0.5875492778609194,0.9729586426299046,1.0236151999997674
128,0.01,64,ReLU,500,0.5377753011629753,0.5875492778609194,0.9729586426299046,0.9585270000097807
128,0.01,64,ReLU,1000,0.5377753011629753,0.5875492778609194,0.9729586426299046,0.9389735999866388
128,0.01,64,Tanh,50,0.3981401201675002,0.4355743859315287,0.9642099681866384,0.7508822000090731
128,0.01,64,Tanh,100,0.3981401201675002,0.4355743859315287,0.9642099681866384,0.7824989999935497
128,0.01,64,Tanh,300,0.3981401201675002,0.4355743859315287,0.9642099681866384,0.7491028999938862
128,0.01,64,Tanh,500,0.3981401201675002,0.4355743859315287,0.9642099681866384,0.7300439999962691
128,0.01,64,Tanh,1000,0.3981401201675002,0.4355743859315287,0.9642099681866384,0.7911106999963522
128,0.01,64,Sigmoid,50,0.4142280900214337,0.4596183525884116,0.9684517497348888,1.0649256999895442
128,0.01,64,Sigmoid,100,0.4142280900214337,0.4596183525884116,0.9684517497348888,1.086077200001455
128,0.01,64,Sigmoid,300,0.4142280900214337,0.4596183525884116,0.9684517497348888,1.2860532000049716
128,0.01,64,Sigmoid,500,0.4142280900214337,0.4596183525884116,0.9684517497348888,1.1491992999945069
128,0.01,64,Sigmoid,1000,0.4142280900214337,0.4596183525884116,0.9684517497348888,1.1206598999997368
128,0.01,64,GELU,50,0.5377753011629753,0.5875492778609194,0.9729586426299046,0.940641199995298
128,0.01,64,GELU,100,0.5377753011629753,0.5875492778609194,0.9729586426299046,0.9854793999984396
128,0.01,64,GELU,300,0.5377753011629753,0.5875492778609194,0.9729586426299046,1.0564450999954715
128,0.01,64,GELU,500,0.5377753011629753,0.5875492778609194,0.9729586426299046,1.035950599994976
128,0.01,64,GELU,1000,0.5377753011629753,0.5875492778609194,0.9729586426299046,1.0026280000020051
128,0.01,64,Softmax,50,0.5377753011629753,0.5875492778609194,0.9729586426299046,0.9937996000080602
128,0.01,64,Softmax,100,0.5377753011629753,0.5875492778609194,0.9729586426299046,0.9742588000081014
128,0.01,64,Softmax,300,0.5377753011629753,0.5875492778609194,0.9729586426299046,0.9206439000117824
128,0.01,64,Softmax,500,0.5377753011629753,0.5875492778609194,0.9729586426299046,0.9805426999955672
128,0.01,64,Softmax,1000,0.5377753011629753,0.5875492778609194,0.9729586426299046,0.9485924000036904
128,0.01,128,ReLU,50,0.4946372400174645,0.552736597993695,0.9721633085896076,0.6651904000027571
128,0.01,128,ReLU,100,0.4946372400174645,0.552736597993695,0.9721633085896076,0.6878452999953879
128,0.01,128,ReLU,300,0.4946372400174645,0.552736597993695,0.9721633085896076,0.6992409999947995
128,0.01,128,ReLU,500,0.4946372400174645,0.552736597993695,0.9721633085896076,0.7102692000044044
128,0.01,128,ReLU,1000,0.4946372400174645,0.552736597993695,0.9721633085896076,0.6879017000028398
128,0.01,128,Tanh,50,0.3983370296499167,0.4390005145730985,0.9663308589607637,0.5623635999945691
128,0.01,128,Tanh,100,0.3983370296499167,0.4390005145730985,0.9663308589607637,0.5831552000017837
128,0.01,128,Tanh,300,0.3983370296499167,0.4390005145730985,0.9663308589607637,0.5632353999972111
128,0.01,128,Tanh,500,0.3983370296499167,0.4390005145730985,0.9663308589607637,0.6043059999938123
128,0.01,128,Tanh,1000,0.3983370296499167,0.4390005145730985,0.9663308589607637,0.5715175999939675
128,0.01,128,Sigmoid,50,0.3069471525958561,0.332957027879049,0.966065747613998,0.6768480000027921
128,0.01,128,Sigmoid,100,0.3069471525958561,0.332957027879049,0.966065747613998,0.7087734000087949
128,0.01,128,Sigmoid,300,0.3069471525958561,0.332957027879049,0.966065747613998,0.7395543999882648
128,0.01,128,Sigmoid,500,0.3069471525958561,0.332957027879049,0.966065747613998,0.7041795999975875
128,0.01,128,Sigmoid,1000,0.3069471525958561,0.332957027879049,0.966065747613998,0.7098193999991054
128,0.01,128,GELU,50,0.4946372400174645,0.552736597993695,0.9721633085896076,0.6669563000032213
128,0.01,128,GELU,100,0.4946372400174645,0.552736597993695,0.9721633085896076,0.6861521999962861
128,0.01,128,GELU,300,0.4946372400174645,0.552736597993695,0.9721633085896076,0.6556872000073781
128,0.01,128,GELU,500,0.4946372400174645,0.552736597993695,0.9721633085896076,0.6961521999910474
128,0.01,128,GELU,1000,0.4946372400174645,0.552736597993695,0.9721633085896076,0.6441565999994054
128,0.01,128,Softmax,50,0.4946372400174645,0.552736597993695,0.9721633085896076,0.6577786999987438
128,0.01,128,Softmax,100,0.4946372400174645,0.552736597993695,0.9721633085896076,0.6654313000035472
128,0.01,128,Softmax,300,0.4946372400174645,0.552736597993695,0.9721633085896076,0.6581161999929463
128,0.01,128,Softmax,500,0.4946372400174645,0.552736597993695,0.9721633085896076,0.6353464999992866
128,0.01,128,Softmax,1000,0.4946372400174645,0.552736597993695,0.9721633085896076,0.6349181999976281
128,0.001,8,ReLU,50,0.5107453659601492,0.5616904502329686,0.9734888653234358,6.159958200005349
128,0.001,8,ReLU,100,0.5107453659601492,0.5616904502329686,0.9734888653234358,6.273618799998076
128,0.001,8,ReLU,300,0.5107453659601492,0.5616904502329686,0.9734888653234358,5.92202549999638
128,0.001,8,ReLU,500,0.5107453659601492,0.5616904502329686,0.9734888653234358,6.014482500002487
128,0.001,8,ReLU,1000,0.5107453659601492,0.5616904502329686,0.9734888653234358,6.0449864999973215
128,0.001,8,Tanh,50,0.352556040128602,0.385790280921131,0.9676564156945916,3.0222623000008757
128,0.001,8,Tanh,100,0.352556040128602,0.385790280921131,0.9676564156945916,3.0337390000058804
128,0.001,8,Tanh,300,0.352556040128602,0.385790280921131,0.9676564156945916,3.023084000000381
128,0.001,8,Tanh,500,0.352556040128602,0.385790280921131,0.9676564156945916,3.196601899995585
128,0.001,8,Tanh,1000,0.352556040128602,0.385790280921131,0.9676564156945916,2.9895793000032427
128,0.001,8,Sigmoid,50,0.3274694619750735,0.3569069228883642,0.9652704135737008,5.4088188000023365
128,0.001,8,Sigmoid,100,0.3274694619750735,0.3569069228883642,0.9652704135737008,5.381522700001369
128,0.001,8,Sigmoid,300,0.3274694619750735,0.3569069228883642,0.9652704135737008,5.375153900007717
128,0.001,8,Sigmoid,500,0.3274694619750735,0.3569069228883642,0.9652704135737008,5.478217400013818
128,0.001,8,Sigmoid,1000,0.3274694619750735,0.3569069228883642,0.9652704135737008,5.536492400002317
128,0.001,8,GELU,50,0.5107453659601492,0.5616904502329686,0.9734888653234358,6.171013300001505
128,0.001,8,GELU,100,0.5107453659601492,0.5616904502329686,0.9734888653234358,6.090027700003702
128,0.001,8,GELU,300,0.5107453659601492,0.5616904502329686,0.9734888653234358,6.339744100012467
128,0.001,8,GELU,500,0.5107453659601492,0.5616904502329686,0.9734888653234358,6.04715589999978
128,0.001,8,GELU,1000,0.5107453659601492,0.5616904502329686,0.9734888653234358,5.859858399999212
128,0.001,8,Softmax,50,0.5107453659601492,0.5616904502329686,0.9734888653234358,6.1459734000090975
128,0.001,8,Softmax,100,0.5107453659601492,0.5616904502329686,0.9734888653234358,5.991619100008393
128,0.001,8,Softmax,300,0.5107453659601492,0.5616904502329686,0.9734888653234358,6.131214500011993
128,0.001,8,Softmax,500,0.5107453659601492,0.5616904502329686,0.9734888653234358,6.203354099998251
128,0.001,8,Softmax,1000,0.5107453659601492,0.5616904502329686,0.9734888653234358,5.926158600006602
128,0.001,16,ReLU,50,0.4584803177343812,0.535294226123372,0.972693531283139,2.4420421999966493
128,0.001,16,ReLU,100,0.4584803177343812,0.535294226123372,0.972693531283139,2.379761099989992
128,0.001,16,ReLU,300,0.4584803177343812,0.535294226123372,0.972693531283139,2.2743936000042595
128,0.001,16,ReLU,500,0.4584803177343812,0.535294226123372,0.972693531283139,2.213067900011083
128,0.001,16,ReLU,1000,0.4584803177343812,0.535294226123372,0.972693531283139,2.1927888999925926
128,0.001,16,Tanh,50,0.3255611455108359,0.3532331276006759,0.9647401908801696,2.6306292999943253
128,0.001,16,Tanh,100,0.3255611455108359,0.3532331276006759,0.9647401908801696,2.5686236999899847
128,0.001,16,Tanh,300,0.3255611455108359,0.3532331276006759,0.9647401908801696,2.6685517000005348
128,0.001,16,Tanh,500,0.3255611455108359,0.3532331276006759,0.9647401908801696,2.6368799000047147
128,0.001,16,Tanh,1000,0.3255611455108359,0.3532331276006759,0.9647401908801696,2.536040299994056
128,0.001,16,Sigmoid,50,0.2902529496110185,0.3106941409327017,0.9663308589607637,2.1231484999880195
128,0.001,16,Sigmoid,100,0.2902529496110185,0.3106941409327017,0.9663308589607637,2.106276500009699
128,0.001,16,Sigmoid,300,0.2902529496110185,0.3106941409327017,0.9663308589607637,2.21242809999967
128,0.001,16,Sigmoid,500,0.2902529496110185,0.3106941409327017,0.9663308589607637,2.12522080000781
128,0.001,16,Sigmoid,1000,0.2902529496110185,0.3106941409327017,0.9663308589607637,2.25274179999542
128,0.001,16,GELU,50,0.4584803177343812,0.535294226123372,0.972693531283139,2.262313400002313
128,0.001,16,GELU,100,0.4584803177343812,0.535294226123372,0.972693531283139,2.193455400003586
128,0.001,16,GELU,300,0.4584803177343812,0.535294226123372,0.972693531283139,2.232619699992938
128,0.001,16,GELU,500,0.4584803177343812,0.535294226123372,0.972693531283139,2.2320378000003984
128,0.001,16,GELU,1000,0.4584803177343812,0.535294226123372,0.972693531283139,2.2899213999917265
128,0.001,16,Softmax,50,0.4584803177343812,0.535294226123372,0.972693531283139,2.1482304999954067
128,0.001,16,Softmax,100,0.4584803177343812,0.535294226123372,0.972693531283139,2.4142827999894507
128,0.001,16,Softmax,300,0.4584803177343812,0.535294226123372,0.972693531283139,2.3670693000021856
128,0.001,16,Softmax,500,0.4584803177343812,0.535294226123372,0.972693531283139,2.2757515999983298
128,0.001,16,Softmax,1000,0.4584803177343812,0.535294226123372,0.972693531283139,2.207900299996254
128,0.001,32,ReLU,50,0.3280062341232039,0.374106968797149,0.96898197242842,1.4371451000042723
128,0.001,32,ReLU,100,0.3280062341232039,0.374106968797149,0.96898197242842,1.4726330999983477
128,0.001,32,ReLU,300,0.3280062341232039,0.374106968797149,0.96898197242842,1.4219852999958675
128,0.001,32,ReLU,500,0.3280062341232039,0.374106968797149,0.96898197242842,1.4414459000108764
128,0.001,32,ReLU,1000,0.3280062341232039,0.374106968797149,0.96898197242842,1.4189941999939035
128,0.001,32,Tanh,50,0.321370229518933,0.3501953859863362,0.9668610816542949,1.797631100009312
128,0.001,32,Tanh,100,0.321370229518933,0.3501953859863362,0.9668610816542949,1.816729900005157
128,0.001,32,Tanh,300,0.321370229518933,0.3501953859863362,0.9668610816542949,1.726564500000677
128,0.001,32,Tanh,500,0.321370229518933,0.3501953859863362,0.9668610816542949,1.7447418999945512
128,0.001,32,Tanh,1000,0.321370229518933,0.3501953859863362,0.9668610816542949,1.7444542000012009
128,0.001,32,Sigmoid,50,0.25,0.245822102425876,0.9671261930010604,0.614519199996721
128,0.001,32,Sigmoid,100,0.25,0.245822102425876,0.9671261930010604,0.6779389000002993
128,0.001,32,Sigmoid,300,0.25,0.245822102425876,0.9671261930010604,0.6441645000013523
128,0.001,32,Sigmoid,500,0.25,0.245822102425876,0.9671261930010604,0.6567560999974376
128,0.001,32,Sigmoid,1000,0.25,0.245822102425876,0.9671261930010604,0.6559722000092734
128,0.001,32,GELU,50,0.3280062341232039,0.374106968797149,0.96898197242842,1.401252999989083
128,0.001,32,GELU,100,0.3280062341232039,0.374106968797149,0.96898197242842,1.3801011000032304
128,0.001,32,GELU,300,0.3280062341232039,0.374106968797149,0.96898197242842,1.4962914000061571
128,0.001,32,GELU,500,0.3280062341232039,0.374106968797149,0.96898197242842,1.4669347000017297
128,0.001,32,GELU,1000,0.3280062341232039,0.374106968797149,0.96898197242842,1.445900899998378
128,0.001,32,Softmax,50,0.3280062341232039,0.374106968797149,0.96898197242842,1.4727547000074992
128,0.001,32,Softmax,100,0.3280062341232039,0.374106968797149,0.96898197242842,1.3868073999910848
128,0.001,32,Softmax,300,0.3280062341232039,0.374106968797149,0.96898197242842,1.4118869999947492
128,0.001,32,Softmax,500,0.3280062341232039,0.374106968797149,0.96898197242842,1.4748391000030097
128,0.001,32,Softmax,1000,0.3280062341232039,0.374106968797149,0.96898197242842,1.3902227000071434
128,0.001,64,ReLU,50,0.2547391616059379,0.255113378175263,0.9671261930010604,0.90520869998727
128,0.001,64,ReLU,100,0.2547391616059379,0.255113378175263,0.9671261930010604,0.9386050000030082
128,0.001,64,ReLU,300,0.2547391616059379,0.255113378175263,0.9671261930010604,0.8747094999998808
128,0.001,64,ReLU,500,0.2547391616059379,0.255113378175263,0.9671261930010604,0.8734628000092926
128,0.001,64,ReLU,1000,0.2547391616059379,0.255113378175263,0.9671261930010604,0.8617818000057014
128,0.001,64,Tanh,50,0.264080423414305,0.2711738637299112,0.9665959703075292,0.8133957999962149
128,0.001,64,Tanh,100,0.264080423414305,0.2711738637299112,0.9665959703075292,0.8974744999868562
128,0.001,64,Tanh,300,0.264080423414305,0.2711738637299112,0.9665959703075292,0.8134170999983326
128,0.001,64,Tanh,500,0.264080423414305,0.2711738637299112,0.9665959703075292,0.8686798999988241
128,0.001,64,Tanh,1000,0.264080423414305,0.2711738637299112,0.9665959703075292,0.8334198000084143
128,0.001,64,Sigmoid,50,0.25,0.245822102425876,0.9671261930010604,0.4357962000067346
128,0.001,64,Sigmoid,100,0.25,0.245822102425876,0.9671261930010604,0.435894999987795
128,0.001,64,Sigmoid,300,0.25,0.245822102425876,0.9671261930010604,0.4590214000054402
128,0.001,64,Sigmoid,500,0.25,0.245822102425876,0.9671261930010604,0.4571932000108063
128,0.001,64,Sigmoid,1000,0.25,0.245822102425876,0.9671261930010604,0.4271131999994395
128,0.001,64,GELU,50,0.2547391616059379,0.255113378175263,0.9671261930010604,0.8787614000029862
128,0.001,64,GELU,100,0.2547391616059379,0.255113378175263,0.9671261930010604,0.9097645000001648
128,0.001,64,GELU,300,0.2547391616059379,0.255113378175263,0.9671261930010604,0.8527585999981966
128,0.001,64,GELU,500,0.2547391616059379,0.255113378175263,0.9671261930010604,0.8453289000026416
128,0.001,64,GELU,1000,0.2547391616059379,0.255113378175263,0.9671261930010604,0.8566313000046648
128,0.001,64,Softmax,50,0.2547391616059379,0.255113378175263,0.9671261930010604,0.8979852999909781
128,0.001,64,Softmax,100,0.2547391616059379,0.255113378175263,0.9671261930010604,0.8327807000023313
128,0.001,64,Softmax,300,0.2547391616059379,0.255113378175263,0.9671261930010604,0.8343695999938063
128,0.001,64,Softmax,500,0.2547391616059379,0.255113378175263,0.9671261930010604,0.8744524000067031
128,0.001,64,Softmax,1000,0.2547391616059379,0.255113378175263,0.9671261930010604,0.8878990999946836
128,0.001,128,ReLU,50,0.25,0.245822102425876,0.9671261930010604,0.2867133999970974
128,0.001,128,ReLU,100,0.25,0.245822102425876,0.9671261930010604,0.2875776000000769
128,0.001,128,ReLU,300,0.25,0.245822102425876,0.9671261930010604,0.2996742000104859
128,0.001,128,ReLU,500,0.25,0.245822102425876,0.9671261930010604,0.3085462000017287
128,0.001,128,ReLU,1000,0.25,0.245822102425876,0.9671261930010604,0.3514349000033689
128,0.001,128,Tanh,50,0.2546021002024291,0.2550116864437253,0.9665959703075292,0.4768158999941079
128,0.001,128,Tanh,100,0.2546021002024291,0.2550116864437253,0.9665959703075292,0.4774502000072971
128,0.001,128,Tanh,300,0.2546021002024291,0.2550116864437253,0.9665959703075292,0.4569769999943673
128,0.001,128,Tanh,500,0.2546021002024291,0.2550116864437253,0.9665959703075292,0.4570912000053795
128,0.001,128,Tanh,1000,0.2546021002024291,0.2550116864437253,0.9665959703075292,0.4579902999976184
128,0.001,128,Sigmoid,50,0.25,0.245822102425876,0.9671261930010604,0.3301295999990543
128,0.001,128,Sigmoid,100,0.25,0.245822102425876,0.9671261930010604,0.330266400007531
128,0.001,128,Sigmoid,300,0.25,0.245822102425876,0.9671261930010604,0.3095876000006683
128,0.001,128,Sigmoid,500,0.25,0.245822102425876,0.9671261930010604,0.3085988999955589
128,0.001,128,Sigmoid,1000,0.25,0.245822102425876,0.9671261930010604,0.3197459000075469
128,0.001,128,GELU,50,0.25,0.245822102425876,0.9671261930010604,0.2988846999942325
128,0.001,128,GELU,100,0.25,0.245822102425876,0.9671261930010604,0.308981499998481
128,0.001,128,GELU,300,0.25,0.245822102425876,0.9671261930010604,0.2995752999995602
128,0.001,128,GELU,500,0.25,0.245822102425876,0.9671261930010604,0.2994628000014927
128,0.001,128,GELU,1000,0.25,0.245822102425876,0.9671261930010604,0.2913584000052651
128,0.001,128,Softmax,50,0.25,0.245822102425876,0.9671261930010604,0.2989109000045573
128,0.001,128,Softmax,100,0.25,0.245822102425876,0.9671261930010604,0.311928800001624
128,0.001,128,Softmax,300,0.25,0.245822102425876,0.9671261930010604,0.3005314000038197
128,0.001,128,Softmax,500,0.25,0.245822102425876,0.9671261930010604,0.2985123999969801
128,0.001,128,Softmax,1000,0.25,0.245822102425876,0.9671261930010604,0.3001808999979403
128,0.0001,8,ReLU,50,0.25,0.245822102425876,0.9671261930010604,2.1072351000038907
128,0.0001,8,ReLU,100,0.25,0.245822102425876,0.9671261930010604,1.9806011999899056
128,0.0001,8,ReLU,300,0.25,0.245822102425876,0.9671261930010604,1.9186894000013128
128,0.0001,8,ReLU,500,0.25,0.245822102425876,0.9671261930010604,1.981597599995439
128,0.0001,8,ReLU,1000,0.25,0.245822102425876,0.9671261930010604,2.079215700010536
128,0.0001,8,Tanh,50,0.25,0.2458883796171475,0.9671261930010604,2.2736504999920726
128,0.0001,8,Tanh,100,0.25,0.2458883796171475,0.9671261930010604,2.0861121000052663
128,0.0001,8,Tanh,300,0.25,0.2458883796171475,0.9671261930010604,2.1049787999945693
128,0.0001,8,Tanh,500,0.25,0.2458883796171475,0.9671261930010604,2.106694100002642
128,0.0001,8,Tanh,1000,0.25,0.2458883796171475,0.9671261930010604,2.150074999997741
128,0.0001,8,Sigmoid,50,0.25,0.245822102425876,0.9671261930010604,1.940165799998795
128,0.0001,8,Sigmoid,100,0.25,0.245822102425876,0.9671261930010604,1.940170000001672
128,0.0001,8,Sigmoid,300,0.25,0.245822102425876,0.9671261930010604,2.1186327999894274
128,0.0001,8,Sigmoid,500,0.25,0.245822102425876,0.9671261930010604,2.084712800002308
128,0.0001,8,Sigmoid,1000,0.25,0.245822102425876,0.9671261930010604,1.997379100008402
128,0.0001,8,GELU,50,0.25,0.245822102425876,0.9671261930010604,1.9712316999939503
128,0.0001,8,GELU,100,0.25,0.245822102425876,0.9671261930010604,1.941129600003478
128,0.0001,8,GELU,300,0.25,0.245822102425876,0.9671261930010604,2.0043090999970445
128,0.0001,8,GELU,500,0.25,0.245822102425876,0.9671261930010604,1.9674691000109303
128,0.0001,8,GELU,1000,0.25,0.245822102425876,0.9671261930010604,2.0224173000024166
128,0.0001,8,Softmax,50,0.25,0.245822102425876,0.9671261930010604,2.102136599991354
128,0.0001,8,Softmax,100,0.25,0.245822102425876,0.9671261930010604,2.1037085999996634
128,0.0001,8,Softmax,300,0.25,0.245822102425876,0.9671261930010604,1.9413429999985965
128,0.0001,8,Softmax,500,0.25,0.245822102425876,0.9671261930010604,2.1565186999941943
128,0.0001,8,Softmax,1000,0.25,0.245822102425876,0.9671261930010604,2.1798783999984157
128,0.0001,16,ReLU,50,0.25,0.245822102425876,0.9671261930010604,1.1900192000030074
128,0.0001,16,ReLU,100,0.25,0.245822102425876,0.9671261930010604,1.2839794999890728
128,0.0001,16,ReLU,300,0.25,0.245822102425876,0.9671261930010604,1.152430700007244
128,0.0001,16,ReLU,500,0.25,0.245822102425876,0.9671261930010604,1.1579391999985091
128,0.0001,16,ReLU,1000,0.25,0.245822102425876,0.9671261930010604,1.2100161999987904
128,0.0001,16,Tanh,50,0.2499314692982456,0.2458541189160037,0.9668610816542949,1.371997099995497
128,0.0001,16,Tanh,100,0.2499314692982456,0.2458541189160037,0.9668610816542949,1.5266783999977631
128,0.0001,16,Tanh,300,0.2499314692982456,0.2458541189160037,0.9668610816542949,1.4041188999981389
128,0.0001,16,Tanh,500,0.2499314692982456,0.2458541189160037,0.9668610816542949,1.2981757000088692
128,0.0001,16,Tanh,1000,0.2499314692982456,0.2458541189160037,0.9668610816542949,1.2871383000019705
128,0.0001,16,Sigmoid,50,0.25,0.245822102425876,0.9671261930010604,1.0928468000056455
128,0.0001,16,Sigmoid,100,0.25,0.245822102425876,0.9671261930010604,1.0834104000095977
128,0.0001,16,Sigmoid,300,0.25,0.245822102425876,0.9671261930010604,1.1200749999989057
128,0.0001,16,Sigmoid,500,0.25,0.245822102425876,0.9671261930010604,1.1092141999979503
128,0.0001,16,Sigmoid,1000,0.25,0.245822102425876,0.9671261930010604,1.1094783000007735
128,0.0001,16,GELU,50,0.25,0.245822102425876,0.9671261930010604,1.171003000010387
128,0.0001,16,GELU,100,0.25,0.245822102425876,0.9671261930010604,1.152656799997203
128,0.0001,16,GELU,300,0.25,0.245822102425876,0.9671261930010604,1.1936871000070823
128,0.0001,16,GELU,500,0.25,0.245822102425876,0.9671261930010604,1.2776174999889918
128,0.0001,16,GELU,1000,0.25,0.245822102425876,0.9671261930010604,1.2562155999912648
128,0.0001,16,Softmax,50,0.25,0.245822102425876,0.9671261930010604,1.2188375999976415
128,0.0001,16,Softmax,100,0.25,0.245822102425876,0.9671261930010604,1.17527870000049
128,0.0001,16,Softmax,300,0.25,0.245822102425876,0.9671261930010604,1.1874863000120968
128,0.0001,16,Softmax,500,0.25,0.245822102425876,0.9671261930010604,1.1741788999934215
128,0.0001,16,Softmax,1000,0.25,0.245822102425876,0.9671261930010604,1.181718699997873
128,0.0001,32,ReLU,50,0.25,0.245822102425876,0.9671261930010604,0.7486451999866404
128,0.0001,32,ReLU,100,0.25,0.245822102425876,0.9671261930010604,0.8065341000037733
128,0.0001,32,ReLU,300,0.25,0.245822102425876,0.9671261930010604,0.7426019999984419
128,0.0001,32,ReLU,500,0.25,0.245822102425876,0.9671261930010604,0.7846999000030337
128,0.0001,32,ReLU,1000,0.25,0.245822102425876,0.9671261930010604,0.7401104000018677
128,0.0001,32,Tanh,50,0.2497944078947368,0.245752427184466,0.9663308589607637,0.8673350999888498
128,0.0001,32,Tanh,100,0.2497944078947368,0.245752427184466,0.9663308589607637,0.8574961999984225
128,0.0001,32,Tanh,300,0.2497944078947368,0.245752427184466,0.9663308589607637,0.8773857000051066
128,0.0001,32,Tanh,500,0.2497944078947368,0.245752427184466,0.9663308589607637,0.9530782999936492
128,0.0001,32,Tanh,1000,0.2497944078947368,0.245752427184466,0.9663308589607637,0.9105744999978924
128,0.0001,32,Sigmoid,50,0.25,0.245822102425876,0.9671261930010604,0.7010464000049978
128,0.0001,32,Sigmoid,100,0.25,0.245822102425876,0.9671261930010604,0.7299804000067525
128,0.0001,32,Sigmoid,300,0.25,0.245822102425876,0.9671261930010604,0.6890851000061957
128,0.0001,32,Sigmoid,500,0.25,0.245822102425876,0.9671261930010604,0.6258423999970546
128,0.0001,32,Sigmoid,1000,0.25,0.245822102425876,0.9671261930010604,0.6379627999995137
128,0.0001,32,GELU,50,0.25,0.245822102425876,0.9671261930010604,0.7405996000015875
128,0.0001,32,GELU,100,0.25,0.245822102425876,0.9671261930010604,0.729395399990608
128,0.0001,32,GELU,300,0.25,0.245822102425876,0.9671261930010604,0.719782900006976
128,0.0001,32,GELU,500,0.25,0.245822102425876,0.9671261930010604,0.7417200000054436
128,0.0001,32,GELU,1000,0.25,0.245822102425876,0.9671261930010604,0.7310200999927474
128,0.0001,32,Softmax,50,0.25,0.245822102425876,0.9671261930010604,0.7290017000050284
128,0.0001,32,Softmax,100,0.25,0.245822102425876,0.9671261930010604,0.7292973000003258
128,0.0001,32,Softmax,300,0.25,0.245822102425876,0.9671261930010604,0.7289167999988422
128,0.0001,32,Softmax,500,0.25,0.245822102425876,0.9671261930010604,0.7492984999989858
128,0.0001,32,Softmax,1000,0.25,0.245822102425876,0.9671261930010604,0.7522657000081381
128,0.0001,64,ReLU,50,0.2498629385964912,0.2457535723914801,0.9665959703075292,0.5416264999948908
128,0.0001,64,ReLU,100,0.2498629385964912,0.2457535723914801,0.9665959703075292,0.5717120000044815
128,0.0001,64,ReLU,300,0.2498629385964912,0.2457535723914801,0.9665959703075292,0.6532428000064101
128,0.0001,64,ReLU,500,0.2498629385964912,0.2457535723914801,0.9665959703075292,0.561349199997494
128,0.0001,64,ReLU,1000,0.2498629385964912,0.2457535723914801,0.9665959703075292,0.561479900003178
128,0.0001,64,Tanh,50,0.2493832236842105,0.2455465587044534,0.9647401908801696,0.7386620000033872
128,0.0001,64,Tanh,100,0.2493832236842105,0.2455465587044534,0.9647401908801696,0.8026858000084758
128,0.0001,64,Tanh,300,0.2493832236842105,0.2455465587044534,0.9647401908801696,0.8032361000077799
128,0.0001,64,Tanh,500,0.2493832236842105,0.2455465587044534,0.9647401908801696,0.7711029999918537
128,0.0001,64,Tanh,1000,0.2493832236842105,0.2455465587044534,0.9647401908801696,0.8015662999969209
128,0.0001,64,Sigmoid,50,0.25,0.245822102425876,0.9671261930010604,0.4252448999905027
128,0.0001,64,Sigmoid,100,0.25,0.245822102425876,0.9671261930010604,0.4572598999948241
128,0.0001,64,Sigmoid,300,0.25,0.245822102425876,0.9671261930010604,0.4787958999950206
128,0.0001,64,Sigmoid,500,0.25,0.245822102425876,0.9671261930010604,0.4357698000094387
128,0.0001,64,Sigmoid,1000,0.25,0.245822102425876,0.9671261930010604,0.4260472000023583
128,0.0001,64,GELU,50,0.2498629385964912,0.2457535723914801,0.9665959703075292,0.5858754999935627
128,0.0001,64,GELU,100,0.2498629385964912,0.2457535723914801,0.9665959703075292,0.5357162000000244
128,0.0001,64,GELU,300,0.2498629385964912,0.2457535723914801,0.9665959703075292,0.540943400003016
128,0.0001,64,GELU,500,0.2498629385964912,0.2457535723914801,0.9665959703075292,0.5736189000017475
128,0.0001,64,GELU,1000,0.2498629385964912,0.2457535723914801,0.9665959703075292,0.6284928999957629
128,0.0001,64,Softmax,50,0.2498629385964912,0.2457535723914801,0.9665959703075292,0.5519655999960378
128,0.0001,64,Softmax,100,0.2498629385964912,0.2457535723914801,0.9665959703075292,0.5629377000004752
128,0.0001,64,Softmax,300,0.2498629385964912,0.2457535723914801,0.9665959703075292,0.6038931000075536
128,0.0001,64,Softmax,500,0.2498629385964912,0.2457535723914801,0.9665959703075292,0.5748463999916567
128,0.0001,64,Softmax,1000,0.2498629385964912,0.2457535723914801,0.9665959703075292,0.551033700001426
128,0.0001,128,ReLU,50,0.2494517543859649,0.2455477603885591,0.9650053022269351,0.4890892000112217
128,0.0001,128,ReLU,100,0.2494517543859649,0.2455477603885591,0.9650053022269351,0.4677341999922646
128,0.0001,128,ReLU,300,0.2494517543859649,0.2455477603885591,0.9650053022269351,0.5252886999951443
128,0.0001,128,ReLU,500,0.2494517543859649,0.2455477603885591,0.9650053022269351,0.499605299992254
128,0.0001,128,ReLU,1000,0.2494517543859649,0.2455477603885591,0.9650053022269351,0.4783074000006309
128,0.0001,128,Tanh,50,0.248766447368421,0.2452371301175517,0.9623541887592788,0.7298044999915874
128,0.0001,128,Tanh,100,0.248766447368421,0.2452371301175517,0.9623541887592788,0.7283441999898059
128,0.0001,128,Tanh,300,0.248766447368421,0.2452371301175517,0.9623541887592788,0.7167092000017874
128,0.0001,128,Tanh,500,0.248766447368421,0.2452371301175517,0.9623541887592788,0.8040070999995805
128,0.0001,128,Tanh,1000,0.248766447368421,0.2452371301175517,0.9623541887592788,0.7622567000071285
128,0.0001,128,Sigmoid,50,0.25,0.245822102425876,0.9671261930010604,0.3304015999892726
128,0.0001,128,Sigmoid,100,0.25,0.245822102425876,0.9671261930010604,0.3342956000124104
128,0.0001,128,Sigmoid,300,0.25,0.245822102425876,0.9671261930010604,0.3424419000075431
128,0.0001,128,Sigmoid,500,0.25,0.245822102425876,0.9671261930010604,0.3723419000016292
128,0.0001,128,Sigmoid,1000,0.25,0.245822102425876,0.9671261930010604,0.3636334000038914
128,0.0001,128,GELU,50,0.2494517543859649,0.2455477603885591,0.9650053022269351,0.5013203999988036
128,0.0001,128,GELU,100,0.2494517543859649,0.2455477603885591,0.9650053022269351,0.5318217000021832
128,0.0001,128,GELU,300,0.2494517543859649,0.2455477603885591,0.9650053022269351,0.4679405000060797
128,0.0001,128,GELU,500,0.2494517543859649,0.2455477603885591,0.9650053022269351,0.5080030000099214
128,0.0001,128,GELU,1000,0.2494517543859649,0.2455477603885591,0.9650053022269351,0.4679567999992287
128,0.0001,128,Softmax,50,0.2494517543859649,0.2455477603885591,0.9650053022269351,0.4888362999918172
128,0.0001,128,Softmax,100,0.2494517543859649,0.2455477603885591,0.9650053022269351,0.4798395000107121
128,0.0001,128,Softmax,300,0.2494517543859649,0.2455477603885591,0.9650053022269351,0.4787798000033945
128,0.0001,128,Softmax,500,0.2494517543859649,0.2455477603885591,0.9650053022269351,0.4867219000007026
128,0.0001,128,Softmax,1000,0.2494517543859649,0.2455477603885591,0.9650053022269351,0.4687640000047395
128,0.00025,8,ReLU,50,0.2668312643883464,0.2779958578171659,0.967391304347826,4.593106200001785
128,0.00025,8,ReLU,100,0.2668312643883464,0.2779958578171659,0.967391304347826,4.3659576999925775
128,0.00025,8,ReLU,300,0.2668312643883464,0.2779958578171659,0.967391304347826,4.444723100008559
128,0.00025,8,ReLU,500,0.2668312643883464,0.2779958578171659,0.967391304347826,4.433602599994629
128,0.00025,8,ReLU,1000,0.2668312643883464,0.2779958578171659,0.967391304347826,4.272220999991987
128,0.00025,8,Tanh,50,0.3045389651305866,0.3286988990071737,0.9665959703075292,4.401688199999626
128,0.00025,8,Tanh,100,0.3045389651305866,0.3286988990071737,0.9665959703075292,4.255741300003137
128,0.00025,8,Tanh,300,0.3045389651305866,0.3286988990071737,0.9665959703075292,4.26923479999823
128,0.00025,8,Tanh,500,0.3045389651305866,0.3286988990071737,0.9665959703075292,4.359301600008621
128,0.00025,8,Tanh,1000,0.3045389651305866,0.3286988990071737,0.9665959703075292,4.554074899991974
128,0.00025,8,Sigmoid,50,0.25,0.245822102425876,0.9671261930010604,1.9692211999936264
128,0.00025,8,Sigmoid,100,0.25,0.245822102425876,0.9671261930010604,1.9582565000018803
128,0.00025,8,Sigmoid,300,0.25,0.245822102425876,0.9671261930010604,1.9468527999997605
128,0.00025,8,Sigmoid,500,0.25,0.245822102425876,0.9671261930010604,1.9178451000043424
128,0.00025,8,Sigmoid,1000,0.25,0.245822102425876,0.9671261930010604,1.957839399998193
128,0.00025,8,GELU,50,0.2668312643883464,0.2779958578171659,0.967391304347826,4.530436199987889
128,0.00025,8,GELU,100,0.2668312643883464,0.2779958578171659,0.967391304347826,4.41775079999934
128,0.00025,8,GELU,300,0.2668312643883464,0.2779958578171659,0.967391304347826,4.344870600005379
128,0.00025,8,GELU,500,0.2668312643883464,0.2779958578171659,0.967391304347826,4.3075991999940015
128,0.00025,8,GELU,1000,0.2668312643883464,0.2779958578171659,0.967391304347826,4.459063400005107
128,0.00025,8,Softmax,50,0.2668312643883464,0.2779958578171659,0.967391304347826,4.312036299990723
128,0.00025,8,Softmax,100,0.2668312643883464,0.2779958578171659,0.967391304347826,4.244283499996527
128,0.00025,8,Softmax,300,0.2668312643883464,0.2779958578171659,0.967391304347826,4.3202563999948325
128,0.00025,8,Softmax,500,0.2668312643883464,0.2779958578171659,0.967391304347826,4.488417400003527
128,0.00025,8,Softmax,1000,0.2668312643883464,0.2779958578171659,0.967391304347826,4.261411600004067
128,0.00025,16,ReLU,50,0.25,0.245822102425876,0.9671261930010604,1.0652100999868708
128,0.00025,16,ReLU,100,0.25,0.245822102425876,0.9671261930010604,1.1737473999965005
128,0.00025,16,ReLU,300,0.25,0.245822102425876,0.9671261930010604,1.1170971999963513
128,0.00025,16,ReLU,500,0.25,0.245822102425876,0.9671261930010604,1.1398967999994056
128,0.00025,16,ReLU,1000,0.25,0.245822102425876,0.9671261930010604,1.1194434999924852
128,0.00025,16,Tanh,50,0.2497258771929824,0.2456850053937432,0.966065747613998,1.5737874999904309
128,0.00025,16,Tanh,100,0.2497258771929824,0.2456850053937432,0.966065747613998,1.4940170000045327
128,0.00025,16,Tanh,300,0.2497258771929824,0.2456850053937432,0.966065747613998,1.5117000000027474
128,0.00025,16,Tanh,500,0.2497258771929824,0.2456850053937432,0.966065747613998,1.4232199000107355
128,0.00025,16,Tanh,1000,0.2497258771929824,0.2456850053937432,0.966065747613998,1.454811299990979
128,0.00025,16,Sigmoid,50,0.25,0.245822102425876,0.9671261930010604,1.0641717000107749
128,0.00025,16,Sigmoid,100,0.25,0.245822102425876,0.9671261930010604,1.075956499989843
128,0.00025,16,Sigmoid,300,0.25,0.245822102425876,0.9671261930010604,1.0571007000107784
128,0.00025,16,Sigmoid,500,0.25,0.245822102425876,0.9671261930010604,1.0775882999878377
128,0.00025,16,Sigmoid,1000,0.25,0.245822102425876,0.9671261930010604,1.0951127000007546
128,0.00025,16,GELU,50,0.25,0.245822102425876,0.9671261930010604,1.0979774000006728
128,0.00025,16,GELU,100,0.25,0.245822102425876,0.9671261930010604,1.0449538999964716
128,0.00025,16,GELU,300,0.25,0.245822102425876,0.9671261930010604,1.0554643999930704
128,0.00025,16,GELU,500,0.25,0.245822102425876,0.9671261930010604,1.120027700002538
128,0.00025,16,GELU,1000,0.25,0.245822102425876,0.9671261930010604,1.162113300000783
128,0.00025,16,Softmax,50,0.25,0.245822102425876,0.9671261930010604,1.1303467000107048
128,0.00025,16,Softmax,100,0.25,0.245822102425876,0.9671261930010604,1.200671800004784
128,0.00025,16,Softmax,300,0.25,0.245822102425876,0.9671261930010604,1.1210317999939434
128,0.00025,16,Softmax,500,0.25,0.245822102425876,0.9671261930010604,1.0472584000090135
128,0.00025,16,Softmax,1000,0.25,0.245822102425876,0.9671261930010604,1.158853500004625
128,0.00025,32,ReLU,50,0.2497944078947368,0.2457192935148982,0.9663308589607637,0.6895072000043001
128,0.00025,32,ReLU,100,0.2497944078947368,0.2457192935148982,0.9663308589607637,0.6882286999898497
128,0.00025,32,ReLU,300,0.2497944078947368,0.2457192935148982,0.9663308589607637,0.6785697000013897
128,0.00025,32,ReLU,500,0.2497944078947368,0.2457192935148982,0.9663308589607637,0.6571425000001909
128,0.00025,32,ReLU,1000,0.2497944078947368,0.2457192935148982,0.9663308589607637,0.6358747999911429
128,0.00025,32,Tanh,50,0.2497258771929824,0.2456850053937432,0.966065747613998,0.719155500002671
128,0.00025,32,Tanh,100,0.2497258771929824,0.2456850053937432,0.966065747613998,0.7388671000080649
128,0.00025,32,Tanh,300,0.2497258771929824,0.2456850053937432,0.966065747613998,0.7394373999995878
128,0.00025,32,Tanh,500,0.2497258771929824,0.2456850053937432,0.966065747613998,0.7093254999927012
128,0.00025,32,Tanh,1000,0.2497258771929824,0.2456850053937432,0.966065747613998,0.6886002999963239
128,0.00025,32,Sigmoid,50,0.25,0.245822102425876,0.9671261930010604,0.6463801999925636
128,0.00025,32,Sigmoid,100,0.25,0.245822102425876,0.9671261930010604,0.6861407999967923
128,0.00025,32,Sigmoid,300,0.25,0.245822102425876,0.9671261930010604,0.6740725999989081
128,0.00025,32,Sigmoid,500,0.25,0.245822102425876,0.9671261930010604,0.7175489999935962
128,0.00025,32,Sigmoid,1000,0.25,0.245822102425876,0.9671261930010604,0.6895605999889085
128,0.00025,32,GELU,50,0.2497944078947368,0.2457192935148982,0.9663308589607637,0.6659784000075888
128,0.00025,32,GELU,100,0.2497944078947368,0.2457192935148982,0.9663308589607637,0.7084674999932759
128,0.00025,32,GELU,300,0.2497944078947368,0.2457192935148982,0.9663308589607637,0.6772688999917591
128,0.00025,32,GELU,500,0.2497944078947368,0.2457192935148982,0.9663308589607637,0.6790605000132928
128,0.00025,32,GELU,1000,0.2497944078947368,0.2457192935148982,0.9663308589607637,0.6365935999929206
128,0.00025,32,Softmax,50,0.2497944078947368,0.2457192935148982,0.9663308589607637,0.6482653999992181
128,0.00025,32,Softmax,100,0.2497944078947368,0.2457192935148982,0.9663308589607637,0.6361968999990495
128,0.00025,32,Softmax,300,0.2497944078947368,0.2457192935148982,0.9663308589607637,0.6266810999950394
128,0.00025,32,Softmax,500,0.2497944078947368,0.2457192935148982,0.9663308589607637,0.6340427000104683
128,0.00025,32,Softmax,1000,0.2497944078947368,0.2457192935148982,0.9663308589607637,0.668064500001492
128,0.00025,64,ReLU,50,0.2498629385964912,0.2457535723914801,0.9665959703075292,0.4357564999954775
128,0.00025,64,ReLU,100,0.2498629385964912,0.2457535723914801,0.9665959703075292,0.4575757999991765
128,0.00025,64,ReLU,300,0.2498629385964912,0.2457535723914801,0.9665959703075292,0.4994977000023937
128,0.00025,64,ReLU,500,0.2498629385964912,0.2457535723914801,0.9665959703075292,0.5207608000055188
128,0.00025,64,ReLU,1000,0.2498629385964912,0.2457535723914801,0.9665959703075292,0.4681622999924002
128,0.00025,64,Tanh,50,0.2497258771929824,0.2456850053937432,0.966065747613998,0.5639465999993263
128,0.00025,64,Tanh,100,0.2497258771929824,0.2456850053937432,0.966065747613998,0.5500716999958968
128,0.00025,64,Tanh,300,0.2497258771929824,0.2456850053937432,0.966065747613998,0.5845240000053309
128,0.00025,64,Tanh,500,0.2497258771929824,0.2456850053937432,0.966065747613998,0.5096197000093525
128,0.00025,64,Tanh,1000,0.2497258771929824,0.2456850053937432,0.966065747613998,0.5299296000011964
128,0.00025,64,Sigmoid,50,0.25,0.245822102425876,0.9671261930010604,0.4461939000029815
128,0.00025,64,Sigmoid,100,0.25,0.245822102425876,0.9671261930010604,0.4234120000037364
128,0.00025,64,Sigmoid,300,0.25,0.245822102425876,0.9671261930010604,0.4237648999987868
128,0.00025,64,Sigmoid,500,0.25,0.245822102425876,0.9671261930010604,0.4517529000004288
128,0.00025,64,Sigmoid,1000,0.25,0.245822102425876,0.9671261930010604,0.4239705999934813
128,0.00025,64,GELU,50,0.2498629385964912,0.2457535723914801,0.9665959703075292,0.4661822999914875
128,0.00025,64,GELU,100,0.2498629385964912,0.2457535723914801,0.9665959703075292,0.4880623999924864
128,0.00025,64,GELU,300,0.2498629385964912,0.2457535723914801,0.9665959703075292,0.4677559999981895
128,0.00025,64,GELU,500,0.2498629385964912,0.2457535723914801,0.9665959703075292,0.4988288000022294
128,0.00025,64,GELU,1000,0.2498629385964912,0.2457535723914801,0.9665959703075292,0.4755414000101154
128,0.00025,64,Softmax,50,0.2498629385964912,0.2457535723914801,0.9665959703075292,0.4993399999948451
128,0.00025,64,Softmax,100,0.2498629385964912,0.2457535723914801,0.9665959703075292,0.4667371999967145
128,0.00025,64,Softmax,300,0.2498629385964912,0.2457535723914801,0.9665959703075292,0.4673981999949319
128,0.00025,64,Softmax,500,0.2498629385964912,0.2457535723914801,0.9665959703075292,0.4765945999970427
128,0.00025,64,Softmax,1000,0.2498629385964912,0.2457535723914801,0.9665959703075292,0.4659845999995013
128,0.00025,128,ReLU,50,0.25,0.245822102425876,0.9671261930010604,0.3714021999912802
128,0.00025,128,ReLU,100,0.25,0.245822102425876,0.9671261930010604,0.3638888999994378
128,0.00025,128,ReLU,300,0.25,0.245822102425876,0.9671261930010604,0.3743462999991607
128,0.00025,128,ReLU,500,0.25,0.245822102425876,0.9671261930010604,0.4150203000026522
128,0.00025,128,ReLU,1000,0.25,0.245822102425876,0.9671261930010604,0.3629581999994116
128,0.00025,128,Tanh,50,0.2495888157894736,0.2456164014027515,0.9655355249204666,0.4897883999947225
128,0.00025,128,Tanh,100,0.2495888157894736,0.2456164014027515,0.9655355249204666,0.4582722999912221
128,0.00025,128,Tanh,300,0.2495888157894736,0.2456164014027515,0.9655355249204666,0.4894188000034773
128,0.00025,128,Tanh,500,0.2495888157894736,0.2456164014027515,0.9655355249204666,0.4784453000029316
128,0.00025,128,Tanh,1000,0.2495888157894736,0.2456164014027515,0.9655355249204666,0.4667851999984123
128,0.00025,128,Sigmoid,50,0.25,0.245822102425876,0.9671261930010604,0.3354902999999467
128,0.00025,128,Sigmoid,100,0.25,0.245822102425876,0.9671261930010604,0.3244588000088697
128,0.00025,128,Sigmoid,300,0.25,0.245822102425876,0.9671261930010604,0.3179702000052202
128,0.00025,128,Sigmoid,500,0.25,0.245822102425876,0.9671261930010604,0.3584007000026759
128,0.00025,128,Sigmoid,1000,0.25,0.245822102425876,0.9671261930010604,0.3334342000016477
128,0.00025,128,GELU,50,0.25,0.245822102425876,0.9671261930010604,0.3666990999918198
128,0.00025,128,GELU,100,0.25,0.245822102425876,0.9671261930010604,0.3685934000095585
128,0.00025,128,GELU,300,0.25,0.245822102425876,0.9671261930010604,0.3646167999977479
128,0.00025,128,GELU,500,0.25,0.245822102425876,0.9671261930010604,0.3627779999951599
128,0.00025,128,GELU,1000,0.25,0.245822102425876,0.9671261930010604,0.3730676999985007
128,0.00025,128,Softmax,50,0.25,0.245822102425876,0.9671261930010604,0.3671432999981334
128,0.00025,128,Softmax,100,0.25,0.245822102425876,0.9671261930010604,0.3535577000002377
128,0.00025,128,Softmax,300,0.25,0.245822102425876,0.9671261930010604,0.3736084999982267
128,0.00025,128,Softmax,500,0.25,0.245822102425876,0.9671261930010604,0.3626222000020789
128,0.00025,128,Softmax,1000,0.25,0.245822102425876,0.9671261930010604,0.3705729999928735
