Hidden_Neurons,Learning_Rate,Batch_Size,Activation_Function,Epochs,Balanced_Accuracy,Macro F1 Score,Accuracy,Time(s)
8,0.01,8,ReLU,50,0.5201851883788041,0.5459595474949088,0.9819676478387696,4.940243700053543
8,0.01,8,ReLU,100,0.5201851883788041,0.5459595474949088,0.9819676478387696,4.601534999907017
8,0.01,8,ReLU,300,0.5201851883788041,0.5459595474949088,0.9819676478387696,5.9893906998913735
8,0.01,8,ReLU,500,0.5201851883788041,0.5459595474949088,0.9819676478387696,5.560346999904141
8,0.01,8,ReLU,1000,0.5201851883788041,0.5459595474949088,0.9819676478387696,4.590283500030637
8,0.01,8,Tanh,50,0.49184041550259255,0.5204837253717092,0.9801113762927606,6.847853400046006
8,0.01,8,Tanh,100,0.49184041550259255,0.5204837253717092,0.9801113762927606,6.220426799962297
8,0.01,8,Tanh,300,0.49184041550259255,0.5204837253717092,0.9801113762927606,6.382494000019506
8,0.01,8,Tanh,500,0.49184041550259255,0.5204837253717092,0.9801113762927606,6.876808500150219
8,0.01,8,Tanh,1000,0.49184041550259255,0.5204837253717092,0.9801113762927606,6.770363399991766
8,0.01,8,Sigmoid,50,0.44445771393094885,0.4937929492635052,0.9814372845399099,6.045458800159395
8,0.01,8,Sigmoid,100,0.44445771393094885,0.4937929492635052,0.9814372845399099,6.450744400033727
8,0.01,8,Sigmoid,300,0.44445771393094885,0.4937929492635052,0.9814372845399099,7.044984000036493
8,0.01,8,Sigmoid,500,0.44445771393094885,0.4937929492635052,0.9814372845399099,6.108016999904066
8,0.01,8,Sigmoid,1000,0.44445771393094885,0.4937929492635052,0.9814372845399099,6.072658699937165
8,0.01,8,GELU,50,0.5201851883788041,0.5459595474949088,0.9819676478387696,4.6910121999681
8,0.01,8,GELU,100,0.5201851883788041,0.5459595474949088,0.9819676478387696,4.8689995999448
8,0.01,8,GELU,300,0.5201851883788041,0.5459595474949088,0.9819676478387696,4.664941699942574
8,0.01,8,GELU,500,0.5201851883788041,0.5459595474949088,0.9819676478387696,4.470438299933448
8,0.01,8,GELU,1000,0.5201851883788041,0.5459595474949088,0.9819676478387696,5.431125100003555
8,0.01,8,Softmax,50,0.44445771393094885,0.4937929492635052,0.9814372845399099,6.203401200007647
8,0.01,8,Softmax,100,0.44445771393094885,0.4937929492635052,0.9814372845399099,6.7411138999741524
8,0.01,8,Softmax,300,0.44445771393094885,0.4937929492635052,0.9814372845399099,5.665171799948439
8,0.01,8,Softmax,500,0.44445771393094885,0.4937929492635052,0.9814372845399099,6.250915799988434
8,0.01,8,Softmax,1000,0.44445771393094885,0.4937929492635052,0.9814372845399099,6.7426974000409245
8,0.01,16,ReLU,50,0.5203895480518286,0.5435740492691166,0.9827631927870591,3.236427800031379
8,0.01,16,ReLU,100,0.5203895480518286,0.5435740492691166,0.9827631927870591,3.02936779987067
8,0.01,16,ReLU,300,0.5203895480518286,0.5435740492691166,0.9827631927870591,3.1360903000459075
8,0.01,16,ReLU,500,0.5203895480518286,0.5435740492691166,0.9827631927870591,2.959434499964118
8,0.01,16,ReLU,1000,0.5203895480518286,0.5435740492691166,0.9827631927870591,2.7205840998794883
8,0.01,16,Tanh,50,0.45236033985214824,0.49564639537028826,0.9795810129939008,3.3184771998785436
8,0.01,16,Tanh,100,0.45236033985214824,0.49564639537028826,0.9795810129939008,3.220618600025773
8,0.01,16,Tanh,300,0.45236033985214824,0.49564639537028826,0.9795810129939008,3.0588366000447422
8,0.01,16,Tanh,500,0.45236033985214824,0.49564639537028826,0.9795810129939008,3.2380715999752283
8,0.01,16,Tanh,1000,0.45236033985214824,0.49564639537028826,0.9795810129939008,3.2455161998514086
8,0.01,16,Sigmoid,50,0.38558157716230357,0.4316445104630946,0.9777247414478918,3.495112700155005
8,0.01,16,Sigmoid,100,0.38558157716230357,0.4316445104630946,0.9777247414478918,3.595024999929592
8,0.01,16,Sigmoid,300,0.38558157716230357,0.4316445104630946,0.9777247414478918,4.175492400070652
8,0.01,16,Sigmoid,500,0.38558157716230357,0.4316445104630946,0.9777247414478918,3.899265999905765
8,0.01,16,Sigmoid,1000,0.38558157716230357,0.4316445104630946,0.9777247414478918,3.5536713001783937
8,0.01,16,GELU,50,0.5203895480518286,0.5435740492691166,0.9827631927870591,3.031457799952477
8,0.01,16,GELU,100,0.5203895480518286,0.5435740492691166,0.9827631927870591,2.754891100106761
8,0.01,16,GELU,300,0.5203895480518286,0.5435740492691166,0.9827631927870591,2.4626941001042724
8,0.01,16,GELU,500,0.5203895480518286,0.5435740492691166,0.9827631927870591,2.450038200011477
8,0.01,16,GELU,1000,0.5203895480518286,0.5435740492691166,0.9827631927870591,2.5183380998205394
8,0.01,16,Softmax,50,0.38558157716230357,0.4316445104630946,0.9777247414478918,3.460008699912578
8,0.01,16,Softmax,100,0.38558157716230357,0.4316445104630946,0.9777247414478918,3.3450424999464303
8,0.01,16,Softmax,300,0.38558157716230357,0.4316445104630946,0.9777247414478918,3.2450767001137137
8,0.01,16,Softmax,500,0.38558157716230357,0.4316445104630946,0.9777247414478918,3.572926700115204
8,0.01,16,Softmax,1000,0.38558157716230357,0.4316445104630946,0.9777247414478918,3.4961824000347406
8,0.01,32,ReLU,50,0.5013340863886685,0.5276973680363171,0.9809069212410502,1.8886279999278486
8,0.01,32,ReLU,100,0.5013340863886685,0.5276973680363171,0.9809069212410502,1.9738432001322508
8,0.01,32,ReLU,300,0.5013340863886685,0.5276973680363171,0.9809069212410502,1.8899810002185404
8,0.01,32,ReLU,500,0.5013340863886685,0.5276973680363171,0.9809069212410502,1.918373900000006
8,0.01,32,ReLU,1000,0.5013340863886685,0.5276973680363171,0.9809069212410502,1.721562399994582
8,0.01,32,Tanh,50,0.35532269283390244,0.39299396069947723,0.9769291964996022,1.1605265999678522
8,0.01,32,Tanh,100,0.35532269283390244,0.39299396069947723,0.9769291964996022,1.41775369993411
8,0.01,32,Tanh,300,0.35532269283390244,0.39299396069947723,0.9769291964996022,1.4079475000035018
8,0.01,32,Tanh,500,0.35532269283390244,0.39299396069947723,0.9769291964996022,1.3145604999735951
8,0.01,32,Tanh,1000,0.35532269283390244,0.39299396069947723,0.9769291964996022,1.7196708000265062
8,0.01,32,Sigmoid,50,0.2906624012692719,0.3124561883489252,0.9748077433041633,1.6592852000612766
8,0.01,32,Sigmoid,100,0.2906624012692719,0.3124561883489252,0.9748077433041633,1.5289763999171555
8,0.01,32,Sigmoid,300,0.2906624012692719,0.3124561883489252,0.9748077433041633,1.5029161998536438
8,0.01,32,Sigmoid,500,0.2906624012692719,0.3124561883489252,0.9748077433041633,1.5061026001349092
8,0.01,32,Sigmoid,1000,0.2906624012692719,0.3124561883489252,0.9748077433041633,1.3671339000575244
8,0.01,32,GELU,50,0.5013340863886685,0.5276973680363171,0.9809069212410502,1.8038709999527782
8,0.01,32,GELU,100,0.5013340863886685,0.5276973680363171,0.9809069212410502,1.7827456998638809
8,0.01,32,GELU,300,0.5013340863886685,0.5276973680363171,0.9809069212410502,1.626080800080672
8,0.01,32,GELU,500,0.5013340863886685,0.5276973680363171,0.9809069212410502,1.4787592999637127
8,0.01,32,GELU,1000,0.5013340863886685,0.5276973680363171,0.9809069212410502,1.7621271000243723
8,0.01,32,Softmax,50,0.2906624012692719,0.3124561883489252,0.9748077433041633,1.4466509998310357
8,0.01,32,Softmax,100,0.2906624012692719,0.3124561883489252,0.9748077433041633,1.5164969998877496
8,0.01,32,Softmax,300,0.2906624012692719,0.3124561883489252,0.9748077433041633,1.583569600014016
8,0.01,32,Softmax,500,0.2906624012692719,0.3124561883489252,0.9748077433041633,1.3305198000743985
8,0.01,32,Softmax,1000,0.2906624012692719,0.3124561883489252,0.9748077433041633,1.6400081000756472
8,0.01,64,ReLU,50,0.4221695754147553,0.4653755868544601,0.9790506496950411,0.8922596999909729
8,0.01,64,ReLU,100,0.4221695754147553,0.4653755868544601,0.9790506496950411,0.9492410002276301
8,0.01,64,ReLU,300,0.4221695754147553,0.4653755868544601,0.9790506496950411,1.069522500038147
8,0.01,64,ReLU,500,0.4221695754147553,0.4653755868544601,0.9790506496950411,0.9069644000846893
8,0.01,64,ReLU,1000,0.4221695754147553,0.4653755868544601,0.9790506496950411,1.048715400043875
8,0.01,64,Tanh,50,0.3094453833683993,0.3326158231665791,0.9756032882524529,0.7445380000863224
8,0.01,64,Tanh,100,0.3094453833683993,0.3326158231665791,0.9756032882524529,0.7652116999961436
8,0.01,64,Tanh,300,0.3094453833683993,0.3326158231665791,0.9756032882524529,0.7091701000463217
8,0.01,64,Tanh,500,0.3094453833683993,0.3326158231665791,0.9756032882524529,0.7871868000365794
8,0.01,64,Tanh,1000,0.3094453833683993,0.3326158231665791,0.9756032882524529,0.6731988999526948
8,0.01,64,Sigmoid,50,0.25,0.24660663889262197,0.9732166534075842,0.4233605999033898
8,0.01,64,Sigmoid,100,0.25,0.24660663889262197,0.9732166534075842,0.5025731001514941
8,0.01,64,Sigmoid,300,0.25,0.24660663889262197,0.9732166534075842,0.3567944001406431
8,0.01,64,Sigmoid,500,0.25,0.24660663889262197,0.9732166534075842,0.43968329997733235
8,0.01,64,Sigmoid,1000,0.25,0.24660663889262197,0.9732166534075842,0.5014194999821484
8,0.01,64,GELU,50,0.4221695754147553,0.4653755868544601,0.9790506496950411,0.825589899905026
8,0.01,64,GELU,100,0.4221695754147553,0.4653755868544601,0.9790506496950411,0.8750664000399411
8,0.01,64,GELU,300,0.4221695754147553,0.4653755868544601,0.9790506496950411,0.8608655999414623
8,0.01,64,GELU,500,0.4221695754147553,0.4653755868544601,0.9790506496950411,0.965453099925071
8,0.01,64,GELU,1000,0.4221695754147553,0.4653755868544601,0.9790506496950411,0.8872702999506146
8,0.01,64,Softmax,50,0.25,0.24660663889262197,0.9732166534075842,0.35080419993028045
8,0.01,64,Softmax,100,0.25,0.24660663889262197,0.9732166534075842,0.526405300013721
8,0.01,64,Softmax,300,0.25,0.24660663889262197,0.9732166534075842,0.33597889984957874
8,0.01,64,Softmax,500,0.25,0.24660663889262197,0.9732166534075842,0.48603420006111264
8,0.01,64,Softmax,1000,0.25,0.24660663889262197,0.9732166534075842,0.4361787000671029
8,0.01,128,ReLU,50,0.30860365720461264,0.3458747400631445,0.9758684699018828,0.4507053999695927
8,0.01,128,ReLU,100,0.30860365720461264,0.3458747400631445,0.9758684699018828,0.5641520000062883
8,0.01,128,ReLU,300,0.30860365720461264,0.3458747400631445,0.9758684699018828,0.5741431000642478
8,0.01,128,ReLU,500,0.30860365720461264,0.3458747400631445,0.9758684699018828,0.4351172000169754
8,0.01,128,ReLU,1000,0.30860365720461264,0.3458747400631445,0.9758684699018828,0.607475999975577
8,0.01,128,Tanh,50,0.2969233953023144,0.3183604662363934,0.9750729249535932,0.4730589999817312
8,0.01,128,Tanh,100,0.2969233953023144,0.3183604662363934,0.9750729249535932,0.4502033998724073
8,0.01,128,Tanh,300,0.2969233953023144,0.3183604662363934,0.9750729249535932,0.4578855999279767
8,0.01,128,Tanh,500,0.2969233953023144,0.3183604662363934,0.9750729249535932,0.388233499834314
8,0.01,128,Tanh,1000,0.2969233953023144,0.3183604662363934,0.9750729249535932,0.4890826002229005
8,0.01,128,Sigmoid,50,0.25,0.24660663889262197,0.9732166534075842,0.22645269986242056
8,0.01,128,Sigmoid,100,0.25,0.24660663889262197,0.9732166534075842,0.18462070007808506
8,0.01,128,Sigmoid,300,0.25,0.24660663889262197,0.9732166534075842,0.4337800999637693
8,0.01,128,Sigmoid,500,0.25,0.24660663889262197,0.9732166534075842,0.25597089994698763
8,0.01,128,Sigmoid,1000,0.25,0.24660663889262197,0.9732166534075842,0.2814098000526428
8,0.01,128,GELU,50,0.30860365720461264,0.3458747400631445,0.9758684699018828,0.5770172001793981
8,0.01,128,GELU,100,0.30860365720461264,0.3458747400631445,0.9758684699018828,0.5585262000095099
8,0.01,128,GELU,300,0.30860365720461264,0.3458747400631445,0.9758684699018828,0.5167110001202673
8,0.01,128,GELU,500,0.30860365720461264,0.3458747400631445,0.9758684699018828,0.43804550007916987
8,0.01,128,GELU,1000,0.30860365720461264,0.3458747400631445,0.9758684699018828,0.42102010012604296
8,0.01,128,Softmax,50,0.25,0.24660663889262197,0.9732166534075842,0.3053036001510918
8,0.01,128,Softmax,100,0.25,0.24660663889262197,0.9732166534075842,0.29014990013092756
8,0.01,128,Softmax,300,0.25,0.24660663889262197,0.9732166534075842,0.3407856000121683
8,0.01,128,Softmax,500,0.25,0.24660663889262197,0.9732166534075842,0.212051099864766
8,0.01,128,Softmax,1000,0.25,0.24660663889262197,0.9732166534075842,0.32071990007534623
8,0.001,8,ReLU,50,0.295809189574495,0.327816076752247,0.9742773800053036,6.21691479999572
8,0.001,8,ReLU,100,0.295809189574495,0.327816076752247,0.9742773800053036,7.170817899983376
8,0.001,8,ReLU,300,0.295809189574495,0.327816076752247,0.9742773800053036,6.665425899904221
8,0.001,8,ReLU,500,0.295809189574495,0.327816076752247,0.9742773800053036,7.024158800020814
8,0.001,8,ReLU,1000,0.295809189574495,0.327816076752247,0.9742773800053036,6.775525199947879
8,0.001,8,Tanh,50,0.2845376470182458,0.30419360632183906,0.9750729249535932,4.491080400068313
8,0.001,8,Tanh,100,0.2845376470182458,0.30419360632183906,0.9750729249535932,3.9790964999701828
8,0.001,8,Tanh,300,0.2845376470182458,0.30419360632183906,0.9750729249535932,4.23094499995932
8,0.001,8,Tanh,500,0.2845376470182458,0.30419360632183906,0.9750729249535932,3.874677399871871
8,0.001,8,Tanh,1000,0.2845376470182458,0.30419360632183906,0.9750729249535932,3.972382399952039
8,0.001,8,Sigmoid,50,0.25,0.24660663889262197,0.9732166534075842,1.9506337000057101
8,0.001,8,Sigmoid,100,0.25,0.24660663889262197,0.9732166534075842,3.2704606000334024
8,0.001,8,Sigmoid,300,0.25,0.24660663889262197,0.9732166534075842,2.0849019000306726
8,0.001,8,Sigmoid,500,0.25,0.24660663889262197,0.9732166534075842,2.9717731999699026
8,0.001,8,Sigmoid,1000,0.25,0.24660663889262197,0.9732166534075842,2.737644499866292
8,0.001,8,GELU,50,0.295809189574495,0.327816076752247,0.9742773800053036,7.495354400016367
8,0.001,8,GELU,100,0.295809189574495,0.327816076752247,0.9742773800053036,6.759043299825862
8,0.001,8,GELU,300,0.295809189574495,0.327816076752247,0.9742773800053036,6.7991265000309795
8,0.001,8,GELU,500,0.295809189574495,0.327816076752247,0.9742773800053036,6.770358100067824
8,0.001,8,GELU,1000,0.295809189574495,0.327816076752247,0.9742773800053036,7.381786999991164
8,0.001,8,Softmax,50,0.25,0.24660663889262197,0.9732166534075842,1.974329899996519
8,0.001,8,Softmax,100,0.25,0.24660663889262197,0.9732166534075842,2.6971243999432772
8,0.001,8,Softmax,300,0.25,0.24660663889262197,0.9732166534075842,3.0717939001042396
8,0.001,8,Softmax,500,0.25,0.24660663889262197,0.9732166534075842,2.410101099871099
8,0.001,8,Softmax,1000,0.25,0.24660663889262197,0.9732166534075842,2.4535123999230564
8,0.001,16,ReLU,50,0.25309643707101714,0.25273644239534626,0.9732166534075842,2.1576429998967797
8,0.001,16,ReLU,100,0.25309643707101714,0.25273644239534626,0.9732166534075842,1.7709555998444557
8,0.001,16,ReLU,300,0.25309643707101714,0.25273644239534626,0.9732166534075842,1.8670357000082731
8,0.001,16,ReLU,500,0.25309643707101714,0.25273644239534626,0.9732166534075842,1.9649000000208616
8,0.001,16,ReLU,1000,0.25309643707101714,0.25273644239534626,0.9732166534075842,1.8957855999469757
8,0.001,16,Tanh,50,0.28144120994722865,0.30009426339886885,0.9750729249535932,2.5365805998444557
8,0.001,16,Tanh,100,0.28144120994722865,0.30009426339886885,0.9750729249535932,2.5422090000938624
8,0.001,16,Tanh,300,0.28144120994722865,0.30009426339886885,0.9750729249535932,2.4838368000928313
8,0.001,16,Tanh,500,0.28144120994722865,0.30009426339886885,0.9750729249535932,3.0153191001154482
8,0.001,16,Tanh,1000,0.28144120994722865,0.30009426339886885,0.9750729249535932,2.5890412000007927
8,0.001,16,Sigmoid,50,0.25,0.24660663889262197,0.9732166534075842,1.1228114999830723
8,0.001,16,Sigmoid,100,0.25,0.24660663889262197,0.9732166534075842,1.5458168000914156
8,0.001,16,Sigmoid,300,0.25,0.24660663889262197,0.9732166534075842,1.6537663999479264
8,0.001,16,Sigmoid,500,0.25,0.24660663889262197,0.9732166534075842,1.0504966999869794
8,0.001,16,Sigmoid,1000,0.25,0.24660663889262197,0.9732166534075842,1.7185951999854296
8,0.001,16,GELU,50,0.25309643707101714,0.25273644239534626,0.9732166534075842,1.7517148000188172
8,0.001,16,GELU,100,0.25309643707101714,0.25273644239534626,0.9732166534075842,1.8137236998882145
8,0.001,16,GELU,300,0.25309643707101714,0.25273644239534626,0.9732166534075842,2.0841469999868423
8,0.001,16,GELU,500,0.25309643707101714,0.25273644239534626,0.9732166534075842,2.0113750000018626
8,0.001,16,GELU,1000,0.25309643707101714,0.25273644239534626,0.9732166534075842,1.9249998000450432
8,0.001,16,Softmax,50,0.25,0.24660663889262197,0.9732166534075842,1.1203366999980062
8,0.001,16,Softmax,100,0.25,0.24660663889262197,0.9732166534075842,1.5946653001010418
8,0.001,16,Softmax,300,0.25,0.24660663889262197,0.9732166534075842,1.3068811998236924
8,0.001,16,Softmax,500,0.25,0.24660663889262197,0.9732166534075842,1.2029380002059042
8,0.001,16,Softmax,1000,0.25,0.24660663889262197,0.9732166534075842,1.4791335000190884
8,0.001,32,ReLU,50,0.25,0.24660663889262197,0.9732166534075842,1.0790524000767618
8,0.001,32,ReLU,100,0.25,0.24660663889262197,0.9732166534075842,1.1457934000063688
8,0.001,32,ReLU,300,0.25,0.24660663889262197,0.9732166534075842,1.17589129996486
8,0.001,32,ReLU,500,0.25,0.24660663889262197,0.9732166534075842,1.1207588999532163
8,0.001,32,ReLU,1000,0.25,0.24660663889262197,0.9732166534075842,1.2392190999817103
8,0.001,32,Tanh,50,0.2593574311040596,0.2647102665638347,0.973481835057014,1.359013200039044
8,0.001,32,Tanh,100,0.2593574311040596,0.2647102665638347,0.973481835057014,1.364736600080505
8,0.001,32,Tanh,300,0.2593574311040596,0.2647102665638347,0.973481835057014,1.3167234000284225
8,0.001,32,Tanh,500,0.2593574311040596,0.2647102665638347,0.973481835057014,1.3887732001021504
8,0.001,32,Tanh,1000,0.2593574311040596,0.2647102665638347,0.973481835057014,1.234578400151804
8,0.001,32,Sigmoid,50,0.25,0.24660663889262197,0.9732166534075842,0.9829155998304486
8,0.001,32,Sigmoid,100,0.25,0.24660663889262197,0.9732166534075842,0.5351871999446303
8,0.001,32,Sigmoid,300,0.25,0.24660663889262197,0.9732166534075842,0.9077653000131249
8,0.001,32,Sigmoid,500,0.25,0.24660663889262197,0.9732166534075842,0.5979431001469493
8,0.001,32,Sigmoid,1000,0.25,0.24660663889262197,0.9732166534075842,0.8597717001102865
8,0.001,32,GELU,50,0.25,0.24660663889262197,0.9732166534075842,0.9606231001671404
8,0.001,32,GELU,100,0.25,0.24660663889262197,0.9732166534075842,1.0232523998711258
8,0.001,32,GELU,300,0.25,0.24660663889262197,0.9732166534075842,0.9233986001927406
8,0.001,32,GELU,500,0.25,0.24660663889262197,0.9732166534075842,1.032087900210172
8,0.001,32,GELU,1000,0.25,0.24660663889262197,0.9732166534075842,1.1479611999820918
8,0.001,32,Softmax,50,0.25,0.24660663889262197,0.9732166534075842,0.9285412000026554
8,0.001,32,Softmax,100,0.25,0.24660663889262197,0.9732166534075842,0.57815539999865
8,0.001,32,Softmax,300,0.25,0.24660663889262197,0.9732166534075842,0.7789124001283199
8,0.001,32,Softmax,500,0.25,0.24660663889262197,0.9732166534075842,0.8237034999765456
8,0.001,32,Softmax,1000,0.25,0.24660663889262197,0.9732166534075842,0.7402355999220163
8,0.001,64,ReLU,50,0.2497956403269755,0.24650443667652594,0.9724211084592946,0.6737035000696778
8,0.001,64,ReLU,100,0.2497956403269755,0.24650443667652594,0.9724211084592946,0.4068348999135196
8,0.001,64,ReLU,300,0.2497956403269755,0.24650443667652594,0.9724211084592946,0.5001658000983298
8,0.001,64,ReLU,500,0.2497956403269755,0.24650443667652594,0.9724211084592946,0.7576071000657976
8,0.001,64,ReLU,1000,0.2497956403269755,0.24650443667652594,0.9724211084592946,0.4345176999922842
8,0.001,64,Tanh,50,0.24986376021798365,0.24653851324102702,0.9726862901087244,0.7890694998204708
8,0.001,64,Tanh,100,0.24986376021798365,0.24653851324102702,0.9726862901087244,0.8672513000201434
8,0.001,64,Tanh,300,0.24986376021798365,0.24653851324102702,0.9726862901087244,0.8759459001012146
8,0.001,64,Tanh,500,0.24986376021798365,0.24653851324102702,0.9726862901087244,0.9026442000176758
8,0.001,64,Tanh,1000,0.24986376021798365,0.24653851324102702,0.9726862901087244,0.6150583999697119
8,0.001,64,Sigmoid,50,0.25,0.24660663889262197,0.9732166534075842,0.6848605000413954
8,0.001,64,Sigmoid,100,0.25,0.24660663889262197,0.9732166534075842,0.34469530009664595
8,0.001,64,Sigmoid,300,0.25,0.24660663889262197,0.9732166534075842,0.6460504999849945
8,0.001,64,Sigmoid,500,0.25,0.24660663889262197,0.9732166534075842,0.4004047999624163
8,0.001,64,Sigmoid,1000,0.25,0.24660663889262197,0.9732166534075842,0.3668388999067247
8,0.001,64,GELU,50,0.2497956403269755,0.24650443667652594,0.9724211084592946,0.5415077998768538
8,0.001,64,GELU,100,0.2497956403269755,0.24650443667652594,0.9724211084592946,0.3656468999106437
8,0.001,64,GELU,300,0.2497956403269755,0.24650443667652594,0.9724211084592946,0.6489580001216382
8,0.001,64,GELU,500,0.2497956403269755,0.24650443667652594,0.9724211084592946,0.3652534999419004
8,0.001,64,GELU,1000,0.2497956403269755,0.24650443667652594,0.9724211084592946,0.41965859988704324
8,0.001,64,Softmax,50,0.25,0.24660663889262197,0.9732166534075842,0.5405415000859648
8,0.001,64,Softmax,100,0.25,0.24660663889262197,0.9732166534075842,0.32374939997680485
8,0.001,64,Softmax,300,0.25,0.24660663889262197,0.9732166534075842,0.40557809988968074
8,0.001,64,Softmax,500,0.25,0.24660663889262197,0.9732166534075842,0.5830417000688612
8,0.001,64,Softmax,1000,0.25,0.24660663889262197,0.9732166534075842,0.3329096999950707
8,0.001,128,ReLU,50,0.2497956403269755,0.24650443667652594,0.9724211084592946,0.5246560999657959
8,0.001,128,ReLU,100,0.2497956403269755,0.24650443667652594,0.9724211084592946,0.32159810001030564
8,0.001,128,ReLU,300,0.2497956403269755,0.24650443667652594,0.9724211084592946,0.30213429988361895
8,0.001,128,ReLU,500,0.2497956403269755,0.24650443667652594,0.9724211084592946,0.5777163999155164
8,0.001,128,ReLU,1000,0.2497956403269755,0.24650443667652594,0.9724211084592946,0.3083051999565214
8,0.001,128,Tanh,50,0.2497275204359673,0.24647035094796288,0.9721559268098647,0.5250736000016332
8,0.001,128,Tanh,100,0.2497275204359673,0.24647035094796288,0.9721559268098647,0.5880628998856992
8,0.001,128,Tanh,300,0.2497275204359673,0.24647035094796288,0.9721559268098647,0.5926886000670493
8,0.001,128,Tanh,500,0.2497275204359673,0.24647035094796288,0.9721559268098647,0.4439463000744581
8,0.001,128,Tanh,1000,0.2497275204359673,0.24647035094796288,0.9721559268098647,0.5193266000133008
8,0.001,128,Sigmoid,50,0.25,0.24660663889262197,0.9732166534075842,0.3852194999344647
8,0.001,128,Sigmoid,100,0.25,0.24660663889262197,0.9732166534075842,0.197862199973315
8,0.001,128,Sigmoid,300,0.25,0.24660663889262197,0.9732166534075842,0.30988860013894737
8,0.001,128,Sigmoid,500,0.25,0.24660663889262197,0.9732166534075842,0.3558231999631971
8,0.001,128,Sigmoid,1000,0.25,0.24660663889262197,0.9732166534075842,0.2635133001022041
8,0.001,128,GELU,50,0.2497956403269755,0.24650443667652594,0.9724211084592946,0.32207580003887415
8,0.001,128,GELU,100,0.2497956403269755,0.24650443667652594,0.9724211084592946,0.49643560010008514
8,0.001,128,GELU,300,0.2497956403269755,0.24650443667652594,0.9724211084592946,0.27040610020048916
8,0.001,128,GELU,500,0.2497956403269755,0.24650443667652594,0.9724211084592946,0.43698829994536936
8,0.001,128,GELU,1000,0.2497956403269755,0.24650443667652594,0.9724211084592946,0.44927789992652833
8,0.001,128,Softmax,50,0.25,0.24660663889262197,0.9732166534075842,0.1845699001569301
8,0.001,128,Softmax,100,0.25,0.24660663889262197,0.9732166534075842,0.29983629984781146
8,0.001,128,Softmax,300,0.25,0.24660663889262197,0.9732166534075842,0.3841212000697851
8,0.001,128,Softmax,500,0.25,0.24660663889262197,0.9732166534075842,0.2802041000686586
8,0.001,128,Softmax,1000,0.25,0.24660663889262197,0.9732166534075842,0.22011810005642474
8,0.0001,8,ReLU,50,0.2497275204359673,0.24647035094796288,0.9721559268098647,3.53534539998509
8,0.0001,8,ReLU,100,0.2497275204359673,0.24647035094796288,0.9721559268098647,3.097297400003299
8,0.0001,8,ReLU,300,0.2497275204359673,0.24647035094796288,0.9721559268098647,3.0590643999166787
8,0.0001,8,ReLU,500,0.2497275204359673,0.24647035094796288,0.9721559268098647,2.952510900096968
8,0.0001,8,ReLU,1000,0.2497275204359673,0.24647035094796288,0.9721559268098647,3.35151550010778
8,0.0001,8,Tanh,50,0.24986376021798365,0.24653851324102702,0.9726862901087244,3.663183300057426
8,0.0001,8,Tanh,100,0.24986376021798365,0.24653851324102702,0.9726862901087244,3.7015015000943094
8,0.0001,8,Tanh,300,0.24986376021798365,0.24653851324102702,0.9726862901087244,3.9866531000006944
8,0.0001,8,Tanh,500,0.24986376021798365,0.24653851324102702,0.9726862901087244,3.5248203999362886
8,0.0001,8,Tanh,1000,0.24986376021798365,0.24653851324102702,0.9726862901087244,3.7446932999882847
8,0.0001,8,Sigmoid,50,0.25,0.24660663889262197,0.9732166534075842,2.204963400028646
8,0.0001,8,Sigmoid,100,0.25,0.24660663889262197,0.9732166534075842,2.373829800169915
8,0.0001,8,Sigmoid,300,0.25,0.24660663889262197,0.9732166534075842,2.102030900074169
8,0.0001,8,Sigmoid,500,0.25,0.24660663889262197,0.9732166534075842,2.514339700108394
8,0.0001,8,Sigmoid,1000,0.25,0.24660663889262197,0.9732166534075842,2.477229200070724
8,0.0001,8,GELU,50,0.2497275204359673,0.24647035094796288,0.9721559268098647,4.165747300023213
8,0.0001,8,GELU,100,0.2497275204359673,0.24647035094796288,0.9721559268098647,3.90580950002186
8,0.0001,8,GELU,300,0.2497275204359673,0.24647035094796288,0.9721559268098647,2.931039599934593
8,0.0001,8,GELU,500,0.2497275204359673,0.24647035094796288,0.9721559268098647,3.28508420009166
8,0.0001,8,GELU,1000,0.2497275204359673,0.24647035094796288,0.9721559268098647,3.4362832999322563
8,0.0001,8,Softmax,50,0.25,0.24660663889262197,0.9732166534075842,2.4113749999087304
8,0.0001,8,Softmax,100,0.25,0.24660663889262197,0.9732166534075842,3.119054999900982
8,0.0001,8,Softmax,300,0.25,0.24660663889262197,0.9732166534075842,1.8819971999619156
8,0.0001,8,Softmax,500,0.25,0.24660663889262197,0.9732166534075842,2.9251919998787344
8,0.0001,8,Softmax,1000,0.25,0.24660663889262197,0.9732166534075842,2.6853466001339257
8,0.0001,16,ReLU,50,0.2497956403269755,0.24650443667652594,0.9724211084592946,1.5451797998975962
8,0.0001,16,ReLU,100,0.2497956403269755,0.24650443667652594,0.9724211084592946,2.7606383999809623
8,0.0001,16,ReLU,300,0.2497956403269755,0.24650443667652594,0.9724211084592946,2.6556140000466257
8,0.0001,16,ReLU,500,0.2497956403269755,0.24650443667652594,0.9724211084592946,1.5707813000772148
8,0.0001,16,ReLU,1000,0.2497956403269755,0.24650443667652594,0.9724211084592946,2.552798400167376
8,0.0001,16,Tanh,50,0.24986376021798365,0.24653851324102702,0.9726862901087244,3.6459189001470804
8,0.0001,16,Tanh,100,0.24986376021798365,0.24653851324102702,0.9726862901087244,3.692007099976763
8,0.0001,16,Tanh,300,0.24986376021798365,0.24653851324102702,0.9726862901087244,3.3393302999902517
8,0.0001,16,Tanh,500,0.24986376021798365,0.24653851324102702,0.9726862901087244,4.4181079000700265
8,0.0001,16,Tanh,1000,0.24986376021798365,0.24653851324102702,0.9726862901087244,2.6162632000632584
8,0.0001,16,Sigmoid,50,0.25,0.24660663889262197,0.9732166534075842,2.137493799906224
8,0.0001,16,Sigmoid,100,0.25,0.24660663889262197,0.9732166534075842,1.546737200114876
8,0.0001,16,Sigmoid,300,0.25,0.24660663889262197,0.9732166534075842,1.0634649998974055
8,0.0001,16,Sigmoid,500,0.25,0.24660663889262197,0.9732166534075842,1.7996201999485493
8,0.0001,16,Sigmoid,1000,0.25,0.24660663889262197,0.9732166534075842,1.7690017998684198
8,0.0001,16,GELU,50,0.2497956403269755,0.24650443667652594,0.9724211084592946,2.4376212998759
8,0.0001,16,GELU,100,0.2497956403269755,0.24650443667652594,0.9724211084592946,2.50460740015842
8,0.0001,16,GELU,300,0.2497956403269755,0.24650443667652594,0.9724211084592946,2.9878726999741048
8,0.0001,16,GELU,500,0.2497956403269755,0.24650443667652594,0.9724211084592946,1.9987570999655873
8,0.0001,16,GELU,1000,0.2497956403269755,0.24650443667652594,0.9724211084592946,2.019015399971977
8,0.0001,16,Softmax,50,0.25,0.24660663889262197,0.9732166534075842,1.942217000061646
8,0.0001,16,Softmax,100,0.25,0.24660663889262197,0.9732166534075842,1.7393861999735236
8,0.0001,16,Softmax,300,0.25,0.24660663889262197,0.9732166534075842,1.3562044999562204
8,0.0001,16,Softmax,500,0.25,0.24660663889262197,0.9732166534075842,1.5367632999550551
8,0.0001,16,Softmax,1000,0.25,0.24660663889262197,0.9732166534075842,1.9894768001977354
8,0.0001,32,ReLU,50,0.24965940054495914,0.24643625605164066,0.9718907451604349,2.2896698999684304
8,0.0001,32,ReLU,100,0.24965940054495914,0.24643625605164066,0.9718907451604349,2.0253439999651164
8,0.0001,32,ReLU,300,0.24965940054495914,0.24643625605164066,0.9718907451604349,2.3315365999005735
8,0.0001,32,ReLU,500,0.24965940054495914,0.24643625605164066,0.9718907451604349,2.2533574998378754
8,0.0001,32,ReLU,1000,0.24965940054495914,0.24643625605164066,0.9718907451604349,1.3858890000265092
8,0.0001,32,Tanh,50,0.24986376021798365,0.24653851324102702,0.9726862901087244,2.3662455999292433
8,0.0001,32,Tanh,100,0.24986376021798365,0.24653851324102702,0.9726862901087244,2.8732627001591027
8,0.0001,32,Tanh,300,0.24986376021798365,0.24653851324102702,0.9726862901087244,2.3676498997956514
8,0.0001,32,Tanh,500,0.24986376021798365,0.24653851324102702,0.9726862901087244,3.3188471000175923
8,0.0001,32,Tanh,1000,0.24986376021798365,0.24653851324102702,0.9726862901087244,1.881008799886331
8,0.0001,32,Sigmoid,50,0.25,0.24660663889262197,0.9732166534075842,0.4778197000268847
8,0.0001,32,Sigmoid,100,0.25,0.24660663889262197,0.9732166534075842,1.0093167000450194
8,0.0001,32,Sigmoid,300,0.25,0.24660663889262197,0.9732166534075842,1.0389993998687714
8,0.0001,32,Sigmoid,500,0.25,0.24660663889262197,0.9732166534075842,1.1657436999958009
8,0.0001,32,Sigmoid,1000,0.25,0.24660663889262197,0.9732166534075842,0.9623374999500811
8,0.0001,32,GELU,50,0.24965940054495914,0.24643625605164066,0.9718907451604349,1.1639466001652181
8,0.0001,32,GELU,100,0.24965940054495914,0.24643625605164066,0.9718907451604349,1.0531609999015927
8,0.0001,32,GELU,300,0.24965940054495914,0.24643625605164066,0.9718907451604349,1.5042800998780876
8,0.0001,32,GELU,500,0.24965940054495914,0.24643625605164066,0.9718907451604349,2.1380361998453736
8,0.0001,32,GELU,1000,0.24965940054495914,0.24643625605164066,0.9718907451604349,1.6149715001229197
8,0.0001,32,Softmax,50,0.25,0.24660663889262197,0.9732166534075842,0.5822064999956638
8,0.0001,32,Softmax,100,0.25,0.24660663889262197,0.9732166534075842,0.5392076999414712
8,0.0001,32,Softmax,300,0.25,0.24660663889262197,0.9732166534075842,0.5321775998454541
8,0.0001,32,Softmax,500,0.25,0.24660663889262197,0.9732166534075842,0.5013729999773204
8,0.0001,32,Softmax,1000,0.25,0.24660663889262197,0.9732166534075842,0.5873493000399321
8,0.0001,64,ReLU,50,0.24925068119891008,0.2462314939434724,0.9702996552638558,1.852792200166732
8,0.0001,64,ReLU,100,0.24925068119891008,0.2462314939434724,0.9702996552638558,1.708719399990514
8,0.0001,64,ReLU,300,0.24925068119891008,0.2462314939434724,0.9702996552638558,1.1292960001155734
8,0.0001,64,ReLU,500,0.24925068119891008,0.2462314939434724,0.9702996552638558,0.8447942000348121
8,0.0001,64,ReLU,1000,0.24925068119891008,0.2462314939434724,0.9702996552638558,0.8353485001716763
8,0.0001,64,Tanh,50,0.24897820163487738,0.24609480204686238,0.9692389286661363,1.9805028999689966
8,0.0001,64,Tanh,100,0.24911444141689373,0.24616316639741517,0.9697692919649961,2.924552100012079
8,0.0001,64,Tanh,300,0.24911444141689373,0.24616316639741517,0.9697692919649961,1.9695101999677718
8,0.0001,64,Tanh,500,0.24911444141689373,0.24616316639741517,0.9697692919649961,3.263864800101146
8,0.0001,64,Tanh,1000,0.24911444141689373,0.24616316639741517,0.9697692919649961,2.3859955000225455
8,0.0001,64,Sigmoid,50,0.25,0.24660663889262197,0.9732166534075842,0.3353120998945087
8,0.0001,64,Sigmoid,100,0.25,0.24660663889262197,0.9732166534075842,0.3622131000738591
8,0.0001,64,Sigmoid,300,0.25,0.24660663889262197,0.9732166534075842,0.5725358999334276
8,0.0001,64,Sigmoid,500,0.25,0.24660663889262197,0.9732166534075842,0.6375467998441309
8,0.0001,64,Sigmoid,1000,0.25,0.24660663889262197,0.9732166534075842,0.6055804998613894
8,0.0001,64,GELU,50,0.24925068119891008,0.2462314939434724,0.9702996552638558,1.9077357000205666
8,0.0001,64,GELU,100,0.24925068119891008,0.2462314939434724,0.9702996552638558,1.612021999899298
8,0.0001,64,GELU,300,0.24925068119891008,0.2462314939434724,0.9702996552638558,1.0149646000936627
8,0.0001,64,GELU,500,0.24925068119891008,0.2462314939434724,0.9702996552638558,1.4485033000819385
8,0.0001,64,GELU,1000,0.24925068119891008,0.2462314939434724,0.9702996552638558,1.9905833001248538
8,0.0001,64,Softmax,50,0.25,0.24660663889262197,0.9732166534075842,0.5443485998548567
8,0.0001,64,Softmax,100,0.25,0.24660663889262197,0.9732166534075842,0.650807400001213
8,0.0001,64,Softmax,300,0.25,0.24660663889262197,0.9732166534075842,0.5147826001048088
8,0.0001,64,Softmax,500,0.25,0.24660663889262197,0.9732166534075842,0.4278628001920879
8,0.0001,64,Softmax,1000,0.25,0.24660663889262197,0.9732166534075842,0.35439409990794957
8,0.0001,128,ReLU,50,0.24897820163487738,0.24616109913793102,0.9692389286661363,0.8294385001063347
8,0.0001,128,ReLU,100,0.24938692098092644,0.24629978471474703,0.9708300185627154,1.1375026998575777
8,0.0001,128,ReLU,300,0.24938692098092644,0.24629978471474703,0.9708300185627154,1.7879649999085814
8,0.0001,128,ReLU,500,0.24938692098092644,0.24629978471474703,0.9708300185627154,1.877454400062561
8,0.0001,128,ReLU,1000,0.24938692098092644,0.24629978471474703,0.9708300185627154,1.5487952998373657
8,0.0001,128,Tanh,50,0.22602179836512262,0.23465346534653464,0.8798727128082736,0.7851142000872642
8,0.0001,128,Tanh,100,0.24775204359673025,0.2455110031051708,0.9644656589763988,2.5604792998638004
8,0.0001,128,Tanh,300,0.24775204359673025,0.2455110031051708,0.9644656589763988,1.554570100037381
8,0.0001,128,Tanh,500,0.24775204359673025,0.2455110031051708,0.9644656589763988,2.6315890999976546
8,0.0001,128,Tanh,1000,0.24775204359673025,0.2455110031051708,0.9644656589763988,1.4412030999083072
8,0.0001,128,Sigmoid,50,0.25,0.24660663889262197,0.9732166534075842,0.320993899833411
8,0.0001,128,Sigmoid,100,0.25,0.24660663889262197,0.9732166534075842,0.37946259998716414
8,0.0001,128,Sigmoid,300,0.25,0.24660663889262197,0.9732166534075842,0.45852690003812313
8,0.0001,128,Sigmoid,500,0.25,0.24660663889262197,0.9732166534075842,0.3883471000008285
8,0.0001,128,Sigmoid,1000,0.25,0.24660663889262197,0.9732166534075842,0.3376074999105185
8,0.0001,128,GELU,50,0.24897820163487738,0.24616109913793102,0.9692389286661363,0.9894540999084711
8,0.0001,128,GELU,100,0.24938692098092644,0.24629978471474703,0.9708300185627154,1.4393029001075774
8,0.0001,128,GELU,300,0.24938692098092644,0.24629978471474703,0.9708300185627154,1.5859230000060052
8,0.0001,128,GELU,500,0.24938692098092644,0.24629978471474703,0.9708300185627154,0.9101803000085056
8,0.0001,128,GELU,1000,0.24938692098092644,0.24629978471474703,0.9708300185627154,1.692966700065881
8,0.0001,128,Softmax,50,0.25,0.24660663889262197,0.9732166534075842,0.4940159001853317
8,0.0001,128,Softmax,100,0.25,0.24660663889262197,0.9732166534075842,0.3277277001179755
8,0.0001,128,Softmax,300,0.25,0.24660663889262197,0.9732166534075842,0.2795055001042783
8,0.0001,128,Softmax,500,0.25,0.24660663889262197,0.9732166534075842,0.30192429991438985
8,0.0001,128,Softmax,1000,0.25,0.24660663889262197,0.9732166534075842,0.2372653998900205
8,0.00025,8,ReLU,50,0.24993188010899184,0.2465725806451613,0.9729514717581543,2.9140804999042302
8,0.00025,8,ReLU,100,0.24993188010899184,0.2465725806451613,0.9729514717581543,3.4464386000763625
8,0.00025,8,ReLU,300,0.24993188010899184,0.2465725806451613,0.9729514717581543,3.2165427999570966
8,0.00025,8,ReLU,500,0.24993188010899184,0.2465725806451613,0.9729514717581543,3.7221756998915225
8,0.00025,8,ReLU,1000,0.24993188010899184,0.2465725806451613,0.9729514717581543,3.594489600043744
8,0.00025,8,Tanh,50,0.2497956403269755,0.24650443667652594,0.9724211084592946,3.942136599915102
8,0.00025,8,Tanh,100,0.2497956403269755,0.24650443667652594,0.9724211084592946,4.023325300076976
8,0.00025,8,Tanh,300,0.2497956403269755,0.24650443667652594,0.9724211084592946,4.613940000068396
8,0.00025,8,Tanh,500,0.2497956403269755,0.24650443667652594,0.9724211084592946,4.6340155999641865
8,0.00025,8,Tanh,1000,0.2497956403269755,0.24650443667652594,0.9724211084592946,3.940465899882838
8,0.00025,8,Sigmoid,50,0.25,0.24660663889262197,0.9732166534075842,2.039333499968052
8,0.00025,8,Sigmoid,100,0.25,0.24660663889262197,0.9732166534075842,3.3963695999700576
8,0.00025,8,Sigmoid,300,0.25,0.24660663889262197,0.9732166534075842,2.068404900142923
8,0.00025,8,Sigmoid,500,0.25,0.24660663889262197,0.9732166534075842,3.1171886997763067
8,0.00025,8,Sigmoid,1000,0.25,0.24660663889262197,0.9732166534075842,3.1388991998974234
8,0.00025,8,GELU,50,0.24993188010899184,0.2465725806451613,0.9729514717581543,2.8290432000067085
8,0.00025,8,GELU,100,0.24993188010899184,0.2465725806451613,0.9729514717581543,3.0790237998589873
8,0.00025,8,GELU,300,0.24993188010899184,0.2465725806451613,0.9729514717581543,3.1281220000237226
8,0.00025,8,GELU,500,0.24993188010899184,0.2465725806451613,0.9729514717581543,2.4490586000028998
8,0.00025,8,GELU,1000,0.24993188010899184,0.2465725806451613,0.9729514717581543,3.2781367998104542
8,0.00025,8,Softmax,50,0.25,0.24660663889262197,0.9732166534075842,3.66002029995434
8,0.00025,8,Softmax,100,0.25,0.24660663889262197,0.9732166534075842,3.1713111998979002
8,0.00025,8,Softmax,300,0.25,0.24660663889262197,0.9732166534075842,2.0438093000557274
8,0.00025,8,Softmax,500,0.25,0.24660663889262197,0.9732166534075842,3.231013600016013
8,0.00025,8,Softmax,1000,0.25,0.24660663889262197,0.9732166534075842,2.0958928000181913
8,0.00025,16,ReLU,50,0.2497956403269755,0.24650443667652594,0.9724211084592946,2.6178107999730855
8,0.00025,16,ReLU,100,0.2497956403269755,0.24650443667652594,0.9724211084592946,1.3833609998691827
8,0.00025,16,ReLU,300,0.2497956403269755,0.24650443667652594,0.9724211084592946,2.0015255000907928
8,0.00025,16,ReLU,500,0.2497956403269755,0.24650443667652594,0.9724211084592946,2.0713720999192446
8,0.00025,16,ReLU,1000,0.2497956403269755,0.24650443667652594,0.9724211084592946,1.2833396000787616
8,0.00025,16,Tanh,50,0.24986376021798365,0.24653851324102702,0.9726862901087244,2.2351019999478012
8,0.00025,16,Tanh,100,0.24986376021798365,0.24653851324102702,0.9726862901087244,2.628703000023961
8,0.00025,16,Tanh,300,0.24986376021798365,0.24653851324102702,0.9726862901087244,2.397004900034517
8,0.00025,16,Tanh,500,0.24986376021798365,0.24653851324102702,0.9726862901087244,2.4560451998841017
8,0.00025,16,Tanh,1000,0.24986376021798365,0.24653851324102702,0.9726862901087244,2.339537500170991
8,0.00025,16,Sigmoid,50,0.25,0.24660663889262197,0.9732166534075842,1.8302088999189436
8,0.00025,16,Sigmoid,100,0.25,0.24660663889262197,0.9732166534075842,1.9821643999312073
8,0.00025,16,Sigmoid,300,0.25,0.24660663889262197,0.9732166534075842,0.9681136000435799
8,0.00025,16,Sigmoid,500,0.25,0.24660663889262197,0.9732166534075842,1.3787948000244796
8,0.00025,16,Sigmoid,1000,0.25,0.24660663889262197,0.9732166534075842,1.6723118000663817
8,0.00025,16,GELU,50,0.2497956403269755,0.24650443667652594,0.9724211084592946,2.0677275001071393
8,0.00025,16,GELU,100,0.2497956403269755,0.24650443667652594,0.9724211084592946,1.5243779998272657
8,0.00025,16,GELU,300,0.2497956403269755,0.24650443667652594,0.9724211084592946,2.341204599943012
8,0.00025,16,GELU,500,0.2497956403269755,0.24650443667652594,0.9724211084592946,1.6839439999312162
8,0.00025,16,GELU,1000,0.2497956403269755,0.24650443667652594,0.9724211084592946,1.6150336998980492
8,0.00025,16,Softmax,50,0.25,0.24660663889262197,0.9732166534075842,1.7587347000371665
8,0.00025,16,Softmax,100,0.25,0.24660663889262197,0.9732166534075842,1.008862999966368
8,0.00025,16,Softmax,300,0.25,0.24660663889262197,0.9732166534075842,0.9878710999619216
8,0.00025,16,Softmax,500,0.25,0.24660663889262197,0.9732166534075842,1.7684025999624282
8,0.00025,16,Softmax,1000,0.25,0.24660663889262197,0.9732166534075842,1.081896500196308
8,0.00025,32,ReLU,50,0.2497275204359673,0.24647035094796288,0.9721559268098647,0.8928216998465359
8,0.00025,32,ReLU,100,0.2497275204359673,0.24647035094796288,0.9721559268098647,1.6053075999952853
8,0.00025,32,ReLU,300,0.2497275204359673,0.24647035094796288,0.9721559268098647,0.9467477998696268
8,0.00025,32,ReLU,500,0.2497275204359673,0.24647035094796288,0.9721559268098647,0.9977541998960078
8,0.00025,32,ReLU,1000,0.2497275204359673,0.24647035094796288,0.9721559268098647,1.5059809000231326
8,0.00025,32,Tanh,50,0.2497956403269755,0.24650443667652594,0.9724211084592946,1.1154434001073241
8,0.00025,32,Tanh,100,0.2497956403269755,0.24650443667652594,0.9724211084592946,1.199756700079888
8,0.00025,32,Tanh,300,0.2497956403269755,0.24650443667652594,0.9724211084592946,1.5741860999260098
8,0.00025,32,Tanh,500,0.2497956403269755,0.24650443667652594,0.9724211084592946,1.7144985001068562
8,0.00025,32,Tanh,1000,0.2497956403269755,0.24650443667652594,0.9724211084592946,1.201652199961245
8,0.00025,32,Sigmoid,50,0.25,0.24660663889262197,0.9732166534075842,1.0031135000754148
8,0.00025,32,Sigmoid,100,0.25,0.24660663889262197,0.9732166534075842,0.887972200056538
8,0.00025,32,Sigmoid,300,0.25,0.24660663889262197,0.9732166534075842,0.500474400119856
8,0.00025,32,Sigmoid,500,0.25,0.24660663889262197,0.9732166534075842,0.8683565999381244
8,0.00025,32,Sigmoid,1000,0.25,0.24660663889262197,0.9732166534075842,1.1099481999408454
8,0.00025,32,GELU,50,0.2497275204359673,0.24647035094796288,0.9721559268098647,0.8891595001332462
8,0.00025,32,GELU,100,0.2497275204359673,0.24647035094796288,0.9721559268098647,1.5385715998709202
8,0.00025,32,GELU,300,0.2497275204359673,0.24647035094796288,0.9721559268098647,0.9118357000406832
8,0.00025,32,GELU,500,0.2497275204359673,0.24647035094796288,0.9721559268098647,1.421441099839285
8,0.00025,32,GELU,1000,0.2497275204359673,0.24647035094796288,0.9721559268098647,0.9451154000125825
8,0.00025,32,Softmax,50,0.25,0.24660663889262197,0.9732166534075842,1.0015366000588983
8,0.00025,32,Softmax,100,0.25,0.24660663889262197,0.9732166534075842,1.0057045998983085
8,0.00025,32,Softmax,300,0.25,0.24660663889262197,0.9732166534075842,0.6274070998188108
8,0.00025,32,Softmax,500,0.25,0.24660663889262197,0.9732166534075842,0.5950565000530332
8,0.00025,32,Softmax,1000,0.25,0.24660663889262197,0.9732166534075842,1.0684636998921633
8,0.00025,64,ReLU,50,0.2497275204359673,0.24647035094796288,0.9721559268098647,0.9640944998245686
8,0.00025,64,ReLU,100,0.2497275204359673,0.24647035094796288,0.9721559268098647,0.5879686998669058
8,0.00025,64,ReLU,300,0.2497275204359673,0.24647035094796288,0.9721559268098647,0.655473800143227
8,0.00025,64,ReLU,500,0.2497275204359673,0.24647035094796288,0.9721559268098647,1.098289400106296
8,0.00025,64,ReLU,1000,0.2497275204359673,0.24647035094796288,0.9721559268098647,0.977942300029099
8,0.00025,64,Tanh,50,0.2497956403269755,0.24650443667652594,0.9724211084592946,0.8806662999559194
8,0.00025,64,Tanh,100,0.2497956403269755,0.24650443667652594,0.9724211084592946,1.1158877001143992
8,0.00025,64,Tanh,300,0.2497956403269755,0.24650443667652594,0.9724211084592946,1.7014948998112231
8,0.00025,64,Tanh,500,0.2497956403269755,0.24650443667652594,0.9724211084592946,0.816916799871251
8,0.00025,64,Tanh,1000,0.2497956403269755,0.24650443667652594,0.9724211084592946,0.8826447001192719
8,0.00025,64,Sigmoid,50,0.25,0.24660663889262197,0.9732166534075842,0.6493597000371665
8,0.00025,64,Sigmoid,100,0.25,0.24660663889262197,0.9732166534075842,0.3448084001429379
8,0.00025,64,Sigmoid,300,0.25,0.24660663889262197,0.9732166534075842,0.36539859999902546
8,0.00025,64,Sigmoid,500,0.25,0.24660663889262197,0.9732166534075842,0.668367899954319
8,0.00025,64,Sigmoid,1000,0.25,0.24660663889262197,0.9732166534075842,0.6952893000561744
8,0.00025,64,GELU,50,0.2497275204359673,0.24647035094796288,0.9721559268098647,0.5433732999954373
8,0.00025,64,GELU,100,0.2497275204359673,0.24647035094796288,0.9721559268098647,1.1188970000948757
8,0.00025,64,GELU,300,0.2497275204359673,0.24647035094796288,0.9721559268098647,0.7308354999404401
8,0.00025,64,GELU,500,0.2497275204359673,0.24647035094796288,0.9721559268098647,0.7458025999367237
8,0.00025,64,GELU,1000,0.2497275204359673,0.24647035094796288,0.9721559268098647,1.0744646999519318
8,0.00025,64,Softmax,50,0.25,0.24660663889262197,0.9732166534075842,0.3478740998543799
8,0.00025,64,Softmax,100,0.25,0.24660663889262197,0.9732166534075842,0.34195720008574426
8,0.00025,64,Softmax,300,0.25,0.24660663889262197,0.9732166534075842,0.6602068999782205
8,0.00025,64,Softmax,500,0.25,0.24660663889262197,0.9732166534075842,0.6275182000827044
8,0.00025,64,Softmax,1000,0.25,0.24660663889262197,0.9732166534075842,0.34445349988527596
8,0.00025,128,ReLU,50,0.2497956403269755,0.24650443667652594,0.9724211084592946,0.563336499966681
8,0.00025,128,ReLU,100,0.2497956403269755,0.24650443667652594,0.9724211084592946,0.958868799963966
8,0.00025,128,ReLU,300,0.2497956403269755,0.24650443667652594,0.9724211084592946,0.8144533999729902
8,0.00025,128,ReLU,500,0.2497956403269755,0.24650443667652594,0.9724211084592946,0.9281377999577671
8,0.00025,128,ReLU,1000,0.2497956403269755,0.24650443667652594,0.9724211084592946,0.6176994999404997
8,0.00025,128,Tanh,50,0.2495231607629428,0.2463680387409201,0.9713603818615751,0.9190678000450134
8,0.00025,128,Tanh,100,0.24965940054495914,0.24643625605164066,0.9718907451604349,1.5631832000799477
8,0.00025,128,Tanh,300,0.24965940054495914,0.24643625605164066,0.9718907451604349,0.925509599968791
8,0.00025,128,Tanh,500,0.24965940054495914,0.24643625605164066,0.9718907451604349,1.3462944000493735
8,0.00025,128,Tanh,1000,0.24965940054495914,0.24643625605164066,0.9718907451604349,0.8488948999438435
8,0.00025,128,Sigmoid,50,0.25,0.24660663889262197,0.9732166534075842,0.4086736999452114
8,0.00025,128,Sigmoid,100,0.25,0.24660663889262197,0.9732166534075842,0.33536809985525906
8,0.00025,128,Sigmoid,300,0.25,0.24660663889262197,0.9732166534075842,0.3448185999877751
8,0.00025,128,Sigmoid,500,0.25,0.24660663889262197,0.9732166534075842,0.2784799998626113
8,0.00025,128,Sigmoid,1000,0.25,0.24660663889262197,0.9732166534075842,0.23212609998881817
8,0.00025,128,GELU,50,0.2497956403269755,0.24650443667652594,0.9724211084592946,0.5310778999701142
8,0.00025,128,GELU,100,0.2497956403269755,0.24650443667652594,0.9724211084592946,0.8450472999829799
8,0.00025,128,GELU,300,0.2497956403269755,0.24650443667652594,0.9724211084592946,0.5027534998953342
8,0.00025,128,GELU,500,0.2497956403269755,0.24650443667652594,0.9724211084592946,0.9588033000472933
8,0.00025,128,GELU,1000,0.2497956403269755,0.24650443667652594,0.9724211084592946,0.7960761999711394
8,0.00025,128,Softmax,50,0.25,0.24660663889262197,0.9732166534075842,0.1945980000309646
8,0.00025,128,Softmax,100,0.25,0.24660663889262197,0.9732166534075842,0.18477609986439347
8,0.00025,128,Softmax,300,0.25,0.24660663889262197,0.9732166534075842,0.3483245999086648
8,0.00025,128,Softmax,500,0.25,0.24660663889262197,0.9732166534075842,0.4305449000094086
8,0.00025,128,Softmax,1000,0.25,0.24660663889262197,0.9732166534075842,0.3519450998865068
16,0.01,8,ReLU,50,0.427314208027225,0.46749517956134007,0.979315831344471,3.8973632000852376
16,0.01,8,ReLU,100,0.427314208027225,0.46749517956134007,0.979315831344471,3.442667899886146
16,0.01,8,ReLU,300,0.427314208027225,0.46749517956134007,0.979315831344471,3.9032573997974396
16,0.01,8,ReLU,500,0.427314208027225,0.46749517956134007,0.979315831344471,3.1832828000187874
16,0.01,8,ReLU,1000,0.427314208027225,0.46749517956134007,0.979315831344471,3.8152203001081944
16,0.01,8,Tanh,50,0.4712355856011221,0.5398908621657437,0.9801113762927606,4.016085100127384
16,0.01,8,Tanh,100,0.4712355856011221,0.5398908621657437,0.9801113762927606,3.7987895000260323
16,0.01,8,Tanh,300,0.4712355856011221,0.5398908621657437,0.9801113762927606,4.508962699910626
16,0.01,8,Tanh,500,0.4712355856011221,0.5398908621657437,0.9801113762927606,3.80772570008412
16,0.01,8,Tanh,1000,0.4712355856011221,0.5398908621657437,0.9801113762927606,4.065056300023571
16,0.01,8,Sigmoid,50,0.39653005323123974,0.4347424441250599,0.9806417395916203,4.664543600054458
16,0.01,8,Sigmoid,100,0.39653005323123974,0.4347424441250599,0.9806417395916203,4.861590699991211
16,0.01,8,Sigmoid,300,0.39653005323123974,0.4347424441250599,0.9806417395916203,4.747320799855515
16,0.01,8,Sigmoid,500,0.39653005323123974,0.4347424441250599,0.9806417395916203,4.922109799925238
16,0.01,8,Sigmoid,1000,0.39653005323123974,0.4347424441250599,0.9806417395916203,4.732642800081521
16,0.01,8,GELU,50,0.427314208027225,0.46749517956134007,0.979315831344471,3.4705246000085026
16,0.01,8,GELU,100,0.427314208027225,0.46749517956134007,0.979315831344471,3.5328548001125455
16,0.01,8,GELU,300,0.427314208027225,0.46749517956134007,0.979315831344471,3.356122500030324
16,0.01,8,GELU,500,0.427314208027225,0.46749517956134007,0.979315831344471,3.5702347999904305
16,0.01,8,GELU,1000,0.427314208027225,0.46749517956134007,0.979315831344471,3.34151090006344
16,0.01,8,Softmax,50,0.39653005323123974,0.4347424441250599,0.9806417395916203,5.780129699967802
16,0.01,8,Softmax,100,0.39653005323123974,0.4347424441250599,0.9806417395916203,5.619034900097176
16,0.01,8,Softmax,300,0.39653005323123974,0.4347424441250599,0.9806417395916203,5.332307199947536
16,0.01,8,Softmax,500,0.39653005323123974,0.4347424441250599,0.9806417395916203,5.230020500021055
16,0.01,8,Softmax,1000,0.39653005323123974,0.4347424441250599,0.9806417395916203,5.2576174000278115
16,0.01,16,ReLU,50,0.4137901102564987,0.4606074188315933,0.9790506496950411,2.1054951001424342
16,0.01,16,ReLU,100,0.4137901102564987,0.4606074188315933,0.9790506496950411,2.332637600135058
16,0.01,16,ReLU,300,0.4137901102564987,0.4606074188315933,0.9790506496950411,1.6287034000270069
16,0.01,16,ReLU,500,0.4137901102564987,0.4606074188315933,0.9790506496950411,3.179009199840948
16,0.01,16,ReLU,1000,0.4137901102564987,0.4606074188315933,0.9790506496950411,1.6028489999007434
16,0.01,16,Tanh,50,0.4534305694477977,0.5270755713181215,0.9795810129939008,2.342311799991876
16,0.01,16,Tanh,100,0.4534305694477977,0.5270755713181215,0.9795810129939008,2.3937917000148445
16,0.01,16,Tanh,300,0.4534305694477977,0.5270755713181215,0.9795810129939008,1.8028828999958932
16,0.01,16,Tanh,500,0.4534305694477977,0.5270755713181215,0.9795810129939008,2.994395900052041
16,0.01,16,Tanh,1000,0.4534305694477977,0.5270755713181215,0.9795810129939008,1.8386178999207914
16,0.01,16,Sigmoid,50,0.37642850573126846,0.4293485793485794,0.9782551047467515,3.494252200005576
16,0.01,16,Sigmoid,100,0.37642850573126846,0.4293485793485794,0.9782551047467515,2.7861870999913663
16,0.01,16,Sigmoid,300,0.37642850573126846,0.4293485793485794,0.9782551047467515,3.5660017000045627
16,0.01,16,Sigmoid,500,0.37642850573126846,0.4293485793485794,0.9782551047467515,3.4567019999958575
16,0.01,16,Sigmoid,1000,0.37642850573126846,0.4293485793485794,0.9782551047467515,3.159692599903792
16,0.01,16,GELU,50,0.4137901102564987,0.4606074188315933,0.9790506496950411,2.168115000007674
16,0.01,16,GELU,100,0.4137901102564987,0.4606074188315933,0.9790506496950411,2.2048551000189036
16,0.01,16,GELU,300,0.4137901102564987,0.4606074188315933,0.9790506496950411,2.373597100144252
16,0.01,16,GELU,500,0.4137901102564987,0.4606074188315933,0.9790506496950411,1.8974673000629991
16,0.01,16,GELU,1000,0.4137901102564987,0.4606074188315933,0.9790506496950411,2.730394600192085
16,0.01,16,Softmax,50,0.37642850573126846,0.4293485793485794,0.9782551047467515,3.4359700998757035
16,0.01,16,Softmax,100,0.37642850573126846,0.4293485793485794,0.9782551047467515,2.8595848998520523
16,0.01,16,Softmax,300,0.37642850573126846,0.4293485793485794,0.9782551047467515,3.7249759000260383
16,0.01,16,Softmax,500,0.37642850573126846,0.4293485793485794,0.9782551047467515,3.0064985000062734
16,0.01,16,Softmax,1000,0.37642850573126846,0.4293485793485794,0.9782551047467515,2.900758600095287
16,0.01,32,ReLU,50,0.41374613412432887,0.47840464659238974,0.9782551047467515,1.6643656000960618
16,0.01,32,ReLU,100,0.41374613412432887,0.47840464659238974,0.9782551047467515,1.5258848001249135
16,0.01,32,ReLU,300,0.41374613412432887,0.47840464659238974,0.9782551047467515,1.1089706998318434
16,0.01,32,ReLU,500,0.41374613412432887,0.47840464659238974,0.9782551047467515,0.8315534999128431
16,0.01,32,ReLU,1000,0.41374613412432887,0.47840464659238974,0.9782551047467515,1.0854430999606848
16,0.01,32,Tanh,50,0.38341912990491955,0.43793750608535853,0.9771943781490321,1.9761427000630647
16,0.01,32,Tanh,100,0.38341912990491955,0.43793750608535853,0.9771943781490321,1.3445378001779318
16,0.01,32,Tanh,300,0.38341912990491955,0.43793750608535853,0.9771943781490321,0.9711057001259178
16,0.01,32,Tanh,500,0.38341912990491955,0.43793750608535853,0.9771943781490321,1.3295517000369728
16,0.01,32,Tanh,1000,0.38341912990491955,0.43793750608535853,0.9771943781490321,1.9238597999792546
16,0.01,32,Sigmoid,50,0.33496619873762634,0.36183990584312986,0.9785202863961814,1.4014192000031471
16,0.01,32,Sigmoid,100,0.33496619873762634,0.36183990584312986,0.9785202863961814,1.5978765999898314
16,0.01,32,Sigmoid,300,0.33496619873762634,0.36183990584312986,0.9785202863961814,2.174332199851051
16,0.01,32,Sigmoid,500,0.33496619873762634,0.36183990584312986,0.9785202863961814,1.4930028000380844
16,0.01,32,Sigmoid,1000,0.33496619873762634,0.36183990584312986,0.9785202863961814,2.3930502000730485
16,0.01,32,GELU,50,0.41374613412432887,0.47840464659238974,0.9782551047467515,1.0390069999266416
16,0.01,32,GELU,100,0.41374613412432887,0.47840464659238974,0.9782551047467515,1.0666813999414444
16,0.01,32,GELU,300,0.41374613412432887,0.47840464659238974,0.9782551047467515,1.6601109998300672
16,0.01,32,GELU,500,0.41374613412432887,0.47840464659238974,0.9782551047467515,1.3696784998755902
16,0.01,32,GELU,1000,0.41374613412432887,0.47840464659238974,0.9782551047467515,0.7107838001102209
16,0.01,32,Softmax,50,0.33496619873762634,0.36183990584312986,0.9785202863961814,2.4178943000733852
16,0.01,32,Softmax,100,0.33496619873762634,0.36183990584312986,0.9785202863961814,1.6341161001473665
16,0.01,32,Softmax,300,0.33496619873762634,0.36183990584312986,0.9785202863961814,1.761109699960798
16,0.01,32,Softmax,500,0.33496619873762634,0.36183990584312986,0.9785202863961814,1.4429453001357615
16,0.01,32,Softmax,1000,0.33496619873762634,0.36183990584312986,0.9785202863961814,1.8370595001615584
16,0.01,64,ReLU,50,0.34610150151185914,0.38669171889865794,0.9771943781490321,0.7499902001582086
16,0.01,64,ReLU,100,0.34610150151185914,0.38669171889865794,0.9771943781490321,0.6059174998663366
16,0.01,64,ReLU,300,0.34610150151185914,0.38669171889865794,0.9771943781490321,0.6855516000650823
16,0.01,64,ReLU,500,0.34610150151185914,0.38669171889865794,0.9771943781490321,1.1448668001685292
16,0.01,64,ReLU,1000,0.34610150151185914,0.38669171889865794,0.9771943781490321,0.7095759001094848
16,0.01,64,Tanh,50,0.3242220823417147,0.3672923886202818,0.9763988332007425,0.5967636001296341
16,0.01,64,Tanh,100,0.3242220823417147,0.3672923886202818,0.9763988332007425,0.7788564001675695
16,0.01,64,Tanh,300,0.3242220823417147,0.3672923886202818,0.9763988332007425,1.0099027999676764
16,0.01,64,Tanh,500,0.3242220823417147,0.3672923886202818,0.9763988332007425,0.7773887000512332
16,0.01,64,Tanh,1000,0.3242220823417147,0.3672923886202818,0.9763988332007425,0.5680241000372916
16,0.01,64,Sigmoid,50,0.29396319801331355,0.3183296762520691,0.9756032882524529,1.140891700051725
16,0.01,64,Sigmoid,100,0.29396319801331355,0.3183296762520691,0.9756032882524529,0.9976371000520885
16,0.01,64,Sigmoid,300,0.29396319801331355,0.3183296762520691,0.9756032882524529,0.6977113001048565
16,0.01,64,Sigmoid,500,0.29396319801331355,0.3183296762520691,0.9756032882524529,0.8519480000250041
16,0.01,64,Sigmoid,1000,0.29396319801331355,0.3183296762520691,0.9756032882524529,1.2104428000748158
16,0.01,64,GELU,50,0.34610150151185914,0.38669171889865794,0.9771943781490321,0.8069959999993443
16,0.01,64,GELU,100,0.34610150151185914,0.38669171889865794,0.9771943781490321,1.0042115999385715
16,0.01,64,GELU,300,0.34610150151185914,0.38669171889865794,0.9771943781490321,0.6418765000998974
16,0.01,64,GELU,500,0.34610150151185914,0.38669171889865794,0.9771943781490321,1.0081420000642538
16,0.01,64,GELU,1000,0.34610150151185914,0.38669171889865794,0.9771943781490321,0.9128644000738859
16,0.01,64,Softmax,50,0.29396319801331355,0.3183296762520691,0.9756032882524529,0.8806696999818087
16,0.01,64,Softmax,100,0.29396319801331355,0.3183296762520691,0.9756032882524529,1.2823542000260204
16,0.01,64,Softmax,300,0.29396319801331355,0.3183296762520691,0.9756032882524529,0.7513417999725789
16,0.01,64,Softmax,500,0.29396319801331355,0.3183296762520691,0.9756032882524529,1.2429053001105785
16,0.01,64,Softmax,1000,0.29396319801331355,0.3183296762520691,0.9756032882524529,0.7345174001529813
16,0.01,128,ReLU,50,0.32526816817852583,0.3523934752478766,0.9769291964996022,0.6724590000230819
16,0.01,128,ReLU,100,0.32526816817852583,0.3523934752478766,0.9769291964996022,0.8025573999620974
16,0.01,128,ReLU,300,0.32526816817852583,0.3523934752478766,0.9769291964996022,0.5930041000247002
16,0.01,128,ReLU,500,0.32526816817852583,0.3523934752478766,0.9769291964996022,0.4279060000553727
16,0.01,128,ReLU,1000,0.32526816817852583,0.3523934752478766,0.9769291964996022,0.4364720000885427
16,0.01,128,Tanh,50,0.30655330597040664,0.3320057413053326,0.9763988332007425,0.5812405000906438
16,0.01,128,Tanh,100,0.30655330597040664,0.3320057413053326,0.9763988332007425,0.6277952000964433
16,0.01,128,Tanh,300,0.30655330597040664,0.3320057413053326,0.9763988332007425,0.5703319997992367
16,0.01,128,Tanh,500,0.30655330597040664,0.3320057413053326,0.9763988332007425,0.44066959992051125
16,0.01,128,Tanh,1000,0.30655330597040664,0.3320057413053326,0.9763988332007425,0.3107459000311792
16,0.01,128,Sigmoid,50,0.25,0.24660663889262197,0.9732166534075842,0.31519920006394386
16,0.01,128,Sigmoid,100,0.25,0.24660663889262197,0.9732166534075842,0.38258820003829896
16,0.01,128,Sigmoid,300,0.25,0.24660663889262197,0.9732166534075842,0.39633650006726384
16,0.01,128,Sigmoid,500,0.25,0.24660663889262197,0.9732166534075842,0.36444599996320903
16,0.01,128,Sigmoid,1000,0.25,0.24660663889262197,0.9732166534075842,0.4162834999151528
16,0.01,128,GELU,50,0.32526816817852583,0.3523934752478766,0.9769291964996022,0.575377200031653
16,0.01,128,GELU,100,0.32526816817852583,0.3523934752478766,0.9769291964996022,0.4265387000050396
16,0.01,128,GELU,300,0.32526816817852583,0.3523934752478766,0.9769291964996022,0.38246849994175136
16,0.01,128,GELU,500,0.32526816817852583,0.3523934752478766,0.9769291964996022,0.5247926998417825
16,0.01,128,GELU,1000,0.32526816817852583,0.3523934752478766,0.9769291964996022,0.7936408000532538
16,0.01,128,Softmax,50,0.25,0.24660663889262197,0.9732166534075842,0.4467515000142157
16,0.01,128,Softmax,100,0.25,0.24660663889262197,0.9732166534075842,0.5537616999354213
16,0.01,128,Softmax,300,0.25,0.24660663889262197,0.9732166534075842,0.32614900008775294
16,0.01,128,Softmax,500,0.25,0.24660663889262197,0.9732166534075842,0.2383705999236554
16,0.01,128,Softmax,1000,0.25,0.24660663889262197,0.9732166534075842,0.21896740002557635
16,0.001,8,ReLU,50,0.35771364352314927,0.41675952049771214,0.9777247414478918,4.049305299995467
16,0.001,8,ReLU,100,0.35771364352314927,0.41675952049771214,0.9777247414478918,3.8133032999467105
16,0.001,8,ReLU,300,0.35771364352314927,0.41675952049771214,0.9777247414478918,4.2168909998144954
16,0.001,8,ReLU,500,0.35771364352314927,0.41675952049771214,0.9777247414478918,4.234716600039974
16,0.001,8,ReLU,1000,0.35771364352314927,0.41675952049771214,0.9777247414478918,4.191044199978933
16,0.001,8,Tanh,50,0.3033887490083813,0.3280191375268921,0.9761336515513126,4.049321400001645
16,0.001,8,Tanh,100,0.3033887490083813,0.3280191375268921,0.9761336515513126,3.846576099982485
16,0.001,8,Tanh,300,0.3033887490083813,0.3280191375268921,0.9761336515513126,3.973491200013086
16,0.001,8,Tanh,500,0.3033887490083813,0.3280191375268921,0.9761336515513126,3.943373400019482
16,0.001,8,Tanh,1000,0.3033887490083813,0.3280191375268921,0.9761336515513126,3.7196480999700725
16,0.001,8,Sigmoid,50,0.25309643707101714,0.2527785660823255,0.9732166534075842,4.719402599846944
16,0.001,8,Sigmoid,100,0.25309643707101714,0.2527785660823255,0.9732166534075842,4.7149932000320405
16,0.001,8,Sigmoid,300,0.25309643707101714,0.2527785660823255,0.9732166534075842,4.478976699989289
16,0.001,8,Sigmoid,500,0.25309643707101714,0.2527785660823255,0.9732166534075842,4.89710390008986
16,0.001,8,Sigmoid,1000,0.25309643707101714,0.2527785660823255,0.9732166534075842,5.217612199950963
16,0.001,8,GELU,50,0.35771364352314927,0.41675952049771214,0.9777247414478918,3.695278200088069
16,0.001,8,GELU,100,0.35771364352314927,0.41675952049771214,0.9777247414478918,4.110841799993068
16,0.001,8,GELU,300,0.35771364352314927,0.41675952049771214,0.9777247414478918,4.104880499886349
16,0.001,8,GELU,500,0.35771364352314927,0.41675952049771214,0.9777247414478918,4.298843500204384
16,0.001,8,GELU,1000,0.35771364352314927,0.41675952049771214,0.9777247414478918,4.296233400003985
16,0.001,8,Softmax,50,0.25309643707101714,0.2527785660823255,0.9732166534075842,5.010283000068739
16,0.001,8,Softmax,100,0.25309643707101714,0.2527785660823255,0.9732166534075842,4.600428200094029
16,0.001,8,Softmax,300,0.25309643707101714,0.2527785660823255,0.9732166534075842,4.989886799827218
16,0.001,8,Softmax,500,0.25309643707101714,0.2527785660823255,0.9732166534075842,4.618158899946138
16,0.001,8,Softmax,1000,0.25309643707101714,0.2527785660823255,0.9732166534075842,4.816112000029534
16,0.001,16,ReLU,50,0.32738663930373996,0.37127590510379826,0.9766640148501724,2.5495399001520127
16,0.001,16,ReLU,100,0.32738663930373996,0.37127590510379826,0.9766640148501724,3.1723807000089437
16,0.001,16,ReLU,300,0.32738663930373996,0.37127590510379826,0.9766640148501724,2.640690000029281
16,0.001,16,ReLU,500,0.32738663930373996,0.37127590510379826,0.9766640148501724,2.478328299941495
16,0.001,16,ReLU,1000,0.32738663930373996,0.37127590510379826,0.9766640148501724,2.7424541998188943
16,0.001,16,Tanh,50,0.2972639947573552,0.32356645164128706,0.9763988332007425,2.2174216001294553
16,0.001,16,Tanh,100,0.2972639947573552,0.32356645164128706,0.9763988332007425,2.2037078000139445
16,0.001,16,Tanh,300,0.2972639947573552,0.32356645164128706,0.9763988332007425,2.2127948000561446
16,0.001,16,Tanh,500,0.2972639947573552,0.32356645164128706,0.9763988332007425,2.152490899898112
16,0.001,16,Tanh,1000,0.2972639947573552,0.32356645164128706,0.9763988332007425,1.9760404999833554
16,0.001,16,Sigmoid,50,0.25,0.24660663889262197,0.9732166534075842,1.3877427000552416
16,0.001,16,Sigmoid,100,0.25,0.24660663889262197,0.9732166534075842,1.3192523999605328
16,0.001,16,Sigmoid,300,0.25,0.24660663889262197,0.9732166534075842,1.4377319000195712
16,0.001,16,Sigmoid,500,0.25,0.24660663889262197,0.9732166534075842,1.314290100010112
16,0.001,16,Sigmoid,1000,0.25,0.24660663889262197,0.9732166534075842,1.625096800038591
16,0.001,16,GELU,50,0.32738663930373996,0.37127590510379826,0.9766640148501724,2.796814300119877
16,0.001,16,GELU,100,0.32738663930373996,0.37127590510379826,0.9766640148501724,2.4914331999607384
16,0.001,16,GELU,300,0.32738663930373996,0.37127590510379826,0.9766640148501724,2.461069199955091
16,0.001,16,GELU,500,0.32738663930373996,0.37127590510379826,0.9766640148501724,2.5331401999574155
16,0.001,16,GELU,1000,0.32738663930373996,0.37127590510379826,0.9766640148501724,2.4775839999783784
16,0.001,16,Softmax,50,0.25,0.24660663889262197,0.9732166534075842,1.3922158000059426
16,0.001,16,Softmax,100,0.25,0.24660663889262197,0.9732166534075842,1.4800094000529498
16,0.001,16,Softmax,300,0.25,0.24660663889262197,0.9732166534075842,1.4080093998927623
16,0.001,16,Softmax,500,0.25,0.24660663889262197,0.9732166534075842,1.4487652000971138
16,0.001,16,Softmax,1000,0.25,0.24660663889262197,0.9732166534075842,1.4143874000292271
16,0.001,32,ReLU,50,0.30846741742259626,0.3466204036785591,0.9753381066030231,1.7813655999489129
16,0.001,32,ReLU,100,0.30846741742259626,0.3466204036785591,0.9753381066030231,1.8111308999359608
16,0.001,32,ReLU,300,0.30846741742259626,0.3466204036785591,0.9753381066030231,1.8302639999892563
16,0.001,32,ReLU,500,0.30846741742259626,0.3466204036785591,0.9753381066030231,1.695162400137633
16,0.001,32,ReLU,1000,0.30846741742259626,0.3466204036785591,0.9753381066030231,1.9102696999907494
16,0.001,32,Tanh,50,0.27504397613216985,0.29167958546903194,0.9742773800053036,1.625484799966216
16,0.001,32,Tanh,100,0.27504397613216985,0.29167958546903194,0.9742773800053036,1.2240144000388682
16,0.001,32,Tanh,300,0.27504397613216985,0.29167958546903194,0.9742773800053036,1.173004100099206
16,0.001,32,Tanh,500,0.27504397613216985,0.29167958546903194,0.9742773800053036,1.8192326999269426
16,0.001,32,Tanh,1000,0.27504397613216985,0.29167958546903194,0.9742773800053036,1.0143277999013662
16,0.001,32,Sigmoid,50,0.25,0.24660663889262197,0.9732166534075842,1.1964757000096142
16,0.001,32,Sigmoid,100,0.25,0.24660663889262197,0.9732166534075842,1.08357540005818
16,0.001,32,Sigmoid,300,0.25,0.24660663889262197,0.9732166534075842,0.5409133001230657
16,0.001,32,Sigmoid,500,0.25,0.24660663889262197,0.9732166534075842,0.8083446000237018
16,0.001,32,Sigmoid,1000,0.25,0.24660663889262197,0.9732166534075842,1.0155162001028657
16,0.001,32,GELU,50,0.30846741742259626,0.3466204036785591,0.9753381066030231,1.6436751999426633
16,0.001,32,GELU,100,0.30846741742259626,0.3466204036785591,0.9753381066030231,1.733253600075841
16,0.001,32,GELU,300,0.30846741742259626,0.3466204036785591,0.9753381066030231,1.529414099873975
16,0.001,32,GELU,500,0.30846741742259626,0.3466204036785591,0.9753381066030231,1.566522000124678
16,0.001,32,GELU,1000,0.30846741742259626,0.3466204036785591,0.9753381066030231,1.814977000001818
16,0.001,32,Softmax,50,0.25,0.24660663889262197,0.9732166534075842,0.6016119001433253
16,0.001,32,Softmax,100,0.25,0.24660663889262197,0.9732166534075842,1.123636499978602
16,0.001,32,Softmax,300,0.25,0.24660663889262197,0.9732166534075842,0.961073299869895
16,0.001,32,Softmax,500,0.25,0.24660663889262197,0.9732166534075842,0.7673953000921756
16,0.001,32,Softmax,1000,0.25,0.24660663889262197,0.9732166534075842,0.6271986998617649
16,0.001,64,ReLU,50,0.277162447257384,0.2975133212652259,0.9740121983558738,1.053271299926564
16,0.001,64,ReLU,100,0.277162447257384,0.2975133212652259,0.9740121983558738,1.1526389000937343
16,0.001,64,ReLU,300,0.277162447257384,0.2975133212652259,0.9740121983558738,0.7384829998482019
16,0.001,64,ReLU,500,0.277162447257384,0.2975133212652259,0.9740121983558738,0.9205104000866413
16,0.001,64,ReLU,1000,0.277162447257384,0.2975133212652259,0.9740121983558738,1.3090356001630425
16,0.001,64,Tanh,50,0.2621132687200359,0.2702760738162542,0.9721559268098647,0.6483941001351923
16,0.001,64,Tanh,100,0.2621132687200359,0.2702760738162542,0.9721559268098647,0.8708190000616014
16,0.001,64,Tanh,300,0.2621132687200359,0.2702760738162542,0.9721559268098647,1.1597291000653058
16,0.001,64,Tanh,500,0.2621132687200359,0.2702760738162542,0.9721559268098647,0.7129711997695267
16,0.001,64,Tanh,1000,0.2621132687200359,0.2702760738162542,0.9721559268098647,1.1407232000492513
16,0.001,64,Sigmoid,50,0.25,0.24660663889262197,0.9732166534075842,0.6692196000367403
16,0.001,64,Sigmoid,100,0.25,0.24660663889262197,0.9732166534075842,0.4041170000564307
16,0.001,64,Sigmoid,300,0.25,0.24660663889262197,0.9732166534075842,0.37179500004276633
16,0.001,64,Sigmoid,500,0.25,0.24660663889262197,0.9732166534075842,0.526853600051254
16,0.001,64,Sigmoid,1000,0.25,0.24660663889262197,0.9732166534075842,0.7030575999524444
16,0.001,64,GELU,50,0.277162447257384,0.2975133212652259,0.9740121983558738,1.1839370001107454
16,0.001,64,GELU,100,0.277162447257384,0.2975133212652259,0.9740121983558738,0.8747834998648614
16,0.001,64,GELU,300,0.277162447257384,0.2975133212652259,0.9740121983558738,1.3921326000709087
16,0.001,64,GELU,500,0.277162447257384,0.2975133212652259,0.9740121983558738,0.6676058999728411
16,0.001,64,GELU,1000,0.277162447257384,0.2975133212652259,0.9740121983558738,1.1819429001770914
16,0.001,64,Softmax,50,0.25,0.24660663889262197,0.9732166534075842,0.5720333000645041
16,0.001,64,Softmax,100,0.25,0.24660663889262197,0.9732166534075842,0.5374008000362664
16,0.001,64,Softmax,300,0.25,0.24660663889262197,0.9732166534075842,0.39746310003101826
16,0.001,64,Softmax,500,0.25,0.24660663889262197,0.9732166534075842,0.32147020008414984
16,0.001,64,Softmax,1000,0.25,0.24660663889262197,0.9732166534075842,0.40848080022260547
16,0.001,128,ReLU,50,0.2497956403269755,0.24650443667652594,0.9724211084592946,0.6503300000913441
16,0.001,128,ReLU,100,0.2497956403269755,0.24650443667652594,0.9724211084592946,0.7013983998913318
16,0.001,128,ReLU,300,0.2497956403269755,0.24650443667652594,0.9724211084592946,0.5874151999596506
16,0.001,128,ReLU,500,0.2497956403269755,0.24650443667652594,0.9724211084592946,0.49042679998092353
16,0.001,128,ReLU,1000,0.2497956403269755,0.24650443667652594,0.9724211084592946,0.33066460001282394
16,0.001,128,Tanh,50,0.25255147794295174,0.25250576912533584,0.9710952002121453,0.5738909000065178
16,0.001,128,Tanh,100,0.25255147794295174,0.25250576912533584,0.9710952002121453,1.0873319001402706
16,0.001,128,Tanh,300,0.25255147794295174,0.25250576912533584,0.9710952002121453,0.8904186999425292
16,0.001,128,Tanh,500,0.25255147794295174,0.25250576912533584,0.9710952002121453,0.5740100999828428
16,0.001,128,Tanh,1000,0.25255147794295174,0.25250576912533584,0.9710952002121453,0.7467000000178814
16,0.001,128,Sigmoid,50,0.25,0.24660663889262197,0.9732166534075842,0.49824359989725053
16,0.001,128,Sigmoid,100,0.25,0.24660663889262197,0.9732166534075842,0.39485669997520745
16,0.001,128,Sigmoid,300,0.25,0.24660663889262197,0.9732166534075842,0.3719297999050468
16,0.001,128,Sigmoid,500,0.25,0.24660663889262197,0.9732166534075842,0.35581859992817044
16,0.001,128,Sigmoid,1000,0.25,0.24660663889262197,0.9732166534075842,0.35584680014289916
16,0.001,128,GELU,50,0.2497956403269755,0.24650443667652594,0.9724211084592946,0.3236643997952342
16,0.001,128,GELU,100,0.2497956403269755,0.24650443667652594,0.9724211084592946,0.29220979986712337
16,0.001,128,GELU,300,0.2497956403269755,0.24650443667652594,0.9724211084592946,0.4693181000184268
16,0.001,128,GELU,500,0.2497956403269755,0.24650443667652594,0.9724211084592946,0.8084145998582244
16,0.001,128,GELU,1000,0.2497956403269755,0.24650443667652594,0.9724211084592946,0.5525152999907732
16,0.001,128,Softmax,50,0.25,0.24660663889262197,0.9732166534075842,0.37413279991596937
16,0.001,128,Softmax,100,0.25,0.24660663889262197,0.9732166534075842,0.4233658001758158
16,0.001,128,Softmax,300,0.25,0.24660663889262197,0.9732166534075842,0.2553884000517428
16,0.001,128,Softmax,500,0.25,0.24660663889262197,0.9732166534075842,0.22103670006617904
16,0.001,128,Softmax,1000,0.25,0.24660663889262197,0.9732166534075842,0.1948162999469787
16,0.0001,8,ReLU,50,0.24993188010899184,0.2465725806451613,0.9729514717581543,3.3554261999670416
16,0.0001,8,ReLU,100,0.24993188010899184,0.2465725806451613,0.9729514717581543,3.697454100009054
16,0.0001,8,ReLU,300,0.24993188010899184,0.2465725806451613,0.9729514717581543,3.6631883000954986
16,0.0001,8,ReLU,500,0.24993188010899184,0.2465725806451613,0.9729514717581543,3.0660885001998395
16,0.0001,8,ReLU,1000,0.24993188010899184,0.2465725806451613,0.9729514717581543,4.02866469998844
16,0.0001,8,Tanh,50,0.2491825613079019,0.24619733476914793,0.9700344736144259,3.5435767001472414
16,0.0001,8,Tanh,100,0.2491825613079019,0.24619733476914793,0.9700344736144259,3.617537199985236
16,0.0001,8,Tanh,300,0.2491825613079019,0.24619733476914793,0.9700344736144259,3.8974243998527527
16,0.0001,8,Tanh,500,0.2491825613079019,0.24619733476914793,0.9700344736144259,3.339648599969223
16,0.0001,8,Tanh,1000,0.2491825613079019,0.24619733476914793,0.9700344736144259,3.5022971997968853
16,0.0001,8,Sigmoid,50,0.25,0.24660663889262197,0.9732166534075842,2.5747704999521375
16,0.0001,8,Sigmoid,100,0.25,0.24660663889262197,0.9732166534075842,2.1915822001174092
16,0.0001,8,Sigmoid,300,0.25,0.24660663889262197,0.9732166534075842,2.459790099877864
16,0.0001,8,Sigmoid,500,0.25,0.24660663889262197,0.9732166534075842,2.726208999985829
16,0.0001,8,Sigmoid,1000,0.25,0.24660663889262197,0.9732166534075842,2.7854392000008374
16,0.0001,8,GELU,50,0.24993188010899184,0.2465725806451613,0.9729514717581543,3.2835703000891954
16,0.0001,8,GELU,100,0.24993188010899184,0.2465725806451613,0.9729514717581543,3.4912566000130028
16,0.0001,8,GELU,300,0.24993188010899184,0.2465725806451613,0.9729514717581543,3.248636099975556
16,0.0001,8,GELU,500,0.24993188010899184,0.2465725806451613,0.9729514717581543,3.31523900013417
16,0.0001,8,GELU,1000,0.24993188010899184,0.2465725806451613,0.9729514717581543,3.650903900153935
16,0.0001,8,Softmax,50,0.25,0.24660663889262197,0.9732166534075842,2.230584800010547
16,0.0001,8,Softmax,100,0.25,0.24660663889262197,0.9732166534075842,2.5130159000400454
16,0.0001,8,Softmax,300,0.25,0.24660663889262197,0.9732166534075842,2.9573888001032174
16,0.0001,8,Softmax,500,0.25,0.24660663889262197,0.9732166534075842,2.535396199906245
16,0.0001,8,Softmax,1000,0.25,0.24660663889262197,0.9732166534075842,2.204601800069213
16,0.0001,16,ReLU,50,0.24965940054495914,0.24643625605164066,0.9718907451604349,2.360943099949509
16,0.0001,16,ReLU,100,0.24965940054495914,0.24643625605164066,0.9718907451604349,2.387177500175312
16,0.0001,16,ReLU,300,0.24965940054495914,0.24643625605164066,0.9718907451604349,2.2029077999759465
16,0.0001,16,ReLU,500,0.24965940054495914,0.24643625605164066,0.9718907451604349,2.155702400021255
16,0.0001,16,ReLU,1000,0.24965940054495914,0.24643625605164066,0.9718907451604349,2.300321100046858
16,0.0001,16,Tanh,50,0.24925068119891008,0.2462314939434724,0.9702996552638558,2.4057257999666035
16,0.0001,16,Tanh,100,0.24925068119891008,0.2462314939434724,0.9702996552638558,2.5707982000894845
16,0.0001,16,Tanh,300,0.24925068119891008,0.2462314939434724,0.9702996552638558,2.398328500101343
16,0.0001,16,Tanh,500,0.24925068119891008,0.2462314939434724,0.9702996552638558,2.348807199858129
16,0.0001,16,Tanh,1000,0.24925068119891008,0.2462314939434724,0.9702996552638558,2.7224423000589013
16,0.0001,16,Sigmoid,50,0.25,0.24660663889262197,0.9732166534075842,1.172008000081405
16,0.0001,16,Sigmoid,100,0.25,0.24660663889262197,0.9732166534075842,1.4782533999532461
16,0.0001,16,Sigmoid,300,0.25,0.24660663889262197,0.9732166534075842,1.4215156000573188
16,0.0001,16,Sigmoid,500,0.25,0.24660663889262197,0.9732166534075842,1.483314999844879
16,0.0001,16,Sigmoid,1000,0.25,0.24660663889262197,0.9732166534075842,1.1577494000084698
16,0.0001,16,GELU,50,0.24965940054495914,0.24643625605164066,0.9718907451604349,2.168807800160721
16,0.0001,16,GELU,100,0.24965940054495914,0.24643625605164066,0.9718907451604349,2.2663721998687834
16,0.0001,16,GELU,300,0.24965940054495914,0.24643625605164066,0.9718907451604349,2.221536299912259
16,0.0001,16,GELU,500,0.24965940054495914,0.24643625605164066,0.9718907451604349,2.1594189000315964
16,0.0001,16,GELU,1000,0.24965940054495914,0.24643625605164066,0.9718907451604349,2.094180899905041
16,0.0001,16,Softmax,50,0.25,0.24660663889262197,0.9732166534075842,1.277209699852392
16,0.0001,16,Softmax,100,0.25,0.24660663889262197,0.9732166534075842,1.5920241000130773
16,0.0001,16,Softmax,300,0.25,0.24660663889262197,0.9732166534075842,1.138677799841389
16,0.0001,16,Softmax,500,0.25,0.24660663889262197,0.9732166534075842,1.3491597000975162
16,0.0001,16,Softmax,1000,0.25,0.24660663889262197,0.9732166534075842,1.3821084999945015
16,0.0001,32,ReLU,50,0.24959128065395095,0.24640215198386012,0.971625563511005,1.6019945999141783
16,0.0001,32,ReLU,100,0.24959128065395095,0.24640215198386012,0.971625563511005,1.5993302999995649
16,0.0001,32,ReLU,300,0.24959128065395095,0.24640215198386012,0.971625563511005,1.6953642999287695
16,0.0001,32,ReLU,500,0.24959128065395095,0.24640215198386012,0.971625563511005,1.6053826999850571
16,0.0001,32,ReLU,1000,0.24959128065395095,0.24640215198386012,0.971625563511005,1.548743800027296
16,0.0001,32,Tanh,50,0.24925068119891008,0.2462314939434724,0.9702996552638558,1.8777354001067579
16,0.0001,32,Tanh,100,0.24925068119891008,0.2462314939434724,0.9702996552638558,1.8177557999733835
16,0.0001,32,Tanh,300,0.24925068119891008,0.2462314939434724,0.9702996552638558,2.114633799996227
16,0.0001,32,Tanh,500,0.24925068119891008,0.2462314939434724,0.9702996552638558,1.8378743999637663
16,0.0001,32,Tanh,1000,0.24925068119891008,0.2462314939434724,0.9702996552638558,1.8162789000198245
16,0.0001,32,Sigmoid,50,0.25,0.24660663889262197,0.9732166534075842,0.698972700163722
16,0.0001,32,Sigmoid,100,0.25,0.24660663889262197,0.9732166534075842,0.6855631999205798
16,0.0001,32,Sigmoid,300,0.25,0.24660663889262197,0.9732166534075842,0.7373802999500185
16,0.0001,32,Sigmoid,500,0.25,0.24660663889262197,0.9732166534075842,0.6166073000058532
16,0.0001,32,Sigmoid,1000,0.25,0.24660663889262197,0.9732166534075842,0.748110800050199
16,0.0001,32,GELU,50,0.24959128065395095,0.24640215198386012,0.971625563511005,1.490637900074944
16,0.0001,32,GELU,100,0.24959128065395095,0.24640215198386012,0.971625563511005,1.6065018000081182
16,0.0001,32,GELU,300,0.24959128065395095,0.24640215198386012,0.971625563511005,1.4578953001182526
16,0.0001,32,GELU,500,0.24959128065395095,0.24640215198386012,0.971625563511005,2.148770699976012
16,0.0001,32,GELU,1000,0.24959128065395095,0.24640215198386012,0.971625563511005,1.3678273998666555
16,0.0001,32,Softmax,50,0.25,0.24660663889262197,0.9732166534075842,0.617827600101009
16,0.0001,32,Softmax,100,0.25,0.24660663889262197,0.9732166534075842,1.2935279000084847
16,0.0001,32,Softmax,300,0.25,0.24660663889262197,0.9732166534075842,0.9668284999206662
16,0.0001,32,Softmax,500,0.25,0.24660663889262197,0.9732166534075842,0.7108662999235094
16,0.0001,32,Softmax,1000,0.25,0.24660663889262197,0.9732166534075842,0.4781409001443535
16,0.0001,64,ReLU,50,0.24965940054495914,0.24643625605164066,0.9718907451604349,1.8179665999487042
16,0.0001,64,ReLU,100,0.24965940054495914,0.24643625605164066,0.9718907451604349,1.8428078999277204
16,0.0001,64,ReLU,300,0.24965940054495914,0.24643625605164066,0.9718907451604349,1.2947784999851137
16,0.0001,64,ReLU,500,0.24965940054495914,0.24643625605164066,0.9718907451604349,2.037508999928832
16,0.0001,64,ReLU,1000,0.24965940054495914,0.24643625605164066,0.9718907451604349,1.1233477999921888
16,0.0001,64,Tanh,50,0.24925068119891008,0.2462314939434724,0.9702996552638558,2.3363526999019086
16,0.0001,64,Tanh,100,0.24925068119891008,0.2462314939434724,0.9702996552638558,1.4370665000751615
16,0.0001,64,Tanh,300,0.24925068119891008,0.2462314939434724,0.9702996552638558,2.1059303998481482
16,0.0001,64,Tanh,500,0.24925068119891008,0.2462314939434724,0.9702996552638558,1.9234805000014603
16,0.0001,64,Tanh,1000,0.24925068119891008,0.2462314939434724,0.9702996552638558,1.5796867997851223
16,0.0001,64,Sigmoid,50,0.2497956403269755,0.24650443667652594,0.9724211084592946,0.5963343000039458
16,0.0001,64,Sigmoid,100,0.2497956403269755,0.24650443667652594,0.9724211084592946,0.5874254000373185
16,0.0001,64,Sigmoid,300,0.2497956403269755,0.24650443667652594,0.9724211084592946,0.5110965999774635
16,0.0001,64,Sigmoid,500,0.2497956403269755,0.24650443667652594,0.9724211084592946,0.43154029990546405
16,0.0001,64,Sigmoid,1000,0.2497956403269755,0.24650443667652594,0.9724211084592946,0.3738384998869151
16,0.0001,64,GELU,50,0.24965940054495914,0.24643625605164066,0.9718907451604349,1.2847056998871267
16,0.0001,64,GELU,100,0.24965940054495914,0.24643625605164066,0.9718907451604349,2.1335807000286877
16,0.0001,64,GELU,300,0.24965940054495914,0.24643625605164066,0.9718907451604349,1.2067424000706524
16,0.0001,64,GELU,500,0.24965940054495914,0.24643625605164066,0.9718907451604349,1.7559483998920768
16,0.0001,64,GELU,1000,0.24965940054495914,0.24643625605164066,0.9718907451604349,1.8062620998825878
16,0.0001,64,Softmax,50,0.2497956403269755,0.24650443667652594,0.9724211084592946,0.3540058000944555
16,0.0001,64,Softmax,100,0.2497956403269755,0.24650443667652594,0.9724211084592946,0.38121769996359944
16,0.0001,64,Softmax,300,0.2497956403269755,0.24650443667652594,0.9724211084592946,0.39648519991897047
16,0.0001,64,Softmax,500,0.2497956403269755,0.24650443667652594,0.9724211084592946,0.6976033998653293
16,0.0001,64,Softmax,1000,0.2497956403269755,0.24650443667652594,0.9724211084592946,0.7436226001009345
16,0.0001,128,ReLU,50,0.24516348773841962,0.24416553595658072,0.9543887562980642,1.1451967998873442
16,0.0001,128,ReLU,100,0.2491825613079019,0.24619733476914793,0.9700344736144259,1.2640879999380559
16,0.0001,128,ReLU,300,0.2491825613079019,0.24619733476914793,0.9700344736144259,1.5317845998797566
16,0.0001,128,ReLU,500,0.2491825613079019,0.24619733476914793,0.9700344736144259,1.784035800024867
16,0.0001,128,ReLU,1000,0.2491825613079019,0.24619733476914793,0.9700344736144259,1.0472027000505477
16,0.0001,128,Tanh,50,0.23698910081743868,0.23993103448275863,0.9225669583664811,1.226393099874258
16,0.0001,128,Tanh,100,0.24884196185286103,0.24602640086206898,0.9687085653672766,1.9638557001017034
16,0.0001,128,Tanh,300,0.24884196185286103,0.24602640086206898,0.9687085653672766,1.3668307000771165
16,0.0001,128,Tanh,500,0.24884196185286103,0.24602640086206898,0.9687085653672766,2.260355700040236
16,0.0001,128,Tanh,1000,0.24884196185286103,0.24602640086206898,0.9687085653672766,1.313793099950999
16,0.0001,128,Sigmoid,50,0.2706289736603088,0.2777875823584779,0.9726862901087244,0.41117870016023517
16,0.0001,128,Sigmoid,100,0.2706289736603088,0.2777875823584779,0.9726862901087244,0.5567067000083625
16,0.0001,128,Sigmoid,300,0.2706289736603088,0.2777875823584779,0.9726862901087244,0.5508657000027597
16,0.0001,128,Sigmoid,500,0.2706289736603088,0.2777875823584779,0.9726862901087244,0.4258709999267012
16,0.0001,128,Sigmoid,1000,0.2706289736603088,0.2777875823584779,0.9726862901087244,0.326045700116083
16,0.0001,128,GELU,50,0.24516348773841962,0.24416553595658072,0.9543887562980642,0.794509100029245
16,0.0001,128,GELU,100,0.2491825613079019,0.24619733476914793,0.9700344736144259,1.0225362998899072
16,0.0001,128,GELU,300,0.2491825613079019,0.24619733476914793,0.9700344736144259,1.9099242999218404
16,0.0001,128,GELU,500,0.2491825613079019,0.24619733476914793,0.9700344736144259,1.368694799952209
16,0.0001,128,GELU,1000,0.2491825613079019,0.24619733476914793,0.9700344736144259,1.0471326000988483
16,0.0001,128,Softmax,50,0.2706289736603088,0.2777875823584779,0.9726862901087244,0.4254463999532163
16,0.0001,128,Softmax,100,0.2706289736603088,0.2777875823584779,0.9726862901087244,0.42393100005574524
16,0.0001,128,Softmax,300,0.2706289736603088,0.2777875823584779,0.9726862901087244,0.4309661998413503
16,0.0001,128,Softmax,500,0.2706289736603088,0.2777875823584779,0.9726862901087244,0.42716130008921027
16,0.0001,128,Softmax,1000,0.2706289736603088,0.2777875823584779,0.9726862901087244,0.42264650017023087
16,0.00025,8,ReLU,50,0.28019076443739294,0.3029898312850566,0.9737470167064439,6.2195288999937475
16,0.00025,8,ReLU,100,0.28019076443739294,0.3029898312850566,0.9737470167064439,6.577656100038439
16,0.00025,8,ReLU,300,0.28019076443739294,0.3029898312850566,0.9737470167064439,5.971351800020784
16,0.00025,8,ReLU,500,0.28019076443739294,0.3029898312850566,0.9737470167064439,5.842899299925193
16,0.00025,8,ReLU,1000,0.28019076443739294,0.3029898312850566,0.9737470167064439,5.588859400013462
16,0.00025,8,Tanh,50,0.25928931121305143,0.26467618962737294,0.9732166534075842,5.084060800028965
16,0.00025,8,Tanh,100,0.25928931121305143,0.26467618962737294,0.9732166534075842,5.378725599963218
16,0.00025,8,Tanh,300,0.25928931121305143,0.26467618962737294,0.9732166534075842,4.827368900179863
16,0.00025,8,Tanh,500,0.25928931121305143,0.26467618962737294,0.9732166534075842,4.7512616000603884
16,0.00025,8,Tanh,1000,0.25928931121305143,0.26467618962737294,0.9732166534075842,5.006339400075376
16,0.00025,8,Sigmoid,50,0.25,0.24660663889262197,0.9732166534075842,2.573011700063944
16,0.00025,8,Sigmoid,100,0.25,0.24660663889262197,0.9732166534075842,2.524588700151071
16,0.00025,8,Sigmoid,300,0.25,0.24660663889262197,0.9732166534075842,2.432194900000468
16,0.00025,8,Sigmoid,500,0.25,0.24660663889262197,0.9732166534075842,2.1467631000559777
16,0.00025,8,Sigmoid,1000,0.25,0.24660663889262197,0.9732166534075842,2.5460692001506686
16,0.00025,8,GELU,50,0.28019076443739294,0.3029898312850566,0.9737470167064439,6.086577699985355
16,0.00025,8,GELU,100,0.28019076443739294,0.3029898312850566,0.9737470167064439,6.141766699962318
16,0.00025,8,GELU,300,0.28019076443739294,0.3029898312850566,0.9737470167064439,6.454060399904847
16,0.00025,8,GELU,500,0.28019076443739294,0.3029898312850566,0.9737470167064439,6.090801499783993
16,0.00025,8,GELU,1000,0.28019076443739294,0.3029898312850566,0.9737470167064439,6.311505899997428
16,0.00025,8,Softmax,50,0.25,0.24660663889262197,0.9732166534075842,2.824241300113499
16,0.00025,8,Softmax,100,0.25,0.24660663889262197,0.9732166534075842,2.764504199847579
16,0.00025,8,Softmax,300,0.25,0.24660663889262197,0.9732166534075842,2.3983926998917013
16,0.00025,8,Softmax,500,0.25,0.24660663889262197,0.9732166534075842,2.43560569989495
16,0.00025,8,Softmax,1000,0.25,0.24660663889262197,0.9732166534075842,2.257127400022
16,0.00025,16,ReLU,50,0.27399789029535865,0.29138447837281684,0.9737470167064439,3.20240360009484
16,0.00025,16,ReLU,100,0.27399789029535865,0.29138447837281684,0.9737470167064439,3.4022868999745697
16,0.00025,16,ReLU,300,0.27399789029535865,0.29138447837281684,0.9737470167064439,2.9160917000845075
16,0.00025,16,ReLU,500,0.27399789029535865,0.29138447837281684,0.9737470167064439,3.064039899967611
16,0.00025,16,ReLU,1000,0.27399789029535865,0.29138447837281684,0.9737470167064439,2.719216800061986
16,0.00025,16,Tanh,50,0.25248335805194355,0.25247162820065466,0.9708300185627154,3.1197520000860095
16,0.00025,16,Tanh,100,0.25248335805194355,0.25247162820065466,0.9708300185627154,3.022388400044292
16,0.00025,16,Tanh,300,0.25248335805194355,0.25247162820065466,0.9708300185627154,3.0073731001466513
16,0.00025,16,Tanh,500,0.25248335805194355,0.25247162820065466,0.9708300185627154,3.1082086998503655
16,0.00025,16,Tanh,1000,0.25248335805194355,0.25247162820065466,0.9708300185627154,3.211925699841231
16,0.00025,16,Sigmoid,50,0.25,0.24660663889262197,0.9732166534075842,1.3019822998903692
16,0.00025,16,Sigmoid,100,0.25,0.24660663889262197,0.9732166534075842,1.1354498001746833
16,0.00025,16,Sigmoid,300,0.25,0.24660663889262197,0.9732166534075842,1.3690695001278073
16,0.00025,16,Sigmoid,500,0.25,0.24660663889262197,0.9732166534075842,1.36350840004161
16,0.00025,16,Sigmoid,1000,0.25,0.24660663889262197,0.9732166534075842,1.178063599858433
16,0.00025,16,GELU,50,0.27399789029535865,0.29138447837281684,0.9737470167064439,3.1097766999155283
16,0.00025,16,GELU,100,0.27399789029535865,0.29138447837281684,0.9737470167064439,2.833626199979335
16,0.00025,16,GELU,300,0.27399789029535865,0.29138447837281684,0.9737470167064439,3.064217200037092
16,0.00025,16,GELU,500,0.27399789029535865,0.29138447837281684,0.9737470167064439,2.802695600083098
16,0.00025,16,GELU,1000,0.27399789029535865,0.29138447837281684,0.9737470167064439,3.382180499844253
16,0.00025,16,Softmax,50,0.25,0.24660663889262197,0.9732166534075842,1.192390999989584
16,0.00025,16,Softmax,100,0.25,0.24660663889262197,0.9732166534075842,1.1774640001822263
16,0.00025,16,Softmax,300,0.25,0.24660663889262197,0.9732166534075842,1.286498799920082
16,0.00025,16,Softmax,500,0.25,0.24660663889262197,0.9732166534075842,1.11904829996638
16,0.00025,16,Softmax,1000,0.25,0.24660663889262197,0.9732166534075842,1.2778201000764966
16,0.00025,32,ReLU,50,0.24986376021798365,0.24653851324102702,0.9726862901087244,0.9748837999068201
16,0.00025,32,ReLU,100,0.24986376021798365,0.24653851324102702,0.9726862901087244,1.1912463000044227
16,0.00025,32,ReLU,300,0.24986376021798365,0.24653851324102702,0.9726862901087244,1.2675558999180794
16,0.00025,32,ReLU,500,0.24986376021798365,0.24653851324102702,0.9726862901087244,0.9795675000641495
16,0.00025,32,ReLU,1000,0.24986376021798365,0.24653851324102702,0.9726862901087244,0.967495699878782
16,0.00025,32,Tanh,50,0.24938692098092644,0.24629978471474703,0.9708300185627154,1.442033400060609
16,0.00025,32,Tanh,100,0.24938692098092644,0.24629978471474703,0.9708300185627154,1.8059219000861049
16,0.00025,32,Tanh,300,0.24938692098092644,0.24629978471474703,0.9708300185627154,2.4758681000676006
16,0.00025,32,Tanh,500,0.24938692098092644,0.24629978471474703,0.9708300185627154,1.3191457998473197
16,0.00025,32,Tanh,1000,0.24938692098092644,0.24629978471474703,0.9708300185627154,1.5783390998840332
16,0.00025,32,Sigmoid,50,0.25,0.24660663889262197,0.9732166534075842,1.0013646001461893
16,0.00025,32,Sigmoid,100,0.25,0.24660663889262197,0.9732166534075842,1.1745448000729084
16,0.00025,32,Sigmoid,300,0.25,0.24660663889262197,0.9732166534075842,0.8587247000541538
16,0.00025,32,Sigmoid,500,0.25,0.24660663889262197,0.9732166534075842,0.622763599967584
16,0.00025,32,Sigmoid,1000,0.25,0.24660663889262197,0.9732166534075842,0.5857549000065774
16,0.00025,32,GELU,50,0.24986376021798365,0.24653851324102702,0.9726862901087244,1.2739442000165582
16,0.00025,32,GELU,100,0.24986376021798365,0.24653851324102702,0.9726862901087244,1.7290465999394655
16,0.00025,32,GELU,300,0.24986376021798365,0.24653851324102702,0.9726862901087244,1.5463614000473171
16,0.00025,32,GELU,500,0.24986376021798365,0.24653851324102702,0.9726862901087244,0.9967348999343812
16,0.00025,32,GELU,1000,0.24986376021798365,0.24653851324102702,0.9726862901087244,0.9031248998362571
16,0.00025,32,Softmax,50,0.25,0.24660663889262197,0.9732166534075842,0.9078145001549274
16,0.00025,32,Softmax,100,0.25,0.24660663889262197,0.9732166534075842,1.2029146999120712
16,0.00025,32,Softmax,300,0.25,0.24660663889262197,0.9732166534075842,1.141229399945587
16,0.00025,32,Softmax,500,0.25,0.24660663889262197,0.9732166534075842,0.9955090000294149
16,0.00025,32,Softmax,1000,0.25,0.24660663889262197,0.9732166534075842,0.7933026999235153
16,0.00025,64,ReLU,50,0.2497275204359673,0.24647035094796288,0.9721559268098647,0.7459678999148309
16,0.00025,64,ReLU,100,0.2497275204359673,0.24647035094796288,0.9721559268098647,0.7442306000739336
16,0.00025,64,ReLU,300,0.2497275204359673,0.24647035094796288,0.9721559268098647,1.2602348998188972
16,0.00025,64,ReLU,500,0.2497275204359673,0.24647035094796288,0.9721559268098647,1.3278798998799175
16,0.00025,64,ReLU,1000,0.2497275204359673,0.24647035094796288,0.9721559268098647,1.2801821997854859
16,0.00025,64,Tanh,50,0.2494550408719346,0.24633391631911744,0.9710952002121453,0.9342982999514788
16,0.00025,64,Tanh,100,0.2494550408719346,0.24633391631911744,0.9710952002121453,0.8303549999836832
16,0.00025,64,Tanh,300,0.2494550408719346,0.24633391631911744,0.9710952002121453,1.6492934999987483
16,0.00025,64,Tanh,500,0.2494550408719346,0.24633391631911744,0.9710952002121453,1.4742716997861862
16,0.00025,64,Tanh,1000,0.2494550408719346,0.24633391631911744,0.9710952002121453,1.3300471999682486
16,0.00025,64,Sigmoid,50,0.25,0.24660663889262197,0.9732166534075842,0.37327830004505813
16,0.00025,64,Sigmoid,100,0.25,0.24660663889262197,0.9732166534075842,0.34580280003137887
16,0.00025,64,Sigmoid,300,0.25,0.24660663889262197,0.9732166534075842,0.33158589992672205
16,0.00025,64,Sigmoid,500,0.25,0.24660663889262197,0.9732166534075842,0.353954000165686
16,0.00025,64,Sigmoid,1000,0.25,0.24660663889262197,0.9732166534075842,0.750126900151372
16,0.00025,64,GELU,50,0.2497275204359673,0.24647035094796288,0.9721559268098647,1.428513800026849
16,0.00025,64,GELU,100,0.2497275204359673,0.24647035094796288,0.9721559268098647,1.313995199976489
16,0.00025,64,GELU,300,0.2497275204359673,0.24647035094796288,0.9721559268098647,0.9368811999447644
16,0.00025,64,GELU,500,0.2497275204359673,0.24647035094796288,0.9721559268098647,0.7554145001340657
16,0.00025,64,GELU,1000,0.2497275204359673,0.24647035094796288,0.9721559268098647,0.6259095999412239
16,0.00025,64,Softmax,50,0.25,0.24660663889262197,0.9732166534075842,0.3691478001419455
16,0.00025,64,Softmax,100,0.25,0.24660663889262197,0.9732166534075842,0.607326100114733
16,0.00025,64,Softmax,300,0.25,0.24660663889262197,0.9732166534075842,0.5925669998396188
16,0.00025,64,Softmax,500,0.25,0.24660663889262197,0.9732166534075842,0.682883899891749
16,0.00025,64,Softmax,1000,0.25,0.24660663889262197,0.9732166534075842,0.6153462000656873
16,0.00025,128,ReLU,50,0.2497956403269755,0.24650443667652594,0.9724211084592946,1.1027873000130057
16,0.00025,128,ReLU,100,0.2497956403269755,0.24650443667652594,0.9724211084592946,0.8523683999665082
16,0.00025,128,ReLU,300,0.2497956403269755,0.24650443667652594,0.9724211084592946,0.7079555001109838
16,0.00025,128,ReLU,500,0.2497956403269755,0.24650443667652594,0.9724211084592946,0.6086865998804569
16,0.00025,128,ReLU,1000,0.2497956403269755,0.24650443667652594,0.9724211084592946,0.9371881999541074
16,0.00025,128,Tanh,50,0.24931880108991825,0.24626564392410175,0.9705648369132857,1.4554894999600947
16,0.00025,128,Tanh,100,0.24931880108991825,0.24626564392410175,0.9705648369132857,1.426465200027451
16,0.00025,128,Tanh,300,0.24931880108991825,0.24626564392410175,0.9705648369132857,1.0752797999884933
16,0.00025,128,Tanh,500,0.24931880108991825,0.24626564392410175,0.9705648369132857,0.8159797999542207
16,0.00025,128,Tanh,1000,0.24931880108991825,0.24626564392410175,0.9705648369132857,0.6676626999396831
16,0.00025,128,Sigmoid,50,0.24993188010899184,0.2465725806451613,0.9729514717581543,0.439443799899891
16,0.00025,128,Sigmoid,100,0.24993188010899184,0.2465725806451613,0.9729514717581543,0.4912229999899864
16,0.00025,128,Sigmoid,300,0.24993188010899184,0.2465725806451613,0.9729514717581543,0.4217324999626726
16,0.00025,128,Sigmoid,500,0.24993188010899184,0.2465725806451613,0.9729514717581543,0.36904049990698695
16,0.00025,128,Sigmoid,1000,0.24993188010899184,0.2465725806451613,0.9729514717581543,0.4601892000064254
16,0.00025,128,GELU,50,0.2497956403269755,0.24650443667652594,0.9724211084592946,1.221266900189221
16,0.00025,128,GELU,100,0.2497956403269755,0.24650443667652594,0.9724211084592946,0.9548510999884456
16,0.00025,128,GELU,300,0.2497956403269755,0.24650443667652594,0.9724211084592946,0.6101259000133723
16,0.00025,128,GELU,500,0.2497956403269755,0.24650443667652594,0.9724211084592946,0.5327714001759887
16,0.00025,128,GELU,1000,0.2497956403269755,0.24650443667652594,0.9724211084592946,0.5635559000074863
16,0.00025,128,Softmax,50,0.24993188010899184,0.2465725806451613,0.9729514717581543,0.23439210001379251
16,0.00025,128,Softmax,100,0.24993188010899184,0.2465725806451613,0.9729514717581543,0.35654659988358617
16,0.00025,128,Softmax,300,0.24993188010899184,0.2465725806451613,0.9729514717581543,0.37801000010222197
16,0.00025,128,Softmax,500,0.24993188010899184,0.2465725806451613,0.9729514717581543,0.5097417000215501
16,0.00025,128,Softmax,1000,0.24993188010899184,0.2465725806451613,0.9729514717581543,0.34799670008942485
32,0.01,8,ReLU,50,0.5356915174927281,0.572343412560575,0.9814372845399099,6.667882499983534
32,0.01,8,ReLU,100,0.5356915174927281,0.572343412560575,0.9814372845399099,5.743530899984762
32,0.01,8,ReLU,300,0.5356915174927281,0.572343412560575,0.9814372845399099,5.38810749980621
32,0.01,8,ReLU,500,0.5356915174927281,0.572343412560575,0.9814372845399099,5.359943699790165
32,0.01,8,ReLU,1000,0.5356915174927281,0.572343412560575,0.9814372845399099,5.147088899975643
32,0.01,8,Tanh,50,0.608025787833845,0.6218776108085703,0.9843542826836383,5.079688700148836
32,0.01,8,Tanh,100,0.608025787833845,0.6218776108085703,0.9843542826836383,6.043268300127238
32,0.01,8,Tanh,300,0.608025787833845,0.6218776108085703,0.9843542826836383,6.347929099807516
32,0.01,8,Tanh,500,0.608025787833845,0.6218776108085703,0.9843542826836383,6.146142499987036
32,0.01,8,Tanh,1000,0.608025787833845,0.6218776108085703,0.9843542826836383,5.657455199863762
32,0.01,8,Sigmoid,50,0.5505363363570517,0.593656089328187,0.9824980111376292,5.61293280008249
32,0.01,8,Sigmoid,100,0.5505363363570517,0.593656089328187,0.9824980111376292,7.394665800035
32,0.01,8,Sigmoid,300,0.5505363363570517,0.593656089328187,0.9824980111376292,6.9568621001672
32,0.01,8,Sigmoid,500,0.5505363363570517,0.593656089328187,0.9824980111376292,6.246073800139129
32,0.01,8,Sigmoid,1000,0.5505363363570517,0.593656089328187,0.9824980111376292,7.26407409994863
32,0.01,8,GELU,50,0.5356915174927281,0.572343412560575,0.9814372845399099,5.686054900055751
32,0.01,8,GELU,100,0.5356915174927281,0.572343412560575,0.9814372845399099,5.043089699931443
32,0.01,8,GELU,300,0.5356915174927281,0.572343412560575,0.9814372845399099,6.35426039993763
32,0.01,8,GELU,500,0.5356915174927281,0.572343412560575,0.9814372845399099,4.964046000037342
32,0.01,8,GELU,1000,0.5356915174927281,0.572343412560575,0.9814372845399099,5.208286399953067
32,0.01,8,Softmax,50,0.5505363363570517,0.593656089328187,0.9824980111376292,6.125296000158414
32,0.01,8,Softmax,100,0.5505363363570517,0.593656089328187,0.9824980111376292,5.459523699944839
32,0.01,8,Softmax,300,0.5505363363570517,0.593656089328187,0.9824980111376292,6.793699699919671
32,0.01,8,Softmax,500,0.5505363363570517,0.593656089328187,0.9824980111376292,5.632974599953741
32,0.01,8,Softmax,1000,0.5505363363570517,0.593656089328187,0.9824980111376292,5.556840999983251
32,0.01,16,ReLU,50,0.6273581841593948,0.6724781362970789,0.9824980111376292,3.025472200009972
32,0.01,16,ReLU,100,0.6273581841593948,0.6724781362970789,0.9824980111376292,2.1837412000168115
32,0.01,16,ReLU,300,0.6273581841593948,0.6724781362970789,0.9824980111376292,3.069755299948156
32,0.01,16,ReLU,500,0.6273581841593948,0.6724781362970789,0.9824980111376292,2.2028854000382125
32,0.01,16,ReLU,1000,0.6273581841593948,0.6724781362970789,0.9824980111376292,2.7728101999964565
32,0.01,16,Tanh,50,0.5436622633049357,0.579093488902522,0.9798461946433307,3.624264399986714
32,0.01,16,Tanh,100,0.5436622633049357,0.579093488902522,0.9798461946433307,3.1617193000856787
32,0.01,16,Tanh,300,0.5436622633049357,0.579093488902522,0.9798461946433307,2.6435235999524593
32,0.01,16,Tanh,500,0.5436622633049357,0.579093488902522,0.9798461946433307,3.329351600026712
32,0.01,16,Tanh,1000,0.5436622633049357,0.579093488902522,0.9798461946433307,3.1978633999824524
32,0.01,16,Sigmoid,50,0.4555248968141735,0.5040925044560816,0.9798461946433307,4.108824499882758
32,0.01,16,Sigmoid,100,0.4555248968141735,0.5040925044560816,0.9798461946433307,3.5901627999264747
32,0.01,16,Sigmoid,300,0.4555248968141735,0.5040925044560816,0.9798461946433307,4.0214627999812365
32,0.01,16,Sigmoid,500,0.4555248968141735,0.5040925044560816,0.9798461946433307,3.895507700042799
32,0.01,16,Sigmoid,1000,0.4555248968141735,0.5040925044560816,0.9798461946433307,3.632489399984479
32,0.01,16,GELU,50,0.6273581841593948,0.6724781362970789,0.9824980111376292,2.5783279000315815
32,0.01,16,GELU,100,0.6273581841593948,0.6724781362970789,0.9824980111376292,2.815431100083515
32,0.01,16,GELU,300,0.6273581841593948,0.6724781362970789,0.9824980111376292,2.7080842000432312
32,0.01,16,GELU,500,0.6273581841593948,0.6724781362970789,0.9824980111376292,2.679651299957186
32,0.01,16,GELU,1000,0.6273581841593948,0.6724781362970789,0.9824980111376292,3.14313460001722
32,0.01,16,Softmax,50,0.4555248968141735,0.5040925044560816,0.9798461946433307,3.25115569983609
32,0.01,16,Softmax,100,0.4555248968141735,0.5040925044560816,0.9798461946433307,3.9455434000119567
32,0.01,16,Softmax,300,0.4555248968141735,0.5040925044560816,0.9798461946433307,3.1071561998687685
32,0.01,16,Softmax,500,0.4555248968141735,0.5040925044560816,0.9798461946433307,3.436830800026655
32,0.01,16,Softmax,1000,0.4555248968141735,0.5040925044560816,0.9798461946433307,4.138948100153357
32,0.01,32,ReLU,50,0.5250836408788329,0.5721987335503417,0.9798461946433307,1.5279196999035776
32,0.01,32,ReLU,100,0.5250836408788329,0.5721987335503417,0.9798461946433307,1.6828804998658597
32,0.01,32,ReLU,300,0.5250836408788329,0.5721987335503417,0.9798461946433307,2.019295500125736
32,0.01,32,ReLU,500,0.5250836408788329,0.5721987335503417,0.9798461946433307,1.0633303001523018
32,0.01,32,ReLU,1000,0.5250836408788329,0.5721987335503417,0.9798461946433307,1.889451300026849
32,0.01,32,Tanh,50,0.5179567769231654,0.55009941504348,0.9803765579421904,1.7316941998433322
32,0.01,32,Tanh,100,0.5179567769231654,0.55009941504348,0.9803765579421904,1.8363181999884546
32,0.01,32,Tanh,300,0.5179567769231654,0.55009941504348,0.9803765579421904,1.767889300128445
32,0.01,32,Tanh,500,0.5179567769231654,0.55009941504348,0.9803765579421904,1.8464144000317901
32,0.01,32,Tanh,1000,0.5179567769231654,0.55009941504348,0.9803765579421904,1.643956599989906
32,0.01,32,Sigmoid,50,0.3637702778831672,0.4164755554483779,0.9771943781490321,2.206803100183606
32,0.01,32,Sigmoid,100,0.3637702778831672,0.4164755554483779,0.9771943781490321,1.8928682999685407
32,0.01,32,Sigmoid,300,0.3637702778831672,0.4164755554483779,0.9771943781490321,1.770548300119117
32,0.01,32,Sigmoid,500,0.3637702778831672,0.4164755554483779,0.9771943781490321,1.8681942000985146
32,0.01,32,Sigmoid,1000,0.3637702778831672,0.4164755554483779,0.9771943781490321,1.981115500209853
32,0.01,32,GELU,50,0.5250836408788329,0.5721987335503417,0.9798461946433307,1.3554143998771906
32,0.01,32,GELU,100,0.5250836408788329,0.5721987335503417,0.9798461946433307,1.6087421998381615
32,0.01,32,GELU,300,0.5250836408788329,0.5721987335503417,0.9798461946433307,1.8035242999903858
32,0.01,32,GELU,500,0.5250836408788329,0.5721987335503417,0.9798461946433307,1.2997962001245469
32,0.01,32,GELU,1000,0.5250836408788329,0.5721987335503417,0.9798461946433307,2.0871808999218047
32,0.01,32,Softmax,50,0.3637702778831672,0.4164755554483779,0.9771943781490321,1.7698671999387443
32,0.01,32,Softmax,100,0.3637702778831672,0.4164755554483779,0.9771943781490321,1.9137468000408262
32,0.01,32,Softmax,300,0.3637702778831672,0.4164755554483779,0.9771943781490321,1.8066939997952431
32,0.01,32,Softmax,500,0.3637702778831672,0.4164755554483779,0.9771943781490321,1.7934985000174493
32,0.01,32,Softmax,1000,0.3637702778831672,0.4164755554483779,0.9771943781490321,1.9095322999637574
32,0.01,64,ReLU,50,0.4334411179710045,0.48435406079181215,0.9782551047467515,0.7567323001567274
32,0.01,64,ReLU,100,0.4334411179710045,0.48435406079181215,0.9782551047467515,1.1781392998527735
32,0.01,64,ReLU,300,0.4334411179710045,0.48435406079181215,0.9782551047467515,1.4508098000660539
32,0.01,64,ReLU,500,0.4334411179710045,0.48435406079181215,0.9782551047467515,0.9192686998285353
32,0.01,64,ReLU,1000,0.4334411179710045,0.48435406079181215,0.9782551047467515,1.3682322001550347
32,0.01,64,Tanh,50,0.4205785304498787,0.45739223347352437,0.9763988332007425,1.1825624001212418
32,0.01,64,Tanh,100,0.4205785304498787,0.45739223347352437,0.9763988332007425,1.0588423998560756
32,0.01,64,Tanh,300,0.4205785304498787,0.45739223347352437,0.9763988332007425,1.0660313998814672
32,0.01,64,Tanh,500,0.4205785304498787,0.45739223347352437,0.9763988332007425,0.9265130998101085
32,0.01,64,Tanh,1000,0.4205785304498787,0.45739223347352437,0.9763988332007425,0.9773710002191365
32,0.01,64,Sigmoid,50,0.27511209602317804,0.2912142963959922,0.9745425616547335,1.0163879999890924
32,0.01,64,Sigmoid,100,0.27511209602317804,0.2912142963959922,0.9745425616547335,1.3762937998399138
32,0.01,64,Sigmoid,300,0.27511209602317804,0.2912142963959922,0.9745425616547335,1.0584911999758333
32,0.01,64,Sigmoid,500,0.27511209602317804,0.2912142963959922,0.9745425616547335,0.9964912999421358
32,0.01,64,Sigmoid,1000,0.27511209602317804,0.2912142963959922,0.9745425616547335,1.318532600067556
32,0.01,64,GELU,50,0.4334411179710045,0.48435406079181215,0.9782551047467515,0.87117960001342
32,0.01,64,GELU,100,0.4334411179710045,0.48435406079181215,0.9782551047467515,1.380689000012353
32,0.01,64,GELU,300,0.4334411179710045,0.48435406079181215,0.9782551047467515,0.8616474999580532
32,0.01,64,GELU,500,0.4334411179710045,0.48435406079181215,0.9782551047467515,1.059117899974808
32,0.01,64,GELU,1000,0.4334411179710045,0.48435406079181215,0.9782551047467515,0.9005941001232713
32,0.01,64,Softmax,50,0.27511209602317804,0.2912142963959922,0.9745425616547335,1.0900697000324726
32,0.01,64,Softmax,100,0.27511209602317804,0.2912142963959922,0.9745425616547335,1.0753768000286072
32,0.01,64,Softmax,300,0.27511209602317804,0.2912142963959922,0.9745425616547335,0.9351652001496404
32,0.01,64,Softmax,500,0.27511209602317804,0.2912142963959922,0.9745425616547335,1.1667538001202047
32,0.01,64,Softmax,1000,0.27511209602317804,0.2912142963959922,0.9745425616547335,1.0141191999427974
32,0.01,128,ReLU,50,0.39072836546752665,0.44223429592686786,0.9771943781490321,0.6498955001588911
32,0.01,128,ReLU,100,0.39072836546752665,0.44223429592686786,0.9771943781490321,0.6633531998377293
32,0.01,128,ReLU,300,0.39072836546752665,0.44223429592686786,0.9771943781490321,0.5071416001301259
32,0.01,128,ReLU,500,0.39072836546752665,0.44223429592686786,0.9771943781490321,0.7916953999083489
32,0.01,128,ReLU,1000,0.39072836546752665,0.44223429592686786,0.9771943781490321,0.5892733000218868
32,0.01,128,Tanh,50,0.3780701376194254,0.4282168560448203,0.9761336515513126,0.8953316998668015
32,0.01,128,Tanh,100,0.3780701376194254,0.4282168560448203,0.9761336515513126,0.8175886999815702
32,0.01,128,Tanh,300,0.3780701376194254,0.4282168560448203,0.9761336515513126,0.92524280003272
32,0.01,128,Tanh,500,0.3780701376194254,0.4282168560448203,0.9761336515513126,0.766580400057137
32,0.01,128,Tanh,1000,0.3780701376194254,0.4282168560448203,0.9761336515513126,0.7777134999632835
32,0.01,128,Sigmoid,50,0.27504397613216985,0.29069180920035675,0.9742773800053036,1.0397463999688625
32,0.01,128,Sigmoid,100,0.27504397613216985,0.29069180920035675,0.9742773800053036,0.9273225001525134
32,0.01,128,Sigmoid,300,0.27504397613216985,0.29069180920035675,0.9742773800053036,0.962314099771902
32,0.01,128,Sigmoid,500,0.27504397613216985,0.29069180920035675,0.9742773800053036,0.9663529000245035
32,0.01,128,Sigmoid,1000,0.27504397613216985,0.29069180920035675,0.9742773800053036,0.8516818999778479
32,0.01,128,GELU,50,0.39072836546752665,0.44223429592686786,0.9771943781490321,0.7012126001063734
32,0.01,128,GELU,100,0.39072836546752665,0.44223429592686786,0.9771943781490321,0.3977487999945879
32,0.01,128,GELU,300,0.39072836546752665,0.44223429592686786,0.9771943781490321,0.729664099868387
32,0.01,128,GELU,500,0.39072836546752665,0.44223429592686786,0.9771943781490321,0.7609506000299007
32,0.01,128,GELU,1000,0.39072836546752665,0.44223429592686786,0.9771943781490321,0.5167459000367671
32,0.01,128,Softmax,50,0.27504397613216985,0.29069180920035675,0.9742773800053036,0.9044451999943703
32,0.01,128,Softmax,100,0.27504397613216985,0.29069180920035675,0.9742773800053036,0.7364044999703765
32,0.01,128,Softmax,300,0.27504397613216985,0.29069180920035675,0.9742773800053036,1.0461485998239368
32,0.01,128,Softmax,500,0.27504397613216985,0.29069180920035675,0.9742773800053036,0.9177302001044154
32,0.01,128,Softmax,1000,0.27504397613216985,0.29069180920035675,0.9742773800053036,0.8973725000396371
32,0.001,8,ReLU,50,0.3491539624507065,0.4134396814519107,0.9763988332007425,5.552757199853659
32,0.001,8,ReLU,100,0.3491539624507065,0.4134396814519107,0.9763988332007425,5.471812200034037
32,0.001,8,ReLU,300,0.3491539624507065,0.4134396814519107,0.9763988332007425,5.251598899951205
32,0.001,8,ReLU,500,0.3491539624507065,0.4134396814519107,0.9763988332007425,5.784338500117883
32,0.001,8,ReLU,1000,0.3491539624507065,0.4134396814519107,0.9763988332007425,5.927460599923506
32,0.001,8,Tanh,50,0.3480156129640488,0.3944366995136608,0.9761336515513126,5.486127000069246
32,0.001,8,Tanh,100,0.3480156129640488,0.3944366995136608,0.9761336515513126,5.984184799948707
32,0.001,8,Tanh,300,0.3480156129640488,0.3944366995136608,0.9761336515513126,6.054322300013155
32,0.001,8,Tanh,500,0.3480156129640488,0.3944366995136608,0.9761336515513126,6.012519599869847
32,0.001,8,Tanh,1000,0.3480156129640488,0.3944366995136608,0.9761336515513126,5.1442523000296205
32,0.001,8,Sigmoid,50,0.28150932983823684,0.3012514340568004,0.9753381066030231,5.302293100161478
32,0.001,8,Sigmoid,100,0.28150932983823684,0.3012514340568004,0.9753381066030231,5.329249599948525
32,0.001,8,Sigmoid,300,0.28150932983823684,0.3012514340568004,0.9753381066030231,5.192589299986139
32,0.001,8,Sigmoid,500,0.28150932983823684,0.3012514340568004,0.9753381066030231,4.948340399889275
32,0.001,8,Sigmoid,1000,0.28150932983823684,0.3012514340568004,0.9753381066030231,6.077581000048667
32,0.001,8,GELU,50,0.3491539624507065,0.4134396814519107,0.9763988332007425,5.532080300152302
32,0.001,8,GELU,100,0.3491539624507065,0.4134396814519107,0.9763988332007425,5.178112500114366
32,0.001,8,GELU,300,0.3491539624507065,0.4134396814519107,0.9763988332007425,5.745540700154379
32,0.001,8,GELU,500,0.3491539624507065,0.4134396814519107,0.9763988332007425,5.429412799887359
32,0.001,8,GELU,1000,0.3491539624507065,0.4134396814519107,0.9763988332007425,6.261902300175279
32,0.001,8,Softmax,50,0.28150932983823684,0.3012514340568004,0.9753381066030231,5.8487010998651385
32,0.001,8,Softmax,100,0.28150932983823684,0.3012514340568004,0.9753381066030231,5.359223499894142
32,0.001,8,Softmax,300,0.28150932983823684,0.3012514340568004,0.9753381066030231,5.440542299998924
32,0.001,8,Softmax,500,0.28150932983823684,0.3012514340568004,0.9753381066030231,5.7970779000315815
32,0.001,8,Softmax,1000,0.28150932983823684,0.3012514340568004,0.9753381066030231,5.246896400116384
32,0.001,16,ReLU,50,0.28756596419825475,0.3080582273329704,0.9748077433041633,3.1938269999809563
32,0.001,16,ReLU,100,0.28756596419825475,0.3080582273329704,0.9748077433041633,2.6789358998648822
32,0.001,16,ReLU,300,0.28756596419825475,0.3080582273329704,0.9748077433041633,2.5051405001431704
32,0.001,16,ReLU,500,0.28756596419825475,0.3080582273329704,0.9748077433041633,3.049162899842486
32,0.001,16,ReLU,1000,0.28756596419825475,0.3080582273329704,0.9748077433041633,2.996496699983254
32,0.001,16,Tanh,50,0.32098940548868116,0.36111167768078106,0.9758684699018828,3.6189792999066412
32,0.001,16,Tanh,100,0.32098940548868116,0.36111167768078106,0.9758684699018828,2.993132999865338
32,0.001,16,Tanh,300,0.32098940548868116,0.36111167768078106,0.9758684699018828,3.7471340000629425
32,0.001,16,Tanh,500,0.32098940548868116,0.36111167768078106,0.9758684699018828,3.815167599823326
32,0.001,16,Tanh,1000,0.32098940548868116,0.36111167768078106,0.9758684699018828,3.1071895000059158
32,0.001,16,Sigmoid,50,0.25,0.24660663889262197,0.9732166534075842,2.3301327999215573
32,0.001,16,Sigmoid,100,0.25,0.24660663889262197,0.9732166534075842,2.295092099811882
32,0.001,16,Sigmoid,300,0.25,0.24660663889262197,0.9732166534075842,2.424341900041327
32,0.001,16,Sigmoid,500,0.25,0.24660663889262197,0.9732166534075842,2.6643105999100953
32,0.001,16,Sigmoid,1000,0.25,0.24660663889262197,0.9732166534075842,2.4510513998102397
32,0.001,16,GELU,50,0.28756596419825475,0.3080582273329704,0.9748077433041633,2.690265400102362
32,0.001,16,GELU,100,0.28756596419825475,0.3080582273329704,0.9748077433041633,2.6823688000440598
32,0.001,16,GELU,300,0.28756596419825475,0.3080582273329704,0.9748077433041633,2.745070200180635
32,0.001,16,GELU,500,0.28756596419825475,0.3080582273329704,0.9748077433041633,2.6826315000653267
32,0.001,16,GELU,1000,0.28756596419825475,0.3080582273329704,0.9748077433041633,3.174838799983263
32,0.001,16,Softmax,50,0.25,0.24660663889262197,0.9732166534075842,2.6376316999085248
32,0.001,16,Softmax,100,0.25,0.24660663889262197,0.9732166534075842,2.2554336001630872
32,0.001,16,Softmax,300,0.25,0.24660663889262197,0.9732166534075842,2.524013299960643
32,0.001,16,Softmax,500,0.25,0.24660663889262197,0.9732166534075842,2.400891900062561
32,0.001,16,Softmax,1000,0.25,0.24660663889262197,0.9732166534075842,2.1130367000587285
32,0.001,32,ReLU,50,0.2843332873452213,0.3028888192301981,0.9742773800053036,1.847238800022751
32,0.001,32,ReLU,100,0.2843332873452213,0.3028888192301981,0.9742773800053036,1.7724548000842333
32,0.001,32,ReLU,300,0.2843332873452213,0.3028888192301981,0.9742773800053036,1.9515376000199467
32,0.001,32,ReLU,500,0.2843332873452213,0.3028888192301981,0.9742773800053036,1.6037717000581324
32,0.001,32,ReLU,1000,0.2843332873452213,0.3028888192301981,0.9742773800053036,1.8472496999893337
32,0.001,32,Tanh,50,0.2877022039802711,0.3087908715041436,0.9753381066030231,1.362625899957493
32,0.001,32,Tanh,100,0.2877022039802711,0.3087908715041436,0.9753381066030231,1.187449499964714
32,0.001,32,Tanh,300,0.2877022039802711,0.3087908715041436,0.9753381066030231,1.1855591000057757
32,0.001,32,Tanh,500,0.2877022039802711,0.3087908715041436,0.9753381066030231,1.412786099826917
32,0.001,32,Tanh,1000,0.2877022039802711,0.3087908715041436,0.9753381066030231,1.0105570999439806
32,0.001,32,Sigmoid,50,0.25,0.24660663889262197,0.9732166534075842,1.0203535999171436
32,0.001,32,Sigmoid,100,0.25,0.24660663889262197,0.9732166534075842,0.7285090999212116
32,0.001,32,Sigmoid,300,0.25,0.24660663889262197,0.9732166534075842,0.6551647000014782
32,0.001,32,Sigmoid,500,0.25,0.24660663889262197,0.9732166534075842,1.1964304000139236
32,0.001,32,Sigmoid,1000,0.25,0.24660663889262197,0.9732166534075842,0.6851705999579281
32,0.001,32,GELU,50,0.2843332873452213,0.3028888192301981,0.9742773800053036,1.9937475000042468
32,0.001,32,GELU,100,0.2843332873452213,0.3028888192301981,0.9742773800053036,1.707935499958694
32,0.001,32,GELU,300,0.2843332873452213,0.3028888192301981,0.9742773800053036,1.7733367998152971
32,0.001,32,GELU,500,0.2843332873452213,0.3028888192301981,0.9742773800053036,2.069498699856922
32,0.001,32,GELU,1000,0.2843332873452213,0.3028888192301981,0.9742773800053036,2.0834594999905676
32,0.001,32,Softmax,50,0.25,0.24660663889262197,0.9732166534075842,0.7360835999716073
32,0.001,32,Softmax,100,0.25,0.24660663889262197,0.9732166534075842,0.8938700000289828
32,0.001,32,Softmax,300,0.25,0.24660663889262197,0.9732166534075842,0.9275201000273228
32,0.001,32,Softmax,500,0.25,0.24660663889262197,0.9732166534075842,0.5848664999939501
32,0.001,32,Softmax,1000,0.25,0.24660663889262197,0.9732166534075842,0.9756205000448972
32,0.001,64,ReLU,50,0.2594255509950678,0.26474433433613437,0.9737470167064439,0.8493502999190241
32,0.001,64,ReLU,100,0.2594255509950678,0.26474433433613437,0.9737470167064439,0.6975956000387669
32,0.001,64,ReLU,300,0.2594255509950678,0.26474433433613437,0.9737470167064439,1.158906500088051
32,0.001,64,ReLU,500,0.2594255509950678,0.26474433433613437,0.9737470167064439,0.7559184001293033
32,0.001,64,ReLU,1000,0.2594255509950678,0.26474433433613437,0.9737470167064439,0.9859912001993507
32,0.001,64,Tanh,50,0.28144120994722865,0.3006329709531193,0.9750729249535932,1.0371550000272691
32,0.001,64,Tanh,100,0.28144120994722865,0.3006329709531193,0.9750729249535932,0.619207999901846
32,0.001,64,Tanh,300,0.28144120994722865,0.3006329709531193,0.9750729249535932,1.4480747999623418
32,0.001,64,Tanh,500,0.28144120994722865,0.3006329709531193,0.9750729249535932,0.8888232000172138
32,0.001,64,Tanh,1000,0.28144120994722865,0.3006329709531193,0.9750729249535932,1.0629718999844044
32,0.001,64,Sigmoid,50,0.25,0.24660663889262197,0.9732166534075842,0.39598309993743896
32,0.001,64,Sigmoid,100,0.25,0.24660663889262197,0.9732166534075842,0.3804920001421124
32,0.001,64,Sigmoid,300,0.25,0.24660663889262197,0.9732166534075842,0.7382473000325263
32,0.001,64,Sigmoid,500,0.25,0.24660663889262197,0.9732166534075842,0.6036473999265581
32,0.001,64,Sigmoid,1000,0.25,0.24660663889262197,0.9732166534075842,0.3823459998238832
32,0.001,64,GELU,50,0.2594255509950678,0.26474433433613437,0.9737470167064439,0.8090466000139713
32,0.001,64,GELU,100,0.2594255509950678,0.26474433433613437,0.9737470167064439,1.02658070018515
32,0.001,64,GELU,300,0.2594255509950678,0.26474433433613437,0.9737470167064439,0.7007706000003964
32,0.001,64,GELU,500,0.2594255509950678,0.26474433433613437,0.9737470167064439,1.084282600088045
32,0.001,64,GELU,1000,0.2594255509950678,0.26474433433613437,0.9737470167064439,0.6865018999669701
32,0.001,64,Softmax,50,0.25,0.24660663889262197,0.9732166534075842,0.7013634999748319
32,0.001,64,Softmax,100,0.25,0.24660663889262197,0.9732166534075842,0.5865285000763834
32,0.001,64,Softmax,300,0.25,0.24660663889262197,0.9732166534075842,0.5204107998870313
32,0.001,64,Softmax,500,0.25,0.24660663889262197,0.9732166534075842,0.7566058000084013
32,0.001,64,Softmax,1000,0.25,0.24660663889262197,0.9732166534075842,0.4034094999078661
32,0.001,128,ReLU,50,0.24993188010899184,0.2465725806451613,0.9729514717581543,0.44571870006620884
32,0.001,128,ReLU,100,0.24993188010899184,0.2465725806451613,0.9729514717581543,0.4502244000323117
32,0.001,128,ReLU,300,0.24993188010899184,0.2465725806451613,0.9729514717581543,0.3199034999124706
32,0.001,128,ReLU,500,0.24993188010899184,0.2465725806451613,0.9729514717581543,0.43016979983076453
32,0.001,128,ReLU,1000,0.24993188010899184,0.2465725806451613,0.9729514717581543,0.5079357998911291
32,0.001,128,Tanh,50,0.25302831718000895,0.2528216590481312,0.9729514717581543,0.581541599938646
32,0.001,128,Tanh,100,0.25302831718000895,0.2528216590481312,0.9729514717581543,0.7196307999547571
32,0.001,128,Tanh,300,0.25302831718000895,0.2528216590481312,0.9729514717581543,0.5536147998645902
32,0.001,128,Tanh,500,0.25302831718000895,0.2528216590481312,0.9729514717581543,0.6424906998872757
32,0.001,128,Tanh,1000,0.25302831718000895,0.2528216590481312,0.9729514717581543,0.619024199899286
32,0.001,128,Sigmoid,50,0.25,0.24660663889262197,0.9732166534075842,0.22445039986632764
32,0.001,128,Sigmoid,100,0.25,0.24660663889262197,0.9732166534075842,0.25909400009550154
32,0.001,128,Sigmoid,300,0.25,0.24660663889262197,0.9732166534075842,0.5179503001272678
32,0.001,128,Sigmoid,500,0.25,0.24660663889262197,0.9732166534075842,0.35796739999204874
32,0.001,128,Sigmoid,1000,0.25,0.24660663889262197,0.9732166534075842,0.21901839994825423
32,0.001,128,GELU,50,0.24993188010899184,0.2465725806451613,0.9729514717581543,0.26849120017141104
32,0.001,128,GELU,100,0.24993188010899184,0.2465725806451613,0.9729514717581543,0.5997432000003755
32,0.001,128,GELU,300,0.24993188010899184,0.2465725806451613,0.9729514717581543,0.35987229994498193
32,0.001,128,GELU,500,0.24993188010899184,0.2465725806451613,0.9729514717581543,0.23132720007561147
32,0.001,128,GELU,1000,0.24993188010899184,0.2465725806451613,0.9729514717581543,0.4517760002054274
32,0.001,128,Softmax,50,0.25,0.24660663889262197,0.9732166534075842,0.4354836998973042
32,0.001,128,Softmax,100,0.25,0.24660663889262197,0.9732166534075842,0.2741967001929879
32,0.001,128,Softmax,300,0.25,0.24660663889262197,0.9732166534075842,0.21737770014442503
32,0.001,128,Softmax,500,0.25,0.24660663889262197,0.9732166534075842,0.3941379999741912
32,0.001,128,Softmax,1000,0.25,0.24660663889262197,0.9732166534075842,0.4130971000995487
32,0.0001,8,ReLU,50,0.24965940054495914,0.24643625605164066,0.9718907451604349,3.410538600059226
32,0.0001,8,ReLU,100,0.24965940054495914,0.24643625605164066,0.9718907451604349,2.7340542001184076
32,0.0001,8,ReLU,300,0.24965940054495914,0.24643625605164066,0.9718907451604349,2.770479900063947
32,0.0001,8,ReLU,500,0.24965940054495914,0.24643625605164066,0.9718907451604349,3.1442489998880774
32,0.0001,8,ReLU,1000,0.24965940054495914,0.24643625605164066,0.9718907451604349,2.910822399891913
32,0.0001,8,Tanh,50,0.2497956403269755,0.24650443667652594,0.9724211084592946,3.2641809000633657
32,0.0001,8,Tanh,100,0.2497956403269755,0.24650443667652594,0.9724211084592946,3.1072648998815566
32,0.0001,8,Tanh,300,0.2497956403269755,0.24650443667652594,0.9724211084592946,3.14662369992584
32,0.0001,8,Tanh,500,0.2497956403269755,0.24650443667652594,0.9724211084592946,3.1028076999355108
32,0.0001,8,Tanh,1000,0.2497956403269755,0.24650443667652594,0.9724211084592946,3.2001161000225693
32,0.0001,8,Sigmoid,50,0.25,0.24660663889262197,0.9732166534075842,2.779762300197035
32,0.0001,8,Sigmoid,100,0.25,0.24660663889262197,0.9732166534075842,2.607629500096664
32,0.0001,8,Sigmoid,300,0.25,0.24660663889262197,0.9732166534075842,2.838693499797955
32,0.0001,8,Sigmoid,500,0.25,0.24660663889262197,0.9732166534075842,2.559026899980381
32,0.0001,8,Sigmoid,1000,0.25,0.24660663889262197,0.9732166534075842,2.5664935000240803
32,0.0001,8,GELU,50,0.24965940054495914,0.24643625605164066,0.9718907451604349,3.028288200031966
32,0.0001,8,GELU,100,0.24965940054495914,0.24643625605164066,0.9718907451604349,2.7834755000658333
32,0.0001,8,GELU,300,0.24965940054495914,0.24643625605164066,0.9718907451604349,3.123621799983084
32,0.0001,8,GELU,500,0.24965940054495914,0.24643625605164066,0.9718907451604349,3.2866630000062287
32,0.0001,8,GELU,1000,0.24965940054495914,0.24643625605164066,0.9718907451604349,2.969091200036928
32,0.0001,8,Softmax,50,0.25,0.24660663889262197,0.9732166534075842,2.6491151999216527
32,0.0001,8,Softmax,100,0.25,0.24660663889262197,0.9732166534075842,2.7078095998149365
32,0.0001,8,Softmax,300,0.25,0.24660663889262197,0.9732166534075842,2.7283514998853207
32,0.0001,8,Softmax,500,0.25,0.24660663889262197,0.9732166534075842,3.6999758000019938
32,0.0001,8,Softmax,1000,0.25,0.24660663889262197,0.9732166534075842,3.310469000134617
32,0.0001,16,ReLU,50,0.24993188010899184,0.2465725806451613,0.9729514717581543,1.7349999998696148
32,0.0001,16,ReLU,100,0.24993188010899184,0.2465725806451613,0.9729514717581543,1.8779745001811534
32,0.0001,16,ReLU,300,0.24993188010899184,0.2465725806451613,0.9729514717581543,2.5205614999867976
32,0.0001,16,ReLU,500,0.24993188010899184,0.2465725806451613,0.9729514717581543,1.5053848000243306
32,0.0001,16,ReLU,1000,0.24993188010899184,0.2465725806451613,0.9729514717581543,2.7763620000332594
32,0.0001,16,Tanh,50,0.2497956403269755,0.24650443667652594,0.9724211084592946,1.659571300027892
32,0.0001,16,Tanh,100,0.2497956403269755,0.24650443667652594,0.9724211084592946,2.2594238999299705
32,0.0001,16,Tanh,300,0.2497956403269755,0.24650443667652594,0.9724211084592946,2.252661000005901
32,0.0001,16,Tanh,500,0.2497956403269755,0.24650443667652594,0.9724211084592946,1.3177819000557065
32,0.0001,16,Tanh,1000,0.2497956403269755,0.24650443667652594,0.9724211084592946,2.53771060006693
32,0.0001,16,Sigmoid,50,0.25,0.24660663889262197,0.9732166534075842,1.1087817000225186
32,0.0001,16,Sigmoid,100,0.25,0.24660663889262197,0.9732166534075842,0.9716155999340117
32,0.0001,16,Sigmoid,300,0.25,0.24660663889262197,0.9732166534075842,1.8065102000255138
32,0.0001,16,Sigmoid,500,0.25,0.24660663889262197,0.9732166534075842,1.7275155000388622
32,0.0001,16,Sigmoid,1000,0.25,0.24660663889262197,0.9732166534075842,1.0287268999963999
32,0.0001,16,GELU,50,0.24993188010899184,0.2465725806451613,0.9729514717581543,1.7316221999935806
32,0.0001,16,GELU,100,0.24993188010899184,0.2465725806451613,0.9729514717581543,2.2859041998162866
32,0.0001,16,GELU,300,0.24993188010899184,0.2465725806451613,0.9729514717581543,1.4367014998570085
32,0.0001,16,GELU,500,0.24993188010899184,0.2465725806451613,0.9729514717581543,2.3965539999771863
32,0.0001,16,GELU,1000,0.24993188010899184,0.2465725806451613,0.9729514717581543,1.4287716001272202
32,0.0001,16,Softmax,50,0.25,0.24660663889262197,0.9732166534075842,2.137707799905911
32,0.0001,16,Softmax,100,0.25,0.24660663889262197,0.9732166534075842,1.2559909999836236
32,0.0001,16,Softmax,300,0.25,0.24660663889262197,0.9732166534075842,1.4813331000041217
32,0.0001,16,Softmax,500,0.25,0.24660663889262197,0.9732166534075842,2.2183890999294817
32,0.0001,16,Softmax,1000,0.25,0.24660663889262197,0.9732166534075842,1.0951970000751317
32,0.0001,32,ReLU,50,0.24986376021798365,0.24653851324102702,0.9726862901087244,1.1254497999325395
32,0.0001,32,ReLU,100,0.24986376021798365,0.24653851324102702,0.9726862901087244,1.9482364000286907
32,0.0001,32,ReLU,300,0.24986376021798365,0.24653851324102702,0.9726862901087244,1.3207638999447227
32,0.0001,32,ReLU,500,0.24986376021798365,0.24653851324102702,0.9726862901087244,1.0212837001308799
32,0.0001,32,ReLU,1000,0.24986376021798365,0.24653851324102702,0.9726862901087244,1.7967013998422772
32,0.0001,32,Tanh,50,0.24959128065395095,0.24640215198386012,0.971625563511005,1.3703668001107872
32,0.0001,32,Tanh,100,0.24959128065395095,0.24640215198386012,0.971625563511005,0.9567242998164147
32,0.0001,32,Tanh,300,0.24959128065395095,0.24640215198386012,0.971625563511005,1.4987590999808162
32,0.0001,32,Tanh,500,0.24959128065395095,0.24640215198386012,0.971625563511005,1.9145561000332236
32,0.0001,32,Tanh,1000,0.24959128065395095,0.24640215198386012,0.971625563511005,1.1517234998755157
32,0.0001,32,Sigmoid,50,0.25,0.24660663889262197,0.9732166534075842,0.6014663001988083
32,0.0001,32,Sigmoid,100,0.25,0.24660663889262197,0.9732166534075842,0.7077730998862535
32,0.0001,32,Sigmoid,300,0.25,0.24660663889262197,0.9732166534075842,1.1818106998689473
32,0.0001,32,Sigmoid,500,0.25,0.24660663889262197,0.9732166534075842,1.1061011999845505
32,0.0001,32,Sigmoid,1000,0.25,0.24660663889262197,0.9732166534075842,0.7248517998959869
32,0.0001,32,GELU,50,0.24986376021798365,0.24653851324102702,0.9726862901087244,0.9928531001787633
32,0.0001,32,GELU,100,0.24986376021798365,0.24653851324102702,0.9726862901087244,1.108690599910915
32,0.0001,32,GELU,300,0.24986376021798365,0.24653851324102702,0.9726862901087244,1.8073228998109698
32,0.0001,32,GELU,500,0.24986376021798365,0.24653851324102702,0.9726862901087244,1.4154542998876423
32,0.0001,32,GELU,1000,0.24986376021798365,0.24653851324102702,0.9726862901087244,1.0452197999693453
32,0.0001,32,Softmax,50,0.25,0.24660663889262197,0.9732166534075842,1.1492612001020461
32,0.0001,32,Softmax,100,0.25,0.24660663889262197,0.9732166534075842,1.2201616999227554
32,0.0001,32,Softmax,300,0.25,0.24660663889262197,0.9732166534075842,0.9352410000283271
32,0.0001,32,Softmax,500,0.25,0.24660663889262197,0.9732166534075842,0.6408752999268472
32,0.0001,32,Softmax,1000,0.25,0.24660663889262197,0.9732166534075842,0.6556363999843597
32,0.0001,64,ReLU,50,0.2497275204359673,0.24647035094796288,0.9721559268098647,1.602461599977687
32,0.0001,64,ReLU,100,0.2497275204359673,0.24647035094796288,0.9721559268098647,1.5857513998635113
32,0.0001,64,ReLU,300,0.2497275204359673,0.24647035094796288,0.9721559268098647,0.9354582999367267
32,0.0001,64,ReLU,500,0.2497275204359673,0.24647035094796288,0.9721559268098647,1.0475268000736833
32,0.0001,64,ReLU,1000,0.2497275204359673,0.24647035094796288,0.9721559268098647,1.4825191998388618
32,0.0001,64,Tanh,50,0.2495231607629428,0.2463680387409201,0.9713603818615751,1.2806945000775158
32,0.0001,64,Tanh,100,0.2495231607629428,0.2463680387409201,0.9713603818615751,0.8790082999039441
32,0.0001,64,Tanh,300,0.2495231607629428,0.2463680387409201,0.9713603818615751,0.8930531998630613
32,0.0001,64,Tanh,500,0.2495231607629428,0.2463680387409201,0.9713603818615751,1.6632815999910235
32,0.0001,64,Tanh,1000,0.2495231607629428,0.2463680387409201,0.9713603818615751,1.4665544000454247
32,0.0001,64,Sigmoid,50,0.25,0.24660663889262197,0.9732166534075842,0.43104349984787405
32,0.0001,64,Sigmoid,100,0.25,0.24660663889262197,0.9732166534075842,0.3647932999301702
32,0.0001,64,Sigmoid,300,0.25,0.24660663889262197,0.9732166534075842,0.4028490998316556
32,0.0001,64,Sigmoid,500,0.25,0.24660663889262197,0.9732166534075842,0.7971258000470698
32,0.0001,64,Sigmoid,1000,0.25,0.24660663889262197,0.9732166534075842,0.7163217000197619
32,0.0001,64,GELU,50,0.2497275204359673,0.24647035094796288,0.9721559268098647,1.2971566999331117
32,0.0001,64,GELU,100,0.2497275204359673,0.24647035094796288,0.9721559268098647,0.9956916999071836
32,0.0001,64,GELU,300,0.2497275204359673,0.24647035094796288,0.9721559268098647,0.8397411999758333
32,0.0001,64,GELU,500,0.2497275204359673,0.24647035094796288,0.9721559268098647,1.5167030999436975
32,0.0001,64,GELU,1000,0.2497275204359673,0.24647035094796288,0.9721559268098647,1.210410200059414
32,0.0001,64,Softmax,50,0.25,0.24660663889262197,0.9732166534075842,0.44015490007586777
32,0.0001,64,Softmax,100,0.25,0.24660663889262197,0.9732166534075842,0.3628422999754548
32,0.0001,64,Softmax,300,0.25,0.24660663889262197,0.9732166534075842,0.37356150010600686
32,0.0001,64,Softmax,500,0.25,0.24660663889262197,0.9732166534075842,0.3733286000788212
32,0.0001,64,Softmax,1000,0.25,0.24660663889262197,0.9732166534075842,0.5811972999945283
32,0.0001,128,ReLU,50,0.2495231607629428,0.2463680387409201,0.9713603818615751,1.190754699986428
32,0.0001,128,ReLU,100,0.2495231607629428,0.2463680387409201,0.9713603818615751,1.2498316999990493
32,0.0001,128,ReLU,300,0.2495231607629428,0.2463680387409201,0.9713603818615751,0.7901516000274569
32,0.0001,128,ReLU,500,0.2495231607629428,0.2463680387409201,0.9713603818615751,0.6152774000074714
32,0.0001,128,ReLU,1000,0.2495231607629428,0.2463680387409201,0.9713603818615751,0.7054141000844538
32,0.0001,128,Tanh,50,0.24884196185286103,0.24602640086206898,0.9687085653672766,1.369796099839732
32,0.0001,128,Tanh,100,0.24884196185286103,0.24602640086206898,0.9687085653672766,1.247631800128147
32,0.0001,128,Tanh,300,0.24884196185286103,0.24602640086206898,0.9687085653672766,1.0054621999152005
32,0.0001,128,Tanh,500,0.24884196185286103,0.24602640086206898,0.9687085653672766,0.6667416000273079
32,0.0001,128,Tanh,1000,0.24884196185286103,0.24602640086206898,0.9687085653672766,0.8545192999299616
32,0.0001,128,Sigmoid,50,0.24993188010899184,0.2465725806451613,0.9729514717581543,0.5116479999851435
32,0.0001,128,Sigmoid,100,0.24993188010899184,0.2465725806451613,0.9729514717581543,0.7273413001094013
32,0.0001,128,Sigmoid,300,0.24993188010899184,0.2465725806451613,0.9729514717581543,0.5137812001630664
32,0.0001,128,Sigmoid,500,0.24993188010899184,0.2465725806451613,0.9729514717581543,0.4272060999646783
32,0.0001,128,Sigmoid,1000,0.24993188010899184,0.2465725806451613,0.9729514717581543,0.4086279000621289
32,0.0001,128,GELU,50,0.2495231607629428,0.2463680387409201,0.9713603818615751,0.7133692000061274
32,0.0001,128,GELU,100,0.2495231607629428,0.2463680387409201,0.9713603818615751,0.602972999913618
32,0.0001,128,GELU,300,0.2495231607629428,0.2463680387409201,0.9713603818615751,0.7560868998989463
32,0.0001,128,GELU,500,0.2495231607629428,0.2463680387409201,0.9713603818615751,1.1538488999940455
32,0.0001,128,GELU,1000,0.2495231607629428,0.2463680387409201,0.9713603818615751,0.6596395999658853
32,0.0001,128,Softmax,50,0.24993188010899184,0.2465725806451613,0.9729514717581543,0.2271129998844117
32,0.0001,128,Softmax,100,0.24993188010899184,0.2465725806451613,0.9729514717581543,0.3681642999872565
32,0.0001,128,Softmax,300,0.24993188010899184,0.2465725806451613,0.9729514717581543,0.570884799817577
32,0.0001,128,Softmax,500,0.24993188010899184,0.2465725806451613,0.9729514717581543,0.4560489000286907
32,0.0001,128,Softmax,1000,0.24993188010899184,0.2465725806451613,0.9729514717581543,0.32557069999165833
32,0.00025,8,ReLU,50,0.27511209602317804,0.2907591130097524,0.9745425616547335,7.137726400047541
32,0.00025,8,ReLU,100,0.27511209602317804,0.2907591130097524,0.9745425616547335,7.067694399971515
32,0.00025,8,ReLU,300,0.27511209602317804,0.2907591130097524,0.9745425616547335,6.359607600141317
32,0.00025,8,ReLU,500,0.27511209602317804,0.2907591130097524,0.9745425616547335,7.370269000064582
32,0.00025,8,ReLU,1000,0.27511209602317804,0.2907591130097524,0.9745425616547335,6.708766299998388
32,0.00025,8,Tanh,50,0.2782766529852033,0.29574933857788394,0.9748077433041633,4.746076100040227
32,0.00025,8,Tanh,100,0.2782766529852033,0.29574933857788394,0.9748077433041633,4.478902600007132
32,0.00025,8,Tanh,300,0.2782766529852033,0.29574933857788394,0.9748077433041633,5.0557374998461455
32,0.00025,8,Tanh,500,0.2782766529852033,0.29574933857788394,0.9748077433041633,4.9051515001337975
32,0.00025,8,Tanh,1000,0.2782766529852033,0.29574933857788394,0.9748077433041633,5.01654709991999
32,0.00025,8,Sigmoid,50,0.25,0.24660663889262197,0.9732166534075842,2.3952139001339674
32,0.00025,8,Sigmoid,100,0.25,0.24660663889262197,0.9732166534075842,2.1364899000618607
32,0.00025,8,Sigmoid,300,0.25,0.24660663889262197,0.9732166534075842,2.5987658000085503
32,0.00025,8,Sigmoid,500,0.25,0.24660663889262197,0.9732166534075842,2.423262600088492
32,0.00025,8,Sigmoid,1000,0.25,0.24660663889262197,0.9732166534075842,2.544967500027269
32,0.00025,8,GELU,50,0.27511209602317804,0.2907591130097524,0.9745425616547335,6.715504300082102
32,0.00025,8,GELU,100,0.27511209602317804,0.2907591130097524,0.9745425616547335,6.619808699935675
32,0.00025,8,GELU,300,0.27511209602317804,0.2907591130097524,0.9745425616547335,6.60822319984436
32,0.00025,8,GELU,500,0.27511209602317804,0.2907591130097524,0.9745425616547335,6.4965462000109255
32,0.00025,8,GELU,1000,0.27511209602317804,0.2907591130097524,0.9745425616547335,6.663320800056681
32,0.00025,8,Softmax,50,0.25,0.24660663889262197,0.9732166534075842,2.4685522001236677
32,0.00025,8,Softmax,100,0.25,0.24660663889262197,0.9732166534075842,2.550352100050077
32,0.00025,8,Softmax,300,0.25,0.24660663889262197,0.9732166534075842,2.3385868000332266
32,0.00025,8,Softmax,500,0.25,0.24660663889262197,0.9732166534075842,2.1974613999482244
32,0.00025,8,Softmax,1000,0.25,0.24660663889262197,0.9732166534075842,2.3753891000524163
32,0.00025,16,ReLU,50,0.24993188010899184,0.2465725806451613,0.9729514717581543,1.6975644999183714
32,0.00025,16,ReLU,100,0.24993188010899184,0.2465725806451613,0.9729514717581543,1.582139299949631
32,0.00025,16,ReLU,300,0.24993188010899184,0.2465725806451613,0.9729514717581543,1.7714070999063551
32,0.00025,16,ReLU,500,0.24993188010899184,0.2465725806451613,0.9729514717581543,1.4672598999459296
32,0.00025,16,ReLU,1000,0.24993188010899184,0.2465725806451613,0.9729514717581543,1.5429087998345494
32,0.00025,16,Tanh,50,0.2625219880660849,0.27020056173108115,0.9737470167064439,2.6271204000804573
32,0.00025,16,Tanh,100,0.2625219880660849,0.27020056173108115,0.9737470167064439,2.867567399982363
32,0.00025,16,Tanh,300,0.2625219880660849,0.27020056173108115,0.9737470167064439,2.958852699957788
32,0.00025,16,Tanh,500,0.2625219880660849,0.27020056173108115,0.9737470167064439,2.9138520997948945
32,0.00025,16,Tanh,1000,0.2625219880660849,0.27020056173108115,0.9737470167064439,2.821187000023201
32,0.00025,16,Sigmoid,50,0.25,0.24660663889262197,0.9732166534075842,1.389525700127706
32,0.00025,16,Sigmoid,100,0.25,0.24660663889262197,0.9732166534075842,1.3388830998446792
32,0.00025,16,Sigmoid,300,0.25,0.24660663889262197,0.9732166534075842,1.3807421999517828
32,0.00025,16,Sigmoid,500,0.25,0.24660663889262197,0.9732166534075842,1.5142586999572814
32,0.00025,16,Sigmoid,1000,0.25,0.24660663889262197,0.9732166534075842,1.258279399946332
32,0.00025,16,GELU,50,0.24993188010899184,0.2465725806451613,0.9729514717581543,2.279359499923885
32,0.00025,16,GELU,100,0.24993188010899184,0.2465725806451613,0.9729514717581543,1.3784177999477834
32,0.00025,16,GELU,300,0.24993188010899184,0.2465725806451613,0.9729514717581543,2.0081996999215335
32,0.00025,16,GELU,500,0.24993188010899184,0.2465725806451613,0.9729514717581543,1.9690078999847174
32,0.00025,16,GELU,1000,0.24993188010899184,0.2465725806451613,0.9729514717581543,1.1244771999772638
32,0.00025,16,Softmax,50,0.25,0.24660663889262197,0.9732166534075842,1.6748039999511093
32,0.00025,16,Softmax,100,0.25,0.24660663889262197,0.9732166534075842,1.8774457999970764
32,0.00025,16,Softmax,300,0.25,0.24660663889262197,0.9732166534075842,1.1464629999827594
32,0.00025,16,Softmax,500,0.25,0.24660663889262197,0.9732166534075842,1.2453448998276144
32,0.00025,16,Softmax,1000,0.25,0.24660663889262197,0.9732166534075842,2.1897377998102456
32,0.00025,32,ReLU,50,0.24993188010899184,0.2465725806451613,0.9729514717581543,0.8559723000507802
32,0.00025,32,ReLU,100,0.24993188010899184,0.2465725806451613,0.9729514717581543,0.7858499998692423
32,0.00025,32,ReLU,300,0.24993188010899184,0.2465725806451613,0.9729514717581543,1.5270358000416309
32,0.00025,32,ReLU,500,0.24993188010899184,0.2465725806451613,0.9729514717581543,1.4869744000025094
32,0.00025,32,ReLU,1000,0.24993188010899184,0.2465725806451613,0.9729514717581543,0.9214389000553638
32,0.00025,32,Tanh,50,0.2497956403269755,0.24650443667652594,0.9724211084592946,1.2057047002017498
32,0.00025,32,Tanh,100,0.2497956403269755,0.24650443667652594,0.9724211084592946,1.6014725000131875
32,0.00025,32,Tanh,300,0.2497956403269755,0.24650443667652594,0.9724211084592946,0.9191002999432385
32,0.00025,32,Tanh,500,0.2497956403269755,0.24650443667652594,0.9724211084592946,0.6845499998889863
32,0.00025,32,Tanh,1000,0.2497956403269755,0.24650443667652594,0.9724211084592946,0.6867075001355261
32,0.00025,32,Sigmoid,50,0.25,0.24660663889262197,0.9732166534075842,0.7072526998817921
32,0.00025,32,Sigmoid,100,0.25,0.24660663889262197,0.9732166534075842,1.2106394001748413
32,0.00025,32,Sigmoid,300,0.25,0.24660663889262197,0.9732166534075842,0.9944287999533117
32,0.00025,32,Sigmoid,500,0.25,0.24660663889262197,0.9732166534075842,0.7425963000860065
32,0.00025,32,Sigmoid,1000,0.25,0.24660663889262197,0.9732166534075842,0.5735521998722106
32,0.00025,32,GELU,50,0.24993188010899184,0.2465725806451613,0.9729514717581543,0.6676362999714911
32,0.00025,32,GELU,100,0.24993188010899184,0.2465725806451613,0.9729514717581543,0.8973441999405622
32,0.00025,32,GELU,300,0.24993188010899184,0.2465725806451613,0.9729514717581543,1.4845279001165181
32,0.00025,32,GELU,500,0.24993188010899184,0.2465725806451613,0.9729514717581543,1.184297600062564
32,0.00025,32,GELU,1000,0.24993188010899184,0.2465725806451613,0.9729514717581543,0.711208299966529
32,0.00025,32,Softmax,50,0.25,0.24660663889262197,0.9732166534075842,0.63731350004673
32,0.00025,32,Softmax,100,0.25,0.24660663889262197,0.9732166534075842,0.8707542000338435
32,0.00025,32,Softmax,300,0.25,0.24660663889262197,0.9732166534075842,1.2366913000587374
32,0.00025,32,Softmax,500,0.25,0.24660663889262197,0.9732166534075842,0.9975225001107901
32,0.00025,32,Softmax,1000,0.25,0.24660663889262197,0.9732166534075842,0.6690471000038087
32,0.00025,64,ReLU,50,0.24986376021798365,0.24653851324102702,0.9726862901087244,0.5328438000287861
32,0.00025,64,ReLU,100,0.24986376021798365,0.24653851324102702,0.9726862901087244,0.4881071001291275
32,0.00025,64,ReLU,300,0.24986376021798365,0.24653851324102702,0.9726862901087244,0.5640490998048335
32,0.00025,64,ReLU,500,0.24986376021798365,0.24653851324102702,0.9726862901087244,1.0471185001078993
32,0.00025,64,ReLU,1000,0.24986376021798365,0.24653851324102702,0.9726862901087244,0.9702936999965459
32,0.00025,64,Tanh,50,0.2494550408719346,0.24633391631911744,0.9710952002121453,0.9998659000266343
32,0.00025,64,Tanh,100,0.2494550408719346,0.24633391631911744,0.9710952002121453,0.5673617001157254
32,0.00025,64,Tanh,300,0.2494550408719346,0.24633391631911744,0.9710952002121453,0.5411351998336613
32,0.00025,64,Tanh,500,0.2494550408719346,0.24633391631911744,0.9710952002121453,0.4658069000579417
32,0.00025,64,Tanh,1000,0.2494550408719346,0.24633391631911744,0.9710952002121453,0.6390760999638587
32,0.00025,64,Sigmoid,50,0.25,0.24660663889262197,0.9732166534075842,0.770031999796629
32,0.00025,64,Sigmoid,100,0.25,0.24660663889262197,0.9732166534075842,0.6513833999633789
32,0.00025,64,Sigmoid,300,0.25,0.24660663889262197,0.9732166534075842,0.8602558998391032
32,0.00025,64,Sigmoid,500,0.25,0.24660663889262197,0.9732166534075842,0.6067129001021385
32,0.00025,64,Sigmoid,1000,0.25,0.24660663889262197,0.9732166534075842,0.46549850003793836
32,0.00025,64,GELU,50,0.24986376021798365,0.24653851324102702,0.9726862901087244,0.5825870998669416
32,0.00025,64,GELU,100,0.24986376021798365,0.24653851324102702,0.9726862901087244,1.084034000057727
32,0.00025,64,GELU,300,0.24986376021798365,0.24653851324102702,0.9726862901087244,1.141579199815169
32,0.00025,64,GELU,500,0.24986376021798365,0.24653851324102702,0.9726862901087244,0.9973992998711765
32,0.00025,64,GELU,1000,0.24986376021798365,0.24653851324102702,0.9726862901087244,0.5378194998484105
32,0.00025,64,Softmax,50,0.25,0.24660663889262197,0.9732166534075842,0.551483399933204
32,0.00025,64,Softmax,100,0.25,0.24660663889262197,0.9732166534075842,0.6621697000227869
32,0.00025,64,Softmax,300,0.25,0.24660663889262197,0.9732166534075842,0.6573216000106186
32,0.00025,64,Softmax,500,0.25,0.24660663889262197,0.9732166534075842,0.8727136999368668
32,0.00025,64,Softmax,1000,0.25,0.24660663889262197,0.9732166534075842,0.5461302001494914
32,0.00025,128,ReLU,50,0.24959128065395095,0.24640215198386012,0.971625563511005,0.5237038999330252
32,0.00025,128,ReLU,100,0.24959128065395095,0.24640215198386012,0.971625563511005,0.46825719997286797
32,0.00025,128,ReLU,300,0.24959128065395095,0.24640215198386012,0.971625563511005,0.8104106998071074
32,0.00025,128,ReLU,500,0.24959128065395095,0.24640215198386012,0.971625563511005,0.915288700023666
32,0.00025,128,ReLU,1000,0.24959128065395095,0.24640215198386012,0.971625563511005,0.8694553000386804
32,0.00025,128,Tanh,50,0.2494550408719346,0.24633391631911744,0.9710952002121453,0.8602606998756528
32,0.00025,128,Tanh,100,0.2494550408719346,0.24633391631911744,0.9710952002121453,0.43666730006225407
32,0.00025,128,Tanh,300,0.2494550408719346,0.24633391631911744,0.9710952002121453,0.5321420000400394
32,0.00025,128,Tanh,500,0.2494550408719346,0.24633391631911744,0.9710952002121453,0.9896160999778658
32,0.00025,128,Tanh,1000,0.2494550408719346,0.24633391631911744,0.9710952002121453,0.9200311000458896
32,0.00025,128,Sigmoid,50,0.25,0.24660663889262197,0.9732166534075842,0.5137969998177141
32,0.00025,128,Sigmoid,100,0.25,0.24660663889262197,0.9732166534075842,0.4287274000234902
32,0.00025,128,Sigmoid,300,0.25,0.24660663889262197,0.9732166534075842,0.3436859000939876
32,0.00025,128,Sigmoid,500,0.25,0.24660663889262197,0.9732166534075842,0.30408939998596907
32,0.00025,128,Sigmoid,1000,0.25,0.24660663889262197,0.9732166534075842,0.2779246000573039
32,0.00025,128,GELU,50,0.24959128065395095,0.24640215198386012,0.971625563511005,0.6516167998779565
32,0.00025,128,GELU,100,0.24959128065395095,0.24640215198386012,0.971625563511005,0.9944315000902861
32,0.00025,128,GELU,300,0.24959128065395095,0.24640215198386012,0.971625563511005,0.9937130000907928
32,0.00025,128,GELU,500,0.24959128065395095,0.24640215198386012,0.971625563511005,0.6517312000505626
32,0.00025,128,GELU,1000,0.24959128065395095,0.24640215198386012,0.971625563511005,0.5439003000501543
32,0.00025,128,Softmax,50,0.25,0.24660663889262197,0.9732166534075842,0.24664880009368062
32,0.00025,128,Softmax,100,0.25,0.24660663889262197,0.9732166534075842,0.23737310012802482
32,0.00025,128,Softmax,300,0.25,0.24660663889262197,0.9732166534075842,0.3708397001028061
32,0.00025,128,Softmax,500,0.25,0.24660663889262197,0.9732166534075842,0.6974595000501722
32,0.00025,128,Softmax,1000,0.25,0.24660663889262197,0.9732166534075842,0.43568930006586015
64,0.01,8,ReLU,50,0.538194564205153,0.5700957583001345,0.9832935560859188,6.419306800002232
64,0.01,8,ReLU,100,0.538194564205153,0.5700957583001345,0.9832935560859188,5.340258700074628
64,0.01,8,ReLU,300,0.538194564205153,0.5700957583001345,0.9832935560859188,5.518668100005016
64,0.01,8,ReLU,500,0.538194564205153,0.5700957583001345,0.9832935560859188,6.923795999959111
64,0.01,8,ReLU,1000,0.538194564205153,0.5700957583001345,0.9832935560859188,5.556045199977234
64,0.01,8,Tanh,50,0.5522460881362168,0.5650549230111033,0.9806417395916203,5.548883599927649
64,0.01,8,Tanh,100,0.5522460881362168,0.5650549230111033,0.9806417395916203,6.473327099811286
64,0.01,8,Tanh,300,0.5522460881362168,0.5650549230111033,0.9806417395916203,5.496186099946499
64,0.01,8,Tanh,500,0.5522460881362168,0.5650549230111033,0.9806417395916203,5.261459199944511
64,0.01,8,Tanh,1000,0.5522460881362168,0.5650549230111033,0.9806417395916203,5.5944258000236005
64,0.01,8,Sigmoid,50,0.5042261637866612,0.5412611530147522,0.9801113762927606,5.175417199963704
64,0.01,8,Sigmoid,100,0.5042261637866612,0.5412611530147522,0.9801113762927606,5.015154300024733
64,0.01,8,Sigmoid,300,0.5042261637866612,0.5412611530147522,0.9801113762927606,4.854441900039092
64,0.01,8,Sigmoid,500,0.5042261637866612,0.5412611530147522,0.9801113762927606,4.695244799833745
64,0.01,8,Sigmoid,1000,0.5042261637866612,0.5412611530147522,0.9801113762927606,4.498363499995321
64,0.01,8,GELU,50,0.538194564205153,0.5700957583001345,0.9832935560859188,5.884314199909568
64,0.01,8,GELU,100,0.538194564205153,0.5700957583001345,0.9832935560859188,5.907265600049868
64,0.01,8,GELU,300,0.538194564205153,0.5700957583001345,0.9832935560859188,5.749497500015423
64,0.01,8,GELU,500,0.538194564205153,0.5700957583001345,0.9832935560859188,5.463373099919409
64,0.01,8,GELU,1000,0.538194564205153,0.5700957583001345,0.9832935560859188,4.7337476999964565
64,0.01,8,Softmax,50,0.5042261637866612,0.5412611530147522,0.9801113762927606,5.409950100118294
64,0.01,8,Softmax,100,0.5042261637866612,0.5412611530147522,0.9801113762927606,4.606576699996367
64,0.01,8,Softmax,300,0.5042261637866612,0.5412611530147522,0.9801113762927606,5.258276799926534
64,0.01,8,Softmax,500,0.5042261637866612,0.5412611530147522,0.9801113762927606,5.101672400021926
64,0.01,8,Softmax,1000,0.5042261637866612,0.5412611530147522,0.9801113762927606,5.2940600998699665
64,0.01,16,ReLU,50,0.541748151852746,0.5590604455341298,0.9809069212410502,3.666717699961737
64,0.01,16,ReLU,100,0.541748151852746,0.5590604455341298,0.9809069212410502,2.743172900052741
64,0.01,16,ReLU,300,0.541748151852746,0.5590604455341298,0.9809069212410502,3.3332696999423206
64,0.01,16,ReLU,500,0.541748151852746,0.5590604455341298,0.9809069212410502,2.8411413999274373
64,0.01,16,ReLU,1000,0.541748151852746,0.5590604455341298,0.9809069212410502,3.062502200016752
64,0.01,16,Tanh,50,0.5374012692718932,0.5529601769843776,0.9795810129939008,2.8920071001630276
64,0.01,16,Tanh,100,0.5374012692718932,0.5529601769843776,0.9795810129939008,3.0037060999311507
64,0.01,16,Tanh,300,0.5374012692718932,0.5529601769843776,0.9795810129939008,3.2184763001278043
64,0.01,16,Tanh,500,0.5374012692718932,0.5529601769843776,0.9795810129939008,3.023552999831736
64,0.01,16,Tanh,1000,0.5374012692718932,0.5529601769843776,0.9795810129939008,2.7049496001563966
64,0.01,16,Sigmoid,50,0.4315270065188149,0.4881997460260098,0.979315831344471,2.819136600010097
64,0.01,16,Sigmoid,100,0.4315270065188149,0.4881997460260098,0.979315831344471,2.889744099928066
64,0.01,16,Sigmoid,300,0.4315270065188149,0.4881997460260098,0.979315831344471,2.6602553001139313
64,0.01,16,Sigmoid,500,0.4315270065188149,0.4881997460260098,0.979315831344471,2.7245653001591563
64,0.01,16,Sigmoid,1000,0.4315270065188149,0.4881997460260098,0.979315831344471,2.641012799926102
64,0.01,16,GELU,50,0.541748151852746,0.5590604455341298,0.9809069212410502,3.137744299834594
64,0.01,16,GELU,100,0.541748151852746,0.5590604455341298,0.9809069212410502,2.9785577999427915
64,0.01,16,GELU,300,0.541748151852746,0.5590604455341298,0.9809069212410502,2.9966152999550104
64,0.01,16,GELU,500,0.541748151852746,0.5590604455341298,0.9809069212410502,2.6900321000721306
64,0.01,16,GELU,1000,0.541748151852746,0.5590604455341298,0.9809069212410502,2.8345671000424773
64,0.01,16,Softmax,50,0.4315270065188149,0.4881997460260098,0.979315831344471,2.762190100038424
64,0.01,16,Softmax,100,0.4315270065188149,0.4881997460260098,0.979315831344471,3.0834596001077443
64,0.01,16,Softmax,300,0.4315270065188149,0.4881997460260098,0.979315831344471,2.9472729000262916
64,0.01,16,Softmax,500,0.4315270065188149,0.4881997460260098,0.979315831344471,2.5518067001830786
64,0.01,16,Softmax,1000,0.4315270065188149,0.4881997460260098,0.979315831344471,2.516742300009355
64,0.01,32,ReLU,50,0.5098476356361881,0.5513283616872524,0.9822328294881995,1.3629141000565141
64,0.01,32,ReLU,100,0.5098476356361881,0.5513283616872524,0.9822328294881995,1.4994860999286175
64,0.01,32,ReLU,300,0.5098476356361881,0.5513283616872524,0.9822328294881995,1.3884335001930594
64,0.01,32,ReLU,500,0.5098476356361881,0.5513283616872524,0.9822328294881995,1.366314599988982
64,0.01,32,ReLU,1000,0.5098476356361881,0.5513283616872524,0.9822328294881995,1.4035231999587268
64,0.01,32,Tanh,50,0.4427985490750641,0.48526369183265217,0.9785202863961814,1.5832999001722783
64,0.01,32,Tanh,100,0.4427985490750641,0.48526369183265217,0.9785202863961814,1.4804891000967473
64,0.01,32,Tanh,300,0.4427985490750641,0.48526369183265217,0.9785202863961814,1.439215799793601
64,0.01,32,Tanh,500,0.4427985490750641,0.48526369183265217,0.9785202863961814,1.4192333999089897
64,0.01,32,Tanh,1000,0.4427985490750641,0.48526369183265217,0.9785202863961814,1.508675100049004
64,0.01,32,Sigmoid,50,0.4256066119408133,0.4852801123291379,0.9803765579421904,2.2095789001323283
64,0.01,32,Sigmoid,100,0.4256066119408133,0.4852801123291379,0.9803765579421904,2.2225132999010384
64,0.01,32,Sigmoid,300,0.4256066119408133,0.4852801123291379,0.9803765579421904,1.9582632000092417
64,0.01,32,Sigmoid,500,0.4256066119408133,0.4852801123291379,0.9803765579421904,2.2011118999216706
64,0.01,32,Sigmoid,1000,0.4256066119408133,0.4852801123291379,0.9803765579421904,3.370029600104317
64,0.01,32,GELU,50,0.5098476356361881,0.5513283616872524,0.9822328294881995,1.5882053999230266
64,0.01,32,GELU,100,0.5098476356361881,0.5513283616872524,0.9822328294881995,1.2427121000364423
64,0.01,32,GELU,300,0.5098476356361881,0.5513283616872524,0.9822328294881995,1.437689600046724
64,0.01,32,GELU,500,0.5098476356361881,0.5513283616872524,0.9822328294881995,2.2908026999793947
64,0.01,32,GELU,1000,0.5098476356361881,0.5513283616872524,0.9822328294881995,1.7504900998901576
64,0.01,32,Softmax,50,0.4256066119408133,0.4852801123291379,0.9803765579421904,1.6971899000927806
64,0.01,32,Softmax,100,0.4256066119408133,0.4852801123291379,0.9803765579421904,2.450795100070536
64,0.01,32,Softmax,300,0.4256066119408133,0.4852801123291379,0.9803765579421904,2.9334916002117097
64,0.01,32,Softmax,500,0.4256066119408133,0.4852801123291379,0.9803765579421904,1.714494900079444
64,0.01,32,Softmax,1000,0.4256066119408133,0.4852801123291379,0.9803765579421904,2.5410935000982136
64,0.01,64,ReLU,50,0.5287690132100852,0.5691565290533522,0.9827631927870591,1.5574376999866217
64,0.01,64,ReLU,100,0.5287690132100852,0.5691565290533522,0.9827631927870591,1.1487224998418242
64,0.01,64,ReLU,300,0.5287690132100852,0.5691565290533522,0.9827631927870591,0.9206692001316696
64,0.01,64,ReLU,500,0.5287690132100852,0.5691565290533522,0.9827631927870591,0.8006058998871595
64,0.01,64,ReLU,1000,0.5287690132100852,0.5691565290533522,0.9827631927870591,1.0321219998877496
64,0.01,64,Tanh,50,0.45070117499626344,0.4953410165870207,0.9766640148501724,1.7550229001790285
64,0.01,64,Tanh,100,0.45070117499626344,0.4953410165870207,0.9766640148501724,1.627840100089088
64,0.01,64,Tanh,300,0.45070117499626344,0.4953410165870207,0.9766640148501724,1.1102147998753935
64,0.01,64,Tanh,500,0.45070117499626344,0.4953410165870207,0.9766640148501724,0.8372053999919444
64,0.01,64,Tanh,1000,0.45070117499626344,0.4953410165870207,0.9766640148501724,1.2897206998895854
64,0.01,64,Sigmoid,50,0.36171992664896124,0.39997832362285657,0.9777247414478918,1.9230019999668002
64,0.01,64,Sigmoid,100,0.36171992664896124,0.39997832362285657,0.9777247414478918,1.316124599892646
64,0.01,64,Sigmoid,300,0.36171992664896124,0.39997832362285657,0.9777247414478918,1.1084558998700231
64,0.01,64,Sigmoid,500,0.36171992664896124,0.39997832362285657,0.9777247414478918,1.8579841000027955
64,0.01,64,Sigmoid,1000,0.36171992664896124,0.39997832362285657,0.9777247414478918,1.4296484999358654
64,0.01,64,GELU,50,0.5287690132100852,0.5691565290533522,0.9827631927870591,0.7924578001257032
64,0.01,64,GELU,100,0.5287690132100852,0.5691565290533522,0.9827631927870591,1.530090100131929
64,0.01,64,GELU,300,0.5287690132100852,0.5691565290533522,0.9827631927870591,1.6064909999258816
64,0.01,64,GELU,500,0.5287690132100852,0.5691565290533522,0.9827631927870591,1.1704700000118464
64,0.01,64,GELU,1000,0.5287690132100852,0.5691565290533522,0.9827631927870591,1.0120051999110729
64,0.01,64,Softmax,50,0.36171992664896124,0.39997832362285657,0.9777247414478918,1.5858805000316352
64,0.01,64,Softmax,100,0.36171992664896124,0.39997832362285657,0.9777247414478918,1.8440394999925047
64,0.01,64,Softmax,300,0.36171992664896124,0.39997832362285657,0.9777247414478918,1.1562393000349402
64,0.01,64,Softmax,500,0.36171992664896124,0.39997832362285657,0.9777247414478918,1.7705359000246972
64,0.01,64,Softmax,1000,0.36171992664896124,0.39997832362285657,0.9777247414478918,1.4771198998205364
64,0.01,128,ReLU,50,0.47767679554835074,0.51724284939152,0.9817024661893397,0.6480107000097632
64,0.01,128,ReLU,100,0.47767679554835074,0.51724284939152,0.9817024661893397,0.8071959000080824
64,0.01,128,ReLU,300,0.47767679554835074,0.51724284939152,0.9817024661893397,1.260218400042504
64,0.01,128,ReLU,500,0.47767679554835074,0.51724284939152,0.9817024661893397,1.0792842998635024
64,0.01,128,ReLU,1000,0.47767679554835074,0.51724284939152,0.9817024661893397,1.081472400110215
64,0.01,128,Tanh,50,0.3940291622115683,0.4512494901735243,0.9779899230973217,0.7120091000106186
64,0.01,128,Tanh,100,0.3940291622115683,0.4512494901735243,0.9779899230973217,0.6350416999775916
64,0.01,128,Tanh,300,0.3940291622115683,0.4512494901735243,0.9779899230973217,0.5226278998889029
64,0.01,128,Tanh,500,0.3940291622115683,0.4512494901735243,0.9779899230973217,0.5683343999553472
64,0.01,128,Tanh,1000,0.3940291622115683,0.4512494901735243,0.9779899230973217,0.4793483999092132
64,0.01,128,Sigmoid,50,0.33159728210257644,0.3573999697745456,0.977459559798462,1.3888022999744862
64,0.01,128,Sigmoid,100,0.33159728210257644,0.3573999697745456,0.977459559798462,1.2650121001061052
64,0.01,128,Sigmoid,300,0.33159728210257644,0.3573999697745456,0.977459559798462,1.207589800003916
64,0.01,128,Sigmoid,500,0.33159728210257644,0.3573999697745456,0.977459559798462,1.0481189999263734
64,0.01,128,Sigmoid,1000,0.33159728210257644,0.3573999697745456,0.977459559798462,0.781466200016439
64,0.01,128,GELU,50,0.47767679554835074,0.51724284939152,0.9817024661893397,0.5850347001105547
64,0.01,128,GELU,100,0.47767679554835074,0.51724284939152,0.9817024661893397,0.5507110999897122
64,0.01,128,GELU,300,0.47767679554835074,0.51724284939152,0.9817024661893397,0.9947190000675619
64,0.01,128,GELU,500,0.47767679554835074,0.51724284939152,0.9817024661893397,0.91930490010418
64,0.01,128,GELU,1000,0.47767679554835074,0.51724284939152,0.9817024661893397,1.0135866000782698
64,0.01,128,Softmax,50,0.33159728210257644,0.3573999697745456,0.977459559798462,1.306726000038907
64,0.01,128,Softmax,100,0.33159728210257644,0.3573999697745456,0.977459559798462,0.8565948000177741
64,0.01,128,Softmax,300,0.33159728210257644,0.3573999697745456,0.977459559798462,0.7524856000673026
64,0.01,128,Softmax,500,0.33159728210257644,0.3573999697745456,0.977459559798462,0.6644689999520779
64,0.01,128,Softmax,1000,0.33159728210257644,0.3573999697745456,0.977459559798462,0.8689828999340534
64,0.001,8,ReLU,50,0.42230581519677163,0.4800671509354509,0.9795810129939008,7.741997000062838
64,0.001,8,ReLU,100,0.42230581519677163,0.4800671509354509,0.9795810129939008,6.84866280015558
64,0.001,8,ReLU,300,0.42230581519677163,0.4800671509354509,0.9795810129939008,6.125402100151405
64,0.001,8,ReLU,500,0.42230581519677163,0.4800671509354509,0.9795810129939008,7.36492839991115
64,0.001,8,ReLU,1000,0.42230581519677163,0.4800671509354509,0.9795810129939008,6.605760700069368
64,0.001,8,Tanh,50,0.39072836546752665,0.4469438666758345,0.9771943781490321,6.092364799929783
64,0.001,8,Tanh,100,0.39072836546752665,0.4469438666758345,0.9771943781490321,5.625220800051466
64,0.001,8,Tanh,300,0.39072836546752665,0.4469438666758345,0.9771943781490321,5.506043100031093
64,0.001,8,Tanh,500,0.39072836546752665,0.4469438666758345,0.9771943781490321,5.583797300001606
64,0.001,8,Tanh,1000,0.39072836546752665,0.4469438666758345,0.9771943781490321,6.595303500071168
64,0.001,8,Sigmoid,50,0.2877022039802711,0.310026581605529,0.9753381066030231,5.803406500024721
64,0.001,8,Sigmoid,100,0.2877022039802711,0.310026581605529,0.9753381066030231,6.072667900007218
64,0.001,8,Sigmoid,300,0.2877022039802711,0.310026581605529,0.9753381066030231,5.079344299854711
64,0.001,8,Sigmoid,500,0.2877022039802711,0.310026581605529,0.9753381066030231,5.521548999939114
64,0.001,8,Sigmoid,1000,0.2877022039802711,0.310026581605529,0.9753381066030231,6.14788160007447
64,0.001,8,GELU,50,0.42230581519677163,0.4800671509354509,0.9795810129939008,6.218079699901864
64,0.001,8,GELU,100,0.42230581519677163,0.4800671509354509,0.9795810129939008,7.599052199861035
64,0.001,8,GELU,300,0.42230581519677163,0.4800671509354509,0.9795810129939008,5.7589449000079185
64,0.001,8,GELU,500,0.42230581519677163,0.4800671509354509,0.9795810129939008,6.917587199946865
64,0.001,8,GELU,1000,0.42230581519677163,0.4800671509354509,0.9795810129939008,6.910559499869123
64,0.001,8,Softmax,50,0.2877022039802711,0.310026581605529,0.9753381066030231,5.3807711999397725
64,0.001,8,Softmax,100,0.2877022039802711,0.310026581605529,0.9753381066030231,5.530420700088143
64,0.001,8,Softmax,300,0.2877022039802711,0.310026581605529,0.9753381066030231,5.385938300052658
64,0.001,8,Softmax,500,0.2877022039802711,0.310026581605529,0.9753381066030231,5.413437299896032
64,0.001,8,Softmax,1000,0.2877022039802711,0.310026581605529,0.9753381066030231,5.559003299800679
64,0.001,16,ReLU,50,0.3651569631750193,0.41399810836373463,0.9790506496950411,5.121626999927685
64,0.001,16,ReLU,100,0.3651569631750193,0.41399810836373463,0.9790506496950411,4.630729499971494
64,0.001,16,ReLU,300,0.3651569631750193,0.41399810836373463,0.9790506496950411,4.259671400068328
64,0.001,16,ReLU,500,0.3651569631750193,0.41399810836373463,0.9790506496950411,4.054077200125903
64,0.001,16,ReLU,1000,0.3651569631750193,0.41399810836373463,0.9790506496950411,4.412872700020671
64,0.001,16,Tanh,50,0.36383839777417537,0.42042970929712375,0.977459559798462,3.0826992001384497
64,0.001,16,Tanh,100,0.36383839777417537,0.42042970929712375,0.977459559798462,2.660021899966523
64,0.001,16,Tanh,300,0.36383839777417537,0.42042970929712375,0.977459559798462,3.78421809989959
64,0.001,16,Tanh,500,0.36383839777417537,0.42042970929712375,0.977459559798462,2.9594453999307007
64,0.001,16,Tanh,1000,0.36383839777417537,0.42042970929712375,0.977459559798462,2.568105800077319
64,0.001,16,Sigmoid,50,0.26568654502811023,0.27577409889195464,0.9740121983558738,3.0130058999639004
64,0.001,16,Sigmoid,100,0.26568654502811023,0.27577409889195464,0.9740121983558738,2.4194519000593573
64,0.001,16,Sigmoid,300,0.26568654502811023,0.27577409889195464,0.9740121983558738,2.709656500024721
64,0.001,16,Sigmoid,500,0.26568654502811023,0.27577409889195464,0.9740121983558738,2.812756000086665
64,0.001,16,Sigmoid,1000,0.26568654502811023,0.27577409889195464,0.9740121983558738,2.724867800017819
64,0.001,16,GELU,50,0.3651569631750193,0.41399810836373463,0.9790506496950411,4.969748300034553
64,0.001,16,GELU,100,0.3651569631750193,0.41399810836373463,0.9790506496950411,4.201168899890035
64,0.001,16,GELU,300,0.3651569631750193,0.41399810836373463,0.9790506496950411,4.300572799984366
64,0.001,16,GELU,500,0.3651569631750193,0.41399810836373463,0.9790506496950411,4.354287099791691
64,0.001,16,GELU,1000,0.3651569631750193,0.41399810836373463,0.9790506496950411,4.990528100170195
64,0.001,16,Softmax,50,0.26568654502811023,0.27577409889195464,0.9740121983558738,2.8502728999592364
64,0.001,16,Softmax,100,0.26568654502811023,0.27577409889195464,0.9740121983558738,2.7992101998534054
64,0.001,16,Softmax,300,0.26568654502811023,0.27577409889195464,0.9740121983558738,2.7174380000215024
64,0.001,16,Softmax,500,0.26568654502811023,0.27577409889195464,0.9740121983558738,2.751704900059849
64,0.001,16,Softmax,1000,0.26568654502811023,0.27577409889195464,0.9740121983558738,2.809130599955097
64,0.001,32,ReLU,50,0.38097974798514583,0.42712268701439676,0.9803765579421904,2.6000341998878866
64,0.001,32,ReLU,100,0.38097974798514583,0.42712268701439676,0.9803765579421904,2.60145920002833
64,0.001,32,ReLU,300,0.38097974798514583,0.42712268701439676,0.9803765579421904,2.4138672000262886
64,0.001,32,ReLU,500,0.38097974798514583,0.42712268701439676,0.9803765579421904,2.282551199896261
64,0.001,32,ReLU,1000,0.38097974798514583,0.42712268701439676,0.9803765579421904,2.127119000069797
64,0.001,32,Tanh,50,0.3367440704077996,0.38022135983799055,0.9769291964996022,1.9666895000264049
64,0.001,32,Tanh,100,0.3367440704077996,0.38022135983799055,0.9769291964996022,1.8650458001066
64,0.001,32,Tanh,300,0.3367440704077996,0.38022135983799055,0.9769291964996022,2.0870379998814315
64,0.001,32,Tanh,500,0.3367440704077996,0.38022135983799055,0.9769291964996022,2.37036389997229
64,0.001,32,Tanh,1000,0.3367440704077996,0.38022135983799055,0.9769291964996022,1.916315299924463
64,0.001,32,Sigmoid,50,0.25,0.24660663889262197,0.9732166534075842,1.0201453000772744
64,0.001,32,Sigmoid,100,0.25,0.24660663889262197,0.9732166534075842,0.6409008000046015
64,0.001,32,Sigmoid,300,0.25,0.24660663889262197,0.9732166534075842,0.9221585001796484
64,0.001,32,Sigmoid,500,0.25,0.24660663889262197,0.9732166534075842,1.029823100194335
64,0.001,32,Sigmoid,1000,0.25,0.24660663889262197,0.9732166534075842,0.6375851000193506
64,0.001,32,GELU,50,0.38097974798514583,0.42712268701439676,0.9803765579421904,2.5187873002141714
64,0.001,32,GELU,100,0.38097974798514583,0.42712268701439676,0.9803765579421904,2.6095923001412302
64,0.001,32,GELU,300,0.38097974798514583,0.42712268701439676,0.9803765579421904,2.6437912001274526
64,0.001,32,GELU,500,0.38097974798514583,0.42712268701439676,0.9803765579421904,2.1679169998969883
64,0.001,32,GELU,1000,0.38097974798514583,0.42712268701439676,0.9803765579421904,2.2542193999979645
64,0.001,32,Softmax,50,0.25,0.24660663889262197,0.9732166534075842,0.8837234999518842
64,0.001,32,Softmax,100,0.25,0.24660663889262197,0.9732166534075842,1.1229807001072913
64,0.001,32,Softmax,300,0.25,0.24660663889262197,0.9732166534075842,0.8226616000756621
64,0.001,32,Softmax,500,0.25,0.24660663889262197,0.9732166534075842,1.151477700099349
64,0.001,32,Softmax,1000,0.25,0.24660663889262197,0.9732166534075842,0.6488123999442905
64,0.001,64,ReLU,50,0.3162513365295071,0.349144120499875,0.9779899230973217,1.2819724001456052
64,0.001,64,ReLU,100,0.3162513365295071,0.349144120499875,0.9779899230973217,1.3048630999401212
64,0.001,64,ReLU,300,0.3162513365295071,0.349144120499875,0.9779899230973217,1.6721997000277042
64,0.001,64,ReLU,500,0.3162513365295071,0.349144120499875,0.9779899230973217,1.69853279995732
64,0.001,64,ReLU,1000,0.3162513365295071,0.349144120499875,0.9779899230973217,0.9048959999345243
64,0.001,64,Tanh,50,0.29382695823129723,0.3161730851613265,0.9750729249535932,1.3867734998930246
64,0.001,64,Tanh,100,0.29382695823129723,0.3161730851613265,0.9750729249535932,1.0514563999604434
64,0.001,64,Tanh,300,0.29382695823129723,0.3161730851613265,0.9750729249535932,1.1264265000354499
64,0.001,64,Tanh,500,0.29382695823129723,0.3161730851613265,0.9750729249535932,1.2369419001042843
64,0.001,64,Tanh,1000,0.29382695823129723,0.3161730851613265,0.9750729249535932,1.1481594999786466
64,0.001,64,Sigmoid,50,0.25,0.24660663889262197,0.9732166534075842,0.7643412000034004
64,0.001,64,Sigmoid,100,0.25,0.24660663889262197,0.9732166534075842,0.5128411001060158
64,0.001,64,Sigmoid,300,0.25,0.24660663889262197,0.9732166534075842,0.37467040005140007
64,0.001,64,Sigmoid,500,0.25,0.24660663889262197,0.9732166534075842,0.528395300032571
64,0.001,64,Sigmoid,1000,0.25,0.24660663889262197,0.9732166534075842,0.8856613000389189
64,0.001,64,GELU,50,0.3162513365295071,0.349144120499875,0.9779899230973217,1.204604199854657
64,0.001,64,GELU,100,0.3162513365295071,0.349144120499875,0.9779899230973217,1.2741346000693738
64,0.001,64,GELU,300,0.3162513365295071,0.349144120499875,0.9779899230973217,1.5774294000584632
64,0.001,64,GELU,500,0.3162513365295071,0.349144120499875,0.9779899230973217,1.1587586998939514
64,0.001,64,GELU,1000,0.3162513365295071,0.349144120499875,0.9779899230973217,1.3601087001152337
64,0.001,64,Softmax,50,0.25,0.24660663889262197,0.9732166534075842,0.43642359995283186
64,0.001,64,Softmax,100,0.25,0.24660663889262197,0.9732166534075842,0.8883628000039607
64,0.001,64,Softmax,300,0.25,0.24660663889262197,0.9732166534075842,0.6937893000431359
64,0.001,64,Softmax,500,0.25,0.24660663889262197,0.9732166534075842,0.37446449999697506
64,0.001,64,Softmax,1000,0.25,0.24660663889262197,0.9732166534075842,0.7973253999371082
64,0.001,128,ReLU,50,0.25,0.24660663889262197,0.9732166534075842,0.5869531000498682
64,0.001,128,ReLU,100,0.25,0.24660663889262197,0.9732166534075842,0.33167890016920865
64,0.001,128,ReLU,300,0.25,0.24660663889262197,0.9732166534075842,0.3474260000512004
64,0.001,128,ReLU,500,0.25,0.24660663889262197,0.9732166534075842,0.5878164998721331
64,0.001,128,ReLU,1000,0.25,0.24660663889262197,0.9732166534075842,0.5537571001332253
64,0.001,128,Tanh,50,0.2560566343600179,0.2587317729263372,0.9726862901087244,0.6452436000108719
64,0.001,128,Tanh,100,0.2560566343600179,0.2587317729263372,0.9726862901087244,0.5309820999391377
64,0.001,128,Tanh,300,0.2560566343600179,0.2587317729263372,0.9726862901087244,0.6993112000636756
64,0.001,128,Tanh,500,0.2560566343600179,0.2587317729263372,0.9726862901087244,0.8991258998867124
64,0.001,128,Tanh,1000,0.2560566343600179,0.2587317729263372,0.9726862901087244,0.7009619998279959
64,0.001,128,Sigmoid,50,0.25,0.24660663889262197,0.9732166534075842,0.25742719997651875
64,0.001,128,Sigmoid,100,0.25,0.24660663889262197,0.9732166534075842,0.29737890022806823
64,0.001,128,Sigmoid,300,0.25,0.24660663889262197,0.9732166534075842,0.6494214998092502
64,0.001,128,Sigmoid,500,0.25,0.24660663889262197,0.9732166534075842,0.5773344999179244
64,0.001,128,Sigmoid,1000,0.25,0.24660663889262197,0.9732166534075842,0.39379719994030893
64,0.001,128,GELU,50,0.25,0.24660663889262197,0.9732166534075842,0.32228590012528
64,0.001,128,GELU,100,0.25,0.24660663889262197,0.9732166534075842,0.3006306001916528
64,0.001,128,GELU,300,0.25,0.24660663889262197,0.9732166534075842,0.4445156001020223
64,0.001,128,GELU,500,0.25,0.24660663889262197,0.9732166534075842,0.5280922001693398
64,0.001,128,GELU,1000,0.25,0.24660663889262197,0.9732166534075842,0.5909696000162512
64,0.001,128,Softmax,50,0.25,0.24660663889262197,0.9732166534075842,0.4584808999206871
64,0.001,128,Softmax,100,0.25,0.24660663889262197,0.9732166534075842,0.3018861999735236
64,0.001,128,Softmax,300,0.25,0.24660663889262197,0.9732166534075842,0.29931689985096455
64,0.001,128,Softmax,500,0.25,0.24660663889262197,0.9732166534075842,0.44652450014837086
64,0.001,128,Softmax,1000,0.25,0.24660663889262197,0.9732166534075842,0.7482594000175595
64,0.0001,8,ReLU,50,0.2494550408719346,0.24633391631911744,0.9710952002121453,3.2385839000344276
64,0.0001,8,ReLU,100,0.2494550408719346,0.24633391631911744,0.9710952002121453,3.5450578001327813
64,0.0001,8,ReLU,300,0.2494550408719346,0.24633391631911744,0.9710952002121453,2.599123500054702
64,0.0001,8,ReLU,500,0.2494550408719346,0.24633391631911744,0.9710952002121453,2.583917299984023
64,0.0001,8,ReLU,1000,0.2494550408719346,0.24633391631911744,0.9710952002121453,3.093798100017011
64,0.0001,8,Tanh,50,0.24986376021798365,0.24653851324102702,0.9726862901087244,4.000622699968517
64,0.0001,8,Tanh,100,0.24986376021798365,0.24653851324102702,0.9726862901087244,2.838109200121835
64,0.0001,8,Tanh,300,0.24986376021798365,0.24653851324102702,0.9726862901087244,2.7301497000735253
64,0.0001,8,Tanh,500,0.24986376021798365,0.24653851324102702,0.9726862901087244,3.860090099973604
64,0.0001,8,Tanh,1000,0.24986376021798365,0.24653851324102702,0.9726862901087244,3.400845499942079
64,0.0001,8,Sigmoid,50,0.25,0.24660663889262197,0.9732166534075842,2.4512104000896215
64,0.0001,8,Sigmoid,100,0.25,0.24660663889262197,0.9732166534075842,2.5731574001256377
64,0.0001,8,Sigmoid,300,0.25,0.24660663889262197,0.9732166534075842,3.024522599996999
64,0.0001,8,Sigmoid,500,0.25,0.24660663889262197,0.9732166534075842,3.157569899922237
64,0.0001,8,Sigmoid,1000,0.25,0.24660663889262197,0.9732166534075842,3.0903464001603425
64,0.0001,8,GELU,50,0.2494550408719346,0.24633391631911744,0.9710952002121453,2.6603608999866992
64,0.0001,8,GELU,100,0.2494550408719346,0.24633391631911744,0.9710952002121453,3.2967499000951648
64,0.0001,8,GELU,300,0.2494550408719346,0.24633391631911744,0.9710952002121453,3.7263754999730736
64,0.0001,8,GELU,500,0.2494550408719346,0.24633391631911744,0.9710952002121453,2.616649999981746
64,0.0001,8,GELU,1000,0.2494550408719346,0.24633391631911744,0.9710952002121453,3.4044094998389482
64,0.0001,8,Softmax,50,0.25,0.24660663889262197,0.9732166534075842,3.173943900037557
64,0.0001,8,Softmax,100,0.25,0.24660663889262197,0.9732166534075842,2.9813775999937207
64,0.0001,8,Softmax,300,0.25,0.24660663889262197,0.9732166534075842,3.2401890999171883
64,0.0001,8,Softmax,500,0.25,0.24660663889262197,0.9732166534075842,3.178638400044292
64,0.0001,8,Softmax,1000,0.25,0.24660663889262197,0.9732166534075842,3.063108599977568
64,0.0001,16,ReLU,50,0.24993188010899184,0.2465725806451613,0.9729514717581543,1.8298968998715281
64,0.0001,16,ReLU,100,0.24993188010899184,0.2465725806451613,0.9729514717581543,2.638025199994445
64,0.0001,16,ReLU,300,0.24993188010899184,0.2465725806451613,0.9729514717581543,1.4500392999034375
64,0.0001,16,ReLU,500,0.24993188010899184,0.2465725806451613,0.9729514717581543,1.841323000146076
64,0.0001,16,ReLU,1000,0.24993188010899184,0.2465725806451613,0.9729514717581543,2.3897896998096257
64,0.0001,16,Tanh,50,0.2497275204359673,0.24647035094796288,0.9721559268098647,1.6888103000819683
64,0.0001,16,Tanh,100,0.2497275204359673,0.24647035094796288,0.9721559268098647,2.404287800192833
64,0.0001,16,Tanh,300,0.2497275204359673,0.24647035094796288,0.9721559268098647,2.481841600034386
64,0.0001,16,Tanh,500,0.2497275204359673,0.24647035094796288,0.9721559268098647,1.4731590999290347
64,0.0001,16,Tanh,1000,0.2497275204359673,0.24647035094796288,0.9721559268098647,2.9809190998785198
64,0.0001,16,Sigmoid,50,0.25,0.24660663889262197,0.9732166534075842,1.5377319999970496
64,0.0001,16,Sigmoid,100,0.25,0.24660663889262197,0.9732166534075842,1.03079290012829
64,0.0001,16,Sigmoid,300,0.25,0.24660663889262197,0.9732166534075842,1.352057000156492
64,0.0001,16,Sigmoid,500,0.25,0.24660663889262197,0.9732166534075842,2.1549869999289513
64,0.0001,16,Sigmoid,1000,0.25,0.24660663889262197,0.9732166534075842,1.46302909986116
64,0.0001,16,GELU,50,0.24993188010899184,0.2465725806451613,0.9729514717581543,1.1549228997901082
64,0.0001,16,GELU,100,0.24993188010899184,0.2465725806451613,0.9729514717581543,2.0999446001369506
64,0.0001,16,GELU,300,0.24993188010899184,0.2465725806451613,0.9729514717581543,2.2362729001324624
64,0.0001,16,GELU,500,0.24993188010899184,0.2465725806451613,0.9729514717581543,1.3411852999124676
64,0.0001,16,GELU,1000,0.24993188010899184,0.2465725806451613,0.9729514717581543,1.4549950999207795
64,0.0001,16,Softmax,50,0.25,0.24660663889262197,0.9732166534075842,2.3179261998739094
64,0.0001,16,Softmax,100,0.25,0.24660663889262197,0.9732166534075842,1.527948800008744
64,0.0001,16,Softmax,300,0.25,0.24660663889262197,0.9732166534075842,1.012453499948606
64,0.0001,16,Softmax,500,0.25,0.24660663889262197,0.9732166534075842,1.912720900028944
64,0.0001,16,Softmax,1000,0.25,0.24660663889262197,0.9732166534075842,2.017097500152886
64,0.0001,32,ReLU,50,0.24993188010899184,0.2465725806451613,0.9729514717581543,0.9269067998975515
64,0.0001,32,ReLU,100,0.24993188010899184,0.2465725806451613,0.9729514717581543,0.9284121999517083
64,0.0001,32,ReLU,300,0.24993188010899184,0.2465725806451613,0.9729514717581543,0.8773114001378417
64,0.0001,32,ReLU,500,0.24993188010899184,0.2465725806451613,0.9729514717581543,0.8526107999496162
64,0.0001,32,ReLU,1000,0.24993188010899184,0.2465725806451613,0.9729514717581543,1.7539135999977589
64,0.0001,32,Tanh,50,0.24965940054495914,0.24643625605164066,0.9718907451604349,1.7360853999853134
64,0.0001,32,Tanh,100,0.24965940054495914,0.24643625605164066,0.9718907451604349,1.236837700009346
64,0.0001,32,Tanh,300,0.24965940054495914,0.24643625605164066,0.9718907451604349,1.0042306000832468
64,0.0001,32,Tanh,500,0.24965940054495914,0.24643625605164066,0.9718907451604349,1.3030102998018265
64,0.0001,32,Tanh,1000,0.24965940054495914,0.24643625605164066,0.9718907451604349,2.382105000084266
64,0.0001,32,Sigmoid,50,0.25,0.24660663889262197,0.9732166534075842,0.744613200193271
64,0.0001,32,Sigmoid,100,0.25,0.24660663889262197,0.9732166534075842,0.7538332999683917
64,0.0001,32,Sigmoid,300,0.25,0.24660663889262197,0.9732166534075842,0.6238493998534977
64,0.0001,32,Sigmoid,500,0.25,0.24660663889262197,0.9732166534075842,0.6159447999671102
64,0.0001,32,Sigmoid,1000,0.25,0.24660663889262197,0.9732166534075842,0.5915549998171628
64,0.0001,32,GELU,50,0.24993188010899184,0.2465725806451613,0.9729514717581543,1.208721699891612
64,0.0001,32,GELU,100,0.24993188010899184,0.2465725806451613,0.9729514717581543,1.5379419999662787
64,0.0001,32,GELU,300,0.24993188010899184,0.2465725806451613,0.9729514717581543,1.2535265998449177
64,0.0001,32,GELU,500,0.24993188010899184,0.2465725806451613,0.9729514717581543,0.9835258000530303
64,0.0001,32,GELU,1000,0.24993188010899184,0.2465725806451613,0.9729514717581543,0.8888338999822736
64,0.0001,32,Softmax,50,0.25,0.24660663889262197,0.9732166534075842,0.6121163000352681
64,0.0001,32,Softmax,100,0.25,0.24660663889262197,0.9732166534075842,0.615256099961698
64,0.0001,32,Softmax,300,0.25,0.24660663889262197,0.9732166534075842,0.6988860999699682
64,0.0001,32,Softmax,500,0.25,0.24660663889262197,0.9732166534075842,1.2812319998629391
64,0.0001,32,Softmax,1000,0.25,0.24660663889262197,0.9732166534075842,1.2108400999568403
64,0.0001,64,ReLU,50,0.2497956403269755,0.24650443667652594,0.9724211084592946,0.8060697000473738
64,0.0001,64,ReLU,100,0.2497956403269755,0.24650443667652594,0.9724211084592946,0.6799190999008715
64,0.0001,64,ReLU,300,0.2497956403269755,0.24650443667652594,0.9724211084592946,0.7334102001041174
64,0.0001,64,ReLU,500,0.2497956403269755,0.24650443667652594,0.9724211084592946,0.6040004000533372
64,0.0001,64,ReLU,1000,0.2497956403269755,0.24650443667652594,0.9724211084592946,0.5986244000960141
64,0.0001,64,Tanh,50,0.24965940054495914,0.24643625605164066,0.9718907451604349,1.1219621999189258
64,0.0001,64,Tanh,100,0.24965940054495914,0.24643625605164066,0.9718907451604349,1.8245576000772417
64,0.0001,64,Tanh,300,0.24965940054495914,0.24643625605164066,0.9718907451604349,1.5716088998597115
64,0.0001,64,Tanh,500,0.24965940054495914,0.24643625605164066,0.9718907451604349,1.0952767999842763
64,0.0001,64,Tanh,1000,0.24965940054495914,0.24643625605164066,0.9718907451604349,0.9897137000225484
64,0.0001,64,Sigmoid,50,0.25,0.24660663889262197,0.9732166534075842,0.9030013000592589
64,0.0001,64,Sigmoid,100,0.25,0.24660663889262197,0.9732166534075842,0.9055234999395907
64,0.0001,64,Sigmoid,300,0.25,0.24660663889262197,0.9732166534075842,0.7340130999218673
64,0.0001,64,Sigmoid,500,0.25,0.24660663889262197,0.9732166534075842,0.670998599845916
64,0.0001,64,Sigmoid,1000,0.25,0.24660663889262197,0.9732166534075842,0.48352560005150735
64,0.0001,64,GELU,50,0.2497956403269755,0.24650443667652594,0.9724211084592946,0.6274403999559581
64,0.0001,64,GELU,100,0.2497956403269755,0.24650443667652594,0.9724211084592946,0.6170336999930441
64,0.0001,64,GELU,300,0.2497956403269755,0.24650443667652594,0.9724211084592946,0.8484678000677377
64,0.0001,64,GELU,500,0.2497956403269755,0.24650443667652594,0.9724211084592946,1.0672710000071675
64,0.0001,64,GELU,1000,0.2497956403269755,0.24650443667652594,0.9724211084592946,1.1359521001577377
64,0.0001,64,Softmax,50,0.25,0.24660663889262197,0.9732166534075842,0.6083219000138342
64,0.0001,64,Softmax,100,0.25,0.24660663889262197,0.9732166534075842,0.512663200031966
64,0.0001,64,Softmax,300,0.25,0.24660663889262197,0.9732166534075842,0.4496176999527961
64,0.0001,64,Softmax,500,0.25,0.24660663889262197,0.9732166534075842,0.4289947999641299
64,0.0001,64,Softmax,1000,0.25,0.24660663889262197,0.9732166534075842,0.40656029991805553
64,0.0001,128,ReLU,50,0.2497956403269755,0.24650443667652594,0.9724211084592946,0.5506294001825154
64,0.0001,128,ReLU,100,0.2497956403269755,0.24650443667652594,0.9724211084592946,1.0822916999459267
64,0.0001,128,ReLU,300,0.2497956403269755,0.24650443667652594,0.9724211084592946,1.2961971999611706
64,0.0001,128,ReLU,500,0.2497956403269755,0.24650443667652594,0.9724211084592946,0.9785939001012594
64,0.0001,128,ReLU,1000,0.2497956403269755,0.24650443667652594,0.9724211084592946,0.8806753000244498
64,0.0001,128,Tanh,50,0.24931880108991825,0.24626564392410175,0.9705648369132857,1.0138544000219554
64,0.0001,128,Tanh,100,0.24931880108991825,0.24626564392410175,0.9705648369132857,1.2019821000285447
64,0.0001,128,Tanh,300,0.24931880108991825,0.24626564392410175,0.9705648369132857,1.7742651998996735
64,0.0001,128,Tanh,500,0.24931880108991825,0.24626564392410175,0.9705648369132857,1.390257199993357
64,0.0001,128,Tanh,1000,0.24931880108991825,0.24626564392410175,0.9705648369132857,1.0728416999336332
64,0.0001,128,Sigmoid,50,0.25,0.24660663889262197,0.9732166534075842,0.2896964999381453
64,0.0001,128,Sigmoid,100,0.25,0.24660663889262197,0.9732166534075842,0.27860859991051257
64,0.0001,128,Sigmoid,300,0.25,0.24660663889262197,0.9732166534075842,0.25875250017270446
64,0.0001,128,Sigmoid,500,0.25,0.24660663889262197,0.9732166534075842,0.5329096999485046
64,0.0001,128,Sigmoid,1000,0.25,0.24660663889262197,0.9732166534075842,0.6139351001475006
64,0.0001,128,GELU,50,0.2497956403269755,0.24650443667652594,0.9724211084592946,1.0176097999792546
64,0.0001,128,GELU,100,0.2497956403269755,0.24650443667652594,0.9724211084592946,0.9480313998647034
64,0.0001,128,GELU,300,0.2497956403269755,0.24650443667652594,0.9724211084592946,0.6179200001060963
64,0.0001,128,GELU,500,0.2497956403269755,0.24650443667652594,0.9724211084592946,0.6328834998421371
64,0.0001,128,GELU,1000,0.2497956403269755,0.24650443667652594,0.9724211084592946,0.589701899792999
64,0.0001,128,Softmax,50,0.25,0.24660663889262197,0.9732166534075842,0.2988358000293374
64,0.0001,128,Softmax,100,0.25,0.24660663889262197,0.9732166534075842,0.2905244999565184
64,0.0001,128,Softmax,300,0.25,0.24660663889262197,0.9732166534075842,0.29016269999556243
64,0.0001,128,Softmax,500,0.25,0.24660663889262197,0.9732166534075842,0.2679250000510365
64,0.0001,128,Softmax,1000,0.25,0.24660663889262197,0.9732166534075842,0.27607799996621907
64,0.00025,8,ReLU,50,0.33708466986284047,0.3876389926147208,0.9782551047467515,7.086261000018567
64,0.00025,8,ReLU,100,0.33708466986284047,0.3876389926147208,0.9782551047467515,7.159763799980283
64,0.00025,8,ReLU,300,0.33708466986284047,0.3876389926147208,0.9782551047467515,8.292003699811175
64,0.00025,8,ReLU,500,0.33708466986284047,0.3876389926147208,0.9782551047467515,6.944008199963719
64,0.00025,8,ReLU,1000,0.33708466986284047,0.3876389926147208,0.9782551047467515,8.041037800023332
64,0.00025,8,Tanh,50,0.2969233953023144,0.3210894559393928,0.9750729249535932,5.971634400077164
64,0.00025,8,Tanh,100,0.2969233953023144,0.3210894559393928,0.9750729249535932,6.774184999987483
64,0.00025,8,Tanh,300,0.2969233953023144,0.3210894559393928,0.9750729249535932,6.236785099841654
64,0.00025,8,Tanh,500,0.2969233953023144,0.3210894559393928,0.9750729249535932,5.838480999926105
64,0.00025,8,Tanh,1000,0.2969233953023144,0.3210894559393928,0.9750729249535932,6.642482499824837
64,0.00025,8,Sigmoid,50,0.25,0.24660663889262197,0.9732166534075842,3.229944699909538
64,0.00025,8,Sigmoid,100,0.25,0.24660663889262197,0.9732166534075842,2.474283899879083
64,0.00025,8,Sigmoid,300,0.25,0.24660663889262197,0.9732166534075842,2.965424899943173
64,0.00025,8,Sigmoid,500,0.25,0.24660663889262197,0.9732166534075842,2.9510224000550807
64,0.00025,8,Sigmoid,1000,0.25,0.24660663889262197,0.9732166534075842,3.390915900003165
64,0.00025,8,GELU,50,0.33708466986284047,0.3876389926147208,0.9782551047467515,7.684970800066367
64,0.00025,8,GELU,100,0.33708466986284047,0.3876389926147208,0.9782551047467515,7.4097943000961095
64,0.00025,8,GELU,300,0.33708466986284047,0.3876389926147208,0.9782551047467515,7.147683399962261
64,0.00025,8,GELU,500,0.33708466986284047,0.3876389926147208,0.9782551047467515,7.968575400067493
64,0.00025,8,GELU,1000,0.33708466986284047,0.3876389926147208,0.9782551047467515,7.102321499958634
64,0.00025,8,Softmax,50,0.25,0.24660663889262197,0.9732166534075842,2.980301799951121
64,0.00025,8,Softmax,100,0.25,0.24660663889262197,0.9732166534075842,2.6983781999442726
64,0.00025,8,Softmax,300,0.25,0.24660663889262197,0.9732166534075842,3.0923082001972944
64,0.00025,8,Softmax,500,0.25,0.24660663889262197,0.9732166534075842,2.9654574999585748
64,0.00025,8,Softmax,1000,0.25,0.24660663889262197,0.9732166534075842,2.36054480005987
64,0.00025,16,ReLU,50,0.25,0.24660663889262197,0.9732166534075842,1.7636790999677032
64,0.00025,16,ReLU,100,0.25,0.24660663889262197,0.9732166534075842,1.7738526999019086
64,0.00025,16,ReLU,300,0.25,0.24660663889262197,0.9732166534075842,1.3343509000260383
64,0.00025,16,ReLU,500,0.25,0.24660663889262197,0.9732166534075842,1.3660184000618756
64,0.00025,16,ReLU,1000,0.25,0.24660663889262197,0.9732166534075842,1.622187300119549
64,0.00025,16,Tanh,50,0.2623857482840686,0.26985880063450546,0.9732166534075842,3.3254027999937534
64,0.00025,16,Tanh,100,0.2623857482840686,0.26985880063450546,0.9732166534075842,3.12395490007475
64,0.00025,16,Tanh,300,0.2623857482840686,0.26985880063450546,0.9732166534075842,2.7536233998835087
64,0.00025,16,Tanh,500,0.2623857482840686,0.26985880063450546,0.9732166534075842,3.1219265998806804
64,0.00025,16,Tanh,1000,0.2623857482840686,0.26985880063450546,0.9732166534075842,2.916021700017154
64,0.00025,16,Sigmoid,50,0.25,0.24660663889262197,0.9732166534075842,1.215475199976936
64,0.00025,16,Sigmoid,100,0.25,0.24660663889262197,0.9732166534075842,1.8668974000029266
64,0.00025,16,Sigmoid,300,0.25,0.24660663889262197,0.9732166534075842,1.5309986998327076
64,0.00025,16,Sigmoid,500,0.25,0.24660663889262197,0.9732166534075842,1.66218789992854
64,0.00025,16,Sigmoid,1000,0.25,0.24660663889262197,0.9732166534075842,1.7572258999571204
64,0.00025,16,GELU,50,0.25,0.24660663889262197,0.9732166534075842,1.3094206999521703
64,0.00025,16,GELU,100,0.25,0.24660663889262197,0.9732166534075842,1.2823119999375194
64,0.00025,16,GELU,300,0.25,0.24660663889262197,0.9732166534075842,1.4162293002009392
64,0.00025,16,GELU,500,0.25,0.24660663889262197,0.9732166534075842,1.5611574000213295
64,0.00025,16,GELU,1000,0.25,0.24660663889262197,0.9732166534075842,1.6275345999747515
64,0.00025,16,Softmax,50,0.25,0.24660663889262197,0.9732166534075842,1.4079879999626428
64,0.00025,16,Softmax,100,0.25,0.24660663889262197,0.9732166534075842,1.409656099975109
64,0.00025,16,Softmax,300,0.25,0.24660663889262197,0.9732166534075842,1.7006394998170435
64,0.00025,16,Softmax,500,0.25,0.24660663889262197,0.9732166534075842,1.2257274999283254
64,0.00025,16,Softmax,1000,0.25,0.24660663889262197,0.9732166534075842,1.5614655001554638
64,0.00025,32,ReLU,50,0.25,0.24660663889262197,0.9732166534075842,0.9847039000596851
64,0.00025,32,ReLU,100,0.25,0.24660663889262197,0.9732166534075842,1.149209399940446
64,0.00025,32,ReLU,300,0.25,0.24660663889262197,0.9732166534075842,0.8498072000220418
64,0.00025,32,ReLU,500,0.25,0.24660663889262197,0.9732166534075842,1.1740204999223351
64,0.00025,32,ReLU,1000,0.25,0.24660663889262197,0.9732166534075842,0.7867391998879611
64,0.00025,32,Tanh,50,0.2497275204359673,0.24647035094796288,0.9721559268098647,1.028019699966535
64,0.00025,32,Tanh,100,0.2497275204359673,0.24647035094796288,0.9721559268098647,1.2071611999999732
64,0.00025,32,Tanh,300,0.2497275204359673,0.24647035094796288,0.9721559268098647,0.8629958999808878
64,0.00025,32,Tanh,500,0.2497275204359673,0.24647035094796288,0.9721559268098647,0.9233731999993324
64,0.00025,32,Tanh,1000,0.2497275204359673,0.24647035094796288,0.9721559268098647,1.24639209988527
64,0.00025,32,Sigmoid,50,0.25,0.24660663889262197,0.9732166534075842,0.7107236001174897
64,0.00025,32,Sigmoid,100,0.25,0.24660663889262197,0.9732166534075842,1.223059399984777
64,0.00025,32,Sigmoid,300,0.25,0.24660663889262197,0.9732166534075842,0.9110769000835717
64,0.00025,32,Sigmoid,500,0.25,0.24660663889262197,0.9732166534075842,1.0712021000217646
64,0.00025,32,Sigmoid,1000,0.25,0.24660663889262197,0.9732166534075842,0.7498417999595404
64,0.00025,32,GELU,50,0.25,0.24660663889262197,0.9732166534075842,1.135653599863872
64,0.00025,32,GELU,100,0.25,0.24660663889262197,0.9732166534075842,0.7303744000382721
64,0.00025,32,GELU,300,0.25,0.24660663889262197,0.9732166534075842,1.1283668999094516
64,0.00025,32,GELU,500,0.25,0.24660663889262197,0.9732166534075842,0.7815922999288887
64,0.00025,32,GELU,1000,0.25,0.24660663889262197,0.9732166534075842,1.1015743999741971
64,0.00025,32,Softmax,50,0.25,0.24660663889262197,0.9732166534075842,0.6633743999991566
64,0.00025,32,Softmax,100,0.25,0.24660663889262197,0.9732166534075842,1.076716999989003
64,0.00025,32,Softmax,300,0.25,0.24660663889262197,0.9732166534075842,0.6590088000521064
64,0.00025,32,Softmax,500,0.25,0.24660663889262197,0.9732166534075842,0.8967671999707818
64,0.00025,32,Softmax,1000,0.25,0.24660663889262197,0.9732166534075842,0.8917793999426067
64,0.00025,64,ReLU,50,0.24993188010899184,0.2465725806451613,0.9729514717581543,0.47570149996317923
64,0.00025,64,ReLU,100,0.24993188010899184,0.2465725806451613,0.9729514717581543,0.8960891000460833
64,0.00025,64,ReLU,300,0.24993188010899184,0.2465725806451613,0.9729514717581543,0.5671100998297334
64,0.00025,64,ReLU,500,0.24993188010899184,0.2465725806451613,0.9729514717581543,0.697740700095892
64,0.00025,64,ReLU,1000,0.24993188010899184,0.2465725806451613,0.9729514717581543,0.8930515001993626
64,0.00025,64,Tanh,50,0.24965940054495914,0.24643625605164066,0.9718907451604349,0.6973738998640329
64,0.00025,64,Tanh,100,0.24965940054495914,0.24643625605164066,0.9718907451604349,1.1074753999710083
64,0.00025,64,Tanh,300,0.24965940054495914,0.24643625605164066,0.9718907451604349,0.6197001000400633
64,0.00025,64,Tanh,500,0.24965940054495914,0.24643625605164066,0.9718907451604349,1.0199915000703186
64,0.00025,64,Tanh,1000,0.24965940054495914,0.24643625605164066,0.9718907451604349,0.880903200013563
64,0.00025,64,Sigmoid,50,0.25,0.24660663889262197,0.9732166534075842,0.6665505999699235
64,0.00025,64,Sigmoid,100,0.25,0.24660663889262197,0.9732166534075842,0.7640338998753577
64,0.00025,64,Sigmoid,300,0.25,0.24660663889262197,0.9732166534075842,0.3971675999928266
64,0.00025,64,Sigmoid,500,0.25,0.24660663889262197,0.9732166534075842,0.6052216000389308
64,0.00025,64,Sigmoid,1000,0.25,0.24660663889262197,0.9732166534075842,0.7707733002025634
64,0.00025,64,GELU,50,0.24993188010899184,0.2465725806451613,0.9729514717581543,0.4788148000370711
64,0.00025,64,GELU,100,0.24993188010899184,0.2465725806451613,0.9729514717581543,0.5315789999440312
64,0.00025,64,GELU,300,0.24993188010899184,0.2465725806451613,0.9729514717581543,0.880097100045532
64,0.00025,64,GELU,500,0.24993188010899184,0.2465725806451613,0.9729514717581543,0.48328409995883703
64,0.00025,64,GELU,1000,0.24993188010899184,0.2465725806451613,0.9729514717581543,0.8667977000586689
64,0.00025,64,Softmax,50,0.25,0.24660663889262197,0.9732166534075842,0.43083900003694
64,0.00025,64,Softmax,100,0.25,0.24660663889262197,0.9732166534075842,0.3654937001410872
64,0.00025,64,Softmax,300,0.25,0.24660663889262197,0.9732166534075842,0.8774033000227064
64,0.00025,64,Softmax,500,0.25,0.24660663889262197,0.9732166534075842,0.44430209998972714
64,0.00025,64,Softmax,1000,0.25,0.24660663889262197,0.9732166534075842,0.4075153998564929
64,0.00025,128,ReLU,50,0.24993188010899184,0.2465725806451613,0.9729514717581543,0.49170709983445704
64,0.00025,128,ReLU,100,0.24993188010899184,0.2465725806451613,0.9729514717581543,0.9037117001134902
64,0.00025,128,ReLU,300,0.24993188010899184,0.2465725806451613,0.9729514717581543,0.48825070005841553
64,0.00025,128,ReLU,500,0.24993188010899184,0.2465725806451613,0.9729514717581543,0.5669367001391947
64,0.00025,128,ReLU,1000,0.24993188010899184,0.2465725806451613,0.9729514717581543,0.7669176000636071
64,0.00025,128,Tanh,50,0.24965940054495914,0.24643625605164066,0.9718907451604349,0.6310299001634121
64,0.00025,128,Tanh,100,0.24965940054495914,0.24643625605164066,0.9718907451604349,0.5591571999248117
64,0.00025,128,Tanh,300,0.24965940054495914,0.24643625605164066,0.9718907451604349,0.9984212000854313
64,0.00025,128,Tanh,500,0.24965940054495914,0.24643625605164066,0.9718907451604349,0.5945428998675197
64,0.00025,128,Tanh,1000,0.24965940054495914,0.24643625605164066,0.9718907451604349,0.9334237999282777
64,0.00025,128,Sigmoid,50,0.25,0.24660663889262197,0.9732166534075842,0.2914859999436885
64,0.00025,128,Sigmoid,100,0.25,0.24660663889262197,0.9732166534075842,0.3802190001588315
64,0.00025,128,Sigmoid,300,0.25,0.24660663889262197,0.9732166534075842,0.5423538000322878
64,0.00025,128,Sigmoid,500,0.25,0.24660663889262197,0.9732166534075842,0.37404310004785657
64,0.00025,128,Sigmoid,1000,0.25,0.24660663889262197,0.9732166534075842,0.30346530000679195
64,0.00025,128,GELU,50,0.24993188010899184,0.2465725806451613,0.9729514717581543,0.7184469997882843
64,0.00025,128,GELU,100,0.24993188010899184,0.2465725806451613,0.9729514717581543,0.4652760000899434
64,0.00025,128,GELU,300,0.24993188010899184,0.2465725806451613,0.9729514717581543,0.5696371998637915
64,0.00025,128,GELU,500,0.24993188010899184,0.2465725806451613,0.9729514717581543,0.5957763998303562
64,0.00025,128,GELU,1000,0.24993188010899184,0.2465725806451613,0.9729514717581543,0.3644663000013679
64,0.00025,128,Softmax,50,0.25,0.24660663889262197,0.9732166534075842,0.36899570003151894
64,0.00025,128,Softmax,100,0.25,0.24660663889262197,0.9732166534075842,0.5021995001006871
64,0.00025,128,Softmax,300,0.25,0.24660663889262197,0.9732166534075842,0.47477290011011064
64,0.00025,128,Softmax,500,0.25,0.24660663889262197,0.9732166534075842,0.27165309991687536
64,0.00025,128,Softmax,1000,0.25,0.24660663889262197,0.9732166534075842,0.5684897000901401
128,0.01,8,ReLU,50,0.4751496050770876,0.4975530179445351,0.9803765579421904,7.085099499905482
128,0.01,8,ReLU,100,0.4751496050770876,0.4975530179445351,0.9803765579421904,6.496392200002447
128,0.01,8,ReLU,300,0.4751496050770876,0.4975530179445351,0.9803765579421904,6.183681200025603
128,0.01,8,ReLU,500,0.4751496050770876,0.4975530179445351,0.9803765579421904,6.669603199930862
128,0.01,8,ReLU,1000,0.4751496050770876,0.4975530179445351,0.9803765579421904,7.595980700105429
128,0.01,8,Tanh,50,0.5632451511284333,0.5669584056629577,0.9787854680456113,7.154651399934664
128,0.01,8,Tanh,100,0.5632451511284333,0.5669584056629577,0.9787854680456113,6.834513999987394
128,0.01,8,Tanh,300,0.5632451511284333,0.5669584056629577,0.9787854680456113,6.84999020001851
128,0.01,8,Tanh,500,0.5632451511284333,0.5669584056629577,0.9787854680456113,7.309032300021499
128,0.01,8,Tanh,1000,0.5632451511284333,0.5669584056629577,0.9787854680456113,7.073526000138372
128,0.01,8,Sigmoid,50,0.45030998861794225,0.4879331279507598,0.9801113762927606,7.026269000023603
128,0.01,8,Sigmoid,100,0.45030998861794225,0.4879331279507598,0.9801113762927606,6.981143199838698
128,0.01,8,Sigmoid,300,0.45030998861794225,0.4879331279507598,0.9801113762927606,6.845894600031897
128,0.01,8,Sigmoid,500,0.45030998861794225,0.4879331279507598,0.9801113762927606,7.089143600082025
128,0.01,8,Sigmoid,1000,0.45030998861794225,0.4879331279507598,0.9801113762927606,9.526368600083515
128,0.01,8,GELU,50,0.4751496050770876,0.4975530179445351,0.9803765579421904,6.286017599981278
128,0.01,8,GELU,100,0.4751496050770876,0.4975530179445351,0.9803765579421904,6.723447400145233
128,0.01,8,GELU,300,0.4751496050770876,0.4975530179445351,0.9803765579421904,6.580717200180516
128,0.01,8,GELU,500,0.4751496050770876,0.4975530179445351,0.9803765579421904,6.7257896000519395
128,0.01,8,GELU,1000,0.4751496050770876,0.4975530179445351,0.9803765579421904,6.680787899997085
128,0.01,8,Softmax,50,0.45030998861794225,0.4879331279507598,0.9801113762927606,6.812945800134912
128,0.01,8,Softmax,100,0.45030998861794225,0.4879331279507598,0.9801113762927606,7.5596986000891775
128,0.01,8,Softmax,300,0.45030998861794225,0.4879331279507598,0.9801113762927606,6.810761900153011
128,0.01,8,Softmax,500,0.45030998861794225,0.4879331279507598,0.9801113762927606,7.108149900101125
128,0.01,8,Softmax,1000,0.45030998861794225,0.4879331279507598,0.9801113762927606,6.9237734999042
128,0.01,16,ReLU,50,0.5597333839202566,0.5685943205025064,0.9827631927870591,3.6456446000374854
128,0.01,16,ReLU,100,0.5597333839202566,0.5685943205025064,0.9827631927870591,3.191233899910003
128,0.01,16,ReLU,300,0.5597333839202566,0.5685943205025064,0.9827631927870591,4.563025300158188
128,0.01,16,ReLU,500,0.5597333839202566,0.5685943205025064,0.9827631927870591,3.0192346000112593
128,0.01,16,ReLU,1000,0.5597333839202566,0.5685943205025064,0.9827631927870591,2.992363999830559
128,0.01,16,Tanh,50,0.5008572471516113,0.5127457631793048,0.9790506496950411,3.7052370000164956
128,0.01,16,Tanh,100,0.5008572471516113,0.5127457631793048,0.9790506496950411,3.20116710010916
128,0.01,16,Tanh,300,0.5008572471516113,0.5127457631793048,0.9790506496950411,3.7329755001701415
128,0.01,16,Tanh,500,0.5008572471516113,0.5127457631793048,0.9790506496950411,2.948156600119546
128,0.01,16,Tanh,1000,0.5008572471516113,0.5127457631793048,0.9790506496950411,3.2257815001066774
128,0.01,16,Sigmoid,50,0.4679106450982421,0.5021660826020323,0.9798461946433307,4.615935200126842
128,0.01,16,Sigmoid,100,0.4679106450982421,0.5021660826020323,0.9798461946433307,4.015311799943447
128,0.01,16,Sigmoid,300,0.4679106450982421,0.5021660826020323,0.9798461946433307,3.9734640000388026
128,0.01,16,Sigmoid,500,0.4679106450982421,0.5021660826020323,0.9798461946433307,3.673285200027749
128,0.01,16,Sigmoid,1000,0.4679106450982421,0.5021660826020323,0.9798461946433307,3.9511461001820862
128,0.01,16,GELU,50,0.5597333839202566,0.5685943205025064,0.9827631927870591,3.425915800035
128,0.01,16,GELU,100,0.5597333839202566,0.5685943205025064,0.9827631927870591,3.273922699969262
128,0.01,16,GELU,300,0.5597333839202566,0.5685943205025064,0.9827631927870591,3.2310987999662757
128,0.01,16,GELU,500,0.5597333839202566,0.5685943205025064,0.9827631927870591,2.9395453000906855
128,0.01,16,GELU,1000,0.5597333839202566,0.5685943205025064,0.9827631927870591,3.1926996000111103
128,0.01,16,Softmax,50,0.4679106450982421,0.5021660826020323,0.9798461946433307,4.412625400116667
128,0.01,16,Softmax,100,0.4679106450982421,0.5021660826020323,0.9798461946433307,4.429086500080302
128,0.01,16,Softmax,300,0.4679106450982421,0.5021660826020323,0.9798461946433307,3.9201410999521613
128,0.01,16,Softmax,500,0.4679106450982421,0.5021660826020323,0.9798461946433307,3.989359699888155
128,0.01,16,Softmax,1000,0.4679106450982421,0.5021660826020323,0.9798461946433307,3.90246589994058
128,0.01,32,ReLU,50,0.49144922912427136,0.5144087709760947,0.9835587377353487,1.6664954000152647
128,0.01,32,ReLU,100,0.49144922912427136,0.5144087709760947,0.9835587377353487,1.9928331999108195
128,0.01,32,ReLU,300,0.49144922912427136,0.5144087709760947,0.9835587377353487,2.3030423000454903
128,0.01,32,ReLU,500,0.49144922912427136,0.5144087709760947,0.9835587377353487,1.6131896001752466
128,0.01,32,ReLU,1000,0.49144922912427136,0.5144087709760947,0.9835587377353487,2.1952265000436455
128,0.01,32,Tanh,50,0.46611524046034103,0.4808121328080083,0.9763988332007425,2.5169104000087827
128,0.01,32,Tanh,100,0.46611524046034103,0.4808121328080083,0.9763988332007425,2.5188483998645097
128,0.01,32,Tanh,300,0.46611524046034103,0.4808121328080083,0.9763988332007425,2.174961799988523
128,0.01,32,Tanh,500,0.46611524046034103,0.4808121328080083,0.9763988332007425,2.1845815000124276
128,0.01,32,Tanh,1000,0.46611524046034103,0.4808121328080083,0.9763988332007425,2.3718894000630826
128,0.01,32,Sigmoid,50,0.46547787396957885,0.4945605169874494,0.977459559798462,2.317916699917987
128,0.01,32,Sigmoid,100,0.46547787396957885,0.4945605169874494,0.977459559798462,2.3867895998992026
128,0.01,32,Sigmoid,300,0.46547787396957885,0.4945605169874494,0.977459559798462,2.869799399981275
128,0.01,32,Sigmoid,500,0.46547787396957885,0.4945605169874494,0.977459559798462,2.481556799961254
128,0.01,32,Sigmoid,1000,0.46547787396957885,0.4945605169874494,0.977459559798462,2.2831863998435438
128,0.01,32,GELU,50,0.49144922912427136,0.5144087709760947,0.9835587377353487,2.001436599995941
128,0.01,32,GELU,100,0.49144922912427136,0.5144087709760947,0.9835587377353487,1.8688221001066267
128,0.01,32,GELU,300,0.49144922912427136,0.5144087709760947,0.9835587377353487,1.4824391000438482
128,0.01,32,GELU,500,0.49144922912427136,0.5144087709760947,0.9835587377353487,1.7392335999757051
128,0.01,32,GELU,1000,0.49144922912427136,0.5144087709760947,0.9835587377353487,2.088953700149432
128,0.01,32,Softmax,50,0.46547787396957885,0.4945605169874494,0.977459559798462,2.5620116000063717
128,0.01,32,Softmax,100,0.46547787396957885,0.4945605169874494,0.977459559798462,2.400518599897623
128,0.01,32,Softmax,300,0.46547787396957885,0.4945605169874494,0.977459559798462,2.3994439002126455
128,0.01,32,Softmax,500,0.46547787396957885,0.4945605169874494,0.977459559798462,2.3842902001924813
128,0.01,32,Softmax,1000,0.46547787396957885,0.4945605169874494,0.977459559798462,3.030029699904844
128,0.01,64,ReLU,50,0.4871704664344267,0.522090762824456,0.9824980111376292,1.1429127000737935
128,0.01,64,ReLU,100,0.4871704664344267,0.522090762824456,0.9824980111376292,1.7512251001317054
128,0.01,64,ReLU,300,0.4871704664344267,0.522090762824456,0.9824980111376292,1.278912500012666
128,0.01,64,ReLU,500,0.4871704664344267,0.522090762824456,0.9824980111376292,1.3701659999787807
128,0.01,64,ReLU,1000,0.4871704664344267,0.522090762824456,0.9824980111376292,1.179166099987924
128,0.01,64,Tanh,50,0.5124693891629013,0.5263332497440076,0.9795810129939008,1.4736579000018537
128,0.01,64,Tanh,100,0.5124693891629013,0.5263332497440076,0.9795810129939008,1.8012561998330057
128,0.01,64,Tanh,300,0.5124693891629013,0.5263332497440076,0.9795810129939008,1.3188191999215633
128,0.01,64,Tanh,500,0.5124693891629013,0.5263332497440076,0.9795810129939008,1.674542099935934
128,0.01,64,Tanh,1000,0.5124693891629013,0.5263332497440076,0.9795810129939008,1.701913099968806
128,0.01,64,Sigmoid,50,0.38433113165246785,0.4379075150530419,0.9763988332007425,2.283710800111294
128,0.01,64,Sigmoid,100,0.38433113165246785,0.4379075150530419,0.9763988332007425,1.8870724001899362
128,0.01,64,Sigmoid,300,0.38433113165246785,0.4379075150530419,0.9763988332007425,2.00887109991163
128,0.01,64,Sigmoid,500,0.38433113165246785,0.4379075150530419,0.9763988332007425,1.825149399926886
128,0.01,64,Sigmoid,1000,0.38433113165246785,0.4379075150530419,0.9763988332007425,1.696767499903217
128,0.01,64,GELU,50,0.4871704664344267,0.522090762824456,0.9824980111376292,1.7886643998790532
128,0.01,64,GELU,100,0.4871704664344267,0.522090762824456,0.9824980111376292,1.382312199799344
128,0.01,64,GELU,300,0.4871704664344267,0.522090762824456,0.9824980111376292,1.338527400046587
128,0.01,64,GELU,500,0.4871704664344267,0.522090762824456,0.9824980111376292,1.2909274001140147
128,0.01,64,GELU,1000,0.4871704664344267,0.522090762824456,0.9824980111376292,1.4481951999478042
128,0.01,64,Softmax,50,0.38433113165246785,0.4379075150530419,0.9763988332007425,2.248819899978116
128,0.01,64,Softmax,100,0.38433113165246785,0.4379075150530419,0.9763988332007425,1.8180132999550551
128,0.01,64,Softmax,300,0.38433113165246785,0.4379075150530419,0.9763988332007425,1.9394643001724035
128,0.01,64,Softmax,500,0.38433113165246785,0.4379075150530419,0.9763988332007425,2.154199699871242
128,0.01,64,Softmax,1000,0.38433113165246785,0.4379075150530419,0.9763988332007425,1.7396004998590797
128,0.01,128,ReLU,50,0.48090947240138426,0.515652557319224,0.9822328294881995,1.3402420999482274
128,0.01,128,ReLU,100,0.48090947240138426,0.515652557319224,0.9822328294881995,1.1929417999926955
128,0.01,128,ReLU,300,0.48090947240138426,0.515652557319224,0.9822328294881995,1.0948222000151873
128,0.01,128,ReLU,500,0.48090947240138426,0.515652557319224,0.9822328294881995,1.1743382001295686
128,0.01,128,ReLU,1000,0.48090947240138426,0.515652557319224,0.9822328294881995,1.1578450999222696
128,0.01,128,Tanh,50,0.43938565630784443,0.4890014268970086,0.9766640148501724,1.31482720002532
128,0.01,128,Tanh,100,0.43938565630784443,0.4890014268970086,0.9766640148501724,0.9271164999809116
128,0.01,128,Tanh,300,0.43938565630784443,0.4890014268970086,0.9766640148501724,0.9186083001550287
128,0.01,128,Tanh,500,0.43938565630784443,0.4890014268970086,0.9766640148501724,0.8816933000925928
128,0.01,128,Tanh,1000,0.43938565630784443,0.4890014268970086,0.9766640148501724,1.124454100150615
128,0.01,128,Sigmoid,50,0.3302105968107244,0.3674520396166472,0.9756032882524529,1.537458499893546
128,0.01,128,Sigmoid,100,0.3302105968107244,0.3674520396166472,0.9756032882524529,1.224200899945572
128,0.01,128,Sigmoid,300,0.3302105968107244,0.3674520396166472,0.9756032882524529,1.2675930999685079
128,0.01,128,Sigmoid,500,0.3302105968107244,0.3674520396166472,0.9756032882524529,1.2972500999458134
128,0.01,128,Sigmoid,1000,0.3302105968107244,0.3674520396166472,0.9756032882524529,1.2100927999708802
128,0.01,128,GELU,50,0.48090947240138426,0.515652557319224,0.9822328294881995,1.0446297000162303
128,0.01,128,GELU,100,0.48090947240138426,0.515652557319224,0.9822328294881995,1.1864089998416603
128,0.01,128,GELU,300,0.48090947240138426,0.515652557319224,0.9822328294881995,1.2865339999552816
128,0.01,128,GELU,500,0.48090947240138426,0.515652557319224,0.9822328294881995,1.3067138001788408
128,0.01,128,GELU,1000,0.48090947240138426,0.515652557319224,0.9822328294881995,1.1310380999930203
128,0.01,128,Softmax,50,0.3302105968107244,0.3674520396166472,0.9756032882524529,1.2429267999250442
128,0.01,128,Softmax,100,0.3302105968107244,0.3674520396166472,0.9756032882524529,1.3106993997935206
128,0.01,128,Softmax,300,0.3302105968107244,0.3674520396166472,0.9756032882524529,1.4675270000007004
128,0.01,128,Softmax,500,0.3302105968107244,0.3674520396166472,0.9756032882524529,1.3295362000353634
128,0.01,128,Softmax,1000,0.3302105968107244,0.3674520396166472,0.9756032882524529,1.2787174000404775
128,0.001,8,ReLU,50,0.4618540107382242,0.505774327140011,0.9803765579421904,7.686635200167075
128,0.001,8,ReLU,100,0.4618540107382242,0.505774327140011,0.9803765579421904,9.26375039992854
128,0.001,8,ReLU,300,0.4618540107382242,0.505774327140011,0.9803765579421904,6.749830800108612
128,0.001,8,ReLU,500,0.4618540107382242,0.505774327140011,0.9803765579421904,6.595756300026551
128,0.001,8,ReLU,1000,0.4618540107382242,0.505774327140011,0.9803765579421904,6.391193399904296
128,0.001,8,Tanh,50,0.37615602616723576,0.42129772967583723,0.9771943781490321,5.5723520999308676
128,0.001,8,Tanh,100,0.37615602616723576,0.42129772967583723,0.9771943781490321,5.307768000056967
128,0.001,8,Tanh,300,0.37615602616723576,0.42129772967583723,0.9771943781490321,5.436025999952108
128,0.001,8,Tanh,500,0.37615602616723576,0.42129772967583723,0.9771943781490321,5.2229050998575985
128,0.001,8,Tanh,1000,0.37615602616723576,0.42129772967583723,0.9771943781490321,5.052324800053611
128,0.001,8,Sigmoid,50,0.34683328734522123,0.3923931152525709,0.9750729249535932,8.345277599990368
128,0.001,8,Sigmoid,100,0.34683328734522123,0.3923931152525709,0.9750729249535932,9.698650700040162
128,0.001,8,Sigmoid,300,0.34683328734522123,0.3923931152525709,0.9750729249535932,8.704844300169498
128,0.001,8,Sigmoid,500,0.34683328734522123,0.3923931152525709,0.9750729249535932,10.203894800040871
128,0.001,8,Sigmoid,1000,0.34683328734522123,0.3923931152525709,0.9750729249535932,8.81749269994907
128,0.001,8,GELU,50,0.4618540107382242,0.505774327140011,0.9803765579421904,6.848170000128448
128,0.001,8,GELU,100,0.4618540107382242,0.505774327140011,0.9803765579421904,6.2289276998490095
128,0.001,8,GELU,300,0.4618540107382242,0.505774327140011,0.9803765579421904,6.19186590006575
128,0.001,8,GELU,500,0.4618540107382242,0.505774327140011,0.9803765579421904,6.4737294998485595
128,0.001,8,GELU,1000,0.4618540107382242,0.505774327140011,0.9803765579421904,7.39936859998852
128,0.001,8,Softmax,50,0.34683328734522123,0.3923931152525709,0.9750729249535932,9.874389700125903
128,0.001,8,Softmax,100,0.34683328734522123,0.3923931152525709,0.9750729249535932,8.987378700170666
128,0.001,8,Softmax,300,0.34683328734522123,0.3923931152525709,0.9750729249535932,8.843448899919167
128,0.001,8,Softmax,500,0.34683328734522123,0.3923931152525709,0.9750729249535932,8.646230899961665
128,0.001,8,Softmax,1000,0.34683328734522123,0.3923931152525709,0.9750729249535932,8.985867499839514
128,0.001,16,ReLU,50,0.44307102863909675,0.5028364050787618,0.9795810129939008,5.055714599788189
128,0.001,16,ReLU,100,0.44307102863909675,0.5028364050787618,0.9795810129939008,4.103612300008535
128,0.001,16,ReLU,300,0.44307102863909675,0.5028364050787618,0.9795810129939008,4.285632899962366
128,0.001,16,ReLU,500,0.44307102863909675,0.5028364050787618,0.9795810129939008,4.435225199908018
128,0.001,16,ReLU,1000,0.44307102863909675,0.5028364050787618,0.9795810129939008,4.3070157000329345
128,0.001,16,Tanh,50,0.3877681681785259,0.44905519037205516,0.9777247414478918,2.9881213000044227
128,0.001,16,Tanh,100,0.3877681681785259,0.44905519037205516,0.9777247414478918,3.441766200121492
128,0.001,16,Tanh,300,0.3877681681785259,0.44905519037205516,0.9777247414478918,3.7884115998167545
128,0.001,16,Tanh,500,0.3877681681785259,0.44905519037205516,0.9777247414478918,3.31023499998264
128,0.001,16,Tanh,1000,0.3877681681785259,0.44905519037205516,0.9777247414478918,3.3484263999853283
128,0.001,16,Sigmoid,50,0.2989737465365203,0.33090272928982606,0.9745425616547335,3.417262400034815
128,0.001,16,Sigmoid,100,0.2989737465365203,0.33090272928982606,0.9745425616547335,3.723698099842295
128,0.001,16,Sigmoid,300,0.2989737465365203,0.33090272928982606,0.9745425616547335,3.2971290999557823
128,0.001,16,Sigmoid,500,0.2989737465365203,0.33090272928982606,0.9745425616547335,3.22354399994947
128,0.001,16,Sigmoid,1000,0.2989737465365203,0.33090272928982606,0.9745425616547335,3.7832061001099646
128,0.001,16,GELU,50,0.44307102863909675,0.5028364050787618,0.9795810129939008,4.246874299831688
128,0.001,16,GELU,100,0.44307102863909675,0.5028364050787618,0.9795810129939008,4.367583000101149
128,0.001,16,GELU,300,0.44307102863909675,0.5028364050787618,0.9795810129939008,3.7365782998967916
128,0.001,16,GELU,500,0.44307102863909675,0.5028364050787618,0.9795810129939008,4.519284799927846
128,0.001,16,GELU,1000,0.44307102863909675,0.5028364050787618,0.9795810129939008,4.581688999896869
128,0.001,16,Softmax,50,0.2989737465365203,0.33090272928982606,0.9745425616547335,3.6799192999023944
128,0.001,16,Softmax,100,0.2989737465365203,0.33090272928982606,0.9745425616547335,3.639596600085497
128,0.001,16,Softmax,300,0.2989737465365203,0.33090272928982606,0.9745425616547335,3.447658699937165
128,0.001,16,Softmax,500,0.2989737465365203,0.33090272928982606,0.9745425616547335,3.2321306001394987
128,0.001,16,Softmax,1000,0.2989737465365203,0.33090272928982606,0.9745425616547335,3.3966687000356615
128,0.001,32,ReLU,50,0.39521148783039584,0.4518216415952068,0.9790506496950411,3.2988261999562383
128,0.001,32,ReLU,100,0.39521148783039584,0.4518216415952068,0.9790506496950411,2.9831004999578
128,0.001,32,ReLU,300,0.39521148783039584,0.4518216415952068,0.9790506496950411,3.0415425000246614
128,0.001,32,ReLU,500,0.39521148783039584,0.4518216415952068,0.9790506496950411,2.4454324999824166
128,0.001,32,ReLU,1000,0.39521148783039584,0.4518216415952068,0.9790506496950411,2.4891053000465035
128,0.001,32,Tanh,50,0.3668667149541843,0.41909275349952835,0.9771943781490321,2.1614114998374134
128,0.001,32,Tanh,100,0.3668667149541843,0.41909275349952835,0.9771943781490321,2.1337452000007033
128,0.001,32,Tanh,300,0.3668667149541843,0.41909275349952835,0.9771943781490321,2.0771971999201924
128,0.001,32,Tanh,500,0.3668667149541843,0.41909275349952835,0.9771943781490321,2.1884139999747276
128,0.001,32,Tanh,1000,0.3668667149541843,0.41909275349952835,0.9771943781490321,2.289856999879703
128,0.001,32,Sigmoid,50,0.25,0.24660663889262197,0.9732166534075842,1.4884027999360114
128,0.001,32,Sigmoid,100,0.25,0.24660663889262197,0.9732166534075842,1.514796300092712
128,0.001,32,Sigmoid,300,0.25,0.24660663889262197,0.9732166534075842,1.73013240005821
128,0.001,32,Sigmoid,500,0.25,0.24660663889262197,0.9732166534075842,1.5775985999498516
128,0.001,32,Sigmoid,1000,0.25,0.24660663889262197,0.9732166534075842,2.1315324001479894
128,0.001,32,GELU,50,0.39521148783039584,0.4518216415952068,0.9790506496950411,2.50959760020487
128,0.001,32,GELU,100,0.39521148783039584,0.4518216415952068,0.9790506496950411,2.823737000115216
128,0.001,32,GELU,300,0.39521148783039584,0.4518216415952068,0.9790506496950411,2.4352290998212993
128,0.001,32,GELU,500,0.39521148783039584,0.4518216415952068,0.9790506496950411,3.0960099999792874
128,0.001,32,GELU,1000,0.39521148783039584,0.4518216415952068,0.9790506496950411,2.5793280999641865
128,0.001,32,Softmax,50,0.25,0.24660663889262197,0.9732166534075842,1.57890890003182
128,0.001,32,Softmax,100,0.25,0.24660663889262197,0.9732166534075842,1.468103000195697
128,0.001,32,Softmax,300,0.25,0.24660663889262197,0.9732166534075842,1.4899102998897433
128,0.001,32,Softmax,500,0.25,0.24660663889262197,0.9732166534075842,1.833330700173974
128,0.001,32,Softmax,1000,0.25,0.24660663889262197,0.9732166534075842,1.4673978998325765
128,0.001,64,ReLU,50,0.311427614711597,0.3496500043019214,0.9748077433041633,1.0003345999866724
128,0.001,64,ReLU,100,0.311427614711597,0.3496500043019214,0.9748077433041633,1.8164752000011504
128,0.001,64,ReLU,300,0.311427614711597,0.3496500043019214,0.9748077433041633,1.4951430999208242
128,0.001,64,ReLU,500,0.311427614711597,0.3496500043019214,0.9748077433041633,1.1217086999677122
128,0.001,64,ReLU,1000,0.311427614711597,0.3496500043019214,0.9748077433041633,1.801454900065437
128,0.001,64,Tanh,50,0.32098940548868116,0.3630974607916355,0.9758684699018828,1.1566370998043567
128,0.001,64,Tanh,100,0.32098940548868116,0.3630974607916355,0.9758684699018828,1.304051399929449
128,0.001,64,Tanh,300,0.32098940548868116,0.3630974607916355,0.9758684699018828,1.2029667000751942
128,0.001,64,Tanh,500,0.32098940548868116,0.3630974607916355,0.9758684699018828,1.198219200130552
128,0.001,64,Tanh,1000,0.32098940548868116,0.3630974607916355,0.9758684699018828,1.4777702998835593
128,0.001,64,Sigmoid,50,0.25,0.24660663889262197,0.9732166534075842,0.8243875000625849
128,0.001,64,Sigmoid,100,0.25,0.24660663889262197,0.9732166534075842,0.900423499988392
128,0.001,64,Sigmoid,300,0.25,0.24660663889262197,0.9732166534075842,0.5238822000101209
128,0.001,64,Sigmoid,500,0.25,0.24660663889262197,0.9732166534075842,1.0621014998760074
128,0.001,64,Sigmoid,1000,0.25,0.24660663889262197,0.9732166534075842,0.5720102000050247
128,0.001,64,GELU,50,0.311427614711597,0.3496500043019214,0.9748077433041633,1.44907209998928
128,0.001,64,GELU,100,0.311427614711597,0.3496500043019214,0.9748077433041633,1.418583600083366
128,0.001,64,GELU,300,0.311427614711597,0.3496500043019214,0.9748077433041633,1.2896819999441504
128,0.001,64,GELU,500,0.311427614711597,0.3496500043019214,0.9748077433041633,1.5575310001149774
128,0.001,64,GELU,1000,0.311427614711597,0.3496500043019214,0.9748077433041633,0.9908949001692235
128,0.001,64,Softmax,50,0.25,0.24660663889262197,0.9732166534075842,1.2702845998574048
128,0.001,64,Softmax,100,0.25,0.24660663889262197,0.9732166534075842,0.594737600069493
128,0.001,64,Softmax,300,0.25,0.24660663889262197,0.9732166534075842,0.5065804999321699
128,0.001,64,Softmax,500,0.25,0.24660663889262197,0.9732166534075842,1.0959363000001758
128,0.001,64,Softmax,1000,0.25,0.24660663889262197,0.9732166534075842,0.6694078999571502
128,0.001,128,ReLU,50,0.2594255509950678,0.26474433433613437,0.9737470167064439,0.7636333000846207
128,0.001,128,ReLU,100,0.2594255509950678,0.26474433433613437,0.9737470167064439,1.29149470012635
128,0.001,128,ReLU,300,0.2594255509950678,0.26474433433613437,0.9737470167064439,0.6955422000028193
128,0.001,128,ReLU,500,0.2594255509950678,0.26474433433613437,0.9737470167064439,1.0508051000069827
128,0.001,128,ReLU,1000,0.2594255509950678,0.26474433433613437,0.9737470167064439,0.7224066001363099
128,0.001,128,Tanh,50,0.29375883834028904,0.3154594811772107,0.9748077433041633,1.2564650001004338
128,0.001,128,Tanh,100,0.29375883834028904,0.3154594811772107,0.9748077433041633,1.04271740000695
128,0.001,128,Tanh,300,0.29375883834028904,0.3154594811772107,0.9748077433041633,0.8399473999161273
128,0.001,128,Tanh,500,0.29375883834028904,0.3154594811772107,0.9748077433041633,1.1747757999692112
128,0.001,128,Tanh,1000,0.29375883834028904,0.3154594811772107,0.9748077433041633,0.9728393000550568
128,0.001,128,Sigmoid,50,0.25,0.24660663889262197,0.9732166534075842,0.7000891999341547
128,0.001,128,Sigmoid,100,0.25,0.24660663889262197,0.9732166534075842,0.40637880004942417
128,0.001,128,Sigmoid,300,0.25,0.24660663889262197,0.9732166534075842,0.7404308000113815
128,0.001,128,Sigmoid,500,0.25,0.24660663889262197,0.9732166534075842,0.6397943000774831
128,0.001,128,Sigmoid,1000,0.25,0.24660663889262197,0.9732166534075842,0.38686980004422367
128,0.001,128,GELU,50,0.2594255509950678,0.26474433433613437,0.9737470167064439,0.924689499894157
128,0.001,128,GELU,100,0.2594255509950678,0.26474433433613437,0.9737470167064439,0.943609100067988
128,0.001,128,GELU,300,0.2594255509950678,0.26474433433613437,0.9737470167064439,1.2349052999634296
128,0.001,128,GELU,500,0.2594255509950678,0.26474433433613437,0.9737470167064439,0.8993967999704182
128,0.001,128,GELU,1000,0.2594255509950678,0.26474433433613437,0.9737470167064439,0.7936174999922514
128,0.001,128,Softmax,50,0.25,0.24660663889262197,0.9732166534075842,0.750412099994719
128,0.001,128,Softmax,100,0.25,0.24660663889262197,0.9732166534075842,0.5246540000662208
128,0.001,128,Softmax,300,0.25,0.24660663889262197,0.9732166534075842,0.470818700036034
128,0.001,128,Softmax,500,0.25,0.24660663889262197,0.9732166534075842,0.7086662999354303
128,0.001,128,Softmax,1000,0.25,0.24660663889262197,0.9732166534075842,0.48173599992878735
128,0.0001,8,ReLU,50,0.24986376021798365,0.24653851324102702,0.9726862901087244,3.0343702000100166
128,0.0001,8,ReLU,100,0.24986376021798365,0.24653851324102702,0.9726862901087244,3.675291100051254
128,0.0001,8,ReLU,300,0.24986376021798365,0.24653851324102702,0.9726862901087244,3.054518499877304
128,0.0001,8,ReLU,500,0.24986376021798365,0.24653851324102702,0.9726862901087244,3.1674818000756204
128,0.0001,8,ReLU,1000,0.24986376021798365,0.24653851324102702,0.9726862901087244,3.0204990000929683
128,0.0001,8,Tanh,50,0.2657546649191184,0.27584135743378946,0.9742773800053036,6.281307499855757
128,0.0001,8,Tanh,100,0.2657546649191184,0.27584135743378946,0.9742773800053036,6.903473700163886
128,0.0001,8,Tanh,300,0.2657546649191184,0.27584135743378946,0.9742773800053036,7.605045299977064
128,0.0001,8,Tanh,500,0.2657546649191184,0.27584135743378946,0.9742773800053036,8.519563500070944
128,0.0001,8,Tanh,1000,0.2657546649191184,0.27584135743378946,0.9742773800053036,8.382299999939278
128,0.0001,8,Sigmoid,50,0.25,0.24660663889262197,0.9732166534075842,4.7203693999908864
128,0.0001,8,Sigmoid,100,0.25,0.24660663889262197,0.9732166534075842,2.7565173998009413
128,0.0001,8,Sigmoid,300,0.25,0.24660663889262197,0.9732166534075842,2.6894828001968563
128,0.0001,8,Sigmoid,500,0.25,0.24660663889262197,0.9732166534075842,4.898184700170532
128,0.0001,8,Sigmoid,1000,0.25,0.24660663889262197,0.9732166534075842,2.840896900044754
128,0.0001,8,GELU,50,0.24986376021798365,0.24653851324102702,0.9726862901087244,3.2124924000818282
128,0.0001,8,GELU,100,0.24986376021798365,0.24653851324102702,0.9726862901087244,4.618813100038096
128,0.0001,8,GELU,300,0.24986376021798365,0.24653851324102702,0.9726862901087244,3.121100799879059
128,0.0001,8,GELU,500,0.24986376021798365,0.24653851324102702,0.9726862901087244,4.986627700040117
128,0.0001,8,GELU,1000,0.24986376021798365,0.24653851324102702,0.9726862901087244,2.9858929000329226
128,0.0001,8,Softmax,50,0.25,0.24660663889262197,0.9732166534075842,3.393241500016302
128,0.0001,8,Softmax,100,0.25,0.24660663889262197,0.9732166534075842,4.614942600019276
128,0.0001,8,Softmax,300,0.25,0.24660663889262197,0.9732166534075842,2.7567249999847263
128,0.0001,8,Softmax,500,0.25,0.24660663889262197,0.9732166534075842,5.136752200080082
128,0.0001,8,Softmax,1000,0.25,0.24660663889262197,0.9732166534075842,2.945171599974856
128,0.0001,16,ReLU,50,0.24993188010899184,0.2465725806451613,0.9729514717581543,1.3880139000248164
128,0.0001,16,ReLU,100,0.24993188010899184,0.2465725806451613,0.9729514717581543,1.4795092998538166
128,0.0001,16,ReLU,300,0.24993188010899184,0.2465725806451613,0.9729514717581543,2.942944800015539
128,0.0001,16,ReLU,500,0.24993188010899184,0.2465725806451613,0.9729514717581543,2.820950699970126
128,0.0001,16,ReLU,1000,0.24993188010899184,0.2465725806451613,0.9729514717581543,1.80518879997544
128,0.0001,16,Tanh,50,0.24959128065395095,0.24640215198386012,0.971625563511005,1.4923190001863986
128,0.0001,16,Tanh,100,0.24959128065395095,0.24640215198386012,0.971625563511005,1.3626959000248462
128,0.0001,16,Tanh,300,0.24959128065395095,0.24640215198386012,0.971625563511005,2.5268924001138657
128,0.0001,16,Tanh,500,0.24959128065395095,0.24640215198386012,0.971625563511005,3.2699353001080453
128,0.0001,16,Tanh,1000,0.24959128065395095,0.24640215198386012,0.971625563511005,2.4999161998275667
128,0.0001,16,Sigmoid,50,0.25,0.24660663889262197,0.9732166534075842,1.6384182998444885
128,0.0001,16,Sigmoid,100,0.25,0.24660663889262197,0.9732166534075842,1.4845589001197368
128,0.0001,16,Sigmoid,300,0.25,0.24660663889262197,0.9732166534075842,2.2957504999358207
128,0.0001,16,Sigmoid,500,0.25,0.24660663889262197,0.9732166534075842,2.899066099897027
128,0.0001,16,Sigmoid,1000,0.25,0.24660663889262197,0.9732166534075842,2.5875731001142412
128,0.0001,16,GELU,50,0.24993188010899184,0.2465725806451613,0.9729514717581543,1.8262249999679625
128,0.0001,16,GELU,100,0.24993188010899184,0.2465725806451613,0.9729514717581543,1.6420796001330018
128,0.0001,16,GELU,300,0.24993188010899184,0.2465725806451613,0.9729514717581543,1.5479258000850677
128,0.0001,16,GELU,500,0.24993188010899184,0.2465725806451613,0.9729514717581543,3.1844048001803458
128,0.0001,16,GELU,1000,0.24993188010899184,0.2465725806451613,0.9729514717581543,3.028108300175518
128,0.0001,16,Softmax,50,0.25,0.24660663889262197,0.9732166534075842,2.163045800058171
128,0.0001,16,Softmax,100,0.25,0.24660663889262197,0.9732166534075842,1.655557099962607
128,0.0001,16,Softmax,300,0.25,0.24660663889262197,0.9732166534075842,1.3082393000368029
128,0.0001,16,Softmax,500,0.25,0.24660663889262197,0.9732166534075842,1.232421999797225
128,0.0001,16,Softmax,1000,0.25,0.24660663889262197,0.9732166534075842,2.435551800066605
128,0.0001,32,ReLU,50,0.24993188010899184,0.2465725806451613,0.9729514717581543,2.0014434000477195
128,0.0001,32,ReLU,100,0.24993188010899184,0.2465725806451613,0.9729514717581543,2.044099299935624
128,0.0001,32,ReLU,300,0.24993188010899184,0.2465725806451613,0.9729514717581543,1.7170340998563915
128,0.0001,32,ReLU,500,0.24993188010899184,0.2465725806451613,0.9729514717581543,1.4378565999213606
128,0.0001,32,ReLU,1000,0.24993188010899184,0.2465725806451613,0.9729514717581543,1.1755872999783605
128,0.0001,32,Tanh,50,0.24965940054495914,0.24643625605164066,0.9718907451604349,1.0745325000025332
128,0.0001,32,Tanh,100,0.24965940054495914,0.24643625605164066,0.9718907451604349,1.0072296001017094
128,0.0001,32,Tanh,300,0.24965940054495914,0.24643625605164066,0.9718907451604349,1.8384468001313508
128,0.0001,32,Tanh,500,0.24965940054495914,0.24643625605164066,0.9718907451604349,1.9578108999412507
128,0.0001,32,Tanh,1000,0.24965940054495914,0.24643625605164066,0.9718907451604349,1.8224315999541432
128,0.0001,32,Sigmoid,50,0.25,0.24660663889262197,0.9732166534075842,1.4883693000301719
128,0.0001,32,Sigmoid,100,0.25,0.24660663889262197,0.9732166534075842,1.3619419999886304
128,0.0001,32,Sigmoid,300,0.25,0.24660663889262197,0.9732166534075842,0.9762612998019904
128,0.0001,32,Sigmoid,500,0.25,0.24660663889262197,0.9732166534075842,0.9682394000701606
128,0.0001,32,Sigmoid,1000,0.25,0.24660663889262197,0.9732166534075842,1.1695383000187576
128,0.0001,32,GELU,50,0.24993188010899184,0.2465725806451613,0.9729514717581543,2.1970106000080705
128,0.0001,32,GELU,100,0.24993188010899184,0.2465725806451613,0.9729514717581543,1.9462109000887722
128,0.0001,32,GELU,300,0.24993188010899184,0.2465725806451613,0.9729514717581543,1.4796050998847932
128,0.0001,32,GELU,500,0.24993188010899184,0.2465725806451613,0.9729514717581543,1.151795599842444
128,0.0001,32,GELU,1000,0.24993188010899184,0.2465725806451613,0.9729514717581543,1.0272766000125557
128,0.0001,32,Softmax,50,0.25,0.24660663889262197,0.9732166534075842,1.011818600120023
128,0.0001,32,Softmax,100,0.25,0.24660663889262197,0.9732166534075842,1.7929461000021547
128,0.0001,32,Softmax,300,0.25,0.24660663889262197,0.9732166534075842,1.888243599794805
128,0.0001,32,Softmax,500,0.25,0.24660663889262197,0.9732166534075842,1.558176300022751
128,0.0001,32,Softmax,1000,0.25,0.24660663889262197,0.9732166534075842,1.174364399863407
128,0.0001,64,ReLU,50,0.2497275204359673,0.24647035094796288,0.9721559268098647,0.8410023001488298
128,0.0001,64,ReLU,100,0.2497275204359673,0.24647035094796288,0.9721559268098647,0.8064755999948829
128,0.0001,64,ReLU,300,0.2497275204359673,0.24647035094796288,0.9721559268098647,0.761839599814266
128,0.0001,64,ReLU,500,0.2497275204359673,0.24647035094796288,0.9721559268098647,1.2565673999488354
128,0.0001,64,ReLU,1000,0.2497275204359673,0.24647035094796288,0.9721559268098647,1.61933539994061
128,0.0001,64,Tanh,50,0.24959128065395095,0.24640215198386012,0.971625563511005,1.6069600000046194
128,0.0001,64,Tanh,100,0.24959128065395095,0.24640215198386012,0.971625563511005,1.203803800046444
128,0.0001,64,Tanh,300,0.24959128065395095,0.24640215198386012,0.971625563511005,0.8946171998977661
128,0.0001,64,Tanh,500,0.24959128065395095,0.24640215198386012,0.971625563511005,0.8114475999027491
128,0.0001,64,Tanh,1000,0.24959128065395095,0.24640215198386012,0.971625563511005,0.7776369999628514
128,0.0001,64,Sigmoid,50,0.25,0.24660663889262197,0.9732166534075842,0.6171154999174178
128,0.0001,64,Sigmoid,100,0.25,0.24660663889262197,0.9732166534075842,0.5522007998079062
128,0.0001,64,Sigmoid,300,0.25,0.24660663889262197,0.9732166534075842,1.22845199983567
128,0.0001,64,Sigmoid,500,0.25,0.24660663889262197,0.9732166534075842,1.3179117999970913
128,0.0001,64,Sigmoid,1000,0.25,0.24660663889262197,0.9732166534075842,1.3817663001827896
128,0.0001,64,GELU,50,0.2497275204359673,0.24647035094796288,0.9721559268098647,1.2853629998862743
128,0.0001,64,GELU,100,0.2497275204359673,0.24647035094796288,0.9721559268098647,1.118225600104779
128,0.0001,64,GELU,300,0.2497275204359673,0.24647035094796288,0.9721559268098647,0.9648241999093443
128,0.0001,64,GELU,500,0.2497275204359673,0.24647035094796288,0.9721559268098647,0.8670898000709713
128,0.0001,64,GELU,1000,0.2497275204359673,0.24647035094796288,0.9721559268098647,0.7568519001360983
128,0.0001,64,Softmax,50,0.25,0.24660663889262197,0.9732166534075842,1.1678651999682188
128,0.0001,64,Softmax,100,0.25,0.24660663889262197,0.9732166534075842,1.3926874999888241
128,0.0001,64,Softmax,300,0.25,0.24660663889262197,0.9732166534075842,1.5179616999812424
128,0.0001,64,Softmax,500,0.25,0.24660663889262197,0.9732166534075842,1.4305592000018805
128,0.0001,64,Softmax,1000,0.25,0.24660663889262197,0.9732166534075842,0.7596056999173015
128,0.0001,128,ReLU,50,0.24965940054495914,0.24643625605164066,0.9718907451604349,0.8323399000801146
128,0.0001,128,ReLU,100,0.24965940054495914,0.24643625605164066,0.9718907451604349,0.791370099876076
128,0.0001,128,ReLU,300,0.24965940054495914,0.24643625605164066,0.9718907451604349,0.7807612998876721
128,0.0001,128,ReLU,500,0.24965940054495914,0.24643625605164066,0.9718907451604349,0.7260349998250604
128,0.0001,128,ReLU,1000,0.24965940054495914,0.24643625605164066,0.9718907451604349,1.4588385000824928
128,0.0001,128,Tanh,50,0.24959128065395095,0.24640215198386012,0.971625563511005,1.4646713000256568
128,0.0001,128,Tanh,100,0.24959128065395095,0.24640215198386012,0.971625563511005,1.5638151001185179
128,0.0001,128,Tanh,300,0.24959128065395095,0.24640215198386012,0.971625563511005,1.2527801000978798
128,0.0001,128,Tanh,500,0.24959128065395095,0.24640215198386012,0.971625563511005,1.189770800061524
128,0.0001,128,Tanh,1000,0.24959128065395095,0.24640215198386012,0.971625563511005,0.9736287998966873
128,0.0001,128,Sigmoid,50,0.25,0.24660663889262197,0.9732166534075842,0.6847194000147283
128,0.0001,128,Sigmoid,100,0.25,0.24660663889262197,0.9732166534075842,0.5653880999889225
128,0.0001,128,Sigmoid,300,0.25,0.24660663889262197,0.9732166534075842,0.5960077999625355
128,0.0001,128,Sigmoid,500,0.25,0.24660663889262197,0.9732166534075842,0.5449433999601752
128,0.0001,128,Sigmoid,1000,0.25,0.24660663889262197,0.9732166534075842,0.49737400002777576
128,0.0001,128,GELU,50,0.24965940054495914,0.24643625605164066,0.9718907451604349,0.6570587998721749
128,0.0001,128,GELU,100,0.24965940054495914,0.24643625605164066,0.9718907451604349,0.6037764998618513
128,0.0001,128,GELU,300,0.24965940054495914,0.24643625605164066,0.9718907451604349,0.7191444002091885
128,0.0001,128,GELU,500,0.24965940054495914,0.24643625605164066,0.9718907451604349,1.4009546001907438
128,0.0001,128,GELU,1000,0.24965940054495914,0.24643625605164066,0.9718907451604349,1.6515498000662774
128,0.0001,128,Softmax,50,0.25,0.24660663889262197,0.9732166534075842,1.3643684999551624
128,0.0001,128,Softmax,100,0.25,0.24660663889262197,0.9732166534075842,0.9742686001118273
128,0.0001,128,Softmax,300,0.25,0.24660663889262197,0.9732166534075842,0.9453926999121904
128,0.0001,128,Softmax,500,0.25,0.24660663889262197,0.9732166534075842,0.8207781999371946
128,0.0001,128,Softmax,1000,0.25,0.24660663889262197,0.9732166534075842,0.8776798998005688
128,0.00025,8,ReLU,50,0.32092128559767297,0.3623165101924374,0.9756032882524529,7.174156399909407
128,0.00025,8,ReLU,100,0.32092128559767297,0.3623165101924374,0.9756032882524529,7.02213880000636
128,0.00025,8,ReLU,300,0.32092128559767297,0.3623165101924374,0.9756032882524529,7.460227100178599
128,0.00025,8,ReLU,500,0.32092128559767297,0.3623165101924374,0.9756032882524529,6.142617099918425
128,0.00025,8,ReLU,1000,0.32092128559767297,0.3623165101924374,0.9756032882524529,8.454063400160521
128,0.00025,8,Tanh,50,0.3325334276089631,0.3854406324923956,0.9761336515513126,6.526133600156754
128,0.00025,8,Tanh,100,0.3325334276089631,0.3854406324923956,0.9761336515513126,7.530155600048602
128,0.00025,8,Tanh,300,0.3325334276089631,0.3854406324923956,0.9761336515513126,6.0007990000303835
128,0.00025,8,Tanh,500,0.3325334276089631,0.3854406324923956,0.9761336515513126,6.175770999863744
128,0.00025,8,Tanh,1000,0.3325334276089631,0.3854406324923956,0.9761336515513126,6.037173800170422
128,0.00025,8,Sigmoid,50,0.25,0.24660663889262197,0.9732166534075842,3.6309648000169545
128,0.00025,8,Sigmoid,100,0.25,0.24660663889262197,0.9732166534075842,2.8376724999397993
128,0.00025,8,Sigmoid,300,0.25,0.24660663889262197,0.9732166534075842,4.466368899913505
128,0.00025,8,Sigmoid,500,0.25,0.24660663889262197,0.9732166534075842,3.7711943998001516
128,0.00025,8,Sigmoid,1000,0.25,0.24660663889262197,0.9732166534075842,3.374397899955511
128,0.00025,8,GELU,50,0.32092128559767297,0.3623165101924374,0.9756032882524529,8.126909899991006
128,0.00025,8,GELU,100,0.32092128559767297,0.3623165101924374,0.9756032882524529,6.615667299833149
128,0.00025,8,GELU,300,0.32092128559767297,0.3623165101924374,0.9756032882524529,6.692868100013584
128,0.00025,8,GELU,500,0.32092128559767297,0.3623165101924374,0.9756032882524529,6.554922099923715
128,0.00025,8,GELU,1000,0.32092128559767297,0.3623165101924374,0.9756032882524529,6.322977100033313
128,0.00025,8,Softmax,50,0.25,0.24660663889262197,0.9732166534075842,3.5191244001034647
128,0.00025,8,Softmax,100,0.25,0.24660663889262197,0.9732166534075842,3.8783299999777228
128,0.00025,8,Softmax,300,0.25,0.24660663889262197,0.9732166534075842,2.750654200091958
128,0.00025,8,Softmax,500,0.25,0.24660663889262197,0.9732166534075842,3.8581300999503583
128,0.00025,8,Softmax,1000,0.25,0.24660663889262197,0.9732166534075842,3.484261800069362
128,0.00025,16,ReLU,50,0.2656184251371021,0.27511253547313824,0.9737470167064439,3.701397400116548
128,0.00025,16,ReLU,100,0.2656184251371021,0.27511253547313824,0.9737470167064439,4.604251699987799
128,0.00025,16,ReLU,300,0.2656184251371021,0.27511253547313824,0.9737470167064439,4.0194282999727875
128,0.00025,16,ReLU,500,0.2656184251371021,0.27511253547313824,0.9737470167064439,3.6039155998732895
128,0.00025,16,ReLU,1000,0.2656184251371021,0.27511253547313824,0.9737470167064439,4.437739699846134
128,0.00025,16,Tanh,50,0.3116319743846216,0.35172244449488566,0.9756032882524529,4.515142399817705
128,0.00025,16,Tanh,100,0.3116319743846216,0.35172244449488566,0.9756032882524529,3.0559869001153857
128,0.00025,16,Tanh,300,0.3116319743846216,0.35172244449488566,0.9756032882524529,4.582208799896762
128,0.00025,16,Tanh,500,0.3116319743846216,0.35172244449488566,0.9756032882524529,3.8429040000773966
128,0.00025,16,Tanh,1000,0.3116319743846216,0.35172244449488566,0.9756032882524529,3.23890469991602
128,0.00025,16,Sigmoid,50,0.25,0.24660663889262197,0.9732166534075842,2.0492300000041723
128,0.00025,16,Sigmoid,100,0.25,0.24660663889262197,0.9732166534075842,2.5601451999973506
128,0.00025,16,Sigmoid,300,0.25,0.24660663889262197,0.9732166534075842,1.577033300185576
128,0.00025,16,Sigmoid,500,0.25,0.24660663889262197,0.9732166534075842,1.5660373999271542
128,0.00025,16,Sigmoid,1000,0.25,0.24660663889262197,0.9732166534075842,2.4824413000606
128,0.00025,16,GELU,50,0.2656184251371021,0.27511253547313824,0.9737470167064439,3.887239000061527
128,0.00025,16,GELU,100,0.2656184251371021,0.27511253547313824,0.9737470167064439,3.5008176998235285
128,0.00025,16,GELU,300,0.2656184251371021,0.27511253547313824,0.9737470167064439,3.5106313000433147
128,0.00025,16,GELU,500,0.2656184251371021,0.27511253547313824,0.9737470167064439,4.608224500203505
128,0.00025,16,GELU,1000,0.2656184251371021,0.27511253547313824,0.9737470167064439,4.351901700021699
128,0.00025,16,Softmax,50,0.25,0.24660663889262197,0.9732166534075842,1.8502690999303013
128,0.00025,16,Softmax,100,0.25,0.24660663889262197,0.9732166534075842,1.9614255998749286
128,0.00025,16,Softmax,300,0.25,0.24660663889262197,0.9732166534075842,1.461533599998802
128,0.00025,16,Softmax,500,0.25,0.24660663889262197,0.9732166534075842,2.264772200025618
128,0.00025,16,Softmax,1000,0.25,0.24660663889262197,0.9732166534075842,1.2619054999668151
128,0.00025,32,ReLU,50,0.25,0.24660663889262197,0.9732166534075842,1.8230508000124246
128,0.00025,32,ReLU,100,0.25,0.24660663889262197,0.9732166534075842,1.1521392001304775
128,0.00025,32,ReLU,300,0.25,0.24660663889262197,0.9732166534075842,0.9879523999989033
128,0.00025,32,ReLU,500,0.25,0.24660663889262197,0.9732166534075842,1.8944216999225318
128,0.00025,32,ReLU,1000,0.25,0.24660663889262197,0.9732166534075842,1.405205100076273
128,0.00025,32,Tanh,50,0.26885110199013557,0.2808616302965065,0.9742773800053036,2.6633804999291897
128,0.00025,32,Tanh,100,0.26885110199013557,0.2808616302965065,0.9742773800053036,1.9979796998668462
128,0.00025,32,Tanh,300,0.26885110199013557,0.2808616302965065,0.9742773800053036,2.460351499961689
128,0.00025,32,Tanh,500,0.26885110199013557,0.2808616302965065,0.9742773800053036,2.1367715999949723
128,0.00025,32,Tanh,1000,0.26885110199013557,0.2808616302965065,0.9742773800053036,2.5840520998463035
128,0.00025,32,Sigmoid,50,0.25,0.24660663889262197,0.9732166534075842,1.329197899904102
128,0.00025,32,Sigmoid,100,0.25,0.24660663889262197,0.9732166534075842,0.8536999998614192
128,0.00025,32,Sigmoid,300,0.25,0.24660663889262197,0.9732166534075842,0.7511430000886321
128,0.00025,32,Sigmoid,500,0.25,0.24660663889262197,0.9732166534075842,1.7202051999047399
128,0.00025,32,Sigmoid,1000,0.25,0.24660663889262197,0.9732166534075842,1.278708399971947
128,0.00025,32,GELU,50,0.25,0.24660663889262197,0.9732166534075842,0.8472323000896722
128,0.00025,32,GELU,100,0.25,0.24660663889262197,0.9732166534075842,0.8900567998643965
128,0.00025,32,GELU,300,0.25,0.24660663889262197,0.9732166534075842,0.9798912999685854
128,0.00025,32,GELU,500,0.25,0.24660663889262197,0.9732166534075842,1.59738830011338
128,0.00025,32,GELU,1000,0.25,0.24660663889262197,0.9732166534075842,0.9252921000588685
128,0.00025,32,Softmax,50,0.25,0.24660663889262197,0.9732166534075842,1.2567978000734001
128,0.00025,32,Softmax,100,0.25,0.24660663889262197,0.9732166534075842,1.4136755000799894
128,0.00025,32,Softmax,300,0.25,0.24660663889262197,0.9732166534075842,0.829393699998036
128,0.00025,32,Softmax,500,0.25,0.24660663889262197,0.9732166534075842,0.915260500041768
128,0.00025,32,Softmax,1000,0.25,0.24660663889262197,0.9732166534075842,1.7570291000884026
128,0.00025,64,ReLU,50,0.24993188010899184,0.2465725806451613,0.9729514717581543,0.6048056001309305
128,0.00025,64,ReLU,100,0.24993188010899184,0.2465725806451613,0.9729514717581543,0.5994038998614997
128,0.00025,64,ReLU,300,0.24993188010899184,0.2465725806451613,0.9729514717581543,1.439837699988857
128,0.00025,64,ReLU,500,0.24993188010899184,0.2465725806451613,0.9729514717581543,0.9533436000347137
128,0.00025,64,ReLU,1000,0.24993188010899184,0.2465725806451613,0.9729514717581543,0.6475223999004811
128,0.00025,64,Tanh,50,0.24965940054495914,0.24643625605164066,0.9718907451604349,0.6386737998109311
128,0.00025,64,Tanh,100,0.24965940054495914,0.24643625605164066,0.9718907451604349,1.230113600147888
128,0.00025,64,Tanh,300,0.24965940054495914,0.24643625605164066,0.9718907451604349,0.8951002999674529
128,0.00025,64,Tanh,500,0.24965940054495914,0.24643625605164066,0.9718907451604349,0.581176099833101
128,0.00025,64,Tanh,1000,0.24965940054495914,0.24643625605164066,0.9718907451604349,0.4892482999712229
128,0.00025,64,Sigmoid,50,0.25,0.24660663889262197,0.9732166534075842,0.9839559001848102
128,0.00025,64,Sigmoid,100,0.25,0.24660663889262197,0.9732166534075842,1.0874426998198032
128,0.00025,64,Sigmoid,300,0.25,0.24660663889262197,0.9732166534075842,0.9582056999206543
128,0.00025,64,Sigmoid,500,0.25,0.24660663889262197,0.9732166534075842,0.6196295998524874
128,0.00025,64,Sigmoid,1000,0.25,0.24660663889262197,0.9732166534075842,0.6160652001854032
128,0.00025,64,GELU,50,0.24993188010899184,0.2465725806451613,0.9729514717581543,0.6252152000088245
128,0.00025,64,GELU,100,0.24993188010899184,0.2465725806451613,0.9729514717581543,1.2314766000490636
128,0.00025,64,GELU,300,0.24993188010899184,0.2465725806451613,0.9729514717581543,1.181313900044188
128,0.00025,64,GELU,500,0.24993188010899184,0.2465725806451613,0.9729514717581543,0.73547019995749
128,0.00025,64,GELU,1000,0.24993188010899184,0.2465725806451613,0.9729514717581543,0.642423199955374
128,0.00025,64,Softmax,50,0.25,0.24660663889262197,0.9732166534075842,0.6285799001343548
128,0.00025,64,Softmax,100,0.25,0.24660663889262197,0.9732166534075842,0.5237859000917524
128,0.00025,64,Softmax,300,0.25,0.24660663889262197,0.9732166534075842,1.104053899878636
128,0.00025,64,Softmax,500,0.25,0.24660663889262197,0.9732166534075842,1.1280491000507027
128,0.00025,64,Softmax,1000,0.25,0.24660663889262197,0.9732166534075842,1.092655000044033
128,0.00025,128,ReLU,50,0.24965940054495914,0.24643625605164066,0.9718907451604349,0.512590300058946
128,0.00025,128,ReLU,100,0.24965940054495914,0.24643625605164066,0.9718907451604349,0.48131880001164973
128,0.00025,128,ReLU,300,0.24965940054495914,0.24643625605164066,0.9718907451604349,0.5650901000481099
128,0.00025,128,ReLU,500,0.24965940054495914,0.24643625605164066,0.9718907451604349,0.4698023998644203
128,0.00025,128,ReLU,1000,0.24965940054495914,0.24643625605164066,0.9718907451604349,1.0643415998201817
128,0.00025,128,Tanh,50,0.24959128065395095,0.24640215198386012,0.971625563511005,1.0130944000557065
128,0.00025,128,Tanh,100,0.24959128065395095,0.24640215198386012,0.971625563511005,0.8536658000666648
128,0.00025,128,Tanh,300,0.24959128065395095,0.24640215198386012,0.971625563511005,0.4923025001771748
128,0.00025,128,Tanh,500,0.24959128065395095,0.24640215198386012,0.971625563511005,0.48110629990696907
128,0.00025,128,Tanh,1000,0.24959128065395095,0.24640215198386012,0.971625563511005,0.5400787000544369
128,0.00025,128,Sigmoid,50,0.25,0.24660663889262197,0.9732166534075842,0.43879470019601285
128,0.00025,128,Sigmoid,100,0.25,0.24660663889262197,0.9732166534075842,0.7015581000596285
128,0.00025,128,Sigmoid,300,0.25,0.24660663889262197,0.9732166534075842,1.0095083999913186
128,0.00025,128,Sigmoid,500,0.25,0.24660663889262197,0.9732166534075842,0.9331254998687655
128,0.00025,128,Sigmoid,1000,0.25,0.24660663889262197,0.9732166534075842,0.6824904000386596
128,0.00025,128,GELU,50,0.24965940054495914,0.24643625605164066,0.9718907451604349,0.5030930999200791
128,0.00025,128,GELU,100,0.24965940054495914,0.24643625605164066,0.9718907451604349,0.5258786000777036
128,0.00025,128,GELU,300,0.24965940054495914,0.24643625605164066,0.9718907451604349,0.5354394000023603
128,0.00025,128,GELU,500,0.24965940054495914,0.24643625605164066,0.9718907451604349,0.4481699999887496
128,0.00025,128,GELU,1000,0.24965940054495914,0.24643625605164066,0.9718907451604349,0.4575857000891119
128,0.00025,128,Softmax,50,0.25,0.24660663889262197,0.9732166534075842,1.1313625001348555
128,0.00025,128,Softmax,100,0.25,0.24660663889262197,0.9732166534075842,0.7720542000606656
128,0.00025,128,Softmax,300,0.25,0.24660663889262197,0.9732166534075842,0.45202680001966655
128,0.00025,128,Softmax,500,0.25,0.24660663889262197,0.9732166534075842,0.4799895000178367
128,0.00025,128,Softmax,1000,0.25,0.24660663889262197,0.9732166534075842,0.9224481999408454
