Hidden_Neurons,Learning_Rate,Batch_Size,Activation_Function,Epochs,Balanced_Accuracy,Macro F1 Score,Accuracy,Time(s)
8,0.01,8,ReLU,50,0.5499884553220965,0.5455840455840456,0.5606060606060606,0.22266460000537336
8,0.01,8,ReLU,100,0.5499884553220965,0.5455840455840456,0.5606060606060606,0.28638189984485507
8,0.01,8,ReLU,300,0.5499884553220965,0.5455840455840456,0.5606060606060606,0.21992979990318418
8,0.01,8,ReLU,500,0.5499884553220965,0.5455840455840456,0.5606060606060606,0.22477980004623532
8,0.01,8,ReLU,1000,0.5499884553220965,0.5455840455840456,0.5606060606060606,0.2358830999583006
8,0.01,8,Tanh,50,0.6753636573539599,0.6757894736842105,0.6818181818181818,0.228978400118649
8,0.01,8,Tanh,100,0.6753636573539599,0.6757894736842105,0.6818181818181818,0.21359600010327995
8,0.01,8,Tanh,300,0.6753636573539599,0.6757894736842105,0.6818181818181818,0.24361400003544986
8,0.01,8,Tanh,500,0.6753636573539599,0.6757894736842105,0.6818181818181818,0.2554939999245107
8,0.01,8,Tanh,1000,0.6753636573539599,0.6757894736842105,0.6818181818181818,0.21072869980707765
8,0.01,8,Sigmoid,50,0.6262987762641422,0.6135783245094986,0.6439393939393939,0.22374440007843077
8,0.01,8,Sigmoid,100,0.6262987762641422,0.6135783245094986,0.6439393939393939,0.21803530002944171
8,0.01,8,Sigmoid,300,0.6262987762641422,0.6135783245094986,0.6439393939393939,0.2065831001382321
8,0.01,8,Sigmoid,500,0.6262987762641422,0.6135783245094986,0.6439393939393939,0.19665380008518696
8,0.01,8,Sigmoid,1000,0.6262987762641422,0.6135783245094986,0.6439393939393939,0.22166400006972253
8,0.01,8,GELU,50,0.5499884553220965,0.5455840455840456,0.5606060606060606,0.19430699991062284
8,0.01,8,GELU,100,0.5499884553220965,0.5455840455840456,0.5606060606060606,0.17779819993302226
8,0.01,8,GELU,300,0.5499884553220965,0.5455840455840456,0.5606060606060606,0.16967119998298585
8,0.01,8,GELU,500,0.5499884553220965,0.5455840455840456,0.5606060606060606,0.14721990004181862
8,0.01,8,GELU,1000,0.5499884553220965,0.5455840455840456,0.5606060606060606,0.14850650005973876
8,0.01,8,Softmax,50,0.6262987762641422,0.6135783245094986,0.6439393939393939,0.19320620014332235
8,0.01,8,Softmax,100,0.6262987762641422,0.6135783245094986,0.6439393939393939,0.20089580002240837
8,0.01,8,Softmax,300,0.6262987762641422,0.6135783245094986,0.6439393939393939,0.1989299999549985
8,0.01,8,Softmax,500,0.6262987762641422,0.6135783245094986,0.6439393939393939,0.2050650001037866
8,0.01,8,Softmax,1000,0.6262987762641422,0.6135783245094986,0.6439393939393939,0.21422399999573827
8,0.01,16,ReLU,50,0.5558762410528746,0.5493261455525607,0.5681818181818182,0.16660859994590282
8,0.01,16,ReLU,100,0.5558762410528746,0.5493261455525607,0.5681818181818182,0.17776580015197396
8,0.01,16,ReLU,300,0.5558762410528746,0.5493261455525607,0.5681818181818182,0.18745679990388453
8,0.01,16,ReLU,500,0.5558762410528746,0.5493261455525607,0.5681818181818182,0.16722749988548458
8,0.01,16,ReLU,1000,0.5558762410528746,0.5493261455525607,0.5681818181818182,0.14578709984198213
8,0.01,16,Tanh,50,0.6168321403832833,0.6125786163522012,0.6287878787878788,0.10358719993382692
8,0.01,16,Tanh,100,0.6168321403832833,0.6125786163522012,0.6287878787878788,0.12022769986651838
8,0.01,16,Tanh,300,0.6168321403832833,0.6125786163522012,0.6287878787878788,0.10036140005104244
8,0.01,16,Tanh,500,0.6168321403832833,0.6125786163522012,0.6287878787878788,0.11369900009594858
8,0.01,16,Tanh,1000,0.6168321403832833,0.6125786163522012,0.6287878787878788,0.13382180011831224
8,0.01,16,Sigmoid,50,0.5093511891018241,0.38125,0.5454545454545454,0.128525200067088
8,0.01,16,Sigmoid,100,0.5093511891018241,0.38125,0.5454545454545454,0.10629749996587634
8,0.01,16,Sigmoid,300,0.5093511891018241,0.38125,0.5454545454545454,0.11168069997802377
8,0.01,16,Sigmoid,500,0.5093511891018241,0.38125,0.5454545454545454,0.09975300007499754
8,0.01,16,Sigmoid,1000,0.5093511891018241,0.38125,0.5454545454545454,0.10082459985278547
8,0.01,16,GELU,50,0.5558762410528746,0.5493261455525607,0.5681818181818182,0.15389439999125898
8,0.01,16,GELU,100,0.5558762410528746,0.5493261455525607,0.5681818181818182,0.15552290016785264
8,0.01,16,GELU,300,0.5558762410528746,0.5493261455525607,0.5681818181818182,0.14706390001811087
8,0.01,16,GELU,500,0.5558762410528746,0.5493261455525607,0.5681818181818182,0.1884714001789689
8,0.01,16,GELU,1000,0.5558762410528746,0.5493261455525607,0.5681818181818182,0.14817100018262863
8,0.01,16,Softmax,50,0.5093511891018241,0.38125,0.5454545454545454,0.10312739992514253
8,0.01,16,Softmax,100,0.5093511891018241,0.38125,0.5454545454545454,0.11564840003848076
8,0.01,16,Softmax,300,0.5093511891018241,0.38125,0.5454545454545454,0.12287329998798668
8,0.01,16,Softmax,500,0.5093511891018241,0.38125,0.5454545454545454,0.1138446000404656
8,0.01,16,Softmax,1000,0.5093511891018241,0.38125,0.5454545454545454,0.09933869983069599
8,0.01,32,ReLU,50,0.5430616485800046,0.5252976190476191,0.5606060606060606,0.09198220004327595
8,0.01,32,ReLU,100,0.5430616485800046,0.5252976190476191,0.5606060606060606,0.07796429982408881
8,0.01,32,ReLU,300,0.5430616485800046,0.5252976190476191,0.5606060606060606,0.08342080004513264
8,0.01,32,ReLU,500,0.5430616485800046,0.5252976190476191,0.5606060606060606,0.07209949987009168
8,0.01,32,ReLU,1000,0.5430616485800046,0.5252976190476191,0.5606060606060606,0.09206279995851219
8,0.01,32,Tanh,50,0.5781574694066036,0.5716346153846154,0.5909090909090909,0.07275930000469089
8,0.01,32,Tanh,100,0.5781574694066036,0.5716346153846154,0.5909090909090909,0.07215639995411038
8,0.01,32,Tanh,300,0.5781574694066036,0.5716346153846154,0.5909090909090909,0.057642800034955144
8,0.01,32,Tanh,500,0.5781574694066036,0.5716346153846154,0.5909090909090909,0.06959840003401041
8,0.01,32,Tanh,1000,0.5781574694066036,0.5716346153846154,0.5909090909090909,0.07072289986535907
8,0.01,32,Sigmoid,50,0.5105056568921728,0.393939393939394,0.5454545454545454,0.07234869990497828
8,0.01,32,Sigmoid,100,0.5105056568921728,0.393939393939394,0.5454545454545454,0.082032399950549
8,0.01,32,Sigmoid,300,0.5105056568921728,0.393939393939394,0.5454545454545454,0.09647160000167787
8,0.01,32,Sigmoid,500,0.5105056568921728,0.393939393939394,0.5454545454545454,0.07087880000472069
8,0.01,32,Sigmoid,1000,0.5105056568921728,0.393939393939394,0.5454545454545454,0.07053179992362857
8,0.01,32,GELU,50,0.5430616485800046,0.5252976190476191,0.5606060606060606,0.07888679997995496
8,0.01,32,GELU,100,0.5430616485800046,0.5252976190476191,0.5606060606060606,0.10022070002742112
8,0.01,32,GELU,300,0.5430616485800046,0.5252976190476191,0.5606060606060606,0.08256879984401166
8,0.01,32,GELU,500,0.5430616485800046,0.5252976190476191,0.5606060606060606,0.10388919990509748
8,0.01,32,GELU,1000,0.5430616485800046,0.5252976190476191,0.5606060606060606,0.07926269993185997
8,0.01,32,Softmax,50,0.5105056568921728,0.393939393939394,0.5454545454545454,0.0717714000493288
8,0.01,32,Softmax,100,0.5105056568921728,0.393939393939394,0.5454545454545454,0.0818128997925669
8,0.01,32,Softmax,300,0.5105056568921728,0.393939393939394,0.5454545454545454,0.07918430003337562
8,0.01,32,Softmax,500,0.5105056568921728,0.393939393939394,0.5454545454545454,0.07093159994110465
8,0.01,32,Softmax,1000,0.5105056568921728,0.393939393939394,0.5454545454545454,0.0680876998230815
8,0.01,64,ReLU,50,0.4987300854306165,0.40798611111111116,0.5303030303030303,0.06148950010538101
8,0.01,64,ReLU,100,0.4987300854306165,0.40798611111111116,0.5303030303030303,0.05901980004273355
8,0.01,64,ReLU,300,0.4987300854306165,0.40798611111111116,0.5303030303030303,0.05778549984097481
8,0.01,64,ReLU,500,0.4987300854306165,0.40798611111111116,0.5303030303030303,0.07238760008476675
8,0.01,64,ReLU,1000,0.4987300854306165,0.40798611111111116,0.5303030303030303,0.05826100008562207
8,0.01,64,Tanh,50,0.5746940660355576,0.5618391935087288,0.5909090909090909,0.06280969991348684
8,0.01,64,Tanh,100,0.5746940660355576,0.5618391935087288,0.5909090909090909,0.07478290004655719
8,0.01,64,Tanh,300,0.5746940660355576,0.5618391935087288,0.5909090909090909,0.07607819978147745
8,0.01,64,Tanh,500,0.5746940660355576,0.5618391935087288,0.5909090909090909,0.06532369996421039
8,0.01,64,Tanh,1000,0.5746940660355576,0.5618391935087288,0.5909090909090909,0.07187829981558025
8,0.01,64,Sigmoid,50,0.5187023782036482,0.4099552996439124,0.553030303030303,0.06378489988856018
8,0.01,64,Sigmoid,100,0.5187023782036482,0.4099552996439124,0.553030303030303,0.06319939997047186
8,0.01,64,Sigmoid,300,0.5187023782036482,0.4099552996439124,0.553030303030303,0.062454599887132645
8,0.01,64,Sigmoid,500,0.5187023782036482,0.4099552996439124,0.553030303030303,0.06231690011918545
8,0.01,64,Sigmoid,1000,0.5187023782036482,0.4099552996439124,0.553030303030303,0.06006069993600249
8,0.01,64,GELU,50,0.4987300854306165,0.40798611111111116,0.5303030303030303,0.058651299914345145
8,0.01,64,GELU,100,0.4987300854306165,0.40798611111111116,0.5303030303030303,0.0632901000790298
8,0.01,64,GELU,300,0.4987300854306165,0.40798611111111116,0.5303030303030303,0.06091790017671883
8,0.01,64,GELU,500,0.4987300854306165,0.40798611111111116,0.5303030303030303,0.058785000117495656
8,0.01,64,GELU,1000,0.4987300854306165,0.40798611111111116,0.5303030303030303,0.062054800102487206
8,0.01,64,Softmax,50,0.5187023782036482,0.4099552996439124,0.553030303030303,0.049649300053715706
8,0.01,64,Softmax,100,0.5187023782036482,0.4099552996439124,0.553030303030303,0.05036509991623461
8,0.01,64,Softmax,300,0.5187023782036482,0.4099552996439124,0.553030303030303,0.049854000099003315
8,0.01,64,Softmax,500,0.5187023782036482,0.4099552996439124,0.553030303030303,0.050841799937188625
8,0.01,64,Softmax,1000,0.5187023782036482,0.4099552996439124,0.553030303030303,0.0465786000713706
8,0.01,128,ReLU,50,0.49295774647887325,0.3465346534653465,0.5303030303030303,0.05529169994406402
8,0.01,128,ReLU,100,0.49295774647887325,0.3465346534653465,0.5303030303030303,0.0497979000210762
8,0.01,128,ReLU,300,0.49295774647887325,0.3465346534653465,0.5303030303030303,0.06012489995919168
8,0.01,128,ReLU,500,0.49295774647887325,0.3465346534653465,0.5303030303030303,0.05910969991236925
8,0.01,128,ReLU,1000,0.49295774647887325,0.3465346534653465,0.5303030303030303,0.05955570004880428
8,0.01,128,Tanh,50,0.5348649272685292,0.5149174711927749,0.553030303030303,0.0761581000406295
8,0.01,128,Tanh,100,0.5348649272685292,0.5149174711927749,0.553030303030303,0.070950300199911
8,0.01,128,Tanh,300,0.5348649272685292,0.5149174711927749,0.553030303030303,0.057928199879825115
8,0.01,128,Tanh,500,0.5348649272685292,0.5149174711927749,0.553030303030303,0.06749269994907081
8,0.01,128,Tanh,1000,0.5348649272685292,0.5149174711927749,0.553030303030303,0.049357099924236536
8,0.01,128,Sigmoid,50,0.5,0.3497536945812808,0.5378787878787878,0.0396849000826478
8,0.01,128,Sigmoid,100,0.5,0.3497536945812808,0.5378787878787878,0.04008350009098649
8,0.01,128,Sigmoid,300,0.5,0.3497536945812808,0.5378787878787878,0.05165530019439757
8,0.01,128,Sigmoid,500,0.5,0.3497536945812808,0.5378787878787878,0.04101869999431074
8,0.01,128,Sigmoid,1000,0.5,0.3497536945812808,0.5378787878787878,0.04923720005899668
8,0.01,128,GELU,50,0.49295774647887325,0.3465346534653465,0.5303030303030303,0.048397300066426396
8,0.01,128,GELU,100,0.49295774647887325,0.3465346534653465,0.5303030303030303,0.047107400139793754
8,0.01,128,GELU,300,0.49295774647887325,0.3465346534653465,0.5303030303030303,0.06120660016313195
8,0.01,128,GELU,500,0.49295774647887325,0.3465346534653465,0.5303030303030303,0.03903410001657903
8,0.01,128,GELU,1000,0.49295774647887325,0.3465346534653465,0.5303030303030303,0.0523051000200212
8,0.01,128,Softmax,50,0.5,0.3497536945812808,0.5378787878787878,0.03578669996932149
8,0.01,128,Softmax,100,0.5,0.3497536945812808,0.5378787878787878,0.036210799822583795
8,0.01,128,Softmax,300,0.5,0.3497536945812808,0.5378787878787878,0.04171169991604984
8,0.01,128,Softmax,500,0.5,0.3497536945812808,0.5378787878787878,0.03676580009050667
8,0.01,128,Softmax,1000,0.5,0.3497536945812808,0.5378787878787878,0.048554199980571866
8,0.001,8,ReLU,50,0.5,0.3497536945812808,0.5378787878787878,0.10942120011895895
8,0.001,8,ReLU,100,0.5,0.3497536945812808,0.5378787878787878,0.1155985000077635
8,0.001,8,ReLU,300,0.5,0.3497536945812808,0.5378787878787878,0.10380909987725317
8,0.001,8,ReLU,500,0.5,0.3497536945812808,0.5378787878787878,0.11429279996082187
8,0.001,8,ReLU,1000,0.5,0.3497536945812808,0.5378787878787878,0.11047270009294152
8,0.001,8,Tanh,50,0.55125836989148,0.5355268843755787,0.5681818181818182,0.10189779987558722
8,0.001,8,Tanh,100,0.55125836989148,0.5355268843755787,0.5681818181818182,0.11661259992979467
8,0.001,8,Tanh,300,0.55125836989148,0.5355268843755787,0.5681818181818182,0.11199670005589724
8,0.001,8,Tanh,500,0.55125836989148,0.5355268843755787,0.5681818181818182,0.1043175000231713
8,0.001,8,Tanh,1000,0.55125836989148,0.5355268843755787,0.5681818181818182,0.10318209999240935
8,0.001,8,Sigmoid,50,0.5,0.3497536945812808,0.5378787878787878,0.10595909995026886
8,0.001,8,Sigmoid,100,0.5,0.3497536945812808,0.5378787878787878,0.1133834000211209
8,0.001,8,Sigmoid,300,0.5,0.3497536945812808,0.5378787878787878,0.10331039992161095
8,0.001,8,Sigmoid,500,0.5,0.3497536945812808,0.5378787878787878,0.10482800006866455
8,0.001,8,Sigmoid,1000,0.5,0.3497536945812808,0.5378787878787878,0.11418330017477274
8,0.001,8,GELU,50,0.5,0.3497536945812808,0.5378787878787878,0.11149820010177791
8,0.001,8,GELU,100,0.5,0.3497536945812808,0.5378787878787878,0.10226389998570085
8,0.001,8,GELU,300,0.5,0.3497536945812808,0.5378787878787878,0.11268200003542006
8,0.001,8,GELU,500,0.5,0.3497536945812808,0.5378787878787878,0.11326949996873736
8,0.001,8,GELU,1000,0.5,0.3497536945812808,0.5378787878787878,0.11502200015820563
8,0.001,8,Softmax,50,0.5,0.3497536945812808,0.5378787878787878,0.1154787999112159
8,0.001,8,Softmax,100,0.5,0.3497536945812808,0.5378787878787878,0.11470169993117452
8,0.001,8,Softmax,300,0.5,0.3497536945812808,0.5378787878787878,0.09892959985882044
8,0.001,8,Softmax,500,0.5,0.3497536945812808,0.5378787878787878,0.110110699897632
8,0.001,8,Softmax,1000,0.5,0.3497536945812808,0.5378787878787878,0.11432669986970723
8,0.001,16,ReLU,50,0.5,0.3497536945812808,0.5378787878787878,0.07846729992888868
8,0.001,16,ReLU,100,0.5,0.3497536945812808,0.5378787878787878,0.08360240003094077
8,0.001,16,ReLU,300,0.5,0.3497536945812808,0.5378787878787878,0.06861199997365475
8,0.001,16,ReLU,500,0.5,0.3497536945812808,0.5378787878787878,0.07168900012038648
8,0.001,16,ReLU,1000,0.5,0.3497536945812808,0.5378787878787878,0.08203679998405278
8,0.001,16,Tanh,50,0.55125836989148,0.5355268843755787,0.5681818181818182,0.07227320014499128
8,0.001,16,Tanh,100,0.55125836989148,0.5355268843755787,0.5681818181818182,0.06882399995811284
8,0.001,16,Tanh,300,0.55125836989148,0.5355268843755787,0.5681818181818182,0.0733839999884367
8,0.001,16,Tanh,500,0.55125836989148,0.5355268843755787,0.5681818181818182,0.08015050017274916
8,0.001,16,Tanh,1000,0.55125836989148,0.5355268843755787,0.5681818181818182,0.08161780005320907
8,0.001,16,Sigmoid,50,0.5,0.3497536945812808,0.5378787878787878,0.06890890002250671
8,0.001,16,Sigmoid,100,0.5,0.3497536945812808,0.5378787878787878,0.0692188001703471
8,0.001,16,Sigmoid,300,0.5,0.3497536945812808,0.5378787878787878,0.07467229990288615
8,0.001,16,Sigmoid,500,0.5,0.3497536945812808,0.5378787878787878,0.07416590000502765
8,0.001,16,Sigmoid,1000,0.5,0.3497536945812808,0.5378787878787878,0.06842759996652603
8,0.001,16,GELU,50,0.5,0.3497536945812808,0.5378787878787878,0.07876979978755116
8,0.001,16,GELU,100,0.5,0.3497536945812808,0.5378787878787878,0.07091029989533126
8,0.001,16,GELU,300,0.5,0.3497536945812808,0.5378787878787878,0.07298830011859536
8,0.001,16,GELU,500,0.5,0.3497536945812808,0.5378787878787878,0.07051320001482964
8,0.001,16,GELU,1000,0.5,0.3497536945812808,0.5378787878787878,0.06904189987108111
8,0.001,16,Softmax,50,0.5,0.3497536945812808,0.5378787878787878,0.07451940001919866
8,0.001,16,Softmax,100,0.5,0.3497536945812808,0.5378787878787878,0.08460130007006228
8,0.001,16,Softmax,300,0.5,0.3497536945812808,0.5378787878787878,0.07214739988557994
8,0.001,16,Softmax,500,0.5,0.3497536945812808,0.5378787878787878,0.07962710014544427
8,0.001,16,Softmax,1000,0.5,0.3497536945812808,0.5378787878787878,0.07182099996134639
8,0.001,32,ReLU,50,0.5,0.3497536945812808,0.5378787878787878,0.05919780000112951
8,0.001,32,ReLU,100,0.5,0.3497536945812808,0.5378787878787878,0.06223609996959567
8,0.001,32,ReLU,300,0.5,0.3497536945812808,0.5378787878787878,0.06004379992373288
8,0.001,32,ReLU,500,0.5,0.3497536945812808,0.5378787878787878,0.060959599912166595
8,0.001,32,ReLU,1000,0.5,0.3497536945812808,0.5378787878787878,0.0608581998385489
8,0.001,32,Tanh,50,0.55125836989148,0.5355268843755787,0.5681818181818182,0.05763579998165369
8,0.001,32,Tanh,100,0.55125836989148,0.5355268843755787,0.5681818181818182,0.057710800087079406
8,0.001,32,Tanh,300,0.55125836989148,0.5355268843755787,0.5681818181818182,0.06264989986084402
8,0.001,32,Tanh,500,0.55125836989148,0.5355268843755787,0.5681818181818182,0.06381759978830814
8,0.001,32,Tanh,1000,0.55125836989148,0.5355268843755787,0.5681818181818182,0.051409600069746375
8,0.001,32,Sigmoid,50,0.5,0.3497536945812808,0.5378787878787878,0.0644608000293374
8,0.001,32,Sigmoid,100,0.5,0.3497536945812808,0.5378787878787878,0.047108600148931146
8,0.001,32,Sigmoid,300,0.5,0.3497536945812808,0.5378787878787878,0.05315600009635091
8,0.001,32,Sigmoid,500,0.5,0.3497536945812808,0.5378787878787878,0.060029199812561274
8,0.001,32,Sigmoid,1000,0.5,0.3497536945812808,0.5378787878787878,0.06217649998143315
8,0.001,32,GELU,50,0.5,0.3497536945812808,0.5378787878787878,0.05815139994956553
8,0.001,32,GELU,100,0.5,0.3497536945812808,0.5378787878787878,0.06259440002031624
8,0.001,32,GELU,300,0.5,0.3497536945812808,0.5378787878787878,0.06296330015175045
8,0.001,32,GELU,500,0.5,0.3497536945812808,0.5378787878787878,0.048763500060886145
8,0.001,32,GELU,1000,0.5,0.3497536945812808,0.5378787878787878,0.06271339999511838
8,0.001,32,Softmax,50,0.5,0.3497536945812808,0.5378787878787878,0.06339469994418323
8,0.001,32,Softmax,100,0.5,0.3497536945812808,0.5378787878787878,0.06313300016336143
8,0.001,32,Softmax,300,0.5,0.3497536945812808,0.5378787878787878,0.058107800083234906
8,0.001,32,Softmax,500,0.5,0.3497536945812808,0.5378787878787878,0.06218940019607544
8,0.001,32,Softmax,1000,0.5,0.3497536945812808,0.5378787878787878,0.06172030000016093
8,0.001,64,ReLU,50,0.5,0.3497536945812808,0.5378787878787878,0.05058060004375875
8,0.001,64,ReLU,100,0.5,0.3497536945812808,0.5378787878787878,0.04815749987028539
8,0.001,64,ReLU,300,0.5,0.3497536945812808,0.5378787878787878,0.0518776997923851
8,0.001,64,ReLU,500,0.5,0.3497536945812808,0.5378787878787878,0.05304410005919635
8,0.001,64,ReLU,1000,0.5,0.3497536945812808,0.5378787878787878,0.039852699963375926
8,0.001,64,Tanh,50,0.55125836989148,0.5355268843755787,0.5681818181818182,0.05131930019706488
8,0.001,64,Tanh,100,0.55125836989148,0.5355268843755787,0.5681818181818182,0.0362552001606673
8,0.001,64,Tanh,300,0.55125836989148,0.5355268843755787,0.5681818181818182,0.04669400001876056
8,0.001,64,Tanh,500,0.55125836989148,0.5355268843755787,0.5681818181818182,0.057640699902549386
8,0.001,64,Tanh,1000,0.55125836989148,0.5355268843755787,0.5681818181818182,0.038886900059878826
8,0.001,64,Sigmoid,50,0.5,0.3497536945812808,0.5378787878787878,0.05234149983152747
8,0.001,64,Sigmoid,100,0.5,0.3497536945812808,0.5378787878787878,0.051283900160342455
8,0.001,64,Sigmoid,300,0.5,0.3497536945812808,0.5378787878787878,0.040529000107198954
8,0.001,64,Sigmoid,500,0.5,0.3497536945812808,0.5378787878787878,0.04987609991803765
8,0.001,64,Sigmoid,1000,0.5,0.3497536945812808,0.5378787878787878,0.05065239989198744
8,0.001,64,GELU,50,0.5,0.3497536945812808,0.5378787878787878,0.05339619982987642
8,0.001,64,GELU,100,0.5,0.3497536945812808,0.5378787878787878,0.036641200073063374
8,0.001,64,GELU,300,0.5,0.3497536945812808,0.5378787878787878,0.047189399832859635
8,0.001,64,GELU,500,0.5,0.3497536945812808,0.5378787878787878,0.037204999942332506
8,0.001,64,GELU,1000,0.5,0.3497536945812808,0.5378787878787878,0.05071510002017021
8,0.001,64,Softmax,50,0.5,0.3497536945812808,0.5378787878787878,0.03846660000272095
8,0.001,64,Softmax,100,0.5,0.3497536945812808,0.5378787878787878,0.05116989999078214
8,0.001,64,Softmax,300,0.5,0.3497536945812808,0.5378787878787878,0.0494523998349905
8,0.001,64,Softmax,500,0.5,0.3497536945812808,0.5378787878787878,0.052631599828600883
8,0.001,64,Softmax,1000,0.5,0.3497536945812808,0.5378787878787878,0.05096890009008348
8,0.001,128,ReLU,50,0.5,0.3497536945812808,0.5378787878787878,0.04937110003083944
8,0.001,128,ReLU,100,0.5,0.3497536945812808,0.5378787878787878,0.04979479988105595
8,0.001,128,ReLU,300,0.5,0.3497536945812808,0.5378787878787878,0.05763739999383688
8,0.001,128,ReLU,500,0.5,0.3497536945812808,0.5378787878787878,0.051707200007513165
8,0.001,128,ReLU,1000,0.5,0.3497536945812808,0.5378787878787878,0.04989579995162785
8,0.001,128,Tanh,50,0.55125836989148,0.5355268843755787,0.5681818181818182,0.0546208000741899
8,0.001,128,Tanh,100,0.55125836989148,0.5355268843755787,0.5681818181818182,0.03920729993842542
8,0.001,128,Tanh,300,0.55125836989148,0.5355268843755787,0.5681818181818182,0.05387130007147789
8,0.001,128,Tanh,500,0.55125836989148,0.5355268843755787,0.5681818181818182,0.03678910015150905
8,0.001,128,Tanh,1000,0.55125836989148,0.5355268843755787,0.5681818181818182,0.040275400038808584
8,0.001,128,Sigmoid,50,0.5,0.3497536945812808,0.5378787878787878,0.051782700000330806
8,0.001,128,Sigmoid,100,0.5,0.3497536945812808,0.5378787878787878,0.036331400042399764
8,0.001,128,Sigmoid,300,0.5,0.3497536945812808,0.5378787878787878,0.0375133000779897
8,0.001,128,Sigmoid,500,0.5,0.3497536945812808,0.5378787878787878,0.03994130017235875
8,0.001,128,Sigmoid,1000,0.5,0.3497536945812808,0.5378787878787878,0.040113900089636445
8,0.001,128,GELU,50,0.5,0.3497536945812808,0.5378787878787878,0.05205660010688007
8,0.001,128,GELU,100,0.5,0.3497536945812808,0.5378787878787878,0.04230309999547899
8,0.001,128,GELU,300,0.5,0.3497536945812808,0.5378787878787878,0.05261490005068481
8,0.001,128,GELU,500,0.5,0.3497536945812808,0.5378787878787878,0.039213200099766254
8,0.001,128,GELU,1000,0.5,0.3497536945812808,0.5378787878787878,0.03586199996061623
8,0.001,128,Softmax,50,0.5,0.3497536945812808,0.5378787878787878,0.036643800092861056
8,0.001,128,Softmax,100,0.5,0.3497536945812808,0.5378787878787878,0.0390669999178499
8,0.001,128,Softmax,300,0.5,0.3497536945812808,0.5378787878787878,0.040062400046736
8,0.001,128,Softmax,500,0.5,0.3497536945812808,0.5378787878787878,0.040249699959531426
8,0.001,128,Softmax,1000,0.5,0.3497536945812808,0.5378787878787878,0.040197799913585186
8,0.0001,8,ReLU,50,0.5,0.3497536945812808,0.5378787878787878,0.09914300008676946
8,0.0001,8,ReLU,100,0.5,0.3497536945812808,0.5378787878787878,0.10576309985481203
8,0.0001,8,ReLU,300,0.5,0.3497536945812808,0.5378787878787878,0.11609929986298084
8,0.0001,8,ReLU,500,0.5,0.3497536945812808,0.5378787878787878,0.1126335000153631
8,0.0001,8,ReLU,1000,0.5,0.3497536945812808,0.5378787878787878,0.11138670006766915
8,0.0001,8,Tanh,50,0.55125836989148,0.5355268843755787,0.5681818181818182,0.11774070002138615
8,0.0001,8,Tanh,100,0.55125836989148,0.5355268843755787,0.5681818181818182,0.11352190002799034
8,0.0001,8,Tanh,300,0.55125836989148,0.5355268843755787,0.5681818181818182,0.10417610011063516
8,0.0001,8,Tanh,500,0.55125836989148,0.5355268843755787,0.5681818181818182,0.10458400007337332
8,0.0001,8,Tanh,1000,0.55125836989148,0.5355268843755787,0.5681818181818182,0.10397679987363517
8,0.0001,8,Sigmoid,50,0.5,0.3497536945812808,0.5378787878787878,0.08999820007011294
8,0.0001,8,Sigmoid,100,0.5,0.3497536945812808,0.5378787878787878,0.10357160004787147
8,0.0001,8,Sigmoid,300,0.5,0.3497536945812808,0.5378787878787878,0.08907560002990067
8,0.0001,8,Sigmoid,500,0.5,0.3497536945812808,0.5378787878787878,0.10598380002193153
8,0.0001,8,Sigmoid,1000,0.5,0.3497536945812808,0.5378787878787878,0.1000749000813812
8,0.0001,8,GELU,50,0.5,0.3497536945812808,0.5378787878787878,0.11368610011413693
8,0.0001,8,GELU,100,0.5,0.3497536945812808,0.5378787878787878,0.11511760018765926
8,0.0001,8,GELU,300,0.5,0.3497536945812808,0.5378787878787878,0.10097059980034828
8,0.0001,8,GELU,500,0.5,0.3497536945812808,0.5378787878787878,0.1009790999814868
8,0.0001,8,GELU,1000,0.5,0.3497536945812808,0.5378787878787878,0.11341709992848337
8,0.0001,8,Softmax,50,0.5,0.3497536945812808,0.5378787878787878,0.10296420007944107
8,0.0001,8,Softmax,100,0.5,0.3497536945812808,0.5378787878787878,0.10002720006741583
8,0.0001,8,Softmax,300,0.5,0.3497536945812808,0.5378787878787878,0.11092590005137026
8,0.0001,8,Softmax,500,0.5,0.3497536945812808,0.5378787878787878,0.10352150001563132
8,0.0001,8,Softmax,1000,0.5,0.3497536945812808,0.5378787878787878,0.10430760006420314
8,0.0001,16,ReLU,50,0.5,0.3497536945812808,0.5378787878787878,0.07067300006747246
8,0.0001,16,ReLU,100,0.5,0.3497536945812808,0.5378787878787878,0.06247060000896454
8,0.0001,16,ReLU,300,0.5,0.3497536945812808,0.5378787878787878,0.07377739995718002
8,0.0001,16,ReLU,500,0.5,0.3497536945812808,0.5378787878787878,0.06860310002230108
8,0.0001,16,ReLU,1000,0.5,0.3497536945812808,0.5378787878787878,0.07195170014165342
8,0.0001,16,Tanh,50,0.55125836989148,0.5355268843755787,0.5681818181818182,0.0722171999514103
8,0.0001,16,Tanh,100,0.55125836989148,0.5355268843755787,0.5681818181818182,0.07084479997865856
8,0.0001,16,Tanh,300,0.55125836989148,0.5355268843755787,0.5681818181818182,0.07943910011090338
8,0.0001,16,Tanh,500,0.55125836989148,0.5355268843755787,0.5681818181818182,0.07184559991583228
8,0.0001,16,Tanh,1000,0.55125836989148,0.5355268843755787,0.5681818181818182,0.08189789997413754
8,0.0001,16,Sigmoid,50,0.5,0.3497536945812808,0.5378787878787878,0.08503439999185503
8,0.0001,16,Sigmoid,100,0.5,0.3497536945812808,0.5378787878787878,0.07478789985179901
8,0.0001,16,Sigmoid,300,0.5,0.3497536945812808,0.5378787878787878,0.07328040013089776
8,0.0001,16,Sigmoid,500,0.5,0.3497536945812808,0.5378787878787878,0.07164990017190576
8,0.0001,16,Sigmoid,1000,0.5,0.3497536945812808,0.5378787878787878,0.071862299926579
8,0.0001,16,GELU,50,0.5,0.3497536945812808,0.5378787878787878,0.07903340016491711
8,0.0001,16,GELU,100,0.5,0.3497536945812808,0.5378787878787878,0.06966730020940304
8,0.0001,16,GELU,300,0.5,0.3497536945812808,0.5378787878787878,0.07193559990264475
8,0.0001,16,GELU,500,0.5,0.3497536945812808,0.5378787878787878,0.08459049998782575
8,0.0001,16,GELU,1000,0.5,0.3497536945812808,0.5378787878787878,0.07472270005382597
8,0.0001,16,Softmax,50,0.5,0.3497536945812808,0.5378787878787878,0.06930119986645877
8,0.0001,16,Softmax,100,0.5,0.3497536945812808,0.5378787878787878,0.06916750012896955
8,0.0001,16,Softmax,300,0.5,0.3497536945812808,0.5378787878787878,0.06799790007062256
8,0.0001,16,Softmax,500,0.5,0.3497536945812808,0.5378787878787878,0.11096780002117157
8,0.0001,16,Softmax,1000,0.5,0.3497536945812808,0.5378787878787878,0.15872210008092225
8,0.0001,32,ReLU,50,0.5,0.3497536945812808,0.5378787878787878,0.1247194001916796
8,0.0001,32,ReLU,100,0.5,0.3497536945812808,0.5378787878787878,0.12140129995532334
8,0.0001,32,ReLU,300,0.5,0.3497536945812808,0.5378787878787878,0.16067250003106892
8,0.0001,32,ReLU,500,0.5,0.3497536945812808,0.5378787878787878,0.15293410001322627
8,0.0001,32,ReLU,1000,0.5,0.3497536945812808,0.5378787878787878,0.12303110002540052
8,0.0001,32,Tanh,50,0.55125836989148,0.5355268843755787,0.5681818181818182,0.1378730998840183
8,0.0001,32,Tanh,100,0.55125836989148,0.5355268843755787,0.5681818181818182,0.12138869985938072
8,0.0001,32,Tanh,300,0.55125836989148,0.5355268843755787,0.5681818181818182,0.10928159998729825
8,0.0001,32,Tanh,500,0.55125836989148,0.5355268843755787,0.5681818181818182,0.10974480002187192
8,0.0001,32,Tanh,1000,0.55125836989148,0.5355268843755787,0.5681818181818182,0.10819060006178916
8,0.0001,32,Sigmoid,50,0.5,0.3497536945812808,0.5378787878787878,0.09577060001902282
8,0.0001,32,Sigmoid,100,0.5,0.3497536945812808,0.5378787878787878,0.1535165999084711
8,0.0001,32,Sigmoid,300,0.5,0.3497536945812808,0.5378787878787878,0.1160343000665307
8,0.0001,32,Sigmoid,500,0.5,0.3497536945812808,0.5378787878787878,0.12290849979035556
8,0.0001,32,Sigmoid,1000,0.5,0.3497536945812808,0.5378787878787878,0.11689589987508953
8,0.0001,32,GELU,50,0.5,0.3497536945812808,0.5378787878787878,0.09363019978627563
8,0.0001,32,GELU,100,0.5,0.3497536945812808,0.5378787878787878,0.11625189986079931
8,0.0001,32,GELU,300,0.5,0.3497536945812808,0.5378787878787878,0.11801480012945831
8,0.0001,32,GELU,500,0.5,0.3497536945812808,0.5378787878787878,0.09119939990341663
8,0.0001,32,GELU,1000,0.5,0.3497536945812808,0.5378787878787878,0.08705119998194277
8,0.0001,32,Softmax,50,0.5,0.3497536945812808,0.5378787878787878,0.09161809994839132
8,0.0001,32,Softmax,100,0.5,0.3497536945812808,0.5378787878787878,0.07970059989020228
8,0.0001,32,Softmax,300,0.5,0.3497536945812808,0.5378787878787878,0.09784740000031888
8,0.0001,32,Softmax,500,0.5,0.3497536945812808,0.5378787878787878,0.09103189990855753
8,0.0001,32,Softmax,1000,0.5,0.3497536945812808,0.5378787878787878,0.08826919994316995
8,0.0001,64,ReLU,50,0.5,0.3497536945812808,0.5378787878787878,0.08063880004920065
8,0.0001,64,ReLU,100,0.5,0.3497536945812808,0.5378787878787878,0.08300410001538694
8,0.0001,64,ReLU,300,0.5,0.3497536945812808,0.5378787878787878,0.08200769987888634
8,0.0001,64,ReLU,500,0.5,0.3497536945812808,0.5378787878787878,0.08067130018025637
8,0.0001,64,ReLU,1000,0.5,0.3497536945812808,0.5378787878787878,0.08505190000869334
8,0.0001,64,Tanh,50,0.55125836989148,0.5355268843755787,0.5681818181818182,0.0891992999240756
8,0.0001,64,Tanh,100,0.55125836989148,0.5355268843755787,0.5681818181818182,0.10138980019837618
8,0.0001,64,Tanh,300,0.55125836989148,0.5355268843755787,0.5681818181818182,0.09370100009255111
8,0.0001,64,Tanh,500,0.55125836989148,0.5355268843755787,0.5681818181818182,0.08572209998965263
8,0.0001,64,Tanh,1000,0.55125836989148,0.5355268843755787,0.5681818181818182,0.07122829998843372
8,0.0001,64,Sigmoid,50,0.5,0.3497536945812808,0.5378787878787878,0.07759940018877387
8,0.0001,64,Sigmoid,100,0.5,0.3497536945812808,0.5378787878787878,0.08404190000146627
8,0.0001,64,Sigmoid,300,0.5,0.3497536945812808,0.5378787878787878,0.06866530003026128
8,0.0001,64,Sigmoid,500,0.5,0.3497536945812808,0.5378787878787878,0.0886737999971956
8,0.0001,64,Sigmoid,1000,0.5,0.3497536945812808,0.5378787878787878,0.08069199998863041
8,0.0001,64,GELU,50,0.5,0.3497536945812808,0.5378787878787878,0.07108880020678043
8,0.0001,64,GELU,100,0.5,0.3497536945812808,0.5378787878787878,0.0814257999882102
8,0.0001,64,GELU,300,0.5,0.3497536945812808,0.5378787878787878,0.08050650008954108
8,0.0001,64,GELU,500,0.5,0.3497536945812808,0.5378787878787878,0.07711090007796884
8,0.0001,64,GELU,1000,0.5,0.3497536945812808,0.5378787878787878,0.08180079981684685
8,0.0001,64,Softmax,50,0.5,0.3497536945812808,0.5378787878787878,0.08504429995082319
8,0.0001,64,Softmax,100,0.5,0.3497536945812808,0.5378787878787878,0.06276159989647567
8,0.0001,64,Softmax,300,0.5,0.3497536945812808,0.5378787878787878,0.08099319995380938
8,0.0001,64,Softmax,500,0.5,0.3497536945812808,0.5378787878787878,0.07156899990513921
8,0.0001,64,Softmax,1000,0.5,0.3497536945812808,0.5378787878787878,0.08540609991177917
8,0.0001,128,ReLU,50,0.5,0.3497536945812808,0.5378787878787878,0.08637550007551908
8,0.0001,128,ReLU,100,0.5,0.3497536945812808,0.5378787878787878,0.07034690002910793
8,0.0001,128,ReLU,300,0.5,0.3497536945812808,0.5378787878787878,0.0743690999224782
8,0.0001,128,ReLU,500,0.5,0.3497536945812808,0.5378787878787878,0.07033839984796941
8,0.0001,128,ReLU,1000,0.5,0.3497536945812808,0.5378787878787878,0.07381909992545843
8,0.0001,128,Tanh,50,0.55125836989148,0.5355268843755787,0.5681818181818182,0.06673080008476973
8,0.0001,128,Tanh,100,0.55125836989148,0.5355268843755787,0.5681818181818182,0.08545750007033348
8,0.0001,128,Tanh,300,0.55125836989148,0.5355268843755787,0.5681818181818182,0.06658570002764463
8,0.0001,128,Tanh,500,0.55125836989148,0.5355268843755787,0.5681818181818182,0.07140869996510446
8,0.0001,128,Tanh,1000,0.55125836989148,0.5355268843755787,0.5681818181818182,0.09997770003974438
8,0.0001,128,Sigmoid,50,0.5,0.3497536945812808,0.5378787878787878,0.1292250999249518
8,0.0001,128,Sigmoid,100,0.5,0.3497536945812808,0.5378787878787878,0.08145739999599755
8,0.0001,128,Sigmoid,300,0.5,0.3497536945812808,0.5378787878787878,0.07343100011348724
8,0.0001,128,Sigmoid,500,0.5,0.3497536945812808,0.5378787878787878,0.08023760002106428
8,0.0001,128,Sigmoid,1000,0.5,0.3497536945812808,0.5378787878787878,0.07995929988101125
8,0.0001,128,GELU,50,0.5,0.3497536945812808,0.5378787878787878,0.06619349983520806
8,0.0001,128,GELU,100,0.5,0.3497536945812808,0.5378787878787878,0.0667620999738574
8,0.0001,128,GELU,300,0.5,0.3497536945812808,0.5378787878787878,0.07172490004450083
8,0.0001,128,GELU,500,0.5,0.3497536945812808,0.5378787878787878,0.09102679998613894
8,0.0001,128,GELU,1000,0.5,0.3497536945812808,0.5378787878787878,0.0941478000022471
8,0.0001,128,Softmax,50,0.5,0.3497536945812808,0.5378787878787878,0.08075880003161728
8,0.0001,128,Softmax,100,0.5,0.3497536945812808,0.5378787878787878,0.07406440004706383
8,0.0001,128,Softmax,300,0.5,0.3497536945812808,0.5378787878787878,0.06795249995775521
8,0.0001,128,Softmax,500,0.5,0.3497536945812808,0.5378787878787878,0.07135619991458952
8,0.0001,128,Softmax,1000,0.5,0.3497536945812808,0.5378787878787878,0.07779450016096234
8,0.00025,8,ReLU,50,0.5,0.3497536945812808,0.5378787878787878,0.19517490011639893
8,0.00025,8,ReLU,100,0.5,0.3497536945812808,0.5378787878787878,0.19343030010350049
8,0.00025,8,ReLU,300,0.5,0.3497536945812808,0.5378787878787878,0.19097659992985427
8,0.00025,8,ReLU,500,0.5,0.3497536945812808,0.5378787878787878,0.19761839997954667
8,0.00025,8,ReLU,1000,0.5,0.3497536945812808,0.5378787878787878,0.16133700008504093
8,0.00025,8,Tanh,50,0.55125836989148,0.5355268843755787,0.5681818181818182,0.18748550000600517
8,0.00025,8,Tanh,100,0.55125836989148,0.5355268843755787,0.5681818181818182,0.25279339984990656
8,0.00025,8,Tanh,300,0.55125836989148,0.5355268843755787,0.5681818181818182,0.2152772000990808
8,0.00025,8,Tanh,500,0.55125836989148,0.5355268843755787,0.5681818181818182,0.1813612999394536
8,0.00025,8,Tanh,1000,0.55125836989148,0.5355268843755787,0.5681818181818182,0.1690376999322325
8,0.00025,8,Sigmoid,50,0.5,0.3497536945812808,0.5378787878787878,0.16222800011746585
8,0.00025,8,Sigmoid,100,0.5,0.3497536945812808,0.5378787878787878,0.16891330014914274
8,0.00025,8,Sigmoid,300,0.5,0.3497536945812808,0.5378787878787878,0.17823840002529323
8,0.00025,8,Sigmoid,500,0.5,0.3497536945812808,0.5378787878787878,0.1722109999973327
8,0.00025,8,Sigmoid,1000,0.5,0.3497536945812808,0.5378787878787878,0.1945022998843342
8,0.00025,8,GELU,50,0.5,0.3497536945812808,0.5378787878787878,0.2540279000531882
8,0.00025,8,GELU,100,0.5,0.3497536945812808,0.5378787878787878,0.23091949988156557
8,0.00025,8,GELU,300,0.5,0.3497536945812808,0.5378787878787878,0.18051920016296208
8,0.00025,8,GELU,500,0.5,0.3497536945812808,0.5378787878787878,0.19073300017043948
8,0.00025,8,GELU,1000,0.5,0.3497536945812808,0.5378787878787878,0.16769660008139908
8,0.00025,8,Softmax,50,0.5,0.3497536945812808,0.5378787878787878,0.1726830000989139
8,0.00025,8,Softmax,100,0.5,0.3497536945812808,0.5378787878787878,0.18428259994834661
8,0.00025,8,Softmax,300,0.5,0.3497536945812808,0.5378787878787878,0.18689740006811917
8,0.00025,8,Softmax,500,0.5,0.3497536945812808,0.5378787878787878,0.24103159992955625
8,0.00025,8,Softmax,1000,0.5,0.3497536945812808,0.5378787878787878,0.1875134001020342
8,0.00025,16,ReLU,50,0.5,0.3497536945812808,0.5378787878787878,0.13443980016745627
8,0.00025,16,ReLU,100,0.5,0.3497536945812808,0.5378787878787878,0.10912039992399514
8,0.00025,16,ReLU,300,0.5,0.3497536945812808,0.5378787878787878,0.10613970016129315
8,0.00025,16,ReLU,500,0.5,0.3497536945812808,0.5378787878787878,0.12324169999919832
8,0.00025,16,ReLU,1000,0.5,0.3497536945812808,0.5378787878787878,0.1163300999905914
8,0.00025,16,Tanh,50,0.55125836989148,0.5355268843755787,0.5681818181818182,0.11311059980653226
8,0.00025,16,Tanh,100,0.55125836989148,0.5355268843755787,0.5681818181818182,0.11520019988529384
8,0.00025,16,Tanh,300,0.55125836989148,0.5355268843755787,0.5681818181818182,0.10779660008847713
8,0.00025,16,Tanh,500,0.55125836989148,0.5355268843755787,0.5681818181818182,0.11995820002630353
8,0.00025,16,Tanh,1000,0.55125836989148,0.5355268843755787,0.5681818181818182,0.14335429994389415
8,0.00025,16,Sigmoid,50,0.5,0.3497536945812808,0.5378787878787878,0.15385660016909242
8,0.00025,16,Sigmoid,100,0.5,0.3497536945812808,0.5378787878787878,0.16706010000780225
8,0.00025,16,Sigmoid,300,0.5,0.3497536945812808,0.5378787878787878,0.12931769993156195
8,0.00025,16,Sigmoid,500,0.5,0.3497536945812808,0.5378787878787878,0.14366620010696352
8,0.00025,16,Sigmoid,1000,0.5,0.3497536945812808,0.5378787878787878,0.12720959982834756
8,0.00025,16,GELU,50,0.5,0.3497536945812808,0.5378787878787878,0.13522229995578527
8,0.00025,16,GELU,100,0.5,0.3497536945812808,0.5378787878787878,0.13262480008415878
8,0.00025,16,GELU,300,0.5,0.3497536945812808,0.5378787878787878,0.12593370000831783
8,0.00025,16,GELU,500,0.5,0.3497536945812808,0.5378787878787878,0.130066400161013
8,0.00025,16,GELU,1000,0.5,0.3497536945812808,0.5378787878787878,0.1225368999876082
8,0.00025,16,Softmax,50,0.5,0.3497536945812808,0.5378787878787878,0.12466239999048412
8,0.00025,16,Softmax,100,0.5,0.3497536945812808,0.5378787878787878,0.11799619998782873
8,0.00025,16,Softmax,300,0.5,0.3497536945812808,0.5378787878787878,0.1793957999907434
8,0.00025,16,Softmax,500,0.5,0.3497536945812808,0.5378787878787878,0.17227069986984134
8,0.00025,16,Softmax,1000,0.5,0.3497536945812808,0.5378787878787878,0.14823950012214482
8,0.00025,32,ReLU,50,0.5,0.3497536945812808,0.5378787878787878,0.11793099995702505
8,0.00025,32,ReLU,100,0.5,0.3497536945812808,0.5378787878787878,0.11217619990929961
8,0.00025,32,ReLU,300,0.5,0.3497536945812808,0.5378787878787878,0.0881127999164164
8,0.00025,32,ReLU,500,0.5,0.3497536945812808,0.5378787878787878,0.1028252998366952
8,0.00025,32,ReLU,1000,0.5,0.3497536945812808,0.5378787878787878,0.0983041999861598
8,0.00025,32,Tanh,50,0.55125836989148,0.5355268843755787,0.5681818181818182,0.10943970014341176
8,0.00025,32,Tanh,100,0.55125836989148,0.5355268843755787,0.5681818181818182,0.0971800999250263
8,0.00025,32,Tanh,300,0.55125836989148,0.5355268843755787,0.5681818181818182,0.1160438999067992
8,0.00025,32,Tanh,500,0.55125836989148,0.5355268843755787,0.5681818181818182,0.09894779999740422
8,0.00025,32,Tanh,1000,0.55125836989148,0.5355268843755787,0.5681818181818182,0.12266489979811013
8,0.00025,32,Sigmoid,50,0.5,0.3497536945812808,0.5378787878787878,0.1383462999947369
8,0.00025,32,Sigmoid,100,0.5,0.3497536945812808,0.5378787878787878,0.1265505999326706
8,0.00025,32,Sigmoid,300,0.5,0.3497536945812808,0.5378787878787878,0.09642499987967312
8,0.00025,32,Sigmoid,500,0.5,0.3497536945812808,0.5378787878787878,0.09817700018174946
8,0.00025,32,Sigmoid,1000,0.5,0.3497536945812808,0.5378787878787878,0.1588358001317829
8,0.00025,32,GELU,50,0.5,0.3497536945812808,0.5378787878787878,0.14502820000052452
8,0.00025,32,GELU,100,0.5,0.3497536945812808,0.5378787878787878,0.12615930009633303
8,0.00025,32,GELU,300,0.5,0.3497536945812808,0.5378787878787878,0.13166740001179278
8,0.00025,32,GELU,500,0.5,0.3497536945812808,0.5378787878787878,0.11407950008288026
8,0.00025,32,GELU,1000,0.5,0.3497536945812808,0.5378787878787878,0.0954579000826925
8,0.00025,32,Softmax,50,0.5,0.3497536945812808,0.5378787878787878,0.09346210001967847
8,0.00025,32,Softmax,100,0.5,0.3497536945812808,0.5378787878787878,0.10880589997395873
8,0.00025,32,Softmax,300,0.5,0.3497536945812808,0.5378787878787878,0.11390789994038641
8,0.00025,32,Softmax,500,0.5,0.3497536945812808,0.5378787878787878,0.1570773001294583
8,0.00025,32,Softmax,1000,0.5,0.3497536945812808,0.5378787878787878,0.14064790005795658
8,0.00025,64,ReLU,50,0.5,0.3497536945812808,0.5378787878787878,0.07367720012553036
8,0.00025,64,ReLU,100,0.5,0.3497536945812808,0.5378787878787878,0.08554390002973378
8,0.00025,64,ReLU,300,0.5,0.3497536945812808,0.5378787878787878,0.08235200005583465
8,0.00025,64,ReLU,500,0.5,0.3497536945812808,0.5378787878787878,0.07130079995840788
8,0.00025,64,ReLU,1000,0.5,0.3497536945812808,0.5378787878787878,0.068006900139153
8,0.00025,64,Tanh,50,0.55125836989148,0.5355268843755787,0.5681818181818182,0.0849221998360008
8,0.00025,64,Tanh,100,0.55125836989148,0.5355268843755787,0.5681818181818182,0.07232190016657114
8,0.00025,64,Tanh,300,0.55125836989148,0.5355268843755787,0.5681818181818182,0.0705808000639081
8,0.00025,64,Tanh,500,0.55125836989148,0.5355268843755787,0.5681818181818182,0.09192680008709431
8,0.00025,64,Tanh,1000,0.55125836989148,0.5355268843755787,0.5681818181818182,0.07999010011553764
8,0.00025,64,Sigmoid,50,0.5,0.3497536945812808,0.5378787878787878,0.08144820015877485
8,0.00025,64,Sigmoid,100,0.5,0.3497536945812808,0.5378787878787878,0.0750351999886334
8,0.00025,64,Sigmoid,300,0.5,0.3497536945812808,0.5378787878787878,0.06366360001266003
8,0.00025,64,Sigmoid,500,0.5,0.3497536945812808,0.5378787878787878,0.06616299995221198
8,0.00025,64,Sigmoid,1000,0.5,0.3497536945812808,0.5378787878787878,0.07921640016138554
8,0.00025,64,GELU,50,0.5,0.3497536945812808,0.5378787878787878,0.07524310005828738
8,0.00025,64,GELU,100,0.5,0.3497536945812808,0.5378787878787878,0.10368000017479062
8,0.00025,64,GELU,300,0.5,0.3497536945812808,0.5378787878787878,0.08404600014910102
8,0.00025,64,GELU,500,0.5,0.3497536945812808,0.5378787878787878,0.07849200000055134
8,0.00025,64,GELU,1000,0.5,0.3497536945812808,0.5378787878787878,0.0852140998467803
8,0.00025,64,Softmax,50,0.5,0.3497536945812808,0.5378787878787878,0.07045470015145838
8,0.00025,64,Softmax,100,0.5,0.3497536945812808,0.5378787878787878,0.08120439993217587
8,0.00025,64,Softmax,300,0.5,0.3497536945812808,0.5378787878787878,0.07875819993205369
8,0.00025,64,Softmax,500,0.5,0.3497536945812808,0.5378787878787878,0.08136680000461638
8,0.00025,64,Softmax,1000,0.5,0.3497536945812808,0.5378787878787878,0.06798230018466711
8,0.00025,128,ReLU,50,0.5,0.3497536945812808,0.5378787878787878,0.06277999980375171
8,0.00025,128,ReLU,100,0.5,0.3497536945812808,0.5378787878787878,0.06723179994150996
8,0.00025,128,ReLU,300,0.5,0.3497536945812808,0.5378787878787878,0.0686153001151979
8,0.00025,128,ReLU,500,0.5,0.3497536945812808,0.5378787878787878,0.05817269999533892
8,0.00025,128,ReLU,1000,0.5,0.3497536945812808,0.5378787878787878,0.058297199895605445
8,0.00025,128,Tanh,50,0.55125836989148,0.5355268843755787,0.5681818181818182,0.05946299992501736
8,0.00025,128,Tanh,100,0.55125836989148,0.5355268843755787,0.5681818181818182,0.0632588998414576
8,0.00025,128,Tanh,300,0.55125836989148,0.5355268843755787,0.5681818181818182,0.06660149991512299
8,0.00025,128,Tanh,500,0.55125836989148,0.5355268843755787,0.5681818181818182,0.05976990005001426
8,0.00025,128,Tanh,1000,0.55125836989148,0.5355268843755787,0.5681818181818182,0.06405190005898476
8,0.00025,128,Sigmoid,50,0.5,0.3497536945812808,0.5378787878787878,0.05964059988036752
8,0.00025,128,Sigmoid,100,0.5,0.3497536945812808,0.5378787878787878,0.06464369990862906
8,0.00025,128,Sigmoid,300,0.5,0.3497536945812808,0.5378787878787878,0.07408989989198744
8,0.00025,128,Sigmoid,500,0.5,0.3497536945812808,0.5378787878787878,0.055383999831974506
8,0.00025,128,Sigmoid,1000,0.5,0.3497536945812808,0.5378787878787878,0.09739140002056956
8,0.00025,128,GELU,50,0.5,0.3497536945812808,0.5378787878787878,0.0752990001346916
8,0.00025,128,GELU,100,0.5,0.3497536945812808,0.5378787878787878,0.06704360013827682
8,0.00025,128,GELU,300,0.5,0.3497536945812808,0.5378787878787878,0.06760390009731054
8,0.00025,128,GELU,500,0.5,0.3497536945812808,0.5378787878787878,0.07097989995963871
8,0.00025,128,GELU,1000,0.5,0.3497536945812808,0.5378787878787878,0.06855099997483194
8,0.00025,128,Softmax,50,0.5,0.3497536945812808,0.5378787878787878,0.06359139992855489
8,0.00025,128,Softmax,100,0.5,0.3497536945812808,0.5378787878787878,0.06342980009503663
8,0.00025,128,Softmax,300,0.5,0.3497536945812808,0.5378787878787878,0.06526749976910651
8,0.00025,128,Softmax,500,0.5,0.3497536945812808,0.5378787878787878,0.0648275997955352
8,0.00025,128,Softmax,1000,0.5,0.3497536945812808,0.5378787878787878,0.06133369985036552
16,0.01,8,ReLU,50,0.658970214731009,0.6588345864661653,0.6666666666666666,0.16808079998008907
16,0.01,8,ReLU,100,0.658970214731009,0.6588345864661653,0.6666666666666666,0.17779559991322458
16,0.01,8,ReLU,300,0.658970214731009,0.6588345864661653,0.6666666666666666,0.1685800999403
16,0.01,8,ReLU,500,0.658970214731009,0.6588345864661653,0.6666666666666666,0.1722520999610424
16,0.01,8,ReLU,1000,0.658970214731009,0.6588345864661653,0.6666666666666666,0.21731660002842546
16,0.01,8,Tanh,50,0.5712306626645116,0.5495449949443882,0.5909090909090909,0.1888570999726653
16,0.01,8,Tanh,100,0.5712306626645116,0.5495449949443882,0.5909090909090909,0.17869860003702343
16,0.01,8,Tanh,300,0.5712306626645116,0.5495449949443882,0.5909090909090909,0.17531139985658228
16,0.01,8,Tanh,500,0.5712306626645116,0.5495449949443882,0.5909090909090909,0.15486550005152822
16,0.01,8,Tanh,1000,0.5712306626645116,0.5495449949443882,0.5909090909090909,0.1667347999755293
16,0.01,8,Sigmoid,50,0.6228353728930963,0.601669341894061,0.6439393939393939,0.18400339991785586
16,0.01,8,Sigmoid,100,0.6228353728930963,0.601669341894061,0.6439393939393939,0.17946900008246303
16,0.01,8,Sigmoid,300,0.6228353728930963,0.601669341894061,0.6439393939393939,0.17399789998307824
16,0.01,8,Sigmoid,500,0.6228353728930963,0.601669341894061,0.6439393939393939,0.19511999981477857
16,0.01,8,Sigmoid,1000,0.6228353728930963,0.601669341894061,0.6439393939393939,0.18935410003177822
16,0.01,8,GELU,50,0.658970214731009,0.6588345864661653,0.6666666666666666,0.15154280001297593
16,0.01,8,GELU,100,0.658970214731009,0.6588345864661653,0.6666666666666666,0.12640029983595014
16,0.01,8,GELU,300,0.658970214731009,0.6588345864661653,0.6666666666666666,0.1366556000430137
16,0.01,8,GELU,500,0.658970214731009,0.6588345864661653,0.6666666666666666,0.14690569997765124
16,0.01,8,GELU,1000,0.658970214731009,0.6588345864661653,0.6666666666666666,0.14581120014190674
16,0.01,8,Softmax,50,0.6228353728930963,0.601669341894061,0.6439393939393939,0.1808297000825405
16,0.01,8,Softmax,100,0.6228353728930963,0.601669341894061,0.6439393939393939,0.18586089997552335
16,0.01,8,Softmax,300,0.6228353728930963,0.601669341894061,0.6439393939393939,0.2021169001236558
16,0.01,8,Softmax,500,0.6228353728930963,0.601669341894061,0.6439393939393939,0.2009515999816358
16,0.01,8,Softmax,1000,0.6228353728930963,0.601669341894061,0.6439393939393939,0.1841551000252366
16,0.01,16,ReLU,50,0.5533364119141075,0.5523880682797861,0.553030303030303,0.09252379997633398
16,0.01,16,ReLU,100,0.5533364119141075,0.5523880682797861,0.553030303030303,0.09017760003916919
16,0.01,16,ReLU,300,0.5533364119141075,0.5523880682797861,0.553030303030303,0.0928311999887228
16,0.01,16,ReLU,500,0.5533364119141075,0.5523880682797861,0.553030303030303,0.09083450003527105
16,0.01,16,ReLU,1000,0.5533364119141075,0.5523880682797861,0.553030303030303,0.07968030008487403
16,0.01,16,Tanh,50,0.5137381667051489,0.49692648143594786,0.5303030303030303,0.08412949997000396
16,0.01,16,Tanh,100,0.5137381667051489,0.49692648143594786,0.5303030303030303,0.08621919993311167
16,0.01,16,Tanh,300,0.5137381667051489,0.49692648143594786,0.5303030303030303,0.08524559997022152
16,0.01,16,Tanh,500,0.5137381667051489,0.49692648143594786,0.5303030303030303,0.08119049994274974
16,0.01,16,Tanh,1000,0.5137381667051489,0.49692648143594786,0.5303030303030303,0.08501960011199117
16,0.01,16,Sigmoid,50,0.623989840683445,0.6059200914692244,0.6439393939393939,0.13945949985645711
16,0.01,16,Sigmoid,100,0.623989840683445,0.6059200914692244,0.6439393939393939,0.12469109985977411
16,0.01,16,Sigmoid,300,0.623989840683445,0.6059200914692244,0.6439393939393939,0.13376510003581643
16,0.01,16,Sigmoid,500,0.623989840683445,0.6059200914692244,0.6439393939393939,0.1363655999302864
16,0.01,16,Sigmoid,1000,0.623989840683445,0.6059200914692244,0.6439393939393939,0.13494820008054376
16,0.01,16,GELU,50,0.5533364119141075,0.5523880682797861,0.553030303030303,0.09093230008147657
16,0.01,16,GELU,100,0.5533364119141075,0.5523880682797861,0.553030303030303,0.09442280000075698
16,0.01,16,GELU,300,0.5533364119141075,0.5523880682797861,0.553030303030303,0.08395879995077848
16,0.01,16,GELU,500,0.5533364119141075,0.5523880682797861,0.553030303030303,0.08131049992516637
16,0.01,16,GELU,1000,0.5533364119141075,0.5523880682797861,0.553030303030303,0.09513729996979237
16,0.01,16,Softmax,50,0.623989840683445,0.6059200914692244,0.6439393939393939,0.12489990005269647
16,0.01,16,Softmax,100,0.623989840683445,0.6059200914692244,0.6439393939393939,0.11219909996725619
16,0.01,16,Softmax,300,0.623989840683445,0.6059200914692244,0.6439393939393939,0.12336039985530078
16,0.01,16,Softmax,500,0.623989840683445,0.6059200914692244,0.6439393939393939,0.12337890011258423
16,0.01,16,Softmax,1000,0.623989840683445,0.6059200914692244,0.6439393939393939,0.1256711999885738
16,0.01,32,ReLU,50,0.5076194874163011,0.5068682108167136,0.5075757575757576,0.08409400004893541
16,0.01,32,ReLU,100,0.5076194874163011,0.5068682108167136,0.5075757575757576,0.08524329983629286
16,0.01,32,ReLU,300,0.5076194874163011,0.5068682108167136,0.5075757575757576,0.07537580002099276
16,0.01,32,ReLU,500,0.5076194874163011,0.5068682108167136,0.5075757575757576,0.0713752000592649
16,0.01,32,ReLU,1000,0.5076194874163011,0.5068682108167136,0.5075757575757576,0.07200799998827279
16,0.01,32,Tanh,50,0.45636111752482106,0.42145715556120183,0.4772727272727273,0.09096469986252487
16,0.01,32,Tanh,100,0.45636111752482106,0.42145715556120183,0.4772727272727273,0.07971540000289679
16,0.01,32,Tanh,300,0.45636111752482106,0.42145715556120183,0.4772727272727273,0.08281729998998344
16,0.01,32,Tanh,500,0.45636111752482106,0.42145715556120183,0.4772727272727273,0.08248020010069013
16,0.01,32,Tanh,1000,0.45636111752482106,0.42145715556120183,0.4772727272727273,0.08682810002937913
16,0.01,32,Sigmoid,50,0.5581851766335719,0.5546611423498076,0.5681818181818182,0.08013679995201528
16,0.01,32,Sigmoid,100,0.5581851766335719,0.5546611423498076,0.5681818181818182,0.07956660003401339
16,0.01,32,Sigmoid,300,0.5581851766335719,0.5546611423498076,0.5681818181818182,0.069093800149858
16,0.01,32,Sigmoid,500,0.5581851766335719,0.5546611423498076,0.5681818181818182,0.08323840005323291
16,0.01,32,Sigmoid,1000,0.5581851766335719,0.5546611423498076,0.5681818181818182,0.08158949995413423
16,0.01,32,GELU,50,0.5076194874163011,0.5068682108167136,0.5075757575757576,0.08338889991864562
16,0.01,32,GELU,100,0.5076194874163011,0.5068682108167136,0.5075757575757576,0.07011389988474548
16,0.01,32,GELU,300,0.5076194874163011,0.5068682108167136,0.5075757575757576,0.07992369984276593
16,0.01,32,GELU,500,0.5076194874163011,0.5068682108167136,0.5075757575757576,0.0778087000362575
16,0.01,32,GELU,1000,0.5076194874163011,0.5068682108167136,0.5075757575757576,0.07281979988329113
16,0.01,32,Softmax,50,0.5581851766335719,0.5546611423498076,0.5681818181818182,0.08376189996488392
16,0.01,32,Softmax,100,0.5581851766335719,0.5546611423498076,0.5681818181818182,0.08015940012410283
16,0.01,32,Softmax,300,0.5581851766335719,0.5546611423498076,0.5681818181818182,0.08309079986065626
16,0.01,32,Softmax,500,0.5581851766335719,0.5546611423498076,0.5681818181818182,0.07997979992069304
16,0.01,32,Softmax,1000,0.5581851766335719,0.5546611423498076,0.5681818181818182,0.08287080004811287
16,0.01,64,ReLU,50,0.5252828446086354,0.5249593684699326,0.5303030303030303,0.08386330003850162
16,0.01,64,ReLU,100,0.5252828446086354,0.5249593684699326,0.5303030303030303,0.05929509992711246
16,0.01,64,ReLU,300,0.5252828446086354,0.5249593684699326,0.5303030303030303,0.07396079995669425
16,0.01,64,ReLU,500,0.5252828446086354,0.5249593684699326,0.5303030303030303,0.07150260009802878
16,0.01,64,ReLU,1000,0.5252828446086354,0.5249593684699326,0.5303030303030303,0.06048400001600385
16,0.01,64,Tanh,50,0.48568459939967673,0.4491171749598716,0.5075757575757576,0.057613000040873885
16,0.01,64,Tanh,100,0.48568459939967673,0.4491171749598716,0.5075757575757576,0.05799949984066188
16,0.01,64,Tanh,300,0.48568459939967673,0.4491171749598716,0.5075757575757576,0.05709980009123683
16,0.01,64,Tanh,500,0.48568459939967673,0.4491171749598716,0.5075757575757576,0.05831769993528724
16,0.01,64,Tanh,1000,0.48568459939967673,0.4491171749598716,0.5075757575757576,0.06086109997704625
16,0.01,64,Sigmoid,50,0.5011544677903487,0.3641317223406776,0.5378787878787878,0.05041300016455352
16,0.01,64,Sigmoid,100,0.5011544677903487,0.3641317223406776,0.5378787878787878,0.059501799987629056
16,0.01,64,Sigmoid,300,0.5011544677903487,0.3641317223406776,0.5378787878787878,0.05348620004951954
16,0.01,64,Sigmoid,500,0.5011544677903487,0.3641317223406776,0.5378787878787878,0.06318609998561442
16,0.01,64,Sigmoid,1000,0.5011544677903487,0.3641317223406776,0.5378787878787878,0.05175919993780553
16,0.01,64,GELU,50,0.5252828446086354,0.5249593684699326,0.5303030303030303,0.0733648999594152
16,0.01,64,GELU,100,0.5252828446086354,0.5249593684699326,0.5303030303030303,0.05889560002833605
16,0.01,64,GELU,300,0.5252828446086354,0.5249593684699326,0.5303030303030303,0.06255210004746914
16,0.01,64,GELU,500,0.5252828446086354,0.5249593684699326,0.5303030303030303,0.06341740000061691
16,0.01,64,GELU,1000,0.5252828446086354,0.5249593684699326,0.5303030303030303,0.06186859984882176
16,0.01,64,Softmax,50,0.5011544677903487,0.3641317223406776,0.5378787878787878,0.050228399923071265
16,0.01,64,Softmax,100,0.5011544677903487,0.3641317223406776,0.5378787878787878,0.058758400147780776
16,0.01,64,Softmax,300,0.5011544677903487,0.3641317223406776,0.5378787878787878,0.05166310002095997
16,0.01,64,Softmax,500,0.5011544677903487,0.3641317223406776,0.5378787878787878,0.05036680004559457
16,0.01,64,Softmax,1000,0.5011544677903487,0.3641317223406776,0.5378787878787878,0.05031249998137355
16,0.01,128,ReLU,50,0.4853382590625721,0.484375,0.48484848484848486,0.06295159994624555
16,0.01,128,ReLU,100,0.4853382590625721,0.484375,0.48484848484848486,0.06915899994783103
16,0.01,128,ReLU,300,0.4853382590625721,0.484375,0.48484848484848486,0.05649390001781285
16,0.01,128,ReLU,500,0.4853382590625721,0.484375,0.48484848484848486,0.07363949995487928
16,0.01,128,ReLU,1000,0.4853382590625721,0.484375,0.48484848484848486,0.0504910999443382
16,0.01,128,Tanh,50,0.4950357885015008,0.4661274014155713,0.5151515151515151,0.07103469991125166
16,0.01,128,Tanh,100,0.4950357885015008,0.4661274014155713,0.5151515151515151,0.060106700053438544
16,0.01,128,Tanh,300,0.4950357885015008,0.4661274014155713,0.5151515151515151,0.059259300120174885
16,0.01,128,Tanh,500,0.4950357885015008,0.4661274014155713,0.5151515151515151,0.0592313997913152
16,0.01,128,Tanh,1000,0.4950357885015008,0.4661274014155713,0.5151515151515151,0.05955030000768602
16,0.01,128,Sigmoid,50,0.4141075963980605,0.3888511636520773,0.4318181818181818,0.054531299974769354
16,0.01,128,Sigmoid,100,0.4141075963980605,0.3888511636520773,0.4318181818181818,0.06087569985538721
16,0.01,128,Sigmoid,300,0.4141075963980605,0.3888511636520773,0.4318181818181818,0.061485900077968836
16,0.01,128,Sigmoid,500,0.4141075963980605,0.3888511636520773,0.4318181818181818,0.06059499992989004
16,0.01,128,Sigmoid,1000,0.4141075963980605,0.3888511636520773,0.4318181818181818,0.05545169999822974
16,0.01,128,GELU,50,0.4853382590625721,0.484375,0.48484848484848486,0.07313290005549788
16,0.01,128,GELU,100,0.4853382590625721,0.484375,0.48484848484848486,0.06555459997616708
16,0.01,128,GELU,300,0.4853382590625721,0.484375,0.48484848484848486,0.0638594999909401
16,0.01,128,GELU,500,0.4853382590625721,0.484375,0.48484848484848486,0.050635999999940395
16,0.01,128,GELU,1000,0.4853382590625721,0.484375,0.48484848484848486,0.059196699876338243
16,0.01,128,Softmax,50,0.4141075963980605,0.3888511636520773,0.4318181818181818,0.04995639994740486
16,0.01,128,Softmax,100,0.4141075963980605,0.3888511636520773,0.4318181818181818,0.036015099845826626
16,0.01,128,Softmax,300,0.4141075963980605,0.3888511636520773,0.4318181818181818,0.04739319998770952
16,0.01,128,Softmax,500,0.4141075963980605,0.3888511636520773,0.4318181818181818,0.0516745001077652
16,0.01,128,Softmax,1000,0.4141075963980605,0.3888511636520773,0.4318181818181818,0.05126510001718998
16,0.001,8,ReLU,50,0.498268298314477,0.49815668202764973,0.5,0.22534210002049804
16,0.001,8,ReLU,100,0.498268298314477,0.49815668202764973,0.5,0.23087439988739789
16,0.001,8,ReLU,300,0.498268298314477,0.49815668202764973,0.5,0.22371699986979365
16,0.001,8,ReLU,500,0.498268298314477,0.49815668202764973,0.5,0.23623800021596253
16,0.001,8,ReLU,1000,0.498268298314477,0.49815668202764973,0.5,0.22968479990959167
16,0.001,8,Tanh,50,0.5289771415377511,0.5131546594541431,0.5454545454545454,0.18968240008689463
16,0.001,8,Tanh,100,0.5289771415377511,0.5131546594541431,0.5454545454545454,0.1878687001299113
16,0.001,8,Tanh,300,0.5289771415377511,0.5131546594541431,0.5454545454545454,0.19470290001481771
16,0.001,8,Tanh,500,0.5289771415377511,0.5131546594541431,0.5454545454545454,0.21941150003112853
16,0.001,8,Tanh,1000,0.5289771415377511,0.5131546594541431,0.5454545454545454,0.1968657998368144
16,0.001,8,Sigmoid,50,0.40337104594781803,0.4023682377524959,0.4090909090909091,0.114058299921453
16,0.001,8,Sigmoid,100,0.40337104594781803,0.4023682377524959,0.4090909090909091,0.12587279989384115
16,0.001,8,Sigmoid,300,0.40337104594781803,0.4023682377524959,0.4090909090909091,0.13308179983869195
16,0.001,8,Sigmoid,500,0.40337104594781803,0.4023682377524959,0.4090909090909091,0.12045129993930459
16,0.001,8,Sigmoid,1000,0.40337104594781803,0.4023682377524959,0.4090909090909091,0.12728590006008744
16,0.001,8,GELU,50,0.498268298314477,0.49815668202764973,0.5,0.2255392000079155
16,0.001,8,GELU,100,0.498268298314477,0.49815668202764973,0.5,0.23538629990071058
16,0.001,8,GELU,300,0.498268298314477,0.49815668202764973,0.5,0.2298980001360178
16,0.001,8,GELU,500,0.498268298314477,0.49815668202764973,0.5,0.23818979994393885
16,0.001,8,GELU,1000,0.498268298314477,0.49815668202764973,0.5,0.21930350014008582
16,0.001,8,Softmax,50,0.40337104594781803,0.4023682377524959,0.4090909090909091,0.12477810005657375
16,0.001,8,Softmax,100,0.40337104594781803,0.4023682377524959,0.4090909090909091,0.1408921000547707
16,0.001,8,Softmax,300,0.40337104594781803,0.4023682377524959,0.4090909090909091,0.11283300002105534
16,0.001,8,Softmax,500,0.40337104594781803,0.4023682377524959,0.4090909090909091,0.12497850018553436
16,0.001,8,Softmax,1000,0.40337104594781803,0.4023682377524959,0.4090909090909091,0.12087649991735816
16,0.001,16,ReLU,50,0.45370584160701916,0.45341614906832295,0.45454545454545453,0.11242770007811487
16,0.001,16,ReLU,100,0.45370584160701916,0.45341614906832295,0.45454545454545453,0.09901719982735813
16,0.001,16,ReLU,300,0.45370584160701916,0.45341614906832295,0.45454545454545453,0.1451633998658508
16,0.001,16,ReLU,500,0.45370584160701916,0.45341614906832295,0.45454545454545453,0.12653769995085895
16,0.001,16,ReLU,1000,0.45370584160701916,0.45341614906832295,0.45454545454545453,0.14590960019268095
16,0.001,16,Tanh,50,0.4339644423920572,0.42282120395327943,0.44696969696969696,0.11539830011315644
16,0.001,16,Tanh,100,0.4339644423920572,0.42282120395327943,0.44696969696969696,0.14443430001847446
16,0.001,16,Tanh,300,0.4339644423920572,0.42282120395327943,0.44696969696969696,0.11293369997292757
16,0.001,16,Tanh,500,0.4339644423920572,0.42282120395327943,0.44696969696969696,0.09891820000484586
16,0.001,16,Tanh,1000,0.4339644423920572,0.42282120395327943,0.44696969696969696,0.11232180008664727
16,0.001,16,Sigmoid,50,0.4255368275225121,0.4241102181400689,0.42424242424242425,0.09222750016488135
16,0.001,16,Sigmoid,100,0.4255368275225121,0.4241102181400689,0.42424242424242425,0.08897639997303486
16,0.001,16,Sigmoid,300,0.4255368275225121,0.4241102181400689,0.42424242424242425,0.08909389981999993
16,0.001,16,Sigmoid,500,0.4255368275225121,0.4241102181400689,0.42424242424242425,0.09304499998688698
16,0.001,16,Sigmoid,1000,0.4255368275225121,0.4241102181400689,0.42424242424242425,0.07952879997901618
16,0.001,16,GELU,50,0.45370584160701916,0.45341614906832295,0.45454545454545453,0.12199350004084408
16,0.001,16,GELU,100,0.45370584160701916,0.45341614906832295,0.45454545454545453,0.11256769997999072
16,0.001,16,GELU,300,0.45370584160701916,0.45341614906832295,0.45454545454545453,0.1323090000078082
16,0.001,16,GELU,500,0.45370584160701916,0.45341614906832295,0.45454545454545453,0.14070009998977184
16,0.001,16,GELU,1000,0.45370584160701916,0.45341614906832295,0.45454545454545453,0.1338170999661088
16,0.001,16,Softmax,50,0.4255368275225121,0.4241102181400689,0.42424242424242425,0.09189480007626116
16,0.001,16,Softmax,100,0.4255368275225121,0.4241102181400689,0.42424242424242425,0.08192529994994402
16,0.001,16,Softmax,300,0.4255368275225121,0.4241102181400689,0.42424242424242425,0.08498759986832738
16,0.001,16,Softmax,500,0.4255368275225121,0.4241102181400689,0.42424242424242425,0.08933129999786615
16,0.001,16,Softmax,1000,0.4255368275225121,0.4241102181400689,0.42424242424242425,0.08143479982391
16,0.001,32,ReLU,50,0.4373123989840684,0.43732718894009215,0.4393939393939394,0.045816900208592415
16,0.001,32,ReLU,100,0.4373123989840684,0.43732718894009215,0.4393939393939394,0.047991800121963024
16,0.001,32,ReLU,300,0.4373123989840684,0.43732718894009215,0.4393939393939394,0.061026399955153465
16,0.001,32,ReLU,500,0.4373123989840684,0.43732718894009215,0.4393939393939394,0.062057700008153915
16,0.001,32,ReLU,1000,0.4373123989840684,0.43732718894009215,0.4393939393939394,0.06200809986330569
16,0.001,32,Tanh,50,0.40694989609789883,0.4015191662250486,0.4166666666666667,0.07244500005617738
16,0.001,32,Tanh,100,0.40694989609789883,0.4015191662250486,0.4166666666666667,0.06789750000461936
16,0.001,32,Tanh,300,0.40694989609789883,0.4015191662250486,0.4166666666666667,0.07209959998726845
16,0.001,32,Tanh,500,0.40694989609789883,0.4015191662250486,0.4166666666666667,0.07440359983593225
16,0.001,32,Tanh,1000,0.40694989609789883,0.4015191662250486,0.4166666666666667,0.07262750016525388
16,0.001,32,Sigmoid,50,0.40337104594781803,0.4023682377524959,0.4090909090909091,0.07300739991478622
16,0.001,32,Sigmoid,100,0.40337104594781803,0.4023682377524959,0.4090909090909091,0.0833868000190705
16,0.001,32,Sigmoid,300,0.40337104594781803,0.4023682377524959,0.4090909090909091,0.06998090003617108
16,0.001,32,Sigmoid,500,0.40337104594781803,0.4023682377524959,0.4090909090909091,0.07682759989984334
16,0.001,32,Sigmoid,1000,0.40337104594781803,0.4023682377524959,0.4090909090909091,0.07395370001904666
16,0.001,32,GELU,50,0.4373123989840684,0.43732718894009215,0.4393939393939394,0.051172500010579824
16,0.001,32,GELU,100,0.4373123989840684,0.43732718894009215,0.4393939393939394,0.050405200105160475
16,0.001,32,GELU,300,0.4373123989840684,0.43732718894009215,0.4393939393939394,0.062430200167000294
16,0.001,32,GELU,500,0.4373123989840684,0.43732718894009215,0.4393939393939394,0.0504487999714911
16,0.001,32,GELU,1000,0.4373123989840684,0.43732718894009215,0.4393939393939394,0.06045759981498122
16,0.001,32,Softmax,50,0.40337104594781803,0.4023682377524959,0.4090909090909091,0.0724222999997437
16,0.001,32,Softmax,100,0.40337104594781803,0.4023682377524959,0.4090909090909091,0.06923520006239414
16,0.001,32,Softmax,300,0.40337104594781803,0.4023682377524959,0.4090909090909091,0.06217689998447895
16,0.001,32,Softmax,500,0.40337104594781803,0.4023682377524959,0.4090909090909091,0.06934140017256141
16,0.001,32,Softmax,1000,0.40337104594781803,0.4023682377524959,0.4090909090909091,0.06806050008162856
16,0.001,64,ReLU,50,0.4373123989840684,0.43732718894009215,0.4393939393939394,0.05087849986739457
16,0.001,64,ReLU,100,0.4373123989840684,0.43732718894009215,0.4393939393939394,0.052551900036633015
16,0.001,64,ReLU,300,0.4373123989840684,0.43732718894009215,0.4393939393939394,0.05123550002463162
16,0.001,64,ReLU,500,0.4373123989840684,0.43732718894009215,0.4393939393939394,0.03888360015116632
16,0.001,64,ReLU,1000,0.4373123989840684,0.43732718894009215,0.4393939393939394,0.03932039998471737
16,0.001,64,Tanh,50,0.4198799353498037,0.4106792070956604,0.4318181818181818,0.06008050008676946
16,0.001,64,Tanh,100,0.4198799353498037,0.4106792070956604,0.4318181818181818,0.06280050007626414
16,0.001,64,Tanh,300,0.4198799353498037,0.4106792070956604,0.4318181818181818,0.05756129999645054
16,0.001,64,Tanh,500,0.4198799353498037,0.4106792070956604,0.4318181818181818,0.06265489989891648
16,0.001,64,Tanh,1000,0.4198799353498037,0.4106792070956604,0.4318181818181818,0.07331599993631244
16,0.001,64,Sigmoid,50,0.41618563842068806,0.4158284958905685,0.4166666666666667,0.04726939997635782
16,0.001,64,Sigmoid,100,0.41618563842068806,0.4158284958905685,0.4166666666666667,0.057537700049579144
16,0.001,64,Sigmoid,300,0.41618563842068806,0.4158284958905685,0.4166666666666667,0.06273959996178746
16,0.001,64,Sigmoid,500,0.41618563842068806,0.4158284958905685,0.4166666666666667,0.0502038998529315
16,0.001,64,Sigmoid,1000,0.41618563842068806,0.4158284958905685,0.4166666666666667,0.05215890007093549
16,0.001,64,GELU,50,0.4373123989840684,0.43732718894009215,0.4393939393939394,0.050140899838879704
16,0.001,64,GELU,100,0.4373123989840684,0.43732718894009215,0.4393939393939394,0.03970550000667572
16,0.001,64,GELU,300,0.4373123989840684,0.43732718894009215,0.4393939393939394,0.0380619999486953
16,0.001,64,GELU,500,0.4373123989840684,0.43732718894009215,0.4393939393939394,0.04137209989130497
16,0.001,64,GELU,1000,0.4373123989840684,0.43732718894009215,0.4393939393939394,0.05059890006668866
16,0.001,64,Softmax,50,0.41618563842068806,0.4158284958905685,0.4166666666666667,0.0494436000008136
16,0.001,64,Softmax,100,0.41618563842068806,0.4158284958905685,0.4166666666666667,0.04774950002320111
16,0.001,64,Softmax,300,0.41618563842068806,0.4158284958905685,0.4166666666666667,0.046949899988248944
16,0.001,64,Softmax,500,0.41618563842068806,0.4158284958905685,0.4166666666666667,0.05020699999295175
16,0.001,64,Softmax,1000,0.41618563842068806,0.4158284958905685,0.4166666666666667,0.06065560015849769
16,0.001,128,ReLU,50,0.4373123989840684,0.43732718894009215,0.4393939393939394,0.0513011000584811
16,0.001,128,ReLU,100,0.4373123989840684,0.43732718894009215,0.4393939393939394,0.03712589992210269
16,0.001,128,ReLU,300,0.4373123989840684,0.43732718894009215,0.4393939393939394,0.040313800098374486
16,0.001,128,ReLU,500,0.4373123989840684,0.43732718894009215,0.4393939393939394,0.05100119998678565
16,0.001,128,ReLU,1000,0.4373123989840684,0.43732718894009215,0.4393939393939394,0.04941930016502738
16,0.001,128,Tanh,50,0.4303855922419765,0.4262218045112782,0.4393939393939394,0.038812699960544705
16,0.001,128,Tanh,100,0.4303855922419765,0.4262218045112782,0.4393939393939394,0.03706800006330013
16,0.001,128,Tanh,300,0.4303855922419765,0.4262218045112782,0.4393939393939394,0.050735299941152334
16,0.001,128,Tanh,500,0.4303855922419765,0.4262218045112782,0.4393939393939394,0.04862029990181327
16,0.001,128,Tanh,1000,0.4303855922419765,0.4262218045112782,0.4393939393939394,0.039686799980700016
16,0.001,128,Sigmoid,50,0.40660355576079427,0.38245614035087716,0.3939393939393939,0.06305420002900064
16,0.001,128,Sigmoid,100,0.40660355576079427,0.38245614035087716,0.3939393939393939,0.06651979987509549
16,0.001,128,Sigmoid,300,0.40660355576079427,0.38245614035087716,0.3939393939393939,0.06309340009465814
16,0.001,128,Sigmoid,500,0.40660355576079427,0.38245614035087716,0.3939393939393939,0.06284579983912408
16,0.001,128,Sigmoid,1000,0.40660355576079427,0.38245614035087716,0.3939393939393939,0.06287819985300303
16,0.001,128,GELU,50,0.4373123989840684,0.43732718894009215,0.4393939393939394,0.03890880011022091
16,0.001,128,GELU,100,0.4373123989840684,0.43732718894009215,0.4393939393939394,0.049309999914839864
16,0.001,128,GELU,300,0.4373123989840684,0.43732718894009215,0.4393939393939394,0.049938400043174624
16,0.001,128,GELU,500,0.4373123989840684,0.43732718894009215,0.4393939393939394,0.037233099807053804
16,0.001,128,GELU,1000,0.4373123989840684,0.43732718894009215,0.4393939393939394,0.04719799989834428
16,0.001,128,Softmax,50,0.40660355576079427,0.38245614035087716,0.3939393939393939,0.050070099998265505
16,0.001,128,Softmax,100,0.40660355576079427,0.38245614035087716,0.3939393939393939,0.06340000010095537
16,0.001,128,Softmax,300,0.40660355576079427,0.38245614035087716,0.3939393939393939,0.05882430006749928
16,0.001,128,Softmax,500,0.40660355576079427,0.38245614035087716,0.3939393939393939,0.051309100119397044
16,0.001,128,Softmax,1000,0.40660355576079427,0.38245614035087716,0.3939393939393939,0.04551770002581179
16,0.0001,8,ReLU,50,0.4443546525051951,0.44438678429337486,0.44696969696969696,0.10182050010189414
16,0.0001,8,ReLU,100,0.4443546525051951,0.44438678429337486,0.44696969696969696,0.1047163000330329
16,0.0001,8,ReLU,300,0.4443546525051951,0.44438678429337486,0.44696969696969696,0.10521810012869537
16,0.0001,8,ReLU,500,0.4443546525051951,0.44438678429337486,0.44696969696969696,0.11655150004662573
16,0.0001,8,ReLU,1000,0.4443546525051951,0.44438678429337486,0.44696969696969696,0.11263510002754629
16,0.0001,8,Tanh,50,0.4303855922419765,0.4262218045112782,0.4393939393939394,0.16510599991306663
16,0.0001,8,Tanh,100,0.4303855922419765,0.4262218045112782,0.4393939393939394,0.19657849986106157
16,0.0001,8,Tanh,300,0.4303855922419765,0.4262218045112782,0.4393939393939394,0.16264700004830956
16,0.0001,8,Tanh,500,0.4303855922419765,0.4262218045112782,0.4393939393939394,0.14080960000865161
16,0.0001,8,Tanh,1000,0.4303855922419765,0.4262218045112782,0.4393939393939394,0.17064700019545853
16,0.0001,8,Sigmoid,50,0.4918032786885246,0.3125,0.45454545454545453,0.23708580015227199
16,0.0001,8,Sigmoid,100,0.4918032786885246,0.3125,0.45454545454545453,0.23765099979937077
16,0.0001,8,Sigmoid,300,0.4918032786885246,0.3125,0.45454545454545453,0.26452900003641844
16,0.0001,8,Sigmoid,500,0.4918032786885246,0.3125,0.45454545454545453,0.23940449999645352
16,0.0001,8,Sigmoid,1000,0.4918032786885246,0.3125,0.45454545454545453,0.25423229997977614
16,0.0001,8,GELU,50,0.4443546525051951,0.44438678429337486,0.44696969696969696,0.1663918001577258
16,0.0001,8,GELU,100,0.4443546525051951,0.44438678429337486,0.44696969696969696,0.16468440019525588
16,0.0001,8,GELU,300,0.4443546525051951,0.44438678429337486,0.44696969696969696,0.17976289987564087
16,0.0001,8,GELU,500,0.4443546525051951,0.44438678429337486,0.44696969696969696,0.16609470010735095
16,0.0001,8,GELU,1000,0.4443546525051951,0.44438678429337486,0.44696969696969696,0.21828319993801415
16,0.0001,8,Softmax,50,0.4918032786885246,0.3125,0.45454545454545453,0.3348300999496132
16,0.0001,8,Softmax,100,0.4918032786885246,0.3125,0.45454545454545453,0.2040424000006169
16,0.0001,8,Softmax,300,0.4918032786885246,0.3125,0.45454545454545453,0.23896019998937845
16,0.0001,8,Softmax,500,0.4918032786885246,0.3125,0.45454545454545453,0.20758499996736646
16,0.0001,8,Softmax,1000,0.4918032786885246,0.3125,0.45454545454545453,0.2416780001949519
16,0.0001,16,ReLU,50,0.4443546525051951,0.44438678429337486,0.44696969696969696,0.1223063999786973
16,0.0001,16,ReLU,100,0.4443546525051951,0.44438678429337486,0.44696969696969696,0.1372169000096619
16,0.0001,16,ReLU,300,0.4443546525051951,0.44438678429337486,0.44696969696969696,0.160206199856475
16,0.0001,16,ReLU,500,0.4443546525051951,0.44438678429337486,0.44696969696969696,0.16220880020409822
16,0.0001,16,ReLU,1000,0.4443546525051951,0.44438678429337486,0.44696969696969696,0.1353237999137491
16,0.0001,16,Tanh,50,0.4303855922419765,0.4262218045112782,0.4393939393939394,0.14290160010568798
16,0.0001,16,Tanh,100,0.4303855922419765,0.4262218045112782,0.4393939393939394,0.12262380006723106
16,0.0001,16,Tanh,300,0.4303855922419765,0.4262218045112782,0.4393939393939394,0.11470649996772408
16,0.0001,16,Tanh,500,0.4303855922419765,0.4262218045112782,0.4393939393939394,0.12322250008583069
16,0.0001,16,Tanh,1000,0.4303855922419765,0.4262218045112782,0.4393939393939394,0.12799820001237094
16,0.0001,16,Sigmoid,50,0.5,0.3160621761658031,0.4621212121212121,0.10598950018174946
16,0.0001,16,Sigmoid,100,0.5,0.3160621761658031,0.4621212121212121,0.10578850004822016
16,0.0001,16,Sigmoid,300,0.5,0.3160621761658031,0.4621212121212121,0.12801660015247762
16,0.0001,16,Sigmoid,500,0.5,0.3160621761658031,0.4621212121212121,0.13951110001653433
16,0.0001,16,Sigmoid,1000,0.5,0.3160621761658031,0.4621212121212121,0.13488560006953776
16,0.0001,16,GELU,50,0.4443546525051951,0.44438678429337486,0.44696969696969696,0.13791910000145435
16,0.0001,16,GELU,100,0.4443546525051951,0.44438678429337486,0.44696969696969696,0.13674750016070902
16,0.0001,16,GELU,300,0.4443546525051951,0.44438678429337486,0.44696969696969696,0.12846429995261133
16,0.0001,16,GELU,500,0.4443546525051951,0.44438678429337486,0.44696969696969696,0.12328930012881756
16,0.0001,16,GELU,1000,0.4443546525051951,0.44438678429337486,0.44696969696969696,0.11211039987392724
16,0.0001,16,Softmax,50,0.5,0.3160621761658031,0.4621212121212121,0.12264090008102357
16,0.0001,16,Softmax,100,0.5,0.3160621761658031,0.4621212121212121,0.1062217999715358
16,0.0001,16,Softmax,300,0.5,0.3160621761658031,0.4621212121212121,0.10586669994518161
16,0.0001,16,Softmax,500,0.5,0.3160621761658031,0.4621212121212121,0.12669990002177656
16,0.0001,16,Softmax,1000,0.5,0.3160621761658031,0.4621212121212121,0.11436669994145632
16,0.0001,32,ReLU,50,0.4443546525051951,0.44438678429337486,0.44696969696969696,0.08716819994151592
16,0.0001,32,ReLU,100,0.4443546525051951,0.44438678429337486,0.44696969696969696,0.08774679992347956
16,0.0001,32,ReLU,300,0.4443546525051951,0.44438678429337486,0.44696969696969696,0.10391060006804764
16,0.0001,32,ReLU,500,0.4443546525051951,0.44438678429337486,0.44696969696969696,0.10084089986048639
16,0.0001,32,ReLU,1000,0.4443546525051951,0.44438678429337486,0.44696969696969696,0.08560670004226267
16,0.0001,32,Tanh,50,0.4303855922419765,0.4262218045112782,0.4393939393939394,0.11112080002203584
16,0.0001,32,Tanh,100,0.4303855922419765,0.4262218045112782,0.4393939393939394,0.09434770001098514
16,0.0001,32,Tanh,300,0.4303855922419765,0.4262218045112782,0.4393939393939394,0.09174800012260675
16,0.0001,32,Tanh,500,0.4303855922419765,0.4262218045112782,0.4393939393939394,0.10254979995079339
16,0.0001,32,Tanh,1000,0.4303855922419765,0.4262218045112782,0.4393939393939394,0.08789200009778142
16,0.0001,32,Sigmoid,50,0.5,0.3160621761658031,0.4621212121212121,0.10984220006503165
16,0.0001,32,Sigmoid,100,0.5,0.3160621761658031,0.4621212121212121,0.09709110017865896
16,0.0001,32,Sigmoid,300,0.5,0.3160621761658031,0.4621212121212121,0.10116799990646541
16,0.0001,32,Sigmoid,500,0.5,0.3160621761658031,0.4621212121212121,0.08059579995460808
16,0.0001,32,Sigmoid,1000,0.5,0.3160621761658031,0.4621212121212121,0.08684349991381168
16,0.0001,32,GELU,50,0.4443546525051951,0.44438678429337486,0.44696969696969696,0.08634390006773174
16,0.0001,32,GELU,100,0.4443546525051951,0.44438678429337486,0.44696969696969696,0.09083659993484616
16,0.0001,32,GELU,300,0.4443546525051951,0.44438678429337486,0.44696969696969696,0.10654850001446903
16,0.0001,32,GELU,500,0.4443546525051951,0.44438678429337486,0.44696969696969696,0.09789950004778802
16,0.0001,32,GELU,1000,0.4443546525051951,0.44438678429337486,0.44696969696969696,0.1100671999156475
16,0.0001,32,Softmax,50,0.5,0.3160621761658031,0.4621212121212121,0.11271320004016161
16,0.0001,32,Softmax,100,0.5,0.3160621761658031,0.4621212121212121,0.1077250000089407
16,0.0001,32,Softmax,300,0.5,0.3160621761658031,0.4621212121212121,0.10521619999781251
16,0.0001,32,Softmax,500,0.5,0.3160621761658031,0.4621212121212121,0.09465939993970096
16,0.0001,32,Softmax,1000,0.5,0.3160621761658031,0.4621212121212121,0.1097091999836266
16,0.0001,64,ReLU,50,0.4443546525051951,0.44438678429337486,0.44696969696969696,0.07530019991099834
16,0.0001,64,ReLU,100,0.4443546525051951,0.44438678429337486,0.44696969696969696,0.06793569982983172
16,0.0001,64,ReLU,300,0.4443546525051951,0.44438678429337486,0.44696969696969696,0.05698699993081391
16,0.0001,64,ReLU,500,0.4443546525051951,0.44438678429337486,0.44696969696969696,0.05497489986009896
16,0.0001,64,ReLU,1000,0.4443546525051951,0.44438678429337486,0.44696969696969696,0.06305929995141923
16,0.0001,64,Tanh,50,0.4303855922419765,0.4262218045112782,0.4393939393939394,0.06381259998306632
16,0.0001,64,Tanh,100,0.4303855922419765,0.4262218045112782,0.4393939393939394,0.046924900030717254
16,0.0001,64,Tanh,300,0.4303855922419765,0.4262218045112782,0.4393939393939394,0.03686819993890822
16,0.0001,64,Tanh,500,0.4303855922419765,0.4262218045112782,0.4393939393939394,0.0461862999945879
16,0.0001,64,Tanh,1000,0.4303855922419765,0.4262218045112782,0.4393939393939394,0.03642060002312064
16,0.0001,64,Sigmoid,50,0.5,0.3160621761658031,0.4621212121212121,0.07079289993271232
16,0.0001,64,Sigmoid,100,0.5,0.3160621761658031,0.4621212121212121,0.06962490011937916
16,0.0001,64,Sigmoid,300,0.5,0.3160621761658031,0.4621212121212121,0.07128720008768141
16,0.0001,64,Sigmoid,500,0.5,0.3160621761658031,0.4621212121212121,0.06543809990398586
16,0.0001,64,Sigmoid,1000,0.5,0.3160621761658031,0.4621212121212121,0.08116020006127656
16,0.0001,64,GELU,50,0.4443546525051951,0.44438678429337486,0.44696969696969696,0.08560220012441278
16,0.0001,64,GELU,100,0.4443546525051951,0.44438678429337486,0.44696969696969696,0.10092219989746809
16,0.0001,64,GELU,300,0.4443546525051951,0.44438678429337486,0.44696969696969696,0.08908569999039173
16,0.0001,64,GELU,500,0.4443546525051951,0.44438678429337486,0.44696969696969696,0.08152480004355311
16,0.0001,64,GELU,1000,0.4443546525051951,0.44438678429337486,0.44696969696969696,0.07208899990655482
16,0.0001,64,Softmax,50,0.5,0.3160621761658031,0.4621212121212121,0.07948469999246299
16,0.0001,64,Softmax,100,0.5,0.3160621761658031,0.4621212121212121,0.08291650004684925
16,0.0001,64,Softmax,300,0.5,0.3160621761658031,0.4621212121212121,0.08152689994312823
16,0.0001,64,Softmax,500,0.5,0.3160621761658031,0.4621212121212121,0.08100289991125464
16,0.0001,64,Softmax,1000,0.5,0.3160621761658031,0.4621212121212121,0.07070849998854101
16,0.0001,128,ReLU,50,0.4443546525051951,0.44438678429337486,0.44696969696969696,0.06368290004320443
16,0.0001,128,ReLU,100,0.4443546525051951,0.44438678429337486,0.44696969696969696,0.07033249991945922
16,0.0001,128,ReLU,300,0.4443546525051951,0.44438678429337486,0.44696969696969696,0.07546429987996817
16,0.0001,128,ReLU,500,0.4443546525051951,0.44438678429337486,0.44696969696969696,0.06849369988776743
16,0.0001,128,ReLU,1000,0.4443546525051951,0.44438678429337486,0.44696969696969696,0.0719108001794666
16,0.0001,128,Tanh,50,0.4303855922419765,0.4262218045112782,0.4393939393939394,0.06378949992358685
16,0.0001,128,Tanh,100,0.4303855922419765,0.4262218045112782,0.4393939393939394,0.0719860999379307
16,0.0001,128,Tanh,300,0.4303855922419765,0.4262218045112782,0.4393939393939394,0.07917370018549263
16,0.0001,128,Tanh,500,0.4303855922419765,0.4262218045112782,0.4393939393939394,0.06582279992289841
16,0.0001,128,Tanh,1000,0.4303855922419765,0.4262218045112782,0.4393939393939394,0.07645729999057949
16,0.0001,128,Sigmoid,50,0.5,0.3160621761658031,0.4621212121212121,0.08676390000618994
16,0.0001,128,Sigmoid,100,0.5,0.3160621761658031,0.4621212121212121,0.09503680001944304
16,0.0001,128,Sigmoid,300,0.5,0.3160621761658031,0.4621212121212121,0.07194009982049465
16,0.0001,128,Sigmoid,500,0.5,0.3160621761658031,0.4621212121212121,0.06948979990556836
16,0.0001,128,Sigmoid,1000,0.5,0.3160621761658031,0.4621212121212121,0.07746850000694394
16,0.0001,128,GELU,50,0.4443546525051951,0.44438678429337486,0.44696969696969696,0.0698618998285383
16,0.0001,128,GELU,100,0.4443546525051951,0.44438678429337486,0.44696969696969696,0.06326549989171326
16,0.0001,128,GELU,300,0.4443546525051951,0.44438678429337486,0.44696969696969696,0.06340690003708005
16,0.0001,128,GELU,500,0.4443546525051951,0.44438678429337486,0.44696969696969696,0.0631460000295192
16,0.0001,128,GELU,1000,0.4443546525051951,0.44438678429337486,0.44696969696969696,0.06770900008268654
16,0.0001,128,Softmax,50,0.5,0.3160621761658031,0.4621212121212121,0.06961619993671775
16,0.0001,128,Softmax,100,0.5,0.3160621761658031,0.4621212121212121,0.07904139999300241
16,0.0001,128,Softmax,300,0.5,0.3160621761658031,0.4621212121212121,0.081862400053069
16,0.0001,128,Softmax,500,0.5,0.3160621761658031,0.4621212121212121,0.06756289978511631
16,0.0001,128,Softmax,1000,0.5,0.3160621761658031,0.4621212121212121,0.07486999989487231
16,0.00025,8,ReLU,50,0.4443546525051951,0.44438678429337486,0.44696969696969696,0.22942960006184876
16,0.00025,8,ReLU,100,0.4443546525051951,0.44438678429337486,0.44696969696969696,0.19464120012708008
16,0.00025,8,ReLU,300,0.4443546525051951,0.44438678429337486,0.44696969696969696,0.2891941999550909
16,0.00025,8,ReLU,500,0.4443546525051951,0.44438678429337486,0.44696969696969696,0.2558000001590699
16,0.00025,8,ReLU,1000,0.4443546525051951,0.44438678429337486,0.44696969696969696,0.21821650001220405
16,0.00025,8,Tanh,50,0.412837681828677,0.4045584045584045,0.42424242424242425,0.23758549988269806
16,0.00025,8,Tanh,100,0.412837681828677,0.4045584045584045,0.42424242424242425,0.2267891000956297
16,0.00025,8,Tanh,300,0.412837681828677,0.4045584045584045,0.42424242424242425,0.24693080014549196
16,0.00025,8,Tanh,500,0.412837681828677,0.4045584045584045,0.42424242424242425,0.2782771000638604
16,0.00025,8,Tanh,1000,0.412837681828677,0.4045584045584045,0.42424242424242425,0.34794459980912507
16,0.00025,8,Sigmoid,50,0.3925190487185407,0.36419172932330823,0.3787878787878788,0.3159427000209689
16,0.00025,8,Sigmoid,100,0.3925190487185407,0.36419172932330823,0.3787878787878788,0.28768219985067844
16,0.00025,8,Sigmoid,300,0.3925190487185407,0.36419172932330823,0.3787878787878788,0.4600973001215607
16,0.00025,8,Sigmoid,500,0.3925190487185407,0.36419172932330823,0.3787878787878788,0.363219799939543
16,0.00025,8,Sigmoid,1000,0.3925190487185407,0.36419172932330823,0.3787878787878788,0.3352755999658257
16,0.00025,8,GELU,50,0.4443546525051951,0.44438678429337486,0.44696969696969696,0.21596499998122454
16,0.00025,8,GELU,100,0.4443546525051951,0.44438678429337486,0.44696969696969696,0.20057620014995337
16,0.00025,8,GELU,300,0.4443546525051951,0.44438678429337486,0.44696969696969696,0.17638799990527332
16,0.00025,8,GELU,500,0.4443546525051951,0.44438678429337486,0.44696969696969696,0.19237760012038052
16,0.00025,8,GELU,1000,0.4443546525051951,0.44438678429337486,0.44696969696969696,0.19712229981087148
16,0.00025,8,Softmax,50,0.3925190487185407,0.36419172932330823,0.3787878787878788,0.2661818000487983
16,0.00025,8,Softmax,100,0.3925190487185407,0.36419172932330823,0.3787878787878788,0.3676265999674797
16,0.00025,8,Softmax,300,0.3925190487185407,0.36419172932330823,0.3787878787878788,0.3078039998654276
16,0.00025,8,Softmax,500,0.3925190487185407,0.36419172932330823,0.3787878787878788,0.3246896001510322
16,0.00025,8,Softmax,1000,0.3925190487185407,0.36419172932330823,0.3787878787878788,0.2908966999966651
16,0.00025,16,ReLU,50,0.4443546525051951,0.44438678429337486,0.44696969696969696,0.09960540011525154
16,0.00025,16,ReLU,100,0.4443546525051951,0.44438678429337486,0.44696969696969696,0.11604340001940727
16,0.00025,16,ReLU,300,0.4443546525051951,0.44438678429337486,0.44696969696969696,0.12591650011017919
16,0.00025,16,ReLU,500,0.4443546525051951,0.44438678429337486,0.44696969696969696,0.12165199988521636
16,0.00025,16,ReLU,1000,0.4443546525051951,0.44438678429337486,0.44696969696969696,0.1340012000873685
16,0.00025,16,Tanh,50,0.4303855922419765,0.4262218045112782,0.4393939393939394,0.1531179000157863
16,0.00025,16,Tanh,100,0.4303855922419765,0.4262218045112782,0.4393939393939394,0.14600279997102916
16,0.00025,16,Tanh,300,0.4303855922419765,0.4262218045112782,0.4393939393939394,0.14627170003950596
16,0.00025,16,Tanh,500,0.4303855922419765,0.4262218045112782,0.4393939393939394,0.12130600004456937
16,0.00025,16,Tanh,1000,0.4303855922419765,0.4262218045112782,0.4393939393939394,0.11500450014136732
16,0.00025,16,Sigmoid,50,0.47194643269452785,0.33641304347826084,0.4393939393939394,0.1208005000371486
16,0.00025,16,Sigmoid,100,0.47194643269452785,0.33641304347826084,0.4393939393939394,0.11600270005874336
16,0.00025,16,Sigmoid,300,0.47194643269452785,0.33641304347826084,0.4393939393939394,0.1109861999284476
16,0.00025,16,Sigmoid,500,0.47194643269452785,0.33641304347826084,0.4393939393939394,0.12323709996417165
16,0.00025,16,Sigmoid,1000,0.47194643269452785,0.33641304347826084,0.4393939393939394,0.11936559993773699
16,0.00025,16,GELU,50,0.4443546525051951,0.44438678429337486,0.44696969696969696,0.12425750005058944
16,0.00025,16,GELU,100,0.4443546525051951,0.44438678429337486,0.44696969696969696,0.14268209994770586
16,0.00025,16,GELU,300,0.4443546525051951,0.44438678429337486,0.44696969696969696,0.10846469993703067
16,0.00025,16,GELU,500,0.4443546525051951,0.44438678429337486,0.44696969696969696,0.11038129986263812
16,0.00025,16,GELU,1000,0.4443546525051951,0.44438678429337486,0.44696969696969696,0.10407370002940297
16,0.00025,16,Softmax,50,0.47194643269452785,0.33641304347826084,0.4393939393939394,0.11357800010591745
16,0.00025,16,Softmax,100,0.47194643269452785,0.33641304347826084,0.4393939393939394,0.11037709983065724
16,0.00025,16,Softmax,300,0.47194643269452785,0.33641304347826084,0.4393939393939394,0.11460079997777939
16,0.00025,16,Softmax,500,0.47194643269452785,0.33641304347826084,0.4393939393939394,0.12137660011649132
16,0.00025,16,Softmax,1000,0.47194643269452785,0.33641304347826084,0.4393939393939394,0.11399660003371537
16,0.00025,32,ReLU,50,0.4373123989840684,0.43732718894009215,0.4393939393939394,0.08017110009677708
16,0.00025,32,ReLU,100,0.4373123989840684,0.43732718894009215,0.4393939393939394,0.09422229998745024
16,0.00025,32,ReLU,300,0.4373123989840684,0.43732718894009215,0.4393939393939394,0.08070729998871684
16,0.00025,32,ReLU,500,0.4373123989840684,0.43732718894009215,0.4393939393939394,0.07973180012777448
16,0.00025,32,ReLU,1000,0.4373123989840684,0.43732718894009215,0.4393939393939394,0.07552289986051619
16,0.00025,32,Tanh,50,0.4303855922419765,0.4262218045112782,0.4393939393939394,0.08843949995934963
16,0.00025,32,Tanh,100,0.4303855922419765,0.4262218045112782,0.4393939393939394,0.08528579981066287
16,0.00025,32,Tanh,300,0.4303855922419765,0.4262218045112782,0.4393939393939394,0.0884475999046117
16,0.00025,32,Tanh,500,0.4303855922419765,0.4262218045112782,0.4393939393939394,0.10004969988949597
16,0.00025,32,Tanh,1000,0.4303855922419765,0.4262218045112782,0.4393939393939394,0.08270050003193319
16,0.00025,32,Sigmoid,50,0.4918032786885246,0.3125,0.45454545454545453,0.07974680000916123
16,0.00025,32,Sigmoid,100,0.4918032786885246,0.3125,0.45454545454545453,0.08769200020469725
16,0.00025,32,Sigmoid,300,0.4918032786885246,0.3125,0.45454545454545453,0.07867929991334677
16,0.00025,32,Sigmoid,500,0.4918032786885246,0.3125,0.45454545454545453,0.08059100015088916
16,0.00025,32,Sigmoid,1000,0.4918032786885246,0.3125,0.45454545454545453,0.08469819999299943
16,0.00025,32,GELU,50,0.4373123989840684,0.43732718894009215,0.4393939393939394,0.08114210003986955
16,0.00025,32,GELU,100,0.4373123989840684,0.43732718894009215,0.4393939393939394,0.07250069989822805
16,0.00025,32,GELU,300,0.4373123989840684,0.43732718894009215,0.4393939393939394,0.06943269982002676
16,0.00025,32,GELU,500,0.4373123989840684,0.43732718894009215,0.4393939393939394,0.05758030014112592
16,0.00025,32,GELU,1000,0.4373123989840684,0.43732718894009215,0.4393939393939394,0.060014099813997746
16,0.00025,32,Softmax,50,0.4918032786885246,0.3125,0.45454545454545453,0.0849058001767844
16,0.00025,32,Softmax,100,0.4918032786885246,0.3125,0.45454545454545453,0.07892740005627275
16,0.00025,32,Softmax,300,0.4918032786885246,0.3125,0.45454545454545453,0.07972729997709394
16,0.00025,32,Softmax,500,0.4918032786885246,0.3125,0.45454545454545453,0.0765093001537025
16,0.00025,32,Softmax,1000,0.4918032786885246,0.3125,0.45454545454545453,0.08852809993550181
16,0.00025,64,ReLU,50,0.4373123989840684,0.43732718894009215,0.4393939393939394,0.057571500074118376
16,0.00025,64,ReLU,100,0.4373123989840684,0.43732718894009215,0.4393939393939394,0.058423300040885806
16,0.00025,64,ReLU,300,0.4373123989840684,0.43732718894009215,0.4393939393939394,0.05310250003822148
16,0.00025,64,ReLU,500,0.4373123989840684,0.43732718894009215,0.4393939393939394,0.051766599994152784
16,0.00025,64,ReLU,1000,0.4373123989840684,0.43732718894009215,0.4393939393939394,0.05925639998167753
16,0.00025,64,Tanh,50,0.4303855922419765,0.4262218045112782,0.4393939393939394,0.0624186999630183
16,0.00025,64,Tanh,100,0.4303855922419765,0.4262218045112782,0.4393939393939394,0.06680959998629987
16,0.00025,64,Tanh,300,0.4303855922419765,0.4262218045112782,0.4393939393939394,0.06068350002169609
16,0.00025,64,Tanh,500,0.4303855922419765,0.4262218045112782,0.4393939393939394,0.05848459992557764
16,0.00025,64,Tanh,1000,0.4303855922419765,0.4262218045112782,0.4393939393939394,0.060286000138148665
16,0.00025,64,Sigmoid,50,0.4918032786885246,0.3125,0.45454545454545453,0.059592399979010224
16,0.00025,64,Sigmoid,100,0.4918032786885246,0.3125,0.45454545454545453,0.05062630004249513
16,0.00025,64,Sigmoid,300,0.4918032786885246,0.3125,0.45454545454545453,0.04998599993996322
16,0.00025,64,Sigmoid,500,0.4918032786885246,0.3125,0.45454545454545453,0.05478090001270175
16,0.00025,64,Sigmoid,1000,0.4918032786885246,0.3125,0.45454545454545453,0.05122090014629066
16,0.00025,64,GELU,50,0.4373123989840684,0.43732718894009215,0.4393939393939394,0.04026399995200336
16,0.00025,64,GELU,100,0.4373123989840684,0.43732718894009215,0.4393939393939394,0.04656940000131726
16,0.00025,64,GELU,300,0.4373123989840684,0.43732718894009215,0.4393939393939394,0.05025559989735484
16,0.00025,64,GELU,500,0.4373123989840684,0.43732718894009215,0.4393939393939394,0.04741130000911653
16,0.00025,64,GELU,1000,0.4373123989840684,0.43732718894009215,0.4393939393939394,0.05047990009188652
16,0.00025,64,Softmax,50,0.4918032786885246,0.3125,0.45454545454545453,0.04768990003503859
16,0.00025,64,Softmax,100,0.4918032786885246,0.3125,0.45454545454545453,0.05208640010096133
16,0.00025,64,Softmax,300,0.4918032786885246,0.3125,0.45454545454545453,0.04672500002197921
16,0.00025,64,Softmax,500,0.4918032786885246,0.3125,0.45454545454545453,0.05882770009338856
16,0.00025,64,Softmax,1000,0.4918032786885246,0.3125,0.45454545454545453,0.10726330010220408
16,0.00025,128,ReLU,50,0.4443546525051951,0.44438678429337486,0.44696969696969696,0.10120059992186725
16,0.00025,128,ReLU,100,0.4443546525051951,0.44438678429337486,0.44696969696969696,0.09057449991814792
16,0.00025,128,ReLU,300,0.4443546525051951,0.44438678429337486,0.44696969696969696,0.09142159996554255
16,0.00025,128,ReLU,500,0.4443546525051951,0.44438678429337486,0.44696969696969696,0.07753010001033545
16,0.00025,128,ReLU,1000,0.4443546525051951,0.44438678429337486,0.44696969696969696,0.0797847998328507
16,0.00025,128,Tanh,50,0.4303855922419765,0.4262218045112782,0.4393939393939394,0.08369110012426972
16,0.00025,128,Tanh,100,0.4303855922419765,0.4262218045112782,0.4393939393939394,0.09118450013920665
16,0.00025,128,Tanh,300,0.4303855922419765,0.4262218045112782,0.4393939393939394,0.07564750011079013
16,0.00025,128,Tanh,500,0.4303855922419765,0.4262218045112782,0.4393939393939394,0.0650728999171406
16,0.00025,128,Tanh,1000,0.4303855922419765,0.4262218045112782,0.4393939393939394,0.060706600081175566
16,0.00025,128,Sigmoid,50,0.5,0.3160621761658031,0.4621212121212121,0.07457820000126958
16,0.00025,128,Sigmoid,100,0.5,0.3160621761658031,0.4621212121212121,0.07607149984687567
16,0.00025,128,Sigmoid,300,0.5,0.3160621761658031,0.4621212121212121,0.08076669997535646
16,0.00025,128,Sigmoid,500,0.5,0.3160621761658031,0.4621212121212121,0.08162469998933375
16,0.00025,128,Sigmoid,1000,0.5,0.3160621761658031,0.4621212121212121,0.07238090015016496
16,0.00025,128,GELU,50,0.4443546525051951,0.44438678429337486,0.44696969696969696,0.07554150000214577
16,0.00025,128,GELU,100,0.4443546525051951,0.44438678429337486,0.44696969696969696,0.06488610012456775
16,0.00025,128,GELU,300,0.4443546525051951,0.44438678429337486,0.44696969696969696,0.06898540002293885
16,0.00025,128,GELU,500,0.4443546525051951,0.44438678429337486,0.44696969696969696,0.07700019981712103
16,0.00025,128,GELU,1000,0.4443546525051951,0.44438678429337486,0.44696969696969696,0.0728965001180768
16,0.00025,128,Softmax,50,0.5,0.3160621761658031,0.4621212121212121,0.08259629993699491
16,0.00025,128,Softmax,100,0.5,0.3160621761658031,0.4621212121212121,0.10982379992492497
16,0.00025,128,Softmax,300,0.5,0.3160621761658031,0.4621212121212121,0.09292759979143739
16,0.00025,128,Softmax,500,0.5,0.3160621761658031,0.4621212121212121,0.08199630002491176
16,0.00025,128,Softmax,1000,0.5,0.3160621761658031,0.4621212121212121,0.08354289992712438
32,0.01,8,ReLU,50,0.6460401754791041,0.646318732525629,0.6515151515151515,0.2979454000014812
32,0.01,8,ReLU,100,0.6460401754791041,0.646318732525629,0.6515151515151515,0.284656299976632
32,0.01,8,ReLU,300,0.6460401754791041,0.646318732525629,0.6515151515151515,0.2872262999881059
32,0.01,8,ReLU,500,0.6460401754791041,0.646318732525629,0.6515151515151515,0.28851359989494085
32,0.01,8,ReLU,1000,0.6460401754791041,0.646318732525629,0.6515151515151515,0.36310110008344054
32,0.01,8,Tanh,50,0.6601246825213576,0.6603508771929825,0.6666666666666666,0.2566871999297291
32,0.01,8,Tanh,100,0.6601246825213576,0.6603508771929825,0.6666666666666666,0.18748590000905097
32,0.01,8,Tanh,300,0.6601246825213576,0.6603508771929825,0.6666666666666666,0.23159529990516603
32,0.01,8,Tanh,500,0.6601246825213576,0.6603508771929825,0.6666666666666666,0.21009439998306334
32,0.01,8,Tanh,1000,0.6601246825213576,0.6603508771929825,0.6666666666666666,0.18036459991708398
32,0.01,8,Sigmoid,50,0.6731701685522974,0.6659053027964689,0.6893939393939394,0.22476439992897213
32,0.01,8,Sigmoid,100,0.6731701685522974,0.6659053027964689,0.6893939393939394,0.3067719000391662
32,0.01,8,Sigmoid,300,0.6731701685522974,0.6659053027964689,0.6893939393939394,0.38797620008699596
32,0.01,8,Sigmoid,500,0.6731701685522974,0.6659053027964689,0.6893939393939394,0.2717728998977691
32,0.01,8,Sigmoid,1000,0.6731701685522974,0.6659053027964689,0.6893939393939394,0.24494419991970062
32,0.01,8,GELU,50,0.6460401754791041,0.646318732525629,0.6515151515151515,0.273445799946785
32,0.01,8,GELU,100,0.6460401754791041,0.646318732525629,0.6515151515151515,0.25932439998723567
32,0.01,8,GELU,300,0.6460401754791041,0.646318732525629,0.6515151515151515,0.30048149987123907
32,0.01,8,GELU,500,0.6460401754791041,0.646318732525629,0.6515151515151515,0.29919980000704527
32,0.01,8,GELU,1000,0.6460401754791041,0.646318732525629,0.6515151515151515,0.25207310006953776
32,0.01,8,Softmax,50,0.6731701685522974,0.6659053027964689,0.6893939393939394,0.23306820006109774
32,0.01,8,Softmax,100,0.6731701685522974,0.6659053027964689,0.6893939393939394,0.229067699983716
32,0.01,8,Softmax,300,0.6731701685522974,0.6659053027964689,0.6893939393939394,0.19937649997882545
32,0.01,8,Softmax,500,0.6731701685522974,0.6659053027964689,0.6893939393939394,0.2277961999643594
32,0.01,8,Softmax,1000,0.6731701685522974,0.6659053027964689,0.6893939393939394,0.3053914001211524
32,0.01,16,ReLU,50,0.6530824290002308,0.6533411146775605,0.6590909090909091,0.2075489000417292
32,0.01,16,ReLU,100,0.6530824290002308,0.6533411146775605,0.6590909090909091,0.16726220003329217
32,0.01,16,ReLU,300,0.6530824290002308,0.6533411146775605,0.6590909090909091,0.170179900014773
32,0.01,16,ReLU,500,0.6530824290002308,0.6533411146775605,0.6590909090909091,0.17325249989517033
32,0.01,16,ReLU,1000,0.6530824290002308,0.6533411146775605,0.6590909090909091,0.16699970001354814
32,0.01,16,Tanh,50,0.6460401754791041,0.646318732525629,0.6515151515151515,0.1243976999539882
32,0.01,16,Tanh,100,0.6460401754791041,0.646318732525629,0.6515151515151515,0.13594870013184845
32,0.01,16,Tanh,300,0.6460401754791041,0.646318732525629,0.6515151515151515,0.13920579990372062
32,0.01,16,Tanh,500,0.6460401754791041,0.646318732525629,0.6515151515151515,0.13825089996680617
32,0.01,16,Tanh,1000,0.6460401754791041,0.646318732525629,0.6515151515151515,0.13484479999169707
32,0.01,16,Sigmoid,50,0.6474255368275226,0.6329625884732053,0.6666666666666666,0.14200560003519058
32,0.01,16,Sigmoid,100,0.6474255368275226,0.6329625884732053,0.6666666666666666,0.135277200024575
32,0.01,16,Sigmoid,300,0.6474255368275226,0.6329625884732053,0.6666666666666666,0.12350270012393594
32,0.01,16,Sigmoid,500,0.6474255368275226,0.6329625884732053,0.6666666666666666,0.12048660009168088
32,0.01,16,Sigmoid,1000,0.6474255368275226,0.6329625884732053,0.6666666666666666,0.12476609996519983
32,0.01,16,GELU,50,0.6530824290002308,0.6533411146775605,0.6590909090909091,0.16310740006156266
32,0.01,16,GELU,100,0.6530824290002308,0.6533411146775605,0.6590909090909091,0.1637840000912547
32,0.01,16,GELU,300,0.6530824290002308,0.6533411146775605,0.6590909090909091,0.17908730008639395
32,0.01,16,GELU,500,0.6530824290002308,0.6533411146775605,0.6590909090909091,0.17925580008886755
32,0.01,16,GELU,1000,0.6530824290002308,0.6533411146775605,0.6590909090909091,0.1983941998332739
32,0.01,16,Softmax,50,0.6474255368275226,0.6329625884732053,0.6666666666666666,0.13319949992001057
32,0.01,16,Softmax,100,0.6474255368275226,0.6329625884732053,0.6666666666666666,0.14570719981566072
32,0.01,16,Softmax,300,0.6474255368275226,0.6329625884732053,0.6666666666666666,0.12003750004805624
32,0.01,16,Softmax,500,0.6474255368275226,0.6329625884732053,0.6666666666666666,0.1098140999674797
32,0.01,16,Softmax,1000,0.6474255368275226,0.6329625884732053,0.6666666666666666,0.11754000000655651
32,0.01,32,ReLU,50,0.6132532902332025,0.612312030075188,0.6212121212121212,0.09499880019575357
32,0.01,32,ReLU,100,0.6132532902332025,0.612312030075188,0.6212121212121212,0.09457159996964037
32,0.01,32,ReLU,300,0.6132532902332025,0.612312030075188,0.6212121212121212,0.08693030010908842
32,0.01,32,ReLU,500,0.6132532902332025,0.612312030075188,0.6212121212121212,0.0825360999442637
32,0.01,32,ReLU,1000,0.6132532902332025,0.612312030075188,0.6212121212121212,0.10121120000258088
32,0.01,32,Tanh,50,0.627337797275456,0.625974025974026,0.6363636363636364,0.09595600003376603
32,0.01,32,Tanh,100,0.627337797275456,0.625974025974026,0.6363636363636364,0.10028689983300865
32,0.01,32,Tanh,300,0.627337797275456,0.625974025974026,0.6363636363636364,0.0996675998903811
32,0.01,32,Tanh,500,0.627337797275456,0.625974025974026,0.6363636363636364,0.10730150016024709
32,0.01,32,Tanh,1000,0.627337797275456,0.625974025974026,0.6363636363636364,0.09515440021641552
32,0.01,32,Sigmoid,50,0.6298776264142231,0.6079545454545454,0.6515151515151515,0.08539239992387593
32,0.01,32,Sigmoid,100,0.6298776264142231,0.6079545454545454,0.6515151515151515,0.08446760009974241
32,0.01,32,Sigmoid,300,0.6298776264142231,0.6079545454545454,0.6515151515151515,0.089420200092718
32,0.01,32,Sigmoid,500,0.6298776264142231,0.6079545454545454,0.6515151515151515,0.08190439990721643
32,0.01,32,Sigmoid,1000,0.6298776264142231,0.6079545454545454,0.6515151515151515,0.08269939990714192
32,0.01,32,GELU,50,0.6132532902332025,0.612312030075188,0.6212121212121212,0.07489529997110367
32,0.01,32,GELU,100,0.6132532902332025,0.612312030075188,0.6212121212121212,0.08608309994451702
32,0.01,32,GELU,300,0.6132532902332025,0.612312030075188,0.6212121212121212,0.0774521001148969
32,0.01,32,GELU,500,0.6132532902332025,0.612312030075188,0.6212121212121212,0.0829058000817895
32,0.01,32,GELU,1000,0.6132532902332025,0.612312030075188,0.6212121212121212,0.08024400006979704
32,0.01,32,Softmax,50,0.6298776264142231,0.6079545454545454,0.6515151515151515,0.0892773000523448
32,0.01,32,Softmax,100,0.6298776264142231,0.6079545454545454,0.6515151515151515,0.07906710007227957
32,0.01,32,Softmax,300,0.6298776264142231,0.6079545454545454,0.6515151515151515,0.10783719993196428
32,0.01,32,Softmax,500,0.6298776264142231,0.6079545454545454,0.6515151515151515,0.10833610012196004
32,0.01,32,Softmax,1000,0.6298776264142231,0.6079545454545454,0.6515151515151515,0.09831489995121956
32,0.01,64,ReLU,50,0.5722696836758254,0.5678314185368176,0.5833333333333334,0.06377910007722676
32,0.01,64,ReLU,100,0.5722696836758254,0.5678314185368176,0.5833333333333334,0.06579789984971285
32,0.01,64,ReLU,300,0.5722696836758254,0.5678314185368176,0.5833333333333334,0.0622270000167191
32,0.01,64,ReLU,500,0.5722696836758254,0.5678314185368176,0.5833333333333334,0.06580579979345202
32,0.01,64,ReLU,1000,0.5722696836758254,0.5678314185368176,0.5833333333333334,0.06350190006196499
32,0.01,64,Tanh,50,0.6168321403832833,0.6125786163522012,0.6287878787878788,0.05043939989991486
32,0.01,64,Tanh,100,0.6168321403832833,0.6125786163522012,0.6287878787878788,0.0638745001051575
32,0.01,64,Tanh,300,0.6168321403832833,0.6125786163522012,0.6287878787878788,0.04964439989998937
32,0.01,64,Tanh,500,0.6168321403832833,0.6125786163522012,0.6287878787878788,0.06213880004361272
32,0.01,64,Tanh,1000,0.6168321403832833,0.6125786163522012,0.6287878787878788,0.053486299933865666
32,0.01,64,Sigmoid,50,0.5806972985453706,0.5400696864111498,0.6060606060606061,0.07480359985493124
32,0.01,64,Sigmoid,100,0.5806972985453706,0.5400696864111498,0.6060606060606061,0.06171729997731745
32,0.01,64,Sigmoid,300,0.5806972985453706,0.5400696864111498,0.6060606060606061,0.08340059989131987
32,0.01,64,Sigmoid,500,0.5806972985453706,0.5400696864111498,0.6060606060606061,0.07024009991437197
32,0.01,64,Sigmoid,1000,0.5806972985453706,0.5400696864111498,0.6060606060606061,0.07309369998984039
32,0.01,64,GELU,50,0.5722696836758254,0.5678314185368176,0.5833333333333334,0.059384800028055906
32,0.01,64,GELU,100,0.5722696836758254,0.5678314185368176,0.5833333333333334,0.060486000031232834
32,0.01,64,GELU,300,0.5722696836758254,0.5678314185368176,0.5833333333333334,0.06430920003913343
32,0.01,64,GELU,500,0.5722696836758254,0.5678314185368176,0.5833333333333334,0.0661983999889344
32,0.01,64,GELU,1000,0.5722696836758254,0.5678314185368176,0.5833333333333334,0.05838389997370541
32,0.01,64,Softmax,50,0.5806972985453706,0.5400696864111498,0.6060606060606061,0.07011050009168684
32,0.01,64,Softmax,100,0.5806972985453706,0.5400696864111498,0.6060606060606061,0.08147100009955466
32,0.01,64,Softmax,300,0.5806972985453706,0.5400696864111498,0.6060606060606061,0.08176530012860894
32,0.01,64,Softmax,500,0.5806972985453706,0.5400696864111498,0.6060606060606061,0.07724310015328228
32,0.01,64,Softmax,1000,0.5806972985453706,0.5400696864111498,0.6060606060606061,0.10656640003435314
32,0.01,128,ReLU,50,0.5699607480951281,0.562202255321715,0.5833333333333334,0.0835246997885406
32,0.01,128,ReLU,100,0.5699607480951281,0.562202255321715,0.5833333333333334,0.09008709993213415
32,0.01,128,ReLU,300,0.5699607480951281,0.562202255321715,0.5833333333333334,0.07579200016334653
32,0.01,128,ReLU,500,0.5699607480951281,0.562202255321715,0.5833333333333334,0.07364910002797842
32,0.01,128,ReLU,1000,0.5699607480951281,0.562202255321715,0.5833333333333334,0.09100870019756258
32,0.01,128,Tanh,50,0.5851997229277304,0.5781221733100164,0.5984848484848485,0.08418750017881393
32,0.01,128,Tanh,100,0.5851997229277304,0.5781221733100164,0.5984848484848485,0.08532890002243221
32,0.01,128,Tanh,300,0.5851997229277304,0.5781221733100164,0.5984848484848485,0.09866550005972385
32,0.01,128,Tanh,500,0.5851997229277304,0.5781221733100164,0.5984848484848485,0.10990080004557967
32,0.01,128,Tanh,1000,0.5851997229277304,0.5781221733100164,0.5984848484848485,0.1331369997933507
32,0.01,128,Sigmoid,50,0.5326714384668668,0.47229114971050457,0.5606060606060606,0.12006699992343783
32,0.01,128,Sigmoid,100,0.5326714384668668,0.47229114971050457,0.5606060606060606,0.1393221002072096
32,0.01,128,Sigmoid,300,0.5326714384668668,0.47229114971050457,0.5606060606060606,0.11200389987789094
32,0.01,128,Sigmoid,500,0.5326714384668668,0.47229114971050457,0.5606060606060606,0.0973473999183625
32,0.01,128,Sigmoid,1000,0.5326714384668668,0.47229114971050457,0.5606060606060606,0.09610740002244711
32,0.01,128,GELU,50,0.5699607480951281,0.562202255321715,0.5833333333333334,0.08088530017994344
32,0.01,128,GELU,100,0.5699607480951281,0.562202255321715,0.5833333333333334,0.08642599987797439
32,0.01,128,GELU,300,0.5699607480951281,0.562202255321715,0.5833333333333334,0.08909589983522892
32,0.01,128,GELU,500,0.5699607480951281,0.562202255321715,0.5833333333333334,0.09182119998149574
32,0.01,128,GELU,1000,0.5699607480951281,0.562202255321715,0.5833333333333334,0.08083019987680018
32,0.01,128,Softmax,50,0.5326714384668668,0.47229114971050457,0.5606060606060606,0.10240270011126995
32,0.01,128,Softmax,100,0.5326714384668668,0.47229114971050457,0.5606060606060606,0.09834160003811121
32,0.01,128,Softmax,300,0.5326714384668668,0.47229114971050457,0.5606060606060606,0.10104660014621913
32,0.01,128,Softmax,500,0.5326714384668668,0.47229114971050457,0.5606060606060606,0.10998980002477765
32,0.01,128,Softmax,1000,0.5326714384668668,0.47229114971050457,0.5606060606060606,0.14093940006569028
32,0.001,8,ReLU,50,0.5840452551373816,0.5750470752596732,0.5984848484848485,0.37061870004981756
32,0.001,8,ReLU,100,0.5840452551373816,0.5750470752596732,0.5984848484848485,0.3202686000149697
32,0.001,8,ReLU,300,0.5840452551373816,0.5750470752596732,0.5984848484848485,0.3271363000385463
32,0.001,8,ReLU,500,0.5840452551373816,0.5750470752596732,0.5984848484848485,0.4552748999558389
32,0.001,8,ReLU,1000,0.5840452551373816,0.5750470752596732,0.5984848484848485,0.4006611001677811
32,0.001,8,Tanh,50,0.6214500115446779,0.6209341850788255,0.6287878787878788,0.3462191999424249
32,0.001,8,Tanh,100,0.6214500115446779,0.6209341850788255,0.6287878787878788,0.33657929999753833
32,0.001,8,Tanh,300,0.6214500115446779,0.6209341850788255,0.6287878787878788,0.29861920000985265
32,0.001,8,Tanh,500,0.6214500115446779,0.6209341850788255,0.6287878787878788,0.28901789989322424
32,0.001,8,Tanh,1000,0.6214500115446779,0.6209341850788255,0.6287878787878788,0.3904388998635113
32,0.001,8,Sigmoid,50,0.5,0.3497536945812808,0.5378787878787878,0.20945450011640787
32,0.001,8,Sigmoid,100,0.5,0.3497536945812808,0.5378787878787878,0.18421760015189648
32,0.001,8,Sigmoid,300,0.5,0.3497536945812808,0.5378787878787878,0.16746710008010268
32,0.001,8,Sigmoid,500,0.5,0.3497536945812808,0.5378787878787878,0.18841770011931658
32,0.001,8,Sigmoid,1000,0.5,0.3497536945812808,0.5378787878787878,0.19434010004624724
32,0.001,8,GELU,50,0.5840452551373816,0.5750470752596732,0.5984848484848485,0.27691969997249544
32,0.001,8,GELU,100,0.5840452551373816,0.5750470752596732,0.5984848484848485,0.36127940006554127
32,0.001,8,GELU,300,0.5840452551373816,0.5750470752596732,0.5984848484848485,0.3732685998547822
32,0.001,8,GELU,500,0.5840452551373816,0.5750470752596732,0.5984848484848485,0.2638461999595165
32,0.001,8,GELU,1000,0.5840452551373816,0.5750470752596732,0.5984848484848485,0.2671199000906199
32,0.001,8,Softmax,50,0.5,0.3497536945812808,0.5378787878787878,0.19155279989354312
32,0.001,8,Softmax,100,0.5,0.3497536945812808,0.5378787878787878,0.2391682998277247
32,0.001,8,Softmax,300,0.5,0.3497536945812808,0.5378787878787878,0.23902179999276996
32,0.001,8,Softmax,500,0.5,0.3497536945812808,0.5378787878787878,0.2386352000758052
32,0.001,8,Softmax,1000,0.5,0.3497536945812808,0.5378787878787878,0.17075100005604327
32,0.001,16,ReLU,50,0.5630339413530363,0.5388426602299434,0.5833333333333334,0.18080529989674687
32,0.001,16,ReLU,100,0.5630339413530363,0.5388426602299434,0.5833333333333334,0.1782726999372244
32,0.001,16,ReLU,300,0.5630339413530363,0.5388426602299434,0.5833333333333334,0.16137330001220107
32,0.001,16,ReLU,500,0.5630339413530363,0.5388426602299434,0.5833333333333334,0.1806117999367416
32,0.001,16,ReLU,1000,0.5630339413530363,0.5388426602299434,0.5833333333333334,0.17846280010417104
32,0.001,16,Tanh,50,0.5816208727776495,0.5792207792207792,0.5909090909090909,0.2428973000496626
32,0.001,16,Tanh,100,0.5816208727776495,0.5792207792207792,0.5909090909090909,0.20888240006752312
32,0.001,16,Tanh,300,0.5816208727776495,0.5792207792207792,0.5909090909090909,0.19658209988847375
32,0.001,16,Tanh,500,0.5816208727776495,0.5792207792207792,0.5909090909090909,0.1644156000111252
32,0.001,16,Tanh,1000,0.5816208727776495,0.5792207792207792,0.5909090909090909,0.1809853999875486
32,0.001,16,Sigmoid,50,0.5,0.3497536945812808,0.5378787878787878,0.11303229979239404
32,0.001,16,Sigmoid,100,0.5,0.3497536945812808,0.5378787878787878,0.09310409985482693
32,0.001,16,Sigmoid,300,0.5,0.3497536945812808,0.5378787878787878,0.11052980017848313
32,0.001,16,Sigmoid,500,0.5,0.3497536945812808,0.5378787878787878,0.1130349999293685
32,0.001,16,Sigmoid,1000,0.5,0.3497536945812808,0.5378787878787878,0.0979124999139458
32,0.001,16,GELU,50,0.5630339413530363,0.5388426602299434,0.5833333333333334,0.1727730999700725
32,0.001,16,GELU,100,0.5630339413530363,0.5388426602299434,0.5833333333333334,0.181592799955979
32,0.001,16,GELU,300,0.5630339413530363,0.5388426602299434,0.5833333333333334,0.17331609991379082
32,0.001,16,GELU,500,0.5630339413530363,0.5388426602299434,0.5833333333333334,0.17202390008606017
32,0.001,16,GELU,1000,0.5630339413530363,0.5388426602299434,0.5833333333333334,0.15041889995336533
32,0.001,16,Softmax,50,0.5,0.3497536945812808,0.5378787878787878,0.09509499999694526
32,0.001,16,Softmax,100,0.5,0.3497536945812808,0.5378787878787878,0.10075909993611276
32,0.001,16,Softmax,300,0.5,0.3497536945812808,0.5378787878787878,0.10069300001487136
32,0.001,16,Softmax,500,0.5,0.3497536945812808,0.5378787878787878,0.10059229983016849
32,0.001,16,Softmax,1000,0.5,0.3497536945812808,0.5378787878787878,0.11090259999036789
32,0.001,32,ReLU,50,0.53844377741861,0.5056818181818181,0.5606060606060606,0.14840850001201034
32,0.001,32,ReLU,100,0.53844377741861,0.5056818181818181,0.5606060606060606,0.13726490014232695
32,0.001,32,ReLU,300,0.53844377741861,0.5056818181818181,0.5606060606060606,0.15994910011067986
32,0.001,32,ReLU,500,0.53844377741861,0.5056818181818181,0.5606060606060606,0.17021379992365837
32,0.001,32,ReLU,1000,0.53844377741861,0.5056818181818181,0.5606060606060606,0.13365660002455115
32,0.001,32,Tanh,50,0.5405218194412376,0.5402832598096123,0.5454545454545454,0.12390909995883703
32,0.001,32,Tanh,100,0.5405218194412376,0.5402832598096123,0.5454545454545454,0.12330810003913939
32,0.001,32,Tanh,300,0.5405218194412376,0.5402832598096123,0.5454545454545454,0.11610920005477965
32,0.001,32,Tanh,500,0.5405218194412376,0.5402832598096123,0.5454545454545454,0.12605099985376
32,0.001,32,Tanh,1000,0.5405218194412376,0.5402832598096123,0.5454545454545454,0.11396229988895357
32,0.001,32,Sigmoid,50,0.5,0.3497536945812808,0.5378787878787878,0.06328750005923212
32,0.001,32,Sigmoid,100,0.5,0.3497536945812808,0.5378787878787878,0.06447109999135137
32,0.001,32,Sigmoid,300,0.5,0.3497536945812808,0.5378787878787878,0.05105450004339218
32,0.001,32,Sigmoid,500,0.5,0.3497536945812808,0.5378787878787878,0.06397580006159842
32,0.001,32,Sigmoid,1000,0.5,0.3497536945812808,0.5378787878787878,0.06211790000088513
32,0.001,32,GELU,50,0.53844377741861,0.5056818181818181,0.5606060606060606,0.11650770017877221
32,0.001,32,GELU,100,0.53844377741861,0.5056818181818181,0.5606060606060606,0.11297739995643497
32,0.001,32,GELU,300,0.53844377741861,0.5056818181818181,0.5606060606060606,0.11790350009687245
32,0.001,32,GELU,500,0.53844377741861,0.5056818181818181,0.5606060606060606,0.12868089997209609
32,0.001,32,GELU,1000,0.53844377741861,0.5056818181818181,0.5606060606060606,0.1239614998921752
32,0.001,32,Softmax,50,0.5,0.3497536945812808,0.5378787878787878,0.0586046997923404
32,0.001,32,Softmax,100,0.5,0.3497536945812808,0.5378787878787878,0.04660499980673194
32,0.001,32,Softmax,300,0.5,0.3497536945812808,0.5378787878787878,0.0640103998593986
32,0.001,32,Softmax,500,0.5,0.3497536945812808,0.5378787878787878,0.05142990010790527
32,0.001,32,Softmax,1000,0.5,0.3497536945812808,0.5378787878787878,0.06195309991016984
32,0.001,64,ReLU,50,0.5045024243823597,0.4516215491825248,0.5303030303030303,0.09336200007237494
32,0.001,64,ReLU,100,0.5045024243823597,0.4516215491825248,0.5303030303030303,0.10063220001757145
32,0.001,64,ReLU,300,0.5045024243823597,0.4516215491825248,0.5303030303030303,0.07754470012150705
32,0.001,64,ReLU,500,0.5045024243823597,0.4516215491825248,0.5303030303030303,0.0689005998428911
32,0.001,64,ReLU,1000,0.5045024243823597,0.4516215491825248,0.5303030303030303,0.07760199997574091
32,0.001,64,Tanh,50,0.5124682521357654,0.5077833678603136,0.5227272727272727,0.10830690013244748
32,0.001,64,Tanh,100,0.5124682521357654,0.5077833678603136,0.5227272727272727,0.13153680018149316
32,0.001,64,Tanh,300,0.5124682521357654,0.5077833678603136,0.5227272727272727,0.21674850000999868
32,0.001,64,Tanh,500,0.5124682521357654,0.5077833678603136,0.5227272727272727,0.17217310005798936
32,0.001,64,Tanh,1000,0.5124682521357654,0.5077833678603136,0.5227272727272727,0.18479269999079406
32,0.001,64,Sigmoid,50,0.5,0.3497536945812808,0.5378787878787878,0.06838539987802505
32,0.001,64,Sigmoid,100,0.5,0.3497536945812808,0.5378787878787878,0.08863759995438159
32,0.001,64,Sigmoid,300,0.5,0.3497536945812808,0.5378787878787878,0.07260539988055825
32,0.001,64,Sigmoid,500,0.5,0.3497536945812808,0.5378787878787878,0.0818311998154968
32,0.001,64,Sigmoid,1000,0.5,0.3497536945812808,0.5378787878787878,0.08145690010860562
32,0.001,64,GELU,50,0.5045024243823597,0.4516215491825248,0.5303030303030303,0.12154709990136325
32,0.001,64,GELU,100,0.5045024243823597,0.4516215491825248,0.5303030303030303,0.13666070019826293
32,0.001,64,GELU,300,0.5045024243823597,0.4516215491825248,0.5303030303030303,0.12641919986344874
32,0.001,64,GELU,500,0.5045024243823597,0.4516215491825248,0.5303030303030303,0.14976530009880662
32,0.001,64,GELU,1000,0.5045024243823597,0.4516215491825248,0.5303030303030303,0.20602669985964894
32,0.001,64,Softmax,50,0.5,0.3497536945812808,0.5378787878787878,0.12587179988622665
32,0.001,64,Softmax,100,0.5,0.3497536945812808,0.5378787878787878,0.08866019989363849
32,0.001,64,Softmax,300,0.5,0.3497536945812808,0.5378787878787878,0.1336699000094086
32,0.001,64,Softmax,500,0.5,0.3497536945812808,0.5378787878787878,0.09215639997273684
32,0.001,64,Softmax,1000,0.5,0.3497536945812808,0.5378787878787878,0.07730259979143739
32,0.001,128,ReLU,50,0.4986146386515816,0.4534341110745974,0.5227272727272727,0.08593410020694137
32,0.001,128,ReLU,100,0.4986146386515816,0.4534341110745974,0.5227272727272727,0.07502550003118813
32,0.001,128,ReLU,300,0.4986146386515816,0.4534341110745974,0.5227272727272727,0.08700890000909567
32,0.001,128,ReLU,500,0.4986146386515816,0.4534341110745974,0.5227272727272727,0.09880270017310977
32,0.001,128,ReLU,1000,0.4986146386515816,0.4534341110745974,0.5227272727272727,0.10967699997127056
32,0.001,128,Tanh,50,0.45497575617640273,0.45304931426904,0.4621212121212121,0.08618560014292598
32,0.001,128,Tanh,100,0.45497575617640273,0.45304931426904,0.4621212121212121,0.08022730005905032
32,0.001,128,Tanh,300,0.45497575617640273,0.45304931426904,0.4621212121212121,0.08416749979369342
32,0.001,128,Tanh,500,0.45497575617640273,0.45304931426904,0.4621212121212121,0.0740775999147445
32,0.001,128,Tanh,1000,0.45497575617640273,0.45304931426904,0.4621212121212121,0.07859829999506474
32,0.001,128,Sigmoid,50,0.5,0.3497536945812808,0.5378787878787878,0.07210420002229512
32,0.001,128,Sigmoid,100,0.5,0.3497536945812808,0.5378787878787878,0.10381040000356734
32,0.001,128,Sigmoid,300,0.5,0.3497536945812808,0.5378787878787878,0.1057737001683563
32,0.001,128,Sigmoid,500,0.5,0.3497536945812808,0.5378787878787878,0.08879680000245571
32,0.001,128,Sigmoid,1000,0.5,0.3497536945812808,0.5378787878787878,0.07048090011812747
32,0.001,128,GELU,50,0.4986146386515816,0.4534341110745974,0.5227272727272727,0.11071939999237657
32,0.001,128,GELU,100,0.4986146386515816,0.4534341110745974,0.5227272727272727,0.08837409992702305
32,0.001,128,GELU,300,0.4986146386515816,0.4534341110745974,0.5227272727272727,0.09528120001778007
32,0.001,128,GELU,500,0.4986146386515816,0.4534341110745974,0.5227272727272727,0.08953089988790452
32,0.001,128,GELU,1000,0.4986146386515816,0.4534341110745974,0.5227272727272727,0.07802610006183386
32,0.001,128,Softmax,50,0.5,0.3497536945812808,0.5378787878787878,0.06343100010417402
32,0.001,128,Softmax,100,0.5,0.3497536945812808,0.5378787878787878,0.07119129993952811
32,0.001,128,Softmax,300,0.5,0.3497536945812808,0.5378787878787878,0.0734114998485893
32,0.001,128,Softmax,500,0.5,0.3497536945812808,0.5378787878787878,0.06835309998132288
32,0.001,128,Softmax,1000,0.5,0.3497536945812808,0.5378787878787878,0.0642552999779582
32,0.0001,8,ReLU,50,0.4927268529208035,0.45454545454545453,0.5151515151515151,0.2752672000788152
32,0.0001,8,ReLU,100,0.4927268529208035,0.45454545454545453,0.5151515151515151,0.3540208002086729
32,0.0001,8,ReLU,300,0.4927268529208035,0.45454545454545453,0.5151515151515151,0.29369239998050034
32,0.0001,8,ReLU,500,0.4927268529208035,0.45454545454545453,0.5151515151515151,0.2811123998835683
32,0.0001,8,ReLU,1000,0.4927268529208035,0.45454545454545453,0.5151515151515151,0.27409350010566413
32,0.0001,8,Tanh,50,0.45728469175709996,0.456853086062011,0.4621212121212121,0.18789830012246966
32,0.0001,8,Tanh,100,0.45728469175709996,0.456853086062011,0.4621212121212121,0.1953580998815596
32,0.0001,8,Tanh,300,0.45728469175709996,0.456853086062011,0.4621212121212121,0.22826120001263916
32,0.0001,8,Tanh,500,0.45728469175709996,0.456853086062011,0.4621212121212121,0.2886192000005394
32,0.0001,8,Tanh,1000,0.45728469175709996,0.456853086062011,0.4621212121212121,0.2326463998761028
32,0.0001,8,Sigmoid,50,0.5,0.3497536945812808,0.5378787878787878,0.1629339000210166
32,0.0001,8,Sigmoid,100,0.5,0.3497536945812808,0.5378787878787878,0.1828128001652658
32,0.0001,8,Sigmoid,300,0.5,0.3497536945812808,0.5378787878787878,0.194601200055331
32,0.0001,8,Sigmoid,500,0.5,0.3497536945812808,0.5378787878787878,0.17914819996804
32,0.0001,8,Sigmoid,1000,0.5,0.3497536945812808,0.5378787878787878,0.18176429998129606
32,0.0001,8,GELU,50,0.4927268529208035,0.45454545454545453,0.5151515151515151,0.3190152000170201
32,0.0001,8,GELU,100,0.4927268529208035,0.45454545454545453,0.5151515151515151,0.32798750000074506
32,0.0001,8,GELU,300,0.4927268529208035,0.45454545454545453,0.5151515151515151,0.2642586000729352
32,0.0001,8,GELU,500,0.4927268529208035,0.45454545454545453,0.5151515151515151,0.27455849992111325
32,0.0001,8,GELU,1000,0.4927268529208035,0.45454545454545453,0.5151515151515151,0.25416709994897246
32,0.0001,8,Softmax,50,0.5,0.3497536945812808,0.5378787878787878,0.1730395001359284
32,0.0001,8,Softmax,100,0.5,0.3497536945812808,0.5378787878787878,0.21547870012000203
32,0.0001,8,Softmax,300,0.5,0.3497536945812808,0.5378787878787878,0.22772040008567274
32,0.0001,8,Softmax,500,0.5,0.3497536945812808,0.5378787878787878,0.1605545999482274
32,0.0001,8,Softmax,1000,0.5,0.3497536945812808,0.5378787878787878,0.16523589985445142
32,0.0001,16,ReLU,50,0.4927268529208035,0.45454545454545453,0.5151515151515151,0.14152359985746443
32,0.0001,16,ReLU,100,0.4927268529208035,0.45454545454545453,0.5151515151515151,0.15660019987262785
32,0.0001,16,ReLU,300,0.4927268529208035,0.45454545454545453,0.5151515151515151,0.13292250013910234
32,0.0001,16,ReLU,500,0.4927268529208035,0.45454545454545453,0.5151515151515151,0.1401595000643283
32,0.0001,16,ReLU,1000,0.4927268529208035,0.45454545454545453,0.5151515151515151,0.16439779987558722
32,0.0001,16,Tanh,50,0.45728469175709996,0.456853086062011,0.4621212121212121,0.1395215999800712
32,0.0001,16,Tanh,100,0.45728469175709996,0.456853086062011,0.4621212121212121,0.15382169978693128
32,0.0001,16,Tanh,300,0.45728469175709996,0.456853086062011,0.4621212121212121,0.12319059995934367
32,0.0001,16,Tanh,500,0.45728469175709996,0.456853086062011,0.4621212121212121,0.10711829992942512
32,0.0001,16,Tanh,1000,0.45728469175709996,0.456853086062011,0.4621212121212121,0.13724500010721385
32,0.0001,16,Sigmoid,50,0.5,0.3497536945812808,0.5378787878787878,0.11058209999464452
32,0.0001,16,Sigmoid,100,0.5,0.3497536945812808,0.5378787878787878,0.11155260005034506
32,0.0001,16,Sigmoid,300,0.5,0.3497536945812808,0.5378787878787878,0.0991756001021713
32,0.0001,16,Sigmoid,500,0.5,0.3497536945812808,0.5378787878787878,0.11421429994516075
32,0.0001,16,Sigmoid,1000,0.5,0.3497536945812808,0.5378787878787878,0.10722359991632402
32,0.0001,16,GELU,50,0.4927268529208035,0.45454545454545453,0.5151515151515151,0.15574049996212125
32,0.0001,16,GELU,100,0.4927268529208035,0.45454545454545453,0.5151515151515151,0.1432550000026822
32,0.0001,16,GELU,300,0.4927268529208035,0.45454545454545453,0.5151515151515151,0.14479619986377656
32,0.0001,16,GELU,500,0.4927268529208035,0.45454545454545453,0.5151515151515151,0.15516359987668693
32,0.0001,16,GELU,1000,0.4927268529208035,0.45454545454545453,0.5151515151515151,0.1887639998458326
32,0.0001,16,Softmax,50,0.5,0.3497536945812808,0.5378787878787878,0.10930979996919632
32,0.0001,16,Softmax,100,0.5,0.3497536945812808,0.5378787878787878,0.09914859989657998
32,0.0001,16,Softmax,300,0.5,0.3497536945812808,0.5378787878787878,0.10171570000238717
32,0.0001,16,Softmax,500,0.5,0.3497536945812808,0.5378787878787878,0.09296729997731745
32,0.0001,16,Softmax,1000,0.5,0.3497536945812808,0.5378787878787878,0.0875911999028176
32,0.0001,32,ReLU,50,0.4927268529208035,0.45454545454545453,0.5151515151515151,0.1017676000483334
32,0.0001,32,ReLU,100,0.4927268529208035,0.45454545454545453,0.5151515151515151,0.10387209989130497
32,0.0001,32,ReLU,300,0.4927268529208035,0.45454545454545453,0.5151515151515151,0.096735900035128
32,0.0001,32,ReLU,500,0.4927268529208035,0.45454545454545453,0.5151515151515151,0.10001769987866282
32,0.0001,32,ReLU,1000,0.4927268529208035,0.45454545454545453,0.5151515151515151,0.10163579997606575
32,0.0001,32,Tanh,50,0.45728469175709996,0.456853086062011,0.4621212121212121,0.12264389987103641
32,0.0001,32,Tanh,100,0.45728469175709996,0.456853086062011,0.4621212121212121,0.059269199846312404
32,0.0001,32,Tanh,300,0.45728469175709996,0.456853086062011,0.4621212121212121,0.06535820011049509
32,0.0001,32,Tanh,500,0.45728469175709996,0.456853086062011,0.4621212121212121,0.06713379989378154
32,0.0001,32,Tanh,1000,0.45728469175709996,0.456853086062011,0.4621212121212121,0.0726524000056088
32,0.0001,32,Sigmoid,50,0.5,0.3497536945812808,0.5378787878787878,0.07797199999913573
32,0.0001,32,Sigmoid,100,0.5,0.3497536945812808,0.5378787878787878,0.07187839993275702
32,0.0001,32,Sigmoid,300,0.5,0.3497536945812808,0.5378787878787878,0.06479440000839531
32,0.0001,32,Sigmoid,500,0.5,0.3497536945812808,0.5378787878787878,0.07497379998676479
32,0.0001,32,Sigmoid,1000,0.5,0.3497536945812808,0.5378787878787878,0.0764465001411736
32,0.0001,32,GELU,50,0.4927268529208035,0.45454545454545453,0.5151515151515151,0.09319360018707812
32,0.0001,32,GELU,100,0.4927268529208035,0.45454545454545453,0.5151515151515151,0.08285310002975166
32,0.0001,32,GELU,300,0.4927268529208035,0.45454545454545453,0.5151515151515151,0.08224230003543198
32,0.0001,32,GELU,500,0.4927268529208035,0.45454545454545453,0.5151515151515151,0.0726509999949485
32,0.0001,32,GELU,1000,0.4927268529208035,0.45454545454545453,0.5151515151515151,0.0833443000447005
32,0.0001,32,Softmax,50,0.5,0.3497536945812808,0.5378787878787878,0.06217300007119775
32,0.0001,32,Softmax,100,0.5,0.3497536945812808,0.5378787878787878,0.0623564999550581
32,0.0001,32,Softmax,300,0.5,0.3497536945812808,0.5378787878787878,0.05677189980633557
32,0.0001,32,Softmax,500,0.5,0.3497536945812808,0.5378787878787878,0.05751289986073971
32,0.0001,32,Softmax,1000,0.5,0.3497536945812808,0.5378787878787878,0.058173099998384714
32,0.0001,64,ReLU,50,0.4927268529208035,0.45454545454545453,0.5151515151515151,0.07710250001400709
32,0.0001,64,ReLU,100,0.4927268529208035,0.45454545454545453,0.5151515151515151,0.054965300019830465
32,0.0001,64,ReLU,300,0.4927268529208035,0.45454545454545453,0.5151515151515151,0.05004789982922375
32,0.0001,64,ReLU,500,0.4927268529208035,0.45454545454545453,0.5151515151515151,0.06118179997429252
32,0.0001,64,ReLU,1000,0.4927268529208035,0.45454545454545453,0.5151515151515151,0.04945600009523332
32,0.0001,64,Tanh,50,0.4502424382359732,0.45,0.45454545454545453,0.06401169998571277
32,0.0001,64,Tanh,100,0.4502424382359732,0.45,0.45454545454545453,0.08956580003723502
32,0.0001,64,Tanh,300,0.4502424382359732,0.45,0.45454545454545453,0.09836930013261735
32,0.0001,64,Tanh,500,0.4502424382359732,0.45,0.45454545454545453,0.10864409990608692
32,0.0001,64,Tanh,1000,0.4502424382359732,0.45,0.45454545454545453,0.10064140008762479
32,0.0001,64,Sigmoid,50,0.5,0.3497536945812808,0.5378787878787878,0.0999885001219809
32,0.0001,64,Sigmoid,100,0.5,0.3497536945812808,0.5378787878787878,0.09249969990924001
32,0.0001,64,Sigmoid,300,0.5,0.3497536945812808,0.5378787878787878,0.10355630004778504
32,0.0001,64,Sigmoid,500,0.5,0.3497536945812808,0.5378787878787878,0.10051620006561279
32,0.0001,64,Sigmoid,1000,0.5,0.3497536945812808,0.5378787878787878,0.09575590002350509
32,0.0001,64,GELU,50,0.4927268529208035,0.45454545454545453,0.5151515151515151,0.10762200015597045
32,0.0001,64,GELU,100,0.4927268529208035,0.45454545454545453,0.5151515151515151,0.09012509998865426
32,0.0001,64,GELU,300,0.4927268529208035,0.45454545454545453,0.5151515151515151,0.09184930007904768
32,0.0001,64,GELU,500,0.4927268529208035,0.45454545454545453,0.5151515151515151,0.08524709986522794
32,0.0001,64,GELU,1000,0.4927268529208035,0.45454545454545453,0.5151515151515151,0.08381589991040528
32,0.0001,64,Softmax,50,0.5,0.3497536945812808,0.5378787878787878,0.09064870001748204
32,0.0001,64,Softmax,100,0.5,0.3497536945812808,0.5378787878787878,0.10699350014328957
32,0.0001,64,Softmax,300,0.5,0.3497536945812808,0.5378787878787878,0.12218900001607835
32,0.0001,64,Softmax,500,0.5,0.3497536945812808,0.5378787878787878,0.1061325001064688
32,0.0001,64,Softmax,1000,0.5,0.3497536945812808,0.5378787878787878,0.0896273001562804
32,0.0001,128,ReLU,50,0.48568459939967673,0.4491171749598716,0.5075757575757576,0.086521300021559
32,0.0001,128,ReLU,100,0.48568459939967673,0.4491171749598716,0.5075757575757576,0.07403259980492294
32,0.0001,128,ReLU,300,0.48568459939967673,0.4491171749598716,0.5075757575757576,0.08116560010239482
32,0.0001,128,ReLU,500,0.48568459939967673,0.4491171749598716,0.5075757575757576,0.07127999980002642
32,0.0001,128,ReLU,1000,0.48568459939967673,0.4491171749598716,0.5075757575757576,0.06684329989366233
32,0.0001,128,Tanh,50,0.45728469175709996,0.456853086062011,0.4621212121212121,0.06934850011020899
32,0.0001,128,Tanh,100,0.45728469175709996,0.456853086062011,0.4621212121212121,0.07542110001668334
32,0.0001,128,Tanh,300,0.45728469175709996,0.456853086062011,0.4621212121212121,0.06370229995809495
32,0.0001,128,Tanh,500,0.45728469175709996,0.456853086062011,0.4621212121212121,0.073168900096789
32,0.0001,128,Tanh,1000,0.45728469175709996,0.456853086062011,0.4621212121212121,0.07271729991771281
32,0.0001,128,Sigmoid,50,0.5,0.3497536945812808,0.5378787878787878,0.0706621001008898
32,0.0001,128,Sigmoid,100,0.5,0.3497536945812808,0.5378787878787878,0.06131370016373694
32,0.0001,128,Sigmoid,300,0.5,0.3497536945812808,0.5378787878787878,0.07497880002483726
32,0.0001,128,Sigmoid,500,0.5,0.3497536945812808,0.5378787878787878,0.09866079990752041
32,0.0001,128,Sigmoid,1000,0.5,0.3497536945812808,0.5378787878787878,0.08075379999354482
32,0.0001,128,GELU,50,0.48568459939967673,0.4491171749598716,0.5075757575757576,0.10960049997083843
32,0.0001,128,GELU,100,0.48568459939967673,0.4491171749598716,0.5075757575757576,0.09807289997115731
32,0.0001,128,GELU,300,0.48568459939967673,0.4491171749598716,0.5075757575757576,0.08569169999100268
32,0.0001,128,GELU,500,0.48568459939967673,0.4491171749598716,0.5075757575757576,0.08379389997571707
32,0.0001,128,GELU,1000,0.48568459939967673,0.4491171749598716,0.5075757575757576,0.07095129997469485
32,0.0001,128,Softmax,50,0.5,0.3497536945812808,0.5378787878787878,0.072240199893713
32,0.0001,128,Softmax,100,0.5,0.3497536945812808,0.5378787878787878,0.07747710007242858
32,0.0001,128,Softmax,300,0.5,0.3497536945812808,0.5378787878787878,0.08222589991055429
32,0.0001,128,Softmax,500,0.5,0.3497536945812808,0.5378787878787878,0.07100579980760813
32,0.0001,128,Softmax,1000,0.5,0.3497536945812808,0.5378787878787878,0.07122200005687773
32,0.00025,8,ReLU,50,0.49157238513045487,0.44813169584530965,0.5151515151515151,0.4102014999371022
32,0.00025,8,ReLU,100,0.49157238513045487,0.44813169584530965,0.5151515151515151,0.3916789998766035
32,0.00025,8,ReLU,300,0.49157238513045487,0.44813169584530965,0.5151515151515151,0.4673476000316441
32,0.00025,8,ReLU,500,0.49157238513045487,0.44813169584530965,0.5151515151515151,0.4318654998205602
32,0.00025,8,ReLU,1000,0.49157238513045487,0.44813169584530965,0.5151515151515151,0.3858640999533236
32,0.00025,8,Tanh,50,0.4713691987993535,0.47043432757718473,0.4772727272727273,0.3059390000998974
32,0.00025,8,Tanh,100,0.4713691987993535,0.47043432757718473,0.4772727272727273,0.3806762001477182
32,0.00025,8,Tanh,300,0.4713691987993535,0.47043432757718473,0.4772727272727273,0.3806732997763902
32,0.00025,8,Tanh,500,0.4713691987993535,0.47043432757718473,0.4772727272727273,0.2916751999873668
32,0.00025,8,Tanh,1000,0.4713691987993535,0.47043432757718473,0.4772727272727273,0.3248455000575632
32,0.00025,8,Sigmoid,50,0.5,0.3497536945812808,0.5378787878787878,0.20844950014725327
32,0.00025,8,Sigmoid,100,0.5,0.3497536945812808,0.5378787878787878,0.18787549994885921
32,0.00025,8,Sigmoid,300,0.5,0.3497536945812808,0.5378787878787878,0.2101719998754561
32,0.00025,8,Sigmoid,500,0.5,0.3497536945812808,0.5378787878787878,0.25294579984620214
32,0.00025,8,Sigmoid,1000,0.5,0.3497536945812808,0.5378787878787878,0.19991210009902716
32,0.00025,8,GELU,50,0.49157238513045487,0.44813169584530965,0.5151515151515151,0.3810415999032557
32,0.00025,8,GELU,100,0.49157238513045487,0.44813169584530965,0.5151515151515151,0.3154464000836015
32,0.00025,8,GELU,300,0.49157238513045487,0.44813169584530965,0.5151515151515151,0.23075959994457662
32,0.00025,8,GELU,500,0.49157238513045487,0.44813169584530965,0.5151515151515151,0.3515265001915395
32,0.00025,8,GELU,1000,0.49157238513045487,0.44813169584530965,0.5151515151515151,0.4443554999306798
32,0.00025,8,Softmax,50,0.5,0.3497536945812808,0.5378787878787878,0.18734079995192587
32,0.00025,8,Softmax,100,0.5,0.3497536945812808,0.5378787878787878,0.2040919999126345
32,0.00025,8,Softmax,300,0.5,0.3497536945812808,0.5378787878787878,0.18648419994860888
32,0.00025,8,Softmax,500,0.5,0.3497536945812808,0.5378787878787878,0.17615459999069571
32,0.00025,8,Softmax,1000,0.5,0.3497536945812808,0.5378787878787878,0.24295359989628196
32,0.00025,16,ReLU,50,0.4986146386515816,0.4534341110745974,0.5227272727272727,0.23218159982934594
32,0.00025,16,ReLU,100,0.4986146386515816,0.4534341110745974,0.5227272727272727,0.23427610006183386
32,0.00025,16,ReLU,300,0.4986146386515816,0.4534341110745974,0.5227272727272727,0.17175030009821057
32,0.00025,16,ReLU,500,0.4986146386515816,0.4534341110745974,0.5227272727272727,0.20233420003205538
32,0.00025,16,ReLU,1000,0.4986146386515816,0.4534341110745974,0.5227272727272727,0.2015026998706162
32,0.00025,16,Tanh,50,0.4631724774878781,0.461789375582479,0.4696969696969697,0.227723800111562
32,0.00025,16,Tanh,100,0.4631724774878781,0.461789375582479,0.4696969696969697,0.2782114001456648
32,0.00025,16,Tanh,300,0.4631724774878781,0.461789375582479,0.4696969696969697,0.3219622999895364
32,0.00025,16,Tanh,500,0.4631724774878781,0.461789375582479,0.4696969696969697,0.3077398999594152
32,0.00025,16,Tanh,1000,0.4631724774878781,0.461789375582479,0.4696969696969697,0.2946676998399198
32,0.00025,16,Sigmoid,50,0.5,0.3497536945812808,0.5378787878787878,0.1230930001474917
32,0.00025,16,Sigmoid,100,0.5,0.3497536945812808,0.5378787878787878,0.1383513999171555
32,0.00025,16,Sigmoid,300,0.5,0.3497536945812808,0.5378787878787878,0.1437503001652658
32,0.00025,16,Sigmoid,500,0.5,0.3497536945812808,0.5378787878787878,0.18874419992789626
32,0.00025,16,Sigmoid,1000,0.5,0.3497536945812808,0.5378787878787878,0.15552589995786548
32,0.00025,16,GELU,50,0.4986146386515816,0.4534341110745974,0.5227272727272727,0.2789998999796808
32,0.00025,16,GELU,100,0.4986146386515816,0.4534341110745974,0.5227272727272727,0.19312969991005957
32,0.00025,16,GELU,300,0.4986146386515816,0.4534341110745974,0.5227272727272727,0.20804119994863868
32,0.00025,16,GELU,500,0.4986146386515816,0.4534341110745974,0.5227272727272727,0.19357970007695258
32,0.00025,16,GELU,1000,0.4986146386515816,0.4534341110745974,0.5227272727272727,0.19249929999932647
32,0.00025,16,Softmax,50,0.5,0.3497536945812808,0.5378787878787878,0.14263939997181296
32,0.00025,16,Softmax,100,0.5,0.3497536945812808,0.5378787878787878,0.15052479994483292
32,0.00025,16,Softmax,300,0.5,0.3497536945812808,0.5378787878787878,0.19109419989399612
32,0.00025,16,Softmax,500,0.5,0.3497536945812808,0.5378787878787878,0.17992480006068945
32,0.00025,16,Softmax,1000,0.5,0.3497536945812808,0.5378787878787878,0.16539789992384613
32,0.00025,32,ReLU,50,0.4997691064419303,0.45996493278784334,0.5227272727272727,0.13413190003484488
32,0.00025,32,ReLU,100,0.4997691064419303,0.45996493278784334,0.5227272727272727,0.1321040999609977
32,0.00025,32,ReLU,300,0.4997691064419303,0.45996493278784334,0.5227272727272727,0.12431759992614388
32,0.00025,32,ReLU,500,0.4997691064419303,0.45996493278784334,0.5227272727272727,0.13026989996433258
32,0.00025,32,ReLU,1000,0.4997691064419303,0.45996493278784334,0.5227272727272727,0.13586009992286563
32,0.00025,32,Tanh,50,0.45728469175709996,0.456853086062011,0.4621212121212121,0.13464679988101125
32,0.00025,32,Tanh,100,0.45728469175709996,0.456853086062011,0.4621212121212121,0.13275839993730187
32,0.00025,32,Tanh,300,0.45728469175709996,0.456853086062011,0.4621212121212121,0.15682719997130334
32,0.00025,32,Tanh,500,0.45728469175709996,0.456853086062011,0.4621212121212121,0.2053982000797987
32,0.00025,32,Tanh,1000,0.45728469175709996,0.456853086062011,0.4621212121212121,0.13506729993969202
32,0.00025,32,Sigmoid,50,0.5,0.3497536945812808,0.5378787878787878,0.11972890002653003
32,0.00025,32,Sigmoid,100,0.5,0.3497536945812808,0.5378787878787878,0.11310960003174841
32,0.00025,32,Sigmoid,300,0.5,0.3497536945812808,0.5378787878787878,0.11166739999316633
32,0.00025,32,Sigmoid,500,0.5,0.3497536945812808,0.5378787878787878,0.09872319991700351
32,0.00025,32,Sigmoid,1000,0.5,0.3497536945812808,0.5378787878787878,0.08921459992416203
32,0.00025,32,GELU,50,0.4997691064419303,0.45996493278784334,0.5227272727272727,0.14740259991958737
32,0.00025,32,GELU,100,0.4997691064419303,0.45996493278784334,0.5227272727272727,0.12695339997299016
32,0.00025,32,GELU,300,0.4997691064419303,0.45996493278784334,0.5227272727272727,0.10478109982796013
32,0.00025,32,GELU,500,0.4997691064419303,0.45996493278784334,0.5227272727272727,0.12213489995338023
32,0.00025,32,GELU,1000,0.4997691064419303,0.45996493278784334,0.5227272727272727,0.1230904997792095
32,0.00025,32,Softmax,50,0.5,0.3497536945812808,0.5378787878787878,0.10441280016675591
32,0.00025,32,Softmax,100,0.5,0.3497536945812808,0.5378787878787878,0.09257939993403852
32,0.00025,32,Softmax,300,0.5,0.3497536945812808,0.5378787878787878,0.12240540003404021
32,0.00025,32,Softmax,500,0.5,0.3497536945812808,0.5378787878787878,0.1206413998734206
32,0.00025,32,Softmax,1000,0.5,0.3497536945812808,0.5378787878787878,0.12266270001418889
32,0.00025,64,ReLU,50,0.4927268529208035,0.45454545454545453,0.5151515151515151,0.10235440009273589
32,0.00025,64,ReLU,100,0.4927268529208035,0.45454545454545453,0.5151515151515151,0.0979317999444902
32,0.00025,64,ReLU,300,0.4927268529208035,0.45454545454545453,0.5151515151515151,0.0985192998778075
32,0.00025,64,ReLU,500,0.4927268529208035,0.45454545454545453,0.5151515151515151,0.08744179992936552
32,0.00025,64,ReLU,1000,0.4927268529208035,0.45454545454545453,0.5151515151515151,0.0952229998074472
32,0.00025,64,Tanh,50,0.45728469175709996,0.456853086062011,0.4621212121212121,0.08173969993367791
32,0.00025,64,Tanh,100,0.45728469175709996,0.456853086062011,0.4621212121212121,0.08450409979559481
32,0.00025,64,Tanh,300,0.45728469175709996,0.456853086062011,0.4621212121212121,0.09289580001495779
32,0.00025,64,Tanh,500,0.45728469175709996,0.456853086062011,0.4621212121212121,0.08795069996267557
32,0.00025,64,Tanh,1000,0.45728469175709996,0.456853086062011,0.4621212121212121,0.07033829996362329
32,0.00025,64,Sigmoid,50,0.5,0.3497536945812808,0.5378787878787878,0.08372809994034469
32,0.00025,64,Sigmoid,100,0.5,0.3497536945812808,0.5378787878787878,0.08356250007636845
32,0.00025,64,Sigmoid,300,0.5,0.3497536945812808,0.5378787878787878,0.0708259001839906
32,0.00025,64,Sigmoid,500,0.5,0.3497536945812808,0.5378787878787878,0.0837372001260519
32,0.00025,64,Sigmoid,1000,0.5,0.3497536945812808,0.5378787878787878,0.1036092999856919
32,0.00025,64,GELU,50,0.4927268529208035,0.45454545454545453,0.5151515151515151,0.10015209997072816
32,0.00025,64,GELU,100,0.4927268529208035,0.45454545454545453,0.5151515151515151,0.09855180000886321
32,0.00025,64,GELU,300,0.4927268529208035,0.45454545454545453,0.5151515151515151,0.10276879998855293
32,0.00025,64,GELU,500,0.4927268529208035,0.45454545454545453,0.5151515151515151,0.09176709991879761
32,0.00025,64,GELU,1000,0.4927268529208035,0.45454545454545453,0.5151515151515151,0.10456470004282892
32,0.00025,64,Softmax,50,0.5,0.3497536945812808,0.5378787878787878,0.09146659984253347
32,0.00025,64,Softmax,100,0.5,0.3497536945812808,0.5378787878787878,0.07107340008951724
32,0.00025,64,Softmax,300,0.5,0.3497536945812808,0.5378787878787878,0.07536990009248257
32,0.00025,64,Softmax,500,0.5,0.3497536945812808,0.5378787878787878,0.08123870007693768
32,0.00025,64,Softmax,1000,0.5,0.3497536945812808,0.5378787878787878,0.09049880015663803
32,0.00025,128,ReLU,50,0.4927268529208035,0.45454545454545453,0.5151515151515151,0.06935829995200038
32,0.00025,128,ReLU,100,0.4927268529208035,0.45454545454545453,0.5151515151515151,0.0757586001418531
32,0.00025,128,ReLU,300,0.4927268529208035,0.45454545454545453,0.5151515151515151,0.07207349990494549
32,0.00025,128,ReLU,500,0.4927268529208035,0.45454545454545453,0.5151515151515151,0.0700630999635905
32,0.00025,128,ReLU,1000,0.4927268529208035,0.45454545454545453,0.5151515151515151,0.08401299989782274
32,0.00025,128,Tanh,50,0.45728469175709996,0.456853086062011,0.4621212121212121,0.08220710000023246
32,0.00025,128,Tanh,100,0.45728469175709996,0.456853086062011,0.4621212121212121,0.06716200010851026
32,0.00025,128,Tanh,300,0.45728469175709996,0.456853086062011,0.4621212121212121,0.07928410009481013
32,0.00025,128,Tanh,500,0.45728469175709996,0.456853086062011,0.4621212121212121,0.08500430011190474
32,0.00025,128,Tanh,1000,0.45728469175709996,0.456853086062011,0.4621212121212121,0.0959494998678565
32,0.00025,128,Sigmoid,50,0.5,0.3497536945812808,0.5378787878787878,0.0805508999619633
32,0.00025,128,Sigmoid,100,0.5,0.3497536945812808,0.5378787878787878,0.07691639987751842
32,0.00025,128,Sigmoid,300,0.5,0.3497536945812808,0.5378787878787878,0.06629300001077354
32,0.00025,128,Sigmoid,500,0.5,0.3497536945812808,0.5378787878787878,0.07682219985872507
32,0.00025,128,Sigmoid,1000,0.5,0.3497536945812808,0.5378787878787878,0.07184739992953837
32,0.00025,128,GELU,50,0.4927268529208035,0.45454545454545453,0.5151515151515151,0.07380350003950298
32,0.00025,128,GELU,100,0.4927268529208035,0.45454545454545453,0.5151515151515151,0.07085549994371831
32,0.00025,128,GELU,300,0.4927268529208035,0.45454545454545453,0.5151515151515151,0.06280170008540154
32,0.00025,128,GELU,500,0.4927268529208035,0.45454545454545453,0.5151515151515151,0.08120050001889467
32,0.00025,128,GELU,1000,0.4927268529208035,0.45454545454545453,0.5151515151515151,0.0771021000109613
32,0.00025,128,Softmax,50,0.5,0.3497536945812808,0.5378787878787878,0.07387480000033975
32,0.00025,128,Softmax,100,0.5,0.3497536945812808,0.5378787878787878,0.06927100010216236
32,0.00025,128,Softmax,300,0.5,0.3497536945812808,0.5378787878787878,0.0738513998221606
32,0.00025,128,Softmax,500,0.5,0.3497536945812808,0.5378787878787878,0.06529709999449551
32,0.00025,128,Softmax,1000,0.5,0.3497536945812808,0.5378787878787878,0.062232499942183495
64,0.01,8,ReLU,50,0.658970214731009,0.6588345864661653,0.6666666666666666,0.330099199898541
64,0.01,8,ReLU,100,0.658970214731009,0.6588345864661653,0.6666666666666666,0.3217884998302907
64,0.01,8,ReLU,300,0.658970214731009,0.6588345864661653,0.6666666666666666,0.2973181998822838
64,0.01,8,ReLU,500,0.658970214731009,0.6588345864661653,0.6666666666666666,0.21866619982756674
64,0.01,8,ReLU,1000,0.658970214731009,0.6588345864661653,0.6666666666666666,0.2156998000573367
64,0.01,8,Tanh,50,0.6917570999769107,0.6924510717614165,0.696969696969697,0.1755939000286162
64,0.01,8,Tanh,100,0.6917570999769107,0.6924510717614165,0.696969696969697,0.20955339982174337
64,0.01,8,Tanh,300,0.6917570999769107,0.6924510717614165,0.696969696969697,0.19956420012749732
64,0.01,8,Tanh,500,0.6917570999769107,0.6924510717614165,0.696969696969697,0.2018439001403749
64,0.01,8,Tanh,1000,0.6917570999769107,0.6924510717614165,0.696969696969697,0.16824750020168722
64,0.01,8,Sigmoid,50,0.6507734934195336,0.6502384737678856,0.6590909090909091,0.16079550003632903
64,0.01,8,Sigmoid,100,0.6507734934195336,0.6502384737678856,0.6590909090909091,0.15204779990017414
64,0.01,8,Sigmoid,300,0.6507734934195336,0.6502384737678856,0.6590909090909091,0.13303839997388422
64,0.01,8,Sigmoid,500,0.6507734934195336,0.6502384737678856,0.6590909090909091,0.13150250003673136
64,0.01,8,Sigmoid,1000,0.6507734934195336,0.6502384737678856,0.6590909090909091,0.18103249999694526
64,0.01,8,GELU,50,0.658970214731009,0.6588345864661653,0.6666666666666666,0.28964209998957813
64,0.01,8,GELU,100,0.658970214731009,0.6588345864661653,0.6666666666666666,0.3789220000617206
64,0.01,8,GELU,300,0.658970214731009,0.6588345864661653,0.6666666666666666,0.3353790999390185
64,0.01,8,GELU,500,0.658970214731009,0.6588345864661653,0.6666666666666666,0.33710159990005195
64,0.01,8,GELU,1000,0.658970214731009,0.6588345864661653,0.6666666666666666,0.30047360016033053
64,0.01,8,Softmax,50,0.6507734934195336,0.6502384737678856,0.6590909090909091,0.2812986997887492
64,0.01,8,Softmax,100,0.6507734934195336,0.6502384737678856,0.6590909090909091,0.33602390019223094
64,0.01,8,Softmax,300,0.6507734934195336,0.6502384737678856,0.6590909090909091,0.2985213999636471
64,0.01,8,Softmax,500,0.6507734934195336,0.6502384737678856,0.6590909090909091,0.29339280002750456
64,0.01,8,Softmax,1000,0.6507734934195336,0.6502384737678856,0.6590909090909091,0.279816199792549
64,0.01,16,ReLU,50,0.6448857076887555,0.6449122807017544,0.6515151515151515,0.219436600105837
64,0.01,16,ReLU,100,0.6448857076887555,0.6449122807017544,0.6515151515151515,0.23023990006186068
64,0.01,16,ReLU,300,0.6448857076887555,0.6449122807017544,0.6515151515151515,0.2588177998550236
64,0.01,16,ReLU,500,0.6448857076887555,0.6449122807017544,0.6515151515151515,0.21037389989942312
64,0.01,16,ReLU,1000,0.6448857076887555,0.6449122807017544,0.6515151515151515,0.22847039997577667
64,0.01,16,Tanh,50,0.6824059108750866,0.6828224813924866,0.6893939393939394,0.19682130008004606
64,0.01,16,Tanh,100,0.6824059108750866,0.6828224813924866,0.6893939393939394,0.186184799997136
64,0.01,16,Tanh,300,0.6824059108750866,0.6828224813924866,0.6893939393939394,0.1522391999606043
64,0.01,16,Tanh,500,0.6824059108750866,0.6828224813924866,0.6893939393939394,0.14471519994549453
64,0.01,16,Tanh,1000,0.6824059108750866,0.6828224813924866,0.6893939393939394,0.1739411000162363
64,0.01,16,Sigmoid,50,0.6930270145462942,0.691644204851752,0.7045454545454546,0.2730382999870926
64,0.01,16,Sigmoid,100,0.6930270145462942,0.691644204851752,0.7045454545454546,0.23845050018280745
64,0.01,16,Sigmoid,300,0.6930270145462942,0.691644204851752,0.7045454545454546,0.21582839987240732
64,0.01,16,Sigmoid,500,0.6930270145462942,0.691644204851752,0.7045454545454546,0.18655389989726245
64,0.01,16,Sigmoid,1000,0.6930270145462942,0.691644204851752,0.7045454545454546,0.16891089989803731
64,0.01,16,GELU,50,0.6448857076887555,0.6449122807017544,0.6515151515151515,0.19894369994290173
64,0.01,16,GELU,100,0.6448857076887555,0.6449122807017544,0.6515151515151515,0.22206240007653832
64,0.01,16,GELU,300,0.6448857076887555,0.6449122807017544,0.6515151515151515,0.2252678000368178
64,0.01,16,GELU,500,0.6448857076887555,0.6449122807017544,0.6515151515151515,0.2322438999544829
64,0.01,16,GELU,1000,0.6448857076887555,0.6449122807017544,0.6515151515151515,0.16873080004006624
64,0.01,16,Softmax,50,0.6930270145462942,0.691644204851752,0.7045454545454546,0.13086460018530488
64,0.01,16,Softmax,100,0.6930270145462942,0.691644204851752,0.7045454545454546,0.16708869999274611
64,0.01,16,Softmax,300,0.6930270145462942,0.691644204851752,0.7045454545454546,0.16331760003231466
64,0.01,16,Softmax,500,0.6930270145462942,0.691644204851752,0.7045454545454546,0.16480350005440414
64,0.01,16,Softmax,1000,0.6930270145462942,0.691644204851752,0.7045454545454546,0.1403105000499636
64,0.01,32,ReLU,50,0.6460401754791041,0.646318732525629,0.6515151515151515,0.11838479992002249
64,0.01,32,ReLU,100,0.6460401754791041,0.646318732525629,0.6515151515151515,0.13449029996991158
64,0.01,32,ReLU,300,0.6460401754791041,0.646318732525629,0.6515151515151515,0.14150669984519482
64,0.01,32,ReLU,500,0.6460401754791041,0.646318732525629,0.6515151515151515,0.20320559991523623
64,0.01,32,ReLU,1000,0.6460401754791041,0.646318732525629,0.6515151515151515,0.16227219998836517
64,0.01,32,Tanh,50,0.6742091895636111,0.674342105263158,0.6818181818181818,0.1755349999293685
64,0.01,32,Tanh,100,0.6742091895636111,0.674342105263158,0.6818181818181818,0.13681519986130297
64,0.01,32,Tanh,300,0.6742091895636111,0.674342105263158,0.6818181818181818,0.13323609996587038
64,0.01,32,Tanh,500,0.6742091895636111,0.674342105263158,0.6818181818181818,0.12273809988982975
64,0.01,32,Tanh,1000,0.6742091895636111,0.674342105263158,0.6818181818181818,0.12024660012684762
64,0.01,32,Sigmoid,50,0.633341029785269,0.6200250312891114,0.6515151515151515,0.11338770017027855
64,0.01,32,Sigmoid,100,0.633341029785269,0.6200250312891114,0.6515151515151515,0.11953280004672706
64,0.01,32,Sigmoid,300,0.633341029785269,0.6200250312891114,0.6515151515151515,0.12030509999021888
64,0.01,32,Sigmoid,500,0.633341029785269,0.6200250312891114,0.6515151515151515,0.10733280004933476
64,0.01,32,Sigmoid,1000,0.633341029785269,0.6200250312891114,0.6515151515151515,0.158397400053218
64,0.01,32,GELU,50,0.6460401754791041,0.646318732525629,0.6515151515151515,0.15762299997732043
64,0.01,32,GELU,100,0.6460401754791041,0.646318732525629,0.6515151515151515,0.1475013999734074
64,0.01,32,GELU,300,0.6460401754791041,0.646318732525629,0.6515151515151515,0.13586300006136298
64,0.01,32,GELU,500,0.6460401754791041,0.646318732525629,0.6515151515151515,0.14301929995417595
64,0.01,32,GELU,1000,0.6460401754791041,0.646318732525629,0.6515151515151515,0.1421272000297904
64,0.01,32,Softmax,50,0.633341029785269,0.6200250312891114,0.6515151515151515,0.12422670004889369
64,0.01,32,Softmax,100,0.633341029785269,0.6200250312891114,0.6515151515151515,0.13273980002850294
64,0.01,32,Softmax,300,0.633341029785269,0.6200250312891114,0.6515151515151515,0.12479209993034601
64,0.01,32,Softmax,500,0.633341029785269,0.6200250312891114,0.6515151515151515,0.13103319983929396
64,0.01,32,Softmax,1000,0.633341029785269,0.6200250312891114,0.6515151515151515,0.1185807001311332
64,0.01,64,ReLU,50,0.6237589471253752,0.6239316239316239,0.6287878787878788,0.07508299988694489
64,0.01,64,ReLU,100,0.6237589471253752,0.6239316239316239,0.6287878787878788,0.09803949994966388
64,0.01,64,ReLU,300,0.6237589471253752,0.6239316239316239,0.6287878787878788,0.09976559993810952
64,0.01,64,ReLU,500,0.6237589471253752,0.6239316239316239,0.6287878787878788,0.10560879996046424
64,0.01,64,ReLU,1000,0.6237589471253752,0.6239316239316239,0.6287878787878788,0.1033993000164628
64,0.01,64,Tanh,50,0.6167166936042484,0.6169027165080102,0.6212121212121212,0.12425290001556277
64,0.01,64,Tanh,100,0.6167166936042484,0.6169027165080102,0.6212121212121212,0.1222681999206543
64,0.01,64,Tanh,300,0.6167166936042484,0.6169027165080102,0.6212121212121212,0.08393430011346936
64,0.01,64,Tanh,500,0.6167166936042484,0.6169027165080102,0.6212121212121212,0.08361410000361502
64,0.01,64,Tanh,1000,0.6167166936042484,0.6169027165080102,0.6212121212121212,0.11009850003756583
64,0.01,64,Sigmoid,50,0.6286077118448395,0.6202020202020202,0.6439393939393939,0.10475010005757213
64,0.01,64,Sigmoid,100,0.6286077118448395,0.6202020202020202,0.6439393939393939,0.10972340009175241
64,0.01,64,Sigmoid,300,0.6286077118448395,0.6202020202020202,0.6439393939393939,0.09501559985801578
64,0.01,64,Sigmoid,500,0.6286077118448395,0.6202020202020202,0.6439393939393939,0.09036549995653331
64,0.01,64,Sigmoid,1000,0.6286077118448395,0.6202020202020202,0.6439393939393939,0.09446490020491183
64,0.01,64,GELU,50,0.6237589471253752,0.6239316239316239,0.6287878787878788,0.09610010008327663
64,0.01,64,GELU,100,0.6237589471253752,0.6239316239316239,0.6287878787878788,0.08903959998860955
64,0.01,64,GELU,300,0.6237589471253752,0.6239316239316239,0.6287878787878788,0.1012283000163734
64,0.01,64,GELU,500,0.6237589471253752,0.6239316239316239,0.6287878787878788,0.10918620019219816
64,0.01,64,GELU,1000,0.6237589471253752,0.6239316239316239,0.6287878787878788,0.10960970004089177
64,0.01,64,Softmax,50,0.6286077118448395,0.6202020202020202,0.6439393939393939,0.10665250010788441
64,0.01,64,Softmax,100,0.6286077118448395,0.6202020202020202,0.6439393939393939,0.1161495998967439
64,0.01,64,Softmax,300,0.6286077118448395,0.6202020202020202,0.6439393939393939,0.11844750004820526
64,0.01,64,Softmax,500,0.6286077118448395,0.6202020202020202,0.6439393939393939,0.11765999998897314
64,0.01,64,Softmax,1000,0.6286077118448395,0.6202020202020202,0.6439393939393939,0.10354969999752939
64,0.01,128,ReLU,50,0.6073655045024244,0.607119929967902,0.6136363636363636,0.07825140003114939
64,0.01,128,ReLU,100,0.6073655045024244,0.607119929967902,0.6136363636363636,0.10235060006380081
64,0.01,128,ReLU,300,0.6073655045024244,0.607119929967902,0.6136363636363636,0.08376029995270073
64,0.01,128,ReLU,500,0.6073655045024244,0.607119929967902,0.6136363636363636,0.07651160005480051
64,0.01,128,ReLU,1000,0.6073655045024244,0.607119929967902,0.6136363636363636,0.0691456999629736
64,0.01,128,Tanh,50,0.6332255830062341,0.6306923031132805,0.6439393939393939,0.06896529998630285
64,0.01,128,Tanh,100,0.6332255830062341,0.6306923031132805,0.6439393939393939,0.0840541000943631
64,0.01,128,Tanh,300,0.6332255830062341,0.6306923031132805,0.6439393939393939,0.07545830006711185
64,0.01,128,Tanh,500,0.6332255830062341,0.6306923031132805,0.6439393939393939,0.07570839999243617
64,0.01,128,Tanh,1000,0.6332255830062341,0.6306923031132805,0.6439393939393939,0.07705649989657104
64,0.01,128,Sigmoid,50,0.5502193488801662,0.5046904315196998,0.5757575757575758,0.10305469995364547
64,0.01,128,Sigmoid,100,0.5502193488801662,0.5046904315196998,0.5757575757575758,0.09451709990389645
64,0.01,128,Sigmoid,300,0.5502193488801662,0.5046904315196998,0.5757575757575758,0.0829523999709636
64,0.01,128,Sigmoid,500,0.5502193488801662,0.5046904315196998,0.5757575757575758,0.07483870000578463
64,0.01,128,Sigmoid,1000,0.5502193488801662,0.5046904315196998,0.5757575757575758,0.094006999861449
64,0.01,128,GELU,50,0.6073655045024244,0.607119929967902,0.6136363636363636,0.06636159983463585
64,0.01,128,GELU,100,0.6073655045024244,0.607119929967902,0.6136363636363636,0.057264799950644374
64,0.01,128,GELU,300,0.6073655045024244,0.607119929967902,0.6136363636363636,0.060287500033155084
64,0.01,128,GELU,500,0.6073655045024244,0.607119929967902,0.6136363636363636,0.059992199996486306
64,0.01,128,GELU,1000,0.6073655045024244,0.607119929967902,0.6136363636363636,0.06263910001143813
64,0.01,128,Softmax,50,0.5502193488801662,0.5046904315196998,0.5757575757575758,0.05908929998986423
64,0.01,128,Softmax,100,0.5502193488801662,0.5046904315196998,0.5757575757575758,0.06722029997035861
64,0.01,128,Softmax,300,0.5502193488801662,0.5046904315196998,0.5757575757575758,0.04811520013026893
64,0.01,128,Softmax,500,0.5502193488801662,0.5046904315196998,0.5757575757575758,0.06662570009939373
64,0.01,128,Softmax,1000,0.5502193488801662,0.5046904315196998,0.5757575757575758,0.06312109995633364
64,0.001,8,ReLU,50,0.5745786192565228,0.5725136901607489,0.5833333333333334,0.1456404000055045
64,0.001,8,ReLU,100,0.5745786192565228,0.5725136901607489,0.5833333333333334,0.14502629986964166
64,0.001,8,ReLU,300,0.5745786192565228,0.5725136901607489,0.5833333333333334,0.1439792001619935
64,0.001,8,ReLU,500,0.5745786192565228,0.5725136901607489,0.5833333333333334,0.14540349994786084
64,0.001,8,ReLU,1000,0.5745786192565228,0.5725136901607489,0.5833333333333334,0.13941260008141398
64,0.001,8,Tanh,50,0.6086354190718078,0.6033653846153846,0.6212121212121212,0.21492479997687042
64,0.001,8,Tanh,100,0.6086354190718078,0.6033653846153846,0.6212121212121212,0.24842530000023544
64,0.001,8,Tanh,300,0.6086354190718078,0.6033653846153846,0.6212121212121212,0.23730839998461306
64,0.001,8,Tanh,500,0.6086354190718078,0.6033653846153846,0.6212121212121212,0.21958560007624328
64,0.001,8,Tanh,1000,0.6086354190718078,0.6033653846153846,0.6212121212121212,0.2395738000050187
64,0.001,8,Sigmoid,50,0.5163934426229508,0.3849798625918029,0.553030303030303,0.40303229982964694
64,0.001,8,Sigmoid,100,0.5163934426229508,0.3849798625918029,0.553030303030303,0.32239709980785847
64,0.001,8,Sigmoid,300,0.5163934426229508,0.3849798625918029,0.553030303030303,0.26590909995138645
64,0.001,8,Sigmoid,500,0.5163934426229508,0.3849798625918029,0.553030303030303,0.2571658999659121
64,0.001,8,Sigmoid,1000,0.5163934426229508,0.3849798625918029,0.553030303030303,0.28044430003501475
64,0.001,8,GELU,50,0.5745786192565228,0.5725136901607489,0.5833333333333334,0.33256369992159307
64,0.001,8,GELU,100,0.5745786192565228,0.5725136901607489,0.5833333333333334,0.2725776000879705
64,0.001,8,GELU,300,0.5745786192565228,0.5725136901607489,0.5833333333333334,0.24619509978219867
64,0.001,8,GELU,500,0.5745786192565228,0.5725136901607489,0.5833333333333334,0.2373778000473976
64,0.001,8,GELU,1000,0.5745786192565228,0.5725136901607489,0.5833333333333334,0.2083274000324309
64,0.001,8,Softmax,50,0.5163934426229508,0.3849798625918029,0.553030303030303,0.22953970008529723
64,0.001,8,Softmax,100,0.5163934426229508,0.3849798625918029,0.553030303030303,0.2640015999786556
64,0.001,8,Softmax,300,0.5163934426229508,0.3849798625918029,0.553030303030303,0.38949269987642765
64,0.001,8,Softmax,500,0.5163934426229508,0.3849798625918029,0.553030303030303,0.2967711000237614
64,0.001,8,Softmax,1000,0.5163934426229508,0.3849798625918029,0.553030303030303,0.2590536999050528
64,0.001,16,ReLU,50,0.5745786192565228,0.5725136901607489,0.5833333333333334,0.19136049994267523
64,0.001,16,ReLU,100,0.5745786192565228,0.5725136901607489,0.5833333333333334,0.15645279991440475
64,0.001,16,ReLU,300,0.5745786192565228,0.5725136901607489,0.5833333333333334,0.15240770019590855
64,0.001,16,ReLU,500,0.5745786192565228,0.5725136901607489,0.5833333333333334,0.15862840018235147
64,0.001,16,ReLU,1000,0.5745786192565228,0.5725136901607489,0.5833333333333334,0.1961024000775069
64,0.001,16,Tanh,50,0.5770030016162548,0.5686274509803921,0.5909090909090909,0.17652059998363256
64,0.001,16,Tanh,100,0.5770030016162548,0.5686274509803921,0.5909090909090909,0.1542269999627024
64,0.001,16,Tanh,300,0.5770030016162548,0.5686274509803921,0.5909090909090909,0.12962640007026494
64,0.001,16,Tanh,500,0.5770030016162548,0.5686274509803921,0.5909090909090909,0.11808929988183081
64,0.001,16,Tanh,1000,0.5770030016162548,0.5686274509803921,0.5909090909090909,0.12255250010639429
64,0.001,16,Sigmoid,50,0.5,0.3497536945812808,0.5378787878787878,0.11988250003196299
64,0.001,16,Sigmoid,100,0.5,0.3497536945812808,0.5378787878787878,0.12104560015723109
64,0.001,16,Sigmoid,300,0.5,0.3497536945812808,0.5378787878787878,0.1304786999244243
64,0.001,16,Sigmoid,500,0.5,0.3497536945812808,0.5378787878787878,0.12876510014757514
64,0.001,16,Sigmoid,1000,0.5,0.3497536945812808,0.5378787878787878,0.11120430007576942
64,0.001,16,GELU,50,0.5745786192565228,0.5725136901607489,0.5833333333333334,0.19966130005195737
64,0.001,16,GELU,100,0.5745786192565228,0.5725136901607489,0.5833333333333334,0.18524439982138574
64,0.001,16,GELU,300,0.5745786192565228,0.5725136901607489,0.5833333333333334,0.16025909991003573
64,0.001,16,GELU,500,0.5745786192565228,0.5725136901607489,0.5833333333333334,0.1756947000976652
64,0.001,16,GELU,1000,0.5745786192565228,0.5725136901607489,0.5833333333333334,0.15493950014933944
64,0.001,16,Softmax,50,0.5,0.3497536945812808,0.5378787878787878,0.10559840011410415
64,0.001,16,Softmax,100,0.5,0.3497536945812808,0.5378787878787878,0.11379329999908805
64,0.001,16,Softmax,300,0.5,0.3497536945812808,0.5378787878787878,0.12058040010742843
64,0.001,16,Softmax,500,0.5,0.3497536945812808,0.5378787878787878,0.12358480016700923
64,0.001,16,Softmax,1000,0.5,0.3497536945812808,0.5378787878787878,0.1061941001098603
64,0.001,32,ReLU,50,0.5441006695913184,0.5414237767178944,0.553030303030303,0.12450659996829927
64,0.001,32,ReLU,100,0.5441006695913184,0.5414237767178944,0.553030303030303,0.1534510999917984
64,0.001,32,ReLU,300,0.5441006695913184,0.5414237767178944,0.553030303030303,0.17100490001030266
64,0.001,32,ReLU,500,0.5441006695913184,0.5414237767178944,0.553030303030303,0.13969069998711348
64,0.001,32,ReLU,1000,0.5441006695913184,0.5414237767178944,0.553030303030303,0.13070930005051196
64,0.001,32,Tanh,50,0.5711152158854769,0.5651392632524708,0.5833333333333334,0.10812600003555417
64,0.001,32,Tanh,100,0.5711152158854769,0.5651392632524708,0.5833333333333334,0.08196209999732673
64,0.001,32,Tanh,300,0.5711152158854769,0.5651392632524708,0.5833333333333334,0.09055790002457798
64,0.001,32,Tanh,500,0.5711152158854769,0.5651392632524708,0.5833333333333334,0.10709080006927252
64,0.001,32,Tanh,1000,0.5711152158854769,0.5651392632524708,0.5833333333333334,0.09260839992202818
64,0.001,32,Sigmoid,50,0.5,0.3497536945812808,0.5378787878787878,0.09380450006574392
64,0.001,32,Sigmoid,100,0.5,0.3497536945812808,0.5378787878787878,0.09043040010146797
64,0.001,32,Sigmoid,300,0.5,0.3497536945812808,0.5378787878787878,0.09921659994870424
64,0.001,32,Sigmoid,500,0.5,0.3497536945812808,0.5378787878787878,0.10196590004488826
64,0.001,32,Sigmoid,1000,0.5,0.3497536945812808,0.5378787878787878,0.11314599984325469
64,0.001,32,GELU,50,0.5441006695913184,0.5414237767178944,0.553030303030303,0.15625530015677214
64,0.001,32,GELU,100,0.5441006695913184,0.5414237767178944,0.553030303030303,0.15003790007904172
64,0.001,32,GELU,300,0.5441006695913184,0.5414237767178944,0.553030303030303,0.12557530007325113
64,0.001,32,GELU,500,0.5441006695913184,0.5414237767178944,0.553030303030303,0.14698150008916855
64,0.001,32,GELU,1000,0.5441006695913184,0.5414237767178944,0.553030303030303,0.11862900014966726
64,0.001,32,Softmax,50,0.5,0.3497536945812808,0.5378787878787878,0.0998968998901546
64,0.001,32,Softmax,100,0.5,0.3497536945812808,0.5378787878787878,0.09591210004873574
64,0.001,32,Softmax,300,0.5,0.3497536945812808,0.5378787878787878,0.09214550000615418
64,0.001,32,Softmax,500,0.5,0.3497536945812808,0.5378787878787878,0.09478359995409846
64,0.001,32,Softmax,1000,0.5,0.3497536945812808,0.5378787878787878,0.1203982001170516
64,0.001,64,ReLU,50,0.5441006695913184,0.5414237767178944,0.553030303030303,0.1371607999317348
64,0.001,64,ReLU,100,0.5441006695913184,0.5414237767178944,0.553030303030303,0.08880859985947609
64,0.001,64,ReLU,300,0.5441006695913184,0.5414237767178944,0.553030303030303,0.12625940004363656
64,0.001,64,ReLU,500,0.5441006695913184,0.5414237767178944,0.553030303030303,0.1237886999733746
64,0.001,64,ReLU,1000,0.5441006695913184,0.5414237767178944,0.553030303030303,0.15936819999478757
64,0.001,64,Tanh,50,0.5758485338259063,0.5653658536585366,0.5909090909090909,0.09525980008766055
64,0.001,64,Tanh,100,0.5758485338259063,0.5653658536585366,0.5909090909090909,0.09975899988785386
64,0.001,64,Tanh,300,0.5758485338259063,0.5653658536585366,0.5909090909090909,0.10520520014688373
64,0.001,64,Tanh,500,0.5758485338259063,0.5653658536585366,0.5909090909090909,0.09250749996863306
64,0.001,64,Tanh,1000,0.5758485338259063,0.5653658536585366,0.5909090909090909,0.08949319995008409
64,0.001,64,Sigmoid,50,0.5421380743477258,0.44537815126050423,0.5757575757575758,0.08736649993807077
64,0.001,64,Sigmoid,100,0.5421380743477258,0.44537815126050423,0.5757575757575758,0.09384809993207455
64,0.001,64,Sigmoid,300,0.5421380743477258,0.44537815126050423,0.5757575757575758,0.09235479985363781
64,0.001,64,Sigmoid,500,0.5421380743477258,0.44537815126050423,0.5757575757575758,0.08698420017026365
64,0.001,64,Sigmoid,1000,0.5421380743477258,0.44537815126050423,0.5757575757575758,0.09417239995673299
64,0.001,64,GELU,50,0.5441006695913184,0.5414237767178944,0.553030303030303,0.09938460006378591
64,0.001,64,GELU,100,0.5441006695913184,0.5414237767178944,0.553030303030303,0.09380289982073009
64,0.001,64,GELU,300,0.5441006695913184,0.5414237767178944,0.553030303030303,0.08931470010429621
64,0.001,64,GELU,500,0.5441006695913184,0.5414237767178944,0.553030303030303,0.1369865001179278
64,0.001,64,GELU,1000,0.5441006695913184,0.5414237767178944,0.553030303030303,0.13305389997549355
64,0.001,64,Softmax,50,0.5421380743477258,0.44537815126050423,0.5757575757575758,0.08941949997097254
64,0.001,64,Softmax,100,0.5421380743477258,0.44537815126050423,0.5757575757575758,0.08787190006114542
64,0.001,64,Softmax,300,0.5421380743477258,0.44537815126050423,0.5757575757575758,0.09617620008066297
64,0.001,64,Softmax,500,0.5421380743477258,0.44537815126050423,0.5757575757575758,0.07396379997953773
64,0.001,64,Softmax,1000,0.5421380743477258,0.44537815126050423,0.5757575757575758,0.09947469993494451
64,0.001,128,ReLU,50,0.5393673516508889,0.5386766076421249,0.5454545454545454,0.07665100018493831
64,0.001,128,ReLU,100,0.5393673516508889,0.5386766076421249,0.5454545454545454,0.08261629985645413
64,0.001,128,ReLU,300,0.5393673516508889,0.5386766076421249,0.5454545454545454,0.09168630000203848
64,0.001,128,ReLU,500,0.5393673516508889,0.5386766076421249,0.5454545454545454,0.07183649996295571
64,0.001,128,ReLU,1000,0.5393673516508889,0.5386766076421249,0.5454545454545454,0.07243469986133277
64,0.001,128,Tanh,50,0.5840452551373816,0.5750470752596732,0.5984848484848485,0.06999940006062388
64,0.001,128,Tanh,100,0.5840452551373816,0.5750470752596732,0.5984848484848485,0.06681909994222224
64,0.001,128,Tanh,300,0.5840452551373816,0.5750470752596732,0.5984848484848485,0.0713128000497818
64,0.001,128,Tanh,500,0.5840452551373816,0.5750470752596732,0.5984848484848485,0.06994959991425276
64,0.001,128,Tanh,1000,0.5840452551373816,0.5750470752596732,0.5984848484848485,0.0754511000122875
64,0.001,128,Sigmoid,50,0.5245901639344263,0.401875,0.5606060606060606,0.0655900000128895
64,0.001,128,Sigmoid,100,0.5245901639344263,0.401875,0.5606060606060606,0.05692070000804961
64,0.001,128,Sigmoid,300,0.5245901639344263,0.401875,0.5606060606060606,0.07020730013027787
64,0.001,128,Sigmoid,500,0.5245901639344263,0.401875,0.5606060606060606,0.06157839996740222
64,0.001,128,Sigmoid,1000,0.5245901639344263,0.401875,0.5606060606060606,0.06113840010948479
64,0.001,128,GELU,50,0.5393673516508889,0.5386766076421249,0.5454545454545454,0.0735195002052933
64,0.001,128,GELU,100,0.5393673516508889,0.5386766076421249,0.5454545454545454,0.06398920016363263
64,0.001,128,GELU,300,0.5393673516508889,0.5386766076421249,0.5454545454545454,0.06543259997852147
64,0.001,128,GELU,500,0.5393673516508889,0.5386766076421249,0.5454545454545454,0.06845739996060729
64,0.001,128,GELU,1000,0.5393673516508889,0.5386766076421249,0.5454545454545454,0.05932460003532469
64,0.001,128,Softmax,50,0.5245901639344263,0.401875,0.5606060606060606,0.05339389992877841
64,0.001,128,Softmax,100,0.5245901639344263,0.401875,0.5606060606060606,0.050312599865719676
64,0.001,128,Softmax,300,0.5245901639344263,0.401875,0.5606060606060606,0.05198110011406243
64,0.001,128,Softmax,500,0.5245901639344263,0.401875,0.5606060606060606,0.057618699967861176
64,0.001,128,Softmax,1000,0.5245901639344263,0.401875,0.5606060606060606,0.04822160000912845
64,0.0001,8,ReLU,50,0.5334795659201108,0.5333526514053898,0.5378787878787878,0.17970490013249218
64,0.0001,8,ReLU,100,0.5334795659201108,0.5333526514053898,0.5378787878787878,0.1642537999432534
64,0.0001,8,ReLU,300,0.5334795659201108,0.5333526514053898,0.5378787878787878,0.15403420012444258
64,0.0001,8,ReLU,500,0.5334795659201108,0.5333526514053898,0.5378787878787878,0.16291910014115274
64,0.0001,8,ReLU,1000,0.5334795659201108,0.5333526514053898,0.5378787878787878,0.14319770014844835
64,0.0001,8,Tanh,50,0.5840452551373816,0.5750470752596732,0.5984848484848485,0.13005430018529296
64,0.0001,8,Tanh,100,0.5840452551373816,0.5750470752596732,0.5984848484848485,0.2655939001124352
64,0.0001,8,Tanh,300,0.5840452551373816,0.5750470752596732,0.5984848484848485,0.21612470014952123
64,0.0001,8,Tanh,500,0.5840452551373816,0.5750470752596732,0.5984848484848485,0.17965819989331067
64,0.0001,8,Tanh,1000,0.5840452551373816,0.5750470752596732,0.5984848484848485,0.1782217000145465
64,0.0001,8,Sigmoid,50,0.5992842299699839,0.5910830346838365,0.6136363636363636,0.3065317999571562
64,0.0001,8,Sigmoid,100,0.5992842299699839,0.5910830346838365,0.6136363636363636,0.36813620012253523
64,0.0001,8,Sigmoid,300,0.5992842299699839,0.5910830346838365,0.6136363636363636,0.33231420000083745
64,0.0001,8,Sigmoid,500,0.5992842299699839,0.5910830346838365,0.6136363636363636,0.2564861997961998
64,0.0001,8,Sigmoid,1000,0.5992842299699839,0.5910830346838365,0.6136363636363636,0.2551497998647392
64,0.0001,8,GELU,50,0.5334795659201108,0.5333526514053898,0.5378787878787878,0.261337700067088
64,0.0001,8,GELU,100,0.5334795659201108,0.5333526514053898,0.5378787878787878,0.2625333999749273
64,0.0001,8,GELU,300,0.5334795659201108,0.5333526514053898,0.5378787878787878,0.3333330999594182
64,0.0001,8,GELU,500,0.5334795659201108,0.5333526514053898,0.5378787878787878,0.24046110012568533
64,0.0001,8,GELU,1000,0.5334795659201108,0.5333526514053898,0.5378787878787878,0.2677941999863833
64,0.0001,8,Softmax,50,0.5992842299699839,0.5910830346838365,0.6136363636363636,0.21291100000962615
64,0.0001,8,Softmax,100,0.5992842299699839,0.5910830346838365,0.6136363636363636,0.21998499985784292
64,0.0001,8,Softmax,300,0.5992842299699839,0.5910830346838365,0.6136363636363636,0.23879129998385906
64,0.0001,8,Softmax,500,0.5992842299699839,0.5910830346838365,0.6136363636363636,0.28307100012898445
64,0.0001,8,Softmax,1000,0.5992842299699839,0.5910830346838365,0.6136363636363636,0.2633511999156326
64,0.0001,16,ReLU,50,0.5334795659201108,0.5333526514053898,0.5378787878787878,0.1761119000148028
64,0.0001,16,ReLU,100,0.5334795659201108,0.5333526514053898,0.5378787878787878,0.1516620998736471
64,0.0001,16,ReLU,300,0.5334795659201108,0.5333526514053898,0.5378787878787878,0.14709490002132952
64,0.0001,16,ReLU,500,0.5334795659201108,0.5333526514053898,0.5378787878787878,0.1525320999789983
64,0.0001,16,ReLU,1000,0.5334795659201108,0.5333526514053898,0.5378787878787878,0.15673770010471344
64,0.0001,16,Tanh,50,0.5840452551373816,0.5750470752596732,0.5984848484848485,0.1315926997922361
64,0.0001,16,Tanh,100,0.5840452551373816,0.5750470752596732,0.5984848484848485,0.1394791998900473
64,0.0001,16,Tanh,300,0.5840452551373816,0.5750470752596732,0.5984848484848485,0.15908660017885268
64,0.0001,16,Tanh,500,0.5840452551373816,0.5750470752596732,0.5984848484848485,0.1895085999276489
64,0.0001,16,Tanh,1000,0.5840452551373816,0.5750470752596732,0.5984848484848485,0.13852989999577403
64,0.0001,16,Sigmoid,50,0.6344954975756176,0.6235119047619048,0.6515151515151515,0.1616181000135839
64,0.0001,16,Sigmoid,100,0.6344954975756176,0.6235119047619048,0.6515151515151515,0.171545899938792
64,0.0001,16,Sigmoid,300,0.6344954975756176,0.6235119047619048,0.6515151515151515,0.20573029993101954
64,0.0001,16,Sigmoid,500,0.6344954975756176,0.6235119047619048,0.6515151515151515,0.19850630010478199
64,0.0001,16,Sigmoid,1000,0.6344954975756176,0.6235119047619048,0.6515151515151515,0.2043981000315398
64,0.0001,16,GELU,50,0.5334795659201108,0.5333526514053898,0.5378787878787878,0.15954519994556904
64,0.0001,16,GELU,100,0.5334795659201108,0.5333526514053898,0.5378787878787878,0.17342730006203055
64,0.0001,16,GELU,300,0.5334795659201108,0.5333526514053898,0.5378787878787878,0.20409659994766116
64,0.0001,16,GELU,500,0.5334795659201108,0.5333526514053898,0.5378787878787878,0.1673565001692623
64,0.0001,16,GELU,1000,0.5334795659201108,0.5333526514053898,0.5378787878787878,0.16540429997257888
64,0.0001,16,Softmax,50,0.6344954975756176,0.6235119047619048,0.6515151515151515,0.16408929997123778
64,0.0001,16,Softmax,100,0.6344954975756176,0.6235119047619048,0.6515151515151515,0.14935779990628362
64,0.0001,16,Softmax,300,0.6344954975756176,0.6235119047619048,0.6515151515151515,0.14261540002189577
64,0.0001,16,Softmax,500,0.6344954975756176,0.6235119047619048,0.6515151515151515,0.178349900059402
64,0.0001,16,Softmax,1000,0.6344954975756176,0.6235119047619048,0.6515151515151515,0.160947100026533
64,0.0001,32,ReLU,50,0.5264373123989841,0.5263888888888889,0.5303030303030303,0.10157980001531541
64,0.0001,32,ReLU,100,0.5264373123989841,0.5263888888888889,0.5303030303030303,0.13543700007721782
64,0.0001,32,ReLU,300,0.5264373123989841,0.5263888888888889,0.5303030303030303,0.1412970998790115
64,0.0001,32,ReLU,500,0.5264373123989841,0.5263888888888889,0.5303030303030303,0.10944809997454286
64,0.0001,32,ReLU,1000,0.5264373123989841,0.5263888888888889,0.5303030303030303,0.10147350002080202
64,0.0001,32,Tanh,50,0.5922419764488571,0.5846042120551924,0.6060606060606061,0.11861030012369156
64,0.0001,32,Tanh,100,0.5922419764488571,0.5846042120551924,0.6060606060606061,0.11072509991936386
64,0.0001,32,Tanh,300,0.5922419764488571,0.5846042120551924,0.6060606060606061,0.11447170004248619
64,0.0001,32,Tanh,500,0.5922419764488571,0.5846042120551924,0.6060606060606061,0.1138716998975724
64,0.0001,32,Tanh,1000,0.5922419764488571,0.5846042120551924,0.6060606060606061,0.09353410010226071
64,0.0001,32,Sigmoid,50,0.5946663588085892,0.5766836445953594,0.6136363636363636,0.12108359998092055
64,0.0001,32,Sigmoid,100,0.5946663588085892,0.5766836445953594,0.6136363636363636,0.1102895000949502
64,0.0001,32,Sigmoid,300,0.5946663588085892,0.5766836445953594,0.6136363636363636,0.11492510000243783
64,0.0001,32,Sigmoid,500,0.5946663588085892,0.5766836445953594,0.6136363636363636,0.13665429991669953
64,0.0001,32,Sigmoid,1000,0.5946663588085892,0.5766836445953594,0.6136363636363636,0.15377589990384877
64,0.0001,32,GELU,50,0.5264373123989841,0.5263888888888889,0.5303030303030303,0.1427106000483036
64,0.0001,32,GELU,100,0.5264373123989841,0.5263888888888889,0.5303030303030303,0.12128490000031888
64,0.0001,32,GELU,300,0.5264373123989841,0.5263888888888889,0.5303030303030303,0.1015163001138717
64,0.0001,32,GELU,500,0.5264373123989841,0.5263888888888889,0.5303030303030303,0.11595690017566085
64,0.0001,32,GELU,1000,0.5264373123989841,0.5263888888888889,0.5303030303030303,0.11171650001779199
64,0.0001,32,Softmax,50,0.5946663588085892,0.5766836445953594,0.6136363636363636,0.11566330003552139
64,0.0001,32,Softmax,100,0.5946663588085892,0.5766836445953594,0.6136363636363636,0.13295990019105375
64,0.0001,32,Softmax,300,0.5946663588085892,0.5766836445953594,0.6136363636363636,0.1432556000072509
64,0.0001,32,Softmax,500,0.5946663588085892,0.5766836445953594,0.6136363636363636,0.13637480000033975
64,0.0001,32,Softmax,1000,0.5946663588085892,0.5766836445953594,0.6136363636363636,0.1355878000613302
64,0.0001,64,ReLU,50,0.5264373123989841,0.5263888888888889,0.5303030303030303,0.09560989984311163
64,0.0001,64,ReLU,100,0.5264373123989841,0.5263888888888889,0.5303030303030303,0.09881370002403855
64,0.0001,64,ReLU,300,0.5264373123989841,0.5263888888888889,0.5303030303030303,0.10147009999491274
64,0.0001,64,ReLU,500,0.5264373123989841,0.5263888888888889,0.5303030303030303,0.09139830013737082
64,0.0001,64,ReLU,1000,0.5264373123989841,0.5263888888888889,0.5303030303030303,0.1140491000842303
64,0.0001,64,Tanh,50,0.5922419764488571,0.5846042120551924,0.6060606060606061,0.09595729992724955
64,0.0001,64,Tanh,100,0.5922419764488571,0.5846042120551924,0.6060606060606061,0.09414900001138449
64,0.0001,64,Tanh,300,0.5922419764488571,0.5846042120551924,0.6060606060606061,0.08040670002810657
64,0.0001,64,Tanh,500,0.5922419764488571,0.5846042120551924,0.6060606060606061,0.09576530009508133
64,0.0001,64,Tanh,1000,0.5922419764488571,0.5846042120551924,0.6060606060606061,0.07789099984802306
64,0.0001,64,Sigmoid,50,0.5887785730778111,0.5744047619047619,0.6060606060606061,0.11293910001404583
64,0.0001,64,Sigmoid,100,0.5887785730778111,0.5744047619047619,0.6060606060606061,0.12456139991991222
64,0.0001,64,Sigmoid,300,0.5887785730778111,0.5744047619047619,0.6060606060606061,0.12257739994674921
64,0.0001,64,Sigmoid,500,0.5887785730778111,0.5744047619047619,0.6060606060606061,0.1214737999252975
64,0.0001,64,Sigmoid,1000,0.5887785730778111,0.5744047619047619,0.6060606060606061,0.12317090015858412
64,0.0001,64,GELU,50,0.5264373123989841,0.5263888888888889,0.5303030303030303,0.08176690014079213
64,0.0001,64,GELU,100,0.5264373123989841,0.5263888888888889,0.5303030303030303,0.09873640001751482
64,0.0001,64,GELU,300,0.5264373123989841,0.5263888888888889,0.5303030303030303,0.09056610008701682
64,0.0001,64,GELU,500,0.5264373123989841,0.5263888888888889,0.5303030303030303,0.10312350001186132
64,0.0001,64,GELU,1000,0.5264373123989841,0.5263888888888889,0.5303030303030303,0.0988217000849545
64,0.0001,64,Softmax,50,0.5887785730778111,0.5744047619047619,0.6060606060606061,0.1388910999521613
64,0.0001,64,Softmax,100,0.5887785730778111,0.5744047619047619,0.6060606060606061,0.15611290000379086
64,0.0001,64,Softmax,300,0.5887785730778111,0.5744047619047619,0.6060606060606061,0.14012379990890622
64,0.0001,64,Softmax,500,0.5887785730778111,0.5744047619047619,0.6060606060606061,0.12015770003199577
64,0.0001,64,Softmax,1000,0.5887785730778111,0.5744047619047619,0.6060606060606061,0.13409549999050796
64,0.0001,128,ReLU,50,0.5264373123989841,0.5263888888888889,0.5303030303030303,0.07756859995424747
64,0.0001,128,ReLU,100,0.5264373123989841,0.5263888888888889,0.5303030303030303,0.06539699994027615
64,0.0001,128,ReLU,300,0.5264373123989841,0.5263888888888889,0.5303030303030303,0.07829560013487935
64,0.0001,128,ReLU,500,0.5264373123989841,0.5263888888888889,0.5303030303030303,0.08480219985358417
64,0.0001,128,ReLU,1000,0.5264373123989841,0.5263888888888889,0.5303030303030303,0.08374929986894131
64,0.0001,128,Tanh,50,0.5922419764488571,0.5846042120551924,0.6060606060606061,0.08126419992186129
64,0.0001,128,Tanh,100,0.5922419764488571,0.5846042120551924,0.6060606060606061,0.09682350000366569
64,0.0001,128,Tanh,300,0.5922419764488571,0.5846042120551924,0.6060606060606061,0.09948819992132485
64,0.0001,128,Tanh,500,0.5922419764488571,0.5846042120551924,0.6060606060606061,0.0831571000162512
64,0.0001,128,Tanh,1000,0.5922419764488571,0.5846042120551924,0.6060606060606061,0.08618790004402399
64,0.0001,128,Sigmoid,50,0.5098129762179635,0.49583333333333335,0.5,0.0956723999697715
64,0.0001,128,Sigmoid,100,0.5098129762179635,0.49583333333333335,0.5,0.09248679992742836
64,0.0001,128,Sigmoid,300,0.5098129762179635,0.49583333333333335,0.5,0.07312710001133382
64,0.0001,128,Sigmoid,500,0.5098129762179635,0.49583333333333335,0.5,0.06933560012839735
64,0.0001,128,Sigmoid,1000,0.5098129762179635,0.49583333333333335,0.5,0.06907230010256171
64,0.0001,128,GELU,50,0.5264373123989841,0.5263888888888889,0.5303030303030303,0.05515410006046295
64,0.0001,128,GELU,100,0.5264373123989841,0.5263888888888889,0.5303030303030303,0.051397499861195683
64,0.0001,128,GELU,300,0.5264373123989841,0.5263888888888889,0.5303030303030303,0.05164549988694489
64,0.0001,128,GELU,500,0.5264373123989841,0.5263888888888889,0.5303030303030303,0.05743089993484318
64,0.0001,128,GELU,1000,0.5264373123989841,0.5263888888888889,0.5303030303030303,0.05171549995429814
64,0.0001,128,Softmax,50,0.5098129762179635,0.49583333333333335,0.5,0.07335230009630322
64,0.0001,128,Softmax,100,0.5098129762179635,0.49583333333333335,0.5,0.07229439984075725
64,0.0001,128,Softmax,300,0.5098129762179635,0.49583333333333335,0.5,0.06132700014859438
64,0.0001,128,Softmax,500,0.5098129762179635,0.49583333333333335,0.5,0.07358040008693933
64,0.0001,128,Softmax,1000,0.5098129762179635,0.49583333333333335,0.5,0.06286889989860356
64,0.00025,8,ReLU,50,0.5475640729623643,0.5471829757544043,0.553030303030303,0.14487190009094775
64,0.00025,8,ReLU,100,0.5475640729623643,0.5471829757544043,0.553030303030303,0.13299579988233745
64,0.00025,8,ReLU,300,0.5475640729623643,0.5471829757544043,0.553030303030303,0.15457249991595745
64,0.00025,8,ReLU,500,0.5475640729623643,0.5471829757544043,0.553030303030303,0.25813400000333786
64,0.00025,8,ReLU,1000,0.5475640729623643,0.5471829757544043,0.553030303030303,0.2550188999157399
64,0.00025,8,Tanh,50,0.5851997229277304,0.5781221733100164,0.5984848484848485,0.24984470009803772
64,0.00025,8,Tanh,100,0.5851997229277304,0.5781221733100164,0.5984848484848485,0.20588989998213947
64,0.00025,8,Tanh,300,0.5851997229277304,0.5781221733100164,0.5984848484848485,0.2301378999836743
64,0.00025,8,Tanh,500,0.5851997229277304,0.5781221733100164,0.5984848484848485,0.24396199989132583
64,0.00025,8,Tanh,1000,0.5851997229277304,0.5781221733100164,0.5984848484848485,0.24243069998919964
64,0.00025,8,Sigmoid,50,0.5583006234126068,0.5416666666666666,0.5757575757575758,0.20697679999284446
64,0.00025,8,Sigmoid,100,0.5583006234126068,0.5416666666666666,0.5757575757575758,0.22234039986506104
64,0.00025,8,Sigmoid,300,0.5583006234126068,0.5416666666666666,0.5757575757575758,0.20020580012351274
64,0.00025,8,Sigmoid,500,0.5583006234126068,0.5416666666666666,0.5757575757575758,0.1836869001854211
64,0.00025,8,Sigmoid,1000,0.5583006234126068,0.5416666666666666,0.5757575757575758,0.19196829991415143
64,0.00025,8,GELU,50,0.5475640729623643,0.5471829757544043,0.553030303030303,0.23855000012554228
64,0.00025,8,GELU,100,0.5475640729623643,0.5471829757544043,0.553030303030303,0.25890340004116297
64,0.00025,8,GELU,300,0.5475640729623643,0.5471829757544043,0.553030303030303,0.21378210000693798
64,0.00025,8,GELU,500,0.5475640729623643,0.5471829757544043,0.553030303030303,0.21800830005668104
64,0.00025,8,GELU,1000,0.5475640729623643,0.5471829757544043,0.553030303030303,0.18991669989190996
64,0.00025,8,Softmax,50,0.5583006234126068,0.5416666666666666,0.5757575757575758,0.18574740015901625
64,0.00025,8,Softmax,100,0.5583006234126068,0.5416666666666666,0.5757575757575758,0.20068929996341467
64,0.00025,8,Softmax,300,0.5583006234126068,0.5416666666666666,0.5757575757575758,0.2520266000647098
64,0.00025,8,Softmax,500,0.5583006234126068,0.5416666666666666,0.5757575757575758,0.2658542001154274
64,0.00025,8,Softmax,1000,0.5583006234126068,0.5416666666666666,0.5757575757575758,0.24115310003980994
64,0.00025,16,ReLU,50,0.5405218194412376,0.5402832598096123,0.5454545454545454,0.13269650004804134
64,0.00025,16,ReLU,100,0.5405218194412376,0.5402832598096123,0.5454545454545454,0.1451645998749882
64,0.00025,16,ReLU,300,0.5405218194412376,0.5402832598096123,0.5454545454545454,0.13368500000797212
64,0.00025,16,ReLU,500,0.5405218194412376,0.5402832598096123,0.5454545454545454,0.13195399986580014
64,0.00025,16,ReLU,1000,0.5405218194412376,0.5402832598096123,0.5454545454545454,0.14299400011077523
64,0.00025,16,Tanh,50,0.5840452551373816,0.5750470752596732,0.5984848484848485,0.13454960007220507
64,0.00025,16,Tanh,100,0.5840452551373816,0.5750470752596732,0.5984848484848485,0.13479040004312992
64,0.00025,16,Tanh,300,0.5840452551373816,0.5750470752596732,0.5984848484848485,0.1303032001014799
64,0.00025,16,Tanh,500,0.5840452551373816,0.5750470752596732,0.5984848484848485,0.14969570003449917
64,0.00025,16,Tanh,1000,0.5840452551373816,0.5750470752596732,0.5984848484848485,0.13214610004797578
64,0.00025,16,Sigmoid,50,0.6159085661510044,0.5691367456073338,0.6439393939393939,0.13018520013429224
64,0.00025,16,Sigmoid,100,0.6159085661510044,0.5691367456073338,0.6439393939393939,0.1354396000970155
64,0.00025,16,Sigmoid,300,0.6159085661510044,0.5691367456073338,0.6439393939393939,0.12359699979424477
64,0.00025,16,Sigmoid,500,0.6159085661510044,0.5691367456073338,0.6439393939393939,0.1402072999626398
64,0.00025,16,Sigmoid,1000,0.6159085661510044,0.5691367456073338,0.6439393939393939,0.12645209999755025
64,0.00025,16,GELU,50,0.5405218194412376,0.5402832598096123,0.5454545454545454,0.12787339999340475
64,0.00025,16,GELU,100,0.5405218194412376,0.5402832598096123,0.5454545454545454,0.12023689993657172
64,0.00025,16,GELU,300,0.5405218194412376,0.5402832598096123,0.5454545454545454,0.14028559997677803
64,0.00025,16,GELU,500,0.5405218194412376,0.5402832598096123,0.5454545454545454,0.16720150015316904
64,0.00025,16,GELU,1000,0.5405218194412376,0.5402832598096123,0.5454545454545454,0.14339860016480088
64,0.00025,16,Softmax,50,0.6159085661510044,0.5691367456073338,0.6439393939393939,0.14272050000727177
64,0.00025,16,Softmax,100,0.6159085661510044,0.5691367456073338,0.6439393939393939,0.13964530010707676
64,0.00025,16,Softmax,300,0.6159085661510044,0.5691367456073338,0.6439393939393939,0.11542419996112585
64,0.00025,16,Softmax,500,0.6159085661510044,0.5691367456073338,0.6439393939393939,0.1315357000567019
64,0.00025,16,Softmax,1000,0.6159085661510044,0.5691367456073338,0.6439393939393939,0.12996140005998313
64,0.00025,32,ReLU,50,0.5334795659201108,0.5333526514053898,0.5378787878787878,0.1154755000025034
64,0.00025,32,ReLU,100,0.5334795659201108,0.5333526514053898,0.5378787878787878,0.11078200000338256
64,0.00025,32,ReLU,300,0.5334795659201108,0.5333526514053898,0.5378787878787878,0.11832799995318055
64,0.00025,32,ReLU,500,0.5334795659201108,0.5333526514053898,0.5378787878787878,0.12460440001450479
64,0.00025,32,ReLU,1000,0.5334795659201108,0.5333526514053898,0.5378787878787878,0.12418179982341826
64,0.00025,32,Tanh,50,0.5840452551373816,0.5750470752596732,0.5984848484848485,0.11779209994710982
64,0.00025,32,Tanh,100,0.5840452551373816,0.5750470752596732,0.5984848484848485,0.11795020010322332
64,0.00025,32,Tanh,300,0.5840452551373816,0.5750470752596732,0.5984848484848485,0.08328799996525049
64,0.00025,32,Tanh,500,0.5840452551373816,0.5750470752596732,0.5984848484848485,0.08353159995749593
64,0.00025,32,Tanh,1000,0.5840452551373816,0.5750470752596732,0.5984848484848485,0.07601680001243949
64,0.00025,32,Sigmoid,50,0.6029785268990995,0.5636510827767658,0.6287878787878788,0.07646799995563924
64,0.00025,32,Sigmoid,100,0.6029785268990995,0.5636510827767658,0.6287878787878788,0.06954930000938475
64,0.00025,32,Sigmoid,300,0.6029785268990995,0.5636510827767658,0.6287878787878788,0.06925820000469685
64,0.00025,32,Sigmoid,500,0.6029785268990995,0.5636510827767658,0.6287878787878788,0.05839200015179813
64,0.00025,32,Sigmoid,1000,0.6029785268990995,0.5636510827767658,0.6287878787878788,0.06046280008740723
64,0.00025,32,GELU,50,0.5334795659201108,0.5333526514053898,0.5378787878787878,0.10978539986535907
64,0.00025,32,GELU,100,0.5334795659201108,0.5333526514053898,0.5378787878787878,0.12795510003343225
64,0.00025,32,GELU,300,0.5334795659201108,0.5333526514053898,0.5378787878787878,0.1398826998192817
64,0.00025,32,GELU,500,0.5334795659201108,0.5333526514053898,0.5378787878787878,0.12142879981547594
64,0.00025,32,GELU,1000,0.5334795659201108,0.5333526514053898,0.5378787878787878,0.12365150009281933
64,0.00025,32,Softmax,50,0.6029785268990995,0.5636510827767658,0.6287878787878788,0.1417751000262797
64,0.00025,32,Softmax,100,0.6029785268990995,0.5636510827767658,0.6287878787878788,0.13595210015773773
64,0.00025,32,Softmax,300,0.6029785268990995,0.5636510827767658,0.6287878787878788,0.13025739998556674
64,0.00025,32,Softmax,500,0.6029785268990995,0.5636510827767658,0.6287878787878788,0.12067639990709722
64,0.00025,32,Softmax,1000,0.6029785268990995,0.5636510827767658,0.6287878787878788,0.1147711998783052
64,0.00025,64,ReLU,50,0.5334795659201108,0.5333526514053898,0.5378787878787878,0.07696889992803335
64,0.00025,64,ReLU,100,0.5334795659201108,0.5333526514053898,0.5378787878787878,0.08849860006012022
64,0.00025,64,ReLU,300,0.5334795659201108,0.5333526514053898,0.5378787878787878,0.08393770013935864
64,0.00025,64,ReLU,500,0.5334795659201108,0.5333526514053898,0.5378787878787878,0.09745000000111759
64,0.00025,64,ReLU,1000,0.5334795659201108,0.5333526514053898,0.5378787878787878,0.10626799985766411
64,0.00025,64,Tanh,50,0.5840452551373816,0.5750470752596732,0.5984848484848485,0.09093280020169914
64,0.00025,64,Tanh,100,0.5840452551373816,0.5750470752596732,0.5984848484848485,0.08667839993722737
64,0.00025,64,Tanh,300,0.5840452551373816,0.5750470752596732,0.5984848484848485,0.09351030015386641
64,0.00025,64,Tanh,500,0.5840452551373816,0.5750470752596732,0.5984848484848485,0.08532080007717013
64,0.00025,64,Tanh,1000,0.5840452551373816,0.5750470752596732,0.5984848484848485,0.08992729987949133
64,0.00025,64,Sigmoid,50,0.5758485338259063,0.5653658536585366,0.5909090909090909,0.12098030000925064
64,0.00025,64,Sigmoid,100,0.5758485338259063,0.5653658536585366,0.5909090909090909,0.13014620007015765
64,0.00025,64,Sigmoid,300,0.5758485338259063,0.5653658536585366,0.5909090909090909,0.13856530003249645
64,0.00025,64,Sigmoid,500,0.5758485338259063,0.5653658536585366,0.5909090909090909,0.08890750003047287
64,0.00025,64,Sigmoid,1000,0.5758485338259063,0.5653658536585366,0.5909090909090909,0.12457720004022121
64,0.00025,64,GELU,50,0.5334795659201108,0.5333526514053898,0.5378787878787878,0.09822789998725057
64,0.00025,64,GELU,100,0.5334795659201108,0.5333526514053898,0.5378787878787878,0.11308769998140633
64,0.00025,64,GELU,300,0.5334795659201108,0.5333526514053898,0.5378787878787878,0.10238890000618994
64,0.00025,64,GELU,500,0.5334795659201108,0.5333526514053898,0.5378787878787878,0.10455380007624626
64,0.00025,64,GELU,1000,0.5334795659201108,0.5333526514053898,0.5378787878787878,0.10964110004715621
64,0.00025,64,Softmax,50,0.5758485338259063,0.5653658536585366,0.5909090909090909,0.0986676998436451
64,0.00025,64,Softmax,100,0.5758485338259063,0.5653658536585366,0.5909090909090909,0.121555499965325
64,0.00025,64,Softmax,300,0.5758485338259063,0.5653658536585366,0.5909090909090909,0.09572810004465282
64,0.00025,64,Softmax,500,0.5758485338259063,0.5653658536585366,0.5909090909090909,0.11231589992530644
64,0.00025,64,Softmax,1000,0.5758485338259063,0.5653658536585366,0.5909090909090909,0.12090159999206662
64,0.00025,128,ReLU,50,0.5264373123989841,0.5263888888888889,0.5303030303030303,0.10352499992586672
64,0.00025,128,ReLU,100,0.5264373123989841,0.5263888888888889,0.5303030303030303,0.08530859998427331
64,0.00025,128,ReLU,300,0.5264373123989841,0.5263888888888889,0.5303030303030303,0.07267079991288483
64,0.00025,128,ReLU,500,0.5264373123989841,0.5263888888888889,0.5303030303030303,0.08634639997035265
64,0.00025,128,ReLU,1000,0.5264373123989841,0.5263888888888889,0.5303030303030303,0.08697760012000799
64,0.00025,128,Tanh,50,0.5840452551373816,0.5750470752596732,0.5984848484848485,0.07737810001708567
64,0.00025,128,Tanh,100,0.5840452551373816,0.5750470752596732,0.5984848484848485,0.08456610003486276
64,0.00025,128,Tanh,300,0.5840452551373816,0.5750470752596732,0.5984848484848485,0.08571899984963238
64,0.00025,128,Tanh,500,0.5840452551373816,0.5750470752596732,0.5984848484848485,0.07406250014901161
64,0.00025,128,Tanh,1000,0.5840452551373816,0.5750470752596732,0.5984848484848485,0.07270770007744431
64,0.00025,128,Sigmoid,50,0.6251443084737935,0.6098849273721939,0.6439393939393939,0.0815085000358522
64,0.00025,128,Sigmoid,100,0.6251443084737935,0.6098849273721939,0.6439393939393939,0.08923120005056262
64,0.00025,128,Sigmoid,300,0.6251443084737935,0.6098849273721939,0.6439393939393939,0.08496959996409714
64,0.00025,128,Sigmoid,500,0.6251443084737935,0.6098849273721939,0.6439393939393939,0.08188209985382855
64,0.00025,128,Sigmoid,1000,0.6251443084737935,0.6098849273721939,0.6439393939393939,0.08678589994087815
64,0.00025,128,GELU,50,0.5264373123989841,0.5263888888888889,0.5303030303030303,0.09838030021637678
64,0.00025,128,GELU,100,0.5264373123989841,0.5263888888888889,0.5303030303030303,0.10257170000113547
64,0.00025,128,GELU,300,0.5264373123989841,0.5263888888888889,0.5303030303030303,0.1659462999086827
64,0.00025,128,GELU,500,0.5264373123989841,0.5263888888888889,0.5303030303030303,0.11477290000766516
64,0.00025,128,GELU,1000,0.5264373123989841,0.5263888888888889,0.5303030303030303,0.09620000002905726
64,0.00025,128,Softmax,50,0.6251443084737935,0.6098849273721939,0.6439393939393939,0.08650710014626384
64,0.00025,128,Softmax,100,0.6251443084737935,0.6098849273721939,0.6439393939393939,0.08689929987303913
64,0.00025,128,Softmax,300,0.6251443084737935,0.6098849273721939,0.6439393939393939,0.09526450000703335
64,0.00025,128,Softmax,500,0.6251443084737935,0.6098849273721939,0.6439393939393939,0.08231329987756908
64,0.00025,128,Softmax,1000,0.6251443084737935,0.6098849273721939,0.6439393939393939,0.08731410000473261
128,0.01,8,ReLU,50,0.6789425075040407,0.6778379665456277,0.6893939393939394,0.3169807998929173
128,0.01,8,ReLU,100,0.6789425075040407,0.6778379665456277,0.6893939393939394,0.30809980002231896
128,0.01,8,ReLU,300,0.6789425075040407,0.6778379665456277,0.6893939393939394,0.35679470002651215
128,0.01,8,ReLU,500,0.6789425075040407,0.6778379665456277,0.6893939393939394,0.3059457999188453
128,0.01,8,ReLU,1000,0.6789425075040407,0.6778379665456277,0.6893939393939394,0.3135226001031697
128,0.01,8,Tanh,50,0.6190256291849457,0.6190256291849457,0.6212121212121212,0.20735839987173676
128,0.01,8,Tanh,100,0.6190256291849457,0.6190256291849457,0.6212121212121212,0.204129199963063
128,0.01,8,Tanh,300,0.6190256291849457,0.6190256291849457,0.6212121212121212,0.23829560005106032
128,0.01,8,Tanh,500,0.6190256291849457,0.6190256291849457,0.6212121212121212,0.2773301999550313
128,0.01,8,Tanh,1000,0.6190256291849457,0.6190256291849457,0.6212121212121212,0.24821130000054836
128,0.01,8,Sigmoid,50,0.605172015700762,0.5942955495451192,0.6212121212121212,0.20371669996529818
128,0.01,8,Sigmoid,100,0.605172015700762,0.5942955495451192,0.6212121212121212,0.19800639990717173
128,0.01,8,Sigmoid,300,0.605172015700762,0.5942955495451192,0.6212121212121212,0.1964634999167174
128,0.01,8,Sigmoid,500,0.605172015700762,0.5942955495451192,0.6212121212121212,0.20940819988027215
128,0.01,8,Sigmoid,1000,0.605172015700762,0.5942955495451192,0.6212121212121212,0.23976530018262565
128,0.01,8,GELU,50,0.6789425075040407,0.6778379665456277,0.6893939393939394,0.3508274999912828
128,0.01,8,GELU,100,0.6789425075040407,0.6778379665456277,0.6893939393939394,0.28224140009842813
128,0.01,8,GELU,300,0.6789425075040407,0.6778379665456277,0.6893939393939394,0.28384899999946356
128,0.01,8,GELU,500,0.6789425075040407,0.6778379665456277,0.6893939393939394,0.28037980012595654
128,0.01,8,GELU,1000,0.6789425075040407,0.6778379665456277,0.6893939393939394,0.3547827999573201
128,0.01,8,Softmax,50,0.605172015700762,0.5942955495451192,0.6212121212121212,0.23478380008600652
128,0.01,8,Softmax,100,0.605172015700762,0.5942955495451192,0.6212121212121212,0.19610520009882748
128,0.01,8,Softmax,300,0.605172015700762,0.5942955495451192,0.6212121212121212,0.19498519995249808
128,0.01,8,Softmax,500,0.605172015700762,0.5942955495451192,0.6212121212121212,0.2049002000130713
128,0.01,8,Softmax,1000,0.605172015700762,0.5942955495451192,0.6212121212121212,0.19664829992689192
128,0.01,16,ReLU,50,0.6555068113599631,0.6532123238595653,0.6666666666666666,0.24117699987255037
128,0.01,16,ReLU,100,0.6555068113599631,0.6532123238595653,0.6666666666666666,0.24195239995606244
128,0.01,16,ReLU,300,0.6555068113599631,0.6532123238595653,0.6666666666666666,0.24598370003513992
128,0.01,16,ReLU,500,0.6555068113599631,0.6532123238595653,0.6666666666666666,0.2079731000121683
128,0.01,16,ReLU,1000,0.6555068113599631,0.6532123238595653,0.6666666666666666,0.20486880000680685
128,0.01,16,Tanh,50,0.6824059108750866,0.6828224813924866,0.6893939393939394,0.11982070002704859
128,0.01,16,Tanh,100,0.6824059108750866,0.6828224813924866,0.6893939393939394,0.1260377001017332
128,0.01,16,Tanh,300,0.6824059108750866,0.6828224813924866,0.6893939393939394,0.13915649987757206
128,0.01,16,Tanh,500,0.6824059108750866,0.6828224813924866,0.6893939393939394,0.12881399993784726
128,0.01,16,Tanh,1000,0.6824059108750866,0.6828224813924866,0.6893939393939394,0.11872939998283982
128,0.01,16,Sigmoid,50,0.6626645116601246,0.6496461071789686,0.6818181818181818,0.13152729999274015
128,0.01,16,Sigmoid,100,0.6626645116601246,0.6496461071789686,0.6818181818181818,0.1166760001797229
128,0.01,16,Sigmoid,300,0.6626645116601246,0.6496461071789686,0.6818181818181818,0.1303109999280423
128,0.01,16,Sigmoid,500,0.6626645116601246,0.6496461071789686,0.6818181818181818,0.12235870002768934
128,0.01,16,Sigmoid,1000,0.6626645116601246,0.6496461071789686,0.6818181818181818,0.10553509998135269
128,0.01,16,GELU,50,0.6555068113599631,0.6532123238595653,0.6666666666666666,0.1734160000924021
128,0.01,16,GELU,100,0.6555068113599631,0.6532123238595653,0.6666666666666666,0.18063800013624132
128,0.01,16,GELU,300,0.6555068113599631,0.6532123238595653,0.6666666666666666,0.18115349998697639
128,0.01,16,GELU,500,0.6555068113599631,0.6532123238595653,0.6666666666666666,0.16522710002027452
128,0.01,16,GELU,1000,0.6555068113599631,0.6532123238595653,0.6666666666666666,0.16524999984540045
128,0.01,16,Softmax,50,0.6626645116601246,0.6496461071789686,0.6818181818181818,0.10793250007554889
128,0.01,16,Softmax,100,0.6626645116601246,0.6496461071789686,0.6818181818181818,0.1034240999724716
128,0.01,16,Softmax,300,0.6626645116601246,0.6496461071789686,0.6818181818181818,0.11677279998548329
128,0.01,16,Softmax,500,0.6626645116601246,0.6496461071789686,0.6818181818181818,0.11104769981466234
128,0.01,16,Softmax,1000,0.6626645116601246,0.6496461071789686,0.6818181818181818,0.10428650001995265
128,0.01,32,ReLU,50,0.677788039713692,0.6758310871518418,0.6893939393939394,0.16303529986180365
128,0.01,32,ReLU,100,0.677788039713692,0.6758310871518418,0.6893939393939394,0.14841480017639697
128,0.01,32,ReLU,300,0.677788039713692,0.6758310871518418,0.6893939393939394,0.14485669997520745
128,0.01,32,ReLU,500,0.677788039713692,0.6758310871518418,0.6893939393939394,0.12938600010238588
128,0.01,32,ReLU,1000,0.677788039713692,0.6758310871518418,0.6893939393939394,0.1450478001497686
128,0.01,32,Tanh,50,0.6672823828215193,0.661951219512195,0.6818181818181818,0.0784364000428468
128,0.01,32,Tanh,100,0.6672823828215193,0.661951219512195,0.6818181818181818,0.069350800011307
128,0.01,32,Tanh,300,0.6672823828215193,0.661951219512195,0.6818181818181818,0.07174109993502498
128,0.01,32,Tanh,500,0.6672823828215193,0.661951219512195,0.6818181818181818,0.07213400001637638
128,0.01,32,Tanh,1000,0.6672823828215193,0.661951219512195,0.6818181818181818,0.08181589981541038
128,0.01,32,Sigmoid,50,0.7071115215885477,0.7054815172164265,0.7196969696969697,0.10605770000256598
128,0.01,32,Sigmoid,100,0.7071115215885477,0.7054815172164265,0.7196969696969697,0.10142270009964705
128,0.01,32,Sigmoid,300,0.7071115215885477,0.7054815172164265,0.7196969696969697,0.09050449985079467
128,0.01,32,Sigmoid,500,0.7071115215885477,0.7054815172164265,0.7196969696969697,0.09422879992052913
128,0.01,32,Sigmoid,1000,0.7071115215885477,0.7054815172164265,0.7196969696969697,0.08359439997002482
128,0.01,32,GELU,50,0.677788039713692,0.6758310871518418,0.6893939393939394,0.15264119999483228
128,0.01,32,GELU,100,0.677788039713692,0.6758310871518418,0.6893939393939394,0.22063890006393194
128,0.01,32,GELU,300,0.677788039713692,0.6758310871518418,0.6893939393939394,0.22797549981623888
128,0.01,32,GELU,500,0.677788039713692,0.6758310871518418,0.6893939393939394,0.2601489999797195
128,0.01,32,GELU,1000,0.677788039713692,0.6758310871518418,0.6893939393939394,0.278017699951306
128,0.01,32,Softmax,50,0.7071115215885477,0.7054815172164265,0.7196969696969697,0.22033520019613206
128,0.01,32,Softmax,100,0.7071115215885477,0.7054815172164265,0.7196969696969697,0.14523980021476746
128,0.01,32,Softmax,300,0.7071115215885477,0.7054815172164265,0.7196969696969697,0.13624699995853007
128,0.01,32,Softmax,500,0.7071115215885477,0.7054815172164265,0.7196969696969697,0.1594479000195861
128,0.01,32,Softmax,1000,0.7071115215885477,0.7054815172164265,0.7196969696969697,0.1478319000452757
128,0.01,64,ReLU,50,0.6660124682521358,0.6657834304893129,0.6742424242424242,0.1812354999128729
128,0.01,64,ReLU,100,0.6660124682521358,0.6657834304893129,0.6742424242424242,0.27371690003201365
128,0.01,64,ReLU,300,0.6660124682521358,0.6657834304893129,0.6742424242424242,0.2877680000383407
128,0.01,64,ReLU,500,0.6660124682521358,0.6657834304893129,0.6742424242424242,0.18769640009850264
128,0.01,64,ReLU,1000,0.6660124682521358,0.6657834304893129,0.6742424242424242,0.18289000005461276
128,0.01,64,Tanh,50,0.6918725467559455,0.6895615992281252,0.7045454545454546,0.10031450004316866
128,0.01,64,Tanh,100,0.6918725467559455,0.6895615992281252,0.7045454545454546,0.0948741000611335
128,0.01,64,Tanh,300,0.6918725467559455,0.6895615992281252,0.7045454545454546,0.08489169995300472
128,0.01,64,Tanh,500,0.6918725467559455,0.6895615992281252,0.7045454545454546,0.08608989999629557
128,0.01,64,Tanh,1000,0.6918725467559455,0.6895615992281252,0.7045454545454546,0.08654930000193417
128,0.01,64,Sigmoid,50,0.6638189794504733,0.6530663329161452,0.6818181818181818,0.10389259993098676
128,0.01,64,Sigmoid,100,0.6638189794504733,0.6530663329161452,0.6818181818181818,0.1101259000133723
128,0.01,64,Sigmoid,300,0.6638189794504733,0.6530663329161452,0.6818181818181818,0.13371540000662208
128,0.01,64,Sigmoid,500,0.6638189794504733,0.6530663329161452,0.6818181818181818,0.12266170000657439
128,0.01,64,Sigmoid,1000,0.6638189794504733,0.6530663329161452,0.6818181818181818,0.1212983001023531
128,0.01,64,GELU,50,0.6660124682521358,0.6657834304893129,0.6742424242424242,0.18666959996335208
128,0.01,64,GELU,100,0.6660124682521358,0.6657834304893129,0.6742424242424242,0.17421800014562905
128,0.01,64,GELU,300,0.6660124682521358,0.6657834304893129,0.6742424242424242,0.18125360016711056
128,0.01,64,GELU,500,0.6660124682521358,0.6657834304893129,0.6742424242424242,0.1637126998975873
128,0.01,64,GELU,1000,0.6660124682521358,0.6657834304893129,0.6742424242424242,0.1668203000444919
128,0.01,64,Softmax,50,0.6638189794504733,0.6530663329161452,0.6818181818181818,0.09474390000104904
128,0.01,64,Softmax,100,0.6638189794504733,0.6530663329161452,0.6818181818181818,0.09004859998822212
128,0.01,64,Softmax,300,0.6638189794504733,0.6530663329161452,0.6818181818181818,0.10186149994842708
128,0.01,64,Softmax,500,0.6638189794504733,0.6530663329161452,0.6818181818181818,0.09950010012835264
128,0.01,64,Softmax,1000,0.6638189794504733,0.6530663329161452,0.6818181818181818,0.13427309994585812
128,0.01,128,ReLU,50,0.5885476795197413,0.5885476795197413,0.5909090909090909,0.12257459992542863
128,0.01,128,ReLU,100,0.5885476795197413,0.5885476795197413,0.5909090909090909,0.11185440002009273
128,0.01,128,ReLU,300,0.5885476795197413,0.5885476795197413,0.5909090909090909,0.07555419998243451
128,0.01,128,ReLU,500,0.5885476795197413,0.5885476795197413,0.5909090909090909,0.09052189998328686
128,0.01,128,ReLU,1000,0.5885476795197413,0.5885476795197413,0.5909090909090909,0.08068130002357066
128,0.01,128,Tanh,50,0.6730547217732625,0.6727272727272727,0.6818181818181818,0.06816069991327822
128,0.01,128,Tanh,100,0.6730547217732625,0.6727272727272727,0.6818181818181818,0.07141399988904595
128,0.01,128,Tanh,300,0.6730547217732625,0.6727272727272727,0.6818181818181818,0.08141699992120266
128,0.01,128,Tanh,500,0.6730547217732625,0.6727272727272727,0.6818181818181818,0.08323079999536276
128,0.01,128,Tanh,1000,0.6730547217732625,0.6727272727272727,0.6818181818181818,0.07384550012648106
128,0.01,128,Sigmoid,50,0.6120988224428539,0.6103896103896104,0.6212121212121212,0.11066529992967844
128,0.01,128,Sigmoid,100,0.6120988224428539,0.6103896103896104,0.6212121212121212,0.09996329993009567
128,0.01,128,Sigmoid,300,0.6120988224428539,0.6103896103896104,0.6212121212121212,0.11274829995818436
128,0.01,128,Sigmoid,500,0.6120988224428539,0.6103896103896104,0.6212121212121212,0.11395020014606416
128,0.01,128,Sigmoid,1000,0.6120988224428539,0.6103896103896104,0.6212121212121212,0.18434019992128015
128,0.01,128,GELU,50,0.5885476795197413,0.5885476795197413,0.5909090909090909,0.1206230001989752
128,0.01,128,GELU,100,0.5885476795197413,0.5885476795197413,0.5909090909090909,0.07821259996853769
128,0.01,128,GELU,300,0.5885476795197413,0.5885476795197413,0.5909090909090909,0.07989929988980293
128,0.01,128,GELU,500,0.5885476795197413,0.5885476795197413,0.5909090909090909,0.08411679998971522
128,0.01,128,GELU,1000,0.5885476795197413,0.5885476795197413,0.5909090909090909,0.09019410004839301
128,0.01,128,Softmax,50,0.6120988224428539,0.6103896103896104,0.6212121212121212,0.11609789985232055
128,0.01,128,Softmax,100,0.6120988224428539,0.6103896103896104,0.6212121212121212,0.08934110007248819
128,0.01,128,Softmax,300,0.6120988224428539,0.6103896103896104,0.6212121212121212,0.09015469998121262
128,0.01,128,Softmax,500,0.6120988224428539,0.6103896103896104,0.6212121212121212,0.09578430000692606
128,0.01,128,Softmax,1000,0.6120988224428539,0.6103896103896104,0.6212121212121212,0.0946639000903815
128,0.001,8,ReLU,50,0.5579542830755022,0.5527993109388458,0.553030303030303,0.2904531001113355
128,0.001,8,ReLU,100,0.5579542830755022,0.5527993109388458,0.553030303030303,0.2676605999004096
128,0.001,8,ReLU,300,0.5579542830755022,0.5527993109388458,0.553030303030303,0.3924658999312669
128,0.001,8,ReLU,500,0.5579542830755022,0.5527993109388458,0.553030303030303,0.31274459999985993
128,0.001,8,ReLU,1000,0.5579542830755022,0.5527993109388458,0.553030303030303,0.3028854001313448
128,0.001,8,Tanh,50,0.5779265758485339,0.5756601607347875,0.5757575757575758,0.17819539993070066
128,0.001,8,Tanh,100,0.5779265758485339,0.5756601607347875,0.5757575757575758,0.18669910007156432
128,0.001,8,Tanh,300,0.5779265758485339,0.5756601607347875,0.5757575757575758,0.18702119984664023
128,0.001,8,Tanh,500,0.5779265758485339,0.5756601607347875,0.5757575757575758,0.2296772999688983
128,0.001,8,Tanh,1000,0.5779265758485339,0.5756601607347875,0.5757575757575758,0.186287899967283
128,0.001,8,Sigmoid,50,0.7048025860078504,0.7010101010101011,0.7196969696969697,0.3445061999373138
128,0.001,8,Sigmoid,100,0.7048025860078504,0.7010101010101011,0.7196969696969697,0.35031550005078316
128,0.001,8,Sigmoid,300,0.7048025860078504,0.7010101010101011,0.7196969696969697,0.28685749997384846
128,0.001,8,Sigmoid,500,0.7048025860078504,0.7010101010101011,0.7196969696969697,0.30344799999147654
128,0.001,8,Sigmoid,1000,0.7048025860078504,0.7010101010101011,0.7196969696969697,0.38592510018497705
128,0.001,8,GELU,50,0.5579542830755022,0.5527993109388458,0.553030303030303,0.2898613999132067
128,0.001,8,GELU,100,0.5579542830755022,0.5527993109388458,0.553030303030303,0.26540779997594655
128,0.001,8,GELU,300,0.5579542830755022,0.5527993109388458,0.553030303030303,0.24392869998700917
128,0.001,8,GELU,500,0.5579542830755022,0.5527993109388458,0.553030303030303,0.2700191999319941
128,0.001,8,GELU,1000,0.5579542830755022,0.5527993109388458,0.553030303030303,0.2621406998950988
128,0.001,8,Softmax,50,0.7048025860078504,0.7010101010101011,0.7196969696969697,0.38467820012010634
128,0.001,8,Softmax,100,0.7048025860078504,0.7010101010101011,0.7196969696969697,0.32538289995864034
128,0.001,8,Softmax,300,0.7048025860078504,0.7010101010101011,0.7196969696969697,0.2694829998072237
128,0.001,8,Softmax,500,0.7048025860078504,0.7010101010101011,0.7196969696969697,0.2839701999910176
128,0.001,8,Softmax,1000,0.7048025860078504,0.7010101010101011,0.7196969696969697,0.26298250001855195
128,0.001,16,ReLU,50,0.5918956361117524,0.5813873032347345,0.5833333333333334,0.13806310016661882
128,0.001,16,ReLU,100,0.5918956361117524,0.5813873032347345,0.5833333333333334,0.13457140000537038
128,0.001,16,ReLU,300,0.5918956361117524,0.5813873032347345,0.5833333333333334,0.14896680018864572
128,0.001,16,ReLU,500,0.5918956361117524,0.5813873032347345,0.5833333333333334,0.13430720008909702
128,0.001,16,ReLU,1000,0.5918956361117524,0.5813873032347345,0.5833333333333334,0.1333794998936355
128,0.001,16,Tanh,50,0.6013622719926115,0.5984618033633702,0.5984848484848485,0.0967277002055198
128,0.001,16,Tanh,100,0.6013622719926115,0.5984618033633702,0.5984848484848485,0.09905660012736917
128,0.001,16,Tanh,300,0.6013622719926115,0.5984618033633702,0.5984848484848485,0.10012459987774491
128,0.001,16,Tanh,500,0.6013622719926115,0.5984618033633702,0.5984848484848485,0.09613449987955391
128,0.001,16,Tanh,1000,0.6013622719926115,0.5984618033633702,0.5984848484848485,0.09456539992243052
128,0.001,16,Sigmoid,50,0.6323020087739553,0.5935682517961,0.6590909090909091,0.18855409999378026
128,0.001,16,Sigmoid,100,0.6323020087739553,0.5935682517961,0.6590909090909091,0.2166538001038134
128,0.001,16,Sigmoid,300,0.6323020087739553,0.5935682517961,0.6590909090909091,0.20383020001463592
128,0.001,16,Sigmoid,500,0.6323020087739553,0.5935682517961,0.6590909090909091,0.20037440001033247
128,0.001,16,Sigmoid,1000,0.6323020087739553,0.5935682517961,0.6590909090909091,0.1684256000444293
128,0.001,16,GELU,50,0.5918956361117524,0.5813873032347345,0.5833333333333334,0.10358619992621243
128,0.001,16,GELU,100,0.5918956361117524,0.5813873032347345,0.5833333333333334,0.10881679994054139
128,0.001,16,GELU,300,0.5918956361117524,0.5813873032347345,0.5833333333333334,0.10040370002388954
128,0.001,16,GELU,500,0.5918956361117524,0.5813873032347345,0.5833333333333334,0.11431460012681782
128,0.001,16,GELU,1000,0.5918956361117524,0.5813873032347345,0.5833333333333334,0.11183469998650253
128,0.001,16,Softmax,50,0.6323020087739553,0.5935682517961,0.6590909090909091,0.16223730007186532
128,0.001,16,Softmax,100,0.6323020087739553,0.5935682517961,0.6590909090909091,0.1663190999533981
128,0.001,16,Softmax,300,0.6323020087739553,0.5935682517961,0.6590909090909091,0.1540985000319779
128,0.001,16,Softmax,500,0.6323020087739553,0.5935682517961,0.6590909090909091,0.1667967000976205
128,0.001,16,Softmax,1000,0.6323020087739553,0.5935682517961,0.6590909090909091,0.17566190008074045
128,0.001,32,ReLU,50,0.536712075733087,0.5126296665299186,0.5227272727272727,0.12591599998995662
128,0.001,32,ReLU,100,0.536712075733087,0.5126296665299186,0.5227272727272727,0.10068510007113218
128,0.001,32,ReLU,300,0.536712075733087,0.5126296665299186,0.5227272727272727,0.12816690001636744
128,0.001,32,ReLU,500,0.536712075733087,0.5126296665299186,0.5227272727272727,0.1325035998597741
128,0.001,32,ReLU,1000,0.536712075733087,0.5126296665299186,0.5227272727272727,0.1407065000385046
128,0.001,32,Tanh,50,0.5978988686215654,0.5973525179856115,0.5984848484848485,0.14821040001697838
128,0.001,32,Tanh,100,0.5978988686215654,0.5973525179856115,0.5984848484848485,0.15664650010876358
128,0.001,32,Tanh,300,0.5978988686215654,0.5973525179856115,0.5984848484848485,0.16738389991223812
128,0.001,32,Tanh,500,0.5978988686215654,0.5973525179856115,0.5984848484848485,0.17899110005237162
128,0.001,32,Tanh,1000,0.5978988686215654,0.5973525179856115,0.5984848484848485,0.1518348001409322
128,0.001,32,Sigmoid,50,0.5924728700069268,0.538073908174692,0.6212121212121212,0.17620530002750456
128,0.001,32,Sigmoid,100,0.5924728700069268,0.538073908174692,0.6212121212121212,0.15463749994523823
128,0.001,32,Sigmoid,300,0.5924728700069268,0.538073908174692,0.6212121212121212,0.14449079986661673
128,0.001,32,Sigmoid,500,0.5924728700069268,0.538073908174692,0.6212121212121212,0.14214050001464784
128,0.001,32,Sigmoid,1000,0.5924728700069268,0.538073908174692,0.6212121212121212,0.14189259987324476
128,0.001,32,GELU,50,0.536712075733087,0.5126296665299186,0.5227272727272727,0.13066010014154017
128,0.001,32,GELU,100,0.536712075733087,0.5126296665299186,0.5227272727272727,0.12604429991915822
128,0.001,32,GELU,300,0.536712075733087,0.5126296665299186,0.5227272727272727,0.1330889998935163
128,0.001,32,GELU,500,0.536712075733087,0.5126296665299186,0.5227272727272727,0.13958089984953403
128,0.001,32,GELU,1000,0.536712075733087,0.5126296665299186,0.5227272727272727,0.1825236000586301
128,0.001,32,Softmax,50,0.5924728700069268,0.538073908174692,0.6212121212121212,0.17660190002061427
128,0.001,32,Softmax,100,0.5924728700069268,0.538073908174692,0.6212121212121212,0.1468094999436289
128,0.001,32,Softmax,300,0.5924728700069268,0.538073908174692,0.6212121212121212,0.13522420008666813
128,0.001,32,Softmax,500,0.5924728700069268,0.538073908174692,0.6212121212121212,0.13278719992376864
128,0.001,32,Softmax,1000,0.5924728700069268,0.538073908174692,0.6212121212121212,0.15769899985753
128,0.001,64,ReLU,50,0.5495266682059571,0.508173076923077,0.5303030303030303,0.09773849998600781
128,0.001,64,ReLU,100,0.5495266682059571,0.508173076923077,0.5303030303030303,0.10207730019465089
128,0.001,64,ReLU,300,0.5495266682059571,0.508173076923077,0.5303030303030303,0.10668449988588691
128,0.001,64,ReLU,500,0.5495266682059571,0.508173076923077,0.5303030303030303,0.10038379998877645
128,0.001,64,ReLU,1000,0.5495266682059571,0.508173076923077,0.5303030303030303,0.10494860005564988
128,0.001,64,Tanh,50,0.6189101824059109,0.6134366925064599,0.6136363636363636,0.12732540001161397
128,0.001,64,Tanh,100,0.6189101824059109,0.6134366925064599,0.6136363636363636,0.12775389989838004
128,0.001,64,Tanh,300,0.6189101824059109,0.6134366925064599,0.6136363636363636,0.12063860008493066
128,0.001,64,Tanh,500,0.6189101824059109,0.6134366925064599,0.6136363636363636,0.12489670002833009
128,0.001,64,Tanh,1000,0.6189101824059109,0.6134366925064599,0.6136363636363636,0.1090826999861747
128,0.001,64,Sigmoid,50,0.5,0.3497536945812808,0.5378787878787878,0.09412220004014671
128,0.001,64,Sigmoid,100,0.5,0.3497536945812808,0.5378787878787878,0.09611549996770918
128,0.001,64,Sigmoid,300,0.5,0.3497536945812808,0.5378787878787878,0.08031040010973811
128,0.001,64,Sigmoid,500,0.5,0.3497536945812808,0.5378787878787878,0.08724949997849762
128,0.001,64,Sigmoid,1000,0.5,0.3497536945812808,0.5378787878787878,0.0937063000164926
128,0.001,64,GELU,50,0.5495266682059571,0.508173076923077,0.5303030303030303,0.12101409980095923
128,0.001,64,GELU,100,0.5495266682059571,0.508173076923077,0.5303030303030303,0.11371740000322461
128,0.001,64,GELU,300,0.5495266682059571,0.508173076923077,0.5303030303030303,0.1089353000279516
128,0.001,64,GELU,500,0.5495266682059571,0.508173076923077,0.5303030303030303,0.10942479991354048
128,0.001,64,GELU,1000,0.5495266682059571,0.508173076923077,0.5303030303030303,0.09721369994804263
128,0.001,64,Softmax,50,0.5,0.3497536945812808,0.5378787878787878,0.09163899999111891
128,0.001,64,Softmax,100,0.5,0.3497536945812808,0.5378787878787878,0.08932620007544756
128,0.001,64,Softmax,300,0.5,0.3497536945812808,0.5378787878787878,0.09229780011810362
128,0.001,64,Softmax,500,0.5,0.3497536945812808,0.5378787878787878,0.09099170006811619
128,0.001,64,Softmax,1000,0.5,0.3497536945812808,0.5378787878787878,0.07764849998056889
128,0.001,128,ReLU,50,0.5518356037866543,0.5009756097560976,0.5303030303030303,0.10343669983558357
128,0.001,128,ReLU,100,0.5518356037866543,0.5009756097560976,0.5303030303030303,0.10189389996230602
128,0.001,128,ReLU,300,0.5518356037866543,0.5009756097560976,0.5303030303030303,0.09471610002219677
128,0.001,128,ReLU,500,0.5518356037866543,0.5009756097560976,0.5303030303030303,0.10454730014316738
128,0.001,128,ReLU,1000,0.5518356037866543,0.5009756097560976,0.5303030303030303,0.09186569997109473
128,0.001,128,Tanh,50,0.5236665897021473,0.45982142857142855,0.5,0.07167700002901256
128,0.001,128,Tanh,100,0.5236665897021473,0.45982142857142855,0.5,0.07019250001758337
128,0.001,128,Tanh,300,0.5236665897021473,0.45982142857142855,0.5,0.07308560004457831
128,0.001,128,Tanh,500,0.5236665897021473,0.45982142857142855,0.5,0.07227150001563132
128,0.001,128,Tanh,1000,0.5236665897021473,0.45982142857142855,0.5,0.07435910007916391
128,0.001,128,Sigmoid,50,0.5,0.3497536945812808,0.5378787878787878,0.08016349980607629
128,0.001,128,Sigmoid,100,0.5,0.3497536945812808,0.5378787878787878,0.07306100009009242
128,0.001,128,Sigmoid,300,0.5,0.3497536945812808,0.5378787878787878,0.07753450004383922
128,0.001,128,Sigmoid,500,0.5,0.3497536945812808,0.5378787878787878,0.07919190009124577
128,0.001,128,Sigmoid,1000,0.5,0.3497536945812808,0.5378787878787878,0.08201260003261268
128,0.001,128,GELU,50,0.5518356037866543,0.5009756097560976,0.5303030303030303,0.10172109981067479
128,0.001,128,GELU,100,0.5518356037866543,0.5009756097560976,0.5303030303030303,0.11920360010117292
128,0.001,128,GELU,300,0.5518356037866543,0.5009756097560976,0.5303030303030303,0.09632240002974868
128,0.001,128,GELU,500,0.5518356037866543,0.5009756097560976,0.5303030303030303,0.09003900014795363
128,0.001,128,GELU,1000,0.5518356037866543,0.5009756097560976,0.5303030303030303,0.0797170998994261
128,0.001,128,Softmax,50,0.5,0.3497536945812808,0.5378787878787878,0.07500169984996319
128,0.001,128,Softmax,100,0.5,0.3497536945812808,0.5378787878787878,0.06956439977511764
128,0.001,128,Softmax,300,0.5,0.3497536945812808,0.5378787878787878,0.06919469987042248
128,0.001,128,Softmax,500,0.5,0.3497536945812808,0.5378787878787878,0.08150200010277331
128,0.001,128,Softmax,1000,0.5,0.3497536945812808,0.5378787878787878,0.07370970002375543
128,0.0001,8,ReLU,50,0.511891018240591,0.42681992337164754,0.48484848484848486,0.3173865000717342
128,0.0001,8,ReLU,100,0.511891018240591,0.42681992337164754,0.48484848484848486,0.29793090000748634
128,0.0001,8,ReLU,300,0.511891018240591,0.42681992337164754,0.48484848484848486,0.39257659995928407
128,0.0001,8,ReLU,500,0.511891018240591,0.42681992337164754,0.48484848484848486,0.34200539998710155
128,0.0001,8,ReLU,1000,0.511891018240591,0.42681992337164754,0.48484848484848486,0.3287527000065893
128,0.0001,8,Tanh,50,0.511891018240591,0.42681992337164754,0.48484848484848486,0.19224070012569427
128,0.0001,8,Tanh,100,0.511891018240591,0.42681992337164754,0.48484848484848486,0.2049585001077503
128,0.0001,8,Tanh,300,0.511891018240591,0.42681992337164754,0.48484848484848486,0.20824750000610948
128,0.0001,8,Tanh,500,0.511891018240591,0.42681992337164754,0.48484848484848486,0.2202763999812305
128,0.0001,8,Tanh,1000,0.511891018240591,0.42681992337164754,0.48484848484848486,0.26586939999833703
128,0.0001,8,Sigmoid,50,0.5409836065573771,0.4343434343434343,0.5757575757575758,0.17617210000753403
128,0.0001,8,Sigmoid,100,0.5409836065573771,0.4343434343434343,0.5757575757575758,0.17933450010605156
128,0.0001,8,Sigmoid,300,0.5409836065573771,0.4343434343434343,0.5757575757575758,0.1669411000330001
128,0.0001,8,Sigmoid,500,0.5409836065573771,0.4343434343434343,0.5757575757575758,0.18776330002583563
128,0.0001,8,Sigmoid,1000,0.5409836065573771,0.4343434343434343,0.5757575757575758,0.20041449996642768
128,0.0001,8,GELU,50,0.511891018240591,0.42681992337164754,0.48484848484848486,0.33871599985286593
128,0.0001,8,GELU,100,0.511891018240591,0.42681992337164754,0.48484848484848486,0.4121807001065463
128,0.0001,8,GELU,300,0.511891018240591,0.42681992337164754,0.48484848484848486,0.36394639988429844
128,0.0001,8,GELU,500,0.511891018240591,0.42681992337164754,0.48484848484848486,0.31537500000558794
128,0.0001,8,GELU,1000,0.511891018240591,0.42681992337164754,0.48484848484848486,0.37100919988006353
128,0.0001,8,Softmax,50,0.5409836065573771,0.4343434343434343,0.5757575757575758,0.2007281999103725
128,0.0001,8,Softmax,100,0.5409836065573771,0.4343434343434343,0.5757575757575758,0.18952660006470978
128,0.0001,8,Softmax,300,0.5409836065573771,0.4343434343434343,0.5757575757575758,0.18636589986272156
128,0.0001,8,Softmax,500,0.5409836065573771,0.4343434343434343,0.5757575757575758,0.14903350011445582
128,0.0001,8,Softmax,1000,0.5409836065573771,0.4343434343434343,0.5757575757575758,0.14491809997707605
128,0.0001,16,ReLU,50,0.49538212883860544,0.3587410195005132,0.4621212121212121,0.19725019996985793
128,0.0001,16,ReLU,100,0.49538212883860544,0.3587410195005132,0.4621212121212121,0.19591300003230572
128,0.0001,16,ReLU,300,0.49538212883860544,0.3587410195005132,0.4621212121212121,0.18752099992707372
128,0.0001,16,ReLU,500,0.49538212883860544,0.3587410195005132,0.4621212121212121,0.1889192999806255
128,0.0001,16,ReLU,1000,0.49538212883860544,0.3587410195005132,0.4621212121212121,0.19331880006939173
128,0.0001,16,Tanh,50,0.5353267143846687,0.4491171749598716,0.5075757575757576,0.1493146000429988
128,0.0001,16,Tanh,100,0.5353267143846687,0.4491171749598716,0.5075757575757576,0.13290899991989136
128,0.0001,16,Tanh,300,0.5353267143846687,0.4491171749598716,0.5075757575757576,0.12091930001042783
128,0.0001,16,Tanh,500,0.5353267143846687,0.4491171749598716,0.5075757575757576,0.13769380003213882
128,0.0001,16,Tanh,1000,0.5353267143846687,0.4491171749598716,0.5075757575757576,0.11524609988555312
128,0.0001,16,Sigmoid,50,0.5326714384668668,0.47229114971050457,0.5606060606060606,0.09424929996021092
128,0.0001,16,Sigmoid,100,0.5326714384668668,0.47229114971050457,0.5606060606060606,0.08403180004097521
128,0.0001,16,Sigmoid,300,0.5326714384668668,0.47229114971050457,0.5606060606060606,0.07945289998315275
128,0.0001,16,Sigmoid,500,0.5326714384668668,0.47229114971050457,0.5606060606060606,0.09428429999388754
128,0.0001,16,Sigmoid,1000,0.5326714384668668,0.47229114971050457,0.5606060606060606,0.08380959997884929
128,0.0001,16,GELU,50,0.49538212883860544,0.3587410195005132,0.4621212121212121,0.16277799988165498
128,0.0001,16,GELU,100,0.49538212883860544,0.3587410195005132,0.4621212121212121,0.16675779991783202
128,0.0001,16,GELU,300,0.49538212883860544,0.3587410195005132,0.4621212121212121,0.17263130005449057
128,0.0001,16,GELU,500,0.49538212883860544,0.3587410195005132,0.4621212121212121,0.17595410021021962
128,0.0001,16,GELU,1000,0.49538212883860544,0.3587410195005132,0.4621212121212121,0.1330476999282837
128,0.0001,16,Softmax,50,0.5326714384668668,0.47229114971050457,0.5606060606060606,0.07231399999000132
128,0.0001,16,Softmax,100,0.5326714384668668,0.47229114971050457,0.5606060606060606,0.07245990005321801
128,0.0001,16,Softmax,300,0.5326714384668668,0.47229114971050457,0.5606060606060606,0.07243259996175766
128,0.0001,16,Softmax,500,0.5326714384668668,0.47229114971050457,0.5606060606060606,0.08200250007212162
128,0.0001,16,Softmax,1000,0.5326714384668668,0.47229114971050457,0.5606060606060606,0.07146610016934574
128,0.0001,32,ReLU,50,0.4906488108981759,0.32403982930298725,0.45454545454545453,0.08747470006346703
128,0.0001,32,ReLU,100,0.4906488108981759,0.32403982930298725,0.45454545454545453,0.08175480016507208
128,0.0001,32,ReLU,300,0.4906488108981759,0.32403982930298725,0.45454545454545453,0.06908789998851717
128,0.0001,32,ReLU,500,0.4906488108981759,0.32403982930298725,0.45454545454545453,0.07852880004793406
128,0.0001,32,ReLU,1000,0.4906488108981759,0.32403982930298725,0.45454545454545453,0.09953129990026355
128,0.0001,32,Tanh,50,0.5294389286538905,0.43088581134047554,0.5,0.13287620013579726
128,0.0001,32,Tanh,100,0.5294389286538905,0.43088581134047554,0.5,0.14278630004264414
128,0.0001,32,Tanh,300,0.5294389286538905,0.43088581134047554,0.5,0.11491220002062619
128,0.0001,32,Tanh,500,0.5294389286538905,0.43088581134047554,0.5,0.1317066999617964
128,0.0001,32,Tanh,1000,0.5294389286538905,0.43088581134047554,0.5,0.12465290003456175
128,0.0001,32,Sigmoid,50,0.5946663588085892,0.5766836445953594,0.6136363636363636,0.10143020004034042
128,0.0001,32,Sigmoid,100,0.5946663588085892,0.5766836445953594,0.6136363636363636,0.11614109994843602
128,0.0001,32,Sigmoid,300,0.5946663588085892,0.5766836445953594,0.6136363636363636,0.10782349994406104
128,0.0001,32,Sigmoid,500,0.5946663588085892,0.5766836445953594,0.6136363636363636,0.1043575000949204
128,0.0001,32,Sigmoid,1000,0.5946663588085892,0.5766836445953594,0.6136363636363636,0.10696330014616251
128,0.0001,32,GELU,50,0.4906488108981759,0.32403982930298725,0.45454545454545453,0.1648995999712497
128,0.0001,32,GELU,100,0.4906488108981759,0.32403982930298725,0.45454545454545453,0.1313265000935644
128,0.0001,32,GELU,300,0.4906488108981759,0.32403982930298725,0.45454545454545453,0.14823209983296692
128,0.0001,32,GELU,500,0.4906488108981759,0.32403982930298725,0.45454545454545453,0.18739190022461116
128,0.0001,32,GELU,1000,0.4906488108981759,0.32403982930298725,0.45454545454545453,0.18172360002063215
128,0.0001,32,Softmax,50,0.5946663588085892,0.5766836445953594,0.6136363636363636,0.11454270011745393
128,0.0001,32,Softmax,100,0.5946663588085892,0.5766836445953594,0.6136363636363636,0.11261730012483895
128,0.0001,32,Softmax,300,0.5946663588085892,0.5766836445953594,0.6136363636363636,0.11351840011775494
128,0.0001,32,Softmax,500,0.5946663588085892,0.5766836445953594,0.6136363636363636,0.10048349993303418
128,0.0001,32,Softmax,1000,0.5946663588085892,0.5766836445953594,0.6136363636363636,0.10776840010657907
128,0.0001,64,ReLU,50,0.5,0.3160621761658031,0.4621212121212121,0.08130729990079999
128,0.0001,64,ReLU,100,0.5,0.3160621761658031,0.4621212121212121,0.09467740007676184
128,0.0001,64,ReLU,300,0.5,0.3160621761658031,0.4621212121212121,0.07736709993332624
128,0.0001,64,ReLU,500,0.5,0.3160621761658031,0.4621212121212121,0.06717369984835386
128,0.0001,64,ReLU,1000,0.5,0.3160621761658031,0.4621212121212121,0.08147720014676452
128,0.0001,64,Tanh,50,0.5399445855460633,0.4211698036834649,0.5075757575757576,0.08515780000016093
128,0.0001,64,Tanh,100,0.5399445855460633,0.4211698036834649,0.5075757575757576,0.08683919999748468
128,0.0001,64,Tanh,300,0.5399445855460633,0.4211698036834649,0.5075757575757576,0.091014500008896
128,0.0001,64,Tanh,500,0.5399445855460633,0.4211698036834649,0.5075757575757576,0.09216699982061982
128,0.0001,64,Tanh,1000,0.5399445855460633,0.4211698036834649,0.5075757575757576,0.11200950015336275
128,0.0001,64,Sigmoid,50,0.5233202493650427,0.4505820105820106,0.553030303030303,0.10649309982545674
128,0.0001,64,Sigmoid,100,0.5233202493650427,0.4505820105820106,0.553030303030303,0.10351029993034899
128,0.0001,64,Sigmoid,300,0.5233202493650427,0.4505820105820106,0.553030303030303,0.09354200004599988
128,0.0001,64,Sigmoid,500,0.5233202493650427,0.4505820105820106,0.553030303030303,0.10268500004895031
128,0.0001,64,Sigmoid,1000,0.5233202493650427,0.4505820105820106,0.553030303030303,0.09594139992259443
128,0.0001,64,GELU,50,0.5,0.3160621761658031,0.4621212121212121,0.08908549998886883
128,0.0001,64,GELU,100,0.5,0.3160621761658031,0.4621212121212121,0.065398900071159
128,0.0001,64,GELU,300,0.5,0.3160621761658031,0.4621212121212121,0.09281739988364279
128,0.0001,64,GELU,500,0.5,0.3160621761658031,0.4621212121212121,0.07735119992867112
128,0.0001,64,GELU,1000,0.5,0.3160621761658031,0.4621212121212121,0.07582620019093156
128,0.0001,64,Softmax,50,0.5233202493650427,0.4505820105820106,0.553030303030303,0.07696760003454983
128,0.0001,64,Softmax,100,0.5233202493650427,0.4505820105820106,0.553030303030303,0.07224860019050539
128,0.0001,64,Softmax,300,0.5233202493650427,0.4505820105820106,0.553030303030303,0.08574369992129505
128,0.0001,64,Softmax,500,0.5233202493650427,0.4505820105820106,0.553030303030303,0.08766099996864796
128,0.0001,64,Softmax,1000,0.5233202493650427,0.4505820105820106,0.553030303030303,0.08250569994561374
128,0.0001,128,ReLU,50,0.5,0.3160621761658031,0.4621212121212121,0.09544870001263916
128,0.0001,128,ReLU,100,0.5,0.3160621761658031,0.4621212121212121,0.13190639996901155
128,0.0001,128,ReLU,300,0.5,0.3160621761658031,0.4621212121212121,0.09818849992007017
128,0.0001,128,ReLU,500,0.5,0.3160621761658031,0.4621212121212121,0.09577600006014109
128,0.0001,128,ReLU,1000,0.5,0.3160621761658031,0.4621212121212121,0.08650500001385808
128,0.0001,128,Tanh,50,0.5399445855460633,0.4211698036834649,0.5075757575757576,0.09981460007838905
128,0.0001,128,Tanh,100,0.5399445855460633,0.4211698036834649,0.5075757575757576,0.08457359997555614
128,0.0001,128,Tanh,300,0.5399445855460633,0.4211698036834649,0.5075757575757576,0.09494360000826418
128,0.0001,128,Tanh,500,0.5399445855460633,0.4211698036834649,0.5075757575757576,0.081551400013268
128,0.0001,128,Tanh,1000,0.5399445855460633,0.4211698036834649,0.5075757575757576,0.07397200004197657
128,0.0001,128,Sigmoid,50,0.5771184483952898,0.5508186195826645,0.5984848484848485,0.07664830004796386
128,0.0001,128,Sigmoid,100,0.5771184483952898,0.5508186195826645,0.5984848484848485,0.07993310014717281
128,0.0001,128,Sigmoid,300,0.5771184483952898,0.5508186195826645,0.5984848484848485,0.07563550001941621
128,0.0001,128,Sigmoid,500,0.5771184483952898,0.5508186195826645,0.5984848484848485,0.07354869996197522
128,0.0001,128,Sigmoid,1000,0.5771184483952898,0.5508186195826645,0.5984848484848485,0.07354589994065464
128,0.0001,128,GELU,50,0.5,0.3160621761658031,0.4621212121212121,0.06629260000772774
128,0.0001,128,GELU,100,0.5,0.3160621761658031,0.4621212121212121,0.07572539988905191
128,0.0001,128,GELU,300,0.5,0.3160621761658031,0.4621212121212121,0.0671688998118043
128,0.0001,128,GELU,500,0.5,0.3160621761658031,0.4621212121212121,0.07657649996690452
128,0.0001,128,GELU,1000,0.5,0.3160621761658031,0.4621212121212121,0.07769150007516146
128,0.0001,128,Softmax,50,0.5771184483952898,0.5508186195826645,0.5984848484848485,0.0872689001262188
128,0.0001,128,Softmax,100,0.5771184483952898,0.5508186195826645,0.5984848484848485,0.08104130020365119
128,0.0001,128,Softmax,300,0.5771184483952898,0.5508186195826645,0.5984848484848485,0.07825440005399287
128,0.0001,128,Softmax,500,0.5771184483952898,0.5508186195826645,0.5984848484848485,0.08471269998699427
128,0.0001,128,Softmax,1000,0.5771184483952898,0.5508186195826645,0.5984848484848485,0.08266349998302758
128,0.00025,8,ReLU,50,0.5447933502655276,0.4909090909090909,0.5227272727272727,0.250427900115028
128,0.00025,8,ReLU,100,0.5447933502655276,0.4909090909090909,0.5227272727272727,0.2371127000078559
128,0.00025,8,ReLU,300,0.5447933502655276,0.4909090909090909,0.5227272727272727,0.22279369994066656
128,0.00025,8,ReLU,500,0.5447933502655276,0.4909090909090909,0.5227272727272727,0.24594610021449625
128,0.00025,8,ReLU,1000,0.5447933502655276,0.4909090909090909,0.5227272727272727,0.24305450008250773
128,0.00025,8,Tanh,50,0.5378665435234358,0.5103338632750398,0.5227272727272727,0.27159419981762767
128,0.00025,8,Tanh,100,0.5378665435234358,0.5103338632750398,0.5227272727272727,0.25348199997097254
128,0.00025,8,Tanh,300,0.5378665435234358,0.5103338632750398,0.5227272727272727,0.22815950005315244
128,0.00025,8,Tanh,500,0.5378665435234358,0.5103338632750398,0.5227272727272727,0.23676489992067218
128,0.00025,8,Tanh,1000,0.5378665435234358,0.5103338632750398,0.5227272727272727,0.23824739991687238
128,0.00025,8,Sigmoid,50,0.5,0.3497536945812808,0.5378787878787878,0.17609139997512102
128,0.00025,8,Sigmoid,100,0.5,0.3497536945812808,0.5378787878787878,0.19779250002466142
128,0.00025,8,Sigmoid,300,0.5,0.3497536945812808,0.5378787878787878,0.24371179984882474
128,0.00025,8,Sigmoid,500,0.5,0.3497536945812808,0.5378787878787878,0.2428941000252962
128,0.00025,8,Sigmoid,1000,0.5,0.3497536945812808,0.5378787878787878,0.21594369993545115
128,0.00025,8,GELU,50,0.5447933502655276,0.4909090909090909,0.5227272727272727,0.2507287000771612
128,0.00025,8,GELU,100,0.5447933502655276,0.4909090909090909,0.5227272727272727,0.2572991999331862
128,0.00025,8,GELU,300,0.5447933502655276,0.4909090909090909,0.5227272727272727,0.2475318000651896
128,0.00025,8,GELU,500,0.5447933502655276,0.4909090909090909,0.5227272727272727,0.2536796999629587
128,0.00025,8,GELU,1000,0.5447933502655276,0.4909090909090909,0.5227272727272727,0.4651162999216467
128,0.00025,8,Softmax,50,0.5,0.3497536945812808,0.5378787878787878,0.24493699986487627
128,0.00025,8,Softmax,100,0.5,0.3497536945812808,0.5378787878787878,0.17451720009557903
128,0.00025,8,Softmax,300,0.5,0.3497536945812808,0.5378787878787878,0.18866489990614355
128,0.00025,8,Softmax,500,0.5,0.3497536945812808,0.5378787878787878,0.20261349994689226
128,0.00025,8,Softmax,1000,0.5,0.3497536945812808,0.5378787878787878,0.1923816001508385
128,0.00025,16,ReLU,50,0.5389055645347495,0.47619047619047616,0.5151515151515151,0.1696434998884797
128,0.00025,16,ReLU,100,0.5389055645347495,0.47619047619047616,0.5151515151515151,0.2161199999973178
128,0.00025,16,ReLU,300,0.5389055645347495,0.47619047619047616,0.5151515151515151,0.19550979998894036
128,0.00025,16,ReLU,500,0.5389055645347495,0.47619047619047616,0.5151515151515151,0.19735990022309124
128,0.00025,16,ReLU,1000,0.5389055645347495,0.47619047619047616,0.5151515151515151,0.17219880013726652
128,0.00025,16,Tanh,50,0.5236665897021473,0.45982142857142855,0.5,0.12306470004841685
128,0.00025,16,Tanh,100,0.5236665897021473,0.45982142857142855,0.5,0.11199459992349148
128,0.00025,16,Tanh,300,0.5236665897021473,0.45982142857142855,0.5,0.11506849993020296
128,0.00025,16,Tanh,500,0.5236665897021473,0.45982142857142855,0.5,0.1142245999071747
128,0.00025,16,Tanh,1000,0.5236665897021473,0.45982142857142855,0.5,0.11899630003608763
128,0.00025,16,Sigmoid,50,0.5,0.3497536945812808,0.5378787878787878,0.11013370007276535
128,0.00025,16,Sigmoid,100,0.5,0.3497536945812808,0.5378787878787878,0.13070080010220408
128,0.00025,16,Sigmoid,300,0.5,0.3497536945812808,0.5378787878787878,0.11537200002931058
128,0.00025,16,Sigmoid,500,0.5,0.3497536945812808,0.5378787878787878,0.10705049987882376
128,0.00025,16,Sigmoid,1000,0.5,0.3497536945812808,0.5378787878787878,0.09702909993939102
128,0.00025,16,GELU,50,0.5389055645347495,0.47619047619047616,0.5151515151515151,0.143887999933213
128,0.00025,16,GELU,100,0.5389055645347495,0.47619047619047616,0.5151515151515151,0.13862510002218187
128,0.00025,16,GELU,300,0.5389055645347495,0.47619047619047616,0.5151515151515151,0.15142020001076162
128,0.00025,16,GELU,500,0.5389055645347495,0.47619047619047616,0.5151515151515151,0.1457680999301374
128,0.00025,16,GELU,1000,0.5389055645347495,0.47619047619047616,0.5151515151515151,0.12909860000945628
128,0.00025,16,Softmax,50,0.5,0.3497536945812808,0.5378787878787878,0.07914960011839867
128,0.00025,16,Softmax,100,0.5,0.3497536945812808,0.5378787878787878,0.08207640005275607
128,0.00025,16,Softmax,300,0.5,0.3497536945812808,0.5378787878787878,0.08658589981496334
128,0.00025,16,Softmax,500,0.5,0.3497536945812808,0.5378787878787878,0.09314400004222989
128,0.00025,16,Softmax,1000,0.5,0.3497536945812808,0.5378787878787878,0.09698090003803372
128,0.00025,32,ReLU,50,0.5389055645347495,0.47619047619047616,0.5151515151515151,0.1271581999026239
128,0.00025,32,ReLU,100,0.5389055645347495,0.47619047619047616,0.5151515151515151,0.118531399872154
128,0.00025,32,ReLU,300,0.5389055645347495,0.47619047619047616,0.5151515151515151,0.12231739982962608
128,0.00025,32,ReLU,500,0.5389055645347495,0.47619047619047616,0.5151515151515151,0.10081440000794828
128,0.00025,32,ReLU,1000,0.5389055645347495,0.47619047619047616,0.5151515151515151,0.10383149981498718
128,0.00025,32,Tanh,50,0.530708843223274,0.4703376751651337,0.5075757575757576,0.07334040012210608
128,0.00025,32,Tanh,100,0.530708843223274,0.4703376751651337,0.5075757575757576,0.07947129989042878
128,0.00025,32,Tanh,300,0.530708843223274,0.4703376751651337,0.5075757575757576,0.08309639990329742
128,0.00025,32,Tanh,500,0.530708843223274,0.4703376751651337,0.5075757575757576,0.06936280010268092
128,0.00025,32,Tanh,1000,0.530708843223274,0.4703376751651337,0.5075757575757576,0.08460679999552667
128,0.00025,32,Sigmoid,50,0.5923574232278919,0.56776886035313,0.6136363636363636,0.06175510003231466
128,0.00025,32,Sigmoid,100,0.5923574232278919,0.56776886035313,0.6136363636363636,0.06181880016811192
128,0.00025,32,Sigmoid,300,0.5923574232278919,0.56776886035313,0.6136363636363636,0.05900350003503263
128,0.00025,32,Sigmoid,500,0.5923574232278919,0.56776886035313,0.6136363636363636,0.060583800077438354
128,0.00025,32,Sigmoid,1000,0.5923574232278919,0.56776886035313,0.6136363636363636,0.05936130019836128
128,0.00025,32,GELU,50,0.5389055645347495,0.47619047619047616,0.5151515151515151,0.1141393999569118
128,0.00025,32,GELU,100,0.5389055645347495,0.47619047619047616,0.5151515151515151,0.09183569997549057
128,0.00025,32,GELU,300,0.5389055645347495,0.47619047619047616,0.5151515151515151,0.11322370008565485
128,0.00025,32,GELU,500,0.5389055645347495,0.47619047619047616,0.5151515151515151,0.11159250000491738
128,0.00025,32,GELU,1000,0.5389055645347495,0.47619047619047616,0.5151515151515151,0.10113779990933836
128,0.00025,32,Softmax,50,0.5923574232278919,0.56776886035313,0.6136363636363636,0.061274600215256214
128,0.00025,32,Softmax,100,0.5923574232278919,0.56776886035313,0.6136363636363636,0.061302100075408816
128,0.00025,32,Softmax,300,0.5923574232278919,0.56776886035313,0.6136363636363636,0.060355199966579676
128,0.00025,32,Softmax,500,0.5923574232278919,0.56776886035313,0.6136363636363636,0.06410200009122491
128,0.00025,32,Softmax,1000,0.5923574232278919,0.56776886035313,0.6136363636363636,0.05683539994060993
128,0.00025,64,ReLU,50,0.49538212883860544,0.3587410195005132,0.4621212121212121,0.08735050004906952
128,0.00025,64,ReLU,100,0.49538212883860544,0.3587410195005132,0.4621212121212121,0.10509899980388582
128,0.00025,64,ReLU,300,0.49538212883860544,0.3587410195005132,0.4621212121212121,0.10859049996361136
128,0.00025,64,ReLU,500,0.49538212883860544,0.3587410195005132,0.4621212121212121,0.11709919990971684
128,0.00025,64,ReLU,1000,0.49538212883860544,0.3587410195005132,0.4621212121212121,0.136440500151366
128,0.00025,64,Tanh,50,0.5271299930731932,0.44367816091954027,0.5,0.10965029988437891
128,0.00025,64,Tanh,100,0.5271299930731932,0.44367816091954027,0.5,0.1161829000338912
128,0.00025,64,Tanh,300,0.5271299930731932,0.44367816091954027,0.5,0.10625869990326464
128,0.00025,64,Tanh,500,0.5271299930731932,0.44367816091954027,0.5,0.10161070013418794
128,0.00025,64,Tanh,1000,0.5271299930731932,0.44367816091954027,0.5,0.10370199987664819
128,0.00025,64,Sigmoid,50,0.5,0.3497536945812808,0.5378787878787878,0.0875444000121206
128,0.00025,64,Sigmoid,100,0.5,0.3497536945812808,0.5378787878787878,0.09321990003809333
128,0.00025,64,Sigmoid,300,0.5,0.3497536945812808,0.5378787878787878,0.09570579999126494
128,0.00025,64,Sigmoid,500,0.5,0.3497536945812808,0.5378787878787878,0.06556240003556013
128,0.00025,64,Sigmoid,1000,0.5,0.3497536945812808,0.5378787878787878,0.08692030003294349
128,0.00025,64,GELU,50,0.49538212883860544,0.3587410195005132,0.4621212121212121,0.11160929990001023
128,0.00025,64,GELU,100,0.49538212883860544,0.3587410195005132,0.4621212121212121,0.12098870007321239
128,0.00025,64,GELU,300,0.49538212883860544,0.3587410195005132,0.4621212121212121,0.1322386998217553
128,0.00025,64,GELU,500,0.49538212883860544,0.3587410195005132,0.4621212121212121,0.10447619995102286
128,0.00025,64,GELU,1000,0.49538212883860544,0.3587410195005132,0.4621212121212121,0.12490479997359216
128,0.00025,64,Softmax,50,0.5,0.3497536945812808,0.5378787878787878,0.09077360015362501
128,0.00025,64,Softmax,100,0.5,0.3497536945812808,0.5378787878787878,0.09880250017158687
128,0.00025,64,Softmax,300,0.5,0.3497536945812808,0.5378787878787878,0.10289329988881946
128,0.00025,64,Softmax,500,0.5,0.3497536945812808,0.5378787878787878,0.09841700014658272
128,0.00025,64,Softmax,1000,0.5,0.3497536945812808,0.5378787878787878,0.09354160004295409
128,0.00025,128,ReLU,50,0.4824520895867005,0.32021164021164017,0.44696969696969696,0.11671810015104711
128,0.00025,128,ReLU,100,0.4824520895867005,0.32021164021164017,0.44696969696969696,0.11226349999196827
128,0.00025,128,ReLU,300,0.4824520895867005,0.32021164021164017,0.44696969696969696,0.1109825000166893
128,0.00025,128,ReLU,500,0.4824520895867005,0.32021164021164017,0.44696969696969696,0.10537360003218055
128,0.00025,128,ReLU,1000,0.4824520895867005,0.32021164021164017,0.44696969696969696,0.10846160002984107
128,0.00025,128,Tanh,50,0.537635649965366,0.4360828130134735,0.5075757575757576,0.09360029990784824
128,0.00025,128,Tanh,100,0.537635649965366,0.4360828130134735,0.5075757575757576,0.09210880007594824
128,0.00025,128,Tanh,300,0.537635649965366,0.4360828130134735,0.5075757575757576,0.08516449993476272
128,0.00025,128,Tanh,500,0.537635649965366,0.4360828130134735,0.5075757575757576,0.08219300000928342
128,0.00025,128,Tanh,1000,0.537635649965366,0.4360828130134735,0.5075757575757576,0.07802310003899038
128,0.00025,128,Sigmoid,50,0.5549526668205957,0.4957983193277311,0.5833333333333334,0.07609410001896322
128,0.00025,128,Sigmoid,100,0.5549526668205957,0.4957983193277311,0.5833333333333334,0.09098759992048144
128,0.00025,128,Sigmoid,300,0.5549526668205957,0.4957983193277311,0.5833333333333334,0.10640140017494559
128,0.00025,128,Sigmoid,500,0.5549526668205957,0.4957983193277311,0.5833333333333334,0.08418179978616536
128,0.00025,128,Sigmoid,1000,0.5549526668205957,0.4957983193277311,0.5833333333333334,0.09551769983954728
128,0.00025,128,GELU,50,0.4824520895867005,0.32021164021164017,0.44696969696969696,0.12592920009046793
128,0.00025,128,GELU,100,0.4824520895867005,0.32021164021164017,0.44696969696969696,0.1342494001146406
128,0.00025,128,GELU,300,0.4824520895867005,0.32021164021164017,0.44696969696969696,0.12075859983451664
128,0.00025,128,GELU,500,0.4824520895867005,0.32021164021164017,0.44696969696969696,0.10265669994987547
128,0.00025,128,GELU,1000,0.4824520895867005,0.32021164021164017,0.44696969696969696,0.11082760011777282
128,0.00025,128,Softmax,50,0.5549526668205957,0.4957983193277311,0.5833333333333334,0.08413229999132454
128,0.00025,128,Softmax,100,0.5549526668205957,0.4957983193277311,0.5833333333333334,0.07488529989495873
128,0.00025,128,Softmax,300,0.5549526668205957,0.4957983193277311,0.5833333333333334,0.07123779994435608
128,0.00025,128,Softmax,500,0.5549526668205957,0.4957983193277311,0.5833333333333334,0.07918020011857152
128,0.00025,128,Softmax,1000,0.5549526668205957,0.4957983193277311,0.5833333333333334,0.0738775001373142
