Hidden_Neurons,Learning_Rate,Batch_Size,Activation_Function,Epochs,Balanced_Accuracy,Macro F1 Score,Accuracy,Time(s)
8,0.01,8,ReLU,50,0.6366889863772801,0.6364062591572408,0.6439393939393939,0.1082809000072302
8,0.01,8,ReLU,100,0.6366889863772801,0.6364062591572408,0.6439393939393939,0.108252199992421
8,0.01,8,ReLU,300,0.6366889863772801,0.6364062591572408,0.6439393939393939,0.1206209999945713
8,0.01,8,ReLU,500,0.6366889863772801,0.6364062591572408,0.6439393939393939,0.0999466000066604
8,0.01,8,ReLU,1000,0.6366889863772801,0.6364062591572408,0.6439393939393939,0.1099605999916093
8,0.01,8,Tanh,50,0.6167166936042484,0.6169027165080102,0.6212121212121212,0.108977900003083
8,0.01,8,Tanh,100,0.6167166936042484,0.6169027165080102,0.6212121212121212,0.1302658000058727
8,0.01,8,Tanh,300,0.6167166936042484,0.6169027165080102,0.6212121212121212,0.1206713999999919
8,0.01,8,Tanh,500,0.6167166936042484,0.6169027165080102,0.6212121212121212,0.1296068000083323
8,0.01,8,Tanh,1000,0.6167166936042484,0.6169027165080102,0.6212121212121212,0.1194420999963767
8,0.01,8,Sigmoid,50,0.5876241052874625,0.5704630788485607,0.6060606060606061,0.1733132000081241
8,0.01,8,Sigmoid,100,0.5876241052874625,0.5704630788485607,0.6060606060606061,0.1626500999991549
8,0.01,8,Sigmoid,300,0.5876241052874625,0.5704630788485607,0.6060606060606061,0.140262699991581
8,0.01,8,Sigmoid,500,0.5876241052874625,0.5704630788485607,0.6060606060606061,0.1503785999957472
8,0.01,8,Sigmoid,1000,0.5876241052874625,0.5704630788485607,0.6060606060606061,0.1405959999974584
8,0.01,8,GELU,50,0.6366889863772801,0.6364062591572408,0.6439393939393939,0.1200926000019535
8,0.01,8,GELU,100,0.6366889863772801,0.6364062591572408,0.6439393939393939,0.129224600008456
8,0.01,8,GELU,300,0.6366889863772801,0.6364062591572408,0.6439393939393939,0.1089203000010456
8,0.01,8,GELU,500,0.6366889863772801,0.6364062591572408,0.6439393939393939,0.1192263999982969
8,0.01,8,GELU,1000,0.6366889863772801,0.6364062591572408,0.6439393939393939,0.1193945999984862
8,0.01,8,Softmax,50,0.6366889863772801,0.6364062591572408,0.6439393939393939,0.1195251000026473
8,0.01,8,Softmax,100,0.6366889863772801,0.6364062591572408,0.6439393939393939,0.1095471000007819
8,0.01,8,Softmax,300,0.6366889863772801,0.6364062591572408,0.6439393939393939,0.1093116999982157
8,0.01,8,Softmax,500,0.6366889863772801,0.6364062591572408,0.6439393939393939,0.097758200005046
8,0.01,8,Softmax,1000,0.6366889863772801,0.6364062591572408,0.6439393939393939,0.0992675000015879
8,0.01,16,ReLU,50,0.6179866081736319,0.6149770819691648,0.6287878787878788,0.079750500008231
8,0.01,16,ReLU,100,0.6179866081736319,0.6149770819691648,0.6287878787878788,0.0778124000062234
8,0.01,16,ReLU,300,0.6179866081736319,0.6149770819691648,0.6287878787878788,0.0764363000052981
8,0.01,16,ReLU,500,0.6179866081736319,0.6149770819691648,0.6287878787878788,0.0877271000063046
8,0.01,16,ReLU,1000,0.6179866081736319,0.6149770819691648,0.6287878787878788,0.0664610000094398
8,0.01,16,Tanh,50,0.6448857076887555,0.6449122807017544,0.6515151515151515,0.0673279000038746
8,0.01,16,Tanh,100,0.6448857076887555,0.6449122807017544,0.6515151515151515,0.0681821000034688
8,0.01,16,Tanh,300,0.6448857076887555,0.6449122807017544,0.6515151515151515,0.0777571000071475
8,0.01,16,Tanh,500,0.6448857076887555,0.6449122807017544,0.6515151515151515,0.0670239000028232
8,0.01,16,Tanh,1000,0.6448857076887555,0.6449122807017544,0.6515151515151515,0.0573277000075904
8,0.01,16,Sigmoid,50,0.5713461094435465,0.5213137187820732,0.5984848484848485,0.0782056000025477
8,0.01,16,Sigmoid,100,0.5713461094435465,0.5213137187820732,0.5984848484848485,0.0780312000133562
8,0.01,16,Sigmoid,300,0.5713461094435465,0.5213137187820732,0.5984848484848485,0.0671063000045251
8,0.01,16,Sigmoid,500,0.5713461094435465,0.5213137187820732,0.5984848484848485,0.0897376999928383
8,0.01,16,Sigmoid,1000,0.5713461094435465,0.5213137187820732,0.5984848484848485,0.0783846999984234
8,0.01,16,GELU,50,0.6179866081736319,0.6149770819691648,0.6287878787878788,0.0787888000049861
8,0.01,16,GELU,100,0.6179866081736319,0.6149770819691648,0.6287878787878788,0.0893279000010807
8,0.01,16,GELU,300,0.6179866081736319,0.6149770819691648,0.6287878787878788,0.0994574999931501
8,0.01,16,GELU,500,0.6179866081736319,0.6149770819691648,0.6287878787878788,0.099838299996918
8,0.01,16,GELU,1000,0.6179866081736319,0.6149770819691648,0.6287878787878788,0.0891470999922603
8,0.01,16,Softmax,50,0.6179866081736319,0.6149770819691648,0.6287878787878788,0.0784885999892139
8,0.01,16,Softmax,100,0.6179866081736319,0.6149770819691648,0.6287878787878788,0.0882883000012952
8,0.01,16,Softmax,300,0.6179866081736319,0.6149770819691648,0.6287878787878788,0.067760999998427
8,0.01,16,Softmax,500,0.6179866081736319,0.6149770819691648,0.6287878787878788,0.0899657999980263
8,0.01,16,Softmax,1000,0.6179866081736319,0.6149770819691648,0.6287878787878788,0.0893181999999797
8,0.01,32,ReLU,50,0.627337797275456,0.625974025974026,0.6363636363636364,0.0562608999898657
8,0.01,32,ReLU,100,0.627337797275456,0.625974025974026,0.6363636363636364,0.0569586000056006
8,0.01,32,ReLU,300,0.627337797275456,0.625974025974026,0.6363636363636364,0.0574223000003257
8,0.01,32,ReLU,500,0.627337797275456,0.625974025974026,0.6363636363636364,0.0579872999951476
8,0.01,32,ReLU,1000,0.627337797275456,0.625974025974026,0.6363636363636364,0.0584164999891072
8,0.01,32,Tanh,50,0.6366889863772801,0.6364062591572408,0.6439393939393939,0.0575870000029681
8,0.01,32,Tanh,100,0.6366889863772801,0.6364062591572408,0.6439393939393939,0.058042699994985
8,0.01,32,Tanh,300,0.6366889863772801,0.6364062591572408,0.6439393939393939,0.0678282000008039
8,0.01,32,Tanh,500,0.6366889863772801,0.6364062591572408,0.6439393939393939,0.0576679000078002
8,0.01,32,Tanh,1000,0.6366889863772801,0.6364062591572408,0.6439393939393939,0.0578798000060487
8,0.01,32,Sigmoid,50,0.563149388132071,0.5086848635235732,0.5909090909090909,0.057599100007792
8,0.01,32,Sigmoid,100,0.563149388132071,0.5086848635235732,0.5909090909090909,0.0561319999978877
8,0.01,32,Sigmoid,300,0.563149388132071,0.5086848635235732,0.5909090909090909,0.0583619999961229
8,0.01,32,Sigmoid,500,0.563149388132071,0.5086848635235732,0.5909090909090909,0.0681576000060886
8,0.01,32,Sigmoid,1000,0.563149388132071,0.5086848635235732,0.5909090909090909,0.0681411000114167
8,0.01,32,GELU,50,0.627337797275456,0.625974025974026,0.6363636363636364,0.0577150999888544
8,0.01,32,GELU,100,0.627337797275456,0.625974025974026,0.6363636363636364,0.0675529000000096
8,0.01,32,GELU,300,0.627337797275456,0.625974025974026,0.6363636363636364,0.0679834999900776
8,0.01,32,GELU,500,0.627337797275456,0.625974025974026,0.6363636363636364,0.0570195000036619
8,0.01,32,GELU,1000,0.627337797275456,0.625974025974026,0.6363636363636364,0.0580486000108066
8,0.01,32,Softmax,50,0.627337797275456,0.625974025974026,0.6363636363636364,0.0578850000019883
8,0.01,32,Softmax,100,0.627337797275456,0.625974025974026,0.6363636363636364,0.0576062000036472
8,0.01,32,Softmax,300,0.627337797275456,0.625974025974026,0.6363636363636364,0.0687129000143613
8,0.01,32,Softmax,500,0.627337797275456,0.625974025974026,0.6363636363636364,0.0775381999992532
8,0.01,32,Softmax,1000,0.627337797275456,0.625974025974026,0.6363636363636364,0.0572240000037709
8,0.01,64,ReLU,50,0.5991687831909489,0.5985964912280701,0.6060606060606061,0.0566473999933805
8,0.01,64,ReLU,100,0.5991687831909489,0.5985964912280701,0.6060606060606061,0.0456429999903775
8,0.01,64,ReLU,300,0.5991687831909489,0.5985964912280701,0.6060606060606061,0.0568415000016102
8,0.01,64,ReLU,500,0.5991687831909489,0.5985964912280701,0.6060606060606061,0.0473371999978553
8,0.01,64,ReLU,1000,0.5991687831909489,0.5985964912280701,0.6060606060606061,0.0462675000017043
8,0.01,64,Tanh,50,0.5815054259986145,0.5813873032347345,0.5833333333333334,0.0568638999975519
8,0.01,64,Tanh,100,0.5815054259986145,0.5813873032347345,0.5833333333333334,0.0577442000067094
8,0.01,64,Tanh,300,0.5815054259986145,0.5813873032347345,0.5833333333333334,0.0472183000092627
8,0.01,64,Tanh,500,0.5815054259986145,0.5813873032347345,0.5833333333333334,0.0573014999972656
8,0.01,64,Tanh,1000,0.5815054259986145,0.5813873032347345,0.5833333333333334,0.047111699997913
8,0.01,64,Sigmoid,50,0.53844377741861,0.5056818181818181,0.5606060606060606,0.0358631999988574
8,0.01,64,Sigmoid,100,0.53844377741861,0.5056818181818181,0.5606060606060606,0.0363094000058481
8,0.01,64,Sigmoid,300,0.53844377741861,0.5056818181818181,0.5606060606060606,0.036704500002088
8,0.01,64,Sigmoid,500,0.53844377741861,0.5056818181818181,0.5606060606060606,0.0358449999912409
8,0.01,64,Sigmoid,1000,0.53844377741861,0.5056818181818181,0.5606060606060606,0.036030799994478
8,0.01,64,GELU,50,0.5991687831909489,0.5985964912280701,0.6060606060606061,0.0484285999991698
8,0.01,64,GELU,100,0.5991687831909489,0.5985964912280701,0.6060606060606061,0.0363422999944305
8,0.01,64,GELU,300,0.5991687831909489,0.5985964912280701,0.6060606060606061,0.0463279999967198
8,0.01,64,GELU,500,0.5991687831909489,0.5985964912280701,0.6060606060606061,0.0458894999901531
8,0.01,64,GELU,1000,0.5991687831909489,0.5985964912280701,0.6060606060606061,0.0454152000020258
8,0.01,64,Softmax,50,0.5991687831909489,0.5985964912280701,0.6060606060606061,0.0455138999968767
8,0.01,64,Softmax,100,0.5991687831909489,0.5985964912280701,0.6060606060606061,0.0589584999979706
8,0.01,64,Softmax,300,0.5991687831909489,0.5985964912280701,0.6060606060606061,0.0454654999921331
8,0.01,64,Softmax,500,0.5991687831909489,0.5985964912280701,0.6060606060606061,0.0460565999965183
8,0.01,64,Softmax,1000,0.5991687831909489,0.5985964912280701,0.6060606060606061,0.0479070000001229
8,0.01,128,ReLU,50,0.6003232509812977,0.6001863932898416,0.6060606060606061,0.0456045000028098
8,0.01,128,ReLU,100,0.6003232509812977,0.6001863932898416,0.6060606060606061,0.0350402000040048
8,0.01,128,ReLU,300,0.6003232509812977,0.6001863932898416,0.6060606060606061,0.0461848999984795
8,0.01,128,ReLU,500,0.6003232509812977,0.6001863932898416,0.6060606060606061,0.0465240000048652
8,0.01,128,ReLU,1000,0.6003232509812977,0.6001863932898416,0.6060606060606061,0.0366055999911623
8,0.01,128,Tanh,50,0.5626876010159316,0.5605051664753158,0.5606060606060606,0.047415799999726
8,0.01,128,Tanh,100,0.5626876010159316,0.5605051664753158,0.5606060606060606,0.0462478999979794
8,0.01,128,Tanh,300,0.5626876010159316,0.5605051664753158,0.5606060606060606,0.0467809000110719
8,0.01,128,Tanh,500,0.5626876010159316,0.5605051664753158,0.5606060606060606,0.0356581999949412
8,0.01,128,Tanh,1000,0.5626876010159316,0.5605051664753158,0.5606060606060606,0.0475128000107361
8,0.01,128,Sigmoid,50,0.530708843223274,0.4703376751651337,0.5075757575757576,0.0364633999997749
8,0.01,128,Sigmoid,100,0.530708843223274,0.4703376751651337,0.5075757575757576,0.0351960999978473
8,0.01,128,Sigmoid,300,0.530708843223274,0.4703376751651337,0.5075757575757576,0.0349761000106809
8,0.01,128,Sigmoid,500,0.530708843223274,0.4703376751651337,0.5075757575757576,0.0355733000033069
8,0.01,128,Sigmoid,1000,0.530708843223274,0.4703376751651337,0.5075757575757576,0.0357761000050231
8,0.01,128,GELU,50,0.6003232509812977,0.6001863932898416,0.6060606060606061,0.0463963999936822
8,0.01,128,GELU,100,0.6003232509812977,0.6001863932898416,0.6060606060606061,0.0374407999916002
8,0.01,128,GELU,300,0.6003232509812977,0.6001863932898416,0.6060606060606061,0.0359577999915927
8,0.01,128,GELU,500,0.6003232509812977,0.6001863932898416,0.6060606060606061,0.0367014000075869
8,0.01,128,GELU,1000,0.6003232509812977,0.6001863932898416,0.6060606060606061,0.076474400004372
8,0.01,128,Softmax,50,0.6003232509812977,0.6001863932898416,0.6060606060606061,0.0405006999935722
8,0.01,128,Softmax,100,0.6003232509812977,0.6001863932898416,0.6060606060606061,0.0373965000035241
8,0.01,128,Softmax,300,0.6003232509812977,0.6001863932898416,0.6060606060606061,0.0467781999905128
8,0.01,128,Softmax,500,0.6003232509812977,0.6001863932898416,0.6060606060606061,0.0454422000038903
8,0.01,128,Softmax,1000,0.6003232509812977,0.6001863932898416,0.6060606060606061,0.047984599994379
8,0.001,8,ReLU,50,0.5648810898175941,0.5471829757544043,0.553030303030303,0.1288675999967381
8,0.001,8,ReLU,100,0.5648810898175941,0.5471829757544043,0.553030303030303,0.1181309999956283
8,0.001,8,ReLU,300,0.5648810898175941,0.5471829757544043,0.553030303030303,0.1188813000044319
8,0.001,8,ReLU,500,0.5648810898175941,0.5471829757544043,0.553030303030303,0.1409085000050254
8,0.001,8,ReLU,1000,0.5648810898175941,0.5471829757544043,0.553030303030303,0.1388733000057982
8,0.001,8,Tanh,50,0.5378665435234358,0.5103338632750398,0.5227272727272727,0.1612604999972973
8,0.001,8,Tanh,100,0.5378665435234358,0.5103338632750398,0.5227272727272727,0.1523920000036014
8,0.001,8,Tanh,300,0.5378665435234358,0.5103338632750398,0.5227272727272727,0.152248900005361
8,0.001,8,Tanh,500,0.5378665435234358,0.5103338632750398,0.5227272727272727,0.1508743000013055
8,0.001,8,Tanh,1000,0.5378665435234358,0.5103338632750398,0.5227272727272727,0.1516746999986935
8,0.001,8,Sigmoid,50,0.6073655045024244,0.607119929967902,0.6136363636363636,0.1094367999903624
8,0.001,8,Sigmoid,100,0.6073655045024244,0.607119929967902,0.6136363636363636,0.1188476999959675
8,0.001,8,Sigmoid,300,0.6073655045024244,0.607119929967902,0.6136363636363636,0.1200900999974692
8,0.001,8,Sigmoid,500,0.6073655045024244,0.607119929967902,0.6136363636363636,0.1079114000021945
8,0.001,8,Sigmoid,1000,0.6073655045024244,0.607119929967902,0.6136363636363636,0.1300448000110918
8,0.001,8,GELU,50,0.5648810898175941,0.5471829757544043,0.553030303030303,0.1452185999951325
8,0.001,8,GELU,100,0.5648810898175941,0.5471829757544043,0.553030303030303,0.1193100999953458
8,0.001,8,GELU,300,0.5648810898175941,0.5471829757544043,0.553030303030303,0.1187193000077968
8,0.001,8,GELU,500,0.5648810898175941,0.5471829757544043,0.553030303030303,0.1411495999927865
8,0.001,8,GELU,1000,0.5648810898175941,0.5471829757544043,0.553030303030303,0.1408349999983329
8,0.001,8,Softmax,50,0.5648810898175941,0.5471829757544043,0.553030303030303,0.1187473000027239
8,0.001,8,Softmax,100,0.5648810898175941,0.5471829757544043,0.553030303030303,0.1210483999893767
8,0.001,8,Softmax,300,0.5648810898175941,0.5471829757544043,0.553030303030303,0.129601199994795
8,0.001,8,Softmax,500,0.5648810898175941,0.5471829757544043,0.553030303030303,0.1398546999989776
8,0.001,8,Softmax,1000,0.5648810898175941,0.5471829757544043,0.553030303030303,0.108848100004252
8,0.001,16,ReLU,50,0.5414453936735165,0.5249593684699326,0.5303030303030303,0.098553300005733
8,0.001,16,ReLU,100,0.5414453936735165,0.5249593684699326,0.5303030303030303,0.1212522999994689
8,0.001,16,ReLU,300,0.5414453936735165,0.5249593684699326,0.5303030303030303,0.1106412000081036
8,0.001,16,ReLU,500,0.5414453936735165,0.5249593684699326,0.5303030303030303,0.109301399992546
8,0.001,16,ReLU,1000,0.5414453936735165,0.5249593684699326,0.5303030303030303,0.1095386999950278
8,0.001,16,Tanh,50,0.5084276148695451,0.4434523809523809,0.4848484848484848,0.0888559000013629
8,0.001,16,Tanh,100,0.5084276148695451,0.4434523809523809,0.4848484848484848,0.1000597999955061
8,0.001,16,Tanh,300,0.5084276148695451,0.4434523809523809,0.4848484848484848,0.100298199991812
8,0.001,16,Tanh,500,0.5084276148695451,0.4434523809523809,0.4848484848484848,0.1083076000068103
8,0.001,16,Tanh,1000,0.5084276148695451,0.4434523809523809,0.4848484848484848,0.1185805999994045
8,0.001,16,Sigmoid,50,0.6003232509812977,0.6001863932898416,0.6060606060606061,0.0782804999907966
8,0.001,16,Sigmoid,100,0.6003232509812977,0.6001863932898416,0.6060606060606061,0.0793062000011559
8,0.001,16,Sigmoid,300,0.6003232509812977,0.6001863932898416,0.6060606060606061,0.0785393999976804
8,0.001,16,Sigmoid,500,0.6003232509812977,0.6001863932898416,0.6060606060606061,0.0787628999969456
8,0.001,16,Sigmoid,1000,0.6003232509812977,0.6001863932898416,0.6060606060606061,0.0892962999932933
8,0.001,16,GELU,50,0.5414453936735165,0.5249593684699326,0.5303030303030303,0.0895646999997552
8,0.001,16,GELU,100,0.5414453936735165,0.5249593684699326,0.5303030303030303,0.0886193999904207
8,0.001,16,GELU,300,0.5414453936735165,0.5249593684699326,0.5303030303030303,0.098116499997559
8,0.001,16,GELU,500,0.5414453936735165,0.5249593684699326,0.5303030303030303,0.0870590999984415
8,0.001,16,GELU,1000,0.5414453936735165,0.5249593684699326,0.5303030303030303,0.1088225999992573
8,0.001,16,Softmax,50,0.5414453936735165,0.5249593684699326,0.5303030303030303,0.0984131000004708
8,0.001,16,Softmax,100,0.5414453936735165,0.5249593684699326,0.5303030303030303,0.0769856999977491
8,0.001,16,Softmax,300,0.5414453936735165,0.5249593684699326,0.5303030303030303,0.0886926000093808
8,0.001,16,Softmax,500,0.5414453936735165,0.5249593684699326,0.5303030303030303,0.0998504000017419
8,0.001,16,Softmax,1000,0.5414453936735165,0.5249593684699326,0.5303030303030303,0.06834150000941
8,0.001,32,ReLU,50,0.5108519972292773,0.4702605570530098,0.4924242424242424,0.0775672000017948
8,0.001,32,ReLU,100,0.5108519972292773,0.4702605570530098,0.4924242424242424,0.0587128000042866
8,0.001,32,ReLU,300,0.5108519972292773,0.4702605570530098,0.4924242424242424,0.0562663000018801
8,0.001,32,ReLU,500,0.5108519972292773,0.4702605570530098,0.4924242424242424,0.0791326999897137
8,0.001,32,ReLU,1000,0.5108519972292773,0.4702605570530098,0.4924242424242424,0.0769293999910587
8,0.001,32,Tanh,50,0.5294389286538905,0.4308858113404755,0.5,0.0475158999906852
8,0.001,32,Tanh,100,0.5294389286538905,0.4308858113404755,0.5,0.0573927000077674
8,0.001,32,Tanh,300,0.5294389286538905,0.4308858113404755,0.5,0.0472606000112136
8,0.001,32,Tanh,500,0.5294389286538905,0.4308858113404755,0.5,0.0459660000051371
8,0.001,32,Tanh,1000,0.5294389286538905,0.4308858113404755,0.5,0.0575496000092243
8,0.001,32,Sigmoid,50,0.5109674440083122,0.4943115857905734,0.5,0.0678097000054549
8,0.001,32,Sigmoid,100,0.5109674440083122,0.4943115857905734,0.5,0.0576110999973025
8,0.001,32,Sigmoid,300,0.5109674440083122,0.4943115857905734,0.5,0.0786235999985365
8,0.001,32,Sigmoid,500,0.5109674440083122,0.4943115857905734,0.5,0.057515799999237
8,0.001,32,Sigmoid,1000,0.5109674440083122,0.4943115857905734,0.5,0.0576903000037418
8,0.001,32,GELU,50,0.5108519972292773,0.4702605570530098,0.4924242424242424,0.0572512999933678
8,0.001,32,GELU,100,0.5108519972292773,0.4702605570530098,0.4924242424242424,0.057829400000628
8,0.001,32,GELU,300,0.5108519972292773,0.4702605570530098,0.4924242424242424,0.0781158999889157
8,0.001,32,GELU,500,0.5108519972292773,0.4702605570530098,0.4924242424242424,0.0574438000039663
8,0.001,32,GELU,1000,0.5108519972292773,0.4702605570530098,0.4924242424242424,0.0561486999940825
8,0.001,32,Softmax,50,0.5108519972292773,0.4702605570530098,0.4924242424242424,0.0683328000013716
8,0.001,32,Softmax,100,0.5108519972292773,0.4702605570530098,0.4924242424242424,0.0670008000015514
8,0.001,32,Softmax,300,0.5108519972292773,0.4702605570530098,0.4924242424242424,0.0696841000026324
8,0.001,32,Softmax,500,0.5108519972292773,0.4702605570530098,0.4924242424242424,0.0563508999912301
8,0.001,32,Softmax,1000,0.5108519972292773,0.4702605570530098,0.4924242424242424,0.069213499999023
8,0.001,64,ReLU,50,0.5236665897021473,0.4598214285714285,0.5,0.0358300000079907
8,0.001,64,ReLU,100,0.5236665897021473,0.4598214285714285,0.5,0.0461878999922191
8,0.001,64,ReLU,300,0.5236665897021473,0.4598214285714285,0.5,0.0463405000045895
8,0.001,64,ReLU,500,0.5236665897021473,0.4598214285714285,0.5,0.0453629999974509
8,0.001,64,ReLU,1000,0.5236665897021473,0.4598214285714285,0.5,0.0356446999940089
8,0.001,64,Tanh,50,0.5294389286538905,0.4308858113404755,0.5,0.0462332000024616
8,0.001,64,Tanh,100,0.5294389286538905,0.4308858113404755,0.5,0.0378689000062877
8,0.001,64,Tanh,300,0.5294389286538905,0.4308858113404755,0.5,0.0360214999964227
8,0.001,64,Tanh,500,0.5294389286538905,0.4308858113404755,0.5,0.0477072000066982
8,0.001,64,Tanh,1000,0.5294389286538905,0.4308858113404755,0.5,0.036676300005638
8,0.001,64,Sigmoid,50,0.5365966289540522,0.4848780487804878,0.5151515151515151,0.0576296999934129
8,0.001,64,Sigmoid,100,0.5365966289540522,0.4848780487804878,0.5151515151515151,0.0467888999992283
8,0.001,64,Sigmoid,300,0.5365966289540522,0.4848780487804878,0.5151515151515151,0.0479206000018166
8,0.001,64,Sigmoid,500,0.5365966289540522,0.4848780487804878,0.5151515151515151,0.0456583999912254
8,0.001,64,Sigmoid,1000,0.5365966289540522,0.4848780487804878,0.5151515151515151,0.0566468000033637
8,0.001,64,GELU,50,0.5236665897021473,0.4598214285714285,0.5,0.0472527000092668
8,0.001,64,GELU,100,0.5236665897021473,0.4598214285714285,0.5,0.0356036000011954
8,0.001,64,GELU,300,0.5236665897021473,0.4598214285714285,0.5,0.0355669999989913
8,0.001,64,GELU,500,0.5236665897021473,0.4598214285714285,0.5,0.0476979999948525
8,0.001,64,GELU,1000,0.5236665897021473,0.4598214285714285,0.5,0.0460997999907704
8,0.001,64,Softmax,50,0.5236665897021473,0.4598214285714285,0.5,0.03583819999767
8,0.001,64,Softmax,100,0.5236665897021473,0.4598214285714285,0.5,0.0464270999946165
8,0.001,64,Softmax,300,0.5236665897021473,0.4598214285714285,0.5,0.0456346999999368
8,0.001,64,Softmax,500,0.5236665897021473,0.4598214285714285,0.5,0.0467564999999012
8,0.001,64,Softmax,1000,0.5236665897021473,0.4598214285714285,0.5,0.0468428000021958
8,0.001,128,ReLU,50,0.5166243361810205,0.4491435689816256,0.4924242424242424,0.0358655000018188
8,0.001,128,ReLU,100,0.5166243361810205,0.4491435689816256,0.4924242424242424,0.0350901000056183
8,0.001,128,ReLU,300,0.5166243361810205,0.4491435689816256,0.4924242424242424,0.0362097000033827
8,0.001,128,ReLU,500,0.5166243361810205,0.4491435689816256,0.4924242424242424,0.0360573000070871
8,0.001,128,ReLU,1000,0.5166243361810205,0.4491435689816256,0.4924242424242424,0.0366129000030923
8,0.001,128,Tanh,50,0.5317478642345879,0.4162422942910747,0.5,0.0365541000064695
8,0.001,128,Tanh,100,0.5317478642345879,0.4162422942910747,0.5,0.0363195000099949
8,0.001,128,Tanh,300,0.5317478642345879,0.4162422942910747,0.5,0.0370565000048372
8,0.001,128,Tanh,500,0.5317478642345879,0.4162422942910747,0.5,0.0373554999969201
8,0.001,128,Tanh,1000,0.5317478642345879,0.4162422942910747,0.5,0.0368665999994846
8,0.001,128,Sigmoid,50,0.5,0.3160621761658031,0.4621212121212121,0.0376293000008445
8,0.001,128,Sigmoid,100,0.5,0.3160621761658031,0.4621212121212121,0.0370919999986654
8,0.001,128,Sigmoid,300,0.5,0.3160621761658031,0.4621212121212121,0.0364285999967251
8,0.001,128,Sigmoid,500,0.5,0.3160621761658031,0.4621212121212121,0.0367705000098794
8,0.001,128,Sigmoid,1000,0.5,0.3160621761658031,0.4621212121212121,0.0368918000021949
8,0.001,128,GELU,50,0.5166243361810205,0.4491435689816256,0.4924242424242424,0.0374717999948188
8,0.001,128,GELU,100,0.5166243361810205,0.4491435689816256,0.4924242424242424,0.037222799990559
8,0.001,128,GELU,300,0.5166243361810205,0.4491435689816256,0.4924242424242424,0.0374861000018427
8,0.001,128,GELU,500,0.5166243361810205,0.4491435689816256,0.4924242424242424,0.0371582000079797
8,0.001,128,GELU,1000,0.5166243361810205,0.4491435689816256,0.4924242424242424,0.0367161000031046
8,0.001,128,Softmax,50,0.5166243361810205,0.4491435689816256,0.4924242424242424,0.0361810000031255
8,0.001,128,Softmax,100,0.5166243361810205,0.4491435689816256,0.4924242424242424,0.0349038999993354
8,0.001,128,Softmax,300,0.5166243361810205,0.4491435689816256,0.4924242424242424,0.0349434000090695
8,0.001,128,Softmax,500,0.5166243361810205,0.4491435689816256,0.4924242424242424,0.0371212000027298
8,0.001,128,Softmax,1000,0.5166243361810205,0.4491435689816256,0.4924242424242424,0.0358560000022407
8,0.0001,8,ReLU,50,0.5166243361810205,0.4491435689816256,0.4924242424242424,0.118793799993
8,0.0001,8,ReLU,100,0.5166243361810205,0.4491435689816256,0.4924242424242424,0.0985937000077683
8,0.0001,8,ReLU,300,0.5166243361810205,0.4491435689816256,0.4924242424242424,0.1207170999987283
8,0.0001,8,ReLU,500,0.5166243361810205,0.4491435689816256,0.4924242424242424,0.1200110000063432
8,0.0001,8,ReLU,1000,0.5166243361810205,0.4491435689816256,0.4924242424242424,0.1496403000055579
8,0.0001,8,Tanh,50,0.5399445855460633,0.4211698036834649,0.5075757575757576,0.110396000003675
8,0.0001,8,Tanh,100,0.5399445855460633,0.4211698036834649,0.5075757575757576,0.1201307999872369
8,0.0001,8,Tanh,300,0.5399445855460633,0.4211698036834649,0.5075757575757576,0.1191507000039564
8,0.0001,8,Tanh,500,0.5399445855460633,0.4211698036834649,0.5075757575757576,0.1192788000043947
8,0.0001,8,Tanh,1000,0.5399445855460633,0.4211698036834649,0.5075757575757576,0.1093227999954251
8,0.0001,8,Sigmoid,50,0.5,0.3160621761658031,0.4621212121212121,0.0884566000022459
8,0.0001,8,Sigmoid,100,0.5,0.3160621761658031,0.4621212121212121,0.1010410000017145
8,0.0001,8,Sigmoid,300,0.5,0.3160621761658031,0.4621212121212121,0.0902467999985674
8,0.0001,8,Sigmoid,500,0.5,0.3160621761658031,0.4621212121212121,0.1008694000047398
8,0.0001,8,Sigmoid,1000,0.5,0.3160621761658031,0.4621212121212121,0.0899222000007284
8,0.0001,8,GELU,50,0.5166243361810205,0.4491435689816256,0.4924242424242424,0.1211436000012327
8,0.0001,8,GELU,100,0.5166243361810205,0.4491435689816256,0.4924242424242424,0.1194453000061912
8,0.0001,8,GELU,300,0.5166243361810205,0.4491435689816256,0.4924242424242424,0.1310826999979326
8,0.0001,8,GELU,500,0.5166243361810205,0.4491435689816256,0.4924242424242424,0.1205265000025974
8,0.0001,8,GELU,1000,0.5166243361810205,0.4491435689816256,0.4924242424242424,0.121697700000368
8,0.0001,8,Softmax,50,0.5166243361810205,0.4491435689816256,0.4924242424242424,0.1098334999987855
8,0.0001,8,Softmax,100,0.5166243361810205,0.4491435689816256,0.4924242424242424,0.1095651999930851
8,0.0001,8,Softmax,300,0.5166243361810205,0.4491435689816256,0.4924242424242424,0.109620499992161
8,0.0001,8,Softmax,500,0.5166243361810205,0.4491435689816256,0.4924242424242424,0.1198290000029373
8,0.0001,8,Softmax,1000,0.5166243361810205,0.4491435689816256,0.4924242424242424,0.1093112999951699
8,0.0001,16,ReLU,50,0.502539829138767,0.4272778720996038,0.4772727272727273,0.0570677000068826
8,0.0001,16,ReLU,100,0.502539829138767,0.4272778720996038,0.4772727272727273,0.0582935999991605
8,0.0001,16,ReLU,300,0.502539829138767,0.4272778720996038,0.4772727272727273,0.0684223999996902
8,0.0001,16,ReLU,500,0.502539829138767,0.4272778720996038,0.4772727272727273,0.0577209000039147
8,0.0001,16,ReLU,1000,0.502539829138767,0.4272778720996038,0.4772727272727273,0.0795400999923003
8,0.0001,16,Tanh,50,0.5399445855460633,0.4211698036834649,0.5075757575757576,0.079581899990444
8,0.0001,16,Tanh,100,0.5399445855460633,0.4211698036834649,0.5075757575757576,0.0988999999972293
8,0.0001,16,Tanh,300,0.5399445855460633,0.4211698036834649,0.5075757575757576,0.0782614000054309
8,0.0001,16,Tanh,500,0.5399445855460633,0.4211698036834649,0.5075757575757576,0.1007822000101441
8,0.0001,16,Tanh,1000,0.5399445855460633,0.4211698036834649,0.5075757575757576,0.0676507000025594
8,0.0001,16,Sigmoid,50,0.5,0.3160621761658031,0.4621212121212121,0.0571911000006366
8,0.0001,16,Sigmoid,100,0.5,0.3160621761658031,0.4621212121212121,0.0686950999952387
8,0.0001,16,Sigmoid,300,0.5,0.3160621761658031,0.4621212121212121,0.0794922000059159
8,0.0001,16,Sigmoid,500,0.5,0.3160621761658031,0.4621212121212121,0.0684159999946132
8,0.0001,16,Sigmoid,1000,0.5,0.3160621761658031,0.4621212121212121,0.0685757000028388
8,0.0001,16,GELU,50,0.502539829138767,0.4272778720996038,0.4772727272727273,0.0694560999982059
8,0.0001,16,GELU,100,0.502539829138767,0.4272778720996038,0.4772727272727273,0.0690227000013692
8,0.0001,16,GELU,300,0.502539829138767,0.4272778720996038,0.4772727272727273,0.0692553999979281
8,0.0001,16,GELU,500,0.502539829138767,0.4272778720996038,0.4772727272727273,0.0697799000045051
8,0.0001,16,GELU,1000,0.502539829138767,0.4272778720996038,0.4772727272727273,0.058315299989772
8,0.0001,16,Softmax,50,0.502539829138767,0.4272778720996038,0.4772727272727273,0.0690770999935921
8,0.0001,16,Softmax,100,0.502539829138767,0.4272778720996038,0.4772727272727273,0.057912899996154
8,0.0001,16,Softmax,300,0.502539829138767,0.4272778720996038,0.4772727272727273,0.0574463999946601
8,0.0001,16,Softmax,500,0.502539829138767,0.4272778720996038,0.4772727272727273,0.0571441999927628
8,0.0001,16,Softmax,1000,0.502539829138767,0.4272778720996038,0.4772727272727273,0.0577664999873377
8,0.0001,32,ReLU,50,0.4954975756176403,0.4160768452982811,0.4696969696969697,0.0466997000039555
8,0.0001,32,ReLU,100,0.4954975756176403,0.4160768452982811,0.4696969696969697,0.0588461000006645
8,0.0001,32,ReLU,300,0.4954975756176403,0.4160768452982811,0.4696969696969697,0.0458509999880334
8,0.0001,32,ReLU,500,0.4954975756176403,0.4160768452982811,0.4696969696969697,0.0477628000080585
8,0.0001,32,ReLU,1000,0.4954975756176403,0.4160768452982811,0.4696969696969697,0.0464509000012185
8,0.0001,32,Tanh,50,0.5329023320249365,0.4081521739130435,0.5,0.0466933000134304
8,0.0001,32,Tanh,100,0.5329023320249365,0.4081521739130435,0.5,0.0583723000017926
8,0.0001,32,Tanh,300,0.5329023320249365,0.4081521739130435,0.5,0.0469951999984914
8,0.0001,32,Tanh,500,0.5329023320249365,0.4081521739130435,0.5,0.0466653999901609
8,0.0001,32,Tanh,1000,0.5329023320249365,0.4081521739130435,0.5,0.0464542999980039
8,0.0001,32,Sigmoid,50,0.5,0.3160621761658031,0.4621212121212121,0.0479539999942062
8,0.0001,32,Sigmoid,100,0.5,0.3160621761658031,0.4621212121212121,0.0457601999951293
8,0.0001,32,Sigmoid,300,0.5,0.3160621761658031,0.4621212121212121,0.0461573000065982
8,0.0001,32,Sigmoid,500,0.5,0.3160621761658031,0.4621212121212121,0.0462537999992491
8,0.0001,32,Sigmoid,1000,0.5,0.3160621761658031,0.4621212121212121,0.0465393000049516
8,0.0001,32,GELU,50,0.4954975756176403,0.4160768452982811,0.4696969696969697,0.047528199997032
8,0.0001,32,GELU,100,0.4954975756176403,0.4160768452982811,0.4696969696969697,0.0464875999896321
8,0.0001,32,GELU,300,0.4954975756176403,0.4160768452982811,0.4696969696969697,0.058919799994328
8,0.0001,32,GELU,500,0.4954975756176403,0.4160768452982811,0.4696969696969697,0.0469316999951843
8,0.0001,32,GELU,1000,0.4954975756176403,0.4160768452982811,0.4696969696969697,0.0469096000015269
8,0.0001,32,Softmax,50,0.4954975756176403,0.4160768452982811,0.4696969696969697,0.0462561999884201
8,0.0001,32,Softmax,100,0.4954975756176403,0.4160768452982811,0.4696969696969697,0.0464120999968145
8,0.0001,32,Softmax,300,0.4954975756176403,0.4160768452982811,0.4696969696969697,0.0472809000057168
8,0.0001,32,Softmax,500,0.4954975756176403,0.4160768452982811,0.4696969696969697,0.0462933000089833
8,0.0001,32,Softmax,1000,0.4954975756176403,0.4160768452982811,0.4696969696969697,0.0461539999960223
8,0.0001,64,ReLU,50,0.4954975756176403,0.4160768452982811,0.4696969696969697,0.0463835999980801
8,0.0001,64,ReLU,100,0.4954975756176403,0.4160768452982811,0.4696969696969697,0.0365253000054508
8,0.0001,64,ReLU,300,0.4954975756176403,0.4160768452982811,0.4696969696969697,0.0356504999945173
8,0.0001,64,ReLU,500,0.4954975756176403,0.4160768452982811,0.4696969696969697,0.0353068999975221
8,0.0001,64,ReLU,1000,0.4954975756176403,0.4160768452982811,0.4696969696969697,0.0462508000055095
8,0.0001,64,Tanh,50,0.5329023320249365,0.4081521739130435,0.5,0.0472373999946285
8,0.0001,64,Tanh,100,0.5329023320249365,0.4081521739130435,0.5,0.0461516999930609
8,0.0001,64,Tanh,300,0.5329023320249365,0.4081521739130435,0.5,0.0352449000056367
8,0.0001,64,Tanh,500,0.5329023320249365,0.4081521739130435,0.5,0.0460947999963536
8,0.0001,64,Tanh,1000,0.5329023320249365,0.4081521739130435,0.5,0.0365345000027446
8,0.0001,64,Sigmoid,50,0.5,0.3160621761658031,0.4621212121212121,0.0357120999979088
8,0.0001,64,Sigmoid,100,0.5,0.3160621761658031,0.4621212121212121,0.0476206000021193
8,0.0001,64,Sigmoid,300,0.5,0.3160621761658031,0.4621212121212121,0.0369168000033823
8,0.0001,64,Sigmoid,500,0.5,0.3160621761658031,0.4621212121212121,0.037039899994852
8,0.0001,64,Sigmoid,1000,0.5,0.3160621761658031,0.4621212121212121,0.0349916999984998
8,0.0001,64,GELU,50,0.4954975756176403,0.4160768452982811,0.4696969696969697,0.0357332000130554
8,0.0001,64,GELU,100,0.4954975756176403,0.4160768452982811,0.4696969696969697,0.0472700000100303
8,0.0001,64,GELU,300,0.4954975756176403,0.4160768452982811,0.4696969696969697,0.035602399992058
8,0.0001,64,GELU,500,0.4954975756176403,0.4160768452982811,0.4696969696969697,0.0352349000022513
8,0.0001,64,GELU,1000,0.4954975756176403,0.4160768452982811,0.4696969696969697,0.0467270000081043
8,0.0001,64,Softmax,50,0.4954975756176403,0.4160768452982811,0.4696969696969697,0.0484947999939322
8,0.0001,64,Softmax,100,0.4954975756176403,0.4160768452982811,0.4696969696969697,0.0475078000017674
8,0.0001,64,Softmax,300,0.4954975756176403,0.4160768452982811,0.4696969696969697,0.0469362000003457
8,0.0001,64,Softmax,500,0.4954975756176403,0.4160768452982811,0.4696969696969697,0.035234599999967
8,0.0001,64,Softmax,1000,0.4954975756176403,0.4160768452982811,0.4696969696969697,0.0464986000006319
8,0.0001,128,ReLU,50,0.4954975756176403,0.4160768452982811,0.4696969696969697,0.035632799990708
8,0.0001,128,ReLU,100,0.4954975756176403,0.4160768452982811,0.4696969696969697,0.0362325000023702
8,0.0001,128,ReLU,300,0.4954975756176403,0.4160768452982811,0.4696969696969697,0.0359476000012364
8,0.0001,128,ReLU,500,0.4954975756176403,0.4160768452982811,0.4696969696969697,0.0354927000007592
8,0.0001,128,ReLU,1000,0.4954975756176403,0.4160768452982811,0.4696969696969697,0.035534100010409
8,0.0001,128,Tanh,50,0.5329023320249365,0.4081521739130435,0.5,0.0362124000093899
8,0.0001,128,Tanh,100,0.5329023320249365,0.4081521739130435,0.5,0.0367333000031067
8,0.0001,128,Tanh,300,0.5329023320249365,0.4081521739130435,0.5,0.0363693999970564
8,0.0001,128,Tanh,500,0.5329023320249365,0.4081521739130435,0.5,0.0356697000097483
8,0.0001,128,Tanh,1000,0.5329023320249365,0.4081521739130435,0.5,0.0359591000014916
8,0.0001,128,Sigmoid,50,0.5,0.3160621761658031,0.4621212121212121,0.0360932999901706
8,0.0001,128,Sigmoid,100,0.5,0.3160621761658031,0.4621212121212121,0.0356701999990036
8,0.0001,128,Sigmoid,300,0.5,0.3160621761658031,0.4621212121212121,0.036343299987493
8,0.0001,128,Sigmoid,500,0.5,0.3160621761658031,0.4621212121212121,0.0360755000001518
8,0.0001,128,Sigmoid,1000,0.5,0.3160621761658031,0.4621212121212121,0.0361545999912777
8,0.0001,128,GELU,50,0.4954975756176403,0.4160768452982811,0.4696969696969697,0.0356848999945214
8,0.0001,128,GELU,100,0.4954975756176403,0.4160768452982811,0.4696969696969697,0.0356275000085588
8,0.0001,128,GELU,300,0.4954975756176403,0.4160768452982811,0.4696969696969697,0.0359346999903209
8,0.0001,128,GELU,500,0.4954975756176403,0.4160768452982811,0.4696969696969697,0.035709499992663
8,0.0001,128,GELU,1000,0.4954975756176403,0.4160768452982811,0.4696969696969697,0.0354642999882344
8,0.0001,128,Softmax,50,0.4954975756176403,0.4160768452982811,0.4696969696969697,0.0356859000021358
8,0.0001,128,Softmax,100,0.4954975756176403,0.4160768452982811,0.4696969696969697,0.0361108000070089
8,0.0001,128,Softmax,300,0.4954975756176403,0.4160768452982811,0.4696969696969697,0.0366170999914174
8,0.0001,128,Softmax,500,0.4954975756176403,0.4160768452982811,0.4696969696969697,0.0364335999911418
8,0.0001,128,Softmax,1000,0.4954975756176403,0.4160768452982811,0.4696969696969697,0.0361618999886559
8,0.00025,8,ReLU,50,0.5236665897021473,0.4598214285714285,0.5,0.1083292999974219
8,0.00025,8,ReLU,100,0.5236665897021473,0.4598214285714285,0.5,0.1086089000018546
8,0.00025,8,ReLU,300,0.5236665897021473,0.4598214285714285,0.5,0.1085810999938985
8,0.00025,8,ReLU,500,0.5236665897021473,0.4598214285714285,0.5,0.1191435000073397
8,0.00025,8,ReLU,1000,0.5236665897021473,0.4598214285714285,0.5,0.1179078999994089
8,0.00025,8,Tanh,50,0.5399445855460633,0.4211698036834649,0.5075757575757576,0.0881832999875769
8,0.00025,8,Tanh,100,0.5399445855460633,0.4211698036834649,0.5075757575757576,0.0901825999899301
8,0.00025,8,Tanh,300,0.5399445855460633,0.4211698036834649,0.5075757575757576,0.0892792000086046
8,0.00025,8,Tanh,500,0.5399445855460633,0.4211698036834649,0.5075757575757576,0.0999035999993793
8,0.00025,8,Tanh,1000,0.5399445855460633,0.4211698036834649,0.5075757575757576,0.0892281999986153
8,0.00025,8,Sigmoid,50,0.5199722927730316,0.3717805151175812,0.4848484848484848,0.1106438999995589
8,0.00025,8,Sigmoid,100,0.5199722927730316,0.3717805151175812,0.4848484848484848,0.1400415000098291
8,0.00025,8,Sigmoid,300,0.5199722927730316,0.3717805151175812,0.4848484848484848,0.1181681000016396
8,0.00025,8,Sigmoid,500,0.5199722927730316,0.3717805151175812,0.4848484848484848,0.1392033000010997
8,0.00025,8,Sigmoid,1000,0.5199722927730316,0.3717805151175812,0.4848484848484848,0.1296438999997917
8,0.00025,8,GELU,50,0.5236665897021473,0.4598214285714285,0.5,0.0977847000031033
8,0.00025,8,GELU,100,0.5236665897021473,0.4598214285714285,0.5,0.1089725000056205
8,0.00025,8,GELU,300,0.5236665897021473,0.4598214285714285,0.5,0.1197356000047875
8,0.00025,8,GELU,500,0.5236665897021473,0.4598214285714285,0.5,0.1291225000022677
8,0.00025,8,GELU,1000,0.5236665897021473,0.4598214285714285,0.5,0.1194159000006038
8,0.00025,8,Softmax,50,0.5236665897021473,0.4598214285714285,0.5,0.1093333000026177
8,0.00025,8,Softmax,100,0.5236665897021473,0.4598214285714285,0.5,0.1199395000003278
8,0.00025,8,Softmax,300,0.5236665897021473,0.4598214285714285,0.5,0.1179108999931486
8,0.00025,8,Softmax,500,0.5236665897021473,0.4598214285714285,0.5,0.1183863000042038
8,0.00025,8,Softmax,1000,0.5236665897021473,0.4598214285714285,0.5,0.1402243999909842
8,0.00025,16,ReLU,50,0.5166243361810205,0.4491435689816256,0.4924242424242424,0.0557120000012218
8,0.00025,16,ReLU,100,0.5166243361810205,0.4491435689816256,0.4924242424242424,0.0585647999978391
8,0.00025,16,ReLU,300,0.5166243361810205,0.4491435689816256,0.4924242424242424,0.0563847000012174
8,0.00025,16,ReLU,500,0.5166243361810205,0.4491435689816256,0.4924242424242424,0.058424400005606
8,0.00025,16,ReLU,1000,0.5166243361810205,0.4491435689816256,0.4924242424242424,0.0571034000022336
8,0.00025,16,Tanh,50,0.5399445855460633,0.4211698036834649,0.5075757575757576,0.0684448999963933
8,0.00025,16,Tanh,100,0.5399445855460633,0.4211698036834649,0.5075757575757576,0.0673736999888205
8,0.00025,16,Tanh,300,0.5399445855460633,0.4211698036834649,0.5075757575757576,0.0791251000046031
8,0.00025,16,Tanh,500,0.5399445855460633,0.4211698036834649,0.5075757575757576,0.0789943999989191
8,0.00025,16,Tanh,1000,0.5399445855460633,0.4211698036834649,0.5075757575757576,0.0795374999870546
8,0.00025,16,Sigmoid,50,0.5,0.3160621761658031,0.4621212121212121,0.0574244000017643
8,0.00025,16,Sigmoid,100,0.5,0.3160621761658031,0.4621212121212121,0.0576299000094877
8,0.00025,16,Sigmoid,300,0.5,0.3160621761658031,0.4621212121212121,0.0582545999932335
8,0.00025,16,Sigmoid,500,0.5,0.3160621761658031,0.4621212121212121,0.0588111999968532
8,0.00025,16,Sigmoid,1000,0.5,0.3160621761658031,0.4621212121212121,0.0686483000026783
8,0.00025,16,GELU,50,0.5166243361810205,0.4491435689816256,0.4924242424242424,0.0677605000091716
8,0.00025,16,GELU,100,0.5166243361810205,0.4491435689816256,0.4924242424242424,0.0576594000012846
8,0.00025,16,GELU,300,0.5166243361810205,0.4491435689816256,0.4924242424242424,0.0581585000036284
8,0.00025,16,GELU,500,0.5166243361810205,0.4491435689816256,0.4924242424242424,0.0681216999946627
8,0.00025,16,GELU,1000,0.5166243361810205,0.4491435689816256,0.4924242424242424,0.0688949000032153
8,0.00025,16,Softmax,50,0.5166243361810205,0.4491435689816256,0.4924242424242424,0.0575621000025421
8,0.00025,16,Softmax,100,0.5166243361810205,0.4491435689816256,0.4924242424242424,0.0795919000083813
8,0.00025,16,Softmax,300,0.5166243361810205,0.4491435689816256,0.4924242424242424,0.0690171000023838
8,0.00025,16,Softmax,500,0.5166243361810205,0.4491435689816256,0.4924242424242424,0.0681176000070991
8,0.00025,16,Softmax,1000,0.5166243361810205,0.4491435689816256,0.4924242424242424,0.0573194999888073
8,0.00025,32,ReLU,50,0.5166243361810205,0.4491435689816256,0.4924242424242424,0.0572182999894721
8,0.00025,32,ReLU,100,0.5166243361810205,0.4491435689816256,0.4924242424242424,0.0567040000023553
8,0.00025,32,ReLU,300,0.5166243361810205,0.4491435689816256,0.4924242424242424,0.0466058000019984
8,0.00025,32,ReLU,500,0.5166243361810205,0.4491435689816256,0.4924242424242424,0.0587550999916857
8,0.00025,32,ReLU,1000,0.5166243361810205,0.4491435689816256,0.4924242424242424,0.047025100007886
8,0.00025,32,Tanh,50,0.5399445855460633,0.4211698036834649,0.5075757575757576,0.0582413999945856
8,0.00025,32,Tanh,100,0.5399445855460633,0.4211698036834649,0.5075757575757576,0.0471721999929286
8,0.00025,32,Tanh,300,0.5399445855460633,0.4211698036834649,0.5075757575757576,0.0472293000057106
8,0.00025,32,Tanh,500,0.5399445855460633,0.4211698036834649,0.5075757575757576,0.0466654999909224
8,0.00025,32,Tanh,1000,0.5399445855460633,0.4211698036834649,0.5075757575757576,0.056759899991448
8,0.00025,32,Sigmoid,50,0.5,0.3160621761658031,0.4621212121212121,0.0474927000032039
8,0.00025,32,Sigmoid,100,0.5,0.3160621761658031,0.4621212121212121,0.0469524000072851
8,0.00025,32,Sigmoid,300,0.5,0.3160621761658031,0.4621212121212121,0.0466052999981911
8,0.00025,32,Sigmoid,500,0.5,0.3160621761658031,0.4621212121212121,0.0588509000081103
8,0.00025,32,Sigmoid,1000,0.5,0.3160621761658031,0.4621212121212121,0.0467879000061657
8,0.00025,32,GELU,50,0.5166243361810205,0.4491435689816256,0.4924242424242424,0.0464329999958863
8,0.00025,32,GELU,100,0.5166243361810205,0.4491435689816256,0.4924242424242424,0.0474772000015946
8,0.00025,32,GELU,300,0.5166243361810205,0.4491435689816256,0.4924242424242424,0.0468340000079479
8,0.00025,32,GELU,500,0.5166243361810205,0.4491435689816256,0.4924242424242424,0.0581320000055711
8,0.00025,32,GELU,1000,0.5166243361810205,0.4491435689816256,0.4924242424242424,0.0461582999996608
8,0.00025,32,Softmax,50,0.5166243361810205,0.4491435689816256,0.4924242424242424,0.0574597999948309
8,0.00025,32,Softmax,100,0.5166243361810205,0.4491435689816256,0.4924242424242424,0.0580669000046327
8,0.00025,32,Softmax,300,0.5166243361810205,0.4491435689816256,0.4924242424242424,0.046379599996726
8,0.00025,32,Softmax,500,0.5166243361810205,0.4491435689816256,0.4924242424242424,0.0568556000071112
8,0.00025,32,Softmax,1000,0.5166243361810205,0.4491435689816256,0.4924242424242424,0.047164600007818
8,0.00025,64,ReLU,50,0.5095820826598938,0.4382978723404255,0.4848484848484848,0.0353302000003168
8,0.00025,64,ReLU,100,0.5095820826598938,0.4382978723404255,0.4848484848484848,0.045316300005652
8,0.00025,64,ReLU,300,0.5095820826598938,0.4382978723404255,0.4848484848484848,0.0578642000036779
8,0.00025,64,ReLU,500,0.5095820826598938,0.4382978723404255,0.4848484848484848,0.0363956999935908
8,0.00025,64,ReLU,1000,0.5095820826598938,0.4382978723404255,0.4848484848484848,0.047364899990498
8,0.00025,64,Tanh,50,0.5399445855460633,0.4211698036834649,0.5075757575757576,0.0478551999985938
8,0.00025,64,Tanh,100,0.5399445855460633,0.4211698036834649,0.5075757575757576,0.0461056000058306
8,0.00025,64,Tanh,300,0.5399445855460633,0.4211698036834649,0.5075757575757576,0.0458572000061394
8,0.00025,64,Tanh,500,0.5399445855460633,0.4211698036834649,0.5075757575757576,0.0469374999956926
8,0.00025,64,Tanh,1000,0.5399445855460633,0.4211698036834649,0.5075757575757576,0.0456280999933369
8,0.00025,64,Sigmoid,50,0.5,0.3160621761658031,0.4621212121212121,0.0463867000071331
8,0.00025,64,Sigmoid,100,0.5,0.3160621761658031,0.4621212121212121,0.0370247999962884
8,0.00025,64,Sigmoid,300,0.5,0.3160621761658031,0.4621212121212121,0.0359974000020884
8,0.00025,64,Sigmoid,500,0.5,0.3160621761658031,0.4621212121212121,0.0364902000001166
8,0.00025,64,Sigmoid,1000,0.5,0.3160621761658031,0.4621212121212121,0.0370328999997582
8,0.00025,64,GELU,50,0.5095820826598938,0.4382978723404255,0.4848484848484848,0.046301599999424
8,0.00025,64,GELU,100,0.5095820826598938,0.4382978723404255,0.4848484848484848,0.0480634999985341
8,0.00025,64,GELU,300,0.5095820826598938,0.4382978723404255,0.4848484848484848,0.0367363999976078
8,0.00025,64,GELU,500,0.5095820826598938,0.4382978723404255,0.4848484848484848,0.046837100002449
8,0.00025,64,GELU,1000,0.5095820826598938,0.4382978723404255,0.4848484848484848,0.0362855999992461
8,0.00025,64,Softmax,50,0.5095820826598938,0.4382978723404255,0.4848484848484848,0.0367213999998057
8,0.00025,64,Softmax,100,0.5095820826598938,0.4382978723404255,0.4848484848484848,0.0370193999988259
8,0.00025,64,Softmax,300,0.5095820826598938,0.4382978723404255,0.4848484848484848,0.0478021000017179
8,0.00025,64,Softmax,500,0.5095820826598938,0.4382978723404255,0.4848484848484848,0.0366734999988693
8,0.00025,64,Softmax,1000,0.5095820826598938,0.4382978723404255,0.4848484848484848,0.0464994999929331
8,0.00025,128,ReLU,50,0.4954975756176403,0.4160768452982811,0.4696969696969697,0.0365026999934343
8,0.00025,128,ReLU,100,0.4954975756176403,0.4160768452982811,0.4696969696969697,0.0362928999966243
8,0.00025,128,ReLU,300,0.4954975756176403,0.4160768452982811,0.4696969696969697,0.035937599997851
8,0.00025,128,ReLU,500,0.4954975756176403,0.4160768452982811,0.4696969696969697,0.0355703000095672
8,0.00025,128,ReLU,1000,0.4954975756176403,0.4160768452982811,0.4696969696969697,0.0365502000058768
8,0.00025,128,Tanh,50,0.5329023320249365,0.4081521739130435,0.5,0.037979799992172
8,0.00025,128,Tanh,100,0.5329023320249365,0.4081521739130435,0.5,0.0371330000052694
8,0.00025,128,Tanh,300,0.5329023320249365,0.4081521739130435,0.5,0.0353705000015907
8,0.00025,128,Tanh,500,0.5329023320249365,0.4081521739130435,0.5,0.0356508000113535
8,0.00025,128,Tanh,1000,0.5329023320249365,0.4081521739130435,0.5,0.0361237000033725
8,0.00025,128,Sigmoid,50,0.5,0.3160621761658031,0.4621212121212121,0.0365633999899728
8,0.00025,128,Sigmoid,100,0.5,0.3160621761658031,0.4621212121212121,0.0358756000059656
8,0.00025,128,Sigmoid,300,0.5,0.3160621761658031,0.4621212121212121,0.039737300001434
8,0.00025,128,Sigmoid,500,0.5,0.3160621761658031,0.4621212121212121,0.0360300000029383
8,0.00025,128,Sigmoid,1000,0.5,0.3160621761658031,0.4621212121212121,0.0360281999892322
8,0.00025,128,GELU,50,0.4954975756176403,0.4160768452982811,0.4696969696969697,0.037116599996807
8,0.00025,128,GELU,100,0.4954975756176403,0.4160768452982811,0.4696969696969697,0.0360972000053152
8,0.00025,128,GELU,300,0.4954975756176403,0.4160768452982811,0.4696969696969697,0.0361011000059079
8,0.00025,128,GELU,500,0.4954975756176403,0.4160768452982811,0.4696969696969697,0.036637500001234
8,0.00025,128,GELU,1000,0.4954975756176403,0.4160768452982811,0.4696969696969697,0.0361362000112421
8,0.00025,128,Softmax,50,0.4954975756176403,0.4160768452982811,0.4696969696969697,0.0372056999913184
8,0.00025,128,Softmax,100,0.4954975756176403,0.4160768452982811,0.4696969696969697,0.036287099996116
8,0.00025,128,Softmax,300,0.4954975756176403,0.4160768452982811,0.4696969696969697,0.0357718000013846
8,0.00025,128,Softmax,500,0.4954975756176403,0.4160768452982811,0.4696969696969697,0.0354679000010946
8,0.00025,128,Softmax,1000,0.4954975756176403,0.4160768452982811,0.4696969696969697,0.0367821999971056
16,0.01,8,ReLU,50,0.633341029785269,0.6200250312891114,0.6515151515151515,0.1505417000007582
16,0.01,8,ReLU,100,0.633341029785269,0.6200250312891114,0.6515151515151515,0.1380935999914072
16,0.01,8,ReLU,300,0.633341029785269,0.6200250312891114,0.6515151515151515,0.1502260999986902
16,0.01,8,ReLU,500,0.633341029785269,0.6200250312891114,0.6515151515151515,0.1508618999941973
16,0.01,8,ReLU,1000,0.633341029785269,0.6200250312891114,0.6515151515151515,0.1612098000041442
16,0.01,8,Tanh,50,0.6731701685522974,0.6659053027964689,0.6893939393939394,0.1090263000078266
16,0.01,8,Tanh,100,0.6731701685522974,0.6659053027964689,0.6893939393939394,0.1217936000030022
16,0.01,8,Tanh,300,0.6731701685522974,0.6659053027964689,0.6893939393939394,0.1208639999967999
16,0.01,8,Tanh,500,0.6731701685522974,0.6659053027964689,0.6893939393939394,0.1301379999931669
16,0.01,8,Tanh,1000,0.6731701685522974,0.6659053027964689,0.6893939393939394,0.1208666000020457
16,0.01,8,Sigmoid,50,0.6638189794504733,0.6530663329161452,0.6818181818181818,0.1105292000138433
16,0.01,8,Sigmoid,100,0.6638189794504733,0.6530663329161452,0.6818181818181818,0.1307441000099061
16,0.01,8,Sigmoid,300,0.6638189794504733,0.6530663329161452,0.6818181818181818,0.1209002999967197
16,0.01,8,Sigmoid,500,0.6638189794504733,0.6530663329161452,0.6818181818181818,0.1207289000012679
16,0.01,8,Sigmoid,1000,0.6638189794504733,0.6530663329161452,0.6818181818181818,0.121486799995182
16,0.01,8,GELU,50,0.633341029785269,0.6200250312891114,0.6515151515151515,0.1523202999960631
16,0.01,8,GELU,100,0.633341029785269,0.6200250312891114,0.6515151515151515,0.1620456000091508
16,0.01,8,GELU,300,0.633341029785269,0.6200250312891114,0.6515151515151515,0.139632000005804
16,0.01,8,GELU,500,0.633341029785269,0.6200250312891114,0.6515151515151515,0.1305676000047242
16,0.01,8,GELU,1000,0.633341029785269,0.6200250312891114,0.6515151515151515,0.1512561999988975
16,0.01,8,Softmax,50,0.633341029785269,0.6200250312891114,0.6515151515151515,0.1730383000103756
16,0.01,8,Softmax,100,0.633341029785269,0.6200250312891114,0.6515151515151515,0.1615576000040164
16,0.01,8,Softmax,300,0.633341029785269,0.6200250312891114,0.6515151515151515,0.1403155999869341
16,0.01,8,Softmax,500,0.633341029785269,0.6200250312891114,0.6515151515151515,0.1502737999981036
16,0.01,8,Softmax,1000,0.633341029785269,0.6200250312891114,0.6515151515151515,0.1604214999970281
16,0.01,16,ReLU,50,0.5641884091433849,0.5434823618185248,0.5833333333333334,0.0979230999946594
16,0.01,16,ReLU,100,0.5641884091433849,0.5434823618185248,0.5833333333333334,0.0784859999985201
16,0.01,16,ReLU,300,0.5641884091433849,0.5434823618185248,0.5833333333333334,0.0795161000132793
16,0.01,16,ReLU,500,0.5641884091433849,0.5434823618185248,0.5833333333333334,0.0888519000000087
16,0.01,16,ReLU,1000,0.5641884091433849,0.5434823618185248,0.5833333333333334,0.0988462000095751
16,0.01,16,Tanh,50,0.6134841837912722,0.5860987718839823,0.6363636363636364,0.0574553000042215
16,0.01,16,Tanh,100,0.6134841837912722,0.5860987718839823,0.6363636363636364,0.0782885000080568
16,0.01,16,Tanh,300,0.6134841837912722,0.5860987718839823,0.6363636363636364,0.0678871000127401
16,0.01,16,Tanh,500,0.6134841837912722,0.5860987718839823,0.6363636363636364,0.0792712999973446
16,0.01,16,Tanh,1000,0.6134841837912722,0.5860987718839823,0.6363636363636364,0.0683151999983238
16,0.01,16,Sigmoid,50,0.6287231586238744,0.6033446563888163,0.6515151515151515,0.0677062999893678
16,0.01,16,Sigmoid,100,0.6287231586238744,0.6033446563888163,0.6515151515151515,0.0684480000054463
16,0.01,16,Sigmoid,300,0.6287231586238744,0.6033446563888163,0.6515151515151515,0.0792836000036913
16,0.01,16,Sigmoid,500,0.6287231586238744,0.6033446563888163,0.6515151515151515,0.0669321000023046
16,0.01,16,Sigmoid,1000,0.6287231586238744,0.6033446563888163,0.6515151515151515,0.0775807000027271
16,0.01,16,GELU,50,0.5641884091433849,0.5434823618185248,0.5833333333333334,0.0879227999976137
16,0.01,16,GELU,100,0.5641884091433849,0.5434823618185248,0.5833333333333334,0.0787161000043852
16,0.01,16,GELU,300,0.5641884091433849,0.5434823618185248,0.5833333333333334,0.0876169999974081
16,0.01,16,GELU,500,0.5641884091433849,0.5434823618185248,0.5833333333333334,0.078868099997635
16,0.01,16,GELU,1000,0.5641884091433849,0.5434823618185248,0.5833333333333334,0.078226799989352
16,0.01,16,Softmax,50,0.5641884091433849,0.5434823618185248,0.5833333333333334,0.077800400002161
16,0.01,16,Softmax,100,0.5641884091433849,0.5434823618185248,0.5833333333333334,0.0680188000114867
16,0.01,16,Softmax,300,0.5641884091433849,0.5434823618185248,0.5833333333333334,0.0883235000073909
16,0.01,16,Softmax,500,0.5641884091433849,0.5434823618185248,0.5833333333333334,0.0780188999924575
16,0.01,16,Softmax,1000,0.5641884091433849,0.5434823618185248,0.5833333333333334,0.0796240999916335
16,0.01,32,ReLU,50,0.6122142692218887,0.6007160935860238,0.6287878787878788,0.0566240999905858
16,0.01,32,ReLU,100,0.6122142692218887,0.6007160935860238,0.6287878787878788,0.0680520999885629
16,0.01,32,ReLU,300,0.6122142692218887,0.6007160935860238,0.6287878787878788,0.067623499999172
16,0.01,32,ReLU,500,0.6122142692218887,0.6007160935860238,0.6287878787878788,0.0684497000038391
16,0.01,32,ReLU,1000,0.6122142692218887,0.6007160935860238,0.6287878787878788,0.0674004000029526
16,0.01,32,Tanh,50,0.6075963980604941,0.5847191011235955,0.6287878787878788,0.0564507000090088
16,0.01,32,Tanh,100,0.6075963980604941,0.5847191011235955,0.6287878787878788,0.0471794000040972
16,0.01,32,Tanh,300,0.6075963980604941,0.5847191011235955,0.6287878787878788,0.0458759999892208
16,0.01,32,Tanh,500,0.6075963980604941,0.5847191011235955,0.6287878787878788,0.0479115000052843
16,0.01,32,Tanh,1000,0.6075963980604941,0.5847191011235955,0.6287878787878788,0.0477002000116044
16,0.01,32,Sigmoid,50,0.5982452089586701,0.5688528873791482,0.6212121212121212,0.0688489000021945
16,0.01,32,Sigmoid,100,0.5982452089586701,0.5688528873791482,0.6212121212121212,0.0572609999944688
16,0.01,32,Sigmoid,300,0.5982452089586701,0.5688528873791482,0.6212121212121212,0.067746700005955
16,0.01,32,Sigmoid,500,0.5982452089586701,0.5688528873791482,0.6212121212121212,0.057110299996566
16,0.01,32,Sigmoid,1000,0.5982452089586701,0.5688528873791482,0.6212121212121212,0.0584241000033216
16,0.01,32,GELU,50,0.6122142692218887,0.6007160935860238,0.6287878787878788,0.0679055999935371
16,0.01,32,GELU,100,0.6122142692218887,0.6007160935860238,0.6287878787878788,0.0579887999920174
16,0.01,32,GELU,300,0.6122142692218887,0.6007160935860238,0.6287878787878788,0.0572855999926105
16,0.01,32,GELU,500,0.6122142692218887,0.6007160935860238,0.6287878787878788,0.0571826999948825
16,0.01,32,GELU,1000,0.6122142692218887,0.6007160935860238,0.6287878787878788,0.0675170000031357
16,0.01,32,Softmax,50,0.6122142692218887,0.6007160935860238,0.6287878787878788,0.0571584000135771
16,0.01,32,Softmax,100,0.6122142692218887,0.6007160935860238,0.6287878787878788,0.0574048999988008
16,0.01,32,Softmax,300,0.6122142692218887,0.6007160935860238,0.6287878787878788,0.0684829000092577
16,0.01,32,Softmax,500,0.6122142692218887,0.6007160935860238,0.6287878787878788,0.0679487000015797
16,0.01,32,Softmax,1000,0.6122142692218887,0.6007160935860238,0.6287878787878788,0.0671743999992031
16,0.01,64,ReLU,50,0.6074809512814592,0.6005809731299927,0.6212121212121212,0.0559511000028578
16,0.01,64,ReLU,100,0.6074809512814592,0.6005809731299927,0.6212121212121212,0.0463769000052707
16,0.01,64,ReLU,300,0.6074809512814592,0.6005809731299927,0.6212121212121212,0.056567100007669
16,0.01,64,ReLU,500,0.6074809512814592,0.6005809731299927,0.6212121212121212,0.0684760000003734
16,0.01,64,ReLU,1000,0.6074809512814592,0.6005809731299927,0.6212121212121212,0.1072999000025447
16,0.01,64,Tanh,50,0.588894019856846,0.551887106436797,0.6136363636363636,0.0455844000098295
16,0.01,64,Tanh,100,0.588894019856846,0.551887106436797,0.6136363636363636,0.0469291000044904
16,0.01,64,Tanh,300,0.588894019856846,0.551887106436797,0.6136363636363636,0.0463318999973125
16,0.01,64,Tanh,500,0.588894019856846,0.551887106436797,0.6136363636363636,0.0457242999982554
16,0.01,64,Tanh,1000,0.588894019856846,0.551887106436797,0.6136363636363636,0.0479669999913312
16,0.01,64,Sigmoid,50,0.5689217270838143,0.5397727272727273,0.5909090909090909,0.0465131000091787
16,0.01,64,Sigmoid,100,0.5689217270838143,0.5397727272727273,0.5909090909090909,0.0568160000111674
16,0.01,64,Sigmoid,300,0.5689217270838143,0.5397727272727273,0.5909090909090909,0.0474127000052249
16,0.01,64,Sigmoid,500,0.5689217270838143,0.5397727272727273,0.5909090909090909,0.0473377000016626
16,0.01,64,Sigmoid,1000,0.5689217270838143,0.5397727272727273,0.5909090909090909,0.0574305000045569
16,0.01,64,GELU,50,0.6074809512814592,0.6005809731299927,0.6212121212121212,0.0580389999959152
16,0.01,64,GELU,100,0.6074809512814592,0.6005809731299927,0.6212121212121212,0.0575107999902684
16,0.01,64,GELU,300,0.6074809512814592,0.6005809731299927,0.6212121212121212,0.0471786000125575
16,0.01,64,GELU,500,0.6074809512814592,0.6005809731299927,0.6212121212121212,0.0576510000100825
16,0.01,64,GELU,1000,0.6074809512814592,0.6005809731299927,0.6212121212121212,0.0572450000036042
16,0.01,64,Softmax,50,0.6074809512814592,0.6005809731299927,0.6212121212121212,0.0573248000000603
16,0.01,64,Softmax,100,0.6074809512814592,0.6005809731299927,0.6212121212121212,0.0583743000024696
16,0.01,64,Softmax,300,0.6074809512814592,0.6005809731299927,0.6212121212121212,0.0459382999979425
16,0.01,64,Softmax,500,0.6074809512814592,0.6005809731299927,0.6212121212121212,0.0667637000005925
16,0.01,64,Softmax,1000,0.6074809512814592,0.6005809731299927,0.6212121212121212,0.0566621999896597
16,0.01,128,ReLU,50,0.5490648810898175,0.4978260869565217,0.5757575757575758,0.0458338999887928
16,0.01,128,ReLU,100,0.5490648810898175,0.4978260869565217,0.5757575757575758,0.0474836000066716
16,0.01,128,ReLU,300,0.5490648810898175,0.4978260869565217,0.5757575757575758,0.0475367000035475
16,0.01,128,ReLU,500,0.5490648810898175,0.4978260869565217,0.5757575757575758,0.0571392999991076
16,0.01,128,ReLU,1000,0.5490648810898175,0.4978260869565217,0.5757575757575758,0.0472047999937785
16,0.01,128,Tanh,50,0.6755945509120296,0.6590909090909091,0.696969696969697,0.0355312999890884
16,0.01,128,Tanh,100,0.6755945509120296,0.6590909090909091,0.696969696969697,0.0467364999931305
16,0.01,128,Tanh,300,0.6755945509120296,0.6590909090909091,0.696969696969697,0.0472188999992795
16,0.01,128,Tanh,500,0.6755945509120296,0.6590909090909091,0.696969696969697,0.0365993000013986
16,0.01,128,Tanh,1000,0.6755945509120296,0.6590909090909091,0.696969696969697,0.0474056000093696
16,0.01,128,Sigmoid,50,0.5314015238974833,0.499967897271268,0.553030303030303,0.0461456000048201
16,0.01,128,Sigmoid,100,0.5314015238974833,0.499967897271268,0.553030303030303,0.0467390999983763
16,0.01,128,Sigmoid,300,0.5314015238974833,0.499967897271268,0.553030303030303,0.0477246000082232
16,0.01,128,Sigmoid,500,0.5314015238974833,0.499967897271268,0.553030303030303,0.0472775000089313
16,0.01,128,Sigmoid,1000,0.5314015238974833,0.499967897271268,0.553030303030303,0.0467842000070959
16,0.01,128,GELU,50,0.5490648810898175,0.4978260869565217,0.5757575757575758,0.0578797000052873
16,0.01,128,GELU,100,0.5490648810898175,0.4978260869565217,0.5757575757575758,0.0473578999954042
16,0.01,128,GELU,300,0.5490648810898175,0.4978260869565217,0.5757575757575758,0.0559983999992255
16,0.01,128,GELU,500,0.5490648810898175,0.4978260869565217,0.5757575757575758,0.0564789999916683
16,0.01,128,GELU,1000,0.5490648810898175,0.4978260869565217,0.5757575757575758,0.0565642000001389
16,0.01,128,Softmax,50,0.5490648810898175,0.4978260869565217,0.5757575757575758,0.0461863999953493
16,0.01,128,Softmax,100,0.5490648810898175,0.4978260869565217,0.5757575757575758,0.0464434000023175
16,0.01,128,Softmax,300,0.5490648810898175,0.4978260869565217,0.5757575757575758,0.0465755999903194
16,0.01,128,Softmax,500,0.5490648810898175,0.4978260869565217,0.5757575757575758,0.0467351000115741
16,0.01,128,Softmax,1000,0.5490648810898175,0.4978260869565217,0.5757575757575758,0.0583359000011114
16,0.001,8,ReLU,50,0.5257446317247749,0.4141414141414141,0.5606060606060606,0.1508414000127231
16,0.001,8,ReLU,100,0.5257446317247749,0.4141414141414141,0.5606060606060606,0.1600073000008706
16,0.001,8,ReLU,300,0.5257446317247749,0.4141414141414141,0.5606060606060606,0.1411514999927021
16,0.001,8,ReLU,500,0.5257446317247749,0.4141414141414141,0.5606060606060606,0.1548749999928986
16,0.001,8,ReLU,1000,0.5257446317247749,0.4141414141414141,0.5606060606060606,0.1925004000077024
16,0.001,8,Tanh,50,0.6603555760794273,0.6420454545454546,0.6818181818181818,0.1748216999985743
16,0.001,8,Tanh,100,0.6603555760794273,0.6420454545454546,0.6818181818181818,0.1936091999959899
16,0.001,8,Tanh,300,0.6603555760794273,0.6420454545454546,0.6818181818181818,0.1728263999975752
16,0.001,8,Tanh,500,0.6603555760794273,0.6420454545454546,0.6818181818181818,0.1723189999902388
16,0.001,8,Tanh,1000,0.6603555760794273,0.6420454545454546,0.6818181818181818,0.1625640999991446
16,0.001,8,Sigmoid,50,0.5,0.3497536945812808,0.5378787878787878,0.0989230999985011
16,0.001,8,Sigmoid,100,0.5,0.3497536945812808,0.5378787878787878,0.0895897000009426
16,0.001,8,Sigmoid,300,0.5,0.3497536945812808,0.5378787878787878,0.0991469000000506
16,0.001,8,Sigmoid,500,0.5,0.3497536945812808,0.5378787878787878,0.089355300005991
16,0.001,8,Sigmoid,1000,0.5,0.3497536945812808,0.5378787878787878,0.0792488000006415
16,0.001,8,GELU,50,0.5257446317247749,0.4141414141414141,0.5606060606060606,0.1525134999974398
16,0.001,8,GELU,100,0.5257446317247749,0.4141414141414141,0.5606060606060606,0.1502977999916765
16,0.001,8,GELU,300,0.5257446317247749,0.4141414141414141,0.5606060606060606,0.1497237000003224
16,0.001,8,GELU,500,0.5257446317247749,0.4141414141414141,0.5606060606060606,0.1500434000045061
16,0.001,8,GELU,1000,0.5257446317247749,0.4141414141414141,0.5606060606060606,0.1404293999949004
16,0.001,8,Softmax,50,0.5257446317247749,0.4141414141414141,0.5606060606060606,0.1294127000001026
16,0.001,8,Softmax,100,0.5257446317247749,0.4141414141414141,0.5606060606060606,0.14967909999541
16,0.001,8,Softmax,300,0.5257446317247749,0.4141414141414141,0.5606060606060606,0.1402497999952174
16,0.001,8,Softmax,500,0.5257446317247749,0.4141414141414141,0.5606060606060606,0.1400061000022106
16,0.001,8,Softmax,1000,0.5257446317247749,0.4141414141414141,0.5606060606060606,0.129351299998234
16,0.001,16,ReLU,50,0.5,0.3497536945812808,0.5378787878787878,0.0560517999983858
16,0.001,16,ReLU,100,0.5,0.3497536945812808,0.5378787878787878,0.0670396000059554
16,0.001,16,ReLU,300,0.5,0.3497536945812808,0.5378787878787878,0.0566847000009147
16,0.001,16,ReLU,500,0.5,0.3497536945812808,0.5378787878787878,0.0570698000083211
16,0.001,16,ReLU,1000,0.5,0.3497536945812808,0.5378787878787878,0.0572894999932032
16,0.001,16,Tanh,50,0.5503347956592011,0.4604236343366778,0.5833333333333334,0.089168200007407
16,0.001,16,Tanh,100,0.5503347956592011,0.4604236343366778,0.5833333333333334,0.1111555999959819
16,0.001,16,Tanh,300,0.5503347956592011,0.4604236343366778,0.5833333333333334,0.0996794999955454
16,0.001,16,Tanh,500,0.5503347956592011,0.4604236343366778,0.5833333333333334,0.1096109000063734
16,0.001,16,Tanh,1000,0.5503347956592011,0.4604236343366778,0.5833333333333334,0.0998093999951379
16,0.001,16,Sigmoid,50,0.5,0.3497536945812808,0.5378787878787878,0.0573719999956665
16,0.001,16,Sigmoid,100,0.5,0.3497536945812808,0.5378787878787878,0.0687631000037072
16,0.001,16,Sigmoid,300,0.5,0.3497536945812808,0.5378787878787878,0.057258400003775
16,0.001,16,Sigmoid,500,0.5,0.3497536945812808,0.5378787878787878,0.0575323999946704
16,0.001,16,Sigmoid,1000,0.5,0.3497536945812808,0.5378787878787878,0.0678393999987747
16,0.001,16,GELU,50,0.5,0.3497536945812808,0.5378787878787878,0.0571524999977555
16,0.001,16,GELU,100,0.5,0.3497536945812808,0.5378787878787878,0.0681537000054959
16,0.001,16,GELU,300,0.5,0.3497536945812808,0.5378787878787878,0.0578300999914063
16,0.001,16,GELU,500,0.5,0.3497536945812808,0.5378787878787878,0.0567907000076957
16,0.001,16,GELU,1000,0.5,0.3497536945812808,0.5378787878787878,0.0682199999864678
16,0.001,16,Softmax,50,0.5,0.3497536945812808,0.5378787878787878,0.0683591999986674
16,0.001,16,Softmax,100,0.5,0.3497536945812808,0.5378787878787878,0.0682831000012811
16,0.001,16,Softmax,300,0.5,0.3497536945812808,0.5378787878787878,0.0677623999945353
16,0.001,16,Softmax,500,0.5,0.3497536945812808,0.5378787878787878,0.0585763999988557
16,0.001,16,Softmax,1000,0.5,0.3497536945812808,0.5378787878787878,0.068059400000493
16,0.001,32,ReLU,50,0.5,0.3497536945812808,0.5378787878787878,0.0458686000056332
16,0.001,32,ReLU,100,0.5,0.3497536945812808,0.5378787878787878,0.0468128000065917
16,0.001,32,ReLU,300,0.5,0.3497536945812808,0.5378787878787878,0.0490127000084612
16,0.001,32,ReLU,500,0.5,0.3497536945812808,0.5378787878787878,0.046108099995763
16,0.001,32,ReLU,1000,0.5,0.3497536945812808,0.5378787878787878,0.0568144999997457
16,0.001,32,Tanh,50,0.5175479104132995,0.3979126401236954,0.553030303030303,0.0682835999905364
16,0.001,32,Tanh,100,0.5175479104132995,0.3979126401236954,0.553030303030303,0.0665460000018356
16,0.001,32,Tanh,300,0.5175479104132995,0.3979126401236954,0.553030303030303,0.0871734999964246
16,0.001,32,Tanh,500,0.5175479104132995,0.3979126401236954,0.553030303030303,0.087854099998367
16,0.001,32,Tanh,1000,0.5175479104132995,0.3979126401236954,0.553030303030303,0.0774301999917952
16,0.001,32,Sigmoid,50,0.5,0.3497536945812808,0.5378787878787878,0.0458481999958166
16,0.001,32,Sigmoid,100,0.5,0.3497536945812808,0.5378787878787878,0.047635299997637
16,0.001,32,Sigmoid,300,0.5,0.3497536945812808,0.5378787878787878,0.0592352999956347
16,0.001,32,Sigmoid,500,0.5,0.3497536945812808,0.5378787878787878,0.0480695000005653
16,0.001,32,Sigmoid,1000,0.5,0.3497536945812808,0.5378787878787878,0.0474649000097997
16,0.001,32,GELU,50,0.5,0.3497536945812808,0.5378787878787878,0.0471001999976579
16,0.001,32,GELU,100,0.5,0.3497536945812808,0.5378787878787878,0.0579283999977633
16,0.001,32,GELU,300,0.5,0.3497536945812808,0.5378787878787878,0.0584716000012122
16,0.001,32,GELU,500,0.5,0.3497536945812808,0.5378787878787878,0.0477457000088179
16,0.001,32,GELU,1000,0.5,0.3497536945812808,0.5378787878787878,0.0479777000000467
16,0.001,32,Softmax,50,0.5,0.3497536945812808,0.5378787878787878,0.058914300010656
16,0.001,32,Softmax,100,0.5,0.3497536945812808,0.5378787878787878,0.0467709999938961
16,0.001,32,Softmax,300,0.5,0.3497536945812808,0.5378787878787878,0.0480117999977665
16,0.001,32,Softmax,500,0.5,0.3497536945812808,0.5378787878787878,0.0587935999938054
16,0.001,32,Softmax,1000,0.5,0.3497536945812808,0.5378787878787878,0.0479955000046175
16,0.001,64,ReLU,50,0.5,0.3497536945812808,0.5378787878787878,0.0371040000027278
16,0.001,64,ReLU,100,0.5,0.3497536945812808,0.5378787878787878,0.0366051000019069
16,0.001,64,ReLU,300,0.5,0.3497536945812808,0.5378787878787878,0.0469510999973863
16,0.001,64,ReLU,500,0.5,0.3497536945812808,0.5378787878787878,0.0367234000004828
16,0.001,64,ReLU,1000,0.5,0.3497536945812808,0.5378787878787878,0.0478222999954596
16,0.001,64,Tanh,50,0.5,0.3497536945812808,0.5378787878787878,0.0364838000095915
16,0.001,64,Tanh,100,0.5,0.3497536945812808,0.5378787878787878,0.0366892000020016
16,0.001,64,Tanh,300,0.5,0.3497536945812808,0.5378787878787878,0.048071199998958
16,0.001,64,Tanh,500,0.5,0.3497536945812808,0.5378787878787878,0.0369981999974697
16,0.001,64,Tanh,1000,0.5,0.3497536945812808,0.5378787878787878,0.0360077999939676
16,0.001,64,Sigmoid,50,0.5,0.3497536945812808,0.5378787878787878,0.0479939999931957
16,0.001,64,Sigmoid,100,0.5,0.3497536945812808,0.5378787878787878,0.0477848000009544
16,0.001,64,Sigmoid,300,0.5,0.3497536945812808,0.5378787878787878,0.0366173000074923
16,0.001,64,Sigmoid,500,0.5,0.3497536945812808,0.5378787878787878,0.0472611999866785
16,0.001,64,Sigmoid,1000,0.5,0.3497536945812808,0.5378787878787878,0.0362803999887546
16,0.001,64,GELU,50,0.5,0.3497536945812808,0.5378787878787878,0.0473665999888908
16,0.001,64,GELU,100,0.5,0.3497536945812808,0.5378787878787878,0.0365309000044362
16,0.001,64,GELU,300,0.5,0.3497536945812808,0.5378787878787878,0.035994899997604
16,0.001,64,GELU,500,0.5,0.3497536945812808,0.5378787878787878,0.0461926999996649
16,0.001,64,GELU,1000,0.5,0.3497536945812808,0.5378787878787878,0.0488385999924503
16,0.001,64,Softmax,50,0.5,0.3497536945812808,0.5378787878787878,0.0358126999926753
16,0.001,64,Softmax,100,0.5,0.3497536945812808,0.5378787878787878,0.0476673999946797
16,0.001,64,Softmax,300,0.5,0.3497536945812808,0.5378787878787878,0.0360932000039611
16,0.001,64,Softmax,500,0.5,0.3497536945812808,0.5378787878787878,0.0357106000010389
16,0.001,64,Softmax,1000,0.5,0.3497536945812808,0.5378787878787878,0.0365927999955602
16,0.001,128,ReLU,50,0.5,0.3497536945812808,0.5378787878787878,0.0358032000076491
16,0.001,128,ReLU,100,0.5,0.3497536945812808,0.5378787878787878,0.0359459000028437
16,0.001,128,ReLU,300,0.5,0.3497536945812808,0.5378787878787878,0.0361284999962663
16,0.001,128,ReLU,500,0.5,0.3497536945812808,0.5378787878787878,0.0361075000109849
16,0.001,128,ReLU,1000,0.5,0.3497536945812808,0.5378787878787878,0.0369353999994928
16,0.001,128,Tanh,50,0.5,0.3497536945812808,0.5378787878787878,0.0370255000016186
16,0.001,128,Tanh,100,0.5,0.3497536945812808,0.5378787878787878,0.0366018000058829
16,0.001,128,Tanh,300,0.5,0.3497536945812808,0.5378787878787878,0.0470364000066183
16,0.001,128,Tanh,500,0.5,0.3497536945812808,0.5378787878787878,0.0361598000017693
16,0.001,128,Tanh,1000,0.5,0.3497536945812808,0.5378787878787878,0.0373181000031763
16,0.001,128,Sigmoid,50,0.5,0.3497536945812808,0.5378787878787878,0.0362716999952681
16,0.001,128,Sigmoid,100,0.5,0.3497536945812808,0.5378787878787878,0.0358400999975856
16,0.001,128,Sigmoid,300,0.5,0.3497536945812808,0.5378787878787878,0.0375215000094613
16,0.001,128,Sigmoid,500,0.5,0.3497536945812808,0.5378787878787878,0.0367283999948995
16,0.001,128,Sigmoid,1000,0.5,0.3497536945812808,0.5378787878787878,0.0370284999953582
16,0.001,128,GELU,50,0.5,0.3497536945812808,0.5378787878787878,0.0365163000096799
16,0.001,128,GELU,100,0.5,0.3497536945812808,0.5378787878787878,0.0806249000015668
16,0.001,128,GELU,300,0.5,0.3497536945812808,0.5378787878787878,0.0356387999927392
16,0.001,128,GELU,500,0.5,0.3497536945812808,0.5378787878787878,0.0364366000139853
16,0.001,128,GELU,1000,0.5,0.3497536945812808,0.5378787878787878,0.0359840999881271
16,0.001,128,Softmax,50,0.5,0.3497536945812808,0.5378787878787878,0.0357229000073857
16,0.001,128,Softmax,100,0.5,0.3497536945812808,0.5378787878787878,0.0363943999982439
16,0.001,128,Softmax,300,0.5,0.3497536945812808,0.5378787878787878,0.0372685000038472
16,0.001,128,Softmax,500,0.5,0.3497536945812808,0.5378787878787878,0.0375237999978708
16,0.001,128,Softmax,1000,0.5,0.3497536945812808,0.5378787878787878,0.0364541999879293
16,0.0001,8,ReLU,50,0.5,0.3497536945812808,0.5378787878787878,0.0998608999943826
16,0.0001,8,ReLU,100,0.5,0.3497536945812808,0.5378787878787878,0.1001994000107515
16,0.0001,8,ReLU,300,0.5,0.3497536945812808,0.5378787878787878,0.1006730000081006
16,0.0001,8,ReLU,500,0.5,0.3497536945812808,0.5378787878787878,0.1004347999987658
16,0.0001,8,ReLU,1000,0.5,0.3497536945812808,0.5378787878787878,0.0987789000064367
16,0.0001,8,Tanh,50,0.5,0.3497536945812808,0.5378787878787878,0.1004583000030834
16,0.0001,8,Tanh,100,0.5,0.3497536945812808,0.5378787878787878,0.0886645000136923
16,0.0001,8,Tanh,300,0.5,0.3497536945812808,0.5378787878787878,0.0894720000069355
16,0.0001,8,Tanh,500,0.5,0.3497536945812808,0.5378787878787878,0.0897926000034203
16,0.0001,8,Tanh,1000,0.5,0.3497536945812808,0.5378787878787878,0.089149899999029
16,0.0001,8,Sigmoid,50,0.5,0.3497536945812808,0.5378787878787878,0.0893949000019347
16,0.0001,8,Sigmoid,100,0.5,0.3497536945812808,0.5378787878787878,0.0889526999962981
16,0.0001,8,Sigmoid,300,0.5,0.3497536945812808,0.5378787878787878,0.0895091000129468
16,0.0001,8,Sigmoid,500,0.5,0.3497536945812808,0.5378787878787878,0.0890000000072177
16,0.0001,8,Sigmoid,1000,0.5,0.3497536945812808,0.5378787878787878,0.0884711999970022
16,0.0001,8,GELU,50,0.5,0.3497536945812808,0.5378787878787878,0.1009472000005189
16,0.0001,8,GELU,100,0.5,0.3497536945812808,0.5378787878787878,0.1014482999889878
16,0.0001,8,GELU,300,0.5,0.3497536945812808,0.5378787878787878,0.1009308000066084
16,0.0001,8,GELU,500,0.5,0.3497536945812808,0.5378787878787878,0.1011537000013049
16,0.0001,8,GELU,1000,0.5,0.3497536945812808,0.5378787878787878,0.1011290000024018
16,0.0001,8,Softmax,50,0.5,0.3497536945812808,0.5378787878787878,0.1006434999871999
16,0.0001,8,Softmax,100,0.5,0.3497536945812808,0.5378787878787878,0.10107770000468
16,0.0001,8,Softmax,300,0.5,0.3497536945812808,0.5378787878787878,0.0997634000086691
16,0.0001,8,Softmax,500,0.5,0.3497536945812808,0.5378787878787878,0.0994563999993261
16,0.0001,8,Softmax,1000,0.5,0.3497536945812808,0.5378787878787878,0.1004960999998729
16,0.0001,16,ReLU,50,0.5,0.3497536945812808,0.5378787878787878,0.0577692000078968
16,0.0001,16,ReLU,100,0.5,0.3497536945812808,0.5378787878787878,0.0689410000049974
16,0.0001,16,ReLU,300,0.5,0.3497536945812808,0.5378787878787878,0.0678958999924361
16,0.0001,16,ReLU,500,0.5,0.3497536945812808,0.5378787878787878,0.0690522999939275
16,0.0001,16,ReLU,1000,0.5,0.3497536945812808,0.5378787878787878,0.0573230000009061
16,0.0001,16,Tanh,50,0.5,0.3497536945812808,0.5378787878787878,0.0564620000077411
16,0.0001,16,Tanh,100,0.5,0.3497536945812808,0.5378787878787878,0.0579366000019945
16,0.0001,16,Tanh,300,0.5,0.3497536945812808,0.5378787878787878,0.0590834000031463
16,0.0001,16,Tanh,500,0.5,0.3497536945812808,0.5378787878787878,0.0691856000048574
16,0.0001,16,Tanh,1000,0.5,0.3497536945812808,0.5378787878787878,0.0686291000019991
16,0.0001,16,Sigmoid,50,0.5,0.3497536945812808,0.5378787878787878,0.058038100003614
16,0.0001,16,Sigmoid,100,0.5,0.3497536945812808,0.5378787878787878,0.0581092000065837
16,0.0001,16,Sigmoid,300,0.5,0.3497536945812808,0.5378787878787878,0.0577399999892804
16,0.0001,16,Sigmoid,500,0.5,0.3497536945812808,0.5378787878787878,0.0583361000026343
16,0.0001,16,Sigmoid,1000,0.5,0.3497536945812808,0.5378787878787878,0.0682503999996697
16,0.0001,16,GELU,50,0.5,0.3497536945812808,0.5378787878787878,0.0575356000044848
16,0.0001,16,GELU,100,0.5,0.3497536945812808,0.5378787878787878,0.0562735999992582
16,0.0001,16,GELU,300,0.5,0.3497536945812808,0.5378787878787878,0.0570773000072222
16,0.0001,16,GELU,500,0.5,0.3497536945812808,0.5378787878787878,0.058597399998689
16,0.0001,16,GELU,1000,0.5,0.3497536945812808,0.5378787878787878,0.0574615999939851
16,0.0001,16,Softmax,50,0.5,0.3497536945812808,0.5378787878787878,0.0690464999934192
16,0.0001,16,Softmax,100,0.5,0.3497536945812808,0.5378787878787878,0.068563399996492
16,0.0001,16,Softmax,300,0.5,0.3497536945812808,0.5378787878787878,0.0687668999889865
16,0.0001,16,Softmax,500,0.5,0.3497536945812808,0.5378787878787878,0.0569715000019641
16,0.0001,16,Softmax,1000,0.5,0.3497536945812808,0.5378787878787878,0.0678076999902259
16,0.0001,32,ReLU,50,0.5,0.3497536945812808,0.5378787878787878,0.0464103000122122
16,0.0001,32,ReLU,100,0.5,0.3497536945812808,0.5378787878787878,0.0468016000086208
16,0.0001,32,ReLU,300,0.5,0.3497536945812808,0.5378787878787878,0.0464405999955488
16,0.0001,32,ReLU,500,0.5,0.3497536945812808,0.5378787878787878,0.058716400002595
16,0.0001,32,ReLU,1000,0.5,0.3497536945812808,0.5378787878787878,0.0469975999876624
16,0.0001,32,Tanh,50,0.5,0.3497536945812808,0.5378787878787878,0.057537400003639
16,0.0001,32,Tanh,100,0.5,0.3497536945812808,0.5378787878787878,0.0479492999875219
16,0.0001,32,Tanh,300,0.5,0.3497536945812808,0.5378787878787878,0.0478697999933501
16,0.0001,32,Tanh,500,0.5,0.3497536945812808,0.5378787878787878,0.0469117000029655
16,0.0001,32,Tanh,1000,0.5,0.3497536945812808,0.5378787878787878,0.0478478000004543
16,0.0001,32,Sigmoid,50,0.5,0.3497536945812808,0.5378787878787878,0.0477662999910535
16,0.0001,32,Sigmoid,100,0.5,0.3497536945812808,0.5378787878787878,0.0468588999938219
16,0.0001,32,Sigmoid,300,0.5,0.3497536945812808,0.5378787878787878,0.0466282999987015
16,0.0001,32,Sigmoid,500,0.5,0.3497536945812808,0.5378787878787878,0.0466995000024326
16,0.0001,32,Sigmoid,1000,0.5,0.3497536945812808,0.5378787878787878,0.0484014999965438
16,0.0001,32,GELU,50,0.5,0.3497536945812808,0.5378787878787878,0.0469258000084664
16,0.0001,32,GELU,100,0.5,0.3497536945812808,0.5378787878787878,0.0587861999956658
16,0.0001,32,GELU,300,0.5,0.3497536945812808,0.5378787878787878,0.0472794999950565
16,0.0001,32,GELU,500,0.5,0.3497536945812808,0.5378787878787878,0.0587113999936264
16,0.0001,32,GELU,1000,0.5,0.3497536945812808,0.5378787878787878,0.0476932000019587
16,0.0001,32,Softmax,50,0.5,0.3497536945812808,0.5378787878787878,0.058862499994575
16,0.0001,32,Softmax,100,0.5,0.3497536945812808,0.5378787878787878,0.0473976999928709
16,0.0001,32,Softmax,300,0.5,0.3497536945812808,0.5378787878787878,0.0472976000019116
16,0.0001,32,Softmax,500,0.5,0.3497536945812808,0.5378787878787878,0.058839799996349
16,0.0001,32,Softmax,1000,0.5,0.3497536945812808,0.5378787878787878,0.0471633999986806
16,0.0001,64,ReLU,50,0.5,0.3497536945812808,0.5378787878787878,0.035939999987022
16,0.0001,64,ReLU,100,0.5,0.3497536945812808,0.5378787878787878,0.0354971000051591
16,0.0001,64,ReLU,300,0.5,0.3497536945812808,0.5378787878787878,0.046819700000924
16,0.0001,64,ReLU,500,0.5,0.3497536945812808,0.5378787878787878,0.0489419999939855
16,0.0001,64,ReLU,1000,0.5,0.3497536945812808,0.5378787878787878,0.0363973999919835
16,0.0001,64,Tanh,50,0.5,0.3497536945812808,0.5378787878787878,0.0482869999977992
16,0.0001,64,Tanh,100,0.5,0.3497536945812808,0.5378787878787878,0.035979899999802
16,0.0001,64,Tanh,300,0.5,0.3497536945812808,0.5378787878787878,0.0355067000054987
16,0.0001,64,Tanh,500,0.5,0.3497536945812808,0.5378787878787878,0.0465780999948037
16,0.0001,64,Tanh,1000,0.5,0.3497536945812808,0.5378787878787878,0.0483209999947575
16,0.0001,64,Sigmoid,50,0.5,0.3497536945812808,0.5378787878787878,0.0361953000101493
16,0.0001,64,Sigmoid,100,0.5,0.3497536945812808,0.5378787878787878,0.0360171999927843
16,0.0001,64,Sigmoid,300,0.5,0.3497536945812808,0.5378787878787878,0.0485226000018883
16,0.0001,64,Sigmoid,500,0.5,0.3497536945812808,0.5378787878787878,0.0371175000036601
16,0.0001,64,Sigmoid,1000,0.5,0.3497536945812808,0.5378787878787878,0.0366823999938787
16,0.0001,64,GELU,50,0.5,0.3497536945812808,0.5378787878787878,0.0472397000121418
16,0.0001,64,GELU,100,0.5,0.3497536945812808,0.5378787878787878,0.0376727999973809
16,0.0001,64,GELU,300,0.5,0.3497536945812808,0.5378787878787878,0.0356622999970568
16,0.0001,64,GELU,500,0.5,0.3497536945812808,0.5378787878787878,0.0357771000126376
16,0.0001,64,GELU,1000,0.5,0.3497536945812808,0.5378787878787878,0.0378854000009596
16,0.0001,64,Softmax,50,0.5,0.3497536945812808,0.5378787878787878,0.0358944999898085
16,0.0001,64,Softmax,100,0.5,0.3497536945812808,0.5378787878787878,0.0463901000039186
16,0.0001,64,Softmax,300,0.5,0.3497536945812808,0.5378787878787878,0.0363705000054324
16,0.0001,64,Softmax,500,0.5,0.3497536945812808,0.5378787878787878,0.0359757999976864
16,0.0001,64,Softmax,1000,0.5,0.3497536945812808,0.5378787878787878,0.0360752999986289
16,0.0001,128,ReLU,50,0.5,0.3497536945812808,0.5378787878787878,0.0357859999930951
16,0.0001,128,ReLU,100,0.5,0.3497536945812808,0.5378787878787878,0.0356490999984089
16,0.0001,128,ReLU,300,0.5,0.3497536945812808,0.5378787878787878,0.0347506999969482
16,0.0001,128,ReLU,500,0.5,0.3497536945812808,0.5378787878787878,0.0352661999932024
16,0.0001,128,ReLU,1000,0.5,0.3497536945812808,0.5378787878787878,0.0350518000050215
16,0.0001,128,Tanh,50,0.5,0.3497536945812808,0.5378787878787878,0.0346898999996483
16,0.0001,128,Tanh,100,0.5,0.3497536945812808,0.5378787878787878,0.0354234999977052
16,0.0001,128,Tanh,300,0.5,0.3497536945812808,0.5378787878787878,0.0352246999973431
16,0.0001,128,Tanh,500,0.5,0.3497536945812808,0.5378787878787878,0.0375160999974468
16,0.0001,128,Tanh,1000,0.5,0.3497536945812808,0.5378787878787878,0.0363586000021314
16,0.0001,128,Sigmoid,50,0.5,0.3497536945812808,0.5378787878787878,0.0358352000039303
16,0.0001,128,Sigmoid,100,0.5,0.3497536945812808,0.5378787878787878,0.0355646999960299
16,0.0001,128,Sigmoid,300,0.5,0.3497536945812808,0.5378787878787878,0.0349661999935051
16,0.0001,128,Sigmoid,500,0.5,0.3497536945812808,0.5378787878787878,0.0373827000003075
16,0.0001,128,Sigmoid,1000,0.5,0.3497536945812808,0.5378787878787878,0.0355565000063506
16,0.0001,128,GELU,50,0.5,0.3497536945812808,0.5378787878787878,0.0350935999886132
16,0.0001,128,GELU,100,0.5,0.3497536945812808,0.5378787878787878,0.0354112000059103
16,0.0001,128,GELU,300,0.5,0.3497536945812808,0.5378787878787878,0.0356112000008579
16,0.0001,128,GELU,500,0.5,0.3497536945812808,0.5378787878787878,0.0378362000046763
16,0.0001,128,GELU,1000,0.5,0.3497536945812808,0.5378787878787878,0.0356029999966267
16,0.0001,128,Softmax,50,0.5,0.3497536945812808,0.5378787878787878,0.0347391000104835
16,0.0001,128,Softmax,100,0.5,0.3497536945812808,0.5378787878787878,0.035662999987835
16,0.0001,128,Softmax,300,0.5,0.3497536945812808,0.5378787878787878,0.0355812999914633
16,0.0001,128,Softmax,500,0.5,0.3497536945812808,0.5378787878787878,0.035359999994398
16,0.0001,128,Softmax,1000,0.5,0.3497536945812808,0.5378787878787878,0.0355576000001747
16,0.00025,8,ReLU,50,0.5,0.3497536945812808,0.5378787878787878,0.0973646999918855
16,0.00025,8,ReLU,100,0.5,0.3497536945812808,0.5378787878787878,0.089693800007808
16,0.00025,8,ReLU,300,0.5,0.3497536945812808,0.5378787878787878,0.0892022999905748
16,0.00025,8,ReLU,500,0.5,0.3497536945812808,0.5378787878787878,0.0896871999866562
16,0.00025,8,ReLU,1000,0.5,0.3497536945812808,0.5378787878787878,0.0879986000072676
16,0.00025,8,Tanh,50,0.5,0.3497536945812808,0.5378787878787878,0.090082099995925
16,0.00025,8,Tanh,100,0.5,0.3497536945812808,0.5378787878787878,0.0895881000033114
16,0.00025,8,Tanh,300,0.5,0.3497536945812808,0.5378787878787878,0.0895615000044927
16,0.00025,8,Tanh,500,0.5,0.3497536945812808,0.5378787878787878,0.0893865999969421
16,0.00025,8,Tanh,1000,0.5,0.3497536945812808,0.5378787878787878,0.0882996000000275
16,0.00025,8,Sigmoid,50,0.5,0.3497536945812808,0.5378787878787878,0.0992350000014994
16,0.00025,8,Sigmoid,100,0.5,0.3497536945812808,0.5378787878787878,0.1001778999925591
16,0.00025,8,Sigmoid,300,0.5,0.3497536945812808,0.5378787878787878,0.1204722999973455
16,0.00025,8,Sigmoid,500,0.5,0.3497536945812808,0.5378787878787878,0.0892776999971829
16,0.00025,8,Sigmoid,1000,0.5,0.3497536945812808,0.5378787878787878,0.0903200999891851
16,0.00025,8,GELU,50,0.5,0.3497536945812808,0.5378787878787878,0.0996453999978257
16,0.00025,8,GELU,100,0.5,0.3497536945812808,0.5378787878787878,0.0905317999859107
16,0.00025,8,GELU,300,0.5,0.3497536945812808,0.5378787878787878,0.0892261999979382
16,0.00025,8,GELU,500,0.5,0.3497536945812808,0.5378787878787878,0.1003418999898713
16,0.00025,8,GELU,1000,0.5,0.3497536945812808,0.5378787878787878,0.099318199994741
16,0.00025,8,Softmax,50,0.5,0.3497536945812808,0.5378787878787878,0.0991677999991225
16,0.00025,8,Softmax,100,0.5,0.3497536945812808,0.5378787878787878,0.0879414000082761
16,0.00025,8,Softmax,300,0.5,0.3497536945812808,0.5378787878787878,0.0891480999998748
16,0.00025,8,Softmax,500,0.5,0.3497536945812808,0.5378787878787878,0.0880753000092227
16,0.00025,8,Softmax,1000,0.5,0.3497536945812808,0.5378787878787878,0.0880408999946666
16,0.00025,16,ReLU,50,0.5,0.3497536945812808,0.5378787878787878,0.0564925000071525
16,0.00025,16,ReLU,100,0.5,0.3497536945812808,0.5378787878787878,0.0570932999980868
16,0.00025,16,ReLU,300,0.5,0.3497536945812808,0.5378787878787878,0.0682144000020343
16,0.00025,16,ReLU,500,0.5,0.3497536945812808,0.5378787878787878,0.0568725000048289
16,0.00025,16,ReLU,1000,0.5,0.3497536945812808,0.5378787878787878,0.0583882999926572
16,0.00025,16,Tanh,50,0.5,0.3497536945812808,0.5378787878787878,0.0674865000037243
16,0.00025,16,Tanh,100,0.5,0.3497536945812808,0.5378787878787878,0.0579491999960737
16,0.00025,16,Tanh,300,0.5,0.3497536945812808,0.5378787878787878,0.0566466000018408
16,0.00025,16,Tanh,500,0.5,0.3497536945812808,0.5378787878787878,0.0597986000066157
16,0.00025,16,Tanh,1000,0.5,0.3497536945812808,0.5378787878787878,0.0572398999938741
16,0.00025,16,Sigmoid,50,0.5,0.3497536945812808,0.5378787878787878,0.0681360000016866
16,0.00025,16,Sigmoid,100,0.5,0.3497536945812808,0.5378787878787878,0.0673521999997319
16,0.00025,16,Sigmoid,300,0.5,0.3497536945812808,0.5378787878787878,0.0579373000073246
16,0.00025,16,Sigmoid,500,0.5,0.3497536945812808,0.5378787878787878,0.0587166000041179
16,0.00025,16,Sigmoid,1000,0.5,0.3497536945812808,0.5378787878787878,0.0568866999965393
16,0.00025,16,GELU,50,0.5,0.3497536945812808,0.5378787878787878,0.0587157999980263
16,0.00025,16,GELU,100,0.5,0.3497536945812808,0.5378787878787878,0.0571404000074835
16,0.00025,16,GELU,300,0.5,0.3497536945812808,0.5378787878787878,0.069228699998348
16,0.00025,16,GELU,500,0.5,0.3497536945812808,0.5378787878787878,0.0578524999873479
16,0.00025,16,GELU,1000,0.5,0.3497536945812808,0.5378787878787878,0.0560894999944139
16,0.00025,16,Softmax,50,0.5,0.3497536945812808,0.5378787878787878,0.0691740000038407
16,0.00025,16,Softmax,100,0.5,0.3497536945812808,0.5378787878787878,0.0568649000051664
16,0.00025,16,Softmax,300,0.5,0.3497536945812808,0.5378787878787878,0.0564646999991964
16,0.00025,16,Softmax,500,0.5,0.3497536945812808,0.5378787878787878,0.0575457000086316
16,0.00025,16,Softmax,1000,0.5,0.3497536945812808,0.5378787878787878,0.0690633999911369
16,0.00025,32,ReLU,50,0.5,0.3497536945812808,0.5378787878787878,0.0473971000028541
16,0.00025,32,ReLU,100,0.5,0.3497536945812808,0.5378787878787878,0.0560927000042283
16,0.00025,32,ReLU,300,0.5,0.3497536945812808,0.5378787878787878,0.0476083000103244
16,0.00025,32,ReLU,500,0.5,0.3497536945812808,0.5378787878787878,0.0456024000013712
16,0.00025,32,ReLU,1000,0.5,0.3497536945812808,0.5378787878787878,0.0579056000133277
16,0.00025,32,Tanh,50,0.5,0.3497536945812808,0.5378787878787878,0.0458847000118112
16,0.00025,32,Tanh,100,0.5,0.3497536945812808,0.5378787878787878,0.0463950999983353
16,0.00025,32,Tanh,300,0.5,0.3497536945812808,0.5378787878787878,0.0468230999977095
16,0.00025,32,Tanh,500,0.5,0.3497536945812808,0.5378787878787878,0.0475200999935623
16,0.00025,32,Tanh,1000,0.5,0.3497536945812808,0.5378787878787878,0.0456357999937608
16,0.00025,32,Sigmoid,50,0.5,0.3497536945812808,0.5378787878787878,0.0482095999905141
16,0.00025,32,Sigmoid,100,0.5,0.3497536945812808,0.5378787878787878,0.0472074999997857
16,0.00025,32,Sigmoid,300,0.5,0.3497536945812808,0.5378787878787878,0.0476513000030536
16,0.00025,32,Sigmoid,500,0.5,0.3497536945812808,0.5378787878787878,0.0474008000019239
16,0.00025,32,Sigmoid,1000,0.5,0.3497536945812808,0.5378787878787878,0.0467885000107344
16,0.00025,32,GELU,50,0.5,0.3497536945812808,0.5378787878787878,0.0479201999987708
16,0.00025,32,GELU,100,0.5,0.3497536945812808,0.5378787878787878,0.0465167999936966
16,0.00025,32,GELU,300,0.5,0.3497536945812808,0.5378787878787878,0.047305400003097
16,0.00025,32,GELU,500,0.5,0.3497536945812808,0.5378787878787878,0.0463455999997677
16,0.00025,32,GELU,1000,0.5,0.3497536945812808,0.5378787878787878,0.0457397999998647
16,0.00025,32,Softmax,50,0.5,0.3497536945812808,0.5378787878787878,0.0481429999927058
16,0.00025,32,Softmax,100,0.5,0.3497536945812808,0.5378787878787878,0.0468988999928114
16,0.00025,32,Softmax,300,0.5,0.3497536945812808,0.5378787878787878,0.0476862999930745
16,0.00025,32,Softmax,500,0.5,0.3497536945812808,0.5378787878787878,0.0577991000027395
16,0.00025,32,Softmax,1000,0.5,0.3497536945812808,0.5378787878787878,0.0466672999900765
16,0.00025,64,ReLU,50,0.5,0.3497536945812808,0.5378787878787878,0.0463682999979937
16,0.00025,64,ReLU,100,0.5,0.3497536945812808,0.5378787878787878,0.0361257000040495
16,0.00025,64,ReLU,300,0.5,0.3497536945812808,0.5378787878787878,0.0469027999934041
16,0.00025,64,ReLU,500,0.5,0.3497536945812808,0.5378787878787878,0.0359615000052144
16,0.00025,64,ReLU,1000,0.5,0.3497536945812808,0.5378787878787878,0.0476091000018641
16,0.00025,64,Tanh,50,0.5,0.3497536945812808,0.5378787878787878,0.0467923999967752
16,0.00025,64,Tanh,100,0.5,0.3497536945812808,0.5378787878787878,0.0362386999913724
16,0.00025,64,Tanh,300,0.5,0.3497536945812808,0.5378787878787878,0.0473367000086
16,0.00025,64,Tanh,500,0.5,0.3497536945812808,0.5378787878787878,0.0472597000043606
16,0.00025,64,Tanh,1000,0.5,0.3497536945812808,0.5378787878787878,0.0356580000079702
16,0.00025,64,Sigmoid,50,0.5,0.3497536945812808,0.5378787878787878,0.0368156000040471
16,0.00025,64,Sigmoid,100,0.5,0.3497536945812808,0.5378787878787878,0.0480576999980257
16,0.00025,64,Sigmoid,300,0.5,0.3497536945812808,0.5378787878787878,0.0362206999998306
16,0.00025,64,Sigmoid,500,0.5,0.3497536945812808,0.5378787878787878,0.0360668999928748
16,0.00025,64,Sigmoid,1000,0.5,0.3497536945812808,0.5378787878787878,0.0473376000009011
16,0.00025,64,GELU,50,0.5,0.3497536945812808,0.5378787878787878,0.0474681000050623
16,0.00025,64,GELU,100,0.5,0.3497536945812808,0.5378787878787878,0.0360302999906707
16,0.00025,64,GELU,300,0.5,0.3497536945812808,0.5378787878787878,0.0366722999897319
16,0.00025,64,GELU,500,0.5,0.3497536945812808,0.5378787878787878,0.048173900009715
16,0.00025,64,GELU,1000,0.5,0.3497536945812808,0.5378787878787878,0.036654700001236
16,0.00025,64,Softmax,50,0.5,0.3497536945812808,0.5378787878787878,0.0363483999972231
16,0.00025,64,Softmax,100,0.5,0.3497536945812808,0.5378787878787878,0.04705880000256
16,0.00025,64,Softmax,300,0.5,0.3497536945812808,0.5378787878787878,0.0485163999983342
16,0.00025,64,Softmax,500,0.5,0.3497536945812808,0.5378787878787878,0.0364859999972395
16,0.00025,64,Softmax,1000,0.5,0.3497536945812808,0.5378787878787878,0.0477371000015409
16,0.00025,128,ReLU,50,0.5,0.3497536945812808,0.5378787878787878,0.0365177999919978
16,0.00025,128,ReLU,100,0.5,0.3497536945812808,0.5378787878787878,0.0360089000023435
16,0.00025,128,ReLU,300,0.5,0.3497536945812808,0.5378787878787878,0.0369476999912876
16,0.00025,128,ReLU,500,0.5,0.3497536945812808,0.5378787878787878,0.0365882000041892
16,0.00025,128,ReLU,1000,0.5,0.3497536945812808,0.5378787878787878,0.0366328999953111
16,0.00025,128,Tanh,50,0.5,0.3497536945812808,0.5378787878787878,0.0353729999915231
16,0.00025,128,Tanh,100,0.5,0.3497536945812808,0.5378787878787878,0.0369625000021187
16,0.00025,128,Tanh,300,0.5,0.3497536945812808,0.5378787878787878,0.0364594999991823
16,0.00025,128,Tanh,500,0.5,0.3497536945812808,0.5378787878787878,0.0360853000020142
16,0.00025,128,Tanh,1000,0.5,0.3497536945812808,0.5378787878787878,0.0343546999938553
16,0.00025,128,Sigmoid,50,0.5,0.3497536945812808,0.5378787878787878,0.0349433000083081
16,0.00025,128,Sigmoid,100,0.5,0.3497536945812808,0.5378787878787878,0.0367140000016661
16,0.00025,128,Sigmoid,300,0.5,0.3497536945812808,0.5378787878787878,0.0364312999881804
16,0.00025,128,Sigmoid,500,0.5,0.3497536945812808,0.5378787878787878,0.0361390000034589
16,0.00025,128,Sigmoid,1000,0.5,0.3497536945812808,0.5378787878787878,0.0364119000005302
16,0.00025,128,GELU,50,0.5,0.3497536945812808,0.5378787878787878,0.0356468999962089
16,0.00025,128,GELU,100,0.5,0.3497536945812808,0.5378787878787878,0.0351498000090941
16,0.00025,128,GELU,300,0.5,0.3497536945812808,0.5378787878787878,0.0361210999981267
16,0.00025,128,GELU,500,0.5,0.3497536945812808,0.5378787878787878,0.0361845000006724
16,0.00025,128,GELU,1000,0.5,0.3497536945812808,0.5378787878787878,0.0574009999982081
16,0.00025,128,Softmax,50,0.5,0.3497536945812808,0.5378787878787878,0.0774215999990701
16,0.00025,128,Softmax,100,0.5,0.3497536945812808,0.5378787878787878,0.0558981000067433
16,0.00025,128,Softmax,300,0.5,0.3497536945812808,0.5378787878787878,0.0789364999945974
16,0.00025,128,Softmax,500,0.5,0.3497536945812808,0.5378787878787878,0.05505290000292
16,0.00025,128,Softmax,1000,0.5,0.3497536945812808,0.5378787878787878,0.0349395000084769
32,0.01,8,ReLU,50,0.6894481643962134,0.6898496240601504,0.696969696969697,0.1206812000018544
32,0.01,8,ReLU,100,0.6894481643962134,0.6898496240601504,0.696969696969697,0.1191842999978689
32,0.01,8,ReLU,300,0.6894481643962134,0.6898496240601504,0.696969696969697,0.1084049000055529
32,0.01,8,ReLU,500,0.6894481643962134,0.6898496240601504,0.696969696969697,0.1331667000049492
32,0.01,8,ReLU,1000,0.6894481643962134,0.6898496240601504,0.696969696969697,0.1406831000058446
32,0.01,8,Tanh,50,0.6578157469406604,0.6571428571428571,0.6666666666666666,0.1096068000042578
32,0.01,8,Tanh,100,0.6578157469406604,0.6571428571428571,0.6666666666666666,0.0889243999990867
32,0.01,8,Tanh,300,0.6578157469406604,0.6571428571428571,0.6666666666666666,0.0893916999921202
32,0.01,8,Tanh,500,0.6578157469406604,0.6571428571428571,0.6666666666666666,0.0988154999940889
32,0.01,8,Tanh,1000,0.6578157469406604,0.6571428571428571,0.6666666666666666,0.0889651000034064
32,0.01,8,Sigmoid,50,0.6438466866774417,0.6363636363636364,0.6590909090909091,0.1303637000091839
32,0.01,8,Sigmoid,100,0.6438466866774417,0.6363636363636364,0.6590909090909091,0.1300783000042429
32,0.01,8,Sigmoid,300,0.6438466866774417,0.6363636363636364,0.6590909090909091,0.1301602000021375
32,0.01,8,Sigmoid,500,0.6438466866774417,0.6363636363636364,0.6590909090909091,0.1189122000068891
32,0.01,8,Sigmoid,1000,0.6438466866774417,0.6363636363636364,0.6590909090909091,0.1309656999947037
32,0.01,8,GELU,50,0.6894481643962134,0.6898496240601504,0.696969696969697,0.1189567999972496
32,0.01,8,GELU,100,0.6894481643962134,0.6898496240601504,0.696969696969697,0.0982283000048482
32,0.01,8,GELU,300,0.6894481643962134,0.6898496240601504,0.696969696969697,0.1199896000034641
32,0.01,8,GELU,500,0.6894481643962134,0.6898496240601504,0.696969696969697,0.108650199996191
32,0.01,8,GELU,1000,0.6894481643962134,0.6898496240601504,0.696969696969697,0.1076071999996202
32,0.01,8,Softmax,50,0.6894481643962134,0.6898496240601504,0.696969696969697,0.0986392000049818
32,0.01,8,Softmax,100,0.6894481643962134,0.6898496240601504,0.696969696969697,0.1204073000117205
32,0.01,8,Softmax,300,0.6894481643962134,0.6898496240601504,0.696969696969697,0.1185946999903535
32,0.01,8,Softmax,500,0.6894481643962134,0.6898496240601504,0.696969696969697,0.1095308999938424
32,0.01,8,Softmax,1000,0.6894481643962134,0.6898496240601504,0.696969696969697,0.109221200007596
32,0.01,16,ReLU,50,0.6507734934195336,0.6502384737678856,0.6590909090909091,0.0574517000059131
32,0.01,16,ReLU,100,0.6507734934195336,0.6502384737678856,0.6590909090909091,0.0675962999957846
32,0.01,16,ReLU,300,0.6507734934195336,0.6502384737678856,0.6590909090909091,0.0571766000066418
32,0.01,16,ReLU,500,0.6507734934195336,0.6502384737678856,0.6590909090909091,0.0575141999870538
32,0.01,16,ReLU,1000,0.6507734934195336,0.6502384737678856,0.6590909090909091,0.0693554000026779
32,0.01,16,Tanh,50,0.6167166936042484,0.6169027165080102,0.6212121212121212,0.0683927000063704
32,0.01,16,Tanh,100,0.6167166936042484,0.6169027165080102,0.6212121212121212,0.0567451999959303
32,0.01,16,Tanh,300,0.6167166936042484,0.6169027165080102,0.6212121212121212,0.0685013000038452
32,0.01,16,Tanh,500,0.6167166936042484,0.6169027165080102,0.6212121212121212,0.0576805000018794
32,0.01,16,Tanh,1000,0.6167166936042484,0.6169027165080102,0.6212121212121212,0.069375699997181
32,0.01,16,Sigmoid,50,0.6168321403832833,0.6125786163522012,0.6287878787878788,0.0885069999931147
32,0.01,16,Sigmoid,100,0.6168321403832833,0.6125786163522012,0.6287878787878788,0.0678240999986883
32,0.01,16,Sigmoid,300,0.6168321403832833,0.6125786163522012,0.6287878787878788,0.0883237999951234
32,0.01,16,Sigmoid,500,0.6168321403832833,0.6125786163522012,0.6287878787878788,0.0784723999968264
32,0.01,16,Sigmoid,1000,0.6168321403832833,0.6125786163522012,0.6287878787878788,0.078498100003344
32,0.01,16,GELU,50,0.6507734934195336,0.6502384737678856,0.6590909090909091,0.0677244999969843
32,0.01,16,GELU,100,0.6507734934195336,0.6502384737678856,0.6590909090909091,0.0572531999932834
32,0.01,16,GELU,300,0.6507734934195336,0.6502384737678856,0.6590909090909091,0.0681371999962721
32,0.01,16,GELU,500,0.6507734934195336,0.6502384737678856,0.6590909090909091,0.0681404000060865
32,0.01,16,GELU,1000,0.6507734934195336,0.6502384737678856,0.6590909090909091,0.0574935000040568
32,0.01,16,Softmax,50,0.6507734934195336,0.6502384737678856,0.6590909090909091,0.0686319999949773
32,0.01,16,Softmax,100,0.6507734934195336,0.6502384737678856,0.6590909090909091,0.0682009000011021
32,0.01,16,Softmax,300,0.6507734934195336,0.6502384737678856,0.6590909090909091,0.0677528000087477
32,0.01,16,Softmax,500,0.6507734934195336,0.6502384737678856,0.6590909090909091,0.0568979999952716
32,0.01,16,Softmax,1000,0.6507734934195336,0.6502384737678856,0.6590909090909091,0.0673712999996496
32,0.01,32,ReLU,50,0.5489494343107828,0.5268817204301075,0.5681818181818182,0.046212999994168
32,0.01,32,ReLU,100,0.5489494343107828,0.5268817204301075,0.5681818181818182,0.0456683000084012
32,0.01,32,ReLU,300,0.5489494343107828,0.5268817204301075,0.5681818181818182,0.0466857999999774
32,0.01,32,ReLU,500,0.5489494343107828,0.5268817204301075,0.5681818181818182,0.0476227000035578
32,0.01,32,ReLU,1000,0.5489494343107828,0.5268817204301075,0.5681818181818182,0.0466664999985368
32,0.01,32,Tanh,50,0.6319556684368506,0.6322266078476898,0.6363636363636364,0.0484295999922324
32,0.01,32,Tanh,100,0.6319556684368506,0.6322266078476898,0.6363636363636364,0.0465718999912496
32,0.01,32,Tanh,300,0.6319556684368506,0.6322266078476898,0.6363636363636364,0.0566150999948149
32,0.01,32,Tanh,500,0.6319556684368506,0.6322266078476898,0.6363636363636364,0.0483020999963628
32,0.01,32,Tanh,1000,0.6319556684368506,0.6322266078476898,0.6363636363636364,0.0462573000113479
32,0.01,32,Sigmoid,50,0.5664973447240822,0.55182418667819,0.5833333333333334,0.0570813999947859
32,0.01,32,Sigmoid,100,0.5664973447240822,0.55182418667819,0.5833333333333334,0.0583062999940011
32,0.01,32,Sigmoid,300,0.5664973447240822,0.55182418667819,0.5833333333333334,0.0566917999967699
32,0.01,32,Sigmoid,500,0.5664973447240822,0.55182418667819,0.5833333333333334,0.0576929999951971
32,0.01,32,Sigmoid,1000,0.5664973447240822,0.55182418667819,0.5833333333333334,0.0572062999999616
32,0.01,32,GELU,50,0.5489494343107828,0.5268817204301075,0.5681818181818182,0.0472806000034324
32,0.01,32,GELU,100,0.5489494343107828,0.5268817204301075,0.5681818181818182,0.045970799998031
32,0.01,32,GELU,300,0.5489494343107828,0.5268817204301075,0.5681818181818182,0.0572582000022521
32,0.01,32,GELU,500,0.5489494343107828,0.5268817204301075,0.5681818181818182,0.0481942999904276
32,0.01,32,GELU,1000,0.5489494343107828,0.5268817204301075,0.5681818181818182,0.0472097999881953
32,0.01,32,Softmax,50,0.5489494343107828,0.5268817204301075,0.5681818181818182,0.046183700003894
32,0.01,32,Softmax,100,0.5489494343107828,0.5268817204301075,0.5681818181818182,0.059038799998234
32,0.01,32,Softmax,300,0.5489494343107828,0.5268817204301075,0.5681818181818182,0.046987399997306
32,0.01,32,Softmax,500,0.5489494343107828,0.5268817204301075,0.5681818181818182,0.0467251000081887
32,0.01,32,Softmax,1000,0.5489494343107828,0.5268817204301075,0.5681818181818182,0.0458694999979343
32,0.01,64,ReLU,50,0.6215654583237128,0.6136585365853658,0.6363636363636364,0.0357272999972337
32,0.01,64,ReLU,100,0.6215654583237128,0.6136585365853658,0.6363636363636364,0.0469040000025415
32,0.01,64,ReLU,300,0.6215654583237128,0.6136585365853658,0.6363636363636364,0.0471455999941099
32,0.01,64,ReLU,500,0.6215654583237128,0.6136585365853658,0.6363636363636364,0.0456843000138178
32,0.01,64,ReLU,1000,0.6215654583237128,0.6136585365853658,0.6363636363636364,0.0562671000079717
32,0.01,64,Tanh,50,0.5618794735626875,0.5338683788121991,0.5833333333333334,0.0358611999981803
32,0.01,64,Tanh,100,0.5618794735626875,0.5338683788121991,0.5833333333333334,0.0368413999967742
32,0.01,64,Tanh,300,0.5618794735626875,0.5338683788121991,0.5833333333333334,0.0359322000003885
32,0.01,64,Tanh,500,0.5618794735626875,0.5338683788121991,0.5833333333333334,0.036016500002006
32,0.01,64,Tanh,1000,0.5618794735626875,0.5338683788121991,0.5833333333333334,0.0356318999984068
32,0.01,64,Sigmoid,50,0.5185869314246132,0.4619565217391304,0.5454545454545454,0.0463037000008625
32,0.01,64,Sigmoid,100,0.5185869314246132,0.4619565217391304,0.5454545454545454,0.0472152000002097
32,0.01,64,Sigmoid,300,0.5185869314246132,0.4619565217391304,0.5454545454545454,0.0460558999911882
32,0.01,64,Sigmoid,500,0.5185869314246132,0.4619565217391304,0.5454545454545454,0.0358903999876929
32,0.01,64,Sigmoid,1000,0.5185869314246132,0.4619565217391304,0.5454545454545454,0.0360602000000653
32,0.01,64,GELU,50,0.6215654583237128,0.6136585365853658,0.6363636363636364,0.046015100000659
32,0.01,64,GELU,100,0.6215654583237128,0.6136585365853658,0.6363636363636364,0.046634799989988
32,0.01,64,GELU,300,0.6215654583237128,0.6136585365853658,0.6363636363636364,0.0466817999986233
32,0.01,64,GELU,500,0.6215654583237128,0.6136585365853658,0.6363636363636364,0.0468475999950896
32,0.01,64,GELU,1000,0.6215654583237128,0.6136585365853658,0.6363636363636364,0.0455008999997517
32,0.01,64,Softmax,50,0.6215654583237128,0.6136585365853658,0.6363636363636364,0.0465446000016527
32,0.01,64,Softmax,100,0.6215654583237128,0.6136585365853658,0.6363636363636364,0.0470151999907102
32,0.01,64,Softmax,300,0.6215654583237128,0.6136585365853658,0.6363636363636364,0.0464580999978352
32,0.01,64,Softmax,500,0.6215654583237128,0.6136585365853658,0.6363636363636364,0.0463219999946886
32,0.01,64,Softmax,1000,0.6215654583237128,0.6136585365853658,0.6363636363636364,0.0464186000026529
32,0.01,128,ReLU,50,0.5746940660355576,0.5618391935087288,0.5909090909090909,0.0451968000124907
32,0.01,128,ReLU,100,0.5746940660355576,0.5618391935087288,0.5909090909090909,0.0458481999958166
32,0.01,128,ReLU,300,0.5746940660355576,0.5618391935087288,0.5909090909090909,0.0466198000067379
32,0.01,128,ReLU,500,0.5746940660355576,0.5618391935087288,0.5909090909090909,0.0455751999979838
32,0.01,128,ReLU,1000,0.5746940660355576,0.5618391935087288,0.5909090909090909,0.0342409000004408
32,0.01,128,Tanh,50,0.5804664049873008,0.5769230769230769,0.5909090909090909,0.0359303000004729
32,0.01,128,Tanh,100,0.5804664049873008,0.5769230769230769,0.5909090909090909,0.036536999992677
32,0.01,128,Tanh,300,0.5804664049873008,0.5769230769230769,0.5909090909090909,0.0349996000004466
32,0.01,128,Tanh,500,0.5804664049873008,0.5769230769230769,0.5909090909090909,0.0347129000001587
32,0.01,128,Tanh,1000,0.5804664049873008,0.5769230769230769,0.5909090909090909,0.0348345000093104
32,0.01,128,Sigmoid,50,0.5711152158854769,0.5651392632524708,0.5833333333333334,0.0348253999982262
32,0.01,128,Sigmoid,100,0.5711152158854769,0.5651392632524708,0.5833333333333334,0.0370568999933311
32,0.01,128,Sigmoid,300,0.5711152158854769,0.5651392632524708,0.5833333333333334,0.0369642000005114
32,0.01,128,Sigmoid,500,0.5711152158854769,0.5651392632524708,0.5833333333333334,0.0360282000037841
32,0.01,128,Sigmoid,1000,0.5711152158854769,0.5651392632524708,0.5833333333333334,0.0356819000007817
32,0.01,128,GELU,50,0.5746940660355576,0.5618391935087288,0.5909090909090909,0.0461397000035503
32,0.01,128,GELU,100,0.5746940660355576,0.5618391935087288,0.5909090909090909,0.0455248999933246
32,0.01,128,GELU,300,0.5746940660355576,0.5618391935087288,0.5909090909090909,0.0452435000042896
32,0.01,128,GELU,500,0.5746940660355576,0.5618391935087288,0.5909090909090909,0.0462922000006074
32,0.01,128,GELU,1000,0.5746940660355576,0.5618391935087288,0.5909090909090909,0.0450953999970806
32,0.01,128,Softmax,50,0.5746940660355576,0.5618391935087288,0.5909090909090909,0.0449752999993506
32,0.01,128,Softmax,100,0.5746940660355576,0.5618391935087288,0.5909090909090909,0.0473171999910846
32,0.01,128,Softmax,300,0.5746940660355576,0.5618391935087288,0.5909090909090909,0.0460992000007536
32,0.01,128,Softmax,500,0.5746940660355576,0.5618391935087288,0.5909090909090909,0.0453160000033676
32,0.01,128,Softmax,1000,0.5746940660355576,0.5618391935087288,0.5909090909090909,0.0484061000024667
32,0.001,8,ReLU,50,0.5150080812745325,0.4771089031755309,0.5378787878787878,0.0989553999970667
32,0.001,8,ReLU,100,0.5150080812745325,0.4771089031755309,0.5378787878787878,0.1098545999993803
32,0.001,8,ReLU,300,0.5150080812745325,0.4771089031755309,0.5378787878787878,0.1090335999906528
32,0.001,8,ReLU,500,0.5150080812745325,0.4771089031755309,0.5378787878787878,0.0999425000045448
32,0.001,8,ReLU,1000,0.5150080812745325,0.4771089031755309,0.5378787878787878,0.1096338000061223
32,0.001,8,Tanh,50,0.6003232509812977,0.6001863932898416,0.6060606060606061,0.0909951999929035
32,0.001,8,Tanh,100,0.6003232509812977,0.6001863932898416,0.6060606060606061,0.1108059999969555
32,0.001,8,Tanh,300,0.6003232509812977,0.6001863932898416,0.6060606060606061,0.1198375999956624
32,0.001,8,Tanh,500,0.6003232509812977,0.6001863932898416,0.6060606060606061,0.0984707000025082
32,0.001,8,Tanh,1000,0.6003232509812977,0.6001863932898416,0.6060606060606061,0.0994734999985667
32,0.001,8,Sigmoid,50,0.5081967213114754,0.3676141807729159,0.5454545454545454,0.1093093999952543
32,0.001,8,Sigmoid,100,0.5081967213114754,0.3676141807729159,0.5454545454545454,0.1199305000045569
32,0.001,8,Sigmoid,300,0.5081967213114754,0.3676141807729159,0.5454545454545454,0.0883222999982535
32,0.001,8,Sigmoid,500,0.5081967213114754,0.3676141807729159,0.5454545454545454,0.1105005999997956
32,0.001,8,Sigmoid,1000,0.5081967213114754,0.3676141807729159,0.5454545454545454,0.1105026000004727
32,0.001,8,GELU,50,0.5150080812745325,0.4771089031755309,0.5378787878787878,0.1103734999924199
32,0.001,8,GELU,100,0.5150080812745325,0.4771089031755309,0.5378787878787878,0.0986606999940704
32,0.001,8,GELU,300,0.5150080812745325,0.4771089031755309,0.5378787878787878,0.0896005999966291
32,0.001,8,GELU,500,0.5150080812745325,0.4771089031755309,0.5378787878787878,0.1111309999978402
32,0.001,8,GELU,1000,0.5150080812745325,0.4771089031755309,0.5378787878787878,0.0988628000050084
32,0.001,8,Softmax,50,0.5150080812745325,0.4771089031755309,0.5378787878787878,0.1099070999916875
32,0.001,8,Softmax,100,0.5150080812745325,0.4771089031755309,0.5378787878787878,0.1098545999993803
32,0.001,8,Softmax,300,0.5150080812745325,0.4771089031755309,0.5378787878787878,0.1102720000053523
32,0.001,8,Softmax,500,0.5150080812745325,0.4771089031755309,0.5378787878787878,0.1097942999913357
32,0.001,8,Softmax,1000,0.5150080812745325,0.4771089031755309,0.5378787878787878,0.1109589999978197
32,0.001,16,ReLU,50,0.53844377741861,0.5056818181818181,0.5606060606060606,0.0778446000040276
32,0.001,16,ReLU,100,0.53844377741861,0.5056818181818181,0.5606060606060606,0.0789808999979868
32,0.001,16,ReLU,300,0.53844377741861,0.5056818181818181,0.5606060606060606,0.0799669999978505
32,0.001,16,ReLU,500,0.53844377741861,0.5056818181818181,0.5606060606060606,0.0895956000022124
32,0.001,16,ReLU,1000,0.53844377741861,0.5056818181818181,0.5606060606060606,0.0890385000093374
32,0.001,16,Tanh,50,0.608519972292773,0.60858189429618,0.6136363636363636,0.078807300000335
32,0.001,16,Tanh,100,0.608519972292773,0.60858189429618,0.6136363636363636,0.0687929999985499
32,0.001,16,Tanh,300,0.608519972292773,0.60858189429618,0.6136363636363636,0.0678276999969966
32,0.001,16,Tanh,500,0.608519972292773,0.60858189429618,0.6136363636363636,0.0680028999922797
32,0.001,16,Tanh,1000,0.608519972292773,0.60858189429618,0.6136363636363636,0.068951699999161
32,0.001,16,Sigmoid,50,0.5,0.3497536945812808,0.5378787878787878,0.057035400008317
32,0.001,16,Sigmoid,100,0.5,0.3497536945812808,0.5378787878787878,0.0576112999988254
32,0.001,16,Sigmoid,300,0.5,0.3497536945812808,0.5378787878787878,0.0581794000027002
32,0.001,16,Sigmoid,500,0.5,0.3497536945812808,0.5378787878787878,0.0577568000007886
32,0.001,16,Sigmoid,1000,0.5,0.3497536945812808,0.5378787878787878,0.0674580999911995
32,0.001,16,GELU,50,0.53844377741861,0.5056818181818181,0.5606060606060606,0.078773800007184
32,0.001,16,GELU,100,0.53844377741861,0.5056818181818181,0.5606060606060606,0.0681081999937305
32,0.001,16,GELU,300,0.53844377741861,0.5056818181818181,0.5606060606060606,0.0887036000058287
32,0.001,16,GELU,500,0.53844377741861,0.5056818181818181,0.5606060606060606,0.0883690000046044
32,0.001,16,GELU,1000,0.53844377741861,0.5056818181818181,0.5606060606060606,0.0868733999959658
32,0.001,16,Softmax,50,0.53844377741861,0.5056818181818181,0.5606060606060606,0.0788245000003371
32,0.001,16,Softmax,100,0.53844377741861,0.5056818181818181,0.5606060606060606,0.0675253000081284
32,0.001,16,Softmax,300,0.53844377741861,0.5056818181818181,0.5606060606060606,0.0802529999928083
32,0.001,16,Softmax,500,0.53844377741861,0.5056818181818181,0.5606060606060606,0.0788264000002527
32,0.001,16,Softmax,1000,0.53844377741861,0.5056818181818181,0.5606060606060606,0.0789702999900328
32,0.001,32,ReLU,50,0.5103902101131378,0.4490591857680465,0.5378787878787878,0.0672344000049633
32,0.001,32,ReLU,100,0.5103902101131378,0.4490591857680465,0.5378787878787878,0.0673974999954225
32,0.001,32,ReLU,300,0.5103902101131378,0.4490591857680465,0.5378787878787878,0.0575584999896818
32,0.001,32,ReLU,500,0.5103902101131378,0.4490591857680465,0.5378787878787878,0.0590545000013662
32,0.001,32,ReLU,1000,0.5103902101131378,0.4490591857680465,0.5378787878787878,0.0687986999982968
32,0.001,32,Tanh,50,0.5921265296698222,0.5917128683980157,0.5984848484848485,0.0567184999963501
32,0.001,32,Tanh,100,0.5921265296698222,0.5917128683980157,0.5984848484848485,0.0581783999950857
32,0.001,32,Tanh,300,0.5921265296698222,0.5917128683980157,0.5984848484848485,0.0576760999974794
32,0.001,32,Tanh,500,0.5921265296698222,0.5917128683980157,0.5984848484848485,0.0687693000072613
32,0.001,32,Tanh,1000,0.5921265296698222,0.5917128683980157,0.5984848484848485,0.068251999997301
32,0.001,32,Sigmoid,50,0.5,0.3497536945812808,0.5378787878787878,0.0473116999928606
32,0.001,32,Sigmoid,100,0.5,0.3497536945812808,0.5378787878787878,0.0586407000082545
32,0.001,32,Sigmoid,300,0.5,0.3497536945812808,0.5378787878787878,0.0467671000078553
32,0.001,32,Sigmoid,500,0.5,0.3497536945812808,0.5378787878787878,0.0466707000014139
32,0.001,32,Sigmoid,1000,0.5,0.3497536945812808,0.5378787878787878,0.046333099991898
32,0.001,32,GELU,50,0.5103902101131378,0.4490591857680465,0.5378787878787878,0.0680139000032795
32,0.001,32,GELU,100,0.5103902101131378,0.4490591857680465,0.5378787878787878,0.0685423999966587
32,0.001,32,GELU,300,0.5103902101131378,0.4490591857680465,0.5378787878787878,0.0570569999981671
32,0.001,32,GELU,500,0.5103902101131378,0.4490591857680465,0.5378787878787878,0.0795530000032158
32,0.001,32,GELU,1000,0.5103902101131378,0.4490591857680465,0.5378787878787878,0.0568586000008508
32,0.001,32,Softmax,50,0.5103902101131378,0.4490591857680465,0.5378787878787878,0.0679356000036932
32,0.001,32,Softmax,100,0.5103902101131378,0.4490591857680465,0.5378787878787878,0.0680900000006659
32,0.001,32,Softmax,300,0.5103902101131378,0.4490591857680465,0.5378787878787878,0.0668353999935789
32,0.001,32,Softmax,500,0.5103902101131378,0.4490591857680465,0.5378787878787878,0.058061900010216
32,0.001,32,Softmax,1000,0.5103902101131378,0.4490591857680465,0.5378787878787878,0.0572959999990416
32,0.001,64,ReLU,50,0.5115446779034865,0.4567901234567901,0.5378787878787878,0.0570805000024847
32,0.001,64,ReLU,100,0.5115446779034865,0.4567901234567901,0.5378787878787878,0.0575765000103274
32,0.001,64,ReLU,300,0.5115446779034865,0.4567901234567901,0.5378787878787878,0.0569280000054277
32,0.001,64,ReLU,500,0.5115446779034865,0.4567901234567901,0.5378787878787878,0.0572217000008095
32,0.001,64,ReLU,1000,0.5115446779034865,0.4567901234567901,0.5378787878787878,0.0557121000019833
32,0.001,64,Tanh,50,0.567536365735396,0.5657894736842105,0.5757575757575758,0.0466338999976869
32,0.001,64,Tanh,100,0.567536365735396,0.5657894736842105,0.5757575757575758,0.0585987999947974
32,0.001,64,Tanh,300,0.567536365735396,0.5657894736842105,0.5757575757575758,0.0569294000015361
32,0.001,64,Tanh,500,0.567536365735396,0.5657894736842105,0.5757575757575758,0.0471044000005349
32,0.001,64,Tanh,1000,0.567536365735396,0.5657894736842105,0.5757575757575758,0.0467102000111481
32,0.001,64,Sigmoid,50,0.5,0.3497536945812808,0.5378787878787878,0.0369198999978834
32,0.001,64,Sigmoid,100,0.5,0.3497536945812808,0.5378787878787878,0.058191700009047
32,0.001,64,Sigmoid,300,0.5,0.3497536945812808,0.5378787878787878,0.046428100002231
32,0.001,64,Sigmoid,500,0.5,0.3497536945812808,0.5378787878787878,0.0356181999959517
32,0.001,64,Sigmoid,1000,0.5,0.3497536945812808,0.5378787878787878,0.0358648999972501
32,0.001,64,GELU,50,0.5115446779034865,0.4567901234567901,0.5378787878787878,0.077965700009372
32,0.001,64,GELU,100,0.5115446779034865,0.4567901234567901,0.5378787878787878,0.056941499991808
32,0.001,64,GELU,300,0.5115446779034865,0.4567901234567901,0.5378787878787878,0.0675267999904463
32,0.001,64,GELU,500,0.5115446779034865,0.4567901234567901,0.5378787878787878,0.0887514999922132
32,0.001,64,GELU,1000,0.5115446779034865,0.4567901234567901,0.5378787878787878,0.056756400008453
32,0.001,64,Softmax,50,0.5115446779034865,0.4567901234567901,0.5378787878787878,0.0676122000004397
32,0.001,64,Softmax,100,0.5115446779034865,0.4567901234567901,0.5378787878787878,0.0678562999964924
32,0.001,64,Softmax,300,0.5115446779034865,0.4567901234567901,0.5378787878787878,0.0677692000026581
32,0.001,64,Softmax,500,0.5115446779034865,0.4567901234567901,0.5378787878787878,0.0685011000023223
32,0.001,64,Softmax,1000,0.5115446779034865,0.4567901234567901,0.5378787878787878,0.0583321000012801
32,0.001,128,ReLU,50,0.4869545139690602,0.4177005789909015,0.5151515151515151,0.0569687999959569
32,0.001,128,ReLU,100,0.4869545139690602,0.4177005789909015,0.5151515151515151,0.0699252000049455
32,0.001,128,ReLU,300,0.4869545139690602,0.4177005789909015,0.5151515151515151,0.0579199000057997
32,0.001,128,ReLU,500,0.4869545139690602,0.4177005789909015,0.5151515151515151,0.058576900002663
32,0.001,128,ReLU,1000,0.4869545139690602,0.4177005789909015,0.5151515151515151,0.0569440999970538
32,0.001,128,Tanh,50,0.5780420226275687,0.5778824350252922,0.5833333333333334,0.036000399995828
32,0.001,128,Tanh,100,0.5780420226275687,0.5778824350252922,0.5833333333333334,0.0363511999894399
32,0.001,128,Tanh,300,0.5780420226275687,0.5778824350252922,0.5833333333333334,0.0467814000003272
32,0.001,128,Tanh,500,0.5780420226275687,0.5778824350252922,0.5833333333333334,0.0361134999984642
32,0.001,128,Tanh,1000,0.5780420226275687,0.5778824350252922,0.5833333333333334,0.0467671999940648
32,0.001,128,Sigmoid,50,0.5,0.3497536945812808,0.5378787878787878,0.0370143000036478
32,0.001,128,Sigmoid,100,0.5,0.3497536945812808,0.5378787878787878,0.0371776000101817
32,0.001,128,Sigmoid,300,0.5,0.3497536945812808,0.5378787878787878,0.0375540999957593
32,0.001,128,Sigmoid,500,0.5,0.3497536945812808,0.5378787878787878,0.0355110999953467
32,0.001,128,Sigmoid,1000,0.5,0.3497536945812808,0.5378787878787878,0.0361426000017672
32,0.001,128,GELU,50,0.4869545139690602,0.4177005789909015,0.5151515151515151,0.0581152000086149
32,0.001,128,GELU,100,0.4869545139690602,0.4177005789909015,0.5151515151515151,0.0469823000021278
32,0.001,128,GELU,300,0.4869545139690602,0.4177005789909015,0.5151515151515151,0.0456168999953661
32,0.001,128,GELU,500,0.4869545139690602,0.4177005789909015,0.5151515151515151,0.0587888000009115
32,0.001,128,GELU,1000,0.4869545139690602,0.4177005789909015,0.5151515151515151,0.0756013000063831
32,0.001,128,Softmax,50,0.4869545139690602,0.4177005789909015,0.5151515151515151,0.0569109999923966
32,0.001,128,Softmax,100,0.4869545139690602,0.4177005789909015,0.5151515151515151,0.046789500003797
32,0.001,128,Softmax,300,0.4869545139690602,0.4177005789909015,0.5151515151515151,0.0484204000094905
32,0.001,128,Softmax,500,0.4869545139690602,0.4177005789909015,0.5151515151515151,0.0466793000086909
32,0.001,128,Softmax,1000,0.4869545139690602,0.4177005789909015,0.5151515151515151,0.0567453000112436
32,0.0001,8,ReLU,50,0.4928422996998384,0.4133333333333333,0.5227272727272727,0.0991848000121535
32,0.0001,8,ReLU,100,0.4928422996998384,0.4133333333333333,0.5227272727272727,0.1196524999977555
32,0.0001,8,ReLU,300,0.4928422996998384,0.4133333333333333,0.5227272727272727,0.0885610999976052
32,0.0001,8,ReLU,500,0.4928422996998384,0.4133333333333333,0.5227272727272727,0.0882779999956255
32,0.0001,8,ReLU,1000,0.4928422996998384,0.4133333333333333,0.5227272727272727,0.1089721000025747
32,0.0001,8,Tanh,50,0.5498730085430616,0.5499046408137317,0.553030303030303,0.1085781000001588
32,0.0001,8,Tanh,100,0.5498730085430616,0.5499046408137317,0.553030303030303,0.1090175999997882
32,0.0001,8,Tanh,300,0.5498730085430616,0.5499046408137317,0.553030303030303,0.1184169000043766
32,0.0001,8,Tanh,500,0.5498730085430616,0.5499046408137317,0.553030303030303,0.1185866000014357
32,0.0001,8,Tanh,1000,0.5498730085430616,0.5499046408137317,0.553030303030303,0.11895160000131
32,0.0001,8,Sigmoid,50,0.5,0.3497536945812808,0.5378787878787878,0.0878320999909192
32,0.0001,8,Sigmoid,100,0.5,0.3497536945812808,0.5378787878787878,0.0899089000013191
32,0.0001,8,Sigmoid,300,0.5,0.3497536945812808,0.5378787878787878,0.0893025999976089
32,0.0001,8,Sigmoid,500,0.5,0.3497536945812808,0.5378787878787878,0.088978899992071
32,0.0001,8,Sigmoid,1000,0.5,0.3497536945812808,0.5378787878787878,0.0903218000021297
32,0.0001,8,GELU,50,0.4928422996998384,0.4133333333333333,0.5227272727272727,0.1103594000014709
32,0.0001,8,GELU,100,0.4928422996998384,0.4133333333333333,0.5227272727272727,0.1185830000031273
32,0.0001,8,GELU,300,0.4928422996998384,0.4133333333333333,0.5227272727272727,0.11937119999493
32,0.0001,8,GELU,500,0.4928422996998384,0.4133333333333333,0.5227272727272727,0.1192388000054052
32,0.0001,8,GELU,1000,0.4928422996998384,0.4133333333333333,0.5227272727272727,0.0997089000011328
32,0.0001,8,Softmax,50,0.4928422996998384,0.4133333333333333,0.5227272727272727,0.099114600001485
32,0.0001,8,Softmax,100,0.4928422996998384,0.4133333333333333,0.5227272727272727,0.0974650999996811
32,0.0001,8,Softmax,300,0.4928422996998384,0.4133333333333333,0.5227272727272727,0.1087928000051761
32,0.0001,8,Softmax,500,0.4928422996998384,0.4133333333333333,0.5227272727272727,0.1097624000103678
32,0.0001,8,Softmax,1000,0.4928422996998384,0.4133333333333333,0.5227272727272727,0.1092829999979585
32,0.0001,16,ReLU,50,0.4928422996998384,0.4133333333333333,0.5227272727272727,0.0669971000024816
32,0.0001,16,ReLU,100,0.4928422996998384,0.4133333333333333,0.5227272727272727,0.0672409999970113
32,0.0001,16,ReLU,300,0.4928422996998384,0.4133333333333333,0.5227272727272727,0.0681009999971138
32,0.0001,16,ReLU,500,0.4928422996998384,0.4133333333333333,0.5227272727272727,0.0774505000008503
32,0.0001,16,ReLU,1000,0.4928422996998384,0.4133333333333333,0.5227272727272727,0.0677649999997811
32,0.0001,16,Tanh,50,0.5498730085430616,0.5499046408137317,0.553030303030303,0.0573584999947343
32,0.0001,16,Tanh,100,0.5498730085430616,0.5499046408137317,0.553030303030303,0.0578385000117123
32,0.0001,16,Tanh,300,0.5498730085430616,0.5499046408137317,0.553030303030303,0.0690949999989243
32,0.0001,16,Tanh,500,0.5498730085430616,0.5499046408137317,0.553030303030303,0.0571399000036763
32,0.0001,16,Tanh,1000,0.5498730085430616,0.5499046408137317,0.553030303030303,0.0677077000000281
32,0.0001,16,Sigmoid,50,0.5,0.3497536945812808,0.5378787878787878,0.0566934999951627
32,0.0001,16,Sigmoid,100,0.5,0.3497536945812808,0.5378787878787878,0.0574603999993996
32,0.0001,16,Sigmoid,300,0.5,0.3497536945812808,0.5378787878787878,0.0687261999992188
32,0.0001,16,Sigmoid,500,0.5,0.3497536945812808,0.5378787878787878,0.0573467999929562
32,0.0001,16,Sigmoid,1000,0.5,0.3497536945812808,0.5378787878787878,0.0692323999974178
32,0.0001,16,GELU,50,0.4928422996998384,0.4133333333333333,0.5227272727272727,0.0680530999961774
32,0.0001,16,GELU,100,0.4928422996998384,0.4133333333333333,0.5227272727272727,0.067900300011388
32,0.0001,16,GELU,300,0.4928422996998384,0.4133333333333333,0.5227272727272727,0.0569021999981487
32,0.0001,16,GELU,500,0.4928422996998384,0.4133333333333333,0.5227272727272727,0.0786076999938814
32,0.0001,16,GELU,1000,0.4928422996998384,0.4133333333333333,0.5227272727272727,0.0679252999980235
32,0.0001,16,Softmax,50,0.4928422996998384,0.4133333333333333,0.5227272727272727,0.0681785000051604
32,0.0001,16,Softmax,100,0.4928422996998384,0.4133333333333333,0.5227272727272727,0.0688960999978007
32,0.0001,16,Softmax,300,0.4928422996998384,0.4133333333333333,0.5227272727272727,0.0793143999908352
32,0.0001,16,Softmax,500,0.4928422996998384,0.4133333333333333,0.5227272727272727,0.0686725999985355
32,0.0001,16,Softmax,1000,0.4928422996998384,0.4133333333333333,0.5227272727272727,0.0800945999944815
32,0.0001,32,ReLU,50,0.4928422996998384,0.4133333333333333,0.5227272727272727,0.0472301999980118
32,0.0001,32,ReLU,100,0.4928422996998384,0.4133333333333333,0.5227272727272727,0.0583091999869793
32,0.0001,32,ReLU,300,0.4928422996998384,0.4133333333333333,0.5227272727272727,0.0473452000005636
32,0.0001,32,ReLU,500,0.4928422996998384,0.4133333333333333,0.5227272727272727,0.0481202000082703
32,0.0001,32,ReLU,1000,0.4928422996998384,0.4133333333333333,0.5227272727272727,0.0641548999992664
32,0.0001,32,Tanh,50,0.5498730085430616,0.5499046408137317,0.553030303030303,0.0547660000011092
32,0.0001,32,Tanh,100,0.5498730085430616,0.5499046408137317,0.553030303030303,0.0477130999934161
32,0.0001,32,Tanh,300,0.5498730085430616,0.5499046408137317,0.553030303030303,0.0482359999878099
32,0.0001,32,Tanh,500,0.5498730085430616,0.5499046408137317,0.553030303030303,0.0581970999919576
32,0.0001,32,Tanh,1000,0.5498730085430616,0.5499046408137317,0.553030303030303,0.0483054999931482
32,0.0001,32,Sigmoid,50,0.5,0.3497536945812808,0.5378787878787878,0.0473434000014094
32,0.0001,32,Sigmoid,100,0.5,0.3497536945812808,0.5378787878787878,0.0483035000070231
32,0.0001,32,Sigmoid,300,0.5,0.3497536945812808,0.5378787878787878,0.0479851999989477
32,0.0001,32,Sigmoid,500,0.5,0.3497536945812808,0.5378787878787878,0.047674299989012
32,0.0001,32,Sigmoid,1000,0.5,0.3497536945812808,0.5378787878787878,0.0484198999911313
32,0.0001,32,GELU,50,0.4928422996998384,0.4133333333333333,0.5227272727272727,0.0476046999974641
32,0.0001,32,GELU,100,0.4928422996998384,0.4133333333333333,0.5227272727272727,0.0468561000016052
32,0.0001,32,GELU,300,0.4928422996998384,0.4133333333333333,0.5227272727272727,0.0489567999902647
32,0.0001,32,GELU,500,0.4928422996998384,0.4133333333333333,0.5227272727272727,0.0476687000045785
32,0.0001,32,GELU,1000,0.4928422996998384,0.4133333333333333,0.5227272727272727,0.0582492999965325
32,0.0001,32,Softmax,50,0.4928422996998384,0.4133333333333333,0.5227272727272727,0.0479560999956447
32,0.0001,32,Softmax,100,0.4928422996998384,0.4133333333333333,0.5227272727272727,0.0483911999908741
32,0.0001,32,Softmax,300,0.4928422996998384,0.4133333333333333,0.5227272727272727,0.0469577000039862
32,0.0001,32,Softmax,500,0.4928422996998384,0.4133333333333333,0.5227272727272727,0.0479975000052945
32,0.0001,32,Softmax,1000,0.4928422996998384,0.4133333333333333,0.5227272727272727,0.0478287000005366
32,0.0001,64,ReLU,50,0.4928422996998384,0.4133333333333333,0.5227272727272727,0.0360463999968487
32,0.0001,64,ReLU,100,0.4928422996998384,0.4133333333333333,0.5227272727272727,0.0358567999937804
32,0.0001,64,ReLU,300,0.4928422996998384,0.4133333333333333,0.5227272727272727,0.0469277999945916
32,0.0001,64,ReLU,500,0.4928422996998384,0.4133333333333333,0.5227272727272727,0.0476683000015327
32,0.0001,64,ReLU,1000,0.4928422996998384,0.4133333333333333,0.5227272727272727,0.0368195000046398
32,0.0001,64,Tanh,50,0.5498730085430616,0.5499046408137317,0.553030303030303,0.0365302999998675
32,0.0001,64,Tanh,100,0.5498730085430616,0.5499046408137317,0.553030303030303,0.0346231000003172
32,0.0001,64,Tanh,300,0.5498730085430616,0.5499046408137317,0.553030303030303,0.046100599996862
32,0.0001,64,Tanh,500,0.5498730085430616,0.5499046408137317,0.553030303030303,0.036928400004399
32,0.0001,64,Tanh,1000,0.5498730085430616,0.5499046408137317,0.553030303030303,0.0365693000057945
32,0.0001,64,Sigmoid,50,0.5,0.3497536945812808,0.5378787878787878,0.0353861000039614
32,0.0001,64,Sigmoid,100,0.5,0.3497536945812808,0.5378787878787878,0.0472538000030908
32,0.0001,64,Sigmoid,300,0.5,0.3497536945812808,0.5378787878787878,0.0370514000096591
32,0.0001,64,Sigmoid,500,0.5,0.3497536945812808,0.5378787878787878,0.0471131000085733
32,0.0001,64,Sigmoid,1000,0.5,0.3497536945812808,0.5378787878787878,0.0470441999932518
32,0.0001,64,GELU,50,0.4928422996998384,0.4133333333333333,0.5227272727272727,0.0354234999977052
32,0.0001,64,GELU,100,0.4928422996998384,0.4133333333333333,0.5227272727272727,0.0363060000090627
32,0.0001,64,GELU,300,0.4928422996998384,0.4133333333333333,0.5227272727272727,0.0358118000003742
32,0.0001,64,GELU,500,0.4928422996998384,0.4133333333333333,0.5227272727272727,0.0370605999924009
32,0.0001,64,GELU,1000,0.4928422996998384,0.4133333333333333,0.5227272727272727,0.0360510000027716
32,0.0001,64,Softmax,50,0.4928422996998384,0.4133333333333333,0.5227272727272727,0.0351359999913256
32,0.0001,64,Softmax,100,0.4928422996998384,0.4133333333333333,0.5227272727272727,0.035936500004027
32,0.0001,64,Softmax,300,0.4928422996998384,0.4133333333333333,0.5227272727272727,0.0470812999992631
32,0.0001,64,Softmax,500,0.4928422996998384,0.4133333333333333,0.5227272727272727,0.0359590000007301
32,0.0001,64,Softmax,1000,0.4928422996998384,0.4133333333333333,0.5227272727272727,0.0473575000069104
32,0.0001,128,ReLU,50,0.4928422996998384,0.4133333333333333,0.5227272727272727,0.0359720999986166
32,0.0001,128,ReLU,100,0.4928422996998384,0.4133333333333333,0.5227272727272727,0.0348799000057624
32,0.0001,128,ReLU,300,0.4928422996998384,0.4133333333333333,0.5227272727272727,0.0348378999915439
32,0.0001,128,ReLU,500,0.4928422996998384,0.4133333333333333,0.5227272727272727,0.0361448999901767
32,0.0001,128,ReLU,1000,0.4928422996998384,0.4133333333333333,0.5227272727272727,0.0367764000111492
32,0.0001,128,Tanh,50,0.5498730085430616,0.5499046408137317,0.553030303030303,0.0350642999983392
32,0.0001,128,Tanh,100,0.5498730085430616,0.5499046408137317,0.553030303030303,0.0345675999997183
32,0.0001,128,Tanh,300,0.5498730085430616,0.5499046408137317,0.553030303030303,0.0355226000101538
32,0.0001,128,Tanh,500,0.5498730085430616,0.5499046408137317,0.553030303030303,0.0367957999987993
32,0.0001,128,Tanh,1000,0.5498730085430616,0.5499046408137317,0.553030303030303,0.0362266999873099
32,0.0001,128,Sigmoid,50,0.5,0.3497536945812808,0.5378787878787878,0.0352176000014878
32,0.0001,128,Sigmoid,100,0.5,0.3497536945812808,0.5378787878787878,0.0361134999984642
32,0.0001,128,Sigmoid,300,0.5,0.3497536945812808,0.5378787878787878,0.0357154999946942
32,0.0001,128,Sigmoid,500,0.5,0.3497536945812808,0.5378787878787878,0.0350563999963924
32,0.0001,128,Sigmoid,1000,0.5,0.3497536945812808,0.5378787878787878,0.0356576000049244
32,0.0001,128,GELU,50,0.4928422996998384,0.4133333333333333,0.5227272727272727,0.0354674999980488
32,0.0001,128,GELU,100,0.4928422996998384,0.4133333333333333,0.5227272727272727,0.035146900001564
32,0.0001,128,GELU,300,0.4928422996998384,0.4133333333333333,0.5227272727272727,0.0362634999910369
32,0.0001,128,GELU,500,0.4928422996998384,0.4133333333333333,0.5227272727272727,0.0352660000062314
32,0.0001,128,GELU,1000,0.4928422996998384,0.4133333333333333,0.5227272727272727,0.0358309000002918
32,0.0001,128,Softmax,50,0.4928422996998384,0.4133333333333333,0.5227272727272727,0.0349267999990843
32,0.0001,128,Softmax,100,0.4928422996998384,0.4133333333333333,0.5227272727272727,0.0354813000012654
32,0.0001,128,Softmax,300,0.4928422996998384,0.4133333333333333,0.5227272727272727,0.0360681999882217
32,0.0001,128,Softmax,500,0.4928422996998384,0.4133333333333333,0.5227272727272727,0.0353734999953303
32,0.0001,128,Softmax,1000,0.4928422996998384,0.4133333333333333,0.5227272727272727,0.037396899992018
32,0.00025,8,ReLU,50,0.4869545139690602,0.4177005789909015,0.5151515151515151,0.1195005000045057
32,0.00025,8,ReLU,100,0.4869545139690602,0.4177005789909015,0.5151515151515151,0.1299514999991515
32,0.00025,8,ReLU,300,0.4869545139690602,0.4177005789909015,0.5151515151515151,0.1289733000012347
32,0.00025,8,ReLU,500,0.4869545139690602,0.4177005789909015,0.5151515151515151,0.1303135000052862
32,0.00025,8,ReLU,1000,0.4869545139690602,0.4177005789909015,0.5151515151515151,0.1303444999939529
32,0.00025,8,Tanh,50,0.5768875548372201,0.5763058068281295,0.5833333333333334,0.1186469999956898
32,0.00025,8,Tanh,100,0.5768875548372201,0.5763058068281295,0.5833333333333334,0.1093470000050729
32,0.00025,8,Tanh,300,0.5768875548372201,0.5763058068281295,0.5833333333333334,0.1194429000024683
32,0.00025,8,Tanh,500,0.5768875548372201,0.5763058068281295,0.5833333333333334,0.1186524999939138
32,0.00025,8,Tanh,1000,0.5768875548372201,0.5763058068281295,0.5833333333333334,0.1178029000002425
32,0.00025,8,Sigmoid,50,0.5,0.3497536945812808,0.5378787878787878,0.0875379000062821
32,0.00025,8,Sigmoid,100,0.5,0.3497536945812808,0.5378787878787878,0.0886542000080226
32,0.00025,8,Sigmoid,300,0.5,0.3497536945812808,0.5378787878787878,0.0896355000004405
32,0.00025,8,Sigmoid,500,0.5,0.3497536945812808,0.5378787878787878,0.0891395000071497
32,0.00025,8,Sigmoid,1000,0.5,0.3497536945812808,0.5378787878787878,0.0888549999945098
32,0.00025,8,GELU,50,0.4869545139690602,0.4177005789909015,0.5151515151515151,0.1207410000060917
32,0.00025,8,GELU,100,0.4869545139690602,0.4177005789909015,0.5151515151515151,0.1300531000015325
32,0.00025,8,GELU,300,0.4869545139690602,0.4177005789909015,0.5151515151515151,0.1398520000075223
32,0.00025,8,GELU,500,0.4869545139690602,0.4177005789909015,0.5151515151515151,0.1511621000099694
32,0.00025,8,GELU,1000,0.4869545139690602,0.4177005789909015,0.5151515151515151,0.1301492000056896
32,0.00025,8,Softmax,50,0.4869545139690602,0.4177005789909015,0.5151515151515151,0.1301649999950314
32,0.00025,8,Softmax,100,0.4869545139690602,0.4177005789909015,0.5151515151515151,0.1404733999952441
32,0.00025,8,Softmax,300,0.4869545139690602,0.4177005789909015,0.5151515151515151,0.1410621999966679
32,0.00025,8,Softmax,500,0.4869545139690602,0.4177005789909015,0.5151515151515151,0.1298077999963425
32,0.00025,8,Softmax,1000,0.4869545139690602,0.4177005789909015,0.5151515151515151,0.1401052000001073
32,0.00025,16,ReLU,50,0.4776033248672361,0.3947089947089947,0.5075757575757576,0.066827300004661
32,0.00025,16,ReLU,100,0.4776033248672361,0.3947089947089947,0.5075757575757576,0.0785883999924408
32,0.00025,16,ReLU,300,0.4776033248672361,0.3947089947089947,0.5075757575757576,0.0677074999985052
32,0.00025,16,ReLU,500,0.4776033248672361,0.3947089947089947,0.5075757575757576,0.0891055000101914
32,0.00025,16,ReLU,1000,0.4776033248672361,0.3947089947089947,0.5075757575757576,0.0781675000034738
32,0.00025,16,Tanh,50,0.5780420226275687,0.5778824350252922,0.5833333333333334,0.0673590000078547
32,0.00025,16,Tanh,100,0.5780420226275687,0.5778824350252922,0.5833333333333334,0.0789626000041607
32,0.00025,16,Tanh,300,0.5780420226275687,0.5778824350252922,0.5833333333333334,0.0788269999902695
32,0.00025,16,Tanh,500,0.5780420226275687,0.5778824350252922,0.5833333333333334,0.0781877999979769
32,0.00025,16,Tanh,1000,0.5780420226275687,0.5778824350252922,0.5833333333333334,0.0890920999954687
32,0.00025,16,Sigmoid,50,0.5,0.3497536945812808,0.5378787878787878,0.0575242000049911
32,0.00025,16,Sigmoid,100,0.5,0.3497536945812808,0.5378787878787878,0.068745199998375
32,0.00025,16,Sigmoid,300,0.5,0.3497536945812808,0.5378787878787878,0.0696177000063471
32,0.00025,16,Sigmoid,500,0.5,0.3497536945812808,0.5378787878787878,0.0678493000013986
32,0.00025,16,Sigmoid,1000,0.5,0.3497536945812808,0.5378787878787878,0.0691459999943617
32,0.00025,16,GELU,50,0.4776033248672361,0.3947089947089947,0.5075757575757576,0.0874773999967146
32,0.00025,16,GELU,100,0.4776033248672361,0.3947089947089947,0.5075757575757576,0.0674930999957723
32,0.00025,16,GELU,300,0.4776033248672361,0.3947089947089947,0.5075757575757576,0.078288299991982
32,0.00025,16,GELU,500,0.4776033248672361,0.3947089947089947,0.5075757575757576,0.0787187999958405
32,0.00025,16,GELU,1000,0.4776033248672361,0.3947089947089947,0.5075757575757576,0.0884465999988606
32,0.00025,16,Softmax,50,0.4776033248672361,0.3947089947089947,0.5075757575757576,0.0884432000020751
32,0.00025,16,Softmax,100,0.4776033248672361,0.3947089947089947,0.5075757575757576,0.0878913000051397
32,0.00025,16,Softmax,300,0.4776033248672361,0.3947089947089947,0.5075757575757576,0.0891487000044435
32,0.00025,16,Softmax,500,0.4776033248672361,0.3947089947089947,0.5075757575757576,0.1103597000037552
32,0.00025,16,Softmax,1000,0.4776033248672361,0.3947089947089947,0.5075757575757576,0.1085223000118276
32,0.00025,32,ReLU,50,0.4858000461787116,0.4087346024636058,0.5151515151515151,0.0570979000040097
32,0.00025,32,ReLU,100,0.4858000461787116,0.4087346024636058,0.5151515151515151,0.0578567999909864
32,0.00025,32,ReLU,300,0.4858000461787116,0.4087346024636058,0.5151515151515151,0.0448743000015383
32,0.00025,32,ReLU,500,0.4858000461787116,0.4087346024636058,0.5151515151515151,0.0672111000021686
32,0.00025,32,ReLU,1000,0.4858000461787116,0.4087346024636058,0.5151515151515151,0.0581993000087095
32,0.00025,32,Tanh,50,0.5498730085430616,0.5499046408137317,0.553030303030303,0.0576686999993398
32,0.00025,32,Tanh,100,0.5498730085430616,0.5499046408137317,0.553030303030303,0.0575670999969588
32,0.00025,32,Tanh,300,0.5498730085430616,0.5499046408137317,0.553030303030303,0.0929183000116609
32,0.00025,32,Tanh,500,0.5498730085430616,0.5499046408137317,0.553030303030303,0.0557673000002978
32,0.00025,32,Tanh,1000,0.5498730085430616,0.5499046408137317,0.553030303030303,0.0462253000005148
32,0.00025,32,Sigmoid,50,0.5,0.3497536945812808,0.5378787878787878,0.0584957000100985
32,0.00025,32,Sigmoid,100,0.5,0.3497536945812808,0.5378787878787878,0.0471819999947911
32,0.00025,32,Sigmoid,300,0.5,0.3497536945812808,0.5378787878787878,0.0589149000006727
32,0.00025,32,Sigmoid,500,0.5,0.3497536945812808,0.5378787878787878,0.047622300000512
32,0.00025,32,Sigmoid,1000,0.5,0.3497536945812808,0.5378787878787878,0.0578908000024966
32,0.00025,32,GELU,50,0.4858000461787116,0.4087346024636058,0.5151515151515151,0.0576648000132991
32,0.00025,32,GELU,100,0.4858000461787116,0.4087346024636058,0.5151515151515151,0.0585978000017348
32,0.00025,32,GELU,300,0.4858000461787116,0.4087346024636058,0.5151515151515151,0.0582151999988127
32,0.00025,32,GELU,500,0.4858000461787116,0.4087346024636058,0.5151515151515151,0.068168700003298
32,0.00025,32,GELU,1000,0.4858000461787116,0.4087346024636058,0.5151515151515151,0.0574622000131057
32,0.00025,32,Softmax,50,0.4858000461787116,0.4087346024636058,0.5151515151515151,0.0585169999976642
32,0.00025,32,Softmax,100,0.4858000461787116,0.4087346024636058,0.5151515151515151,0.0582562999916262
32,0.00025,32,Softmax,300,0.4858000461787116,0.4087346024636058,0.5151515151515151,0.0602736000000732
32,0.00025,32,Softmax,500,0.4858000461787116,0.4087346024636058,0.5151515151515151,0.0579832999937934
32,0.00025,32,Softmax,1000,0.4858000461787116,0.4087346024636058,0.5151515151515151,0.0575354000029619
32,0.00025,64,ReLU,50,0.4928422996998384,0.4133333333333333,0.5227272727272727,0.046003199997358
32,0.00025,64,ReLU,100,0.4928422996998384,0.4133333333333333,0.5227272727272727,0.0462065000028815
32,0.00025,64,ReLU,300,0.4928422996998384,0.4133333333333333,0.5227272727272727,0.0469634000037331
32,0.00025,64,ReLU,500,0.4928422996998384,0.4133333333333333,0.5227272727272727,0.0467304000048898
32,0.00025,64,ReLU,1000,0.4928422996998384,0.4133333333333333,0.5227272727272727,0.047050199995283
32,0.00025,64,Tanh,50,0.5498730085430616,0.5499046408137317,0.553030303030303,0.0469082999916281
32,0.00025,64,Tanh,100,0.5498730085430616,0.5499046408137317,0.553030303030303,0.0368623999966075
32,0.00025,64,Tanh,300,0.5498730085430616,0.5499046408137317,0.553030303030303,0.0370890000049257
32,0.00025,64,Tanh,500,0.5498730085430616,0.5499046408137317,0.553030303030303,0.057922599997255
32,0.00025,64,Tanh,1000,0.5498730085430616,0.5499046408137317,0.553030303030303,0.050630199999432
32,0.00025,64,Sigmoid,50,0.5,0.3497536945812808,0.5378787878787878,0.0370952000084798
32,0.00025,64,Sigmoid,100,0.5,0.3497536945812808,0.5378787878787878,0.0480459999962477
32,0.00025,64,Sigmoid,300,0.5,0.3497536945812808,0.5378787878787878,0.0481106999941403
32,0.00025,64,Sigmoid,500,0.5,0.3497536945812808,0.5378787878787878,0.047399500006577
32,0.00025,64,Sigmoid,1000,0.5,0.3497536945812808,0.5378787878787878,0.0475527999951737
32,0.00025,64,GELU,50,0.4928422996998384,0.4133333333333333,0.5227272727272727,0.0480327999975997
32,0.00025,64,GELU,100,0.4928422996998384,0.4133333333333333,0.5227272727272727,0.0474537999980384
32,0.00025,64,GELU,300,0.4928422996998384,0.4133333333333333,0.5227272727272727,0.0471977999986847
32,0.00025,64,GELU,500,0.4928422996998384,0.4133333333333333,0.5227272727272727,0.0470639999984996
32,0.00025,64,GELU,1000,0.4928422996998384,0.4133333333333333,0.5227272727272727,0.0579280999954789
32,0.00025,64,Softmax,50,0.4928422996998384,0.4133333333333333,0.5227272727272727,0.0474992999952519
32,0.00025,64,Softmax,100,0.4928422996998384,0.4133333333333333,0.5227272727272727,0.048044099996332
32,0.00025,64,Softmax,300,0.4928422996998384,0.4133333333333333,0.5227272727272727,0.047748800003319
32,0.00025,64,Softmax,500,0.4928422996998384,0.4133333333333333,0.5227272727272727,0.0470307000068714
32,0.00025,64,Softmax,1000,0.4928422996998384,0.4133333333333333,0.5227272727272727,0.0475114000000758
32,0.00025,128,ReLU,50,0.4928422996998384,0.4133333333333333,0.5227272727272727,0.0356991000007838
32,0.00025,128,ReLU,100,0.4928422996998384,0.4133333333333333,0.5227272727272727,0.0356610000017099
32,0.00025,128,ReLU,300,0.4928422996998384,0.4133333333333333,0.5227272727272727,0.035978600004455
32,0.00025,128,ReLU,500,0.4928422996998384,0.4133333333333333,0.5227272727272727,0.0361509000067599
32,0.00025,128,ReLU,1000,0.4928422996998384,0.4133333333333333,0.5227272727272727,0.0383889000077033
32,0.00025,128,Tanh,50,0.5498730085430616,0.5499046408137317,0.553030303030303,0.0362774000095669
32,0.00025,128,Tanh,100,0.5498730085430616,0.5499046408137317,0.553030303030303,0.0363588999898638
32,0.00025,128,Tanh,300,0.5498730085430616,0.5499046408137317,0.553030303030303,0.0368753999937325
32,0.00025,128,Tanh,500,0.5498730085430616,0.5499046408137317,0.553030303030303,0.0364696000033291
32,0.00025,128,Tanh,1000,0.5498730085430616,0.5499046408137317,0.553030303030303,0.0364032999932533
32,0.00025,128,Sigmoid,50,0.5,0.3497536945812808,0.5378787878787878,0.0357911000028252
32,0.00025,128,Sigmoid,100,0.5,0.3497536945812808,0.5378787878787878,0.0379222000046866
32,0.00025,128,Sigmoid,300,0.5,0.3497536945812808,0.5378787878787878,0.0363357000023825
32,0.00025,128,Sigmoid,500,0.5,0.3497536945812808,0.5378787878787878,0.0367569000081857
32,0.00025,128,Sigmoid,1000,0.5,0.3497536945812808,0.5378787878787878,0.0372263999888673
32,0.00025,128,GELU,50,0.4928422996998384,0.4133333333333333,0.5227272727272727,0.035926800002926
32,0.00025,128,GELU,100,0.4928422996998384,0.4133333333333333,0.5227272727272727,0.034956699993927
32,0.00025,128,GELU,300,0.4928422996998384,0.4133333333333333,0.5227272727272727,0.0360985000006621
32,0.00025,128,GELU,500,0.4928422996998384,0.4133333333333333,0.5227272727272727,0.0360431000008247
32,0.00025,128,GELU,1000,0.4928422996998384,0.4133333333333333,0.5227272727272727,0.0364868000033311
32,0.00025,128,Softmax,50,0.4928422996998384,0.4133333333333333,0.5227272727272727,0.035948400007328
32,0.00025,128,Softmax,100,0.4928422996998384,0.4133333333333333,0.5227272727272727,0.0358143000048585
32,0.00025,128,Softmax,300,0.4928422996998384,0.4133333333333333,0.5227272727272727,0.0479973000037716
32,0.00025,128,Softmax,500,0.4928422996998384,0.4133333333333333,0.5227272727272727,0.0361263000086182
32,0.00025,128,Softmax,1000,0.4928422996998384,0.4133333333333333,0.5227272727272727,0.035836900002323
64,0.01,8,ReLU,50,0.687139228815516,0.6866096866096867,0.696969696969697,0.1303907000110484
64,0.01,8,ReLU,100,0.687139228815516,0.6866096866096867,0.696969696969697,0.1215518999961204
64,0.01,8,ReLU,300,0.687139228815516,0.6866096866096867,0.696969696969697,0.1414482999971369
64,0.01,8,ReLU,500,0.687139228815516,0.6866096866096867,0.696969696969697,0.1601733999996213
64,0.01,8,ReLU,1000,0.687139228815516,0.6866096866096867,0.696969696969697,0.140265800000634
64,0.01,8,Tanh,50,0.6989148002770722,0.6964415395787944,0.7121212121212122,0.1191384999983711
64,0.01,8,Tanh,100,0.6989148002770722,0.6964415395787944,0.7121212121212122,0.1201807000034023
64,0.01,8,Tanh,300,0.6989148002770722,0.6964415395787944,0.7121212121212122,0.1127666999964276
64,0.01,8,Tanh,500,0.6989148002770722,0.6964415395787944,0.7121212121212122,0.0980263999954331
64,0.01,8,Tanh,1000,0.6989148002770722,0.6964415395787944,0.7121212121212122,0.1095463000092422
64,0.01,8,Sigmoid,50,0.6684368506118679,0.6644880174291938,0.6818181818181818,0.1094765000016195
64,0.01,8,Sigmoid,100,0.6684368506118679,0.6644880174291938,0.6818181818181818,0.1203930000046966
64,0.01,8,Sigmoid,300,0.6684368506118679,0.6644880174291938,0.6818181818181818,0.1202787999936845
64,0.01,8,Sigmoid,500,0.6684368506118679,0.6644880174291938,0.6818181818181818,0.1088528999971458
64,0.01,8,Sigmoid,1000,0.6684368506118679,0.6644880174291938,0.6818181818181818,0.1302580000046873
64,0.01,8,GELU,50,0.687139228815516,0.6866096866096867,0.696969696969697,0.1493625000002794
64,0.01,8,GELU,100,0.687139228815516,0.6866096866096867,0.696969696969697,0.1405910000030417
64,0.01,8,GELU,300,0.687139228815516,0.6866096866096867,0.696969696969697,0.1194592999963788
64,0.01,8,GELU,500,0.687139228815516,0.6866096866096867,0.696969696969697,0.1197416000068187
64,0.01,8,GELU,1000,0.687139228815516,0.6866096866096867,0.696969696969697,0.1404429999965941
64,0.01,8,Softmax,50,0.687139228815516,0.6866096866096867,0.696969696969697,0.1411091000045417
64,0.01,8,Softmax,100,0.687139228815516,0.6866096866096867,0.696969696969697,0.129277700005332
64,0.01,8,Softmax,300,0.687139228815516,0.6866096866096867,0.696969696969697,0.1300139000086346
64,0.01,8,Softmax,500,0.687139228815516,0.6866096866096867,0.696969696969697,0.1202110000012908
64,0.01,8,Softmax,1000,0.687139228815516,0.6866096866096867,0.696969696969697,0.1403981000039493
64,0.01,16,ReLU,50,0.6448857076887555,0.6449122807017544,0.6515151515151515,0.0991598999971756
64,0.01,16,ReLU,100,0.6448857076887555,0.6449122807017544,0.6515151515151515,0.0867021000012755
64,0.01,16,ReLU,300,0.6448857076887555,0.6449122807017544,0.6515151515151515,0.087494899999001
64,0.01,16,ReLU,500,0.6448857076887555,0.6449122807017544,0.6515151515151515,0.0778849000053014
64,0.01,16,ReLU,1000,0.6448857076887555,0.6449122807017544,0.6515151515151515,0.0776634000067133
64,0.01,16,Tanh,50,0.6520434079889171,0.6458536585365854,0.6666666666666666,0.0661389000015333
64,0.01,16,Tanh,100,0.6520434079889171,0.6458536585365854,0.6666666666666666,0.056958700006362
64,0.01,16,Tanh,300,0.6520434079889171,0.6458536585365854,0.6666666666666666,0.067530699991039
64,0.01,16,Tanh,500,0.6520434079889171,0.6458536585365854,0.6666666666666666,0.0579876000119838
64,0.01,16,Tanh,1000,0.6520434079889171,0.6458536585365854,0.6666666666666666,0.0669057999912183
64,0.01,16,Sigmoid,50,0.6204109905333641,0.6105237275633144,0.6363636363636364,0.0775887000054353
64,0.01,16,Sigmoid,100,0.6204109905333641,0.6105237275633144,0.6363636363636364,0.079029200001969
64,0.01,16,Sigmoid,300,0.6204109905333641,0.6105237275633144,0.6363636363636364,0.0888105000049108
64,0.01,16,Sigmoid,500,0.6204109905333641,0.6105237275633144,0.6363636363636364,0.0674165999953402
64,0.01,16,Sigmoid,1000,0.6204109905333641,0.6105237275633144,0.6363636363636364,0.0784973999980138
64,0.01,16,GELU,50,0.6448857076887555,0.6449122807017544,0.6515151515151515,0.0776852999988477
64,0.01,16,GELU,100,0.6448857076887555,0.6449122807017544,0.6515151515151515,0.0768961000139825
64,0.01,16,GELU,300,0.6448857076887555,0.6449122807017544,0.6515151515151515,0.0876006000034976
64,0.01,16,GELU,500,0.6448857076887555,0.6449122807017544,0.6515151515151515,0.0882665999961318
64,0.01,16,GELU,1000,0.6448857076887555,0.6449122807017544,0.6515151515151515,0.0779728999914368
64,0.01,16,Softmax,50,0.6448857076887555,0.6449122807017544,0.6515151515151515,0.0773397000011755
64,0.01,16,Softmax,100,0.6448857076887555,0.6449122807017544,0.6515151515151515,0.0771397999924374
64,0.01,16,Softmax,300,0.6448857076887555,0.6449122807017544,0.6515151515151515,0.0875787000113632
64,0.01,16,Softmax,500,0.6448857076887555,0.6449122807017544,0.6515151515151515,0.0876396999956341
64,0.01,16,Softmax,1000,0.6448857076887555,0.6449122807017544,0.6515151515151515,0.0871879999904194
64,0.01,32,ReLU,50,0.6096744400831217,0.6098522167487684,0.6136363636363636,0.0453656000026967
64,0.01,32,ReLU,100,0.6096744400831217,0.6098522167487684,0.6136363636363636,0.0568367000087164
64,0.01,32,ReLU,300,0.6096744400831217,0.6098522167487684,0.6136363636363636,0.05776130000595
64,0.01,32,ReLU,500,0.6096744400831217,0.6098522167487684,0.6136363636363636,0.0473440999921876
64,0.01,32,ReLU,1000,0.6096744400831217,0.6098522167487684,0.6136363636363636,0.0584022000111872
64,0.01,32,Tanh,50,0.6366889863772801,0.6364062591572408,0.6439393939393939,0.0460448000085307
64,0.01,32,Tanh,100,0.6366889863772801,0.6364062591572408,0.6439393939393939,0.0467649000056553
64,0.01,32,Tanh,300,0.6366889863772801,0.6364062591572408,0.6439393939393939,0.0586588000005576
64,0.01,32,Tanh,500,0.6366889863772801,0.6364062591572408,0.6439393939393939,0.0462894000083906
64,0.01,32,Tanh,1000,0.6366889863772801,0.6364062591572408,0.6439393939393939,0.0456396999943535
64,0.01,32,Sigmoid,50,0.5544908797044562,0.5527993109388458,0.553030303030303,0.0674774999934015
64,0.01,32,Sigmoid,100,0.5544908797044562,0.5527993109388458,0.553030303030303,0.056672199993045
64,0.01,32,Sigmoid,300,0.5544908797044562,0.5527993109388458,0.553030303030303,0.0575131000077817
64,0.01,32,Sigmoid,500,0.5544908797044562,0.5527993109388458,0.553030303030303,0.0571955999912461
64,0.01,32,Sigmoid,1000,0.5544908797044562,0.5527993109388458,0.553030303030303,0.0569096999970497
64,0.01,32,GELU,50,0.6096744400831217,0.6098522167487684,0.6136363636363636,0.0675650000048335
64,0.01,32,GELU,100,0.6096744400831217,0.6098522167487684,0.6136363636363636,0.0671433999959845
64,0.01,32,GELU,300,0.6096744400831217,0.6098522167487684,0.6136363636363636,0.0458625000028405
64,0.01,32,GELU,500,0.6096744400831217,0.6098522167487684,0.6136363636363636,0.0678508999990299
64,0.01,32,GELU,1000,0.6096744400831217,0.6098522167487684,0.6136363636363636,0.0465939000132493
64,0.01,32,Softmax,50,0.6096744400831217,0.6098522167487684,0.6136363636363636,0.0579739999957382
64,0.01,32,Softmax,100,0.6096744400831217,0.6098522167487684,0.6136363636363636,0.0465917000110494
64,0.01,32,Softmax,300,0.6096744400831217,0.6098522167487684,0.6136363636363636,0.0573450999945635
64,0.01,32,Softmax,500,0.6096744400831217,0.6098522167487684,0.6136363636363636,0.058038100003614
64,0.01,32,Softmax,1000,0.6096744400831217,0.6098522167487684,0.6136363636363636,0.0571750000090105
64,0.01,64,ReLU,50,0.5920110828907874,0.5905330882352942,0.5909090909090909,0.0463432999968063
64,0.01,64,ReLU,100,0.5920110828907874,0.5905330882352942,0.5909090909090909,0.0469681000104174
64,0.01,64,ReLU,300,0.5920110828907874,0.5905330882352942,0.5909090909090909,0.0454286000021966
64,0.01,64,ReLU,500,0.5920110828907874,0.5905330882352942,0.5909090909090909,0.0475862999883247
64,0.01,64,ReLU,1000,0.5920110828907874,0.5905330882352942,0.5909090909090909,0.0469417999993311
64,0.01,64,Tanh,50,0.6588547679519741,0.6581294964028777,0.6590909090909091,0.0461738000012701
64,0.01,64,Tanh,100,0.6588547679519741,0.6581294964028777,0.6590909090909091,0.0461170000053243
64,0.01,64,Tanh,300,0.6588547679519741,0.6581294964028777,0.6590909090909091,0.0475207999988924
64,0.01,64,Tanh,500,0.6588547679519741,0.6581294964028777,0.6590909090909091,0.0475774999940767
64,0.01,64,Tanh,1000,0.6588547679519741,0.6581294964028777,0.6590909090909091,0.0468923000007635
64,0.01,64,Sigmoid,50,0.6320711152158854,0.6283917340521115,0.6439393939393939,0.0473369000101229
64,0.01,64,Sigmoid,100,0.6320711152158854,0.6283917340521115,0.6439393939393939,0.0576227999990806
64,0.01,64,Sigmoid,300,0.6320711152158854,0.6283917340521115,0.6439393939393939,0.0450339000090025
64,0.01,64,Sigmoid,500,0.6320711152158854,0.6283917340521115,0.6439393939393939,0.0569850000028964
64,0.01,64,Sigmoid,1000,0.6320711152158854,0.6283917340521115,0.6439393939393939,0.0472229000006336
64,0.01,64,GELU,50,0.5920110828907874,0.5905330882352942,0.5909090909090909,0.0465293000015663
64,0.01,64,GELU,100,0.5920110828907874,0.5905330882352942,0.5909090909090909,0.0453651000134414
64,0.01,64,GELU,300,0.5920110828907874,0.5905330882352942,0.5909090909090909,0.0456199999898672
64,0.01,64,GELU,500,0.5920110828907874,0.5905330882352942,0.5909090909090909,0.0454802000022027
64,0.01,64,GELU,1000,0.5920110828907874,0.5905330882352942,0.5909090909090909,0.0466955000010784
64,0.01,64,Softmax,50,0.5920110828907874,0.5905330882352942,0.5909090909090909,0.0471416999935172
64,0.01,64,Softmax,100,0.5920110828907874,0.5905330882352942,0.5909090909090909,0.0453027000039583
64,0.01,64,Softmax,300,0.5920110828907874,0.5905330882352942,0.5909090909090909,0.0461798000033013
64,0.01,64,Softmax,500,0.5920110828907874,0.5905330882352942,0.5909090909090909,0.0462638000026345
64,0.01,64,Softmax,1000,0.5920110828907874,0.5905330882352942,0.5909090909090909,0.0366405999957351
64,0.01,128,ReLU,50,0.5790810436388825,0.5757575757575758,0.5757575757575758,0.0355660999921383
64,0.01,128,ReLU,100,0.5790810436388825,0.5757575757575758,0.5757575757575758,0.0457384000037563
64,0.01,128,ReLU,300,0.5790810436388825,0.5757575757575758,0.5757575757575758,0.0467975999927148
64,0.01,128,ReLU,500,0.5790810436388825,0.5757575757575758,0.5757575757575758,0.035774300005869
64,0.01,128,ReLU,1000,0.5790810436388825,0.5757575757575758,0.5757575757575758,0.0360990000044694
64,0.01,128,Tanh,50,0.6308012006465019,0.6309412861136998,0.6363636363636364,0.0479103999969083
64,0.01,128,Tanh,100,0.6308012006465019,0.6309412861136998,0.6363636363636364,0.0474164000042947
64,0.01,128,Tanh,300,0.6308012006465019,0.6309412861136998,0.6363636363636364,0.0472835999971721
64,0.01,128,Tanh,500,0.6308012006465019,0.6309412861136998,0.6363636363636364,0.0472764000005554
64,0.01,128,Tanh,1000,0.6308012006465019,0.6309412861136998,0.6363636363636364,0.0469445999915478
64,0.01,128,Sigmoid,50,0.5535673054721774,0.5429751564113466,0.5681818181818182,0.0471335000038379
64,0.01,128,Sigmoid,100,0.5535673054721774,0.5429751564113466,0.5681818181818182,0.0453401000122539
64,0.01,128,Sigmoid,300,0.5535673054721774,0.5429751564113466,0.5681818181818182,0.0565870999998878
64,0.01,128,Sigmoid,500,0.5535673054721774,0.5429751564113466,0.5681818181818182,0.0474461999983759
64,0.01,128,Sigmoid,1000,0.5535673054721774,0.5429751564113466,0.5681818181818182,0.0459816999937174
64,0.01,128,GELU,50,0.5790810436388825,0.5757575757575758,0.5757575757575758,0.0369498999934876
64,0.01,128,GELU,100,0.5790810436388825,0.5757575757575758,0.5757575757575758,0.0356427000078838
64,0.01,128,GELU,300,0.5790810436388825,0.5757575757575758,0.5757575757575758,0.0355026000033831
64,0.01,128,GELU,500,0.5790810436388825,0.5757575757575758,0.5757575757575758,0.036914299998898
64,0.01,128,GELU,1000,0.5790810436388825,0.5757575757575758,0.5757575757575758,0.0354515000071842
64,0.01,128,Softmax,50,0.5790810436388825,0.5757575757575758,0.5757575757575758,0.035881399991922
64,0.01,128,Softmax,100,0.5790810436388825,0.5757575757575758,0.5757575757575758,0.0368364000023575
64,0.01,128,Softmax,300,0.5790810436388825,0.5757575757575758,0.5757575757575758,0.0356627999863121
64,0.01,128,Softmax,500,0.5790810436388825,0.5757575757575758,0.5757575757575758,0.0352935999981127
64,0.01,128,Softmax,1000,0.5790810436388825,0.5757575757575758,0.5757575757575758,0.0356475000007776
64,0.001,8,ReLU,50,0.5296698222119602,0.5037593984962406,0.5151515151515151,0.1207614000013563
64,0.001,8,ReLU,100,0.5296698222119602,0.5037593984962406,0.5151515151515151,0.1094159000058425
64,0.001,8,ReLU,300,0.5296698222119602,0.5037593984962406,0.5151515151515151,0.1087697000039042
64,0.001,8,ReLU,500,0.5296698222119602,0.5037593984962406,0.5151515151515151,0.1198007999919354
64,0.001,8,ReLU,1000,0.5296698222119602,0.5037593984962406,0.5151515151515151,0.1319851000007474
64,0.001,8,Tanh,50,0.5296698222119602,0.5037593984962406,0.5151515151515151,0.1194105000031413
64,0.001,8,Tanh,100,0.5296698222119602,0.5037593984962406,0.5151515151515151,0.1194390999880852
64,0.001,8,Tanh,300,0.5296698222119602,0.5037593984962406,0.5151515151515151,0.1276579999976093
64,0.001,8,Tanh,500,0.5296698222119602,0.5037593984962406,0.5151515151515151,0.118917900006636
64,0.001,8,Tanh,1000,0.5296698222119602,0.5037593984962406,0.5151515151515151,0.1097821000003023
64,0.001,8,Sigmoid,50,0.5210113137843454,0.4316573013208786,0.553030303030303,0.1738064000091981
64,0.001,8,Sigmoid,100,0.5210113137843454,0.4316573013208786,0.553030303030303,0.1512843999953474
64,0.001,8,Sigmoid,300,0.5210113137843454,0.4316573013208786,0.553030303030303,0.1726023999945027
64,0.001,8,Sigmoid,500,0.5210113137843454,0.4316573013208786,0.553030303030303,0.1617163000046275
64,0.001,8,Sigmoid,1000,0.5210113137843454,0.4316573013208786,0.553030303030303,0.1399535000091418
64,0.001,8,GELU,50,0.5296698222119602,0.5037593984962406,0.5151515151515151,0.1302686000126414
64,0.001,8,GELU,100,0.5296698222119602,0.5037593984962406,0.5151515151515151,0.1197770999860949
64,0.001,8,GELU,300,0.5296698222119602,0.5037593984962406,0.5151515151515151,0.1201709000015398
64,0.001,8,GELU,500,0.5296698222119602,0.5037593984962406,0.5151515151515151,0.1301683999918168
64,0.001,8,GELU,1000,0.5296698222119602,0.5037593984962406,0.5151515151515151,0.1314342999976361
64,0.001,8,Softmax,50,0.5296698222119602,0.5037593984962406,0.5151515151515151,0.1197992999950656
64,0.001,8,Softmax,100,0.5296698222119602,0.5037593984962406,0.5151515151515151,0.1205322000023443
64,0.001,8,Softmax,300,0.5296698222119602,0.5037593984962406,0.5151515151515151,0.1100642000092193
64,0.001,8,Softmax,500,0.5296698222119602,0.5037593984962406,0.5151515151515151,0.1318257000093581
64,0.001,8,Softmax,1000,0.5296698222119602,0.5037593984962406,0.5151515151515151,0.120416199992178
64,0.001,16,ReLU,50,0.5554144539367352,0.5206857551044705,0.5378787878787878,0.0998581999883754
64,0.001,16,ReLU,100,0.5554144539367352,0.5206857551044705,0.5378787878787878,0.0881770999985747
64,0.001,16,ReLU,300,0.5554144539367352,0.5206857551044705,0.5378787878787878,0.0991214999958174
64,0.001,16,ReLU,500,0.5554144539367352,0.5206857551044705,0.5378787878787878,0.0997558999952161
64,0.001,16,ReLU,1000,0.5554144539367352,0.5206857551044705,0.5378787878787878,0.0980211999994935
64,0.001,16,Tanh,50,0.5414453936735165,0.5249593684699326,0.5303030303030303,0.0987044000066816
64,0.001,16,Tanh,100,0.5414453936735165,0.5249593684699326,0.5303030303030303,0.0991522999975131
64,0.001,16,Tanh,300,0.5414453936735165,0.5249593684699326,0.5303030303030303,0.0983799999958137
64,0.001,16,Tanh,500,0.5414453936735165,0.5249593684699326,0.5303030303030303,0.089380200006417
64,0.001,16,Tanh,1000,0.5414453936735165,0.5249593684699326,0.5303030303030303,0.1008578000037232
64,0.001,16,Sigmoid,50,0.4929577464788732,0.3465346534653465,0.5303030303030303,0.0990883000049507
64,0.001,16,Sigmoid,100,0.4929577464788732,0.3465346534653465,0.5303030303030303,0.0879166000086115
64,0.001,16,Sigmoid,300,0.4929577464788732,0.3465346534653465,0.5303030303030303,0.0784249999996973
64,0.001,16,Sigmoid,500,0.4929577464788732,0.3465346534653465,0.5303030303030303,0.0679633000108879
64,0.001,16,Sigmoid,1000,0.4929577464788732,0.3465346534653465,0.5303030303030303,0.0680158000031951
64,0.001,16,GELU,50,0.5554144539367352,0.5206857551044705,0.5378787878787878,0.0669045000104233
64,0.001,16,GELU,100,0.5554144539367352,0.5206857551044705,0.5378787878787878,0.0783468000008724
64,0.001,16,GELU,300,0.5554144539367352,0.5206857551044705,0.5378787878787878,0.0789292999979807
64,0.001,16,GELU,500,0.5554144539367352,0.5206857551044705,0.5378787878787878,0.0888045000028796
64,0.001,16,GELU,1000,0.5554144539367352,0.5206857551044705,0.5378787878787878,0.0788548999989871
64,0.001,16,Softmax,50,0.5554144539367352,0.5206857551044705,0.5378787878787878,0.0794721999991452
64,0.001,16,Softmax,100,0.5554144539367352,0.5206857551044705,0.5378787878787878,0.0778578000026755
64,0.001,16,Softmax,300,0.5554144539367352,0.5206857551044705,0.5378787878787878,0.0675210000044899
64,0.001,16,Softmax,500,0.5554144539367352,0.5206857551044705,0.5378787878787878,0.0778464999893913
64,0.001,16,Softmax,1000,0.5554144539367352,0.5206857551044705,0.5378787878787878,0.0879414999944856
64,0.001,32,ReLU,50,0.5449087970445625,0.519266917293233,0.5303030303030303,0.0766132999997353
64,0.001,32,ReLU,100,0.5449087970445625,0.519266917293233,0.5303030303030303,0.0666437999898335
64,0.001,32,ReLU,300,0.5449087970445625,0.519266917293233,0.5303030303030303,0.0776765000045998
64,0.001,32,ReLU,500,0.5449087970445625,0.519266917293233,0.5303030303030303,0.0881127000029664
64,0.001,32,ReLU,1000,0.5449087970445625,0.519266917293233,0.5303030303030303,0.0772890999942319
64,0.001,32,Tanh,50,0.536712075733087,0.5126296665299186,0.5227272727272727,0.0786958999960916
64,0.001,32,Tanh,100,0.536712075733087,0.5126296665299186,0.5227272727272727,0.0679538000113098
64,0.001,32,Tanh,300,0.536712075733087,0.5126296665299186,0.5227272727272727,0.0675378999876556
64,0.001,32,Tanh,500,0.536712075733087,0.5126296665299186,0.5227272727272727,0.0791567999986
64,0.001,32,Tanh,1000,0.536712075733087,0.5126296665299186,0.5227272727272727,0.0678436000016518
64,0.001,32,Sigmoid,50,0.5093511891018241,0.38125,0.5454545454545454,0.0586934000020846
64,0.001,32,Sigmoid,100,0.5093511891018241,0.38125,0.5454545454545454,0.05757530000119
64,0.001,32,Sigmoid,300,0.5093511891018241,0.38125,0.5454545454545454,0.057923699991079
64,0.001,32,Sigmoid,500,0.5093511891018241,0.38125,0.5454545454545454,0.0580617000086931
64,0.001,32,Sigmoid,1000,0.5093511891018241,0.38125,0.5454545454545454,0.0571075000043492
64,0.001,32,GELU,50,0.5449087970445625,0.519266917293233,0.5303030303030303,0.0884080999967409
64,0.001,32,GELU,100,0.5449087970445625,0.519266917293233,0.5303030303030303,0.0666123999981209
64,0.001,32,GELU,300,0.5449087970445625,0.519266917293233,0.5303030303030303,0.0876944000046933
64,0.001,32,GELU,500,0.5449087970445625,0.519266917293233,0.5303030303030303,0.0879850999917835
64,0.001,32,GELU,1000,0.5449087970445625,0.519266917293233,0.5303030303030303,0.0768408000003546
64,0.001,32,Softmax,50,0.5449087970445625,0.519266917293233,0.5303030303030303,0.0783221000019693
64,0.001,32,Softmax,100,0.5449087970445625,0.519266917293233,0.5303030303030303,0.0794654000055743
64,0.001,32,Softmax,300,0.5449087970445625,0.519266917293233,0.5303030303030303,0.0679587999911746
64,0.001,32,Softmax,500,0.5449087970445625,0.519266917293233,0.5303030303030303,0.0788025999936508
64,0.001,32,Softmax,1000,0.5449087970445625,0.519266917293233,0.5303030303030303,0.0784055999974953
64,0.001,64,ReLU,50,0.5295543754329254,0.4747474747474747,0.5075757575757576,0.0560071000072639
64,0.001,64,ReLU,100,0.5295543754329254,0.4747474747474747,0.5075757575757576,0.0673136000114027
64,0.001,64,ReLU,300,0.5295543754329254,0.4747474747474747,0.5075757575757576,0.0679625999910058
64,0.001,64,ReLU,500,0.5295543754329254,0.4747474747474747,0.5075757575757576,0.0572814000042853
64,0.001,64,ReLU,1000,0.5295543754329254,0.4747474747474747,0.5075757575757576,0.0571981999964918
64,0.001,64,Tanh,50,0.5141999538212884,0.4136399268356415,0.4848484848484848,0.0571478999918326
64,0.001,64,Tanh,100,0.5141999538212884,0.4136399268356415,0.4848484848484848,0.0670828000002075
64,0.001,64,Tanh,300,0.5141999538212884,0.4136399268356415,0.4848484848484848,0.0567530999978771
64,0.001,64,Tanh,500,0.5141999538212884,0.4136399268356415,0.4848484848484848,0.0675876000022981
64,0.001,64,Tanh,1000,0.5141999538212884,0.4136399268356415,0.4848484848484848,0.056291400003829
64,0.001,64,Sigmoid,50,0.5,0.3497536945812808,0.5378787878787878,0.0450962000031722
64,0.001,64,Sigmoid,100,0.5,0.3497536945812808,0.5378787878787878,0.0364220000046771
64,0.001,64,Sigmoid,300,0.5,0.3497536945812808,0.5378787878787878,0.0368614000035449
64,0.001,64,Sigmoid,500,0.5,0.3497536945812808,0.5378787878787878,0.0364730000001145
64,0.001,64,Sigmoid,1000,0.5,0.3497536945812808,0.5378787878787878,0.046954999997979
64,0.001,64,GELU,50,0.5295543754329254,0.4747474747474747,0.5075757575757576,0.0681076000037137
64,0.001,64,GELU,100,0.5295543754329254,0.4747474747474747,0.5075757575757576,0.0673731999995652
64,0.001,64,GELU,300,0.5295543754329254,0.4747474747474747,0.5075757575757576,0.0573466999921947
64,0.001,64,GELU,500,0.5295543754329254,0.4747474747474747,0.5075757575757576,0.0674583000072743
64,0.001,64,GELU,1000,0.5295543754329254,0.4747474747474747,0.5075757575757576,0.0667461999983061
64,0.001,64,Softmax,50,0.5295543754329254,0.4747474747474747,0.5075757575757576,0.0669444999948609
64,0.001,64,Softmax,100,0.5295543754329254,0.4747474747474747,0.5075757575757576,0.0655811000033281
64,0.001,64,Softmax,300,0.5295543754329254,0.4747474747474747,0.5075757575757576,0.068471300008241
64,0.001,64,Softmax,500,0.5295543754329254,0.4747474747474747,0.5075757575757576,0.0571105999988503
64,0.001,64,Softmax,1000,0.5295543754329254,0.4747474747474747,0.5075757575757576,0.0690149000001838
64,0.001,128,ReLU,50,0.528169014084507,0.3760846560846561,0.4924242424242424,0.0362330000061774
64,0.001,128,ReLU,100,0.528169014084507,0.3760846560846561,0.4924242424242424,0.0460728000034578
64,0.001,128,ReLU,300,0.528169014084507,0.3760846560846561,0.4924242424242424,0.0458423999953083
64,0.001,128,ReLU,500,0.528169014084507,0.3760846560846561,0.4924242424242424,0.0369839000049978
64,0.001,128,ReLU,1000,0.528169014084507,0.3760846560846561,0.4924242424242424,0.0464962999976705
64,0.001,128,Tanh,50,0.5,0.3160621761658031,0.4621212121212121,0.036250100005418
64,0.001,128,Tanh,100,0.5,0.3160621761658031,0.4621212121212121,0.0373299000057159
64,0.001,128,Tanh,300,0.5,0.3160621761658031,0.4621212121212121,0.0356449999962933
64,0.001,128,Tanh,500,0.5,0.3160621761658031,0.4621212121212121,0.0359133000019937
64,0.001,128,Tanh,1000,0.5,0.3160621761658031,0.4621212121212121,0.0355415000085486
64,0.001,128,Sigmoid,50,0.5,0.3497536945812808,0.5378787878787878,0.0358787000004667
64,0.001,128,Sigmoid,100,0.5,0.3497536945812808,0.5378787878787878,0.0412939000088954
64,0.001,128,Sigmoid,300,0.5,0.3497536945812808,0.5378787878787878,0.0348330999986501
64,0.001,128,Sigmoid,500,0.5,0.3497536945812808,0.5378787878787878,0.0353026000084355
64,0.001,128,Sigmoid,1000,0.5,0.3497536945812808,0.5378787878787878,0.0354093000059947
64,0.001,128,GELU,50,0.528169014084507,0.3760846560846561,0.4924242424242424,0.0470542999973986
64,0.001,128,GELU,100,0.528169014084507,0.3760846560846561,0.4924242424242424,0.0462823000125354
64,0.001,128,GELU,300,0.528169014084507,0.3760846560846561,0.4924242424242424,0.0450324999983422
64,0.001,128,GELU,500,0.528169014084507,0.3760846560846561,0.4924242424242424,0.0462884000007761
64,0.001,128,GELU,1000,0.528169014084507,0.3760846560846561,0.4924242424242424,0.0453679000056581
64,0.001,128,Softmax,50,0.528169014084507,0.3760846560846561,0.4924242424242424,0.045975199987879
64,0.001,128,Softmax,100,0.528169014084507,0.3760846560846561,0.4924242424242424,0.0456651999993482
64,0.001,128,Softmax,300,0.528169014084507,0.3760846560846561,0.4924242424242424,0.0466040000028442
64,0.001,128,Softmax,500,0.528169014084507,0.3760846560846561,0.4924242424242424,0.0458627000043634
64,0.001,128,Softmax,1000,0.528169014084507,0.3760846560846561,0.4924242424242424,0.0469163999950978
64,0.0001,8,ReLU,50,0.5,0.3160621761658031,0.4621212121212121,0.0883348000061232
64,0.0001,8,ReLU,100,0.5,0.3160621761658031,0.4621212121212121,0.0997491000016452
64,0.0001,8,ReLU,300,0.5,0.3160621761658031,0.4621212121212121,0.1000035000033676
64,0.0001,8,ReLU,500,0.5,0.3160621761658031,0.4621212121212121,0.0884312999987742
64,0.0001,8,ReLU,1000,0.5,0.3160621761658031,0.4621212121212121,0.1009408000099938
64,0.0001,8,Tanh,50,0.5,0.3160621761658031,0.4621212121212121,0.0891431999916676
64,0.0001,8,Tanh,100,0.5,0.3160621761658031,0.4621212121212121,0.0887508999876445
64,0.0001,8,Tanh,300,0.5,0.3160621761658031,0.4621212121212121,0.0985316999867791
64,0.0001,8,Tanh,500,0.5,0.3160621761658031,0.4621212121212121,0.0892475000000558
64,0.0001,8,Tanh,1000,0.5,0.3160621761658031,0.4621212121212121,0.0992242000065743
64,0.0001,8,Sigmoid,50,0.5,0.3497536945812808,0.5378787878787878,0.0888073000096483
64,0.0001,8,Sigmoid,100,0.5,0.3497536945812808,0.5378787878787878,0.0983411999914096
64,0.0001,8,Sigmoid,300,0.5,0.3497536945812808,0.5378787878787878,0.0886074000009102
64,0.0001,8,Sigmoid,500,0.5,0.3497536945812808,0.5378787878787878,0.1006051000003935
64,0.0001,8,Sigmoid,1000,0.5,0.3497536945812808,0.5378787878787878,0.1001262000063434
64,0.0001,8,GELU,50,0.5,0.3160621761658031,0.4621212121212121,0.100791200005915
64,0.0001,8,GELU,100,0.5,0.3160621761658031,0.4621212121212121,0.0880334999965271
64,0.0001,8,GELU,300,0.5,0.3160621761658031,0.4621212121212121,0.1006655999954091
64,0.0001,8,GELU,500,0.5,0.3160621761658031,0.4621212121212121,0.1005370000057155
64,0.0001,8,GELU,1000,0.5,0.3160621761658031,0.4621212121212121,0.0993338000116637
64,0.0001,8,Softmax,50,0.5,0.3160621761658031,0.4621212121212121,0.0896471000014571
64,0.0001,8,Softmax,100,0.5,0.3160621761658031,0.4621212121212121,0.0999955000006593
64,0.0001,8,Softmax,300,0.5,0.3160621761658031,0.4621212121212121,0.098635500005912
64,0.0001,8,Softmax,500,0.5,0.3160621761658031,0.4621212121212121,0.0884128999896347
64,0.0001,8,Softmax,1000,0.5,0.3160621761658031,0.4621212121212121,0.088952899997821
64,0.0001,16,ReLU,50,0.5,0.3160621761658031,0.4621212121212121,0.0560305999970296
64,0.0001,16,ReLU,100,0.5,0.3160621761658031,0.4621212121212121,0.0575270999979693
64,0.0001,16,ReLU,300,0.5,0.3160621761658031,0.4621212121212121,0.0667618000006768
64,0.0001,16,ReLU,500,0.5,0.3160621761658031,0.4621212121212121,0.0580714999960036
64,0.0001,16,ReLU,1000,0.5,0.3160621761658031,0.4621212121212121,0.0684416000003693
64,0.0001,16,Tanh,50,0.5,0.3160621761658031,0.4621212121212121,0.0581894999922951
64,0.0001,16,Tanh,100,0.5,0.3160621761658031,0.4621212121212121,0.0563078999985009
64,0.0001,16,Tanh,300,0.5,0.3160621761658031,0.4621212121212121,0.057339499995578
64,0.0001,16,Tanh,500,0.5,0.3160621761658031,0.4621212121212121,0.0571318000002065
64,0.0001,16,Tanh,1000,0.5,0.3160621761658031,0.4621212121212121,0.0577064999961294
64,0.0001,16,Sigmoid,50,0.5,0.3497536945812808,0.5378787878787878,0.0670781000080751
64,0.0001,16,Sigmoid,100,0.5,0.3497536945812808,0.5378787878787878,0.0582293000043137
64,0.0001,16,Sigmoid,300,0.5,0.3497536945812808,0.5378787878787878,0.057482299991534
64,0.0001,16,Sigmoid,500,0.5,0.3497536945812808,0.5378787878787878,0.0685334000008879
64,0.0001,16,Sigmoid,1000,0.5,0.3497536945812808,0.5378787878787878,0.0568038999917916
64,0.0001,16,GELU,50,0.5,0.3160621761658031,0.4621212121212121,0.068434899993008
64,0.0001,16,GELU,100,0.5,0.3160621761658031,0.4621212121212121,0.0566886000015074
64,0.0001,16,GELU,300,0.5,0.3160621761658031,0.4621212121212121,0.0560664999939035
64,0.0001,16,GELU,500,0.5,0.3160621761658031,0.4621212121212121,0.056226400003652
64,0.0001,16,GELU,1000,0.5,0.3160621761658031,0.4621212121212121,0.0565110000025015
64,0.0001,16,Softmax,50,0.5,0.3160621761658031,0.4621212121212121,0.0691662000026553
64,0.0001,16,Softmax,100,0.5,0.3160621761658031,0.4621212121212121,0.057941999999457
64,0.0001,16,Softmax,300,0.5,0.3160621761658031,0.4621212121212121,0.0563515999965602
64,0.0001,16,Softmax,500,0.5,0.3160621761658031,0.4621212121212121,0.0590521999984048
64,0.0001,16,Softmax,1000,0.5,0.3160621761658031,0.4621212121212121,0.05815930000972
64,0.0001,32,ReLU,50,0.5,0.3160621761658031,0.4621212121212121,0.0460196999920299
64,0.0001,32,ReLU,100,0.5,0.3160621761658031,0.4621212121212121,0.0457732000068062
64,0.0001,32,ReLU,300,0.5,0.3160621761658031,0.4621212121212121,0.0467974999919533
64,0.0001,32,ReLU,500,0.5,0.3160621761658031,0.4621212121212121,0.0585013000090839
64,0.0001,32,ReLU,1000,0.5,0.3160621761658031,0.4621212121212121,0.0458999999973457
64,0.0001,32,Tanh,50,0.5,0.3160621761658031,0.4621212121212121,0.0453052999946521
64,0.0001,32,Tanh,100,0.5,0.3160621761658031,0.4621212121212121,0.0466088999964995
64,0.0001,32,Tanh,300,0.5,0.3160621761658031,0.4621212121212121,0.046902999994927
64,0.0001,32,Tanh,500,0.5,0.3160621761658031,0.4621212121212121,0.0467193999938899
64,0.0001,32,Tanh,1000,0.5,0.3160621761658031,0.4621212121212121,0.0480727999965893
64,0.0001,32,Sigmoid,50,0.5,0.3497536945812808,0.5378787878787878,0.0473022000078344
64,0.0001,32,Sigmoid,100,0.5,0.3497536945812808,0.5378787878787878,0.0586876000015763
64,0.0001,32,Sigmoid,300,0.5,0.3497536945812808,0.5378787878787878,0.0467981000110739
64,0.0001,32,Sigmoid,500,0.5,0.3497536945812808,0.5378787878787878,0.0460964999947464
64,0.0001,32,Sigmoid,1000,0.5,0.3497536945812808,0.5378787878787878,0.0460038000019267
64,0.0001,32,GELU,50,0.5,0.3160621761658031,0.4621212121212121,0.0471061999996891
64,0.0001,32,GELU,100,0.5,0.3160621761658031,0.4621212121212121,0.0476093999895965
64,0.0001,32,GELU,300,0.5,0.3160621761658031,0.4621212121212121,0.0475847000052453
64,0.0001,32,GELU,500,0.5,0.3160621761658031,0.4621212121212121,0.0583914000017102
64,0.0001,32,GELU,1000,0.5,0.3160621761658031,0.4621212121212121,0.046149100002367
64,0.0001,32,Softmax,50,0.5,0.3160621761658031,0.4621212121212121,0.0472944999928586
64,0.0001,32,Softmax,100,0.5,0.3160621761658031,0.4621212121212121,0.0476211999921361
64,0.0001,32,Softmax,300,0.5,0.3160621761658031,0.4621212121212121,0.0478950000106124
64,0.0001,32,Softmax,500,0.5,0.3160621761658031,0.4621212121212121,0.0564303999999538
64,0.0001,32,Softmax,1000,0.5,0.3160621761658031,0.4621212121212121,0.046945299996878
64,0.0001,64,ReLU,50,0.5,0.3160621761658031,0.4621212121212121,0.0466240999958245
64,0.0001,64,ReLU,100,0.5,0.3160621761658031,0.4621212121212121,0.0355042000010144
64,0.0001,64,ReLU,300,0.5,0.3160621761658031,0.4621212121212121,0.0355273000022862
64,0.0001,64,ReLU,500,0.5,0.3160621761658031,0.4621212121212121,0.0356768000056035
64,0.0001,64,ReLU,1000,0.5,0.3160621761658031,0.4621212121212121,0.0455699000012828
64,0.0001,64,Tanh,50,0.5,0.3160621761658031,0.4621212121212121,0.0464784999930998
64,0.0001,64,Tanh,100,0.5,0.3160621761658031,0.4621212121212121,0.0368604000104824
64,0.0001,64,Tanh,300,0.5,0.3160621761658031,0.4621212121212121,0.0360578000108944
64,0.0001,64,Tanh,500,0.5,0.3160621761658031,0.4621212121212121,0.0464147999882698
64,0.0001,64,Tanh,1000,0.5,0.3160621761658031,0.4621212121212121,0.0367250999988755
64,0.0001,64,Sigmoid,50,0.5,0.3497536945812808,0.5378787878787878,0.0360405999963404
64,0.0001,64,Sigmoid,100,0.5,0.3497536945812808,0.5378787878787878,0.0355998000013642
64,0.0001,64,Sigmoid,300,0.5,0.3497536945812808,0.5378787878787878,0.0465858999959891
64,0.0001,64,Sigmoid,500,0.5,0.3497536945812808,0.5378787878787878,0.0479416000016499
64,0.0001,64,Sigmoid,1000,0.5,0.3497536945812808,0.5378787878787878,0.0358778000081656
64,0.0001,64,GELU,50,0.5,0.3160621761658031,0.4621212121212121,0.0477007000008598
64,0.0001,64,GELU,100,0.5,0.3160621761658031,0.4621212121212121,0.0364262999937636
64,0.0001,64,GELU,300,0.5,0.3160621761658031,0.4621212121212121,0.0360473999899113
64,0.0001,64,GELU,500,0.5,0.3160621761658031,0.4621212121212121,0.0472301999980118
64,0.0001,64,GELU,1000,0.5,0.3160621761658031,0.4621212121212121,0.0354303999920375
64,0.0001,64,Softmax,50,0.5,0.3160621761658031,0.4621212121212121,0.0465603000047849
64,0.0001,64,Softmax,100,0.5,0.3160621761658031,0.4621212121212121,0.0358779000089271
64,0.0001,64,Softmax,300,0.5,0.3160621761658031,0.4621212121212121,0.0351418999925954
64,0.0001,64,Softmax,500,0.5,0.3160621761658031,0.4621212121212121,0.0370632999984081
64,0.0001,64,Softmax,1000,0.5,0.3160621761658031,0.4621212121212121,0.0361346999998204
64,0.0001,128,ReLU,50,0.5,0.3160621761658031,0.4621212121212121,0.0362602000095648
64,0.0001,128,ReLU,100,0.5,0.3160621761658031,0.4621212121212121,0.0353650000033667
64,0.0001,128,ReLU,300,0.5,0.3160621761658031,0.4621212121212121,0.0355768000008538
64,0.0001,128,ReLU,500,0.5,0.3160621761658031,0.4621212121212121,0.0355659000051673
64,0.0001,128,ReLU,1000,0.5,0.3160621761658031,0.4621212121212121,0.0355390000040642
64,0.0001,128,Tanh,50,0.5,0.3160621761658031,0.4621212121212121,0.0354950000037206
64,0.0001,128,Tanh,100,0.5,0.3160621761658031,0.4621212121212121,0.0363587000028928
64,0.0001,128,Tanh,300,0.5,0.3160621761658031,0.4621212121212121,0.0350565999979153
64,0.0001,128,Tanh,500,0.5,0.3160621761658031,0.4621212121212121,0.03568990000349
64,0.0001,128,Tanh,1000,0.5,0.3160621761658031,0.4621212121212121,0.0351468000008026
64,0.0001,128,Sigmoid,50,0.5,0.3497536945812808,0.5378787878787878,0.0366357000020798
64,0.0001,128,Sigmoid,100,0.5,0.3497536945812808,0.5378787878787878,0.036396199997398
64,0.0001,128,Sigmoid,300,0.5,0.3497536945812808,0.5378787878787878,0.0363369999977294
64,0.0001,128,Sigmoid,500,0.5,0.3497536945812808,0.5378787878787878,0.0363507000001845
64,0.0001,128,Sigmoid,1000,0.5,0.3497536945812808,0.5378787878787878,0.0366372999997111
64,0.0001,128,GELU,50,0.5,0.3160621761658031,0.4621212121212121,0.0366998999961651
64,0.0001,128,GELU,100,0.5,0.3160621761658031,0.4621212121212121,0.0363917000067885
64,0.0001,128,GELU,300,0.5,0.3160621761658031,0.4621212121212121,0.0378016000031493
64,0.0001,128,GELU,500,0.5,0.3160621761658031,0.4621212121212121,0.0359724000009009
64,0.0001,128,GELU,1000,0.5,0.3160621761658031,0.4621212121212121,0.0369759000022895
64,0.0001,128,Softmax,50,0.5,0.3160621761658031,0.4621212121212121,0.0365631000022403
64,0.0001,128,Softmax,100,0.5,0.3160621761658031,0.4621212121212121,0.0368164000101387
64,0.0001,128,Softmax,300,0.5,0.3160621761658031,0.4621212121212121,0.0363007999985711
64,0.0001,128,Softmax,500,0.5,0.3160621761658031,0.4621212121212121,0.0368111999996472
64,0.0001,128,Softmax,1000,0.5,0.3160621761658031,0.4621212121212121,0.0373470000049565
64,0.00025,8,ReLU,50,0.53417224659432,0.4549958711808423,0.5075757575757576,0.1828302000067196
64,0.00025,8,ReLU,100,0.53417224659432,0.4549958711808423,0.5075757575757576,0.1832911000092281
64,0.00025,8,ReLU,300,0.53417224659432,0.4549958711808423,0.5075757575757576,0.1825434000056702
64,0.00025,8,ReLU,500,0.53417224659432,0.4549958711808423,0.5075757575757576,0.1928634999931091
64,0.00025,8,ReLU,1000,0.53417224659432,0.4549958711808423,0.5075757575757576,0.1630727000010665
64,0.00025,8,Tanh,50,0.5120064650196259,0.4666827473919074,0.4924242424242424,0.1837493000057293
64,0.00025,8,Tanh,100,0.5120064650196259,0.4666827473919074,0.4924242424242424,0.1720628999901237
64,0.00025,8,Tanh,300,0.5120064650196259,0.4666827473919074,0.4924242424242424,0.1737859999993816
64,0.00025,8,Tanh,500,0.5120064650196259,0.4666827473919074,0.4924242424242424,0.2031631999998353
64,0.00025,8,Tanh,1000,0.5120064650196259,0.4666827473919074,0.4924242424242424,0.1827684000018052
64,0.00025,8,Sigmoid,50,0.5,0.3497536945812808,0.5378787878787878,0.0991866999975172
64,0.00025,8,Sigmoid,100,0.5,0.3497536945812808,0.5378787878787878,0.1000163999997312
64,0.00025,8,Sigmoid,300,0.5,0.3497536945812808,0.5378787878787878,0.0995481000136351
64,0.00025,8,Sigmoid,500,0.5,0.3497536945812808,0.5378787878787878,0.0890585000015562
64,0.00025,8,Sigmoid,1000,0.5,0.3497536945812808,0.5378787878787878,0.0899861000070814
64,0.00025,8,GELU,50,0.53417224659432,0.4549958711808423,0.5075757575757576,0.1836541000084253
64,0.00025,8,GELU,100,0.53417224659432,0.4549958711808423,0.5075757575757576,0.1613046999991638
64,0.00025,8,GELU,300,0.53417224659432,0.4549958711808423,0.5075757575757576,0.1621766000025672
64,0.00025,8,GELU,500,0.53417224659432,0.4549958711808423,0.5075757575757576,0.182043299995712
64,0.00025,8,GELU,1000,0.53417224659432,0.4549958711808423,0.5075757575757576,0.2021714000002248
64,0.00025,8,Softmax,50,0.53417224659432,0.4549958711808423,0.5075757575757576,0.1718547000054968
64,0.00025,8,Softmax,100,0.53417224659432,0.4549958711808423,0.5075757575757576,0.1838593000138644
64,0.00025,8,Softmax,300,0.53417224659432,0.4549958711808423,0.5075757575757576,0.2034613999858265
64,0.00025,8,Softmax,500,0.53417224659432,0.4549958711808423,0.5075757575757576,0.1733937999961199
64,0.00025,8,Softmax,1000,0.53417224659432,0.4549958711808423,0.5075757575757576,0.1597752999950898
64,0.00025,16,ReLU,50,0.5165088894019857,0.3985526668453498,0.4848484848484848,0.0982088999880943
64,0.00025,16,ReLU,100,0.5165088894019857,0.3985526668453498,0.4848484848484848,0.0987768000049982
64,0.00025,16,ReLU,300,0.5165088894019857,0.3985526668453498,0.4848484848484848,0.0972725000028731
64,0.00025,16,ReLU,500,0.5165088894019857,0.3985526668453498,0.4848484848484848,0.0983612999989418
64,0.00025,16,ReLU,1000,0.5165088894019857,0.3985526668453498,0.4848484848484848,0.0977774999919347
64,0.00025,16,Tanh,50,0.5,0.3160621761658031,0.4621212121212121,0.0570917000004556
64,0.00025,16,Tanh,100,0.5,0.3160621761658031,0.4621212121212121,0.0578364999964833
64,0.00025,16,Tanh,300,0.5,0.3160621761658031,0.4621212121212121,0.0574632000061683
64,0.00025,16,Tanh,500,0.5,0.3160621761658031,0.4621212121212121,0.0681025999947451
64,0.00025,16,Tanh,1000,0.5,0.3160621761658031,0.4621212121212121,0.0563767999992705
64,0.00025,16,Sigmoid,50,0.5,0.3497536945812808,0.5378787878787878,0.0574204000004101
64,0.00025,16,Sigmoid,100,0.5,0.3497536945812808,0.5378787878787878,0.0562728999939281
64,0.00025,16,Sigmoid,300,0.5,0.3497536945812808,0.5378787878787878,0.0677896999986842
64,0.00025,16,Sigmoid,500,0.5,0.3497536945812808,0.5378787878787878,0.0569383000110974
64,0.00025,16,Sigmoid,1000,0.5,0.3497536945812808,0.5378787878787878,0.0677391999925021
64,0.00025,16,GELU,50,0.5165088894019857,0.3985526668453498,0.4848484848484848,0.0869575999968219
64,0.00025,16,GELU,100,0.5165088894019857,0.3985526668453498,0.4848484848484848,0.1083001999941188
64,0.00025,16,GELU,300,0.5165088894019857,0.3985526668453498,0.4848484848484848,0.0875699000025633
64,0.00025,16,GELU,500,0.5165088894019857,0.3985526668453498,0.4848484848484848,0.08708499999193
64,0.00025,16,GELU,1000,0.5165088894019857,0.3985526668453498,0.4848484848484848,0.0876974999991944
64,0.00025,16,Softmax,50,0.5165088894019857,0.3985526668453498,0.4848484848484848,0.0984564000100363
64,0.00025,16,Softmax,100,0.5165088894019857,0.3985526668453498,0.4848484848484848,0.0876636000029975
64,0.00025,16,Softmax,300,0.5165088894019857,0.3985526668453498,0.4848484848484848,0.0990905999933602
64,0.00025,16,Softmax,500,0.5165088894019857,0.3985526668453498,0.4848484848484848,0.0882617000024765
64,0.00025,16,Softmax,1000,0.5165088894019857,0.3985526668453498,0.4848484848484848,0.0883008999953745
64,0.00025,32,ReLU,50,0.5,0.3160621761658031,0.4621212121212121,0.0483403999969596
64,0.00025,32,ReLU,100,0.5,0.3160621761658031,0.4621212121212121,0.0560839000099804
64,0.00025,32,ReLU,300,0.5,0.3160621761658031,0.4621212121212121,0.047311800008174
64,0.00025,32,ReLU,500,0.5,0.3160621761658031,0.4621212121212121,0.0480162000021664
64,0.00025,32,ReLU,1000,0.5,0.3160621761658031,0.4621212121212121,0.0458260000013979
64,0.00025,32,Tanh,50,0.5,0.3160621761658031,0.4621212121212121,0.0462447000027168
64,0.00025,32,Tanh,100,0.5,0.3160621761658031,0.4621212121212121,0.0464424999954644
64,0.00025,32,Tanh,300,0.5,0.3160621761658031,0.4621212121212121,0.0470395999873289
64,0.00025,32,Tanh,500,0.5,0.3160621761658031,0.4621212121212121,0.0582844000018667
64,0.00025,32,Tanh,1000,0.5,0.3160621761658031,0.4621212121212121,0.046098399994662
64,0.00025,32,Sigmoid,50,0.5,0.3497536945812808,0.5378787878787878,0.0480878999951528
64,0.00025,32,Sigmoid,100,0.5,0.3497536945812808,0.5378787878787878,0.0469519000034779
64,0.00025,32,Sigmoid,300,0.5,0.3497536945812808,0.5378787878787878,0.0473804999928688
64,0.00025,32,Sigmoid,500,0.5,0.3497536945812808,0.5378787878787878,0.0460326999891549
64,0.00025,32,Sigmoid,1000,0.5,0.3497536945812808,0.5378787878787878,0.0563657000020612
64,0.00025,32,GELU,50,0.5,0.3160621761658031,0.4621212121212121,0.0475348000036319
64,0.00025,32,GELU,100,0.5,0.3160621761658031,0.4621212121212121,0.0462144000048283
64,0.00025,32,GELU,300,0.5,0.3160621761658031,0.4621212121212121,0.04554440001084
64,0.00025,32,GELU,500,0.5,0.3160621761658031,0.4621212121212121,0.0463424000045051
64,0.00025,32,GELU,1000,0.5,0.3160621761658031,0.4621212121212121,0.0461757000011857
64,0.00025,32,Softmax,50,0.5,0.3160621761658031,0.4621212121212121,0.0461475000047357
64,0.00025,32,Softmax,100,0.5,0.3160621761658031,0.4621212121212121,0.0465870000043651
64,0.00025,32,Softmax,300,0.5,0.3160621761658031,0.4621212121212121,0.0472375000099418
64,0.00025,32,Softmax,500,0.5,0.3160621761658031,0.4621212121212121,0.0584787999978289
64,0.00025,32,Softmax,1000,0.5,0.3160621761658031,0.4621212121212121,0.0452270000096177
64,0.00025,64,ReLU,50,0.5,0.3160621761658031,0.4621212121212121,0.0357059000089066
64,0.00025,64,ReLU,100,0.5,0.3160621761658031,0.4621212121212121,0.0465301999938674
64,0.00025,64,ReLU,300,0.5,0.3160621761658031,0.4621212121212121,0.0477744999952847
64,0.00025,64,ReLU,500,0.5,0.3160621761658031,0.4621212121212121,0.0354522999987239
64,0.00025,64,ReLU,1000,0.5,0.3160621761658031,0.4621212121212121,0.0366367000096943
64,0.00025,64,Tanh,50,0.5,0.3160621761658031,0.4621212121212121,0.0479680999997071
64,0.00025,64,Tanh,100,0.5,0.3160621761658031,0.4621212121212121,0.0362703999999212
64,0.00025,64,Tanh,300,0.5,0.3160621761658031,0.4621212121212121,0.0464892000018153
64,0.00025,64,Tanh,500,0.5,0.3160621761658031,0.4621212121212121,0.04690830000618
64,0.00025,64,Tanh,1000,0.5,0.3160621761658031,0.4621212121212121,0.0376270999986445
64,0.00025,64,Sigmoid,50,0.5,0.3497536945812808,0.5378787878787878,0.0761913000023923
64,0.00025,64,Sigmoid,100,0.5,0.3497536945812808,0.5378787878787878,0.0551713000022573
64,0.00025,64,Sigmoid,300,0.5,0.3497536945812808,0.5378787878787878,0.035917100001825
64,0.00025,64,Sigmoid,500,0.5,0.3497536945812808,0.5378787878787878,0.0468784999975468
64,0.00025,64,Sigmoid,1000,0.5,0.3497536945812808,0.5378787878787878,0.0364353000040864
64,0.00025,64,GELU,50,0.5,0.3160621761658031,0.4621212121212121,0.0344887999963248
64,0.00025,64,GELU,100,0.5,0.3160621761658031,0.4621212121212121,0.0362164999969536
64,0.00025,64,GELU,300,0.5,0.3160621761658031,0.4621212121212121,0.0363447999989148
64,0.00025,64,GELU,500,0.5,0.3160621761658031,0.4621212121212121,0.0468440999975428
64,0.00025,64,GELU,1000,0.5,0.3160621761658031,0.4621212121212121,0.0475733999919611
64,0.00025,64,Softmax,50,0.5,0.3160621761658031,0.4621212121212121,0.0357979999971576
64,0.00025,64,Softmax,100,0.5,0.3160621761658031,0.4621212121212121,0.047244799992768
64,0.00025,64,Softmax,300,0.5,0.3160621761658031,0.4621212121212121,0.0355885999888414
64,0.00025,64,Softmax,500,0.5,0.3160621761658031,0.4621212121212121,0.0352129000093555
64,0.00025,64,Softmax,1000,0.5,0.3160621761658031,0.4621212121212121,0.0466309000039473
64,0.00025,128,ReLU,50,0.5,0.3160621761658031,0.4621212121212121,0.0360256999992998
64,0.00025,128,ReLU,100,0.5,0.3160621761658031,0.4621212121212121,0.0350585999985924
64,0.00025,128,ReLU,300,0.5,0.3160621761658031,0.4621212121212121,0.0369865999964531
64,0.00025,128,ReLU,500,0.5,0.3160621761658031,0.4621212121212121,0.0366408999980194
64,0.00025,128,ReLU,1000,0.5,0.3160621761658031,0.4621212121212121,0.0369939999945927
64,0.00025,128,Tanh,50,0.5,0.3160621761658031,0.4621212121212121,0.036036099991179
64,0.00025,128,Tanh,100,0.5,0.3160621761658031,0.4621212121212121,0.0360072000039508
64,0.00025,128,Tanh,300,0.5,0.3160621761658031,0.4621212121212121,0.0377015999983996
64,0.00025,128,Tanh,500,0.5,0.3160621761658031,0.4621212121212121,0.0360126000014133
64,0.00025,128,Tanh,1000,0.5,0.3160621761658031,0.4621212121212121,0.0351222000026609
64,0.00025,128,Sigmoid,50,0.5,0.3497536945812808,0.5378787878787878,0.0352196000021649
64,0.00025,128,Sigmoid,100,0.5,0.3497536945812808,0.5378787878787878,0.0354691999964416
64,0.00025,128,Sigmoid,300,0.5,0.3497536945812808,0.5378787878787878,0.0356732000072952
64,0.00025,128,Sigmoid,500,0.5,0.3497536945812808,0.5378787878787878,0.0356338999990839
64,0.00025,128,Sigmoid,1000,0.5,0.3497536945812808,0.5378787878787878,0.0355433999939123
64,0.00025,128,GELU,50,0.5,0.3160621761658031,0.4621212121212121,0.0354250999953364
64,0.00025,128,GELU,100,0.5,0.3160621761658031,0.4621212121212121,0.0364193999994313
64,0.00025,128,GELU,300,0.5,0.3160621761658031,0.4621212121212121,0.036758500005817
64,0.00025,128,GELU,500,0.5,0.3160621761658031,0.4621212121212121,0.0353614000050583
64,0.00025,128,GELU,1000,0.5,0.3160621761658031,0.4621212121212121,0.0350153000035788
64,0.00025,128,Softmax,50,0.5,0.3160621761658031,0.4621212121212121,0.035957000000053
64,0.00025,128,Softmax,100,0.5,0.3160621761658031,0.4621212121212121,0.035484499996528
64,0.00025,128,Softmax,300,0.5,0.3160621761658031,0.4621212121212121,0.0354952000052435
64,0.00025,128,Softmax,500,0.5,0.3160621761658031,0.4621212121212121,0.0351288000092608
64,0.00025,128,Softmax,1000,0.5,0.3160621761658031,0.4621212121212121,0.0361693000013474
128,0.01,8,ReLU,50,0.6366889863772801,0.6364062591572408,0.6439393939393939,0.1295087000034982
128,0.01,8,ReLU,100,0.6366889863772801,0.6364062591572408,0.6439393939393939,0.1326841999980388
128,0.01,8,ReLU,300,0.6366889863772801,0.6364062591572408,0.6439393939393939,0.1518517000076826
128,0.01,8,ReLU,500,0.6366889863772801,0.6364062591572408,0.6439393939393939,0.118348000003607
128,0.01,8,ReLU,1000,0.6366889863772801,0.6364062591572408,0.6439393939393939,0.1308999000029871
128,0.01,8,Tanh,50,0.6496190256291849,0.6484166913287955,0.6590909090909091,0.1200084000010974
128,0.01,8,Tanh,100,0.6496190256291849,0.6484166913287955,0.6590909090909091,0.1193384999933186
128,0.01,8,Tanh,300,0.6496190256291849,0.6484166913287955,0.6590909090909091,0.0993486999941524
128,0.01,8,Tanh,500,0.6496190256291849,0.6484166913287955,0.6590909090909091,0.1103634999890346
128,0.01,8,Tanh,1000,0.6496190256291849,0.6484166913287955,0.6590909090909091,0.1084971999953268
128,0.01,8,Sigmoid,50,0.6484645578388363,0.6464075242573962,0.6590909090909091,0.1088364000024739
128,0.01,8,Sigmoid,100,0.6484645578388363,0.6464075242573962,0.6590909090909091,0.1097123000072315
128,0.01,8,Sigmoid,300,0.6484645578388363,0.6464075242573962,0.6590909090909091,0.1095887999981641
128,0.01,8,Sigmoid,500,0.6484645578388363,0.6464075242573962,0.6590909090909091,0.099156900003436
128,0.01,8,Sigmoid,1000,0.6484645578388363,0.6464075242573962,0.6590909090909091,0.0999481000035302
128,0.01,8,GELU,50,0.6366889863772801,0.6364062591572408,0.6439393939393939,0.1427014000073541
128,0.01,8,GELU,100,0.6366889863772801,0.6364062591572408,0.6439393939393939,0.1291139999957522
128,0.01,8,GELU,300,0.6366889863772801,0.6364062591572408,0.6439393939393939,0.1300819000025512
128,0.01,8,GELU,500,0.6366889863772801,0.6364062591572408,0.6439393939393939,0.1306041000061668
128,0.01,8,GELU,1000,0.6366889863772801,0.6364062591572408,0.6439393939393939,0.14077840000391
128,0.01,8,Softmax,50,0.6366889863772801,0.6364062591572408,0.6439393939393939,0.1413066000095568
128,0.01,8,Softmax,100,0.6366889863772801,0.6364062591572408,0.6439393939393939,0.1292979999998351
128,0.01,8,Softmax,300,0.6366889863772801,0.6364062591572408,0.6439393939393939,0.1389544999983627
128,0.01,8,Softmax,500,0.6366889863772801,0.6364062591572408,0.6439393939393939,0.1298106999893207
128,0.01,8,Softmax,1000,0.6366889863772801,0.6364062591572408,0.6439393939393939,0.1291095999913523
128,0.01,16,ReLU,50,0.6542368967905796,0.6546310832025117,0.6590909090909091,0.0882482000015443
128,0.01,16,ReLU,100,0.6542368967905796,0.6546310832025117,0.6590909090909091,0.0771895999932894
128,0.01,16,ReLU,300,0.6542368967905796,0.6546310832025117,0.6590909090909091,0.0888853000069502
128,0.01,16,ReLU,500,0.6542368967905796,0.6546310832025117,0.6590909090909091,0.0878145000024233
128,0.01,16,ReLU,1000,0.6542368967905796,0.6546310832025117,0.6590909090909091,0.0668369000050006
128,0.01,16,Tanh,50,0.6543523435696144,0.6509615384615384,0.6666666666666666,0.067809500003932
128,0.01,16,Tanh,100,0.6543523435696144,0.6509615384615384,0.6666666666666666,0.0680707999999867
128,0.01,16,Tanh,300,0.6543523435696144,0.6509615384615384,0.6666666666666666,0.0681397000007564
128,0.01,16,Tanh,500,0.6543523435696144,0.6509615384615384,0.6666666666666666,0.05717729999742
128,0.01,16,Tanh,1000,0.6543523435696144,0.6509615384615384,0.6666666666666666,0.0793207000097027
128,0.01,16,Sigmoid,50,0.6555068113599631,0.6532123238595653,0.6666666666666666,0.0777519999974174
128,0.01,16,Sigmoid,100,0.6555068113599631,0.6532123238595653,0.6666666666666666,0.0880520999926375
128,0.01,16,Sigmoid,300,0.6555068113599631,0.6532123238595653,0.6666666666666666,0.0879808000026969
128,0.01,16,Sigmoid,500,0.6555068113599631,0.6532123238595653,0.6666666666666666,0.0785737999976845
128,0.01,16,Sigmoid,1000,0.6555068113599631,0.6532123238595653,0.6666666666666666,0.0686977000004844
128,0.01,16,GELU,50,0.6542368967905796,0.6546310832025117,0.6590909090909091,0.068057199998293
128,0.01,16,GELU,100,0.6542368967905796,0.6546310832025117,0.6590909090909091,0.0882006999891018
128,0.01,16,GELU,300,0.6542368967905796,0.6546310832025117,0.6590909090909091,0.0672649999905843
128,0.01,16,GELU,500,0.6542368967905796,0.6546310832025117,0.6590909090909091,0.0787154999998165
128,0.01,16,GELU,1000,0.6542368967905796,0.6546310832025117,0.6590909090909091,0.0668321999983163
128,0.01,16,Softmax,50,0.6542368967905796,0.6546310832025117,0.6590909090909091,0.0669233999942662
128,0.01,16,Softmax,100,0.6542368967905796,0.6546310832025117,0.6590909090909091,0.0992999999871244
128,0.01,16,Softmax,300,0.6542368967905796,0.6546310832025117,0.6590909090909091,0.0874826999934157
128,0.01,16,Softmax,500,0.6542368967905796,0.6546310832025117,0.6590909090909091,0.0774428000004263
128,0.01,16,Softmax,1000,0.6542368967905796,0.6546310832025117,0.6590909090909091,0.0883625999995274
128,0.01,32,ReLU,50,0.6601246825213576,0.6603508771929825,0.6666666666666666,0.066802599991206
128,0.01,32,ReLU,100,0.6601246825213576,0.6603508771929825,0.6666666666666666,0.0563101000007009
128,0.01,32,ReLU,300,0.6601246825213576,0.6603508771929825,0.6666666666666666,0.0694386000104714
128,0.01,32,ReLU,500,0.6601246825213576,0.6603508771929825,0.6666666666666666,0.0668919000017922
128,0.01,32,ReLU,1000,0.6601246825213576,0.6603508771929825,0.6666666666666666,0.0677607000106945
128,0.01,32,Tanh,50,0.6579311937196952,0.6496080004938576,0.6742424242424242,0.0575310999993234
128,0.01,32,Tanh,100,0.6579311937196952,0.6496080004938576,0.6742424242424242,0.0570638000062899
128,0.01,32,Tanh,300,0.6579311937196952,0.6496080004938576,0.6742424242424242,0.0571773999981815
128,0.01,32,Tanh,500,0.6579311937196952,0.6496080004938576,0.6742424242424242,0.0585388000035891
128,0.01,32,Tanh,1000,0.6579311937196952,0.6496080004938576,0.6742424242424242,0.0569777000055182
128,0.01,32,Sigmoid,50,0.6707457861925652,0.6689754000477669,0.6818181818181818,0.0887814000016078
128,0.01,32,Sigmoid,100,0.6707457861925652,0.6689754000477669,0.6818181818181818,0.0792390999995404
128,0.01,32,Sigmoid,300,0.6707457861925652,0.6689754000477669,0.6818181818181818,0.088925999996718
128,0.01,32,Sigmoid,500,0.6707457861925652,0.6689754000477669,0.6818181818181818,0.079346099999384
128,0.01,32,Sigmoid,1000,0.6707457861925652,0.6689754000477669,0.6818181818181818,0.0800425999914296
128,0.01,32,GELU,50,0.6601246825213576,0.6603508771929825,0.6666666666666666,0.0578007999865803
128,0.01,32,GELU,100,0.6601246825213576,0.6603508771929825,0.6666666666666666,0.0802196000004187
128,0.01,32,GELU,300,0.6601246825213576,0.6603508771929825,0.6666666666666666,0.0669230999919818
128,0.01,32,GELU,500,0.6601246825213576,0.6603508771929825,0.6666666666666666,0.0678792000107932
128,0.01,32,GELU,1000,0.6601246825213576,0.6603508771929825,0.6666666666666666,0.0788005999929737
128,0.01,32,Softmax,50,0.6601246825213576,0.6603508771929825,0.6666666666666666,0.0678955000039422
128,0.01,32,Softmax,100,0.6601246825213576,0.6603508771929825,0.6666666666666666,0.067255700007081
128,0.01,32,Softmax,300,0.6601246825213576,0.6603508771929825,0.6666666666666666,0.0567238999938126
128,0.01,32,Softmax,500,0.6601246825213576,0.6603508771929825,0.6666666666666666,0.057705100000021
128,0.01,32,Softmax,1000,0.6601246825213576,0.6603508771929825,0.6666666666666666,0.0684378000005381
128,0.01,64,ReLU,50,0.6413068575386747,0.6414494596312779,0.6439393939393939,0.0568599999969592
128,0.01,64,ReLU,100,0.6413068575386747,0.6414494596312779,0.6439393939393939,0.0579211000003851
128,0.01,64,ReLU,300,0.6413068575386747,0.6414494596312779,0.6439393939393939,0.0565916999912587
128,0.01,64,ReLU,500,0.6413068575386747,0.6414494596312779,0.6439393939393939,0.0475476999999955
128,0.01,64,ReLU,1000,0.6413068575386747,0.6414494596312779,0.6439393939393939,0.0572785999975167
128,0.01,64,Tanh,50,0.6941814823366428,0.6935531876897434,0.7045454545454546,0.0489467000006698
128,0.01,64,Tanh,100,0.6941814823366428,0.6935531876897434,0.7045454545454546,0.0672005000087665
128,0.01,64,Tanh,300,0.6941814823366428,0.6935531876897434,0.7045454545454546,0.0471719000051962
128,0.01,64,Tanh,500,0.6941814823366428,0.6935531876897434,0.7045454545454546,0.0462351000023772
128,0.01,64,Tanh,1000,0.6941814823366428,0.6935531876897434,0.7045454545454546,0.0463779999990947
128,0.01,64,Sigmoid,50,0.6297621796351882,0.623154953532163,0.6439393939393939,0.0587000000086845
128,0.01,64,Sigmoid,100,0.6297621796351882,0.623154953532163,0.6439393939393939,0.0472069999959785
128,0.01,64,Sigmoid,300,0.6297621796351882,0.623154953532163,0.6439393939393939,0.0573392000078456
128,0.01,64,Sigmoid,500,0.6297621796351882,0.623154953532163,0.6439393939393939,0.0579364000004716
128,0.01,64,Sigmoid,1000,0.6297621796351882,0.623154953532163,0.6439393939393939,0.057906499991077
128,0.01,64,GELU,50,0.6413068575386747,0.6414494596312779,0.6439393939393939,0.047290200003772
128,0.01,64,GELU,100,0.6413068575386747,0.6414494596312779,0.6439393939393939,0.0578158999996958
128,0.01,64,GELU,300,0.6413068575386747,0.6414494596312779,0.6439393939393939,0.0576686999993398
128,0.01,64,GELU,500,0.6413068575386747,0.6414494596312779,0.6439393939393939,0.0473071999876992
128,0.01,64,GELU,1000,0.6413068575386747,0.6414494596312779,0.6439393939393939,0.0582211000000825
128,0.01,64,Softmax,50,0.6413068575386747,0.6414494596312779,0.6439393939393939,0.0477430000028107
128,0.01,64,Softmax,100,0.6413068575386747,0.6414494596312779,0.6439393939393939,0.0461361999914515
128,0.01,64,Softmax,300,0.6413068575386747,0.6414494596312779,0.6439393939393939,0.0461345000076107
128,0.01,64,Softmax,500,0.6413068575386747,0.6414494596312779,0.6439393939393939,0.0573355999949853
128,0.01,64,Softmax,1000,0.6413068575386747,0.6414494596312779,0.6439393939393939,0.0502352999901631
128,0.01,128,ReLU,50,0.6072500577233895,0.6056985294117647,0.6060606060606061,0.0472722999984398
128,0.01,128,ReLU,100,0.6072500577233895,0.6056985294117647,0.6060606060606061,0.0466071999981068
128,0.01,128,ReLU,300,0.6072500577233895,0.6056985294117647,0.6060606060606061,0.0468543999886605
128,0.01,128,ReLU,500,0.6072500577233895,0.6056985294117647,0.6060606060606061,0.045441500013112
128,0.01,128,ReLU,1000,0.6072500577233895,0.6056985294117647,0.6060606060606061,0.0461194999952567
128,0.01,128,Tanh,50,0.6062110367120757,0.6054621110004103,0.6136363636363636,0.0473361000040313
128,0.01,128,Tanh,100,0.6062110367120757,0.6054621110004103,0.6136363636363636,0.0461807999963639
128,0.01,128,Tanh,300,0.6062110367120757,0.6054621110004103,0.6136363636363636,0.0458568999893032
128,0.01,128,Tanh,500,0.6062110367120757,0.6054621110004103,0.6136363636363636,0.0460112000000663
128,0.01,128,Tanh,1000,0.6062110367120757,0.6054621110004103,0.6136363636363636,0.047628700005589
128,0.01,128,Sigmoid,50,0.5662664511660125,0.5661650233523612,0.5681818181818182,0.0575381000089691
128,0.01,128,Sigmoid,100,0.5662664511660125,0.5661650233523612,0.5681818181818182,0.0565245000034337
128,0.01,128,Sigmoid,300,0.5662664511660125,0.5661650233523612,0.5681818181818182,0.0461441999941598
128,0.01,128,Sigmoid,500,0.5662664511660125,0.5661650233523612,0.5681818181818182,0.0569066000025486
128,0.01,128,Sigmoid,1000,0.5662664511660125,0.5661650233523612,0.5681818181818182,0.0472045000060461
128,0.01,128,GELU,50,0.6072500577233895,0.6056985294117647,0.6060606060606061,0.0462097999989055
128,0.01,128,GELU,100,0.6072500577233895,0.6056985294117647,0.6060606060606061,0.046931000004406
128,0.01,128,GELU,300,0.6072500577233895,0.6056985294117647,0.6060606060606061,0.036556200007908
128,0.01,128,GELU,500,0.6072500577233895,0.6056985294117647,0.6060606060606061,0.0360123999998904
128,0.01,128,GELU,1000,0.6072500577233895,0.6056985294117647,0.6060606060606061,0.0359460999898146
128,0.01,128,Softmax,50,0.6072500577233895,0.6056985294117647,0.6060606060606061,0.0485897000035038
128,0.01,128,Softmax,100,0.6072500577233895,0.6056985294117647,0.6060606060606061,0.0470674999960465
128,0.01,128,Softmax,300,0.6072500577233895,0.6056985294117647,0.6060606060606061,0.0461807000101543
128,0.01,128,Softmax,500,0.6072500577233895,0.6056985294117647,0.6060606060606061,0.0457960999920032
128,0.01,128,Softmax,1000,0.6072500577233895,0.6056985294117647,0.6060606060606061,0.0461312999977963
128,0.001,8,ReLU,50,0.5920110828907874,0.5905330882352942,0.5909090909090909,0.1419118000048911
128,0.001,8,ReLU,100,0.5920110828907874,0.5905330882352942,0.5909090909090909,0.1408603000018047
128,0.001,8,ReLU,300,0.5920110828907874,0.5905330882352942,0.5909090909090909,0.1400618999905418
128,0.001,8,ReLU,500,0.5920110828907874,0.5905330882352942,0.5909090909090909,0.153108800004702
128,0.001,8,ReLU,1000,0.5920110828907874,0.5905330882352942,0.5909090909090909,0.1504837999964365
128,0.001,8,Tanh,50,0.6365735395982453,0.6356107660455487,0.6363636363636364,0.1294407000095816
128,0.001,8,Tanh,100,0.6365735395982453,0.6356107660455487,0.6363636363636364,0.1204471000091871
128,0.001,8,Tanh,300,0.6365735395982453,0.6356107660455487,0.6363636363636364,0.1091744000004837
128,0.001,8,Tanh,500,0.6365735395982453,0.6356107660455487,0.6363636363636364,0.1084937999985413
128,0.001,8,Tanh,1000,0.6365735395982453,0.6356107660455487,0.6363636363636364,0.1206158999993931
128,0.001,8,Sigmoid,50,0.6450011544677904,0.6391909129563264,0.6590909090909091,0.1530629000044427
128,0.001,8,Sigmoid,100,0.6450011544677904,0.6391909129563264,0.6590909090909091,0.1514266000012867
128,0.001,8,Sigmoid,300,0.6450011544677904,0.6391909129563264,0.6590909090909091,0.1815179000113858
128,0.001,8,Sigmoid,500,0.6450011544677904,0.6391909129563264,0.6590909090909091,0.1631238999980269
128,0.001,8,Sigmoid,1000,0.6450011544677904,0.6391909129563264,0.6590909090909091,0.154772399997455
128,0.001,8,GELU,50,0.5920110828907874,0.5905330882352942,0.5909090909090909,0.1512073000048985
128,0.001,8,GELU,100,0.5920110828907874,0.5905330882352942,0.5909090909090909,0.140900899990811
128,0.001,8,GELU,300,0.5920110828907874,0.5905330882352942,0.5909090909090909,0.1409971999964909
128,0.001,8,GELU,500,0.5920110828907874,0.5905330882352942,0.5909090909090909,0.1499926999968011
128,0.001,8,GELU,1000,0.5920110828907874,0.5905330882352942,0.5909090909090909,0.1547487000061664
128,0.001,8,Softmax,50,0.5920110828907874,0.5905330882352942,0.5909090909090909,0.1604035000054864
128,0.001,8,Softmax,100,0.5920110828907874,0.5905330882352942,0.5909090909090909,0.1404665000009117
128,0.001,8,Softmax,300,0.5920110828907874,0.5905330882352942,0.5909090909090909,0.1404859999893233
128,0.001,8,Softmax,500,0.5920110828907874,0.5905330882352942,0.5909090909090909,0.1424211999983526
128,0.001,8,Softmax,1000,0.5920110828907874,0.5905330882352942,0.5909090909090909,0.1299035999982152
128,0.001,16,ReLU,50,0.5861232971600092,0.5833094185846295,0.5833333333333334,0.0993299999972805
128,0.001,16,ReLU,100,0.5861232971600092,0.5833094185846295,0.5833333333333334,0.0884946000005584
128,0.001,16,ReLU,300,0.5861232971600092,0.5833094185846295,0.5833333333333334,0.0887436000048182
128,0.001,16,ReLU,500,0.5861232971600092,0.5833094185846295,0.5833333333333334,0.0996560000057797
128,0.001,16,ReLU,1000,0.5861232971600092,0.5833094185846295,0.5833333333333334,0.109923299998627
128,0.001,16,Tanh,50,0.6354190718078966,0.6350230414746544,0.6363636363636364,0.0779619999957503
128,0.001,16,Tanh,100,0.6354190718078966,0.6350230414746544,0.6363636363636364,0.0678948999993735
128,0.001,16,Tanh,300,0.6354190718078966,0.6350230414746544,0.6363636363636364,0.0891649999975925
128,0.001,16,Tanh,500,0.6354190718078966,0.6350230414746544,0.6363636363636364,0.0789216999983182
128,0.001,16,Tanh,1000,0.6354190718078966,0.6350230414746544,0.6363636363636364,0.0780773000005865
128,0.001,16,Sigmoid,50,0.5526437312398984,0.4793086136412536,0.5833333333333334,0.1096548000059556
128,0.001,16,Sigmoid,100,0.5526437312398984,0.4793086136412536,0.5833333333333334,0.1096320999931776
128,0.001,16,Sigmoid,300,0.5526437312398984,0.4793086136412536,0.5833333333333334,0.109498200006783
128,0.001,16,Sigmoid,500,0.5526437312398984,0.4793086136412536,0.5833333333333334,0.1099102000007405
128,0.001,16,Sigmoid,1000,0.5526437312398984,0.4793086136412536,0.5833333333333334,0.1094916000001831
128,0.001,16,GELU,50,0.5861232971600092,0.5833094185846295,0.5833333333333334,0.1327202999964356
128,0.001,16,GELU,100,0.5861232971600092,0.5833094185846295,0.5833333333333334,0.1202925999969011
128,0.001,16,GELU,300,0.5861232971600092,0.5833094185846295,0.5833333333333334,0.1187393000000156
128,0.001,16,GELU,500,0.5861232971600092,0.5833094185846295,0.5833333333333334,0.0888102000026265
128,0.001,16,GELU,1000,0.5861232971600092,0.5833094185846295,0.5833333333333334,0.1104716999980155
128,0.001,16,Softmax,50,0.5861232971600092,0.5833094185846295,0.5833333333333334,0.1100053999980446
128,0.001,16,Softmax,100,0.5861232971600092,0.5833094185846295,0.5833333333333334,0.1119476000021677
128,0.001,16,Softmax,300,0.5861232971600092,0.5833094185846295,0.5833333333333334,0.1082447999942815
128,0.001,16,Softmax,500,0.5861232971600092,0.5833094185846295,0.5833333333333334,0.0987325999885797
128,0.001,16,Softmax,1000,0.5861232971600092,0.5833094185846295,0.5833333333333334,0.0984743000008165
128,0.001,32,ReLU,50,0.5285153544216117,0.5059649122807017,0.5151515151515151,0.0874247000028844
128,0.001,32,ReLU,100,0.5285153544216117,0.5059649122807017,0.5151515151515151,0.0873581999912858
128,0.001,32,ReLU,300,0.5285153544216117,0.5059649122807017,0.5151515151515151,0.0680592999997315
128,0.001,32,ReLU,500,0.5285153544216117,0.5059649122807017,0.5151515151515151,0.0780747000098927
128,0.001,32,ReLU,1000,0.5285153544216117,0.5059649122807017,0.5151515151515151,0.0783132999931695
128,0.001,32,Tanh,50,0.6354190718078966,0.6350230414746544,0.6363636363636364,0.0575568999920506
128,0.001,32,Tanh,100,0.6354190718078966,0.6350230414746544,0.6363636363636364,0.0675772999966284
128,0.001,32,Tanh,300,0.6354190718078966,0.6350230414746544,0.6363636363636364,0.0691821000073105
128,0.001,32,Tanh,500,0.6354190718078966,0.6350230414746544,0.6363636363636364,0.0679070000041974
128,0.001,32,Tanh,1000,0.6354190718078966,0.6350230414746544,0.6363636363636364,0.0681028000108199
128,0.001,32,Sigmoid,50,0.6123297160009236,0.5809523809523809,0.6363636363636364,0.0681435000005876
128,0.001,32,Sigmoid,100,0.6123297160009236,0.5809523809523809,0.6363636363636364,0.0787098000000696
128,0.001,32,Sigmoid,300,0.6123297160009236,0.5809523809523809,0.6363636363636364,0.0682776000030571
128,0.001,32,Sigmoid,500,0.6123297160009236,0.5809523809523809,0.6363636363636364,0.0776680999988457
128,0.001,32,Sigmoid,1000,0.6123297160009236,0.5809523809523809,0.6363636363636364,0.0679702000052202
128,0.001,32,GELU,50,0.5285153544216117,0.5059649122807017,0.5151515151515151,0.0682148999912897
128,0.001,32,GELU,100,0.5285153544216117,0.5059649122807017,0.5151515151515151,0.068585000000894
128,0.001,32,GELU,300,0.5285153544216117,0.5059649122807017,0.5151515151515151,0.0890886999986833
128,0.001,32,GELU,500,0.5285153544216117,0.5059649122807017,0.5151515151515151,0.0674684999976307
128,0.001,32,GELU,1000,0.5285153544216117,0.5059649122807017,0.5151515151515151,0.0783392000012099
128,0.001,32,Softmax,50,0.5285153544216117,0.5059649122807017,0.5151515151515151,0.0896828999975696
128,0.001,32,Softmax,100,0.5285153544216117,0.5059649122807017,0.5151515151515151,0.0770309999934397
128,0.001,32,Softmax,300,0.5285153544216117,0.5059649122807017,0.5151515151515151,0.0785533000016585
128,0.001,32,Softmax,500,0.5285153544216117,0.5059649122807017,0.5151515151515151,0.0670743000082438
128,0.001,32,Softmax,1000,0.5285153544216117,0.5059649122807017,0.5151515151515151,0.0882757999934256
128,0.001,64,ReLU,50,0.5130454860309397,0.4204545454545454,0.4848484848484848,0.0558276000083424
128,0.001,64,ReLU,100,0.5130454860309397,0.4204545454545454,0.4848484848484848,0.0568628000037279
128,0.001,64,ReLU,300,0.5130454860309397,0.4204545454545454,0.4848484848484848,0.0563213999994332
128,0.001,64,ReLU,500,0.5130454860309397,0.4204545454545454,0.4848484848484848,0.0572551999939605
128,0.001,64,ReLU,1000,0.5130454860309397,0.4204545454545454,0.4848484848484848,0.0568349999957717
128,0.001,64,Tanh,50,0.5520664973447241,0.5445134575569358,0.5454545454545454,0.055904200009536
128,0.001,64,Tanh,100,0.5520664973447241,0.5445134575569358,0.5454545454545454,0.0574106999993091
128,0.001,64,Tanh,300,0.5520664973447241,0.5445134575569358,0.5454545454545454,0.0700386999960755
128,0.001,64,Tanh,500,0.5520664973447241,0.5445134575569358,0.5454545454545454,0.0566344999970169
128,0.001,64,Tanh,1000,0.5520664973447241,0.5445134575569358,0.5454545454545454,0.0560790000017732
128,0.001,64,Sigmoid,50,0.5,0.3497536945812808,0.5378787878787878,0.0463205999985802
128,0.001,64,Sigmoid,100,0.5,0.3497536945812808,0.5378787878787878,0.0458759999892208
128,0.001,64,Sigmoid,300,0.5,0.3497536945812808,0.5378787878787878,0.0475716999935684
128,0.001,64,Sigmoid,500,0.5,0.3497536945812808,0.5378787878787878,0.0456006000022171
128,0.001,64,Sigmoid,1000,0.5,0.3497536945812808,0.5378787878787878,0.0452259000012418
128,0.001,64,GELU,50,0.5130454860309397,0.4204545454545454,0.4848484848484848,0.0588834999944083
128,0.001,64,GELU,100,0.5130454860309397,0.4204545454545454,0.4848484848484848,0.0573685999988811
128,0.001,64,GELU,300,0.5130454860309397,0.4204545454545454,0.4848484848484848,0.0581579999998211
128,0.001,64,GELU,500,0.5130454860309397,0.4204545454545454,0.4848484848484848,0.0681077000044751
128,0.001,64,GELU,1000,0.5130454860309397,0.4204545454545454,0.4848484848484848,0.0560928999911993
128,0.001,64,Softmax,50,0.5130454860309397,0.4204545454545454,0.4848484848484848,0.0567841000010957
128,0.001,64,Softmax,100,0.5130454860309397,0.4204545454545454,0.4848484848484848,0.0562774999998509
128,0.001,64,Softmax,300,0.5130454860309397,0.4204545454545454,0.4848484848484848,0.0572922999999718
128,0.001,64,Softmax,500,0.5130454860309397,0.4204545454545454,0.4848484848484848,0.0577274000097531
128,0.001,64,Softmax,1000,0.5130454860309397,0.4204545454545454,0.4848484848484848,0.0575042999989818
128,0.001,128,ReLU,50,0.5,0.3160621761658031,0.4621212121212121,0.0359050999977625
128,0.001,128,ReLU,100,0.5,0.3160621761658031,0.4621212121212121,0.0354077000083634
128,0.001,128,ReLU,300,0.5,0.3160621761658031,0.4621212121212121,0.0351587000041035
128,0.001,128,ReLU,500,0.5,0.3160621761658031,0.4621212121212121,0.0357156999962171
128,0.001,128,ReLU,1000,0.5,0.3160621761658031,0.4621212121212121,0.0354962999990675
128,0.001,128,Tanh,50,0.476910644193027,0.4481540363893305,0.4621212121212121,0.0673256000009132
128,0.001,128,Tanh,100,0.476910644193027,0.4481540363893305,0.4621212121212121,0.0570522000052733
128,0.001,128,Tanh,300,0.476910644193027,0.4481540363893305,0.4621212121212121,0.0664328999991994
128,0.001,128,Tanh,500,0.476910644193027,0.4481540363893305,0.4621212121212121,0.0573132000135956
128,0.001,128,Tanh,1000,0.476910644193027,0.4481540363893305,0.4621212121212121,0.0574136000068392
128,0.001,128,Sigmoid,50,0.4504733317940429,0.4217772215269086,0.4696969696969697,0.0362423999904422
128,0.001,128,Sigmoid,100,0.4504733317940429,0.4217772215269086,0.4696969696969697,0.0358471999934408
128,0.001,128,Sigmoid,300,0.4504733317940429,0.4217772215269086,0.4696969696969697,0.0362338999984785
128,0.001,128,Sigmoid,500,0.4504733317940429,0.4217772215269086,0.4696969696969697,0.0354287000081967
128,0.001,128,Sigmoid,1000,0.4504733317940429,0.4217772215269086,0.4696969696969697,0.0457725000014761
128,0.001,128,GELU,50,0.5,0.3160621761658031,0.4621212121212121,0.0357662000023992
128,0.001,128,GELU,100,0.5,0.3160621761658031,0.4621212121212121,0.0359552000008989
128,0.001,128,GELU,300,0.5,0.3160621761658031,0.4621212121212121,0.0371989999985089
128,0.001,128,GELU,500,0.5,0.3160621761658031,0.4621212121212121,0.0353692999924533
128,0.001,128,GELU,1000,0.5,0.3160621761658031,0.4621212121212121,0.0368844000040553
128,0.001,128,Softmax,50,0.5,0.3160621761658031,0.4621212121212121,0.0359885999932885
128,0.001,128,Softmax,100,0.5,0.3160621761658031,0.4621212121212121,0.036908800000674
128,0.001,128,Softmax,300,0.5,0.3160621761658031,0.4621212121212121,0.0376888000027975
128,0.001,128,Softmax,500,0.5,0.3160621761658031,0.4621212121212121,0.0351909000019077
128,0.001,128,Softmax,1000,0.5,0.3160621761658031,0.4621212121212121,0.0361363999982131
128,0.0001,8,ReLU,50,0.5,0.3160621761658031,0.4621212121212121,0.0991496000060578
128,0.0001,8,ReLU,100,0.5,0.3160621761658031,0.4621212121212121,0.110273700003745
128,0.0001,8,ReLU,300,0.5,0.3160621761658031,0.4621212121212121,0.1003490000002784
128,0.0001,8,ReLU,500,0.5,0.3160621761658031,0.4621212121212121,0.111373799998546
128,0.0001,8,ReLU,1000,0.5,0.3160621761658031,0.4621212121212121,0.0986165999929653
128,0.0001,8,Tanh,50,0.5,0.3160621761658031,0.4621212121212121,0.1025673999974969
128,0.0001,8,Tanh,100,0.5,0.3160621761658031,0.4621212121212121,0.1003287000057753
128,0.0001,8,Tanh,300,0.5,0.3160621761658031,0.4621212121212121,0.1001391000027069
128,0.0001,8,Tanh,500,0.5,0.3160621761658031,0.4621212121212121,0.1103965999936917
128,0.0001,8,Tanh,1000,0.5,0.3160621761658031,0.4621212121212121,0.0976438999932725
128,0.0001,8,Sigmoid,50,0.4637497113830524,0.3321190042501518,0.4318181818181818,0.1008836999972118
128,0.0001,8,Sigmoid,100,0.4637497113830524,0.3321190042501518,0.4318181818181818,0.0999592000007396
128,0.0001,8,Sigmoid,300,0.4637497113830524,0.3321190042501518,0.4318181818181818,0.0991428999986965
128,0.0001,8,Sigmoid,500,0.4637497113830524,0.3321190042501518,0.4318181818181818,0.1094560000055935
128,0.0001,8,Sigmoid,1000,0.4637497113830524,0.3321190042501518,0.4318181818181818,0.0890114000067114
128,0.0001,8,GELU,50,0.5,0.3160621761658031,0.4621212121212121,0.0996300999977393
128,0.0001,8,GELU,100,0.5,0.3160621761658031,0.4621212121212121,0.1089787999953841
128,0.0001,8,GELU,300,0.5,0.3160621761658031,0.4621212121212121,0.1087334000039845
128,0.0001,8,GELU,500,0.5,0.3160621761658031,0.4621212121212121,0.0983419999975012
128,0.0001,8,GELU,1000,0.5,0.3160621761658031,0.4621212121212121,0.0989257999899564
128,0.0001,8,Softmax,50,0.5,0.3160621761658031,0.4621212121212121,0.0989544000040041
128,0.0001,8,Softmax,100,0.5,0.3160621761658031,0.4621212121212121,0.0998059999983524
128,0.0001,8,Softmax,300,0.5,0.3160621761658031,0.4621212121212121,0.089188700003433
128,0.0001,8,Softmax,500,0.5,0.3160621761658031,0.4621212121212121,0.0996635999908903
128,0.0001,8,Softmax,1000,0.5,0.3160621761658031,0.4621212121212121,0.0888541000022087
128,0.0001,16,ReLU,50,0.5,0.3160621761658031,0.4621212121212121,0.0675209999899379
128,0.0001,16,ReLU,100,0.5,0.3160621761658031,0.4621212121212121,0.0999910000100499
128,0.0001,16,ReLU,300,0.5,0.3160621761658031,0.4621212121212121,0.0768260000040754
128,0.0001,16,ReLU,500,0.5,0.3160621761658031,0.4621212121212121,0.0576796999957878
128,0.0001,16,ReLU,1000,0.5,0.3160621761658031,0.4621212121212121,0.0581483999994816
128,0.0001,16,Tanh,50,0.5,0.3160621761658031,0.4621212121212121,0.0687976000044727
128,0.0001,16,Tanh,100,0.5,0.3160621761658031,0.4621212121212121,0.0686203999939607
128,0.0001,16,Tanh,300,0.5,0.3160621761658031,0.4621212121212121,0.0580140000092797
128,0.0001,16,Tanh,500,0.5,0.3160621761658031,0.4621212121212121,0.0577767999930074
128,0.0001,16,Tanh,1000,0.5,0.3160621761658031,0.4621212121212121,0.0690489999979035
128,0.0001,16,Sigmoid,50,0.4637497113830524,0.3321190042501518,0.4318181818181818,0.0680867000046419
128,0.0001,16,Sigmoid,100,0.4637497113830524,0.3321190042501518,0.4318181818181818,0.0791259999969042
128,0.0001,16,Sigmoid,300,0.4637497113830524,0.3321190042501518,0.4318181818181818,0.069194099996821
128,0.0001,16,Sigmoid,500,0.4637497113830524,0.3321190042501518,0.4318181818181818,0.0688960000115912
128,0.0001,16,Sigmoid,1000,0.4637497113830524,0.3321190042501518,0.4318181818181818,0.0664638000016566
128,0.0001,16,GELU,50,0.5,0.3160621761658031,0.4621212121212121,0.0684156000061193
128,0.0001,16,GELU,100,0.5,0.3160621761658031,0.4621212121212121,0.0685024999984307
128,0.0001,16,GELU,300,0.5,0.3160621761658031,0.4621212121212121,0.0587120999989565
128,0.0001,16,GELU,500,0.5,0.3160621761658031,0.4621212121212121,0.0564406999910716
128,0.0001,16,GELU,1000,0.5,0.3160621761658031,0.4621212121212121,0.0687850999966031
128,0.0001,16,Softmax,50,0.5,0.3160621761658031,0.4621212121212121,0.0680348000023514
128,0.0001,16,Softmax,100,0.5,0.3160621761658031,0.4621212121212121,0.0578007000003708
128,0.0001,16,Softmax,300,0.5,0.3160621761658031,0.4621212121212121,0.0686396999954013
128,0.0001,16,Softmax,500,0.5,0.3160621761658031,0.4621212121212121,0.1001379000081215
128,0.0001,16,Softmax,1000,0.5,0.3160621761658031,0.4621212121212121,0.0676582000014605
128,0.0001,32,ReLU,50,0.5,0.3160621761658031,0.4621212121212121,0.0563336000050185
128,0.0001,32,ReLU,100,0.5,0.3160621761658031,0.4621212121212121,0.0577278999990085
128,0.0001,32,ReLU,300,0.5,0.3160621761658031,0.4621212121212121,0.0578452000045217
128,0.0001,32,ReLU,500,0.5,0.3160621761658031,0.4621212121212121,0.0469991999998455
128,0.0001,32,ReLU,1000,0.5,0.3160621761658031,0.4621212121212121,0.05769760000112
128,0.0001,32,Tanh,50,0.5,0.3160621761658031,0.4621212121212121,0.0472563000075751
128,0.0001,32,Tanh,100,0.5,0.3160621761658031,0.4621212121212121,0.0568459999922197
128,0.0001,32,Tanh,300,0.5,0.3160621761658031,0.4621212121212121,0.0585205999959725
128,0.0001,32,Tanh,500,0.5,0.3160621761658031,0.4621212121212121,0.0468583000038052
128,0.0001,32,Tanh,1000,0.5,0.3160621761658031,0.4621212121212121,0.0564852999959839
128,0.0001,32,Sigmoid,50,0.4898406834449318,0.4684563758389262,0.4772727272727273,0.0577149000018835
128,0.0001,32,Sigmoid,100,0.4898406834449318,0.4684563758389262,0.4772727272727273,0.0570913999981712
128,0.0001,32,Sigmoid,300,0.4898406834449318,0.4684563758389262,0.4772727272727273,0.0582061000022804
128,0.0001,32,Sigmoid,500,0.4898406834449318,0.4684563758389262,0.4772727272727273,0.0577985999989323
128,0.0001,32,Sigmoid,1000,0.4898406834449318,0.4684563758389262,0.4772727272727273,0.0556080000096699
128,0.0001,32,GELU,50,0.5,0.3160621761658031,0.4621212121212121,0.0568426999961957
128,0.0001,32,GELU,100,0.5,0.3160621761658031,0.4621212121212121,0.0459539000003133
128,0.0001,32,GELU,300,0.5,0.3160621761658031,0.4621212121212121,0.0579490999953122
128,0.0001,32,GELU,500,0.5,0.3160621761658031,0.4621212121212121,0.0570619999925838
128,0.0001,32,GELU,1000,0.5,0.3160621761658031,0.4621212121212121,0.0466215000051306
128,0.0001,32,Softmax,50,0.5,0.3160621761658031,0.4621212121212121,0.0566270999988773
128,0.0001,32,Softmax,100,0.5,0.3160621761658031,0.4621212121212121,0.0568675000104121
128,0.0001,32,Softmax,300,0.5,0.3160621761658031,0.4621212121212121,0.0465848000021651
128,0.0001,32,Softmax,500,0.5,0.3160621761658031,0.4621212121212121,0.0576468999934149
128,0.0001,32,Softmax,1000,0.5,0.3160621761658031,0.4621212121212121,0.047169199999189
128,0.0001,64,ReLU,50,0.5,0.3160621761658031,0.4621212121212121,0.0465173999982653
128,0.0001,64,ReLU,100,0.5,0.3160621761658031,0.4621212121212121,0.0355437999969581
128,0.0001,64,ReLU,300,0.5,0.3160621761658031,0.4621212121212121,0.0358674000017344
128,0.0001,64,ReLU,500,0.5,0.3160621761658031,0.4621212121212121,0.0462549999938346
128,0.0001,64,ReLU,1000,0.5,0.3160621761658031,0.4621212121212121,0.0456919999996898
128,0.0001,64,Tanh,50,0.5,0.3160621761658031,0.4621212121212121,0.0475036999996518
128,0.0001,64,Tanh,100,0.5,0.3160621761658031,0.4621212121212121,0.0468557999993208
128,0.0001,64,Tanh,300,0.5,0.3160621761658031,0.4621212121212121,0.0463735000084852
128,0.0001,64,Tanh,500,0.5,0.3160621761658031,0.4621212121212121,0.0465966000047046
128,0.0001,64,Tanh,1000,0.5,0.3160621761658031,0.4621212121212121,0.0470109000016236
128,0.0001,64,Sigmoid,50,0.4793350265527591,0.4652777777777778,0.4696969696969697,0.0572169000079156
128,0.0001,64,Sigmoid,100,0.4793350265527591,0.4652777777777778,0.4696969696969697,0.0464435000030789
128,0.0001,64,Sigmoid,300,0.4793350265527591,0.4652777777777778,0.4696969696969697,0.0565733999974327
128,0.0001,64,Sigmoid,500,0.4793350265527591,0.4652777777777778,0.4696969696969697,0.0564894999988609
128,0.0001,64,Sigmoid,1000,0.4793350265527591,0.4652777777777778,0.4696969696969697,0.0460447000077692
128,0.0001,64,GELU,50,0.5,0.3160621761658031,0.4621212121212121,0.0453567999938968
128,0.0001,64,GELU,100,0.5,0.3160621761658031,0.4621212121212121,0.0460867999936454
128,0.0001,64,GELU,300,0.5,0.3160621761658031,0.4621212121212121,0.047106400001212
128,0.0001,64,GELU,500,0.5,0.3160621761658031,0.4621212121212121,0.0461898000066867
128,0.0001,64,GELU,1000,0.5,0.3160621761658031,0.4621212121212121,0.0471223000058671
128,0.0001,64,Softmax,50,0.5,0.3160621761658031,0.4621212121212121,0.0470722000027308
128,0.0001,64,Softmax,100,0.5,0.3160621761658031,0.4621212121212121,0.0364463000005343
128,0.0001,64,Softmax,300,0.5,0.3160621761658031,0.4621212121212121,0.0365536000026622
128,0.0001,64,Softmax,500,0.5,0.3160621761658031,0.4621212121212121,0.0463289000035729
128,0.0001,64,Softmax,1000,0.5,0.3160621761658031,0.4621212121212121,0.045844100008253
128,0.0001,128,ReLU,50,0.5,0.3160621761658031,0.4621212121212121,0.0360996000090381
128,0.0001,128,ReLU,100,0.5,0.3160621761658031,0.4621212121212121,0.0362930999981472
128,0.0001,128,ReLU,300,0.5,0.3160621761658031,0.4621212121212121,0.0360280000022612
128,0.0001,128,ReLU,500,0.5,0.3160621761658031,0.4621212121212121,0.0360395000025164
128,0.0001,128,ReLU,1000,0.5,0.3160621761658031,0.4621212121212121,0.0362618999934056
128,0.0001,128,Tanh,50,0.5,0.3160621761658031,0.4621212121212121,0.0372970000025816
128,0.0001,128,Tanh,100,0.5,0.3160621761658031,0.4621212121212121,0.0369497999927261
128,0.0001,128,Tanh,300,0.5,0.3160621761658031,0.4621212121212121,0.0356388999935006
128,0.0001,128,Tanh,500,0.5,0.3160621761658031,0.4621212121212121,0.0360259000008227
128,0.0001,128,Tanh,1000,0.5,0.3160621761658031,0.4621212121212121,0.0369991999905323
128,0.0001,128,Sigmoid,50,0.4744862618332949,0.4248366013071896,0.4545454545454545,0.0469223999971291
128,0.0001,128,Sigmoid,100,0.4744862618332949,0.4248366013071896,0.4545454545454545,0.046790599997621
128,0.0001,128,Sigmoid,300,0.4744862618332949,0.4248366013071896,0.4545454545454545,0.0455025999981444
128,0.0001,128,Sigmoid,500,0.4744862618332949,0.4248366013071896,0.4545454545454545,0.0471541000006254
128,0.0001,128,Sigmoid,1000,0.4744862618332949,0.4248366013071896,0.4545454545454545,0.0464913000032538
128,0.0001,128,GELU,50,0.5,0.3160621761658031,0.4621212121212121,0.0352826000016648
128,0.0001,128,GELU,100,0.5,0.3160621761658031,0.4621212121212121,0.0360698999866144
128,0.0001,128,GELU,300,0.5,0.3160621761658031,0.4621212121212121,0.0355309000005945
128,0.0001,128,GELU,500,0.5,0.3160621761658031,0.4621212121212121,0.0378495999902952
128,0.0001,128,GELU,1000,0.5,0.3160621761658031,0.4621212121212121,0.0357404999958816
128,0.0001,128,Softmax,50,0.5,0.3160621761658031,0.4621212121212121,0.03458999999566
128,0.0001,128,Softmax,100,0.5,0.3160621761658031,0.4621212121212121,0.0363498999940929
128,0.0001,128,Softmax,300,0.5,0.3160621761658031,0.4621212121212121,0.035969999997178
128,0.0001,128,Softmax,500,0.5,0.3160621761658031,0.4621212121212121,0.0357452000025659
128,0.0001,128,Softmax,1000,0.5,0.3160621761658031,0.4621212121212121,0.0374415999976918
128,0.00025,8,ReLU,50,0.5141999538212884,0.4136399268356415,0.4848484848484848,0.1613442999951075
128,0.00025,8,ReLU,100,0.5141999538212884,0.4136399268356415,0.4848484848484848,0.1601954999932786
128,0.00025,8,ReLU,300,0.5141999538212884,0.4136399268356415,0.4848484848484848,0.1622271999949589
128,0.00025,8,ReLU,500,0.5141999538212884,0.4136399268356415,0.4848484848484848,0.1605372999911196
128,0.00025,8,ReLU,1000,0.5141999538212884,0.4136399268356415,0.4848484848484848,0.1301287999958731
128,0.00025,8,Tanh,50,0.6000923574232279,0.5885476795197413,0.5909090909090909,0.1709470999921905
128,0.00025,8,Tanh,100,0.6000923574232279,0.5885476795197413,0.5909090909090909,0.1713873999979114
128,0.00025,8,Tanh,300,0.6000923574232279,0.5885476795197413,0.5909090909090909,0.1719804000022122
128,0.00025,8,Tanh,500,0.6000923574232279,0.5885476795197413,0.5909090909090909,0.1812120000104187
128,0.00025,8,Tanh,1000,0.6000923574232279,0.5885476795197413,0.5909090909090909,0.1721386999997776
128,0.00025,8,Sigmoid,50,0.4929577464788732,0.3465346534653465,0.5303030303030303,0.0885297000058926
128,0.00025,8,Sigmoid,100,0.4929577464788732,0.3465346534653465,0.5303030303030303,0.0987772999942535
128,0.00025,8,Sigmoid,300,0.4929577464788732,0.3465346534653465,0.5303030303030303,0.0987112000002525
128,0.00025,8,Sigmoid,500,0.4929577464788732,0.3465346534653465,0.5303030303030303,0.0998244000074919
128,0.00025,8,Sigmoid,1000,0.4929577464788732,0.3465346534653465,0.5303030303030303,0.0997541999968234
128,0.00025,8,GELU,50,0.5141999538212884,0.4136399268356415,0.4848484848484848,0.1415656999888597
128,0.00025,8,GELU,100,0.5141999538212884,0.4136399268356415,0.4848484848484848,0.1402745000086724
128,0.00025,8,GELU,300,0.5141999538212884,0.4136399268356415,0.4848484848484848,0.1387497999967308
128,0.00025,8,GELU,500,0.5141999538212884,0.4136399268356415,0.4848484848484848,0.1493278999987524
128,0.00025,8,GELU,1000,0.5141999538212884,0.4136399268356415,0.4848484848484848,0.1501087999931769
128,0.00025,8,Softmax,50,0.5141999538212884,0.4136399268356415,0.4848484848484848,0.1514733000076376
128,0.00025,8,Softmax,100,0.5141999538212884,0.4136399268356415,0.4848484848484848,0.1386609000037424
128,0.00025,8,Softmax,300,0.5141999538212884,0.4136399268356415,0.4848484848484848,0.1500775000022258
128,0.00025,8,Softmax,500,0.5141999538212884,0.4136399268356415,0.4848484848484848,0.1402959999977611
128,0.00025,8,Softmax,1000,0.5141999538212884,0.4136399268356415,0.4848484848484848,0.1600227000017184
128,0.00025,16,ReLU,50,0.5,0.3160621761658031,0.4621212121212121,0.0665639999933773
128,0.00025,16,ReLU,100,0.5,0.3160621761658031,0.4621212121212121,0.0674887999921338
128,0.00025,16,ReLU,300,0.5,0.3160621761658031,0.4621212121212121,0.0563629000098444
128,0.00025,16,ReLU,500,0.5,0.3160621761658031,0.4621212121212121,0.0583002999919699
128,0.00025,16,ReLU,1000,0.5,0.3160621761658031,0.4621212121212121,0.0690300000132992
128,0.00025,16,Tanh,50,0.540175479104133,0.5049705339603547,0.5227272727272727,0.110947599998326
128,0.00025,16,Tanh,100,0.540175479104133,0.5049705339603547,0.5227272727272727,0.1096178000007057
128,0.00025,16,Tanh,300,0.540175479104133,0.5049705339603547,0.5227272727272727,0.0993000000016763
128,0.00025,16,Tanh,500,0.540175479104133,0.5049705339603547,0.5227272727272727,0.0984229000023333
128,0.00025,16,Tanh,1000,0.540175479104133,0.5049705339603547,0.5227272727272727,0.109688600001391
128,0.00025,16,Sigmoid,50,0.4928422996998384,0.4133333333333333,0.5227272727272727,0.0768308999977307
128,0.00025,16,Sigmoid,100,0.4928422996998384,0.4133333333333333,0.5227272727272727,0.0575211999966995
128,0.00025,16,Sigmoid,300,0.4928422996998384,0.4133333333333333,0.5227272727272727,0.0562693999963812
128,0.00025,16,Sigmoid,500,0.4928422996998384,0.4133333333333333,0.5227272727272727,0.0577100999944377
128,0.00025,16,Sigmoid,1000,0.4928422996998384,0.4133333333333333,0.5227272727272727,0.079018399992492
128,0.00025,16,GELU,50,0.5,0.3160621761658031,0.4621212121212121,0.0566527000046335
128,0.00025,16,GELU,100,0.5,0.3160621761658031,0.4621212121212121,0.0678483999945456
128,0.00025,16,GELU,300,0.5,0.3160621761658031,0.4621212121212121,0.0576526999939233
128,0.00025,16,GELU,500,0.5,0.3160621761658031,0.4621212121212121,0.0689187999960267
128,0.00025,16,GELU,1000,0.5,0.3160621761658031,0.4621212121212121,0.0592309999919962
128,0.00025,16,Softmax,50,0.5,0.3160621761658031,0.4621212121212121,0.057952600007411
128,0.00025,16,Softmax,100,0.5,0.3160621761658031,0.4621212121212121,0.0690443999919807
128,0.00025,16,Softmax,300,0.5,0.3160621761658031,0.4621212121212121,0.0573616000037873
128,0.00025,16,Softmax,500,0.5,0.3160621761658031,0.4621212121212121,0.0684503999946173
128,0.00025,16,Softmax,1000,0.5,0.3160621761658031,0.4621212121212121,0.0575472000055015
128,0.00025,32,ReLU,50,0.5,0.3160621761658031,0.4621212121212121,0.0459697000042069
128,0.00025,32,ReLU,100,0.5,0.3160621761658031,0.4621212121212121,0.0456541000021388
128,0.00025,32,ReLU,300,0.5,0.3160621761658031,0.4621212121212121,0.0458237999991979
128,0.00025,32,ReLU,500,0.5,0.3160621761658031,0.4621212121212121,0.0573497000004863
128,0.00025,32,ReLU,1000,0.5,0.3160621761658031,0.4621212121212121,0.0561547999968752
128,0.00025,32,Tanh,50,0.5,0.3160621761658031,0.4621212121212121,0.0470018000050913
128,0.00025,32,Tanh,100,0.5,0.3160621761658031,0.4621212121212121,0.0570356999960495
128,0.00025,32,Tanh,300,0.5,0.3160621761658031,0.4621212121212121,0.0469551999995019
128,0.00025,32,Tanh,500,0.5,0.3160621761658031,0.4621212121212121,0.0580466000101296
128,0.00025,32,Tanh,1000,0.5,0.3160621761658031,0.4621212121212121,0.0470520999951986
128,0.00025,32,Sigmoid,50,0.4861463865158162,0.416256617876051,0.4621212121212121,0.0568627000029664
128,0.00025,32,Sigmoid,100,0.4861463865158162,0.416256617876051,0.4621212121212121,0.0572152999957324
128,0.00025,32,Sigmoid,300,0.4861463865158162,0.416256617876051,0.4621212121212121,0.0455277000000933
128,0.00025,32,Sigmoid,500,0.4861463865158162,0.416256617876051,0.4621212121212121,0.0561262999981408
128,0.00025,32,Sigmoid,1000,0.4861463865158162,0.416256617876051,0.4621212121212121,0.0481298000086098
128,0.00025,32,GELU,50,0.5,0.3160621761658031,0.4621212121212121,0.0569442999985767
128,0.00025,32,GELU,100,0.5,0.3160621761658031,0.4621212121212121,0.0472580999921774
128,0.00025,32,GELU,300,0.5,0.3160621761658031,0.4621212121212121,0.0584224999911384
128,0.00025,32,GELU,500,0.5,0.3160621761658031,0.4621212121212121,0.0471543000021483
128,0.00025,32,GELU,1000,0.5,0.3160621761658031,0.4621212121212121,0.0464152000058675
128,0.00025,32,Softmax,50,0.5,0.3160621761658031,0.4621212121212121,0.0571844999940367
128,0.00025,32,Softmax,100,0.5,0.3160621761658031,0.4621212121212121,0.0576981000049272
128,0.00025,32,Softmax,300,0.5,0.3160621761658031,0.4621212121212121,0.0580925999965984
128,0.00025,32,Softmax,500,0.5,0.3160621761658031,0.4621212121212121,0.0573678999935509
128,0.00025,32,Softmax,1000,0.5,0.3160621761658031,0.4621212121212121,0.057742999997572
128,0.00025,64,ReLU,50,0.5,0.3160621761658031,0.4621212121212121,0.0356596000056015
128,0.00025,64,ReLU,100,0.5,0.3160621761658031,0.4621212121212121,0.0470213999942643
128,0.00025,64,ReLU,300,0.5,0.3160621761658031,0.4621212121212121,0.0366696999990381
128,0.00025,64,ReLU,500,0.5,0.3160621761658031,0.4621212121212121,0.0455516999936662
128,0.00025,64,ReLU,1000,0.5,0.3160621761658031,0.4621212121212121,0.0462133999972138
128,0.00025,64,Tanh,50,0.5,0.3160621761658031,0.4621212121212121,0.0360708999942289
128,0.00025,64,Tanh,100,0.5,0.3160621761658031,0.4621212121212121,0.0368596999906003
128,0.00025,64,Tanh,300,0.5,0.3160621761658031,0.4621212121212121,0.0459625000075902
128,0.00025,64,Tanh,500,0.5,0.3160621761658031,0.4621212121212121,0.0455059000087203
128,0.00025,64,Tanh,1000,0.5,0.3160621761658031,0.4621212121212121,0.0474452000053133
128,0.00025,64,Sigmoid,50,0.4838374509351189,0.4262626262626262,0.4621212121212121,0.0475149999983841
128,0.00025,64,Sigmoid,100,0.4838374509351189,0.4262626262626262,0.4621212121212121,0.046321000001626
128,0.00025,64,Sigmoid,300,0.4838374509351189,0.4262626262626262,0.4621212121212121,0.0473240999999688
128,0.00025,64,Sigmoid,500,0.4838374509351189,0.4262626262626262,0.4621212121212121,0.0467198999976972
128,0.00025,64,Sigmoid,1000,0.4838374509351189,0.4262626262626262,0.4621212121212121,0.046884700001101
128,0.00025,64,GELU,50,0.5,0.3160621761658031,0.4621212121212121,0.0469274000060977
128,0.00025,64,GELU,100,0.5,0.3160621761658031,0.4621212121212121,0.0457660000101896
128,0.00025,64,GELU,300,0.5,0.3160621761658031,0.4621212121212121,0.0475567000103183
128,0.00025,64,GELU,500,0.5,0.3160621761658031,0.4621212121212121,0.0366709000081755
128,0.00025,64,GELU,1000,0.5,0.3160621761658031,0.4621212121212121,0.0463945000083185
128,0.00025,64,Softmax,50,0.5,0.3160621761658031,0.4621212121212121,0.0476281000010203
128,0.00025,64,Softmax,100,0.5,0.3160621761658031,0.4621212121212121,0.0481729000021005
128,0.00025,64,Softmax,300,0.5,0.3160621761658031,0.4621212121212121,0.0479674000089289
128,0.00025,64,Softmax,500,0.5,0.3160621761658031,0.4621212121212121,0.047585300009814
128,0.00025,64,Softmax,1000,0.5,0.3160621761658031,0.4621212121212121,0.0475313999922946
128,0.00025,128,ReLU,50,0.5,0.3160621761658031,0.4621212121212121,0.0486972000071546
128,0.00025,128,ReLU,100,0.5,0.3160621761658031,0.4621212121212121,0.0363366000092355
128,0.00025,128,ReLU,300,0.5,0.3160621761658031,0.4621212121212121,0.0365788000053726
128,0.00025,128,ReLU,500,0.5,0.3160621761658031,0.4621212121212121,0.0476937999919755
128,0.00025,128,ReLU,1000,0.5,0.3160621761658031,0.4621212121212121,0.0480898000096203
128,0.00025,128,Tanh,50,0.5,0.3160621761658031,0.4621212121212121,0.0540598000079626
128,0.00025,128,Tanh,100,0.5,0.3160621761658031,0.4621212121212121,0.0366982999985339
128,0.00025,128,Tanh,300,0.5,0.3160621761658031,0.4621212121212121,0.0365503000066382
128,0.00025,128,Tanh,500,0.5,0.3160621761658031,0.4621212121212121,0.0359941999922739
128,0.00025,128,Tanh,1000,0.5,0.3160621761658031,0.4621212121212121,0.0361765999987255
128,0.00025,128,Sigmoid,50,0.4628261371507735,0.4296537437111571,0.4469696969696969,0.0472357999969972
128,0.00025,128,Sigmoid,100,0.4628261371507735,0.4296537437111571,0.4469696969696969,0.0473213999939616
128,0.00025,128,Sigmoid,300,0.4628261371507735,0.4296537437111571,0.4469696969696969,0.0467357999878004
128,0.00025,128,Sigmoid,500,0.4628261371507735,0.4296537437111571,0.4469696969696969,0.0478739999962272
128,0.00025,128,Sigmoid,1000,0.4628261371507735,0.4296537437111571,0.4469696969696969,0.0467444999958388
128,0.00025,128,GELU,50,0.5,0.3160621761658031,0.4621212121212121,0.036766000004718
128,0.00025,128,GELU,100,0.5,0.3160621761658031,0.4621212121212121,0.036910099996021
128,0.00025,128,GELU,300,0.5,0.3160621761658031,0.4621212121212121,0.0364084999891929
128,0.00025,128,GELU,500,0.5,0.3160621761658031,0.4621212121212121,0.0371560000057797
128,0.00025,128,GELU,1000,0.5,0.3160621761658031,0.4621212121212121,0.0359668000019155
128,0.00025,128,Softmax,50,0.5,0.3160621761658031,0.4621212121212121,0.0476801000040723
128,0.00025,128,Softmax,100,0.5,0.3160621761658031,0.4621212121212121,0.0366924999980255
128,0.00025,128,Softmax,300,0.5,0.3160621761658031,0.4621212121212121,0.039037599999574
128,0.00025,128,Softmax,500,0.5,0.3160621761658031,0.4621212121212121,0.0367303999955765
128,0.00025,128,Softmax,1000,0.5,0.3160621761658031,0.4621212121212121,0.0379545000032521
