Hidden_Neurons,Learning_Rate,Batch_Size,Activation_Function,Epochs,Balanced_Accuracy,Macro F1 Score,Accuracy,Time(s)
8,0.01,8,ReLU,50,0.52,0.4652406417112299,0.52,0.18168099992908537
8,0.01,8,ReLU,100,0.52,0.4652406417112299,0.52,0.12364430003799498
8,0.01,8,ReLU,300,0.52,0.4652406417112299,0.52,0.08848890010267496
8,0.01,8,ReLU,500,0.52,0.4652406417112299,0.52,0.0843096999451518
8,0.01,8,ReLU,1000,0.52,0.4652406417112299,0.52,0.08234549988992512
8,0.01,8,Tanh,50,0.48,0.4724025974025974,0.48,0.10471639991737902
8,0.01,8,Tanh,100,0.48,0.4724025974025974,0.48,0.08238580008037388
8,0.01,8,Tanh,300,0.48,0.4724025974025974,0.48,0.09888199996203184
8,0.01,8,Tanh,500,0.48,0.4724025974025974,0.48,0.14318559993989766
8,0.01,8,Tanh,1000,0.48,0.4724025974025974,0.48,0.14442640007473528
8,0.01,8,Sigmoid,50,0.46,0.45804897631473307,0.46,0.15131570002995431
8,0.01,8,Sigmoid,100,0.46,0.45804897631473307,0.46,0.15615799999795854
8,0.01,8,Sigmoid,300,0.46,0.45804897631473307,0.46,0.14768590009771287
8,0.01,8,Sigmoid,500,0.46,0.45804897631473307,0.46,0.2005854998715222
8,0.01,8,Sigmoid,1000,0.46,0.45804897631473307,0.46,0.15534219983965158
8,0.01,8,GELU,50,0.52,0.4652406417112299,0.52,0.13461200008168817
8,0.01,8,GELU,100,0.52,0.4652406417112299,0.52,0.13118849997408688
8,0.01,8,GELU,300,0.52,0.4652406417112299,0.52,0.12208050000481308
8,0.01,8,GELU,500,0.52,0.4652406417112299,0.52,0.1112353999633342
8,0.01,8,GELU,1000,0.52,0.4652406417112299,0.52,0.12227749987505376
8,0.01,8,Softmax,50,0.46,0.45804897631473307,0.46,0.099522499833256
8,0.01,8,Softmax,100,0.46,0.45804897631473307,0.46,0.13796279998496175
8,0.01,8,Softmax,300,0.46,0.45804897631473307,0.46,0.16642959997989237
8,0.01,8,Softmax,500,0.46,0.45804897631473307,0.46,0.14587990008294582
8,0.01,8,Softmax,1000,0.46,0.45804897631473307,0.46,0.11968240002170205
8,0.01,16,ReLU,50,0.54,0.44147644487615345,0.54,0.1136370999738574
8,0.01,16,ReLU,100,0.54,0.44147644487615345,0.54,0.10176600003615022
8,0.01,16,ReLU,300,0.54,0.44147644487615345,0.54,0.0892929001711309
8,0.01,16,ReLU,500,0.54,0.44147644487615345,0.54,0.09264239994809031
8,0.01,16,ReLU,1000,0.54,0.44147644487615345,0.54,0.07728679990395904
8,0.01,16,Tanh,50,0.5,0.46374946374946374,0.5,0.09502510004676878
8,0.01,16,Tanh,100,0.5,0.46374946374946374,0.5,0.07036890019662678
8,0.01,16,Tanh,300,0.5,0.46374946374946374,0.5,0.07337150000967085
8,0.01,16,Tanh,500,0.5,0.46374946374946374,0.5,0.07270739995874465
8,0.01,16,Tanh,1000,0.5,0.46374946374946374,0.5,0.06854640017263591
8,0.01,16,Sigmoid,50,0.52,0.5073891625615763,0.52,0.05866549978964031
8,0.01,16,Sigmoid,100,0.52,0.5073891625615763,0.52,0.1113331001251936
8,0.01,16,Sigmoid,300,0.52,0.5073891625615763,0.52,0.09752939990721643
8,0.01,16,Sigmoid,500,0.52,0.5073891625615763,0.52,0.1277550000231713
8,0.01,16,Sigmoid,1000,0.52,0.5073891625615763,0.52,0.12316760001704097
8,0.01,16,GELU,50,0.54,0.44147644487615345,0.54,0.10880669998005033
8,0.01,16,GELU,100,0.54,0.44147644487615345,0.54,0.08824389986693859
8,0.01,16,GELU,300,0.54,0.44147644487615345,0.54,0.11096219997853041
8,0.01,16,GELU,500,0.54,0.44147644487615345,0.54,0.08411199995316565
8,0.01,16,GELU,1000,0.54,0.44147644487615345,0.54,0.10125009994953871
8,0.01,16,Softmax,50,0.52,0.5073891625615763,0.52,0.09583549993112683
8,0.01,16,Softmax,100,0.52,0.5073891625615763,0.52,0.09113350021652877
8,0.01,16,Softmax,300,0.52,0.5073891625615763,0.52,0.12310329987667501
8,0.01,16,Softmax,500,0.52,0.5073891625615763,0.52,0.09172399993985891
8,0.01,16,Softmax,1000,0.52,0.5073891625615763,0.52,0.10505059990100563
8,0.01,32,ReLU,50,0.52,0.37629937629937626,0.52,0.07944439980201423
8,0.01,32,ReLU,100,0.52,0.37629937629937626,0.52,0.06992500019259751
8,0.01,32,ReLU,300,0.52,0.37629937629937626,0.52,0.0686962001491338
8,0.01,32,ReLU,500,0.52,0.37629937629937626,0.52,0.08070380007848144
8,0.01,32,ReLU,1000,0.52,0.37629937629937626,0.52,0.08448350010439754
8,0.01,32,Tanh,50,0.5,0.3333333333333333,0.5,0.06934269983321428
8,0.01,32,Tanh,100,0.5,0.3333333333333333,0.5,0.08151160017587245
8,0.01,32,Tanh,300,0.5,0.3333333333333333,0.5,0.06704670004546642
8,0.01,32,Tanh,500,0.5,0.3333333333333333,0.5,0.07863290002569556
8,0.01,32,Tanh,1000,0.5,0.3333333333333333,0.5,0.07122509996406734
8,0.01,32,Sigmoid,50,0.5,0.3333333333333333,0.5,0.07014259998686612
8,0.01,32,Sigmoid,100,0.5,0.3333333333333333,0.5,0.07420349982567132
8,0.01,32,Sigmoid,300,0.5,0.3333333333333333,0.5,0.06583289988338947
8,0.01,32,Sigmoid,500,0.5,0.3333333333333333,0.5,0.06436889991164207
8,0.01,32,Sigmoid,1000,0.5,0.3333333333333333,0.5,0.05612000008113682
8,0.01,32,GELU,50,0.52,0.37629937629937626,0.52,0.06645240006037056
8,0.01,32,GELU,100,0.52,0.37629937629937626,0.52,0.05477669998072088
8,0.01,32,GELU,300,0.52,0.37629937629937626,0.52,0.0586239998228848
8,0.01,32,GELU,500,0.52,0.37629937629937626,0.52,0.05918770004063845
8,0.01,32,GELU,1000,0.52,0.37629937629937626,0.52,0.052354699932038784
8,0.01,32,Softmax,50,0.5,0.3333333333333333,0.5,0.04739980003796518
8,0.01,32,Softmax,100,0.5,0.3333333333333333,0.5,0.039772299816831946
8,0.01,32,Softmax,300,0.5,0.3333333333333333,0.5,0.04021249990910292
8,0.01,32,Softmax,500,0.5,0.3333333333333333,0.5,0.04834800004027784
8,0.01,32,Softmax,1000,0.5,0.3333333333333333,0.5,0.04091829992830753
8,0.01,64,ReLU,50,0.5,0.3333333333333333,0.5,0.07071230001747608
8,0.01,64,ReLU,100,0.5,0.3333333333333333,0.5,0.06065769982524216
8,0.01,64,ReLU,300,0.5,0.3333333333333333,0.5,0.05181739991530776
8,0.01,64,ReLU,500,0.5,0.3333333333333333,0.5,0.039631100138649344
8,0.01,64,ReLU,1000,0.5,0.3333333333333333,0.5,0.03850310016423464
8,0.01,64,Tanh,50,0.5,0.3333333333333333,0.5,0.03624180005863309
8,0.01,64,Tanh,100,0.5,0.3333333333333333,0.5,0.042074899887666106
8,0.01,64,Tanh,300,0.5,0.3333333333333333,0.5,0.06997799989767373
8,0.01,64,Tanh,500,0.5,0.3333333333333333,0.5,0.06230139988474548
8,0.01,64,Tanh,1000,0.5,0.3333333333333333,0.5,0.06565880007110536
8,0.01,64,Sigmoid,50,0.5,0.3333333333333333,0.5,0.061590599827468395
8,0.01,64,Sigmoid,100,0.5,0.3333333333333333,0.5,0.06929010013118386
8,0.01,64,Sigmoid,300,0.5,0.3333333333333333,0.5,0.06529799988493323
8,0.01,64,Sigmoid,500,0.5,0.3333333333333333,0.5,0.07171320007182658
8,0.01,64,Sigmoid,1000,0.5,0.3333333333333333,0.5,0.0690403999760747
8,0.01,64,GELU,50,0.5,0.3333333333333333,0.5,0.06542750005610287
8,0.01,64,GELU,100,0.5,0.3333333333333333,0.5,0.07302740006707609
8,0.01,64,GELU,300,0.5,0.3333333333333333,0.5,0.06159749999642372
8,0.01,64,GELU,500,0.5,0.3333333333333333,0.5,0.06682710000313818
8,0.01,64,GELU,1000,0.5,0.3333333333333333,0.5,0.0637493000831455
8,0.01,64,Softmax,50,0.5,0.3333333333333333,0.5,0.06341170007362962
8,0.01,64,Softmax,100,0.5,0.3333333333333333,0.5,0.0642591998912394
8,0.01,64,Softmax,300,0.5,0.3333333333333333,0.5,0.06549219996668398
8,0.01,64,Softmax,500,0.5,0.3333333333333333,0.5,0.06582550005987287
8,0.01,64,Softmax,1000,0.5,0.3333333333333333,0.5,0.057670800015330315
8,0.01,128,ReLU,50,0.5,0.3333333333333333,0.5,0.07202970003709197
8,0.01,128,ReLU,100,0.5,0.3333333333333333,0.5,0.06970119988545775
8,0.01,128,ReLU,300,0.5,0.3333333333333333,0.5,0.07339260005392134
8,0.01,128,ReLU,500,0.5,0.3333333333333333,0.5,0.07150489999912679
8,0.01,128,ReLU,1000,0.5,0.3333333333333333,0.5,0.08264630008488894
8,0.01,128,Tanh,50,0.5,0.3333333333333333,0.5,0.07609450002200902
8,0.01,128,Tanh,100,0.5,0.3333333333333333,0.5,0.08007150003686547
8,0.01,128,Tanh,300,0.5,0.3333333333333333,0.5,0.07789690000936389
8,0.01,128,Tanh,500,0.5,0.3333333333333333,0.5,0.0757222999818623
8,0.01,128,Tanh,1000,0.5,0.3333333333333333,0.5,0.05982109997421503
8,0.01,128,Sigmoid,50,0.5,0.3333333333333333,0.5,0.07465579989366233
8,0.01,128,Sigmoid,100,0.5,0.3333333333333333,0.5,0.06903829984366894
8,0.01,128,Sigmoid,300,0.5,0.3333333333333333,0.5,0.06936289998702705
8,0.01,128,Sigmoid,500,0.5,0.3333333333333333,0.5,0.06864430010318756
8,0.01,128,Sigmoid,1000,0.5,0.3333333333333333,0.5,0.06802879995666444
8,0.01,128,GELU,50,0.5,0.3333333333333333,0.5,0.06336649996228516
8,0.01,128,GELU,100,0.5,0.3333333333333333,0.5,0.06283339997753501
8,0.01,128,GELU,300,0.5,0.3333333333333333,0.5,0.06120649981312454
8,0.01,128,GELU,500,0.5,0.3333333333333333,0.5,0.059179200092330575
8,0.01,128,GELU,1000,0.5,0.3333333333333333,0.5,0.06043760012835264
8,0.01,128,Softmax,50,0.5,0.3333333333333333,0.5,0.05028610001318157
8,0.01,128,Softmax,100,0.5,0.3333333333333333,0.5,0.058938599890097976
8,0.01,128,Softmax,300,0.5,0.3333333333333333,0.5,0.05675450013950467
8,0.01,128,Softmax,500,0.5,0.3333333333333333,0.5,0.04476179997436702
8,0.01,128,Softmax,1000,0.5,0.3333333333333333,0.5,0.05266660009510815
8,0.001,8,ReLU,50,0.5,0.3333333333333333,0.5,0.0689966999925673
8,0.001,8,ReLU,100,0.5,0.3333333333333333,0.5,0.06384150008670986
8,0.001,8,ReLU,300,0.5,0.3333333333333333,0.5,0.07226879987865686
8,0.001,8,ReLU,500,0.5,0.3333333333333333,0.5,0.06061999988742173
8,0.001,8,ReLU,1000,0.5,0.3333333333333333,0.5,0.07173549989238381
8,0.001,8,Tanh,50,0.5,0.3333333333333333,0.5,0.06135159987024963
8,0.001,8,Tanh,100,0.5,0.3333333333333333,0.5,0.07205329998396337
8,0.001,8,Tanh,300,0.5,0.3333333333333333,0.5,0.06184660014696419
8,0.001,8,Tanh,500,0.5,0.3333333333333333,0.5,0.08909730007871985
8,0.001,8,Tanh,1000,0.5,0.3333333333333333,0.5,0.08768200012855232
8,0.001,8,Sigmoid,50,0.5,0.3333333333333333,0.5,0.09693949995562434
8,0.001,8,Sigmoid,100,0.5,0.3333333333333333,0.5,0.09694150020368397
8,0.001,8,Sigmoid,300,0.5,0.3333333333333333,0.5,0.11170680006034672
8,0.001,8,Sigmoid,500,0.5,0.3333333333333333,0.5,0.0902780001051724
8,0.001,8,Sigmoid,1000,0.5,0.3333333333333333,0.5,0.07661330001428723
8,0.001,8,GELU,50,0.5,0.3333333333333333,0.5,0.0893049999140203
8,0.001,8,GELU,100,0.5,0.3333333333333333,0.5,0.0959171000868082
8,0.001,8,GELU,300,0.5,0.3333333333333333,0.5,0.09458209993317723
8,0.001,8,GELU,500,0.5,0.3333333333333333,0.5,0.13551880000159144
8,0.001,8,GELU,1000,0.5,0.3333333333333333,0.5,0.10914720012806356
8,0.001,8,Softmax,50,0.5,0.3333333333333333,0.5,0.12585629988461733
8,0.001,8,Softmax,100,0.5,0.3333333333333333,0.5,0.10421580006368458
8,0.001,8,Softmax,300,0.5,0.3333333333333333,0.5,0.10624679992906749
8,0.001,8,Softmax,500,0.5,0.3333333333333333,0.5,0.08681840007193387
8,0.001,8,Softmax,1000,0.5,0.3333333333333333,0.5,0.09519759984686971
8,0.001,16,ReLU,50,0.5,0.3333333333333333,0.5,0.06689239991828799
8,0.001,16,ReLU,100,0.5,0.3333333333333333,0.5,0.08324220008216798
8,0.001,16,ReLU,300,0.5,0.3333333333333333,0.5,0.0666950000450015
8,0.001,16,ReLU,500,0.5,0.3333333333333333,0.5,0.08295970014296472
8,0.001,16,ReLU,1000,0.5,0.3333333333333333,0.5,0.08929929998703301
8,0.001,16,Tanh,50,0.5,0.3333333333333333,0.5,0.07073789997957647
8,0.001,16,Tanh,100,0.5,0.3333333333333333,0.5,0.08259210013784468
8,0.001,16,Tanh,300,0.5,0.3333333333333333,0.5,0.0704606999643147
8,0.001,16,Tanh,500,0.5,0.3333333333333333,0.5,0.08944269991479814
8,0.001,16,Tanh,1000,0.5,0.3333333333333333,0.5,0.05758260004222393
8,0.001,16,Sigmoid,50,0.5,0.3333333333333333,0.5,0.05835579987615347
8,0.001,16,Sigmoid,100,0.5,0.3333333333333333,0.5,0.06869950005784631
8,0.001,16,Sigmoid,300,0.5,0.3333333333333333,0.5,0.07459900015965104
8,0.001,16,Sigmoid,500,0.5,0.3333333333333333,0.5,0.07594250002875924
8,0.001,16,Sigmoid,1000,0.5,0.3333333333333333,0.5,0.05352040007710457
8,0.001,16,GELU,50,0.5,0.3333333333333333,0.5,0.0666811999399215
8,0.001,16,GELU,100,0.5,0.3333333333333333,0.5,0.06314649991691113
8,0.001,16,GELU,300,0.5,0.3333333333333333,0.5,0.07174540008418262
8,0.001,16,GELU,500,0.5,0.3333333333333333,0.5,0.06727169989608228
8,0.001,16,GELU,1000,0.5,0.3333333333333333,0.5,0.06419559987261891
8,0.001,16,Softmax,50,0.5,0.3333333333333333,0.5,0.05262480000965297
8,0.001,16,Softmax,100,0.5,0.3333333333333333,0.5,0.04913409985601902
8,0.001,16,Softmax,300,0.5,0.3333333333333333,0.5,0.047207499854266644
8,0.001,16,Softmax,500,0.5,0.3333333333333333,0.5,0.05073820007964969
8,0.001,16,Softmax,1000,0.5,0.3333333333333333,0.5,0.047598599921911955
8,0.001,32,ReLU,50,0.5,0.3333333333333333,0.5,0.05013099987991154
8,0.001,32,ReLU,100,0.5,0.3333333333333333,0.5,0.058141799876466393
8,0.001,32,ReLU,300,0.5,0.3333333333333333,0.5,0.0788964000530541
8,0.001,32,ReLU,500,0.5,0.3333333333333333,0.5,0.07033409993164241
8,0.001,32,ReLU,1000,0.5,0.3333333333333333,0.5,0.06773609993979335
8,0.001,32,Tanh,50,0.5,0.3333333333333333,0.5,0.07814130000770092
8,0.001,32,Tanh,100,0.5,0.3333333333333333,0.5,0.08211209997534752
8,0.001,32,Tanh,300,0.5,0.3333333333333333,0.5,0.08061760012060404
8,0.001,32,Tanh,500,0.5,0.3333333333333333,0.5,0.07984669995494187
8,0.001,32,Tanh,1000,0.5,0.3333333333333333,0.5,0.11572170001454651
8,0.001,32,Sigmoid,50,0.5,0.3333333333333333,0.5,0.09940709988586605
8,0.001,32,Sigmoid,100,0.5,0.3333333333333333,0.5,0.08964010002091527
8,0.001,32,Sigmoid,300,0.5,0.3333333333333333,0.5,0.08935040002688766
8,0.001,32,Sigmoid,500,0.5,0.3333333333333333,0.5,0.06908859987743199
8,0.001,32,Sigmoid,1000,0.5,0.3333333333333333,0.5,0.07004839996807277
8,0.001,32,GELU,50,0.5,0.3333333333333333,0.5,0.08433050010353327
8,0.001,32,GELU,100,0.5,0.3333333333333333,0.5,0.06673099985346198
8,0.001,32,GELU,300,0.5,0.3333333333333333,0.5,0.07818319997750223
8,0.001,32,GELU,500,0.5,0.3333333333333333,0.5,0.06743499985896051
8,0.001,32,GELU,1000,0.5,0.3333333333333333,0.5,0.07142960000783205
8,0.001,32,Softmax,50,0.5,0.3333333333333333,0.5,0.09187020012177527
8,0.001,32,Softmax,100,0.5,0.3333333333333333,0.5,0.08961550006642938
8,0.001,32,Softmax,300,0.5,0.3333333333333333,0.5,0.10580250015482306
8,0.001,32,Softmax,500,0.5,0.3333333333333333,0.5,0.08851810009218752
8,0.001,32,Softmax,1000,0.5,0.3333333333333333,0.5,0.0820803998503834
8,0.001,64,ReLU,50,0.5,0.3333333333333333,0.5,0.0666092000901699
8,0.001,64,ReLU,100,0.5,0.3333333333333333,0.5,0.08127550012432039
8,0.001,64,ReLU,300,0.5,0.3333333333333333,0.5,0.07040409999899566
8,0.001,64,ReLU,500,0.5,0.3333333333333333,0.5,0.0995529000647366
8,0.001,64,ReLU,1000,0.5,0.3333333333333333,0.5,0.077373499982059
8,0.001,64,Tanh,50,0.5,0.3333333333333333,0.5,0.07736899983137846
8,0.001,64,Tanh,100,0.5,0.3333333333333333,0.5,0.0684710000641644
8,0.001,64,Tanh,300,0.5,0.3333333333333333,0.5,0.07411690009757876
8,0.001,64,Tanh,500,0.5,0.3333333333333333,0.5,0.06563680013641715
8,0.001,64,Tanh,1000,0.5,0.3333333333333333,0.5,0.0607292999047786
8,0.001,64,Sigmoid,50,0.5,0.3333333333333333,0.5,0.06200499995611608
8,0.001,64,Sigmoid,100,0.5,0.3333333333333333,0.5,0.04110730020329356
8,0.001,64,Sigmoid,300,0.5,0.3333333333333333,0.5,0.048913100035861135
8,0.001,64,Sigmoid,500,0.5,0.3333333333333333,0.5,0.04709209990687668
8,0.001,64,Sigmoid,1000,0.5,0.3333333333333333,0.5,0.046607800060883164
8,0.001,64,GELU,50,0.5,0.3333333333333333,0.5,0.0539443998131901
8,0.001,64,GELU,100,0.5,0.3333333333333333,0.5,0.04788550012744963
8,0.001,64,GELU,300,0.5,0.3333333333333333,0.5,0.05352839990518987
8,0.001,64,GELU,500,0.5,0.3333333333333333,0.5,0.041627899976447225
8,0.001,64,GELU,1000,0.5,0.3333333333333333,0.5,0.05044629983603954
8,0.001,64,Softmax,50,0.5,0.3333333333333333,0.5,0.041882399935275316
8,0.001,64,Softmax,100,0.5,0.3333333333333333,0.5,0.0522431000135839
8,0.001,64,Softmax,300,0.5,0.3333333333333333,0.5,0.0416975999251008
8,0.001,64,Softmax,500,0.5,0.3333333333333333,0.5,0.038754899986088276
8,0.001,64,Softmax,1000,0.5,0.3333333333333333,0.5,0.03595010004937649
8,0.001,128,ReLU,50,0.5,0.3333333333333333,0.5,0.035987599985674024
8,0.001,128,ReLU,100,0.5,0.3333333333333333,0.5,0.035537300165742636
8,0.001,128,ReLU,300,0.5,0.3333333333333333,0.5,0.05233069998212159
8,0.001,128,ReLU,500,0.5,0.3333333333333333,0.5,0.06294599990360439
8,0.001,128,ReLU,1000,0.5,0.3333333333333333,0.5,0.05871769995428622
8,0.001,128,Tanh,50,0.5,0.3333333333333333,0.5,0.06655199988745153
8,0.001,128,Tanh,100,0.5,0.3333333333333333,0.5,0.06861419999040663
8,0.001,128,Tanh,300,0.5,0.3333333333333333,0.5,0.08593189995735884
8,0.001,128,Tanh,500,0.5,0.3333333333333333,0.5,0.06574960006400943
8,0.001,128,Tanh,1000,0.5,0.3333333333333333,0.5,0.0731811998412013
8,0.001,128,Sigmoid,50,0.5,0.3333333333333333,0.5,0.08554910006932914
8,0.001,128,Sigmoid,100,0.5,0.3333333333333333,0.5,0.06596009992063046
8,0.001,128,Sigmoid,300,0.5,0.3333333333333333,0.5,0.0676538001280278
8,0.001,128,Sigmoid,500,0.5,0.3333333333333333,0.5,0.06804700009524822
8,0.001,128,Sigmoid,1000,0.5,0.3333333333333333,0.5,0.05996069987304509
8,0.001,128,GELU,50,0.5,0.3333333333333333,0.5,0.06422979990020394
8,0.001,128,GELU,100,0.5,0.3333333333333333,0.5,0.06653099996037781
8,0.001,128,GELU,300,0.5,0.3333333333333333,0.5,0.06041469983756542
8,0.001,128,GELU,500,0.5,0.3333333333333333,0.5,0.0657351000700146
8,0.001,128,GELU,1000,0.5,0.3333333333333333,0.5,0.06714599998667836
8,0.001,128,Softmax,50,0.5,0.3333333333333333,0.5,0.05955869983881712
8,0.001,128,Softmax,100,0.5,0.3333333333333333,0.5,0.07005489990115166
8,0.001,128,Softmax,300,0.5,0.3333333333333333,0.5,0.06616340018808842
8,0.001,128,Softmax,500,0.5,0.3333333333333333,0.5,0.06531500001437962
8,0.001,128,Softmax,1000,0.5,0.3333333333333333,0.5,0.06194159993901849
8,0.0001,8,ReLU,50,0.5,0.3333333333333333,0.5,0.10027329996228218
8,0.0001,8,ReLU,100,0.5,0.3333333333333333,0.5,0.09732639999128878
8,0.0001,8,ReLU,300,0.5,0.3333333333333333,0.5,0.1090782000683248
8,0.0001,8,ReLU,500,0.5,0.3333333333333333,0.5,0.12534620007500052
8,0.0001,8,ReLU,1000,0.5,0.3333333333333333,0.5,0.0945206000469625
8,0.0001,8,Tanh,50,0.5,0.3333333333333333,0.5,0.105413599871099
8,0.0001,8,Tanh,100,0.5,0.3333333333333333,0.5,0.10122579988092184
8,0.0001,8,Tanh,300,0.5,0.3333333333333333,0.5,0.07901999983005226
8,0.0001,8,Tanh,500,0.5,0.3333333333333333,0.5,0.06864550011232495
8,0.0001,8,Tanh,1000,0.5,0.3333333333333333,0.5,0.08151330007240176
8,0.0001,8,Sigmoid,50,0.5,0.3333333333333333,0.5,0.06676890002563596
8,0.0001,8,Sigmoid,100,0.5,0.3333333333333333,0.5,0.06765049998648465
8,0.0001,8,Sigmoid,300,0.5,0.3333333333333333,0.5,0.07316839997656643
8,0.0001,8,Sigmoid,500,0.5,0.3333333333333333,0.5,0.06779400003142655
8,0.0001,8,Sigmoid,1000,0.5,0.3333333333333333,0.5,0.07069980003871024
8,0.0001,8,GELU,50,0.5,0.3333333333333333,0.5,0.06364569999277592
8,0.0001,8,GELU,100,0.5,0.3333333333333333,0.5,0.07232090015895665
8,0.0001,8,GELU,300,0.5,0.3333333333333333,0.5,0.07389599992893636
8,0.0001,8,GELU,500,0.5,0.3333333333333333,0.5,0.06474910001270473
8,0.0001,8,GELU,1000,0.5,0.3333333333333333,0.5,0.07238849997520447
8,0.0001,8,Softmax,50,0.5,0.3333333333333333,0.5,0.061581100104376674
8,0.0001,8,Softmax,100,0.5,0.3333333333333333,0.5,0.0600165999494493
8,0.0001,8,Softmax,300,0.5,0.3333333333333333,0.5,0.06158470013178885
8,0.0001,8,Softmax,500,0.5,0.3333333333333333,0.5,0.06004930008202791
8,0.0001,8,Softmax,1000,0.5,0.3333333333333333,0.5,0.06807840010151267
8,0.0001,16,ReLU,50,0.5,0.3333333333333333,0.5,0.054593299981206656
8,0.0001,16,ReLU,100,0.5,0.3333333333333333,0.5,0.0745373999234289
8,0.0001,16,ReLU,300,0.5,0.3333333333333333,0.5,0.07090619998052716
8,0.0001,16,ReLU,500,0.5,0.3333333333333333,0.5,0.08384650014340878
8,0.0001,16,ReLU,1000,0.5,0.3333333333333333,0.5,0.07123270002193749
8,0.0001,16,Tanh,50,0.5,0.3333333333333333,0.5,0.0825732999946922
8,0.0001,16,Tanh,100,0.5,0.3333333333333333,0.5,0.07089990004897118
8,0.0001,16,Tanh,300,0.5,0.3333333333333333,0.5,0.07117459992878139
8,0.0001,16,Tanh,500,0.5,0.3333333333333333,0.5,0.05545499990694225
8,0.0001,16,Tanh,1000,0.5,0.3333333333333333,0.5,0.06917629996314645
8,0.0001,16,Sigmoid,50,0.5,0.3333333333333333,0.5,0.058184799971058965
8,0.0001,16,Sigmoid,100,0.5,0.3333333333333333,0.5,0.08235800010152161
8,0.0001,16,Sigmoid,300,0.5,0.3333333333333333,0.5,0.07029900001361966
8,0.0001,16,Sigmoid,500,0.5,0.3333333333333333,0.5,0.09005769994109869
8,0.0001,16,Sigmoid,1000,0.5,0.3333333333333333,0.5,0.09419119986705482
8,0.0001,16,GELU,50,0.5,0.3333333333333333,0.5,0.09043540013954043
8,0.0001,16,GELU,100,0.5,0.3333333333333333,0.5,0.1020017999690026
8,0.0001,16,GELU,300,0.5,0.3333333333333333,0.5,0.07483029994182289
8,0.0001,16,GELU,500,0.5,0.3333333333333333,0.5,0.08689259993843734
8,0.0001,16,GELU,1000,0.5,0.3333333333333333,0.5,0.0793395999353379
8,0.0001,16,Softmax,50,0.5,0.3333333333333333,0.5,0.09524170006625354
8,0.0001,16,Softmax,100,0.5,0.3333333333333333,0.5,0.06474890001118183
8,0.0001,16,Softmax,300,0.5,0.3333333333333333,0.5,0.07986250007525086
8,0.0001,16,Softmax,500,0.5,0.3333333333333333,0.5,0.08442420000210404
8,0.0001,16,Softmax,1000,0.5,0.3333333333333333,0.5,0.07055029994808137
8,0.0001,32,ReLU,50,0.5,0.3333333333333333,0.5,0.06450759992003441
8,0.0001,32,ReLU,100,0.5,0.3333333333333333,0.5,0.06909389980137348
8,0.0001,32,ReLU,300,0.5,0.3333333333333333,0.5,0.06947059999220073
8,0.0001,32,ReLU,500,0.5,0.3333333333333333,0.5,0.07953310012817383
8,0.0001,32,ReLU,1000,0.5,0.3333333333333333,0.5,0.08025380014441907
8,0.0001,32,Tanh,50,0.5,0.3333333333333333,0.5,0.06975729996338487
8,0.0001,32,Tanh,100,0.5,0.3333333333333333,0.5,0.057964300038293004
8,0.0001,32,Tanh,300,0.5,0.3333333333333333,0.5,0.07850820012390614
8,0.0001,32,Tanh,500,0.5,0.3333333333333333,0.5,0.065609100041911
8,0.0001,32,Tanh,1000,0.5,0.3333333333333333,0.5,0.05916199996136129
8,0.0001,32,Sigmoid,50,0.5,0.3333333333333333,0.5,0.06509630009531975
8,0.0001,32,Sigmoid,100,0.5,0.3333333333333333,0.5,0.06583770015276968
8,0.0001,32,Sigmoid,300,0.5,0.3333333333333333,0.5,0.06672940007410944
8,0.0001,32,Sigmoid,500,0.5,0.3333333333333333,0.5,0.06161209987476468
8,0.0001,32,Sigmoid,1000,0.5,0.3333333333333333,0.5,0.04561310005374253
8,0.0001,32,GELU,50,0.5,0.3333333333333333,0.5,0.06609539990313351
8,0.0001,32,GELU,100,0.5,0.3333333333333333,0.5,0.05192100000567734
8,0.0001,32,GELU,300,0.5,0.3333333333333333,0.5,0.04987039999105036
8,0.0001,32,GELU,500,0.5,0.3333333333333333,0.5,0.05298530007712543
8,0.0001,32,GELU,1000,0.5,0.3333333333333333,0.5,0.048277600202709436
8,0.0001,32,Softmax,50,0.5,0.3333333333333333,0.5,0.053292900091037154
8,0.0001,32,Softmax,100,0.5,0.3333333333333333,0.5,0.052486500004306436
8,0.0001,32,Softmax,300,0.5,0.3333333333333333,0.5,0.04905480006709695
8,0.0001,32,Softmax,500,0.5,0.3333333333333333,0.5,0.04815990012139082
8,0.0001,32,Softmax,1000,0.5,0.3333333333333333,0.5,0.03544260002672672
8,0.0001,64,ReLU,50,0.5,0.3333333333333333,0.5,0.03533260012045503
8,0.0001,64,ReLU,100,0.5,0.3333333333333333,0.5,0.03786499984562397
8,0.0001,64,ReLU,300,0.5,0.3333333333333333,0.5,0.06208950001746416
8,0.0001,64,ReLU,500,0.5,0.3333333333333333,0.5,0.0692495999392122
8,0.0001,64,ReLU,1000,0.5,0.3333333333333333,0.5,0.06221160013228655
8,0.0001,64,Tanh,50,0.5,0.3333333333333333,0.5,0.0627297000028193
8,0.0001,64,Tanh,100,0.5,0.3333333333333333,0.5,0.06374130002222955
8,0.0001,64,Tanh,300,0.5,0.3333333333333333,0.5,0.0652123000472784
8,0.0001,64,Tanh,500,0.5,0.3333333333333333,0.5,0.07163150003179908
8,0.0001,64,Tanh,1000,0.5,0.3333333333333333,0.5,0.08025009999983013
8,0.0001,64,Sigmoid,50,0.5,0.3333333333333333,0.5,0.07010810007341206
8,0.0001,64,Sigmoid,100,0.5,0.3333333333333333,0.5,0.09204400004819036
8,0.0001,64,Sigmoid,300,0.5,0.3333333333333333,0.5,0.07462430000305176
8,0.0001,64,Sigmoid,500,0.5,0.3333333333333333,0.5,0.06889249989762902
8,0.0001,64,Sigmoid,1000,0.5,0.3333333333333333,0.5,0.06719219987280667
8,0.0001,64,GELU,50,0.5,0.3333333333333333,0.5,0.066255500074476
8,0.0001,64,GELU,100,0.5,0.3333333333333333,0.5,0.06767299980856478
8,0.0001,64,GELU,300,0.5,0.3333333333333333,0.5,0.06244780006818473
8,0.0001,64,GELU,500,0.5,0.3333333333333333,0.5,0.06416049995459616
8,0.0001,64,GELU,1000,0.5,0.3333333333333333,0.5,0.07338990014977753
8,0.0001,64,Softmax,50,0.5,0.3333333333333333,0.5,0.0676857999060303
8,0.0001,64,Softmax,100,0.5,0.3333333333333333,0.5,0.0687665999867022
8,0.0001,64,Softmax,300,0.5,0.3333333333333333,0.5,0.06687429989688098
8,0.0001,64,Softmax,500,0.5,0.3333333333333333,0.5,0.06086570001207292
8,0.0001,64,Softmax,1000,0.5,0.3333333333333333,0.5,0.06772230006754398
8,0.0001,128,ReLU,50,0.5,0.3333333333333333,0.5,0.05787859996780753
8,0.0001,128,ReLU,100,0.5,0.3333333333333333,0.5,0.07020960003137589
8,0.0001,128,ReLU,300,0.5,0.3333333333333333,0.5,0.06689499993808568
8,0.0001,128,ReLU,500,0.5,0.3333333333333333,0.5,0.06653179996646941
8,0.0001,128,ReLU,1000,0.5,0.3333333333333333,0.5,0.061815399909392
8,0.0001,128,Tanh,50,0.5,0.3333333333333333,0.5,0.057162699988111854
8,0.0001,128,Tanh,100,0.5,0.3333333333333333,0.5,0.06449220003560185
8,0.0001,128,Tanh,300,0.5,0.3333333333333333,0.5,0.07483569998294115
8,0.0001,128,Tanh,500,0.5,0.3333333333333333,0.5,0.08326500002294779
8,0.0001,128,Tanh,1000,0.5,0.3333333333333333,0.5,0.06599949998781085
8,0.0001,128,Sigmoid,50,0.5,0.3333333333333333,0.5,0.06417080014944077
8,0.0001,128,Sigmoid,100,0.5,0.3333333333333333,0.5,0.06775319995358586
8,0.0001,128,Sigmoid,300,0.5,0.3333333333333333,0.5,0.10085920011624694
8,0.0001,128,Sigmoid,500,0.5,0.3333333333333333,0.5,0.09952679998241365
8,0.0001,128,Sigmoid,1000,0.5,0.3333333333333333,0.5,0.06856469996273518
8,0.0001,128,GELU,50,0.5,0.3333333333333333,0.5,0.060705200070515275
8,0.0001,128,GELU,100,0.5,0.3333333333333333,0.5,0.07333569996990263
8,0.0001,128,GELU,300,0.5,0.3333333333333333,0.5,0.055544100003317
8,0.0001,128,GELU,500,0.5,0.3333333333333333,0.5,0.06813549995422363
8,0.0001,128,GELU,1000,0.5,0.3333333333333333,0.5,0.06432619993574917
8,0.0001,128,Softmax,50,0.5,0.3333333333333333,0.5,0.05977450008504093
8,0.0001,128,Softmax,100,0.5,0.3333333333333333,0.5,0.06712560006417334
8,0.0001,128,Softmax,300,0.5,0.3333333333333333,0.5,0.06120649981312454
8,0.0001,128,Softmax,500,0.5,0.3333333333333333,0.5,0.06921459990553558
8,0.0001,128,Softmax,1000,0.5,0.3333333333333333,0.5,0.06281369994394481
8,0.00025,8,ReLU,50,0.5,0.3333333333333333,0.5,0.11070959991775453
8,0.00025,8,ReLU,100,0.5,0.3333333333333333,0.5,0.11004880000837147
8,0.00025,8,ReLU,300,0.5,0.3333333333333333,0.5,0.15725290006957948
8,0.00025,8,ReLU,500,0.5,0.3333333333333333,0.5,0.1481543998233974
8,0.00025,8,ReLU,1000,0.5,0.3333333333333333,0.5,0.14706080011092126
8,0.00025,8,Tanh,50,0.5,0.3333333333333333,0.5,0.14404910011216998
8,0.00025,8,Tanh,100,0.5,0.3333333333333333,0.5,0.09899099986068904
8,0.00025,8,Tanh,300,0.5,0.3333333333333333,0.5,0.09812940005213022
8,0.00025,8,Tanh,500,0.5,0.3333333333333333,0.5,0.10434420011006296
8,0.00025,8,Tanh,1000,0.5,0.3333333333333333,0.5,0.10071959998458624
8,0.00025,8,Sigmoid,50,0.5,0.3333333333333333,0.5,0.10033940011635423
8,0.00025,8,Sigmoid,100,0.5,0.3333333333333333,0.5,0.08854139992035925
8,0.00025,8,Sigmoid,300,0.5,0.3333333333333333,0.5,0.5215158998034894
8,0.00025,8,Sigmoid,500,0.5,0.3333333333333333,0.5,0.11803879984654486
8,0.00025,8,Sigmoid,1000,0.5,0.3333333333333333,0.5,0.15808149985969067
8,0.00025,8,GELU,50,0.5,0.3333333333333333,0.5,0.10698289982974529
8,0.00025,8,GELU,100,0.5,0.3333333333333333,0.5,0.10381950018927455
8,0.00025,8,GELU,300,0.5,0.3333333333333333,0.5,0.1141580999828875
8,0.00025,8,GELU,500,0.5,0.3333333333333333,0.5,0.09668159997090697
8,0.00025,8,GELU,1000,0.5,0.3333333333333333,0.5,0.11870909994468093
8,0.00025,8,Softmax,50,0.5,0.3333333333333333,0.5,0.15619740006513894
8,0.00025,8,Softmax,100,0.5,0.3333333333333333,0.5,0.13263710006140172
8,0.00025,8,Softmax,300,0.5,0.3333333333333333,0.5,0.1550187999382615
8,0.00025,8,Softmax,500,0.5,0.3333333333333333,0.5,0.13406870001927018
8,0.00025,8,Softmax,1000,0.5,0.3333333333333333,0.5,0.1179239999037236
8,0.00025,16,ReLU,50,0.5,0.3333333333333333,0.5,0.10363929998129606
8,0.00025,16,ReLU,100,0.5,0.3333333333333333,0.5,0.10528540005907416
8,0.00025,16,ReLU,300,0.5,0.3333333333333333,0.5,0.11262529995292425
8,0.00025,16,ReLU,500,0.5,0.3333333333333333,0.5,0.09457920002751052
8,0.00025,16,ReLU,1000,0.5,0.3333333333333333,0.5,0.1081305998377502
8,0.00025,16,Tanh,50,0.5,0.3333333333333333,0.5,0.08836599998176098
8,0.00025,16,Tanh,100,0.5,0.3333333333333333,0.5,0.08573819999583066
8,0.00025,16,Tanh,300,0.5,0.3333333333333333,0.5,0.0824464000761509
8,0.00025,16,Tanh,500,0.5,0.3333333333333333,0.5,0.07090639998205006
8,0.00025,16,Tanh,1000,0.5,0.3333333333333333,0.5,0.08551979996263981
8,0.00025,16,Sigmoid,50,0.5,0.3333333333333333,0.5,0.06723379995673895
8,0.00025,16,Sigmoid,100,0.5,0.3333333333333333,0.5,0.08205320010893047
8,0.00025,16,Sigmoid,300,0.5,0.3333333333333333,0.5,0.06695160013623536
8,0.00025,16,Sigmoid,500,0.5,0.3333333333333333,0.5,0.07153899990953505
8,0.00025,16,Sigmoid,1000,0.5,0.3333333333333333,0.5,0.07718140003271401
8,0.00025,16,GELU,50,0.5,0.3333333333333333,0.5,0.0553853998426348
8,0.00025,16,GELU,100,0.5,0.3333333333333333,0.5,0.08197599998675287
8,0.00025,16,GELU,300,0.5,0.3333333333333333,0.5,0.05599229992367327
8,0.00025,16,GELU,500,0.5,0.3333333333333333,0.5,0.06120599992573261
8,0.00025,16,GELU,1000,0.5,0.3333333333333333,0.5,0.09926879988051951
8,0.00025,16,Softmax,50,0.5,0.3333333333333333,0.5,0.09135990007780492
8,0.00025,16,Softmax,100,0.5,0.3333333333333333,0.5,0.09622339997440577
8,0.00025,16,Softmax,300,0.5,0.3333333333333333,0.5,0.10642089997418225
8,0.00025,16,Softmax,500,0.5,0.3333333333333333,0.5,0.08058959990739822
8,0.00025,16,Softmax,1000,0.5,0.3333333333333333,0.5,0.08215259993448853
8,0.00025,32,ReLU,50,0.5,0.3333333333333333,0.5,0.07691970001906157
8,0.00025,32,ReLU,100,0.5,0.3333333333333333,0.5,0.07842170004732907
8,0.00025,32,ReLU,300,0.5,0.3333333333333333,0.5,0.0698526999913156
8,0.00025,32,ReLU,500,0.5,0.3333333333333333,0.5,0.07681870018132031
8,0.00025,32,ReLU,1000,0.5,0.3333333333333333,0.5,0.06860990007407963
8,0.00025,32,Tanh,50,0.5,0.3333333333333333,0.5,0.0675093000754714
8,0.00025,32,Tanh,100,0.5,0.3333333333333333,0.5,0.06736039998941123
8,0.00025,32,Tanh,300,0.5,0.3333333333333333,0.5,0.05887770000845194
8,0.00025,32,Tanh,500,0.5,0.3333333333333333,0.5,0.05592689989134669
8,0.00025,32,Tanh,1000,0.5,0.3333333333333333,0.5,0.05606519989669323
8,0.00025,32,Sigmoid,50,0.5,0.3333333333333333,0.5,0.05472600017674267
8,0.00025,32,Sigmoid,100,0.5,0.3333333333333333,0.5,0.06675149989314377
8,0.00025,32,Sigmoid,300,0.5,0.3333333333333333,0.5,0.06703680008649826
8,0.00025,32,Sigmoid,500,0.5,0.3333333333333333,0.5,0.08667230000719428
8,0.00025,32,Sigmoid,1000,0.5,0.3333333333333333,0.5,0.08319230005145073
8,0.00025,32,GELU,50,0.5,0.3333333333333333,0.5,0.06699510011821985
8,0.00025,32,GELU,100,0.5,0.3333333333333333,0.5,0.07918359991163015
8,0.00025,32,GELU,300,0.5,0.3333333333333333,0.5,0.0813361001200974
8,0.00025,32,GELU,500,0.5,0.3333333333333333,0.5,0.06458080001175404
8,0.00025,32,GELU,1000,0.5,0.3333333333333333,0.5,0.0823641000315547
8,0.00025,32,Softmax,50,0.5,0.3333333333333333,0.5,0.0653954001609236
8,0.00025,32,Softmax,100,0.5,0.3333333333333333,0.5,0.0633403998799622
8,0.00025,32,Softmax,300,0.5,0.3333333333333333,0.5,0.06557400012388825
8,0.00025,32,Softmax,500,0.5,0.3333333333333333,0.5,0.05513380002230406
8,0.00025,32,Softmax,1000,0.5,0.3333333333333333,0.5,0.06583599979057908
8,0.00025,64,ReLU,50,0.5,0.3333333333333333,0.5,0.05512890010140836
8,0.00025,64,ReLU,100,0.5,0.3333333333333333,0.5,0.057324100052937865
8,0.00025,64,ReLU,300,0.5,0.3333333333333333,0.5,0.04392510000616312
8,0.00025,64,ReLU,500,0.5,0.3333333333333333,0.5,0.045976300025358796
8,0.00025,64,ReLU,1000,0.5,0.3333333333333333,0.5,0.05477940011769533
8,0.00025,64,Tanh,50,0.5,0.3333333333333333,0.5,0.05547630018554628
8,0.00025,64,Tanh,100,0.5,0.3333333333333333,0.5,0.053725800011307
8,0.00025,64,Tanh,300,0.5,0.3333333333333333,0.5,0.03703410015441477
8,0.00025,64,Tanh,500,0.5,0.3333333333333333,0.5,0.0491374998819083
8,0.00025,64,Tanh,1000,0.5,0.3333333333333333,0.5,0.04183160001412034
8,0.00025,64,Sigmoid,50,0.5,0.3333333333333333,0.5,0.05283980001695454
8,0.00025,64,Sigmoid,100,0.5,0.3333333333333333,0.5,0.04834949993528426
8,0.00025,64,Sigmoid,300,0.5,0.3333333333333333,0.5,0.03587930020876229
8,0.00025,64,Sigmoid,500,0.5,0.3333333333333333,0.5,0.05208239983767271
8,0.00025,64,Sigmoid,1000,0.5,0.3333333333333333,0.5,0.04078649985603988
8,0.00025,64,GELU,50,0.5,0.3333333333333333,0.5,0.0403972000349313
8,0.00025,64,GELU,100,0.5,0.3333333333333333,0.5,0.039488199865445495
8,0.00025,64,GELU,300,0.5,0.3333333333333333,0.5,0.049366800114512444
8,0.00025,64,GELU,500,0.5,0.3333333333333333,0.5,0.038571600103750825
8,0.00025,64,GELU,1000,0.5,0.3333333333333333,0.5,0.06212630006484687
8,0.00025,64,Softmax,50,0.5,0.3333333333333333,0.5,0.03721749992109835
8,0.00025,64,Softmax,100,0.5,0.3333333333333333,0.5,0.04027800005860627
8,0.00025,64,Softmax,300,0.5,0.3333333333333333,0.5,0.047592899994924664
8,0.00025,64,Softmax,500,0.5,0.3333333333333333,0.5,0.03928739996626973
8,0.00025,64,Softmax,1000,0.5,0.3333333333333333,0.5,0.040077999932691455
8,0.00025,128,ReLU,50,0.5,0.3333333333333333,0.5,0.03731009992770851
8,0.00025,128,ReLU,100,0.5,0.3333333333333333,0.5,0.03621910000219941
8,0.00025,128,ReLU,300,0.5,0.3333333333333333,0.5,0.03610369982197881
8,0.00025,128,ReLU,500,0.5,0.3333333333333333,0.5,0.034991800086572766
8,0.00025,128,ReLU,1000,0.5,0.3333333333333333,0.5,0.03674110001884401
8,0.00025,128,Tanh,50,0.5,0.3333333333333333,0.5,0.03775590006262064
8,0.00025,128,Tanh,100,0.5,0.3333333333333333,0.5,0.07525839982554317
8,0.00025,128,Tanh,300,0.5,0.3333333333333333,0.5,0.06381469988264143
8,0.00025,128,Tanh,500,0.5,0.3333333333333333,0.5,0.06532379984855652
8,0.00025,128,Tanh,1000,0.5,0.3333333333333333,0.5,0.061676699900999665
8,0.00025,128,Sigmoid,50,0.5,0.3333333333333333,0.5,0.06567979999817908
8,0.00025,128,Sigmoid,100,0.5,0.3333333333333333,0.5,0.06312109995633364
8,0.00025,128,Sigmoid,300,0.5,0.3333333333333333,0.5,0.07344850013032556
8,0.00025,128,Sigmoid,500,0.5,0.3333333333333333,0.5,0.0631616001483053
8,0.00025,128,Sigmoid,1000,0.5,0.3333333333333333,0.5,0.07087850011885166
8,0.00025,128,GELU,50,0.5,0.3333333333333333,0.5,0.0634137000888586
8,0.00025,128,GELU,100,0.5,0.3333333333333333,0.5,0.0782063000369817
8,0.00025,128,GELU,300,0.5,0.3333333333333333,0.5,0.08816629997454584
8,0.00025,128,GELU,500,0.5,0.3333333333333333,0.5,0.07731699990108609
8,0.00025,128,GELU,1000,0.5,0.3333333333333333,0.5,0.0736169998999685
8,0.00025,128,Softmax,50,0.5,0.3333333333333333,0.5,0.06532760011032224
8,0.00025,128,Softmax,100,0.5,0.3333333333333333,0.5,0.06414170004427433
8,0.00025,128,Softmax,300,0.5,0.3333333333333333,0.5,0.07050330005586147
8,0.00025,128,Softmax,500,0.5,0.3333333333333333,0.5,0.06912470003589988
8,0.00025,128,Softmax,1000,0.5,0.3333333333333333,0.5,0.0653842999599874
16,0.01,8,ReLU,50,0.6000000000000001,0.5833333333333333,0.6,0.10713890008628368
16,0.01,8,ReLU,100,0.6000000000000001,0.5833333333333333,0.6,0.09762470005080104
16,0.01,8,ReLU,300,0.6000000000000001,0.5833333333333333,0.6,0.10990260005928576
16,0.01,8,ReLU,500,0.6000000000000001,0.5833333333333333,0.6,0.16090529994107783
16,0.01,8,ReLU,1000,0.6000000000000001,0.5833333333333333,0.6,0.12948080012574792
16,0.01,8,Tanh,50,0.6000000000000001,0.554367201426025,0.6,0.09615970007143915
16,0.01,8,Tanh,100,0.6000000000000001,0.554367201426025,0.6,0.11765300016850233
16,0.01,8,Tanh,300,0.6000000000000001,0.554367201426025,0.6,0.12150519993156195
16,0.01,8,Tanh,500,0.6000000000000001,0.554367201426025,0.6,0.14351389999501407
16,0.01,8,Tanh,1000,0.6000000000000001,0.554367201426025,0.6,0.1495492998510599
16,0.01,8,Sigmoid,50,0.6,0.5941558441558441,0.6,0.16106069996021688
16,0.01,8,Sigmoid,100,0.6,0.5941558441558441,0.6,0.14599979994818568
16,0.01,8,Sigmoid,300,0.6,0.5941558441558441,0.6,0.14139519981108606
16,0.01,8,Sigmoid,500,0.6,0.5941558441558441,0.6,0.12544229999184608
16,0.01,8,Sigmoid,1000,0.6,0.5941558441558441,0.6,0.11855620006099343
16,0.01,8,GELU,50,0.6000000000000001,0.5833333333333333,0.6,0.12101300014182925
16,0.01,8,GELU,100,0.6000000000000001,0.5833333333333333,0.6,0.11633730004541576
16,0.01,8,GELU,300,0.6000000000000001,0.5833333333333333,0.6,0.12052000011317432
16,0.01,8,GELU,500,0.6000000000000001,0.5833333333333333,0.6,0.11174490000121295
16,0.01,8,GELU,1000,0.6000000000000001,0.5833333333333333,0.6,0.13051399984396994
16,0.01,8,Softmax,50,0.6,0.5941558441558441,0.6,0.16899040015414357
16,0.01,8,Softmax,100,0.6,0.5941558441558441,0.6,0.17486489983275533
16,0.01,8,Softmax,300,0.6,0.5941558441558441,0.6,0.14701149985194206
16,0.01,8,Softmax,500,0.6,0.5941558441558441,0.6,0.1386355001013726
16,0.01,8,Softmax,1000,0.6,0.5941558441558441,0.6,0.11358819995075464
16,0.01,16,ReLU,50,0.5800000000000001,0.565936337329475,0.58,0.07794380001723766
16,0.01,16,ReLU,100,0.5800000000000001,0.565936337329475,0.58,0.09242370002903044
16,0.01,16,ReLU,300,0.5800000000000001,0.565936337329475,0.58,0.07024249993264675
16,0.01,16,ReLU,500,0.5800000000000001,0.565936337329475,0.58,0.08473920007236302
16,0.01,16,ReLU,1000,0.5800000000000001,0.565936337329475,0.58,0.06639400008134544
16,0.01,16,Tanh,50,0.64,0.609375,0.64,0.08023470011539757
16,0.01,16,Tanh,100,0.64,0.609375,0.64,0.07960839988663793
16,0.01,16,Tanh,300,0.64,0.609375,0.64,0.0809710999019444
16,0.01,16,Tanh,500,0.64,0.609375,0.64,0.0718966000713408
16,0.01,16,Tanh,1000,0.64,0.609375,0.64,0.08232049993239343
16,0.01,16,Sigmoid,50,0.5800000000000001,0.5586380832282472,0.58,0.08526049996726215
16,0.01,16,Sigmoid,100,0.5800000000000001,0.5586380832282472,0.58,0.10575959994457662
16,0.01,16,Sigmoid,300,0.5800000000000001,0.5586380832282472,0.58,0.09344139997847378
16,0.01,16,Sigmoid,500,0.5800000000000001,0.5586380832282472,0.58,0.09455399983562529
16,0.01,16,Sigmoid,1000,0.5800000000000001,0.5586380832282472,0.58,0.08763929991982877
16,0.01,16,GELU,50,0.5800000000000001,0.565936337329475,0.58,0.07849209988489747
16,0.01,16,GELU,100,0.5800000000000001,0.565936337329475,0.58,0.06358499987982213
16,0.01,16,GELU,300,0.5800000000000001,0.565936337329475,0.58,0.07291690004058182
16,0.01,16,GELU,500,0.5800000000000001,0.565936337329475,0.58,0.06312970002181828
16,0.01,16,GELU,1000,0.5800000000000001,0.565936337329475,0.58,0.06258999998681247
16,0.01,16,Softmax,50,0.5800000000000001,0.5586380832282472,0.58,0.0748087998945266
16,0.01,16,Softmax,100,0.5800000000000001,0.5586380832282472,0.58,0.07409820007160306
16,0.01,16,Softmax,300,0.5800000000000001,0.5586380832282472,0.58,0.07111850008368492
16,0.01,16,Softmax,500,0.5800000000000001,0.5586380832282472,0.58,0.06198129989206791
16,0.01,16,Softmax,1000,0.5800000000000001,0.5586380832282472,0.58,0.06942639988847077
16,0.01,32,ReLU,50,0.62,0.5924495924495925,0.62,0.05447900015860796
16,0.01,32,ReLU,100,0.62,0.5924495924495925,0.62,0.06347860000096262
16,0.01,32,ReLU,300,0.62,0.5924495924495925,0.62,0.05116280005313456
16,0.01,32,ReLU,500,0.62,0.5924495924495925,0.62,0.04700509994290769
16,0.01,32,ReLU,1000,0.62,0.5924495924495925,0.62,0.05154659994877875
16,0.01,32,Tanh,50,0.6000000000000001,0.554367201426025,0.6,0.0577396999578923
16,0.01,32,Tanh,100,0.6000000000000001,0.554367201426025,0.6,0.04741879994980991
16,0.01,32,Tanh,300,0.6000000000000001,0.554367201426025,0.6,0.06266850000247359
16,0.01,32,Tanh,500,0.6000000000000001,0.554367201426025,0.6,0.05343939992599189
16,0.01,32,Tanh,1000,0.6000000000000001,0.554367201426025,0.6,0.06091469991952181
16,0.01,32,Sigmoid,50,0.64,0.6179966044142615,0.64,0.07180200004950166
16,0.01,32,Sigmoid,100,0.64,0.6179966044142615,0.64,0.05854070000350475
16,0.01,32,Sigmoid,300,0.64,0.6179966044142615,0.64,0.05775710009038448
16,0.01,32,Sigmoid,500,0.64,0.6179966044142615,0.64,0.06359859998337924
16,0.01,32,Sigmoid,1000,0.64,0.6179966044142615,0.64,0.05670629977248609
16,0.01,32,GELU,50,0.62,0.5924495924495925,0.62,0.04680479993112385
16,0.01,32,GELU,100,0.62,0.5924495924495925,0.62,0.0547495000064373
16,0.01,32,GELU,300,0.62,0.5924495924495925,0.62,0.08504840009845793
16,0.01,32,GELU,500,0.62,0.5924495924495925,0.62,0.09062519995495677
16,0.01,32,GELU,1000,0.62,0.5924495924495925,0.62,0.11870789993554354
16,0.01,32,Softmax,50,0.64,0.6179966044142615,0.64,0.11357680009678006
16,0.01,32,Softmax,100,0.64,0.6179966044142615,0.64,0.11020089988596737
16,0.01,32,Softmax,300,0.64,0.6179966044142615,0.64,0.11896609980612993
16,0.01,32,Softmax,500,0.64,0.6179966044142615,0.64,0.12213589996099472
16,0.01,32,Softmax,1000,0.64,0.6179966044142615,0.64,0.11856949981302023
16,0.01,64,ReLU,50,0.5800000000000001,0.5586380832282472,0.58,0.13336590002290905
16,0.01,64,ReLU,100,0.5800000000000001,0.5586380832282472,0.58,0.13027630001306534
16,0.01,64,ReLU,300,0.5800000000000001,0.5586380832282472,0.58,0.10497550014406443
16,0.01,64,ReLU,500,0.5800000000000001,0.5586380832282472,0.58,0.09752240008674562
16,0.01,64,ReLU,1000,0.5800000000000001,0.5586380832282472,0.58,0.10669769998639822
16,0.01,64,Tanh,50,0.56,0.5225694444444444,0.56,0.07790379994548857
16,0.01,64,Tanh,100,0.56,0.5225694444444444,0.56,0.07898680004291236
16,0.01,64,Tanh,300,0.56,0.5225694444444444,0.56,0.08451720001176
16,0.01,64,Tanh,500,0.56,0.5225694444444444,0.56,0.09012949978932738
16,0.01,64,Tanh,1000,0.56,0.5225694444444444,0.56,0.08425540011376143
16,0.01,64,Sigmoid,50,0.6,0.5659722222222222,0.6,0.07621850003488362
16,0.01,64,Sigmoid,100,0.6,0.5659722222222222,0.6,0.08070569997653365
16,0.01,64,Sigmoid,300,0.6,0.5659722222222222,0.6,0.06809139996767044
16,0.01,64,Sigmoid,500,0.6,0.5659722222222222,0.6,0.08307019993662834
16,0.01,64,Sigmoid,1000,0.6,0.5659722222222222,0.6,0.08457159996032715
16,0.01,64,GELU,50,0.5800000000000001,0.5586380832282472,0.58,0.10230959998443723
16,0.01,64,GELU,100,0.5800000000000001,0.5586380832282472,0.58,0.12234450015239418
16,0.01,64,GELU,300,0.5800000000000001,0.5586380832282472,0.58,0.10748369991779327
16,0.01,64,GELU,500,0.5800000000000001,0.5586380832282472,0.58,0.12244900013320148
16,0.01,64,GELU,1000,0.5800000000000001,0.5586380832282472,0.58,0.11448619980365038
16,0.01,64,Softmax,50,0.6,0.5659722222222222,0.6,0.08787479996681213
16,0.01,64,Softmax,100,0.6,0.5659722222222222,0.6,0.07864069985225797
16,0.01,64,Softmax,300,0.6,0.5659722222222222,0.6,0.07541270018555224
16,0.01,64,Softmax,500,0.6,0.5659722222222222,0.6,0.0823063999414444
16,0.01,64,Softmax,1000,0.6,0.5659722222222222,0.6,0.07744690007530153
16,0.01,128,ReLU,50,0.5800000000000001,0.5586380832282472,0.58,0.08599129994399846
16,0.01,128,ReLU,100,0.5800000000000001,0.5586380832282472,0.58,0.08708039997145534
16,0.01,128,ReLU,300,0.5800000000000001,0.5586380832282472,0.58,0.08477629977278411
16,0.01,128,ReLU,500,0.5800000000000001,0.5586380832282472,0.58,0.09611540008336306
16,0.01,128,ReLU,1000,0.5800000000000001,0.5586380832282472,0.58,0.09339320007711649
16,0.01,128,Tanh,50,0.56,0.5225694444444444,0.56,0.07587030017748475
16,0.01,128,Tanh,100,0.56,0.5225694444444444,0.56,0.07856030017137527
16,0.01,128,Tanh,300,0.56,0.5225694444444444,0.56,0.11420150008052588
16,0.01,128,Tanh,500,0.56,0.5225694444444444,0.56,0.08129040012136102
16,0.01,128,Tanh,1000,0.56,0.5225694444444444,0.56,0.0683691999875009
16,0.01,128,Sigmoid,50,0.6,0.5659722222222222,0.6,0.08491820003837347
16,0.01,128,Sigmoid,100,0.6,0.5659722222222222,0.6,0.08396869990974665
16,0.01,128,Sigmoid,300,0.6,0.5659722222222222,0.6,0.06341310008428991
16,0.01,128,Sigmoid,500,0.6,0.5659722222222222,0.6,0.07841239986009896
16,0.01,128,Sigmoid,1000,0.6,0.5659722222222222,0.6,0.07933720014989376
16,0.01,128,GELU,50,0.5800000000000001,0.5586380832282472,0.58,0.08471289998851717
16,0.01,128,GELU,100,0.5800000000000001,0.5586380832282472,0.58,0.10285829985514283
16,0.01,128,GELU,300,0.5800000000000001,0.5586380832282472,0.58,0.09046740015037358
16,0.01,128,GELU,500,0.5800000000000001,0.5586380832282472,0.58,0.08449289994314313
16,0.01,128,GELU,1000,0.5800000000000001,0.5586380832282472,0.58,0.08312129997648299
16,0.01,128,Softmax,50,0.6,0.5659722222222222,0.6,0.08060250012204051
16,0.01,128,Softmax,100,0.6,0.5659722222222222,0.6,0.063960500061512
16,0.01,128,Softmax,300,0.6,0.5659722222222222,0.6,0.07106489990837872
16,0.01,128,Softmax,500,0.6,0.5659722222222222,0.6,0.06445359997451305
16,0.01,128,Softmax,1000,0.6,0.5659722222222222,0.6,0.06831080000847578
16,0.001,8,ReLU,50,0.5,0.3333333333333333,0.5,0.08279839996248484
16,0.001,8,ReLU,100,0.5,0.3333333333333333,0.5,0.09819619986228645
16,0.001,8,ReLU,300,0.5,0.3333333333333333,0.5,0.12243110011331737
16,0.001,8,ReLU,500,0.5,0.3333333333333333,0.5,0.08794019999913871
16,0.001,8,ReLU,1000,0.5,0.3333333333333333,0.5,0.09415359981358051
16,0.001,8,Tanh,50,0.5,0.3333333333333333,0.5,0.0968871999066323
16,0.001,8,Tanh,100,0.5,0.3333333333333333,0.5,0.06890369998291135
16,0.001,8,Tanh,300,0.5,0.3333333333333333,0.5,0.07301969989202917
16,0.001,8,Tanh,500,0.5,0.3333333333333333,0.5,0.06616889988072217
16,0.001,8,Tanh,1000,0.5,0.3333333333333333,0.5,0.061638399958610535
16,0.001,8,Sigmoid,50,0.5,0.3333333333333333,0.5,0.06073770020157099
16,0.001,8,Sigmoid,100,0.5,0.3333333333333333,0.5,0.073407799936831
16,0.001,8,Sigmoid,300,0.5,0.3333333333333333,0.5,0.05741199990734458
16,0.001,8,Sigmoid,500,0.5,0.3333333333333333,0.5,0.05927570001222193
16,0.001,8,Sigmoid,1000,0.5,0.3333333333333333,0.5,0.061718499986454844
16,0.001,8,GELU,50,0.5,0.3333333333333333,0.5,0.059186500031501055
16,0.001,8,GELU,100,0.5,0.3333333333333333,0.5,0.04807810019701719
16,0.001,8,GELU,300,0.5,0.3333333333333333,0.5,0.061127299908548594
16,0.001,8,GELU,500,0.5,0.3333333333333333,0.5,0.06257220008410513
16,0.001,8,GELU,1000,0.5,0.3333333333333333,0.5,0.062663400080055
16,0.001,8,Softmax,50,0.5,0.3333333333333333,0.5,0.06045840005390346
16,0.001,8,Softmax,100,0.5,0.3333333333333333,0.5,0.04886300000362098
16,0.001,8,Softmax,300,0.5,0.3333333333333333,0.5,0.05767529993318021
16,0.001,8,Softmax,500,0.5,0.3333333333333333,0.5,0.06063129985705018
16,0.001,8,Softmax,1000,0.5,0.3333333333333333,0.5,0.05732470005750656
16,0.001,16,ReLU,50,0.5,0.3333333333333333,0.5,0.05078470008447766
16,0.001,16,ReLU,100,0.5,0.3333333333333333,0.5,0.05755210015922785
16,0.001,16,ReLU,300,0.5,0.3333333333333333,0.5,0.049986200174316764
16,0.001,16,ReLU,500,0.5,0.3333333333333333,0.5,0.08410930004902184
16,0.001,16,ReLU,1000,0.5,0.3333333333333333,0.5,0.07565589994192123
16,0.001,16,Tanh,50,0.5,0.3333333333333333,0.5,0.07891230005770922
16,0.001,16,Tanh,100,0.5,0.3333333333333333,0.5,0.07482389989309013
16,0.001,16,Tanh,300,0.5,0.3333333333333333,0.5,0.07770880009047687
16,0.001,16,Tanh,500,0.5,0.3333333333333333,0.5,0.08231490012258291
16,0.001,16,Tanh,1000,0.5,0.3333333333333333,0.5,0.0802352000027895
16,0.001,16,Sigmoid,50,0.5,0.3333333333333333,0.5,0.08195469994097948
16,0.001,16,Sigmoid,100,0.5,0.3333333333333333,0.5,0.06974679999984801
16,0.001,16,Sigmoid,300,0.5,0.3333333333333333,0.5,0.0905975999776274
16,0.001,16,Sigmoid,500,0.5,0.3333333333333333,0.5,0.08259540004655719
16,0.001,16,Sigmoid,1000,0.5,0.3333333333333333,0.5,0.07468610000796616
16,0.001,16,GELU,50,0.5,0.3333333333333333,0.5,0.0829916000366211
16,0.001,16,GELU,100,0.5,0.3333333333333333,0.5,0.10098610003478825
16,0.001,16,GELU,300,0.5,0.3333333333333333,0.5,0.07329960004426539
16,0.001,16,GELU,500,0.5,0.3333333333333333,0.5,0.102227000053972
16,0.001,16,GELU,1000,0.5,0.3333333333333333,0.5,0.09444879996590316
16,0.001,16,Softmax,50,0.5,0.3333333333333333,0.5,0.06775470008142292
16,0.001,16,Softmax,100,0.5,0.3333333333333333,0.5,0.08178550004959106
16,0.001,16,Softmax,300,0.5,0.3333333333333333,0.5,0.08422439987771213
16,0.001,16,Softmax,500,0.5,0.3333333333333333,0.5,0.08435590006411076
16,0.001,16,Softmax,1000,0.5,0.3333333333333333,0.5,0.09453949984163046
16,0.001,32,ReLU,50,0.5,0.3333333333333333,0.5,0.06458140001632273
16,0.001,32,ReLU,100,0.5,0.3333333333333333,0.5,0.07051890017464757
16,0.001,32,ReLU,300,0.5,0.3333333333333333,0.5,0.07829479989595711
16,0.001,32,ReLU,500,0.5,0.3333333333333333,0.5,0.0756806000135839
16,0.001,32,ReLU,1000,0.5,0.3333333333333333,0.5,0.052041999995708466
16,0.001,32,Tanh,50,0.5,0.3333333333333333,0.5,0.07793120015412569
16,0.001,32,Tanh,100,0.5,0.3333333333333333,0.5,0.066552700009197
16,0.001,32,Tanh,300,0.5,0.3333333333333333,0.5,0.08190900017507374
16,0.001,32,Tanh,500,0.5,0.3333333333333333,0.5,0.06967250001616776
16,0.001,32,Tanh,1000,0.5,0.3333333333333333,0.5,0.06512579997070134
16,0.001,32,Sigmoid,50,0.5,0.3333333333333333,0.5,0.0701641000341624
16,0.001,32,Sigmoid,100,0.5,0.3333333333333333,0.5,0.08194459998048842
16,0.001,32,Sigmoid,300,0.5,0.3333333333333333,0.5,0.08704510005190969
16,0.001,32,Sigmoid,500,0.5,0.3333333333333333,0.5,0.08290859987027943
16,0.001,32,Sigmoid,1000,0.5,0.3333333333333333,0.5,0.0750720000360161
16,0.001,32,GELU,50,0.5,0.3333333333333333,0.5,0.06514020008035004
16,0.001,32,GELU,100,0.5,0.3333333333333333,0.5,0.0706670000217855
16,0.001,32,GELU,300,0.5,0.3333333333333333,0.5,0.07054829993285239
16,0.001,32,GELU,500,0.5,0.3333333333333333,0.5,0.07210380001924932
16,0.001,32,GELU,1000,0.5,0.3333333333333333,0.5,0.06658290000632405
16,0.001,32,Softmax,50,0.5,0.3333333333333333,0.5,0.0693790998775512
16,0.001,32,Softmax,100,0.5,0.3333333333333333,0.5,0.06998470006510615
16,0.001,32,Softmax,300,0.5,0.3333333333333333,0.5,0.06674210005439818
16,0.001,32,Softmax,500,0.5,0.3333333333333333,0.5,0.06985570001415908
16,0.001,32,Softmax,1000,0.5,0.3333333333333333,0.5,0.07217040006071329
16,0.001,64,ReLU,50,0.5,0.3333333333333333,0.5,0.07153940014541149
16,0.001,64,ReLU,100,0.5,0.3333333333333333,0.5,0.07109650014899671
16,0.001,64,ReLU,300,0.5,0.3333333333333333,0.5,0.06355109997093678
16,0.001,64,ReLU,500,0.5,0.3333333333333333,0.5,0.0662250998429954
16,0.001,64,ReLU,1000,0.5,0.3333333333333333,0.5,0.0685566000174731
16,0.001,64,Tanh,50,0.5,0.3333333333333333,0.5,0.06021600007079542
16,0.001,64,Tanh,100,0.5,0.3333333333333333,0.5,0.06049830000847578
16,0.001,64,Tanh,300,0.5,0.3333333333333333,0.5,0.06296160002239048
16,0.001,64,Tanh,500,0.5,0.3333333333333333,0.5,0.06749309995211661
16,0.001,64,Tanh,1000,0.5,0.3333333333333333,0.5,0.06385249993763864
16,0.001,64,Sigmoid,50,0.5,0.3333333333333333,0.5,0.07881539990194142
16,0.001,64,Sigmoid,100,0.5,0.3333333333333333,0.5,0.06564759998582304
16,0.001,64,Sigmoid,300,0.5,0.3333333333333333,0.5,0.06539799994789064
16,0.001,64,Sigmoid,500,0.5,0.3333333333333333,0.5,0.06659069983288646
16,0.001,64,Sigmoid,1000,0.5,0.3333333333333333,0.5,0.07745400001294911
16,0.001,64,GELU,50,0.5,0.3333333333333333,0.5,0.06271580001339316
16,0.001,64,GELU,100,0.5,0.3333333333333333,0.5,0.061309499898925424
16,0.001,64,GELU,300,0.5,0.3333333333333333,0.5,0.07017560000531375
16,0.001,64,GELU,500,0.5,0.3333333333333333,0.5,0.06164230010472238
16,0.001,64,GELU,1000,0.5,0.3333333333333333,0.5,0.06894290004856884
16,0.001,64,Softmax,50,0.5,0.3333333333333333,0.5,0.05534070008434355
16,0.001,64,Softmax,100,0.5,0.3333333333333333,0.5,0.06844910001382232
16,0.001,64,Softmax,300,0.5,0.3333333333333333,0.5,0.06151940021663904
16,0.001,64,Softmax,500,0.5,0.3333333333333333,0.5,0.06196479988284409
16,0.001,64,Softmax,1000,0.5,0.3333333333333333,0.5,0.05834430013783276
16,0.001,128,ReLU,50,0.5,0.3333333333333333,0.5,0.05469659995287657
16,0.001,128,ReLU,100,0.5,0.3333333333333333,0.5,0.04809099994599819
16,0.001,128,ReLU,300,0.5,0.3333333333333333,0.5,0.06110589997842908
16,0.001,128,ReLU,500,0.5,0.3333333333333333,0.5,0.06441099988296628
16,0.001,128,ReLU,1000,0.5,0.3333333333333333,0.5,0.047535300021991134
16,0.001,128,Tanh,50,0.5,0.3333333333333333,0.5,0.05536619992926717
16,0.001,128,Tanh,100,0.5,0.3333333333333333,0.5,0.047371599823236465
16,0.001,128,Tanh,300,0.5,0.3333333333333333,0.5,0.05902430019341409
16,0.001,128,Tanh,500,0.5,0.3333333333333333,0.5,0.046677300008013844
16,0.001,128,Tanh,1000,0.5,0.3333333333333333,0.5,0.046609000070020556
16,0.001,128,Sigmoid,50,0.5,0.3333333333333333,0.5,0.04437430016696453
16,0.001,128,Sigmoid,100,0.5,0.3333333333333333,0.5,0.042825100012123585
16,0.001,128,Sigmoid,300,0.5,0.3333333333333333,0.5,0.0469992000143975
16,0.001,128,Sigmoid,500,0.5,0.3333333333333333,0.5,0.06169539992697537
16,0.001,128,Sigmoid,1000,0.5,0.3333333333333333,0.5,0.05663920007646084
16,0.001,128,GELU,50,0.5,0.3333333333333333,0.5,0.04745369986630976
16,0.001,128,GELU,100,0.5,0.3333333333333333,0.5,0.052649599965661764
16,0.001,128,GELU,300,0.5,0.3333333333333333,0.5,0.040608299896121025
16,0.001,128,GELU,500,0.5,0.3333333333333333,0.5,0.04866040009073913
16,0.001,128,GELU,1000,0.5,0.3333333333333333,0.5,0.05726799997501075
16,0.001,128,Softmax,50,0.5,0.3333333333333333,0.5,0.04200910008512437
16,0.001,128,Softmax,100,0.5,0.3333333333333333,0.5,0.04155740002170205
16,0.001,128,Softmax,300,0.5,0.3333333333333333,0.5,0.03963409992866218
16,0.001,128,Softmax,500,0.5,0.3333333333333333,0.5,0.036021299893036485
16,0.001,128,Softmax,1000,0.5,0.3333333333333333,0.5,0.05191410006955266
16,0.0001,8,ReLU,50,0.5,0.3333333333333333,0.5,0.061320200096815825
16,0.0001,8,ReLU,100,0.5,0.3333333333333333,0.5,0.06334000010974705
16,0.0001,8,ReLU,300,0.5,0.3333333333333333,0.5,0.07592420000582933
16,0.0001,8,ReLU,500,0.5,0.3333333333333333,0.5,0.07049679988995194
16,0.0001,8,ReLU,1000,0.5,0.3333333333333333,0.5,0.06394220003858209
16,0.0001,8,Tanh,50,0.5,0.3333333333333333,0.5,0.07319479994475842
16,0.0001,8,Tanh,100,0.5,0.3333333333333333,0.5,0.07807209994643927
16,0.0001,8,Tanh,300,0.5,0.3333333333333333,0.5,0.06105070002377033
16,0.0001,8,Tanh,500,0.5,0.3333333333333333,0.5,0.0985432998277247
16,0.0001,8,Tanh,1000,0.5,0.3333333333333333,0.5,0.15262129995971918
16,0.0001,8,Sigmoid,50,0.5,0.3333333333333333,0.5,0.15808489988557994
16,0.0001,8,Sigmoid,100,0.5,0.3333333333333333,0.5,0.12483499990776181
16,0.0001,8,Sigmoid,300,0.5,0.3333333333333333,0.5,0.11610760004259646
16,0.0001,8,Sigmoid,500,0.5,0.3333333333333333,0.5,0.1126327000092715
16,0.0001,8,Sigmoid,1000,0.5,0.3333333333333333,0.5,0.11140240007080138
16,0.0001,8,GELU,50,0.5,0.3333333333333333,0.5,0.08582529984414577
16,0.0001,8,GELU,100,0.5,0.3333333333333333,0.5,0.09832649980671704
16,0.0001,8,GELU,300,0.5,0.3333333333333333,0.5,0.10232029994949698
16,0.0001,8,GELU,500,0.5,0.3333333333333333,0.5,0.14001099998131394
16,0.0001,8,GELU,1000,0.5,0.3333333333333333,0.5,0.14384199981577694
16,0.0001,8,Softmax,50,0.5,0.3333333333333333,0.5,0.17331099999137223
16,0.0001,8,Softmax,100,0.5,0.3333333333333333,0.5,0.29216479999013245
16,0.0001,8,Softmax,300,0.5,0.3333333333333333,0.5,0.11235520010814071
16,0.0001,8,Softmax,500,0.5,0.3333333333333333,0.5,0.09463700000196695
16,0.0001,8,Softmax,1000,0.5,0.3333333333333333,0.5,0.10057989996857941
16,0.0001,16,ReLU,50,0.5,0.3333333333333333,0.5,0.09422459988854825
16,0.0001,16,ReLU,100,0.5,0.3333333333333333,0.5,0.09574080002494156
16,0.0001,16,ReLU,300,0.5,0.3333333333333333,0.5,0.07821710011921823
16,0.0001,16,ReLU,500,0.5,0.3333333333333333,0.5,0.09962549991905689
16,0.0001,16,ReLU,1000,0.5,0.3333333333333333,0.5,0.08241879986599088
16,0.0001,16,Tanh,50,0.5,0.3333333333333333,0.5,0.05943639995530248
16,0.0001,16,Tanh,100,0.5,0.3333333333333333,0.5,0.05724329990334809
16,0.0001,16,Tanh,300,0.5,0.3333333333333333,0.5,0.08120799995958805
16,0.0001,16,Tanh,500,0.5,0.3333333333333333,0.5,0.0782498000189662
16,0.0001,16,Tanh,1000,0.5,0.3333333333333333,0.5,0.06055110017769039
16,0.0001,16,Sigmoid,50,0.5,0.3333333333333333,0.5,0.06882299995049834
16,0.0001,16,Sigmoid,100,0.5,0.3333333333333333,0.5,0.04820249998010695
16,0.0001,16,Sigmoid,300,0.5,0.3333333333333333,0.5,0.05368360015563667
16,0.0001,16,Sigmoid,500,0.5,0.3333333333333333,0.5,0.04765729978680611
16,0.0001,16,Sigmoid,1000,0.5,0.3333333333333333,0.5,0.05075969989411533
16,0.0001,16,GELU,50,0.5,0.3333333333333333,0.5,0.05925399996340275
16,0.0001,16,GELU,100,0.5,0.3333333333333333,0.5,0.04863520013168454
16,0.0001,16,GELU,300,0.5,0.3333333333333333,0.5,0.04889580002054572
16,0.0001,16,GELU,500,0.5,0.3333333333333333,0.5,0.047866699984297156
16,0.0001,16,GELU,1000,0.5,0.3333333333333333,0.5,0.05344569985754788
16,0.0001,16,Softmax,50,0.5,0.3333333333333333,0.5,0.07112749991938472
16,0.0001,16,Softmax,100,0.5,0.3333333333333333,0.5,0.0910712000913918
16,0.0001,16,Softmax,300,0.5,0.3333333333333333,0.5,0.08437990001402795
16,0.0001,16,Softmax,500,0.5,0.3333333333333333,0.5,0.09905129997059703
16,0.0001,16,Softmax,1000,0.5,0.3333333333333333,0.5,0.07154749985784292
16,0.0001,32,ReLU,50,0.5,0.3333333333333333,0.5,0.06451099994592369
16,0.0001,32,ReLU,100,0.5,0.3333333333333333,0.5,0.06555389985442162
16,0.0001,32,ReLU,300,0.5,0.3333333333333333,0.5,0.07918910006992519
16,0.0001,32,ReLU,500,0.5,0.3333333333333333,0.5,0.06937930011190474
16,0.0001,32,ReLU,1000,0.5,0.3333333333333333,0.5,0.0689005998428911
16,0.0001,32,Tanh,50,0.5,0.3333333333333333,0.5,0.08463419997133315
16,0.0001,32,Tanh,100,0.5,0.3333333333333333,0.5,0.07809570012614131
16,0.0001,32,Tanh,300,0.5,0.3333333333333333,0.5,0.09077260014601052
16,0.0001,32,Tanh,500,0.5,0.3333333333333333,0.5,0.0695855999365449
16,0.0001,32,Tanh,1000,0.5,0.3333333333333333,0.5,0.06936510000377893
16,0.0001,32,Sigmoid,50,0.5,0.3333333333333333,0.5,0.08675269992090762
16,0.0001,32,Sigmoid,100,0.5,0.3333333333333333,0.5,0.06809439999051392
16,0.0001,32,Sigmoid,300,0.5,0.3333333333333333,0.5,0.07969139982014894
16,0.0001,32,Sigmoid,500,0.5,0.3333333333333333,0.5,0.07198560005053878
16,0.0001,32,Sigmoid,1000,0.5,0.3333333333333333,0.5,0.06623329990543425
16,0.0001,32,GELU,50,0.5,0.3333333333333333,0.5,0.06734859989956021
16,0.0001,32,GELU,100,0.5,0.3333333333333333,0.5,0.07019710005261004
16,0.0001,32,GELU,300,0.5,0.3333333333333333,0.5,0.07074559992179275
16,0.0001,32,GELU,500,0.5,0.3333333333333333,0.5,0.06710390001535416
16,0.0001,32,GELU,1000,0.5,0.3333333333333333,0.5,0.06931790011003613
16,0.0001,32,Softmax,50,0.5,0.3333333333333333,0.5,0.06867040018551052
16,0.0001,32,Softmax,100,0.5,0.3333333333333333,0.5,0.06520970002748072
16,0.0001,32,Softmax,300,0.5,0.3333333333333333,0.5,0.06528589990921319
16,0.0001,32,Softmax,500,0.5,0.3333333333333333,0.5,0.08070300007238984
16,0.0001,32,Softmax,1000,0.5,0.3333333333333333,0.5,0.06703929998911917
16,0.0001,64,ReLU,50,0.5,0.3333333333333333,0.5,0.06417739996686578
16,0.0001,64,ReLU,100,0.5,0.3333333333333333,0.5,0.06347479997202754
16,0.0001,64,ReLU,300,0.5,0.3333333333333333,0.5,0.06725440011359751
16,0.0001,64,ReLU,500,0.5,0.3333333333333333,0.5,0.06418700003996491
16,0.0001,64,ReLU,1000,0.5,0.3333333333333333,0.5,0.06201860005967319
16,0.0001,64,Tanh,50,0.5,0.3333333333333333,0.5,0.04862900008447468
16,0.0001,64,Tanh,100,0.5,0.3333333333333333,0.5,0.054613799788057804
16,0.0001,64,Tanh,300,0.5,0.3333333333333333,0.5,0.05044699995778501
16,0.0001,64,Tanh,500,0.5,0.3333333333333333,0.5,0.03898160019889474
16,0.0001,64,Tanh,1000,0.5,0.3333333333333333,0.5,0.05139579996466637
16,0.0001,64,Sigmoid,50,0.5,0.3333333333333333,0.5,0.050039099995046854
16,0.0001,64,Sigmoid,100,0.5,0.3333333333333333,0.5,0.05402190005406737
16,0.0001,64,Sigmoid,300,0.5,0.3333333333333333,0.5,0.05292969988659024
16,0.0001,64,Sigmoid,500,0.5,0.3333333333333333,0.5,0.0380542001221329
16,0.0001,64,Sigmoid,1000,0.5,0.3333333333333333,0.5,0.038499899907037616
16,0.0001,64,GELU,50,0.5,0.3333333333333333,0.5,0.03545490000396967
16,0.0001,64,GELU,100,0.5,0.3333333333333333,0.5,0.036384900100529194
16,0.0001,64,GELU,300,0.5,0.3333333333333333,0.5,0.03638009983114898
16,0.0001,64,GELU,500,0.5,0.3333333333333333,0.5,0.03619719995185733
16,0.0001,64,GELU,1000,0.5,0.3333333333333333,0.5,0.04074859991669655
16,0.0001,64,Softmax,50,0.5,0.3333333333333333,0.5,0.0649724998511374
16,0.0001,64,Softmax,100,0.5,0.3333333333333333,0.5,0.06600299989804626
16,0.0001,64,Softmax,300,0.5,0.3333333333333333,0.5,0.06595210009254515
16,0.0001,64,Softmax,500,0.5,0.3333333333333333,0.5,0.06472119991667569
16,0.0001,64,Softmax,1000,0.5,0.3333333333333333,0.5,0.06731009995564818
16,0.0001,128,ReLU,50,0.5,0.3333333333333333,0.5,0.06781090004369617
16,0.0001,128,ReLU,100,0.5,0.3333333333333333,0.5,0.07529320009052753
16,0.0001,128,ReLU,300,0.5,0.3333333333333333,0.5,0.07144590001553297
16,0.0001,128,ReLU,500,0.5,0.3333333333333333,0.5,0.07072709989733994
16,0.0001,128,ReLU,1000,0.5,0.3333333333333333,0.5,0.07092550001107156
16,0.0001,128,Tanh,50,0.5,0.3333333333333333,0.5,0.08759240014478564
16,0.0001,128,Tanh,100,0.5,0.3333333333333333,0.5,0.07040240010246634
16,0.0001,128,Tanh,300,0.5,0.3333333333333333,0.5,0.06846330012194812
16,0.0001,128,Tanh,500,0.5,0.3333333333333333,0.5,0.06471200007945299
16,0.0001,128,Tanh,1000,0.5,0.3333333333333333,0.5,0.07177500007674098
16,0.0001,128,Sigmoid,50,0.5,0.3333333333333333,0.5,0.06124519999139011
16,0.0001,128,Sigmoid,100,0.5,0.3333333333333333,0.5,0.06849700002931058
16,0.0001,128,Sigmoid,300,0.5,0.3333333333333333,0.5,0.06276059988886118
16,0.0001,128,Sigmoid,500,0.5,0.3333333333333333,0.5,0.05374250002205372
16,0.0001,128,Sigmoid,1000,0.5,0.3333333333333333,0.5,0.06549650011584163
16,0.0001,128,GELU,50,0.5,0.3333333333333333,0.5,0.06540660001337528
16,0.0001,128,GELU,100,0.5,0.3333333333333333,0.5,0.06430660001933575
16,0.0001,128,GELU,300,0.5,0.3333333333333333,0.5,0.07007690006867051
16,0.0001,128,GELU,500,0.5,0.3333333333333333,0.5,0.06475170003250241
16,0.0001,128,GELU,1000,0.5,0.3333333333333333,0.5,0.06350960000418127
16,0.0001,128,Softmax,50,0.5,0.3333333333333333,0.5,0.06339919986203313
16,0.0001,128,Softmax,100,0.5,0.3333333333333333,0.5,0.06451749987900257
16,0.0001,128,Softmax,300,0.5,0.3333333333333333,0.5,0.07055580010637641
16,0.0001,128,Softmax,500,0.5,0.3333333333333333,0.5,0.06870960001833737
16,0.0001,128,Softmax,1000,0.5,0.3333333333333333,0.5,0.06909030000679195
16,0.00025,8,ReLU,50,0.5,0.3333333333333333,0.5,0.10075629991479218
16,0.00025,8,ReLU,100,0.5,0.3333333333333333,0.5,0.11545719997957349
16,0.00025,8,ReLU,300,0.5,0.3333333333333333,0.5,0.10348520008847117
16,0.00025,8,ReLU,500,0.5,0.3333333333333333,0.5,0.09502629982307553
16,0.00025,8,ReLU,1000,0.5,0.3333333333333333,0.5,0.09223309997469187
16,0.00025,8,Tanh,50,0.5,0.3333333333333333,0.5,0.08167280000634491
16,0.00025,8,Tanh,100,0.5,0.3333333333333333,0.5,0.061937399907037616
16,0.00025,8,Tanh,300,0.5,0.3333333333333333,0.5,0.06033709994517267
16,0.00025,8,Tanh,500,0.5,0.3333333333333333,0.5,0.06209570006467402
16,0.00025,8,Tanh,1000,0.5,0.3333333333333333,0.5,0.06104800011962652
16,0.00025,8,Sigmoid,50,0.5,0.3333333333333333,0.5,0.062167400028556585
16,0.00025,8,Sigmoid,100,0.5,0.3333333333333333,0.5,0.05877689993940294
16,0.00025,8,Sigmoid,300,0.5,0.3333333333333333,0.5,0.05680779996328056
16,0.00025,8,Sigmoid,500,0.5,0.3333333333333333,0.5,0.0598966998513788
16,0.00025,8,Sigmoid,1000,0.5,0.3333333333333333,0.5,0.08582379994913936
16,0.00025,8,GELU,50,0.5,0.3333333333333333,0.5,0.07442010007798672
16,0.00025,8,GELU,100,0.5,0.3333333333333333,0.5,0.10173500003293157
16,0.00025,8,GELU,300,0.5,0.3333333333333333,0.5,0.12433380004949868
16,0.00025,8,GELU,500,0.5,0.3333333333333333,0.5,0.13103680009953678
16,0.00025,8,GELU,1000,0.5,0.3333333333333333,0.5,0.11512269987724721
16,0.00025,8,Softmax,50,0.5,0.3333333333333333,0.5,0.12567090010270476
16,0.00025,8,Softmax,100,0.5,0.3333333333333333,0.5,0.09651349997147918
16,0.00025,8,Softmax,300,0.5,0.3333333333333333,0.5,0.11912719998508692
16,0.00025,8,Softmax,500,0.5,0.3333333333333333,0.5,0.1086810000706464
16,0.00025,8,Softmax,1000,0.5,0.3333333333333333,0.5,0.11477690003812313
16,0.00025,16,ReLU,50,0.5,0.3333333333333333,0.5,0.08125689998269081
16,0.00025,16,ReLU,100,0.5,0.3333333333333333,0.5,0.07946819998323917
16,0.00025,16,ReLU,300,0.5,0.3333333333333333,0.5,0.08343510003760457
16,0.00025,16,ReLU,500,0.5,0.3333333333333333,0.5,0.06712640007026494
16,0.00025,16,ReLU,1000,0.5,0.3333333333333333,0.5,0.07071890006773174
16,0.00025,16,Tanh,50,0.5,0.3333333333333333,0.5,0.07256880006752908
16,0.00025,16,Tanh,100,0.5,0.3333333333333333,0.5,0.07166699995286763
16,0.00025,16,Tanh,300,0.5,0.3333333333333333,0.5,0.08408279996365309
16,0.00025,16,Tanh,500,0.5,0.3333333333333333,0.5,0.07184650003910065
16,0.00025,16,Tanh,1000,0.5,0.3333333333333333,0.5,0.08021809998899698
16,0.00025,16,Sigmoid,50,0.5,0.3333333333333333,0.5,0.10377889988012612
16,0.00025,16,Sigmoid,100,0.5,0.3333333333333333,0.5,0.1260568997822702
16,0.00025,16,Sigmoid,300,0.5,0.3333333333333333,0.5,0.06688250019215047
16,0.00025,16,Sigmoid,500,0.5,0.3333333333333333,0.5,0.07910380000248551
16,0.00025,16,Sigmoid,1000,0.5,0.3333333333333333,0.5,0.08209899999201298
16,0.00025,16,GELU,50,0.5,0.3333333333333333,0.5,0.06980860000476241
16,0.00025,16,GELU,100,0.5,0.3333333333333333,0.5,0.08457630011253059
16,0.00025,16,GELU,300,0.5,0.3333333333333333,0.5,0.06906170002184808
16,0.00025,16,GELU,500,0.5,0.3333333333333333,0.5,0.05369489989243448
16,0.00025,16,GELU,1000,0.5,0.3333333333333333,0.5,0.06178630003705621
16,0.00025,16,Softmax,50,0.5,0.3333333333333333,0.5,0.06241080001927912
16,0.00025,16,Softmax,100,0.5,0.3333333333333333,0.5,0.047336900141090155
16,0.00025,16,Softmax,300,0.5,0.3333333333333333,0.5,0.04701880016364157
16,0.00025,16,Softmax,500,0.5,0.3333333333333333,0.5,0.05052509997040033
16,0.00025,16,Softmax,1000,0.5,0.3333333333333333,0.5,0.04836039990186691
16,0.00025,32,ReLU,50,0.5,0.3333333333333333,0.5,0.03688399982638657
16,0.00025,32,ReLU,100,0.5,0.3333333333333333,0.5,0.03965459996834397
16,0.00025,32,ReLU,300,0.5,0.3333333333333333,0.5,0.03686049999669194
16,0.00025,32,ReLU,500,0.5,0.3333333333333333,0.5,0.03551959991455078
16,0.00025,32,ReLU,1000,0.5,0.3333333333333333,0.5,0.03551180008798838
16,0.00025,32,Tanh,50,0.5,0.3333333333333333,0.5,0.03435249999165535
16,0.00025,32,Tanh,100,0.5,0.3333333333333333,0.5,0.049338600132614374
16,0.00025,32,Tanh,300,0.5,0.3333333333333333,0.5,0.06243949988856912
16,0.00025,32,Tanh,500,0.5,0.3333333333333333,0.5,0.06369940005242825
16,0.00025,32,Tanh,1000,0.5,0.3333333333333333,0.5,0.0662211999297142
16,0.00025,32,Sigmoid,50,0.5,0.3333333333333333,0.5,0.08899050019681454
16,0.00025,32,Sigmoid,100,0.5,0.3333333333333333,0.5,0.09760909993201494
16,0.00025,32,Sigmoid,300,0.5,0.3333333333333333,0.5,0.08206199994310737
16,0.00025,32,Sigmoid,500,0.5,0.3333333333333333,0.5,0.08476439979858696
16,0.00025,32,Sigmoid,1000,0.5,0.3333333333333333,0.5,0.0885414001531899
16,0.00025,32,GELU,50,0.5,0.3333333333333333,0.5,0.10472199996002018
16,0.00025,32,GELU,100,0.5,0.3333333333333333,0.5,0.08067150018177927
16,0.00025,32,GELU,300,0.5,0.3333333333333333,0.5,0.08702480001375079
16,0.00025,32,GELU,500,0.5,0.3333333333333333,0.5,0.08316409983672202
16,0.00025,32,GELU,1000,0.5,0.3333333333333333,0.5,0.08009220007807016
16,0.00025,32,Softmax,50,0.5,0.3333333333333333,0.5,0.06886360002681613
16,0.00025,32,Softmax,100,0.5,0.3333333333333333,0.5,0.07818079995922744
16,0.00025,32,Softmax,300,0.5,0.3333333333333333,0.5,0.06984879984520376
16,0.00025,32,Softmax,500,0.5,0.3333333333333333,0.5,0.06781050004065037
16,0.00025,32,Softmax,1000,0.5,0.3333333333333333,0.5,0.08153099985793233
16,0.00025,64,ReLU,50,0.5,0.3333333333333333,0.5,0.06451960001140833
16,0.00025,64,ReLU,100,0.5,0.3333333333333333,0.5,0.07477020006626844
16,0.00025,64,ReLU,300,0.5,0.3333333333333333,0.5,0.07440200005657971
16,0.00025,64,ReLU,500,0.5,0.3333333333333333,0.5,0.06832860014401376
16,0.00025,64,ReLU,1000,0.5,0.3333333333333333,0.5,0.0794568001292646
16,0.00025,64,Tanh,50,0.5,0.3333333333333333,0.5,0.07563319988548756
16,0.00025,64,Tanh,100,0.5,0.3333333333333333,0.5,0.08420419995673001
16,0.00025,64,Tanh,300,0.5,0.3333333333333333,0.5,0.09041740000247955
16,0.00025,64,Tanh,500,0.5,0.3333333333333333,0.5,0.06138570001348853
16,0.00025,64,Tanh,1000,0.5,0.3333333333333333,0.5,0.08383580017834902
16,0.00025,64,Sigmoid,50,0.5,0.3333333333333333,0.5,0.0736134999897331
16,0.00025,64,Sigmoid,100,0.5,0.3333333333333333,0.5,0.0663854000158608
16,0.00025,64,Sigmoid,300,0.5,0.3333333333333333,0.5,0.06855239998549223
16,0.00025,64,Sigmoid,500,0.5,0.3333333333333333,0.5,0.062087800120934844
16,0.00025,64,Sigmoid,1000,0.5,0.3333333333333333,0.5,0.06705430010333657
16,0.00025,64,GELU,50,0.5,0.3333333333333333,0.5,0.05495219980366528
16,0.00025,64,GELU,100,0.5,0.3333333333333333,0.5,0.058643200201913714
16,0.00025,64,GELU,300,0.5,0.3333333333333333,0.5,0.06323640001937747
16,0.00025,64,GELU,500,0.5,0.3333333333333333,0.5,0.06498109991662204
16,0.00025,64,GELU,1000,0.5,0.3333333333333333,0.5,0.035889700055122375
16,0.00025,64,Softmax,50,0.5,0.3333333333333333,0.5,0.051124999998137355
16,0.00025,64,Softmax,100,0.5,0.3333333333333333,0.5,0.040134700015187263
16,0.00025,64,Softmax,300,0.5,0.3333333333333333,0.5,0.03965650009922683
16,0.00025,64,Softmax,500,0.5,0.3333333333333333,0.5,0.03724940004758537
16,0.00025,64,Softmax,1000,0.5,0.3333333333333333,0.5,0.03699659998528659
16,0.00025,128,ReLU,50,0.5,0.3333333333333333,0.5,0.03665169980376959
16,0.00025,128,ReLU,100,0.5,0.3333333333333333,0.5,0.05057459999807179
16,0.00025,128,ReLU,300,0.5,0.3333333333333333,0.5,0.03578400006517768
16,0.00025,128,ReLU,500,0.5,0.3333333333333333,0.5,0.0461468999274075
16,0.00025,128,ReLU,1000,0.5,0.3333333333333333,0.5,0.03964350000023842
16,0.00025,128,Tanh,50,0.5,0.3333333333333333,0.5,0.07461229991167784
16,0.00025,128,Tanh,100,0.5,0.3333333333333333,0.5,0.09201160003431141
16,0.00025,128,Tanh,300,0.5,0.3333333333333333,0.5,0.11153799993917346
16,0.00025,128,Tanh,500,0.5,0.3333333333333333,0.5,0.0827854999806732
16,0.00025,128,Tanh,1000,0.5,0.3333333333333333,0.5,0.06234620022587478
16,0.00025,128,Sigmoid,50,0.5,0.3333333333333333,0.5,0.07049169996753335
16,0.00025,128,Sigmoid,100,0.5,0.3333333333333333,0.5,0.07127539999783039
16,0.00025,128,Sigmoid,300,0.5,0.3333333333333333,0.5,0.05438430001959205
16,0.00025,128,Sigmoid,500,0.5,0.3333333333333333,0.5,0.09807339985854924
16,0.00025,128,Sigmoid,1000,0.5,0.3333333333333333,0.5,0.06341279996559024
16,0.00025,128,GELU,50,0.5,0.3333333333333333,0.5,0.06972469994798303
16,0.00025,128,GELU,100,0.5,0.3333333333333333,0.5,0.07789650000631809
16,0.00025,128,GELU,300,0.5,0.3333333333333333,0.5,0.06774770002812147
16,0.00025,128,GELU,500,0.5,0.3333333333333333,0.5,0.05722720013000071
16,0.00025,128,GELU,1000,0.5,0.3333333333333333,0.5,0.0793194998987019
16,0.00025,128,Softmax,50,0.5,0.3333333333333333,0.5,0.07443460007198155
16,0.00025,128,Softmax,100,0.5,0.3333333333333333,0.5,0.06150279985740781
16,0.00025,128,Softmax,300,0.5,0.3333333333333333,0.5,0.06614370015449822
16,0.00025,128,Softmax,500,0.5,0.3333333333333333,0.5,0.07000269996933639
16,0.00025,128,Softmax,1000,0.5,0.3333333333333333,0.5,0.06396690011024475
32,0.01,8,ReLU,50,0.52,0.5073891625615763,0.52,0.1770684001967311
32,0.01,8,ReLU,100,0.52,0.5073891625615763,0.52,0.13324559992179275
32,0.01,8,ReLU,300,0.52,0.5073891625615763,0.52,0.16490960004739463
32,0.01,8,ReLU,500,0.52,0.5073891625615763,0.52,0.126523100072518
32,0.01,8,ReLU,1000,0.52,0.5073891625615763,0.52,0.12948239990510046
32,0.01,8,Tanh,50,0.45999999999999996,0.45978391356542614,0.46,0.11049060011282563
32,0.01,8,Tanh,100,0.45999999999999996,0.45978391356542614,0.46,0.10552360001020133
32,0.01,8,Tanh,300,0.45999999999999996,0.45978391356542614,0.46,0.1046632002107799
32,0.01,8,Tanh,500,0.45999999999999996,0.45978391356542614,0.46,0.07580279977992177
32,0.01,8,Tanh,1000,0.45999999999999996,0.45978391356542614,0.46,0.10554510005749762
32,0.01,8,Sigmoid,50,0.54,0.5308037535699714,0.54,0.09095280012115836
32,0.01,8,Sigmoid,100,0.54,0.5308037535699714,0.54,0.10619609989225864
32,0.01,8,Sigmoid,300,0.54,0.5308037535699714,0.54,0.09315249999053776
32,0.01,8,Sigmoid,500,0.54,0.5308037535699714,0.54,0.10160630010068417
32,0.01,8,Sigmoid,1000,0.54,0.5308037535699714,0.54,0.10181720019318163
32,0.01,8,GELU,50,0.52,0.5073891625615763,0.52,0.11982719996012747
32,0.01,8,GELU,100,0.52,0.5073891625615763,0.52,0.1647660001181066
32,0.01,8,GELU,300,0.52,0.5073891625615763,0.52,0.15458830003626645
32,0.01,8,GELU,500,0.52,0.5073891625615763,0.52,0.13157549989409745
32,0.01,8,GELU,1000,0.52,0.5073891625615763,0.52,0.11712089995853603
32,0.01,8,Softmax,50,0.54,0.5308037535699714,0.54,0.10655320016667247
32,0.01,8,Softmax,100,0.54,0.5308037535699714,0.54,0.09245130000635982
32,0.01,8,Softmax,300,0.54,0.5308037535699714,0.54,0.1081441999413073
32,0.01,8,Softmax,500,0.54,0.5308037535699714,0.54,0.08535529999062419
32,0.01,8,Softmax,1000,0.54,0.5308037535699714,0.54,0.09811789984814823
32,0.01,16,ReLU,50,0.5800000000000001,0.5586380832282472,0.58,0.08124860003590584
32,0.01,16,ReLU,100,0.5800000000000001,0.5586380832282472,0.58,0.08221899997442961
32,0.01,16,ReLU,300,0.5800000000000001,0.5586380832282472,0.58,0.08032649988308549
32,0.01,16,ReLU,500,0.5800000000000001,0.5586380832282472,0.58,0.080607800045982
32,0.01,16,ReLU,1000,0.5800000000000001,0.5586380832282472,0.58,0.0685326000675559
32,0.01,16,Tanh,50,0.52,0.52,0.52,0.061638099839910865
32,0.01,16,Tanh,100,0.52,0.52,0.52,0.0593813001178205
32,0.01,16,Tanh,300,0.52,0.52,0.52,0.06620979984290898
32,0.01,16,Tanh,500,0.52,0.52,0.52,0.061999799916520715
32,0.01,16,Tanh,1000,0.52,0.52,0.52,0.050589999882504344
32,0.01,16,Sigmoid,50,0.56,0.548440065681445,0.56,0.059383700136095285
32,0.01,16,Sigmoid,100,0.56,0.548440065681445,0.56,0.058220600010827184
32,0.01,16,Sigmoid,300,0.56,0.548440065681445,0.56,0.059608499985188246
32,0.01,16,Sigmoid,500,0.56,0.548440065681445,0.56,0.10716229979880154
32,0.01,16,Sigmoid,1000,0.56,0.548440065681445,0.56,0.09723530011251569
32,0.01,16,GELU,50,0.5800000000000001,0.5586380832282472,0.58,0.08382120006717741
32,0.01,16,GELU,100,0.5800000000000001,0.5586380832282472,0.58,0.08476509992033243
32,0.01,16,GELU,300,0.5800000000000001,0.5586380832282472,0.58,0.09040129999630153
32,0.01,16,GELU,500,0.5800000000000001,0.5586380832282472,0.58,0.08465890004299581
32,0.01,16,GELU,1000,0.5800000000000001,0.5586380832282472,0.58,0.08967210003174841
32,0.01,16,Softmax,50,0.56,0.548440065681445,0.56,0.08436659979633987
32,0.01,16,Softmax,100,0.56,0.548440065681445,0.56,0.07841980014927685
32,0.01,16,Softmax,300,0.56,0.548440065681445,0.56,0.0918115999083966
32,0.01,16,Softmax,500,0.56,0.548440065681445,0.56,0.08718560007400811
32,0.01,16,Softmax,1000,0.56,0.548440065681445,0.56,0.08275269996374846
32,0.01,32,ReLU,50,0.6,0.5941558441558441,0.6,0.07636349997483194
32,0.01,32,ReLU,100,0.6,0.5941558441558441,0.6,0.08464600006118417
32,0.01,32,ReLU,300,0.6,0.5941558441558441,0.6,0.08846760005690157
32,0.01,32,ReLU,500,0.6,0.5941558441558441,0.6,0.09364759991876781
32,0.01,32,ReLU,1000,0.6,0.5941558441558441,0.6,0.09892120002768934
32,0.01,32,Tanh,50,0.54,0.5353535353535354,0.54,0.07885950012132525
32,0.01,32,Tanh,100,0.54,0.5353535353535354,0.54,0.07218479993753135
32,0.01,32,Tanh,300,0.54,0.5353535353535354,0.54,0.08230330003425479
32,0.01,32,Tanh,500,0.54,0.5353535353535354,0.54,0.07035830011591315
32,0.01,32,Tanh,1000,0.54,0.5353535353535354,0.54,0.0693981999065727
32,0.01,32,Sigmoid,50,0.44,0.4391025641025641,0.44,0.07183279981836677
32,0.01,32,Sigmoid,100,0.44,0.4391025641025641,0.44,0.06799479993060231
32,0.01,32,Sigmoid,300,0.44,0.4391025641025641,0.44,0.07167440000921488
32,0.01,32,Sigmoid,500,0.44,0.4391025641025641,0.44,0.06160550005733967
32,0.01,32,Sigmoid,1000,0.44,0.4391025641025641,0.44,0.07062209979631007
32,0.01,32,GELU,50,0.6,0.5941558441558441,0.6,0.07879500021226704
32,0.01,32,GELU,100,0.6,0.5941558441558441,0.6,0.0798961000982672
32,0.01,32,GELU,300,0.6,0.5941558441558441,0.6,0.08457729988731444
32,0.01,32,GELU,500,0.6,0.5941558441558441,0.6,0.06903860019519925
32,0.01,32,GELU,1000,0.6,0.5941558441558441,0.6,0.08110089995898306
32,0.01,32,Softmax,50,0.44,0.4391025641025641,0.44,0.08870860002934933
32,0.01,32,Softmax,100,0.44,0.4391025641025641,0.44,0.08915510005317628
32,0.01,32,Softmax,300,0.44,0.4391025641025641,0.44,0.09942379989661276
32,0.01,32,Softmax,500,0.44,0.4391025641025641,0.44,0.09837300004437566
32,0.01,32,Softmax,1000,0.44,0.4391025641025641,0.44,0.06880459981039166
32,0.01,64,ReLU,50,0.45999999999999996,0.44920440636474906,0.46,0.07310699997469783
32,0.01,64,ReLU,100,0.45999999999999996,0.44920440636474906,0.46,0.07451569987460971
32,0.01,64,ReLU,300,0.45999999999999996,0.44920440636474906,0.46,0.06708319997414947
32,0.01,64,ReLU,500,0.45999999999999996,0.44920440636474906,0.46,0.06748429988510907
32,0.01,64,ReLU,1000,0.45999999999999996,0.44920440636474906,0.46,0.06168210017494857
32,0.01,64,Tanh,50,0.5,0.45054945054945056,0.5,0.07014729990623891
32,0.01,64,Tanh,100,0.5,0.45054945054945056,0.5,0.0629201999399811
32,0.01,64,Tanh,300,0.5,0.45054945054945056,0.5,0.06843400001525879
32,0.01,64,Tanh,500,0.5,0.45054945054945056,0.5,0.06676940014585853
32,0.01,64,Tanh,1000,0.5,0.45054945054945056,0.5,0.06898780004121363
32,0.01,64,Sigmoid,50,0.54,0.5398159263705482,0.54,0.06693860003724694
32,0.01,64,Sigmoid,100,0.54,0.5398159263705482,0.54,0.06760830013081431
32,0.01,64,Sigmoid,300,0.54,0.5398159263705482,0.54,0.0726469000801444
32,0.01,64,Sigmoid,500,0.54,0.5398159263705482,0.54,0.0723180000204593
32,0.01,64,Sigmoid,1000,0.54,0.5398159263705482,0.54,0.07054809993132949
32,0.01,64,GELU,50,0.45999999999999996,0.44920440636474906,0.46,0.06536419992335141
32,0.01,64,GELU,100,0.45999999999999996,0.44920440636474906,0.46,0.06706449994817376
32,0.01,64,GELU,300,0.45999999999999996,0.44920440636474906,0.46,0.06905170017853379
32,0.01,64,GELU,500,0.45999999999999996,0.44920440636474906,0.46,0.0680927000939846
32,0.01,64,GELU,1000,0.45999999999999996,0.44920440636474906,0.46,0.08205930003896356
32,0.01,64,Softmax,50,0.54,0.5398159263705482,0.54,0.05715720006264746
32,0.01,64,Softmax,100,0.54,0.5398159263705482,0.54,0.0736708000767976
32,0.01,64,Softmax,300,0.54,0.5398159263705482,0.54,0.0692656000610441
32,0.01,64,Softmax,500,0.54,0.5398159263705482,0.54,0.06622500019147992
32,0.01,64,Softmax,1000,0.54,0.5398159263705482,0.54,0.06246859999373555
32,0.01,128,ReLU,50,0.45999999999999996,0.44920440636474906,0.46,0.060909599997103214
32,0.01,128,ReLU,100,0.45999999999999996,0.44920440636474906,0.46,0.07162959990091622
32,0.01,128,ReLU,300,0.45999999999999996,0.44920440636474906,0.46,0.08325330005027354
32,0.01,128,ReLU,500,0.45999999999999996,0.44920440636474906,0.46,0.06343209999613464
32,0.01,128,ReLU,1000,0.45999999999999996,0.44920440636474906,0.46,0.06702329986728728
32,0.01,128,Tanh,50,0.5,0.45054945054945056,0.5,0.057529599871486425
32,0.01,128,Tanh,100,0.5,0.45054945054945056,0.5,0.05177070014178753
32,0.01,128,Tanh,300,0.5,0.45054945054945056,0.5,0.06360220001079142
32,0.01,128,Tanh,500,0.5,0.45054945054945056,0.5,0.060659100068733096
32,0.01,128,Tanh,1000,0.5,0.45054945054945056,0.5,0.07004400016739964
32,0.01,128,Sigmoid,50,0.54,0.5398159263705482,0.54,0.06217569997534156
32,0.01,128,Sigmoid,100,0.54,0.5398159263705482,0.54,0.04729159991256893
32,0.01,128,Sigmoid,300,0.54,0.5398159263705482,0.54,0.052255700109526515
32,0.01,128,Sigmoid,500,0.54,0.5398159263705482,0.54,0.05401799990795553
32,0.01,128,Sigmoid,1000,0.54,0.5398159263705482,0.54,0.06038579996675253
32,0.01,128,GELU,50,0.45999999999999996,0.44920440636474906,0.46,0.06048469990491867
32,0.01,128,GELU,100,0.45999999999999996,0.44920440636474906,0.46,0.04796430002897978
32,0.01,128,GELU,300,0.45999999999999996,0.44920440636474906,0.46,0.056424699956551194
32,0.01,128,GELU,500,0.45999999999999996,0.44920440636474906,0.46,0.04328850004822016
32,0.01,128,GELU,1000,0.45999999999999996,0.44920440636474906,0.46,0.052799199940636754
32,0.01,128,Softmax,50,0.54,0.5398159263705482,0.54,0.052252800203859806
32,0.01,128,Softmax,100,0.54,0.5398159263705482,0.54,0.0495574998203665
32,0.01,128,Softmax,300,0.54,0.5398159263705482,0.54,0.05205080006271601
32,0.01,128,Softmax,500,0.54,0.5398159263705482,0.54,0.047823699889704585
32,0.01,128,Softmax,1000,0.54,0.5398159263705482,0.54,0.03568470012396574
32,0.001,8,ReLU,50,0.56,0.5225694444444444,0.56,0.06265740003436804
32,0.001,8,ReLU,100,0.56,0.5225694444444444,0.56,0.07100130012258887
32,0.001,8,ReLU,300,0.56,0.5225694444444444,0.56,0.06091900006867945
32,0.001,8,ReLU,500,0.56,0.5225694444444444,0.56,0.06093910010531545
32,0.001,8,ReLU,1000,0.56,0.5225694444444444,0.56,0.06314880005083978
32,0.001,8,Tanh,50,0.56,0.5098039215686274,0.56,0.06723050004802644
32,0.001,8,Tanh,100,0.56,0.5098039215686274,0.56,0.07143109990283847
32,0.001,8,Tanh,300,0.56,0.5098039215686274,0.56,0.05727849993854761
32,0.001,8,Tanh,500,0.56,0.5098039215686274,0.56,0.07882310007698834
32,0.001,8,Tanh,1000,0.56,0.5098039215686274,0.56,0.0569690999109298
32,0.001,8,Sigmoid,50,0.54,0.5245969408846631,0.54,0.08346190000884235
32,0.001,8,Sigmoid,100,0.54,0.5245969408846631,0.54,0.08337630005553365
32,0.001,8,Sigmoid,300,0.54,0.5245969408846631,0.54,0.07065319991670549
32,0.001,8,Sigmoid,500,0.54,0.5245969408846631,0.54,0.09618090000003576
32,0.001,8,Sigmoid,1000,0.54,0.5245969408846631,0.54,0.1619529000017792
32,0.001,8,GELU,50,0.56,0.5225694444444444,0.56,0.13196290004998446
32,0.001,8,GELU,100,0.56,0.5225694444444444,0.56,0.12661650008521974
32,0.001,8,GELU,300,0.56,0.5225694444444444,0.56,0.11435799999162555
32,0.001,8,GELU,500,0.56,0.5225694444444444,0.56,0.11097669997252524
32,0.001,8,GELU,1000,0.56,0.5225694444444444,0.56,0.12265140004456043
32,0.001,8,Softmax,50,0.54,0.5245969408846631,0.54,0.13776580011472106
32,0.001,8,Softmax,100,0.54,0.5245969408846631,0.54,0.11784279998391867
32,0.001,8,Softmax,300,0.54,0.5245969408846631,0.54,0.0993587002158165
32,0.001,8,Softmax,500,0.54,0.5245969408846631,0.54,0.10822680010460317
32,0.001,8,Softmax,1000,0.54,0.5245969408846631,0.54,0.10886009992100298
32,0.001,16,ReLU,50,0.58,0.5495495495495495,0.58,0.0951090999878943
32,0.001,16,ReLU,100,0.58,0.5495495495495495,0.58,0.13102390011772513
32,0.001,16,ReLU,300,0.58,0.5495495495495495,0.58,0.14448240003548563
32,0.001,16,ReLU,500,0.58,0.5495495495495495,0.58,0.1309289000928402
32,0.001,16,ReLU,1000,0.58,0.5495495495495495,0.58,0.10497019998729229
32,0.001,16,Tanh,50,0.56,0.5098039215686274,0.56,0.12715770001523197
32,0.001,16,Tanh,100,0.56,0.5098039215686274,0.56,0.11187990009784698
32,0.001,16,Tanh,300,0.56,0.5098039215686274,0.56,0.09314500004984438
32,0.001,16,Tanh,500,0.56,0.5098039215686274,0.56,0.10019829985685647
32,0.001,16,Tanh,1000,0.56,0.5098039215686274,0.56,0.09473809995688498
32,0.001,16,Sigmoid,50,0.5800000000000001,0.5784825371336813,0.58,0.11304170009680092
32,0.001,16,Sigmoid,100,0.5800000000000001,0.5784825371336813,0.58,0.11497480003163218
32,0.001,16,Sigmoid,300,0.5800000000000001,0.5784825371336813,0.58,0.11313769989646971
32,0.001,16,Sigmoid,500,0.5800000000000001,0.5784825371336813,0.58,0.09866610006429255
32,0.001,16,Sigmoid,1000,0.5800000000000001,0.5784825371336813,0.58,0.07997550000436604
32,0.001,16,GELU,50,0.58,0.5495495495495495,0.58,0.0968981001060456
32,0.001,16,GELU,100,0.58,0.5495495495495495,0.58,0.11449320008978248
32,0.001,16,GELU,300,0.58,0.5495495495495495,0.58,0.12222450016997755
32,0.001,16,GELU,500,0.58,0.5495495495495495,0.58,0.09240880003198981
32,0.001,16,GELU,1000,0.58,0.5495495495495495,0.58,0.09196970006451011
32,0.001,16,Softmax,50,0.5800000000000001,0.5784825371336813,0.58,0.10867159999907017
32,0.001,16,Softmax,100,0.5800000000000001,0.5784825371336813,0.58,0.1013090000487864
32,0.001,16,Softmax,300,0.5800000000000001,0.5784825371336813,0.58,0.08208999992348254
32,0.001,16,Softmax,500,0.5800000000000001,0.5784825371336813,0.58,0.0903481999412179
32,0.001,16,Softmax,1000,0.5800000000000001,0.5784825371336813,0.58,0.10602590022608638
32,0.001,32,ReLU,50,0.58,0.5495495495495495,0.58,0.08094600006006658
32,0.001,32,ReLU,100,0.58,0.5495495495495495,0.58,0.08625929988920689
32,0.001,32,ReLU,300,0.58,0.5495495495495495,0.58,0.08174649998545647
32,0.001,32,ReLU,500,0.58,0.5495495495495495,0.58,0.06620429991744459
32,0.001,32,ReLU,1000,0.58,0.5495495495495495,0.58,0.08211460011079907
32,0.001,32,Tanh,50,0.56,0.5098039215686274,0.56,0.0945003000088036
32,0.001,32,Tanh,100,0.56,0.5098039215686274,0.56,0.1057672998867929
32,0.001,32,Tanh,300,0.56,0.5098039215686274,0.56,0.092984699876979
32,0.001,32,Tanh,500,0.56,0.5098039215686274,0.56,0.08922989992424846
32,0.001,32,Tanh,1000,0.56,0.5098039215686274,0.56,0.08915819996036589
32,0.001,32,Sigmoid,50,0.5,0.4981934965877158,0.5,0.08874220005236566
32,0.001,32,Sigmoid,100,0.5,0.4981934965877158,0.5,0.07075030007399619
32,0.001,32,Sigmoid,300,0.5,0.4981934965877158,0.5,0.09005739982239902
32,0.001,32,Sigmoid,500,0.5,0.4981934965877158,0.5,0.09637350006960332
32,0.001,32,Sigmoid,1000,0.5,0.4981934965877158,0.5,0.07911000004969537
32,0.001,32,GELU,50,0.58,0.5495495495495495,0.58,0.05438159988261759
32,0.001,32,GELU,100,0.58,0.5495495495495495,0.58,0.06819209991954267
32,0.001,32,GELU,300,0.58,0.5495495495495495,0.58,0.06888050003908575
32,0.001,32,GELU,500,0.58,0.5495495495495495,0.58,0.057519800029695034
32,0.001,32,GELU,1000,0.58,0.5495495495495495,0.58,0.05371890007518232
32,0.001,32,Softmax,50,0.5,0.4981934965877158,0.5,0.06945469998754561
32,0.001,32,Softmax,100,0.5,0.4981934965877158,0.5,0.06632470013573766
32,0.001,32,Softmax,300,0.5,0.4981934965877158,0.5,0.07813100004568696
32,0.001,32,Softmax,500,0.5,0.4981934965877158,0.5,0.05744619993492961
32,0.001,32,Softmax,1000,0.5,0.4981934965877158,0.5,0.06813249993138015
32,0.001,64,ReLU,50,0.58,0.5495495495495495,0.58,0.04892090009525418
32,0.001,64,ReLU,100,0.58,0.5495495495495495,0.58,0.0588101998437196
32,0.001,64,ReLU,300,0.58,0.5495495495495495,0.58,0.0516869998537004
32,0.001,64,ReLU,500,0.58,0.5495495495495495,0.58,0.06622670008800924
32,0.001,64,ReLU,1000,0.58,0.5495495495495495,0.58,0.08110349997878075
32,0.001,64,Tanh,50,0.54,0.47987336047037543,0.54,0.0676625999622047
32,0.001,64,Tanh,100,0.54,0.47987336047037543,0.54,0.04968880000524223
32,0.001,64,Tanh,300,0.54,0.47987336047037543,0.54,0.05011499999091029
32,0.001,64,Tanh,500,0.54,0.47987336047037543,0.54,0.05960340006276965
32,0.001,64,Tanh,1000,0.54,0.47987336047037543,0.54,0.06081559997983277
32,0.001,64,Sigmoid,50,0.54,0.5308037535699714,0.54,0.053639600053429604
32,0.001,64,Sigmoid,100,0.54,0.5308037535699714,0.54,0.048458100063726306
32,0.001,64,Sigmoid,300,0.54,0.5308037535699714,0.54,0.03546650009229779
32,0.001,64,Sigmoid,500,0.54,0.5308037535699714,0.54,0.039560999954119325
32,0.001,64,Sigmoid,1000,0.54,0.5308037535699714,0.54,0.03849889989942312
32,0.001,64,GELU,50,0.58,0.5495495495495495,0.58,0.040574599988758564
32,0.001,64,GELU,100,0.58,0.5495495495495495,0.58,0.036669000051915646
32,0.001,64,GELU,300,0.58,0.5495495495495495,0.58,0.03953350009396672
32,0.001,64,GELU,500,0.58,0.5495495495495495,0.58,0.039593599969521165
32,0.001,64,GELU,1000,0.58,0.5495495495495495,0.58,0.040672500152140856
32,0.001,64,Softmax,50,0.54,0.5308037535699714,0.54,0.035883900010958314
32,0.001,64,Softmax,100,0.54,0.5308037535699714,0.54,0.03605030011385679
32,0.001,64,Softmax,300,0.54,0.5308037535699714,0.54,0.035830399952828884
32,0.001,64,Softmax,500,0.54,0.5308037535699714,0.54,0.03570250002667308
32,0.001,64,Softmax,1000,0.54,0.5308037535699714,0.54,0.03878460009582341
32,0.001,128,ReLU,50,0.58,0.5495495495495495,0.58,0.06962940003722906
32,0.001,128,ReLU,100,0.58,0.5495495495495495,0.58,0.06657030014321208
32,0.001,128,ReLU,300,0.58,0.5495495495495495,0.58,0.08089830004610121
32,0.001,128,ReLU,500,0.58,0.5495495495495495,0.58,0.06764480005949736
32,0.001,128,ReLU,1000,0.58,0.5495495495495495,0.58,0.06812950014136732
32,0.001,128,Tanh,50,0.54,0.47987336047037543,0.54,0.08815289987251163
32,0.001,128,Tanh,100,0.54,0.47987336047037543,0.54,0.11082020006142557
32,0.001,128,Tanh,300,0.54,0.47987336047037543,0.54,0.08610310009680688
32,0.001,128,Tanh,500,0.54,0.47987336047037543,0.54,0.09370999992825091
32,0.001,128,Tanh,1000,0.54,0.47987336047037543,0.54,0.08666719985194504
32,0.001,128,Sigmoid,50,0.54,0.5308037535699714,0.54,0.07830949989147484
32,0.001,128,Sigmoid,100,0.54,0.5308037535699714,0.54,0.09481060015968978
32,0.001,128,Sigmoid,300,0.54,0.5308037535699714,0.54,0.07653309986926615
32,0.001,128,Sigmoid,500,0.54,0.5308037535699714,0.54,0.06990940007381141
32,0.001,128,Sigmoid,1000,0.54,0.5308037535699714,0.54,0.06914280005730689
32,0.001,128,GELU,50,0.58,0.5495495495495495,0.58,0.06935779983177781
32,0.001,128,GELU,100,0.58,0.5495495495495495,0.58,0.061315800063312054
32,0.001,128,GELU,300,0.58,0.5495495495495495,0.58,0.06961570004932582
32,0.001,128,GELU,500,0.58,0.5495495495495495,0.58,0.06952439993619919
32,0.001,128,GELU,1000,0.58,0.5495495495495495,0.58,0.06850689998827875
32,0.001,128,Softmax,50,0.54,0.5308037535699714,0.54,0.08281109994277358
32,0.001,128,Softmax,100,0.54,0.5308037535699714,0.54,0.06162470020353794
32,0.001,128,Softmax,300,0.54,0.5308037535699714,0.54,0.07234620000235736
32,0.001,128,Softmax,500,0.54,0.5308037535699714,0.54,0.06519589992240071
32,0.001,128,Softmax,1000,0.54,0.5308037535699714,0.54,0.07174369995482266
32,0.0001,8,ReLU,50,0.58,0.5495495495495495,0.58,0.11360809998586774
32,0.0001,8,ReLU,100,0.58,0.5495495495495495,0.58,0.10683450009673834
32,0.0001,8,ReLU,300,0.58,0.5495495495495495,0.58,0.1173582999035716
32,0.0001,8,ReLU,500,0.58,0.5495495495495495,0.58,0.11515389988198876
32,0.0001,8,ReLU,1000,0.58,0.5495495495495495,0.58,0.0976776999887079
32,0.0001,8,Tanh,50,0.56,0.5098039215686274,0.56,0.0942053000908345
32,0.0001,8,Tanh,100,0.56,0.5098039215686274,0.56,0.10491520003415644
32,0.0001,8,Tanh,300,0.56,0.5098039215686274,0.56,0.08466850011609495
32,0.0001,8,Tanh,500,0.56,0.5098039215686274,0.56,0.07765069999732077
32,0.0001,8,Tanh,1000,0.56,0.5098039215686274,0.56,0.10253489995375276
32,0.0001,8,Sigmoid,50,0.58,0.5716034271725826,0.58,0.08766030007973313
32,0.0001,8,Sigmoid,100,0.58,0.5716034271725826,0.58,0.0908998001832515
32,0.0001,8,Sigmoid,300,0.58,0.5716034271725826,0.58,0.09826319990679622
32,0.0001,8,Sigmoid,500,0.58,0.5716034271725826,0.58,0.09418329992331564
32,0.0001,8,Sigmoid,1000,0.58,0.5716034271725826,0.58,0.0838313999120146
32,0.0001,8,GELU,50,0.58,0.5495495495495495,0.58,0.08946539997123182
32,0.0001,8,GELU,100,0.58,0.5495495495495495,0.58,0.1079341999720782
32,0.0001,8,GELU,300,0.58,0.5495495495495495,0.58,0.1217894998844713
32,0.0001,8,GELU,500,0.58,0.5495495495495495,0.58,0.11668320000171661
32,0.0001,8,GELU,1000,0.58,0.5495495495495495,0.58,0.12290730001404881
32,0.0001,8,Softmax,50,0.58,0.5716034271725826,0.58,0.10098420013673604
32,0.0001,8,Softmax,100,0.58,0.5716034271725826,0.58,0.1101448000408709
32,0.0001,8,Softmax,300,0.58,0.5716034271725826,0.58,0.09035530011169612
32,0.0001,8,Softmax,500,0.58,0.5716034271725826,0.58,0.07423359993845224
32,0.0001,8,Softmax,1000,0.58,0.5716034271725826,0.58,0.09488769993185997
32,0.0001,16,ReLU,50,0.58,0.5495495495495495,0.58,0.07912579993717372
32,0.0001,16,ReLU,100,0.58,0.5495495495495495,0.58,0.06823839992284775
32,0.0001,16,ReLU,300,0.58,0.5495495495495495,0.58,0.08576909988187253
32,0.0001,16,ReLU,500,0.58,0.5495495495495495,0.58,0.060651599895209074
32,0.0001,16,ReLU,1000,0.58,0.5495495495495495,0.58,0.057242099894210696
32,0.0001,16,Tanh,50,0.56,0.5098039215686274,0.56,0.08219400001689792
32,0.0001,16,Tanh,100,0.56,0.5098039215686274,0.56,0.06929700006730855
32,0.0001,16,Tanh,300,0.56,0.5098039215686274,0.56,0.0623951000161469
32,0.0001,16,Tanh,500,0.56,0.5098039215686274,0.56,0.07793830009177327
32,0.0001,16,Tanh,1000,0.56,0.5098039215686274,0.56,0.09003799990750849
32,0.0001,16,Sigmoid,50,0.5800000000000001,0.565936337329475,0.58,0.06925510009750724
32,0.0001,16,Sigmoid,100,0.5800000000000001,0.565936337329475,0.58,0.08133800001814961
32,0.0001,16,Sigmoid,300,0.5800000000000001,0.565936337329475,0.58,0.09390130010433495
32,0.0001,16,Sigmoid,500,0.5800000000000001,0.565936337329475,0.58,0.07160140015184879
32,0.0001,16,Sigmoid,1000,0.5800000000000001,0.565936337329475,0.58,0.08208699990063906
32,0.0001,16,GELU,50,0.58,0.5495495495495495,0.58,0.06629380001686513
32,0.0001,16,GELU,100,0.58,0.5495495495495495,0.58,0.06813749996945262
32,0.0001,16,GELU,300,0.58,0.5495495495495495,0.58,0.08178250002674758
32,0.0001,16,GELU,500,0.58,0.5495495495495495,0.58,0.060806900030002
32,0.0001,16,GELU,1000,0.58,0.5495495495495495,0.58,0.060388300102204084
32,0.0001,16,Softmax,50,0.5800000000000001,0.565936337329475,0.58,0.05907099996693432
32,0.0001,16,Softmax,100,0.5800000000000001,0.565936337329475,0.58,0.06360290013253689
32,0.0001,16,Softmax,300,0.5800000000000001,0.565936337329475,0.58,0.05293399980291724
32,0.0001,16,Softmax,500,0.5800000000000001,0.565936337329475,0.58,0.06321469997055829
32,0.0001,16,Softmax,1000,0.5800000000000001,0.565936337329475,0.58,0.04814200010150671
32,0.0001,32,ReLU,50,0.58,0.5495495495495495,0.58,0.04743670020252466
32,0.0001,32,ReLU,100,0.58,0.5495495495495495,0.58,0.043282399885356426
32,0.0001,32,ReLU,300,0.58,0.5495495495495495,0.58,0.040860600071027875
32,0.0001,32,ReLU,500,0.58,0.5495495495495495,0.58,0.050203199964016676
32,0.0001,32,ReLU,1000,0.58,0.5495495495495495,0.58,0.036506100092083216
32,0.0001,32,Tanh,50,0.56,0.5098039215686274,0.56,0.05102410004474223
32,0.0001,32,Tanh,100,0.56,0.5098039215686274,0.56,0.05362039990723133
32,0.0001,32,Tanh,300,0.56,0.5098039215686274,0.56,0.04075810010544956
32,0.0001,32,Tanh,500,0.56,0.5098039215686274,0.56,0.03580810013227165
32,0.0001,32,Tanh,1000,0.56,0.5098039215686274,0.56,0.05297309998422861
32,0.0001,32,Sigmoid,50,0.5800000000000001,0.5586380832282472,0.58,0.039387800032272935
32,0.0001,32,Sigmoid,100,0.5800000000000001,0.5586380832282472,0.58,0.03804449993185699
32,0.0001,32,Sigmoid,300,0.5800000000000001,0.5586380832282472,0.58,0.03858639998361468
32,0.0001,32,Sigmoid,500,0.5800000000000001,0.5586380832282472,0.58,0.05131689994595945
32,0.0001,32,Sigmoid,1000,0.5800000000000001,0.5586380832282472,0.58,0.05122260004281998
32,0.0001,32,GELU,50,0.58,0.5495495495495495,0.58,0.053074900060892105
32,0.0001,32,GELU,100,0.58,0.5495495495495495,0.58,0.04896280006505549
32,0.0001,32,GELU,300,0.58,0.5495495495495495,0.58,0.049819499952718616
32,0.0001,32,GELU,500,0.58,0.5495495495495495,0.58,0.059733400121331215
32,0.0001,32,GELU,1000,0.58,0.5495495495495495,0.58,0.10713799996301532
32,0.0001,32,Softmax,50,0.5800000000000001,0.5586380832282472,0.58,0.07985979993827641
32,0.0001,32,Softmax,100,0.5800000000000001,0.5586380832282472,0.58,0.08482380001805723
32,0.0001,32,Softmax,300,0.5800000000000001,0.5586380832282472,0.58,0.06759310001507401
32,0.0001,32,Softmax,500,0.5800000000000001,0.5586380832282472,0.58,0.07852749992161989
32,0.0001,32,Softmax,1000,0.5800000000000001,0.5586380832282472,0.58,0.0824838001281023
32,0.0001,64,ReLU,50,0.58,0.5495495495495495,0.58,0.07360869995318353
32,0.0001,64,ReLU,100,0.58,0.5495495495495495,0.58,0.07161560002714396
32,0.0001,64,ReLU,300,0.58,0.5495495495495495,0.58,0.06625470006838441
32,0.0001,64,ReLU,500,0.58,0.5495495495495495,0.58,0.0642168999183923
32,0.0001,64,ReLU,1000,0.58,0.5495495495495495,0.58,0.06254529999569058
32,0.0001,64,Tanh,50,0.56,0.5098039215686274,0.56,0.07033620006404817
32,0.0001,64,Tanh,100,0.56,0.5098039215686274,0.56,0.11386140016838908
32,0.0001,64,Tanh,300,0.56,0.5098039215686274,0.56,0.07771910005249083
32,0.0001,64,Tanh,500,0.56,0.5098039215686274,0.56,0.0748248000163585
32,0.0001,64,Tanh,1000,0.56,0.5098039215686274,0.56,0.06788280000910163
32,0.0001,64,Sigmoid,50,0.5800000000000001,0.565936337329475,0.58,0.08291870006360114
32,0.0001,64,Sigmoid,100,0.5800000000000001,0.565936337329475,0.58,0.08475829986855388
32,0.0001,64,Sigmoid,300,0.5800000000000001,0.565936337329475,0.58,0.0729599001351744
32,0.0001,64,Sigmoid,500,0.5800000000000001,0.565936337329475,0.58,0.06888569984585047
32,0.0001,64,Sigmoid,1000,0.5800000000000001,0.565936337329475,0.58,0.07128269993700087
32,0.0001,64,GELU,50,0.58,0.5495495495495495,0.58,0.07493490003980696
32,0.0001,64,GELU,100,0.58,0.5495495495495495,0.58,0.06479879980906844
32,0.0001,64,GELU,300,0.58,0.5495495495495495,0.58,0.07855279999785125
32,0.0001,64,GELU,500,0.58,0.5495495495495495,0.58,0.06639880011789501
32,0.0001,64,GELU,1000,0.58,0.5495495495495495,0.58,0.06291089998558164
32,0.0001,64,Softmax,50,0.5800000000000001,0.565936337329475,0.58,0.061859400011599064
32,0.0001,64,Softmax,100,0.5800000000000001,0.565936337329475,0.58,0.07233179989270866
32,0.0001,64,Softmax,300,0.5800000000000001,0.565936337329475,0.58,0.08103979984298348
32,0.0001,64,Softmax,500,0.5800000000000001,0.565936337329475,0.58,0.08446369995363057
32,0.0001,64,Softmax,1000,0.5800000000000001,0.565936337329475,0.58,0.08379009994678199
32,0.0001,128,ReLU,50,0.58,0.5495495495495495,0.58,0.08260829979553819
32,0.0001,128,ReLU,100,0.58,0.5495495495495495,0.58,0.14140510000288486
32,0.0001,128,ReLU,300,0.58,0.5495495495495495,0.58,0.08839079993776977
32,0.0001,128,ReLU,500,0.58,0.5495495495495495,0.58,0.08229109994135797
32,0.0001,128,ReLU,1000,0.58,0.5495495495495495,0.58,0.0830800998955965
32,0.0001,128,Tanh,50,0.56,0.5098039215686274,0.56,0.07027729996480048
32,0.0001,128,Tanh,100,0.56,0.5098039215686274,0.56,0.07572219986468554
32,0.0001,128,Tanh,300,0.56,0.5098039215686274,0.56,0.07157179992645979
32,0.0001,128,Tanh,500,0.56,0.5098039215686274,0.56,0.0651322000194341
32,0.0001,128,Tanh,1000,0.56,0.5098039215686274,0.56,0.07126510003581643
32,0.0001,128,Sigmoid,50,0.5800000000000001,0.565936337329475,0.58,0.07930270000360906
32,0.0001,128,Sigmoid,100,0.5800000000000001,0.565936337329475,0.58,0.06387589988298714
32,0.0001,128,Sigmoid,300,0.5800000000000001,0.565936337329475,0.58,0.06011690013110638
32,0.0001,128,Sigmoid,500,0.5800000000000001,0.565936337329475,0.58,0.06711070006713271
32,0.0001,128,Sigmoid,1000,0.5800000000000001,0.565936337329475,0.58,0.0671641998924315
32,0.0001,128,GELU,50,0.58,0.5495495495495495,0.58,0.05606710002757609
32,0.0001,128,GELU,100,0.58,0.5495495495495495,0.58,0.07314440002664924
32,0.0001,128,GELU,300,0.58,0.5495495495495495,0.58,0.0648354000877589
32,0.0001,128,GELU,500,0.58,0.5495495495495495,0.58,0.06518809986300766
32,0.0001,128,GELU,1000,0.58,0.5495495495495495,0.58,0.05483209993690252
32,0.0001,128,Softmax,50,0.5800000000000001,0.565936337329475,0.58,0.06523600011132658
32,0.0001,128,Softmax,100,0.5800000000000001,0.565936337329475,0.58,0.06704929983243346
32,0.0001,128,Softmax,300,0.5800000000000001,0.565936337329475,0.58,0.06871040002442896
32,0.0001,128,Softmax,500,0.5800000000000001,0.565936337329475,0.58,0.06506609986536205
32,0.0001,128,Softmax,1000,0.5800000000000001,0.565936337329475,0.58,0.09532610001042485
32,0.00025,8,ReLU,50,0.58,0.5495495495495495,0.58,0.11452509998343885
32,0.00025,8,ReLU,100,0.58,0.5495495495495495,0.58,0.1147774001583457
32,0.00025,8,ReLU,300,0.58,0.5495495495495495,0.58,0.10747059993445873
32,0.00025,8,ReLU,500,0.58,0.5495495495495495,0.58,0.10706719988957047
32,0.00025,8,ReLU,1000,0.58,0.5495495495495495,0.58,0.12012830004096031
32,0.00025,8,Tanh,50,0.56,0.5098039215686274,0.56,0.08811890007928014
32,0.00025,8,Tanh,100,0.56,0.5098039215686274,0.56,0.07687309989705682
32,0.00025,8,Tanh,300,0.56,0.5098039215686274,0.56,0.08813410019502044
32,0.00025,8,Tanh,500,0.56,0.5098039215686274,0.56,0.07899910002015531
32,0.00025,8,Tanh,1000,0.56,0.5098039215686274,0.56,0.10392419993877411
32,0.00025,8,Sigmoid,50,0.5800000000000001,0.5784825371336813,0.58,0.07140660006552935
32,0.00025,8,Sigmoid,100,0.5800000000000001,0.5784825371336813,0.58,0.10099590010941029
32,0.00025,8,Sigmoid,300,0.5800000000000001,0.5784825371336813,0.58,0.07688770000822842
32,0.00025,8,Sigmoid,500,0.5800000000000001,0.5784825371336813,0.58,0.09671960002742708
32,0.00025,8,Sigmoid,1000,0.5800000000000001,0.5784825371336813,0.58,0.10070209996774793
32,0.00025,8,GELU,50,0.58,0.5495495495495495,0.58,0.1308043000753969
32,0.00025,8,GELU,100,0.58,0.5495495495495495,0.58,0.09658760018646717
32,0.00025,8,GELU,300,0.58,0.5495495495495495,0.58,0.08613090007565916
32,0.00025,8,GELU,500,0.58,0.5495495495495495,0.58,0.08543360000476241
32,0.00025,8,GELU,1000,0.58,0.5495495495495495,0.58,0.0851079998537898
32,0.00025,8,Softmax,50,0.5800000000000001,0.5784825371336813,0.58,0.07430500001646578
32,0.00025,8,Softmax,100,0.5800000000000001,0.5784825371336813,0.58,0.060709600104019046
32,0.00025,8,Softmax,300,0.5800000000000001,0.5784825371336813,0.58,0.05780910002067685
32,0.00025,8,Softmax,500,0.5800000000000001,0.5784825371336813,0.58,0.05822709994390607
32,0.00025,8,Softmax,1000,0.5800000000000001,0.5784825371336813,0.58,0.06054849992506206
32,0.00025,16,ReLU,50,0.58,0.5495495495495495,0.58,0.058540500001981854
32,0.00025,16,ReLU,100,0.58,0.5495495495495495,0.58,0.05827030004002154
32,0.00025,16,ReLU,300,0.58,0.5495495495495495,0.58,0.07188349985517561
32,0.00025,16,ReLU,500,0.58,0.5495495495495495,0.58,0.05979160009883344
32,0.00025,16,ReLU,1000,0.58,0.5495495495495495,0.58,0.059243000112473965
32,0.00025,16,Tanh,50,0.56,0.5098039215686274,0.56,0.05146520002745092
32,0.00025,16,Tanh,100,0.56,0.5098039215686274,0.56,0.050753199961036444
32,0.00025,16,Tanh,300,0.56,0.5098039215686274,0.56,0.04947680002078414
32,0.00025,16,Tanh,500,0.56,0.5098039215686274,0.56,0.04910070006735623
32,0.00025,16,Tanh,1000,0.56,0.5098039215686274,0.56,0.0481993998400867
32,0.00025,16,Sigmoid,50,0.6,0.5941558441558441,0.6,0.047665199963375926
32,0.00025,16,Sigmoid,100,0.6,0.5941558441558441,0.6,0.049288400216028094
32,0.00025,16,Sigmoid,300,0.6,0.5941558441558441,0.6,0.053745000157505274
32,0.00025,16,Sigmoid,500,0.6,0.5941558441558441,0.6,0.08237459999509156
32,0.00025,16,Sigmoid,1000,0.6,0.5941558441558441,0.6,0.09489329997450113
32,0.00025,16,GELU,50,0.58,0.5495495495495495,0.58,0.12109359982423484
32,0.00025,16,GELU,100,0.58,0.5495495495495495,0.58,0.09969420009292662
32,0.00025,16,GELU,300,0.58,0.5495495495495495,0.58,0.11436160001903772
32,0.00025,16,GELU,500,0.58,0.5495495495495495,0.58,0.08032680000178516
32,0.00025,16,GELU,1000,0.58,0.5495495495495495,0.58,0.10594499995931983
32,0.00025,16,Softmax,50,0.6,0.5941558441558441,0.6,0.08254839992150664
32,0.00025,16,Softmax,100,0.6,0.5941558441558441,0.6,0.08278209995478392
32,0.00025,16,Softmax,300,0.6,0.5941558441558441,0.6,0.08082849998027086
32,0.00025,16,Softmax,500,0.6,0.5941558441558441,0.6,0.07095929980278015
32,0.00025,16,Softmax,1000,0.6,0.5941558441558441,0.6,0.08731870003975928
32,0.00025,32,ReLU,50,0.58,0.5495495495495495,0.58,0.07595119997859001
32,0.00025,32,ReLU,100,0.58,0.5495495495495495,0.58,0.09349799994379282
32,0.00025,32,ReLU,300,0.58,0.5495495495495495,0.58,0.11440999992191792
32,0.00025,32,ReLU,500,0.58,0.5495495495495495,0.58,0.10122509999200702
32,0.00025,32,ReLU,1000,0.58,0.5495495495495495,0.58,0.07602260005660355
32,0.00025,32,Tanh,50,0.56,0.5098039215686274,0.56,0.08730170014314353
32,0.00025,32,Tanh,100,0.56,0.5098039215686274,0.56,0.07739469991065562
32,0.00025,32,Tanh,300,0.56,0.5098039215686274,0.56,0.05485400022007525
32,0.00025,32,Tanh,500,0.56,0.5098039215686274,0.56,0.05291499989107251
32,0.00025,32,Tanh,1000,0.56,0.5098039215686274,0.56,0.0640174001455307
32,0.00025,32,Sigmoid,50,0.5800000000000001,0.5586380832282472,0.58,0.05296460003592074
32,0.00025,32,Sigmoid,100,0.5800000000000001,0.5586380832282472,0.58,0.052253799978643656
32,0.00025,32,Sigmoid,300,0.5800000000000001,0.5586380832282472,0.58,0.04863550001755357
32,0.00025,32,Sigmoid,500,0.5800000000000001,0.5586380832282472,0.58,0.05500450008548796
32,0.00025,32,Sigmoid,1000,0.5800000000000001,0.5586380832282472,0.58,0.05199509998783469
32,0.00025,32,GELU,50,0.58,0.5495495495495495,0.58,0.06180229992605746
32,0.00025,32,GELU,100,0.58,0.5495495495495495,0.58,0.04891779995523393
32,0.00025,32,GELU,300,0.58,0.5495495495495495,0.58,0.0465548001229763
32,0.00025,32,GELU,500,0.58,0.5495495495495495,0.58,0.046038599917665124
32,0.00025,32,GELU,1000,0.58,0.5495495495495495,0.58,0.05437250016257167
32,0.00025,32,Softmax,50,0.5800000000000001,0.5586380832282472,0.58,0.06560309999622405
32,0.00025,32,Softmax,100,0.5800000000000001,0.5586380832282472,0.58,0.06550300004892051
32,0.00025,32,Softmax,300,0.5800000000000001,0.5586380832282472,0.58,0.08103050012141466
32,0.00025,32,Softmax,500,0.5800000000000001,0.5586380832282472,0.58,0.08938889997079968
32,0.00025,32,Softmax,1000,0.5800000000000001,0.5586380832282472,0.58,0.08667340013198555
32,0.00025,64,ReLU,50,0.58,0.5495495495495495,0.58,0.08033469994552433
32,0.00025,64,ReLU,100,0.58,0.5495495495495495,0.58,0.08149119978770614
32,0.00025,64,ReLU,300,0.58,0.5495495495495495,0.58,0.0703397998586297
32,0.00025,64,ReLU,500,0.58,0.5495495495495495,0.58,0.07834080001339316
32,0.00025,64,ReLU,1000,0.58,0.5495495495495495,0.58,0.06641089986078441
32,0.00025,64,Tanh,50,0.56,0.5098039215686274,0.56,0.07175060012377799
32,0.00025,64,Tanh,100,0.56,0.5098039215686274,0.56,0.0670576998963952
32,0.00025,64,Tanh,300,0.56,0.5098039215686274,0.56,0.07790979999117553
32,0.00025,64,Tanh,500,0.56,0.5098039215686274,0.56,0.06424440001137555
32,0.00025,64,Tanh,1000,0.56,0.5098039215686274,0.56,0.06276299990713596
32,0.00025,64,Sigmoid,50,0.5800000000000001,0.565936337329475,0.58,0.06652230001054704
32,0.00025,64,Sigmoid,100,0.5800000000000001,0.565936337329475,0.58,0.06839170004241168
32,0.00025,64,Sigmoid,300,0.5800000000000001,0.565936337329475,0.58,0.06295990012586117
32,0.00025,64,Sigmoid,500,0.5800000000000001,0.565936337329475,0.58,0.06861010007560253
32,0.00025,64,Sigmoid,1000,0.5800000000000001,0.565936337329475,0.58,0.05288269999437034
32,0.00025,64,GELU,50,0.58,0.5495495495495495,0.58,0.07886989996768534
32,0.00025,64,GELU,100,0.58,0.5495495495495495,0.58,0.07557560014538467
32,0.00025,64,GELU,300,0.58,0.5495495495495495,0.58,0.06189489993266761
32,0.00025,64,GELU,500,0.58,0.5495495495495495,0.58,0.07523149996995926
32,0.00025,64,GELU,1000,0.58,0.5495495495495495,0.58,0.06351909996010363
32,0.00025,64,Softmax,50,0.5800000000000001,0.565936337329475,0.58,0.04572479985654354
32,0.00025,64,Softmax,100,0.5800000000000001,0.565936337329475,0.58,0.058983599999919534
32,0.00025,64,Softmax,300,0.5800000000000001,0.565936337329475,0.58,0.04457679996266961
32,0.00025,64,Softmax,500,0.5800000000000001,0.565936337329475,0.58,0.05461569991894066
32,0.00025,64,Softmax,1000,0.5800000000000001,0.565936337329475,0.58,0.04807720007374883
32,0.00025,128,ReLU,50,0.58,0.5495495495495495,0.58,0.05799739994108677
32,0.00025,128,ReLU,100,0.58,0.5495495495495495,0.58,0.048705900087952614
32,0.00025,128,ReLU,300,0.58,0.5495495495495495,0.58,0.03944869991391897
32,0.00025,128,ReLU,500,0.58,0.5495495495495495,0.58,0.0387852001003921
32,0.00025,128,ReLU,1000,0.58,0.5495495495495495,0.58,0.049290800001472235
32,0.00025,128,Tanh,50,0.56,0.5098039215686274,0.56,0.03502120007760823
32,0.00025,128,Tanh,100,0.56,0.5098039215686274,0.56,0.03591700014658272
32,0.00025,128,Tanh,300,0.56,0.5098039215686274,0.56,0.03556450014002621
32,0.00025,128,Tanh,500,0.56,0.5098039215686274,0.56,0.0373879000544548
32,0.00025,128,Tanh,1000,0.56,0.5098039215686274,0.56,0.06204780004918575
32,0.00025,128,Sigmoid,50,0.5800000000000001,0.565936337329475,0.58,0.05848579993471503
32,0.00025,128,Sigmoid,100,0.5800000000000001,0.565936337329475,0.58,0.06600739993155003
32,0.00025,128,Sigmoid,300,0.5800000000000001,0.565936337329475,0.58,0.06950449990108609
32,0.00025,128,Sigmoid,500,0.5800000000000001,0.565936337329475,0.58,0.07631979999132454
32,0.00025,128,Sigmoid,1000,0.5800000000000001,0.565936337329475,0.58,0.07292860001325607
32,0.00025,128,GELU,50,0.58,0.5495495495495495,0.58,0.07978659984655678
32,0.00025,128,GELU,100,0.58,0.5495495495495495,0.58,0.06558870011940598
32,0.00025,128,GELU,300,0.58,0.5495495495495495,0.58,0.0824496999848634
32,0.00025,128,GELU,500,0.58,0.5495495495495495,0.58,0.06795069994404912
32,0.00025,128,GELU,1000,0.58,0.5495495495495495,0.58,0.08392630005255342
32,0.00025,128,Softmax,50,0.5800000000000001,0.565936337329475,0.58,0.07592760003171861
32,0.00025,128,Softmax,100,0.5800000000000001,0.565936337329475,0.58,0.06298059993423522
32,0.00025,128,Softmax,300,0.5800000000000001,0.565936337329475,0.58,0.06957339984364808
32,0.00025,128,Softmax,500,0.5800000000000001,0.565936337329475,0.58,0.06762910005636513
32,0.00025,128,Softmax,1000,0.5800000000000001,0.565936337329475,0.58,0.07008539978414774
64,0.01,8,ReLU,50,0.52,0.5073891625615763,0.52,0.09274420002475381
64,0.01,8,ReLU,100,0.52,0.5073891625615763,0.52,0.10145369987003505
64,0.01,8,ReLU,300,0.52,0.5073891625615763,0.52,0.10070600011385977
64,0.01,8,ReLU,500,0.52,0.5073891625615763,0.52,0.08250000001862645
64,0.01,8,ReLU,1000,0.52,0.5073891625615763,0.52,0.08700220007449389
64,0.01,8,Tanh,50,0.56,0.5416666666666666,0.56,0.08413430000655353
64,0.01,8,Tanh,100,0.56,0.5416666666666666,0.56,0.08041539997793734
64,0.01,8,Tanh,300,0.56,0.5416666666666666,0.56,0.06568429991602898
64,0.01,8,Tanh,500,0.56,0.5416666666666666,0.56,0.07411950011737645
64,0.01,8,Tanh,1000,0.56,0.5416666666666666,0.56,0.07954130019061267
64,0.01,8,Sigmoid,50,0.46,0.45804897631473307,0.46,0.08618149999529123
64,0.01,8,Sigmoid,100,0.46,0.45804897631473307,0.46,0.07103169988840818
64,0.01,8,Sigmoid,300,0.46,0.45804897631473307,0.46,0.06936979992315173
64,0.01,8,Sigmoid,500,0.46,0.45804897631473307,0.46,0.05817619990557432
64,0.01,8,Sigmoid,1000,0.46,0.45804897631473307,0.46,0.06355619989335537
64,0.01,8,GELU,50,0.52,0.5073891625615763,0.52,0.07055770000442863
64,0.01,8,GELU,100,0.52,0.5073891625615763,0.52,0.14516710001043975
64,0.01,8,GELU,300,0.52,0.5073891625615763,0.52,0.10047219996340573
64,0.01,8,GELU,500,0.52,0.5073891625615763,0.52,0.11816950002685189
64,0.01,8,GELU,1000,0.52,0.5073891625615763,0.52,0.1250666999258101
64,0.01,8,Softmax,50,0.46,0.45804897631473307,0.46,0.13139380002394319
64,0.01,8,Softmax,100,0.46,0.45804897631473307,0.46,0.09927919995971024
64,0.01,8,Softmax,300,0.46,0.45804897631473307,0.46,0.10658450005576015
64,0.01,8,Softmax,500,0.46,0.45804897631473307,0.46,0.12179840006865561
64,0.01,8,Softmax,1000,0.46,0.45804897631473307,0.46,0.11218599998392165
64,0.01,16,ReLU,50,0.64,0.625,0.64,0.08730120002292097
64,0.01,16,ReLU,100,0.64,0.625,0.64,0.11116559989750385
64,0.01,16,ReLU,300,0.64,0.625,0.64,0.11970549984835088
64,0.01,16,ReLU,500,0.64,0.625,0.64,0.11774190003052354
64,0.01,16,ReLU,1000,0.64,0.625,0.64,0.10255490010604262
64,0.01,16,Tanh,50,0.62,0.5824175824175825,0.62,0.09449730021879077
64,0.01,16,Tanh,100,0.62,0.5824175824175825,0.62,0.08463359996676445
64,0.01,16,Tanh,300,0.62,0.5824175824175825,0.62,0.09403589996509254
64,0.01,16,Tanh,500,0.62,0.5824175824175825,0.62,0.07965030008926988
64,0.01,16,Tanh,1000,0.62,0.5824175824175825,0.62,0.07798750000074506
64,0.01,16,Sigmoid,50,0.44000000000000006,0.4318181818181818,0.44,0.06921300012618303
64,0.01,16,Sigmoid,100,0.44000000000000006,0.4318181818181818,0.44,0.04677590006031096
64,0.01,16,Sigmoid,300,0.44000000000000006,0.4318181818181818,0.44,0.06283289985731244
64,0.01,16,Sigmoid,500,0.44000000000000006,0.4318181818181818,0.44,0.05150669999420643
64,0.01,16,Sigmoid,1000,0.44000000000000006,0.4318181818181818,0.44,0.053943999810144305
64,0.01,16,GELU,50,0.64,0.625,0.64,0.04634040012024343
64,0.01,16,GELU,100,0.64,0.625,0.64,0.05729779996909201
64,0.01,16,GELU,300,0.64,0.625,0.64,0.04792649997398257
64,0.01,16,GELU,500,0.64,0.625,0.64,0.11490259994752705
64,0.01,16,GELU,1000,0.64,0.625,0.64,0.1223879000172019
64,0.01,16,Softmax,50,0.44000000000000006,0.4318181818181818,0.44,0.11788150016218424
64,0.01,16,Softmax,100,0.44000000000000006,0.4318181818181818,0.44,0.20345809985883534
64,0.01,16,Softmax,300,0.44000000000000006,0.4318181818181818,0.44,0.10569029999896884
64,0.01,16,Softmax,500,0.44000000000000006,0.4318181818181818,0.44,0.11052830005064607
64,0.01,16,Softmax,1000,0.44000000000000006,0.4318181818181818,0.44,0.1064055000897497
64,0.01,32,ReLU,50,0.52,0.49066213921901525,0.52,0.07517550000920892
64,0.01,32,ReLU,100,0.52,0.49066213921901525,0.52,0.09125629998743534
64,0.01,32,ReLU,300,0.52,0.49066213921901525,0.52,0.0805840000975877
64,0.01,32,ReLU,500,0.52,0.49066213921901525,0.52,0.06947180000133812
64,0.01,32,ReLU,1000,0.52,0.49066213921901525,0.52,0.06904330011457205
64,0.01,32,Tanh,50,0.64,0.5989304812834224,0.64,0.07040740014053881
64,0.01,32,Tanh,100,0.64,0.5989304812834224,0.64,0.06455069989897311
64,0.01,32,Tanh,300,0.64,0.5989304812834224,0.64,0.06585919996723533
64,0.01,32,Tanh,500,0.64,0.5989304812834224,0.64,0.05597390001639724
64,0.01,32,Tanh,1000,0.64,0.5989304812834224,0.64,0.06804769998416305
64,0.01,32,Sigmoid,50,0.64,0.609375,0.64,0.06569129996933043
64,0.01,32,Sigmoid,100,0.64,0.609375,0.64,0.07682169997133315
64,0.01,32,Sigmoid,300,0.64,0.609375,0.64,0.05862019979394972
64,0.01,32,Sigmoid,500,0.64,0.609375,0.64,0.06028459989465773
64,0.01,32,Sigmoid,1000,0.64,0.609375,0.64,0.05663580005057156
64,0.01,32,GELU,50,0.52,0.49066213921901525,0.52,0.055891099851578474
64,0.01,32,GELU,100,0.52,0.49066213921901525,0.52,0.05715309991501272
64,0.01,32,GELU,300,0.52,0.49066213921901525,0.52,0.04902780009433627
64,0.01,32,GELU,500,0.52,0.49066213921901525,0.52,0.04253800003789365
64,0.01,32,GELU,1000,0.52,0.49066213921901525,0.52,0.05230740015394986
64,0.01,32,Softmax,50,0.64,0.609375,0.64,0.05261269980110228
64,0.01,32,Softmax,100,0.64,0.609375,0.64,0.059373400174081326
64,0.01,32,Softmax,300,0.64,0.609375,0.64,0.07390810013748705
64,0.01,32,Softmax,500,0.64,0.609375,0.64,0.053636500146239996
64,0.01,32,Softmax,1000,0.64,0.609375,0.64,0.06704650004394352
64,0.01,64,ReLU,50,0.48,0.4357638888888889,0.48,0.07006820011883974
64,0.01,64,ReLU,100,0.48,0.4357638888888889,0.48,0.06784629984758794
64,0.01,64,ReLU,300,0.48,0.4357638888888889,0.48,0.07518599997274578
64,0.01,64,ReLU,500,0.48,0.4357638888888889,0.48,0.06766949989832938
64,0.01,64,ReLU,1000,0.48,0.4357638888888889,0.48,0.06803189986385405
64,0.01,64,Tanh,50,0.56,0.5098039215686274,0.56,0.08299989998340607
64,0.01,64,Tanh,100,0.56,0.5098039215686274,0.56,0.06886180001311004
64,0.01,64,Tanh,300,0.56,0.5098039215686274,0.56,0.07639409997500479
64,0.01,64,Tanh,500,0.56,0.5098039215686274,0.56,0.06767089990898967
64,0.01,64,Tanh,1000,0.56,0.5098039215686274,0.56,0.0703169999178499
64,0.01,64,Sigmoid,50,0.4,0.39903846153846156,0.4,0.06941790017299354
64,0.01,64,Sigmoid,100,0.4,0.39903846153846156,0.4,0.06680279993452132
64,0.01,64,Sigmoid,300,0.4,0.39903846153846156,0.4,0.07062570005655289
64,0.01,64,Sigmoid,500,0.4,0.39903846153846156,0.4,0.09353219997137785
64,0.01,64,Sigmoid,1000,0.4,0.39903846153846156,0.4,0.07296570017933846
64,0.01,64,GELU,50,0.48,0.4357638888888889,0.48,0.09534649993292987
64,0.01,64,GELU,100,0.48,0.4357638888888889,0.48,0.07940190006047487
64,0.01,64,GELU,300,0.48,0.4357638888888889,0.48,0.06629640003666282
64,0.01,64,GELU,500,0.48,0.4357638888888889,0.48,0.08592400001361966
64,0.01,64,GELU,1000,0.48,0.4357638888888889,0.48,0.07100949995219707
64,0.01,64,Softmax,50,0.4,0.39903846153846156,0.4,0.07098930003121495
64,0.01,64,Softmax,100,0.4,0.39903846153846156,0.4,0.05747419991530478
64,0.01,64,Softmax,300,0.4,0.39903846153846156,0.4,0.050778199918568134
64,0.01,64,Softmax,500,0.4,0.39903846153846156,0.4,0.05536520015448332
64,0.01,64,Softmax,1000,0.4,0.39903846153846156,0.4,0.05324109992943704
64,0.01,128,ReLU,50,0.48,0.4357638888888889,0.48,0.05046799988485873
64,0.01,128,ReLU,100,0.48,0.4357638888888889,0.48,0.03611260000616312
64,0.01,128,ReLU,300,0.48,0.4357638888888889,0.48,0.037281200056895614
64,0.01,128,ReLU,500,0.48,0.4357638888888889,0.48,0.04022010019980371
64,0.01,128,ReLU,1000,0.48,0.4357638888888889,0.48,0.03617460001260042
64,0.01,128,Tanh,50,0.56,0.5098039215686274,0.56,0.0496972999535501
64,0.01,128,Tanh,100,0.56,0.5098039215686274,0.56,0.05223089992068708
64,0.01,128,Tanh,300,0.56,0.5098039215686274,0.56,0.046259700087830424
64,0.01,128,Tanh,500,0.56,0.5098039215686274,0.56,0.039439399959519506
64,0.01,128,Tanh,1000,0.56,0.5098039215686274,0.56,0.045202699955552816
64,0.01,128,Sigmoid,50,0.4,0.39903846153846156,0.4,0.047229900024831295
64,0.01,128,Sigmoid,100,0.4,0.39903846153846156,0.4,0.04408979997970164
64,0.01,128,Sigmoid,300,0.4,0.39903846153846156,0.4,0.07466329983435571
64,0.01,128,Sigmoid,500,0.4,0.39903846153846156,0.4,0.06567099993117154
64,0.01,128,Sigmoid,1000,0.4,0.39903846153846156,0.4,0.08283760002814233
64,0.01,128,GELU,50,0.48,0.4357638888888889,0.48,0.07920540007762611
64,0.01,128,GELU,100,0.48,0.4357638888888889,0.48,0.10053980001248419
64,0.01,128,GELU,300,0.48,0.4357638888888889,0.48,0.09083839994855225
64,0.01,128,GELU,500,0.48,0.4357638888888889,0.48,0.07013659994117916
64,0.01,128,GELU,1000,0.48,0.4357638888888889,0.48,0.07652759994380176
64,0.01,128,Softmax,50,0.4,0.39903846153846156,0.4,0.07467020000331104
64,0.01,128,Softmax,100,0.4,0.39903846153846156,0.4,0.07261509983800352
64,0.01,128,Softmax,300,0.4,0.39903846153846156,0.4,0.07746970001608133
64,0.01,128,Softmax,500,0.4,0.39903846153846156,0.4,0.06058719987049699
64,0.01,128,Softmax,1000,0.4,0.39903846153846156,0.4,0.06248770002275705
64,0.001,8,ReLU,50,0.5,0.39290917921321034,0.5,0.12138259992934763
64,0.001,8,ReLU,100,0.5,0.39290917921321034,0.5,0.11905169999226928
64,0.001,8,ReLU,300,0.5,0.39290917921321034,0.5,0.12226570001803339
64,0.001,8,ReLU,500,0.5,0.39290917921321034,0.5,0.11906609986908734
64,0.001,8,ReLU,1000,0.5,0.39290917921321034,0.5,0.1424241999629885
64,0.001,8,Tanh,50,0.5599999999999999,0.47619047619047616,0.56,0.09291319991461933
64,0.001,8,Tanh,100,0.5599999999999999,0.47619047619047616,0.56,0.08832899993285537
64,0.001,8,Tanh,300,0.5599999999999999,0.47619047619047616,0.56,0.08255019993521273
64,0.001,8,Tanh,500,0.5599999999999999,0.47619047619047616,0.56,0.08182520000264049
64,0.001,8,Tanh,1000,0.5599999999999999,0.47619047619047616,0.56,0.0806232001632452
64,0.001,8,Sigmoid,50,0.58,0.4900437105390966,0.58,0.11286270013079047
64,0.001,8,Sigmoid,100,0.58,0.4900437105390966,0.58,0.08296849997714162
64,0.001,8,Sigmoid,300,0.58,0.4900437105390966,0.58,0.07101380010135472
64,0.001,8,Sigmoid,500,0.58,0.4900437105390966,0.58,0.06778139993548393
64,0.001,8,Sigmoid,1000,0.58,0.4900437105390966,0.58,0.07845859997905791
64,0.001,8,GELU,50,0.5,0.39290917921321034,0.5,0.061325799906626344
64,0.001,8,GELU,100,0.5,0.39290917921321034,0.5,0.080864799907431
64,0.001,8,GELU,300,0.5,0.39290917921321034,0.5,0.11928359977900982
64,0.001,8,GELU,500,0.5,0.39290917921321034,0.5,0.11040050000883639
64,0.001,8,GELU,1000,0.5,0.39290917921321034,0.5,0.11958749988116324
64,0.001,8,Softmax,50,0.58,0.4900437105390966,0.58,0.11342489998787642
64,0.001,8,Softmax,100,0.58,0.4900437105390966,0.58,0.14111470011994243
64,0.001,8,Softmax,300,0.58,0.4900437105390966,0.58,0.15526479994878173
64,0.001,8,Softmax,500,0.58,0.4900437105390966,0.58,0.16048040008172393
64,0.001,8,Softmax,1000,0.58,0.4900437105390966,0.58,0.13048169994726777
64,0.001,16,ReLU,50,0.52,0.37629937629937626,0.52,0.0932190001476556
64,0.001,16,ReLU,100,0.52,0.37629937629937626,0.52,0.10465660016052425
64,0.001,16,ReLU,300,0.52,0.37629937629937626,0.52,0.08720969990827143
64,0.001,16,ReLU,500,0.52,0.37629937629937626,0.52,0.10092450003139675
64,0.001,16,ReLU,1000,0.52,0.37629937629937626,0.52,0.08311360003426671
64,0.001,16,Tanh,50,0.54,0.4165398274987316,0.54,0.09272829978726804
64,0.001,16,Tanh,100,0.54,0.4165398274987316,0.54,0.090569700114429
64,0.001,16,Tanh,300,0.54,0.4165398274987316,0.54,0.07046099985018373
64,0.001,16,Tanh,500,0.54,0.4165398274987316,0.54,0.0586003998760134
64,0.001,16,Tanh,1000,0.54,0.4165398274987316,0.54,0.07198529993183911
64,0.001,16,Sigmoid,50,0.54,0.4165398274987316,0.54,0.08352550002746284
64,0.001,16,Sigmoid,100,0.54,0.4165398274987316,0.54,0.05867709987796843
64,0.001,16,Sigmoid,300,0.54,0.4165398274987316,0.54,0.06995409983210266
64,0.001,16,Sigmoid,500,0.54,0.4165398274987316,0.54,0.06930059986189008
64,0.001,16,Sigmoid,1000,0.54,0.4165398274987316,0.54,0.07079260004684329
64,0.001,16,GELU,50,0.52,0.37629937629937626,0.52,0.07723330007866025
64,0.001,16,GELU,100,0.52,0.37629937629937626,0.52,0.07042959984391928
64,0.001,16,GELU,300,0.52,0.37629937629937626,0.52,0.0685092001222074
64,0.001,16,GELU,500,0.52,0.37629937629937626,0.52,0.09895400004461408
64,0.001,16,GELU,1000,0.52,0.37629937629937626,0.52,0.10201640008017421
64,0.001,16,Softmax,50,0.54,0.4165398274987316,0.54,0.10007149982266128
64,0.001,16,Softmax,100,0.54,0.4165398274987316,0.54,0.10001259995624423
64,0.001,16,Softmax,300,0.54,0.4165398274987316,0.54,0.09576830011792481
64,0.001,16,Softmax,500,0.54,0.4165398274987316,0.54,0.10373399988748133
64,0.001,16,Softmax,1000,0.54,0.4165398274987316,0.54,0.10069329990074039
64,0.001,32,ReLU,50,0.5,0.3333333333333333,0.5,0.09075970016419888
64,0.001,32,ReLU,100,0.5,0.3333333333333333,0.5,0.08694770000874996
64,0.001,32,ReLU,300,0.5,0.3333333333333333,0.5,0.10600219992920756
64,0.001,32,ReLU,500,0.5,0.3333333333333333,0.5,0.10025290003977716
64,0.001,32,ReLU,1000,0.5,0.3333333333333333,0.5,0.08191159996204078
64,0.001,32,Tanh,50,0.52,0.37629937629937626,0.52,0.092099400004372
64,0.001,32,Tanh,100,0.52,0.37629937629937626,0.52,0.11236279993318021
64,0.001,32,Tanh,300,0.52,0.37629937629937626,0.52,0.10348680010065436
64,0.001,32,Tanh,500,0.52,0.37629937629937626,0.52,0.08684080000966787
64,0.001,32,Tanh,1000,0.52,0.37629937629937626,0.52,0.07416040007956326
64,0.001,32,Sigmoid,50,0.5,0.3333333333333333,0.5,0.06600120011717081
64,0.001,32,Sigmoid,100,0.5,0.3333333333333333,0.5,0.05532629997469485
64,0.001,32,Sigmoid,300,0.5,0.3333333333333333,0.5,0.050690799951553345
64,0.001,32,Sigmoid,500,0.5,0.3333333333333333,0.5,0.048144200118258595
64,0.001,32,Sigmoid,1000,0.5,0.3333333333333333,0.5,0.052126900060102344
64,0.001,32,GELU,50,0.5,0.3333333333333333,0.5,0.06004260014742613
64,0.001,32,GELU,100,0.5,0.3333333333333333,0.5,0.06214729999192059
64,0.001,32,GELU,300,0.5,0.3333333333333333,0.5,0.05993700004182756
64,0.001,32,GELU,500,0.5,0.3333333333333333,0.5,0.050347300013527274
64,0.001,32,GELU,1000,0.5,0.3333333333333333,0.5,0.04774000006727874
64,0.001,32,Softmax,50,0.5,0.3333333333333333,0.5,0.03469460015185177
64,0.001,32,Softmax,100,0.5,0.3333333333333333,0.5,0.037670599995180964
64,0.001,32,Softmax,300,0.5,0.3333333333333333,0.5,0.049953400157392025
64,0.001,32,Softmax,500,0.5,0.3333333333333333,0.5,0.07145869988016784
64,0.001,32,Softmax,1000,0.5,0.3333333333333333,0.5,0.11583820008672774
64,0.001,64,ReLU,50,0.5,0.3333333333333333,0.5,0.09099530009552836
64,0.001,64,ReLU,100,0.5,0.3333333333333333,0.5,0.06831859983503819
64,0.001,64,ReLU,300,0.5,0.3333333333333333,0.5,0.08228369988501072
64,0.001,64,ReLU,500,0.5,0.3333333333333333,0.5,0.06567380018532276
64,0.001,64,ReLU,1000,0.5,0.3333333333333333,0.5,0.08524739998392761
64,0.001,64,Tanh,50,0.5,0.3333333333333333,0.5,0.08024040004238486
64,0.001,64,Tanh,100,0.5,0.3333333333333333,0.5,0.07829540013335645
64,0.001,64,Tanh,300,0.5,0.3333333333333333,0.5,0.06400010013021529
64,0.001,64,Tanh,500,0.5,0.3333333333333333,0.5,0.0592032999265939
64,0.001,64,Tanh,1000,0.5,0.3333333333333333,0.5,0.06340630003251135
64,0.001,64,Sigmoid,50,0.48,0.4025735294117647,0.48,0.08981360006146133
64,0.001,64,Sigmoid,100,0.48,0.4025735294117647,0.48,0.07625769986771047
64,0.001,64,Sigmoid,300,0.48,0.4025735294117647,0.48,0.09613789990544319
64,0.001,64,Sigmoid,500,0.48,0.4025735294117647,0.48,0.09636920015327632
64,0.001,64,Sigmoid,1000,0.48,0.4025735294117647,0.48,0.08599559986032546
64,0.001,64,GELU,50,0.5,0.3333333333333333,0.5,0.07987129990942776
64,0.001,64,GELU,100,0.5,0.3333333333333333,0.5,0.07337939995341003
64,0.001,64,GELU,300,0.5,0.3333333333333333,0.5,0.06076009990647435
64,0.001,64,GELU,500,0.5,0.3333333333333333,0.5,0.08147140010260046
64,0.001,64,GELU,1000,0.5,0.3333333333333333,0.5,0.06671639997512102
64,0.001,64,Softmax,50,0.48,0.4025735294117647,0.48,0.07014570012688637
64,0.001,64,Softmax,100,0.48,0.4025735294117647,0.48,0.06466080015525222
64,0.001,64,Softmax,300,0.48,0.4025735294117647,0.48,0.05779269989579916
64,0.001,64,Softmax,500,0.48,0.4025735294117647,0.48,0.06964630004949868
64,0.001,64,Softmax,1000,0.48,0.4025735294117647,0.48,0.04950240021571517
64,0.001,128,ReLU,50,0.5,0.3333333333333333,0.5,0.03903529979288578
64,0.001,128,ReLU,100,0.5,0.3333333333333333,0.5,0.048718800069764256
64,0.001,128,ReLU,300,0.5,0.3333333333333333,0.5,0.04878489999100566
64,0.001,128,ReLU,500,0.5,0.3333333333333333,0.5,0.041226299945265055
64,0.001,128,ReLU,1000,0.5,0.3333333333333333,0.5,0.03947560000233352
64,0.001,128,Tanh,50,0.5,0.3333333333333333,0.5,0.03650329983793199
64,0.001,128,Tanh,100,0.5,0.3333333333333333,0.5,0.038838200038298965
64,0.001,128,Tanh,300,0.5,0.3333333333333333,0.5,0.035890799947082996
64,0.001,128,Tanh,500,0.5,0.3333333333333333,0.5,0.036763800075277686
64,0.001,128,Tanh,1000,0.5,0.3333333333333333,0.5,0.04811909981071949
64,0.001,128,Sigmoid,50,0.48,0.4025735294117647,0.48,0.1089393999427557
64,0.001,128,Sigmoid,100,0.48,0.4025735294117647,0.48,0.09328330005519092
64,0.001,128,Sigmoid,300,0.48,0.4025735294117647,0.48,0.08541599987074733
64,0.001,128,Sigmoid,500,0.48,0.4025735294117647,0.48,0.11222000000998378
64,0.001,128,Sigmoid,1000,0.48,0.4025735294117647,0.48,0.10396350012160838
64,0.001,128,GELU,50,0.5,0.3333333333333333,0.5,0.08312700013630092
64,0.001,128,GELU,100,0.5,0.3333333333333333,0.5,0.07286099996417761
64,0.001,128,GELU,300,0.5,0.3333333333333333,0.5,0.07581990002654493
64,0.001,128,GELU,500,0.5,0.3333333333333333,0.5,0.07605260005220771
64,0.001,128,GELU,1000,0.5,0.3333333333333333,0.5,0.06567570008337498
64,0.001,128,Softmax,50,0.48,0.4025735294117647,0.48,0.09351639985106885
64,0.001,128,Softmax,100,0.48,0.4025735294117647,0.48,0.09898620005697012
64,0.001,128,Softmax,300,0.48,0.4025735294117647,0.48,0.11499319993890822
64,0.001,128,Softmax,500,0.48,0.4025735294117647,0.48,0.09472639998421073
64,0.001,128,Softmax,1000,0.48,0.4025735294117647,0.48,0.08879890013486147
64,0.0001,8,ReLU,50,0.5,0.3333333333333333,0.5,0.11006840015761554
64,0.0001,8,ReLU,100,0.5,0.3333333333333333,0.5,0.09887270000763237
64,0.0001,8,ReLU,300,0.5,0.3333333333333333,0.5,0.09921270003542304
64,0.0001,8,ReLU,500,0.5,0.3333333333333333,0.5,0.08953920006752014
64,0.0001,8,ReLU,1000,0.5,0.3333333333333333,0.5,0.08139050006866455
64,0.0001,8,Tanh,50,0.5,0.3333333333333333,0.5,0.10430639982223511
64,0.0001,8,Tanh,100,0.5,0.3333333333333333,0.5,0.10126410005614161
64,0.0001,8,Tanh,300,0.5,0.3333333333333333,0.5,0.07531340001150966
64,0.0001,8,Tanh,500,0.5,0.3333333333333333,0.5,0.12469700002111495
64,0.0001,8,Tanh,1000,0.5,0.3333333333333333,0.5,0.1334816999733448
64,0.0001,8,Sigmoid,50,0.5,0.3333333333333333,0.5,0.14739360008388758
64,0.0001,8,Sigmoid,100,0.5,0.3333333333333333,0.5,0.12159930006600916
64,0.0001,8,Sigmoid,300,0.5,0.3333333333333333,0.5,0.06578140007331967
64,0.0001,8,Sigmoid,500,0.5,0.3333333333333333,0.5,0.05982309998944402
64,0.0001,8,Sigmoid,1000,0.5,0.3333333333333333,0.5,0.058109299978241324
64,0.0001,8,GELU,50,0.5,0.3333333333333333,0.5,0.05871000001206994
64,0.0001,8,GELU,100,0.5,0.3333333333333333,0.5,0.10714800003916025
64,0.0001,8,GELU,300,0.5,0.3333333333333333,0.5,0.08621200011111796
64,0.0001,8,GELU,500,0.5,0.3333333333333333,0.5,0.10192879987880588
64,0.0001,8,GELU,1000,0.5,0.3333333333333333,0.5,0.09286559978500009
64,0.0001,8,Softmax,50,0.5,0.3333333333333333,0.5,0.07845930010080338
64,0.0001,8,Softmax,100,0.5,0.3333333333333333,0.5,0.10038970015011728
64,0.0001,8,Softmax,300,0.5,0.3333333333333333,0.5,0.09560989984311163
64,0.0001,8,Softmax,500,0.5,0.3333333333333333,0.5,0.09718800010159612
64,0.0001,8,Softmax,1000,0.5,0.3333333333333333,0.5,0.09961579996161163
64,0.0001,16,ReLU,50,0.5,0.3333333333333333,0.5,0.09383199992589653
64,0.0001,16,ReLU,100,0.5,0.3333333333333333,0.5,0.107270099921152
64,0.0001,16,ReLU,300,0.5,0.3333333333333333,0.5,0.09753639996051788
64,0.0001,16,ReLU,500,0.5,0.3333333333333333,0.5,0.10088210017420352
64,0.0001,16,ReLU,1000,0.5,0.3333333333333333,0.5,0.09091729996725917
64,0.0001,16,Tanh,50,0.5,0.3333333333333333,0.5,0.08675380004569888
64,0.0001,16,Tanh,100,0.5,0.3333333333333333,0.5,0.07773519982583821
64,0.0001,16,Tanh,300,0.5,0.3333333333333333,0.5,0.08321870001964271
64,0.0001,16,Tanh,500,0.5,0.3333333333333333,0.5,0.08048999984748662
64,0.0001,16,Tanh,1000,0.5,0.3333333333333333,0.5,0.09428989980369806
64,0.0001,16,Sigmoid,50,0.5,0.3333333333333333,0.5,0.09795859991572797
64,0.0001,16,Sigmoid,100,0.5,0.3333333333333333,0.5,0.07897410006262362
64,0.0001,16,Sigmoid,300,0.5,0.3333333333333333,0.5,0.09416319988667965
64,0.0001,16,Sigmoid,500,0.5,0.3333333333333333,0.5,0.08254629978910089
64,0.0001,16,Sigmoid,1000,0.5,0.3333333333333333,0.5,0.07688919990323484
64,0.0001,16,GELU,50,0.5,0.3333333333333333,0.5,0.08809969993308187
64,0.0001,16,GELU,100,0.5,0.3333333333333333,0.5,0.08643179992213845
64,0.0001,16,GELU,300,0.5,0.3333333333333333,0.5,0.11092239990830421
64,0.0001,16,GELU,500,0.5,0.3333333333333333,0.5,0.11195289995521307
64,0.0001,16,GELU,1000,0.5,0.3333333333333333,0.5,0.10214919992722571
64,0.0001,16,Softmax,50,0.5,0.3333333333333333,0.5,0.09604820003733039
64,0.0001,16,Softmax,100,0.5,0.3333333333333333,0.5,0.09830629988573492
64,0.0001,16,Softmax,300,0.5,0.3333333333333333,0.5,0.08213180000893772
64,0.0001,16,Softmax,500,0.5,0.3333333333333333,0.5,0.08279159991070628
64,0.0001,16,Softmax,1000,0.5,0.3333333333333333,0.5,0.08627019985578954
64,0.0001,32,ReLU,50,0.5,0.3333333333333333,0.5,0.055870299926027656
64,0.0001,32,ReLU,100,0.5,0.3333333333333333,0.5,0.056870099855586886
64,0.0001,32,ReLU,300,0.5,0.3333333333333333,0.5,0.060088600032031536
64,0.0001,32,ReLU,500,0.5,0.3333333333333333,0.5,0.057069499976933
64,0.0001,32,ReLU,1000,0.5,0.3333333333333333,0.5,0.05451579997316003
64,0.0001,32,Tanh,50,0.5,0.3333333333333333,0.5,0.06807620008476079
64,0.0001,32,Tanh,100,0.5,0.3333333333333333,0.5,0.05780799989588559
64,0.0001,32,Tanh,300,0.5,0.3333333333333333,0.5,0.04933879990130663
64,0.0001,32,Tanh,500,0.5,0.3333333333333333,0.5,0.06574969994835556
64,0.0001,32,Tanh,1000,0.5,0.3333333333333333,0.5,0.05378809990361333
64,0.0001,32,Sigmoid,50,0.5,0.3333333333333333,0.5,0.052400399930775166
64,0.0001,32,Sigmoid,100,0.5,0.3333333333333333,0.5,0.04791239998303354
64,0.0001,32,Sigmoid,300,0.5,0.3333333333333333,0.5,0.05443529994226992
64,0.0001,32,Sigmoid,500,0.5,0.3333333333333333,0.5,0.052985599962994456
64,0.0001,32,Sigmoid,1000,0.5,0.3333333333333333,0.5,0.05840980005450547
64,0.0001,32,GELU,50,0.5,0.3333333333333333,0.5,0.05676000006496906
64,0.0001,32,GELU,100,0.5,0.3333333333333333,0.5,0.06472219992429018
64,0.0001,32,GELU,300,0.5,0.3333333333333333,0.5,0.05282330000773072
64,0.0001,32,GELU,500,0.5,0.3333333333333333,0.5,0.05312140006572008
64,0.0001,32,GELU,1000,0.5,0.3333333333333333,0.5,0.051353099988773465
64,0.0001,32,Softmax,50,0.5,0.3333333333333333,0.5,0.04896600008942187
64,0.0001,32,Softmax,100,0.5,0.3333333333333333,0.5,0.05230250000022352
64,0.0001,32,Softmax,300,0.5,0.3333333333333333,0.5,0.04818039992824197
64,0.0001,32,Softmax,500,0.5,0.3333333333333333,0.5,0.03882629983127117
64,0.0001,32,Softmax,1000,0.5,0.3333333333333333,0.5,0.05086860014125705
64,0.0001,64,ReLU,50,0.5,0.3333333333333333,0.5,0.050370699958875775
64,0.0001,64,ReLU,100,0.5,0.3333333333333333,0.5,0.036696100141853094
64,0.0001,64,ReLU,300,0.5,0.3333333333333333,0.5,0.03917420003563166
64,0.0001,64,ReLU,500,0.5,0.3333333333333333,0.5,0.0394592999946326
64,0.0001,64,ReLU,1000,0.5,0.3333333333333333,0.5,0.040787599980831146
64,0.0001,64,Tanh,50,0.5,0.3333333333333333,0.5,0.035925199976190925
64,0.0001,64,Tanh,100,0.5,0.3333333333333333,0.5,0.03527959994971752
64,0.0001,64,Tanh,300,0.5,0.3333333333333333,0.5,0.03617809992283583
64,0.0001,64,Tanh,500,0.5,0.3333333333333333,0.5,0.05438520014286041
64,0.0001,64,Tanh,1000,0.5,0.3333333333333333,0.5,0.0750394999049604
64,0.0001,64,Sigmoid,50,0.5,0.3333333333333333,0.5,0.060586499981582165
64,0.0001,64,Sigmoid,100,0.5,0.3333333333333333,0.5,0.0663270999211818
64,0.0001,64,Sigmoid,300,0.5,0.3333333333333333,0.5,0.058407000033184886
64,0.0001,64,Sigmoid,500,0.5,0.3333333333333333,0.5,0.06291820015758276
64,0.0001,64,Sigmoid,1000,0.5,0.3333333333333333,0.5,0.06041210005059838
64,0.0001,64,GELU,50,0.5,0.3333333333333333,0.5,0.06655519991181791
64,0.0001,64,GELU,100,0.5,0.3333333333333333,0.5,0.07584529998712242
64,0.0001,64,GELU,300,0.5,0.3333333333333333,0.5,0.07221930008381605
64,0.0001,64,GELU,500,0.5,0.3333333333333333,0.5,0.0633185999467969
64,0.0001,64,GELU,1000,0.5,0.3333333333333333,0.5,0.07418019999749959
64,0.0001,64,Softmax,50,0.5,0.3333333333333333,0.5,0.0777007001452148
64,0.0001,64,Softmax,100,0.5,0.3333333333333333,0.5,0.07174400007352233
64,0.0001,64,Softmax,300,0.5,0.3333333333333333,0.5,0.0829523999709636
64,0.0001,64,Softmax,500,0.5,0.3333333333333333,0.5,0.06679380009882152
64,0.0001,64,Softmax,1000,0.5,0.3333333333333333,0.5,0.0694804999511689
64,0.0001,128,ReLU,50,0.5,0.3333333333333333,0.5,0.06341170007362962
64,0.0001,128,ReLU,100,0.5,0.3333333333333333,0.5,0.07212410005740821
64,0.0001,128,ReLU,300,0.5,0.3333333333333333,0.5,0.06706580007448792
64,0.0001,128,ReLU,500,0.5,0.3333333333333333,0.5,0.06495189992710948
64,0.0001,128,ReLU,1000,0.5,0.3333333333333333,0.5,0.059405399952083826
64,0.0001,128,Tanh,50,0.5,0.3333333333333333,0.5,0.06838389998301864
64,0.0001,128,Tanh,100,0.5,0.3333333333333333,0.5,0.06717010005377233
64,0.0001,128,Tanh,300,0.5,0.3333333333333333,0.5,0.06771579990163445
64,0.0001,128,Tanh,500,0.5,0.3333333333333333,0.5,0.058602099772542715
64,0.0001,128,Tanh,1000,0.5,0.3333333333333333,0.5,0.06620680005289614
64,0.0001,128,Sigmoid,50,0.5,0.3333333333333333,0.5,0.06715789996087551
64,0.0001,128,Sigmoid,100,0.5,0.3333333333333333,0.5,0.06676459987647831
64,0.0001,128,Sigmoid,300,0.5,0.3333333333333333,0.5,0.07716959994286299
64,0.0001,128,Sigmoid,500,0.5,0.3333333333333333,0.5,0.09007659996859729
64,0.0001,128,Sigmoid,1000,0.5,0.3333333333333333,0.5,0.0653651999309659
64,0.0001,128,GELU,50,0.5,0.3333333333333333,0.5,0.07071799994446337
64,0.0001,128,GELU,100,0.5,0.3333333333333333,0.5,0.08214830001816154
64,0.0001,128,GELU,300,0.5,0.3333333333333333,0.5,0.07337559992447495
64,0.0001,128,GELU,500,0.5,0.3333333333333333,0.5,0.079196099890396
64,0.0001,128,GELU,1000,0.5,0.3333333333333333,0.5,0.06516880006529391
64,0.0001,128,Softmax,50,0.5,0.3333333333333333,0.5,0.06661519990302622
64,0.0001,128,Softmax,100,0.5,0.3333333333333333,0.5,0.06608309992589056
64,0.0001,128,Softmax,300,0.5,0.3333333333333333,0.5,0.07167940004728734
64,0.0001,128,Softmax,500,0.5,0.3333333333333333,0.5,0.06674719997681677
64,0.0001,128,Softmax,1000,0.5,0.3333333333333333,0.5,0.05984340002760291
64,0.00025,8,ReLU,50,0.5,0.3333333333333333,0.5,0.10070499987341464
64,0.00025,8,ReLU,100,0.5,0.3333333333333333,0.5,0.08101850003004074
64,0.00025,8,ReLU,300,0.5,0.3333333333333333,0.5,0.08023900003172457
64,0.00025,8,ReLU,500,0.5,0.3333333333333333,0.5,0.08532129996456206
64,0.00025,8,ReLU,1000,0.5,0.3333333333333333,0.5,0.07845310005359352
64,0.00025,8,Tanh,50,0.5,0.3333333333333333,0.5,0.08089000009931624
64,0.00025,8,Tanh,100,0.5,0.3333333333333333,0.5,0.07593060005456209
64,0.00025,8,Tanh,300,0.5,0.3333333333333333,0.5,0.08103980007581413
64,0.00025,8,Tanh,500,0.5,0.3333333333333333,0.5,0.08727969997562468
64,0.00025,8,Tanh,1000,0.5,0.3333333333333333,0.5,0.06474600010551512
64,0.00025,8,Sigmoid,50,0.5,0.3333333333333333,0.5,0.06662279996089637
64,0.00025,8,Sigmoid,100,0.5,0.3333333333333333,0.5,0.07120390003547072
64,0.00025,8,Sigmoid,300,0.5,0.3333333333333333,0.5,0.06658659991808236
64,0.00025,8,Sigmoid,500,0.5,0.3333333333333333,0.5,0.07273170002736151
64,0.00025,8,Sigmoid,1000,0.5,0.3333333333333333,0.5,0.07489729998633265
64,0.00025,8,GELU,50,0.5,0.3333333333333333,0.5,0.06933800014667213
64,0.00025,8,GELU,100,0.5,0.3333333333333333,0.5,0.06202159984968603
64,0.00025,8,GELU,300,0.5,0.3333333333333333,0.5,0.0733445999212563
64,0.00025,8,GELU,500,0.5,0.3333333333333333,0.5,0.060225400142371655
64,0.00025,8,GELU,1000,0.5,0.3333333333333333,0.5,0.0631649000570178
64,0.00025,8,Softmax,50,0.5,0.3333333333333333,0.5,0.06372179999016225
64,0.00025,8,Softmax,100,0.5,0.3333333333333333,0.5,0.06273879995569587
64,0.00025,8,Softmax,300,0.5,0.3333333333333333,0.5,0.05768430000171065
64,0.00025,8,Softmax,500,0.5,0.3333333333333333,0.5,0.07514420012012124
64,0.00025,8,Softmax,1000,0.5,0.3333333333333333,0.5,0.056798100005835295
64,0.00025,16,ReLU,50,0.5,0.3333333333333333,0.5,0.04709369991905987
64,0.00025,16,ReLU,100,0.5,0.3333333333333333,0.5,0.055061700055375695
64,0.00025,16,ReLU,300,0.5,0.3333333333333333,0.5,0.11274640006013215
64,0.00025,16,ReLU,500,0.5,0.3333333333333333,0.5,0.11546149989590049
64,0.00025,16,ReLU,1000,0.5,0.3333333333333333,0.5,0.13684829999692738
64,0.00025,16,Tanh,50,0.5,0.3333333333333333,0.5,0.12195700011216104
64,0.00025,16,Tanh,100,0.5,0.3333333333333333,0.5,0.10914909979328513
64,0.00025,16,Tanh,300,0.5,0.3333333333333333,0.5,0.10048509994521737
64,0.00025,16,Tanh,500,0.5,0.3333333333333333,0.5,0.10969409998506308
64,0.00025,16,Tanh,1000,0.5,0.3333333333333333,0.5,0.10202999995090067
64,0.00025,16,Sigmoid,50,0.5,0.3333333333333333,0.5,0.08130110008642077
64,0.00025,16,Sigmoid,100,0.5,0.3333333333333333,0.5,0.09555130009539425
64,0.00025,16,Sigmoid,300,0.5,0.3333333333333333,0.5,0.08178790006786585
64,0.00025,16,Sigmoid,500,0.5,0.3333333333333333,0.5,0.10061209998093545
64,0.00025,16,Sigmoid,1000,0.5,0.3333333333333333,0.5,0.15399909997358918
64,0.00025,16,GELU,50,0.5,0.3333333333333333,0.5,0.11869309982284904
64,0.00025,16,GELU,100,0.5,0.3333333333333333,0.5,0.09055540012195706
64,0.00025,16,GELU,300,0.5,0.3333333333333333,0.5,0.06298089982010424
64,0.00025,16,GELU,500,0.5,0.3333333333333333,0.5,0.11494380002841353
64,0.00025,16,GELU,1000,0.5,0.3333333333333333,0.5,0.11439280002377927
64,0.00025,16,Softmax,50,0.5,0.3333333333333333,0.5,0.10144809982739389
64,0.00025,16,Softmax,100,0.5,0.3333333333333333,0.5,0.08221090002916753
64,0.00025,16,Softmax,300,0.5,0.3333333333333333,0.5,0.08686330006457865
64,0.00025,16,Softmax,500,0.5,0.3333333333333333,0.5,0.08849120000377297
64,0.00025,16,Softmax,1000,0.5,0.3333333333333333,0.5,0.08057999983429909
64,0.00025,32,ReLU,50,0.5,0.3333333333333333,0.5,0.09779900009743869
64,0.00025,32,ReLU,100,0.5,0.3333333333333333,0.5,0.0921197000425309
64,0.00025,32,ReLU,300,0.5,0.3333333333333333,0.5,0.11782280006445944
64,0.00025,32,ReLU,500,0.5,0.3333333333333333,0.5,0.10076760011725128
64,0.00025,32,ReLU,1000,0.5,0.3333333333333333,0.5,0.20923619996756315
64,0.00025,32,Tanh,50,0.5,0.3333333333333333,0.5,0.08553100004792213
64,0.00025,32,Tanh,100,0.5,0.3333333333333333,0.5,0.08677430008538067
64,0.00025,32,Tanh,300,0.5,0.3333333333333333,0.5,0.08878350001759827
64,0.00025,32,Tanh,500,0.5,0.3333333333333333,0.5,0.11911770002916455
64,0.00025,32,Tanh,1000,0.5,0.3333333333333333,0.5,0.08143150014802814
64,0.00025,32,Sigmoid,50,0.5,0.3333333333333333,0.5,0.08034330001100898
64,0.00025,32,Sigmoid,100,0.5,0.3333333333333333,0.5,0.0873537000734359
64,0.00025,32,Sigmoid,300,0.5,0.3333333333333333,0.5,0.07048790017142892
64,0.00025,32,Sigmoid,500,0.5,0.3333333333333333,0.5,0.05241200001910329
64,0.00025,32,Sigmoid,1000,0.5,0.3333333333333333,0.5,0.0549131000880152
64,0.00025,32,GELU,50,0.5,0.3333333333333333,0.5,0.04870150005444884
64,0.00025,32,GELU,100,0.5,0.3333333333333333,0.5,0.056604999816045165
64,0.00025,32,GELU,300,0.5,0.3333333333333333,0.5,0.05231949989683926
64,0.00025,32,GELU,500,0.5,0.3333333333333333,0.5,0.06406170013360679
64,0.00025,32,GELU,1000,0.5,0.3333333333333333,0.5,0.05316899996250868
64,0.00025,32,Softmax,50,0.5,0.3333333333333333,0.5,0.05278509994968772
64,0.00025,32,Softmax,100,0.5,0.3333333333333333,0.5,0.050120299914851785
64,0.00025,32,Softmax,300,0.5,0.3333333333333333,0.5,0.0509695999789983
64,0.00025,32,Softmax,500,0.5,0.3333333333333333,0.5,0.05074850004166365
64,0.00025,32,Softmax,1000,0.5,0.3333333333333333,0.5,0.05367289995774627
64,0.00025,64,ReLU,50,0.5,0.3333333333333333,0.5,0.041184699861332774
64,0.00025,64,ReLU,100,0.5,0.3333333333333333,0.5,0.039862699806690216
64,0.00025,64,ReLU,300,0.5,0.3333333333333333,0.5,0.0415412001311779
64,0.00025,64,ReLU,500,0.5,0.3333333333333333,0.5,0.048998699989169836
64,0.00025,64,ReLU,1000,0.5,0.3333333333333333,0.5,0.04072210006415844
64,0.00025,64,Tanh,50,0.5,0.3333333333333333,0.5,0.03721579979173839
64,0.00025,64,Tanh,100,0.5,0.3333333333333333,0.5,0.05213500000536442
64,0.00025,64,Tanh,300,0.5,0.3333333333333333,0.5,0.04794070008210838
64,0.00025,64,Tanh,500,0.5,0.3333333333333333,0.5,0.039839499862864614
64,0.00025,64,Tanh,1000,0.5,0.3333333333333333,0.5,0.03848650003783405
64,0.00025,64,Sigmoid,50,0.5,0.3333333333333333,0.5,0.03869579988531768
64,0.00025,64,Sigmoid,100,0.5,0.3333333333333333,0.5,0.0867324999999255
64,0.00025,64,Sigmoid,300,0.5,0.3333333333333333,0.5,0.08233129978179932
64,0.00025,64,Sigmoid,500,0.5,0.3333333333333333,0.5,0.07013179990462959
64,0.00025,64,Sigmoid,1000,0.5,0.3333333333333333,0.5,0.06667680013924837
64,0.00025,64,GELU,50,0.5,0.3333333333333333,0.5,0.06643699994310737
64,0.00025,64,GELU,100,0.5,0.3333333333333333,0.5,0.07251590001396835
64,0.00025,64,GELU,300,0.5,0.3333333333333333,0.5,0.0658711998257786
64,0.00025,64,GELU,500,0.5,0.3333333333333333,0.5,0.06408080016262829
64,0.00025,64,GELU,1000,0.5,0.3333333333333333,0.5,0.06644569989293814
64,0.00025,64,Softmax,50,0.5,0.3333333333333333,0.5,0.06740180007182062
64,0.00025,64,Softmax,100,0.5,0.3333333333333333,0.5,0.06413159985095263
64,0.00025,64,Softmax,300,0.5,0.3333333333333333,0.5,0.06834629992954433
64,0.00025,64,Softmax,500,0.5,0.3333333333333333,0.5,0.06520970002748072
64,0.00025,64,Softmax,1000,0.5,0.3333333333333333,0.5,0.0718382999766618
64,0.00025,128,ReLU,50,0.5,0.3333333333333333,0.5,0.07019699993543327
64,0.00025,128,ReLU,100,0.5,0.3333333333333333,0.5,0.06588340015150607
64,0.00025,128,ReLU,300,0.5,0.3333333333333333,0.5,0.07444080011919141
64,0.00025,128,ReLU,500,0.5,0.3333333333333333,0.5,0.06653099996037781
64,0.00025,128,ReLU,1000,0.5,0.3333333333333333,0.5,0.06263569998554885
64,0.00025,128,Tanh,50,0.5,0.3333333333333333,0.5,0.06537379999645054
64,0.00025,128,Tanh,100,0.5,0.3333333333333333,0.5,0.08260740013793111
64,0.00025,128,Tanh,300,0.5,0.3333333333333333,0.5,0.09227359993383288
64,0.00025,128,Tanh,500,0.5,0.3333333333333333,0.5,0.08407599991187453
64,0.00025,128,Tanh,1000,0.5,0.3333333333333333,0.5,0.09912079991772771
64,0.00025,128,Sigmoid,50,0.5,0.3333333333333333,0.5,0.07808000012300909
64,0.00025,128,Sigmoid,100,0.5,0.3333333333333333,0.5,0.0652525001205504
64,0.00025,128,Sigmoid,300,0.5,0.3333333333333333,0.5,0.09360289992764592
64,0.00025,128,Sigmoid,500,0.5,0.3333333333333333,0.5,0.0783662002068013
64,0.00025,128,Sigmoid,1000,0.5,0.3333333333333333,0.5,0.06847890000790358
64,0.00025,128,GELU,50,0.5,0.3333333333333333,0.5,0.06729110004380345
64,0.00025,128,GELU,100,0.5,0.3333333333333333,0.5,0.06761469994671643
64,0.00025,128,GELU,300,0.5,0.3333333333333333,0.5,0.07311680004931986
64,0.00025,128,GELU,500,0.5,0.3333333333333333,0.5,0.06949779996648431
64,0.00025,128,GELU,1000,0.5,0.3333333333333333,0.5,0.06037650001235306
64,0.00025,128,Softmax,50,0.5,0.3333333333333333,0.5,0.06291779992170632
64,0.00025,128,Softmax,100,0.5,0.3333333333333333,0.5,0.06892240000888705
64,0.00025,128,Softmax,300,0.5,0.3333333333333333,0.5,0.06116389995440841
64,0.00025,128,Softmax,500,0.5,0.3333333333333333,0.5,0.07227310002781451
64,0.00025,128,Softmax,1000,0.5,0.3333333333333333,0.5,0.06732320017181337
128,0.01,8,ReLU,50,0.52,0.512987012987013,0.52,0.11421669996343553
128,0.01,8,ReLU,100,0.52,0.512987012987013,0.52,0.13008199981413782
128,0.01,8,ReLU,300,0.52,0.512987012987013,0.52,0.15611889981664717
128,0.01,8,ReLU,500,0.52,0.512987012987013,0.52,0.1336030000820756
128,0.01,8,ReLU,1000,0.52,0.512987012987013,0.52,0.10318279988132417
128,0.01,8,Tanh,50,0.5800000000000001,0.5798319327731092,0.58,0.08945710002444685
128,0.01,8,Tanh,100,0.5800000000000001,0.5798319327731092,0.58,0.10047390009276569
128,0.01,8,Tanh,300,0.5800000000000001,0.5798319327731092,0.58,0.07188719999976456
128,0.01,8,Tanh,500,0.5800000000000001,0.5798319327731092,0.58,0.08273290004581213
128,0.01,8,Tanh,1000,0.5800000000000001,0.5798319327731092,0.58,0.0703320000320673
128,0.01,8,Sigmoid,50,0.5800000000000001,0.5586380832282472,0.58,0.08032250008545816
128,0.01,8,Sigmoid,100,0.5800000000000001,0.5586380832282472,0.58,0.08662359998561442
128,0.01,8,Sigmoid,300,0.5800000000000001,0.5586380832282472,0.58,0.08339409995824099
128,0.01,8,Sigmoid,500,0.5800000000000001,0.5586380832282472,0.58,0.07229820010252297
128,0.01,8,Sigmoid,1000,0.5800000000000001,0.5586380832282472,0.58,0.07979880017228425
128,0.01,8,GELU,50,0.52,0.512987012987013,0.52,0.09248730004765093
128,0.01,8,GELU,100,0.52,0.512987012987013,0.52,0.07139149983413517
128,0.01,8,GELU,300,0.52,0.512987012987013,0.52,0.09611059981398284
128,0.01,8,GELU,500,0.52,0.512987012987013,0.52,0.08156429999507964
128,0.01,8,GELU,1000,0.52,0.512987012987013,0.52,0.08127580001018941
128,0.01,8,Softmax,50,0.5800000000000001,0.5586380832282472,0.58,0.0812389999628067
128,0.01,8,Softmax,100,0.5800000000000001,0.5586380832282472,0.58,0.0756275998428464
128,0.01,8,Softmax,300,0.5800000000000001,0.5586380832282472,0.58,0.11745310015976429
128,0.01,8,Softmax,500,0.5800000000000001,0.5586380832282472,0.58,0.11719260015524924
128,0.01,8,Softmax,1000,0.5800000000000001,0.5586380832282472,0.58,0.1415037999395281
128,0.01,16,ReLU,50,0.5,0.49979991996798717,0.5,0.10915230005048215
128,0.01,16,ReLU,100,0.5,0.49979991996798717,0.5,0.10763029986992478
128,0.01,16,ReLU,300,0.5,0.49979991996798717,0.5,0.09980800002813339
128,0.01,16,ReLU,500,0.5,0.49979991996798717,0.5,0.10093229985795915
128,0.01,16,ReLU,1000,0.5,0.49979991996798717,0.5,0.0733604000415653
128,0.01,16,Tanh,50,0.54,0.5383380168606985,0.54,0.08517759991809726
128,0.01,16,Tanh,100,0.54,0.5383380168606985,0.54,0.06816009990870953
128,0.01,16,Tanh,300,0.54,0.5383380168606985,0.54,0.08758389996364713
128,0.01,16,Tanh,500,0.54,0.5383380168606985,0.54,0.10639000008814037
128,0.01,16,Tanh,1000,0.54,0.5383380168606985,0.54,0.11975169996730983
128,0.01,16,Sigmoid,50,0.48000000000000004,0.47665056360708535,0.48,0.10153630003333092
128,0.01,16,Sigmoid,100,0.48000000000000004,0.47665056360708535,0.48,0.09706219984218478
128,0.01,16,Sigmoid,300,0.48000000000000004,0.47665056360708535,0.48,0.0995004998985678
128,0.01,16,Sigmoid,500,0.48000000000000004,0.47665056360708535,0.48,0.09463670011609793
128,0.01,16,Sigmoid,1000,0.48000000000000004,0.47665056360708535,0.48,0.11482390016317368
128,0.01,16,GELU,50,0.5,0.49979991996798717,0.5,0.08035610010847449
128,0.01,16,GELU,100,0.5,0.49979991996798717,0.5,0.0794255998916924
128,0.01,16,GELU,300,0.5,0.49979991996798717,0.5,0.06954930000938475
128,0.01,16,GELU,500,0.5,0.49979991996798717,0.5,0.07074809982441366
128,0.01,16,GELU,1000,0.5,0.49979991996798717,0.5,0.0791954998858273
128,0.01,16,Softmax,50,0.48000000000000004,0.47665056360708535,0.48,0.07096159993670881
128,0.01,16,Softmax,100,0.48000000000000004,0.47665056360708535,0.48,0.07166939997114241
128,0.01,16,Softmax,300,0.48000000000000004,0.47665056360708535,0.48,0.06752569996751845
128,0.01,16,Softmax,500,0.48000000000000004,0.47665056360708535,0.48,0.07292430009692907
128,0.01,16,Softmax,1000,0.48000000000000004,0.47665056360708535,0.48,0.11360879987478256
128,0.01,32,ReLU,50,0.52,0.5192307692307692,0.52,0.09556480008177459
128,0.01,32,ReLU,100,0.52,0.5192307692307692,0.52,0.10831680009141564
128,0.01,32,ReLU,300,0.52,0.5192307692307692,0.52,0.11606249981559813
128,0.01,32,ReLU,500,0.52,0.5192307692307692,0.52,0.1124306998681277
128,0.01,32,ReLU,1000,0.52,0.5192307692307692,0.52,0.09687519981525838
128,0.01,32,Tanh,50,0.56,0.5592948717948718,0.56,0.07356270006857812
128,0.01,32,Tanh,100,0.56,0.5592948717948718,0.56,0.08107469999231398
128,0.01,32,Tanh,300,0.56,0.5592948717948718,0.56,0.07121470011770725
128,0.01,32,Tanh,500,0.56,0.5592948717948718,0.56,0.08141269977204502
128,0.01,32,Tanh,1000,0.56,0.5592948717948718,0.56,0.08030979987233877
128,0.01,32,Sigmoid,50,0.5,0.4900040799673603,0.5,0.08837170014157891
128,0.01,32,Sigmoid,100,0.5,0.4900040799673603,0.5,0.08702019997872412
128,0.01,32,Sigmoid,300,0.5,0.4900040799673603,0.5,0.09177859988994896
128,0.01,32,Sigmoid,500,0.5,0.4900040799673603,0.5,0.09347130008973181
128,0.01,32,Sigmoid,1000,0.5,0.4900040799673603,0.5,0.0855561001226306
128,0.01,32,GELU,50,0.52,0.5192307692307692,0.52,0.08631699997931719
128,0.01,32,GELU,100,0.52,0.5192307692307692,0.52,0.08873609988950193
128,0.01,32,GELU,300,0.52,0.5192307692307692,0.52,0.0716012001503259
128,0.01,32,GELU,500,0.52,0.5192307692307692,0.52,0.11233870009891689
128,0.01,32,GELU,1000,0.52,0.5192307692307692,0.52,0.08338930015452206
128,0.01,32,Softmax,50,0.5,0.4900040799673603,0.5,0.07743169995956123
128,0.01,32,Softmax,100,0.5,0.4900040799673603,0.5,0.0721066000405699
128,0.01,32,Softmax,300,0.5,0.4900040799673603,0.5,0.07630839990451932
128,0.01,32,Softmax,500,0.5,0.4900040799673603,0.5,0.08166730008088052
128,0.01,32,Softmax,1000,0.5,0.4900040799673603,0.5,0.07364269997924566
128,0.01,64,ReLU,50,0.48,0.47916666666666663,0.48,0.04871120001189411
128,0.01,64,ReLU,100,0.48,0.47916666666666663,0.48,0.047612500144168735
128,0.01,64,ReLU,300,0.48,0.47916666666666663,0.48,0.04678449989296496
128,0.01,64,ReLU,500,0.48,0.47916666666666663,0.48,0.05821690009906888
128,0.01,64,ReLU,1000,0.48,0.47916666666666663,0.48,0.07901660003699362
128,0.01,64,Tanh,50,0.52,0.512987012987013,0.52,0.09218059992417693
128,0.01,64,Tanh,100,0.52,0.512987012987013,0.52,0.08932599984109402
128,0.01,64,Tanh,300,0.52,0.512987012987013,0.52,0.08090980001725256
128,0.01,64,Tanh,500,0.52,0.512987012987013,0.52,0.07971800002269447
128,0.01,64,Tanh,1000,0.52,0.512987012987013,0.52,0.0862133998889476
128,0.01,64,Sigmoid,50,0.46,0.45454545454545453,0.46,0.08773320005275309
128,0.01,64,Sigmoid,100,0.46,0.45454545454545453,0.46,0.10293530020862818
128,0.01,64,Sigmoid,300,0.46,0.45454545454545453,0.46,0.10777440015226603
128,0.01,64,Sigmoid,500,0.46,0.45454545454545453,0.46,0.12660580012015998
128,0.01,64,Sigmoid,1000,0.46,0.45454545454545453,0.46,0.08747019991278648
128,0.01,64,GELU,50,0.48,0.47916666666666663,0.48,0.10912200016900897
128,0.01,64,GELU,100,0.48,0.47916666666666663,0.48,0.1174212999176234
128,0.01,64,GELU,300,0.48,0.47916666666666663,0.48,0.10336600011214614
128,0.01,64,GELU,500,0.48,0.47916666666666663,0.48,0.08689750009216368
128,0.01,64,GELU,1000,0.48,0.47916666666666663,0.48,0.07713530003093183
128,0.01,64,Softmax,50,0.46,0.45454545454545453,0.46,0.08448840002529323
128,0.01,64,Softmax,100,0.46,0.45454545454545453,0.46,0.07040409999899566
128,0.01,64,Softmax,300,0.46,0.45454545454545453,0.46,0.0835309000685811
128,0.01,64,Softmax,500,0.46,0.45454545454545453,0.46,0.07443180005066097
128,0.01,64,Softmax,1000,0.46,0.45454545454545453,0.46,0.08259100001305342
128,0.01,128,ReLU,50,0.48,0.47916666666666663,0.48,0.08056259993463755
128,0.01,128,ReLU,100,0.48,0.47916666666666663,0.48,0.06595009984448552
128,0.01,128,ReLU,300,0.48,0.47916666666666663,0.48,0.06653429986909032
128,0.01,128,ReLU,500,0.48,0.47916666666666663,0.48,0.06508280010893941
128,0.01,128,ReLU,1000,0.48,0.47916666666666663,0.48,0.07376950001344085
128,0.01,128,Tanh,50,0.52,0.512987012987013,0.52,0.05033859983086586
128,0.01,128,Tanh,100,0.52,0.512987012987013,0.52,0.051799200009554625
128,0.01,128,Tanh,300,0.52,0.512987012987013,0.52,0.06043319986201823
128,0.01,128,Tanh,500,0.52,0.512987012987013,0.52,0.05098039982840419
128,0.01,128,Tanh,1000,0.52,0.512987012987013,0.52,0.09328559995628893
128,0.01,128,Sigmoid,50,0.46,0.45454545454545453,0.46,0.12182710017077625
128,0.01,128,Sigmoid,100,0.46,0.45454545454545453,0.46,0.09083920018747449
128,0.01,128,Sigmoid,300,0.46,0.45454545454545453,0.46,0.08931299997493625
128,0.01,128,Sigmoid,500,0.46,0.45454545454545453,0.46,0.08216809993609786
128,0.01,128,Sigmoid,1000,0.46,0.45454545454545453,0.46,0.0859421999193728
128,0.01,128,GELU,50,0.48,0.47916666666666663,0.48,0.09880460007116199
128,0.01,128,GELU,100,0.48,0.47916666666666663,0.48,0.08331070002168417
128,0.01,128,GELU,300,0.48,0.47916666666666663,0.48,0.09849620005115867
128,0.01,128,GELU,500,0.48,0.47916666666666663,0.48,0.09254000009968877
128,0.01,128,GELU,1000,0.48,0.47916666666666663,0.48,0.10315050021745265
128,0.01,128,Softmax,50,0.46,0.45454545454545453,0.46,0.09931410010904074
128,0.01,128,Softmax,100,0.46,0.45454545454545453,0.46,0.10860299994237721
128,0.01,128,Softmax,300,0.46,0.45454545454545453,0.46,0.10015900013968349
128,0.01,128,Softmax,500,0.46,0.45454545454545453,0.46,0.11446320009417832
128,0.01,128,Softmax,1000,0.46,0.45454545454545453,0.46,0.09098670003004372
128,0.001,8,ReLU,50,0.44,0.35661764705882354,0.44,0.1025750997941941
128,0.001,8,ReLU,100,0.44,0.35661764705882354,0.44,0.10101470001973212
128,0.001,8,ReLU,300,0.44,0.35661764705882354,0.44,0.10039849998429418
128,0.001,8,ReLU,500,0.44,0.35661764705882354,0.44,0.09223639988340437
128,0.001,8,ReLU,1000,0.44,0.35661764705882354,0.44,0.07684870017692447
128,0.001,8,Tanh,50,0.46,0.43253467843631777,0.46,0.1053661999758333
128,0.001,8,Tanh,100,0.46,0.43253467843631777,0.46,0.1063272999599576
128,0.001,8,Tanh,300,0.46,0.43253467843631777,0.46,0.108191599836573
128,0.001,8,Tanh,500,0.46,0.43253467843631777,0.46,0.08193379989825189
128,0.001,8,Tanh,1000,0.46,0.43253467843631777,0.46,0.09188089985400438
128,0.001,8,Sigmoid,50,0.42000000000000004,0.37794937794937794,0.42,0.07994599989615381
128,0.001,8,Sigmoid,100,0.42000000000000004,0.37794937794937794,0.42,0.14468260016292334
128,0.001,8,Sigmoid,300,0.42000000000000004,0.37794937794937794,0.42,0.1651870000641793
128,0.001,8,Sigmoid,500,0.42000000000000004,0.37794937794937794,0.42,0.12825840013101697
128,0.001,8,Sigmoid,1000,0.42000000000000004,0.37794937794937794,0.42,0.12629719986580312
128,0.001,8,GELU,50,0.44,0.35661764705882354,0.44,0.11348899989388883
128,0.001,8,GELU,100,0.44,0.35661764705882354,0.44,0.11579270008951426
128,0.001,8,GELU,300,0.44,0.35661764705882354,0.44,0.11582650011405349
128,0.001,8,GELU,500,0.44,0.35661764705882354,0.44,0.12266259989701211
128,0.001,8,GELU,1000,0.44,0.35661764705882354,0.44,0.11812840006314218
128,0.001,8,Softmax,50,0.42000000000000004,0.37794937794937794,0.42,0.10199510003440082
128,0.001,8,Softmax,100,0.42000000000000004,0.37794937794937794,0.42,0.12144190003164113
128,0.001,8,Softmax,300,0.42000000000000004,0.37794937794937794,0.42,0.1354815000668168
128,0.001,8,Softmax,500,0.42000000000000004,0.37794937794937794,0.42,0.126885199919343
128,0.001,8,Softmax,1000,0.42000000000000004,0.37794937794937794,0.42,0.126852200133726
128,0.001,16,ReLU,50,0.42,0.3441881501582994,0.42,0.08716180012561381
128,0.001,16,ReLU,100,0.42,0.3441881501582994,0.42,0.1012980998493731
128,0.001,16,ReLU,300,0.42,0.3441881501582994,0.42,0.07476300001144409
128,0.001,16,ReLU,500,0.42,0.3441881501582994,0.42,0.08004809985868633
128,0.001,16,ReLU,1000,0.42,0.3441881501582994,0.42,0.07348840008489788
128,0.001,16,Tanh,50,0.48,0.4025735294117647,0.48,0.0704226999077946
128,0.001,16,Tanh,100,0.48,0.4025735294117647,0.48,0.06095349998213351
128,0.001,16,Tanh,300,0.48,0.4025735294117647,0.48,0.06804340006783605
128,0.001,16,Tanh,500,0.48,0.4025735294117647,0.48,0.057796600041911006
128,0.001,16,Tanh,1000,0.48,0.4025735294117647,0.48,0.06727189989760518
128,0.001,16,Sigmoid,50,0.5,0.43464495703301675,0.5,0.09247640008106828
128,0.001,16,Sigmoid,100,0.5,0.43464495703301675,0.5,0.10592320002615452
128,0.001,16,Sigmoid,300,0.5,0.43464495703301675,0.5,0.11033339984714985
128,0.001,16,Sigmoid,500,0.5,0.43464495703301675,0.5,0.10104830004274845
128,0.001,16,Sigmoid,1000,0.5,0.43464495703301675,0.5,0.11955149983987212
128,0.001,16,GELU,50,0.42,0.3441881501582994,0.42,0.12290109996683896
128,0.001,16,GELU,100,0.42,0.3441881501582994,0.42,0.1248981999233365
128,0.001,16,GELU,300,0.42,0.3441881501582994,0.42,0.08892180002294481
128,0.001,16,GELU,500,0.42,0.3441881501582994,0.42,0.12003240012563765
128,0.001,16,GELU,1000,0.42,0.3441881501582994,0.42,0.11238360009156168
128,0.001,16,Softmax,50,0.5,0.43464495703301675,0.5,0.10324970004148781
128,0.001,16,Softmax,100,0.5,0.43464495703301675,0.5,0.10393139999359846
128,0.001,16,Softmax,300,0.5,0.43464495703301675,0.5,0.10695259994827211
128,0.001,16,Softmax,500,0.5,0.43464495703301675,0.5,0.11266230000182986
128,0.001,16,Softmax,1000,0.5,0.43464495703301675,0.5,0.09162240009754896
128,0.001,32,ReLU,50,0.44,0.35661764705882354,0.44,0.08335540001280606
128,0.001,32,ReLU,100,0.44,0.35661764705882354,0.44,0.08172099990770221
128,0.001,32,ReLU,300,0.44,0.35661764705882354,0.44,0.09225230012089014
128,0.001,32,ReLU,500,0.44,0.35661764705882354,0.44,0.11003870004788041
128,0.001,32,ReLU,1000,0.44,0.35661764705882354,0.44,0.09618989983573556
128,0.001,32,Tanh,50,0.42,0.29577464788732394,0.42,0.07831790018826723
128,0.001,32,Tanh,100,0.42,0.29577464788732394,0.42,0.08274289988912642
128,0.001,32,Tanh,300,0.42,0.29577464788732394,0.42,0.06930229999125004
128,0.001,32,Tanh,500,0.42,0.29577464788732394,0.42,0.08969220006838441
128,0.001,32,Tanh,1000,0.42,0.29577464788732394,0.42,0.06978929997421801
128,0.001,32,Sigmoid,50,0.42000000000000004,0.41414141414141414,0.42,0.06806689989753067
128,0.001,32,Sigmoid,100,0.42000000000000004,0.41414141414141414,0.42,0.05648080003447831
128,0.001,32,Sigmoid,300,0.42000000000000004,0.41414141414141414,0.42,0.07055790000595152
128,0.001,32,Sigmoid,500,0.42000000000000004,0.41414141414141414,0.42,0.0691367001272738
128,0.001,32,Sigmoid,1000,0.42000000000000004,0.41414141414141414,0.42,0.06102730007842183
128,0.001,32,GELU,50,0.44,0.35661764705882354,0.44,0.08113300008699298
128,0.001,32,GELU,100,0.44,0.35661764705882354,0.44,0.08080110000446439
128,0.001,32,GELU,300,0.44,0.35661764705882354,0.44,0.07598470011726022
128,0.001,32,GELU,500,0.44,0.35661764705882354,0.44,0.0966926000546664
128,0.001,32,GELU,1000,0.44,0.35661764705882354,0.44,0.08286610012874007
128,0.001,32,Softmax,50,0.42000000000000004,0.41414141414141414,0.42,0.09146449994295835
128,0.001,32,Softmax,100,0.42000000000000004,0.41414141414141414,0.42,0.08672590018250048
128,0.001,32,Softmax,300,0.42000000000000004,0.41414141414141414,0.42,0.10430829995311797
128,0.001,32,Softmax,500,0.42000000000000004,0.41414141414141414,0.42,0.1271128999069333
128,0.001,32,Softmax,1000,0.42000000000000004,0.41414141414141414,0.42,0.10624589980579913
128,0.001,64,ReLU,50,0.39999999999999997,0.3315508021390374,0.4,0.09520670003257692
128,0.001,64,ReLU,100,0.39999999999999997,0.3315508021390374,0.4,0.10627999994903803
128,0.001,64,ReLU,300,0.39999999999999997,0.3315508021390374,0.4,0.08220990002155304
128,0.001,64,ReLU,500,0.39999999999999997,0.3315508021390374,0.4,0.09480950003489852
128,0.001,64,ReLU,1000,0.39999999999999997,0.3315508021390374,0.4,0.07836030004546046
128,0.001,64,Tanh,50,0.42,0.29577464788732394,0.42,0.07139199995435774
128,0.001,64,Tanh,100,0.42,0.29577464788732394,0.42,0.06556820007972419
128,0.001,64,Tanh,300,0.42,0.29577464788732394,0.42,0.06661500013433397
128,0.001,64,Tanh,500,0.42,0.29577464788732394,0.42,0.07021840009838343
128,0.001,64,Tanh,1000,0.42,0.29577464788732394,0.42,0.05488830013200641
128,0.001,64,Sigmoid,50,0.44,0.3923611111111111,0.44,0.08140540006570518
128,0.001,64,Sigmoid,100,0.44,0.3923611111111111,0.44,0.09542830009013414
128,0.001,64,Sigmoid,300,0.44,0.3923611111111111,0.44,0.08241229993291199
128,0.001,64,Sigmoid,500,0.44,0.3923611111111111,0.44,0.07702789991162717
128,0.001,64,Sigmoid,1000,0.44,0.3923611111111111,0.44,0.09478069981560111
128,0.001,64,GELU,50,0.39999999999999997,0.3315508021390374,0.4,0.11673790006898344
128,0.001,64,GELU,100,0.39999999999999997,0.3315508021390374,0.4,0.09826739993877709
128,0.001,64,GELU,300,0.39999999999999997,0.3315508021390374,0.4,0.10734190000221133
128,0.001,64,GELU,500,0.39999999999999997,0.3315508021390374,0.4,0.08651900012046099
128,0.001,64,GELU,1000,0.39999999999999997,0.3315508021390374,0.4,0.0846680998802185
128,0.001,64,Softmax,50,0.44,0.3923611111111111,0.44,0.08071659994311631
128,0.001,64,Softmax,100,0.44,0.3923611111111111,0.44,0.07719870004802942
128,0.001,64,Softmax,300,0.44,0.3923611111111111,0.44,0.08345269993878901
128,0.001,64,Softmax,500,0.44,0.3923611111111111,0.44,0.08826260012574494
128,0.001,64,Softmax,1000,0.44,0.3923611111111111,0.44,0.0766996000893414
128,0.001,128,ReLU,50,0.39999999999999997,0.3315508021390374,0.4,0.07024470018222928
128,0.001,128,ReLU,100,0.39999999999999997,0.3315508021390374,0.4,0.07354709994979203
128,0.001,128,ReLU,300,0.39999999999999997,0.3315508021390374,0.4,0.07154870009981096
128,0.001,128,ReLU,500,0.39999999999999997,0.3315508021390374,0.4,0.07363659981638193
128,0.001,128,ReLU,1000,0.39999999999999997,0.3315508021390374,0.4,0.07887890003621578
128,0.001,128,Tanh,50,0.42,0.29577464788732394,0.42,0.06841790000908077
128,0.001,128,Tanh,100,0.42,0.29577464788732394,0.42,0.06459139985963702
128,0.001,128,Tanh,300,0.42,0.29577464788732394,0.42,0.059774700086563826
128,0.001,128,Tanh,500,0.42,0.29577464788732394,0.42,0.04220659984275699
128,0.001,128,Tanh,1000,0.42,0.29577464788732394,0.42,0.06117380014620721
128,0.001,128,Sigmoid,50,0.44,0.3923611111111111,0.44,0.057129799854010344
128,0.001,128,Sigmoid,100,0.44,0.3923611111111111,0.44,0.059121099999174476
128,0.001,128,Sigmoid,300,0.44,0.3923611111111111,0.44,0.07610789989121258
128,0.001,128,Sigmoid,500,0.44,0.3923611111111111,0.44,0.060860699974000454
128,0.001,128,Sigmoid,1000,0.44,0.3923611111111111,0.44,0.06321159983053803
128,0.001,128,GELU,50,0.39999999999999997,0.3315508021390374,0.4,0.06286960002034903
128,0.001,128,GELU,100,0.39999999999999997,0.3315508021390374,0.4,0.05764660006389022
128,0.001,128,GELU,300,0.39999999999999997,0.3315508021390374,0.4,0.0617482999805361
128,0.001,128,GELU,500,0.39999999999999997,0.3315508021390374,0.4,0.05815490009263158
128,0.001,128,GELU,1000,0.39999999999999997,0.3315508021390374,0.4,0.06242119986563921
128,0.001,128,Softmax,50,0.44,0.3923611111111111,0.44,0.047040200093761086
128,0.001,128,Softmax,100,0.44,0.3923611111111111,0.44,0.04923410015180707
128,0.001,128,Softmax,300,0.44,0.3923611111111111,0.44,0.0506827998906374
128,0.001,128,Softmax,500,0.44,0.3923611111111111,0.44,0.047689300030469894
128,0.001,128,Softmax,1000,0.44,0.3923611111111111,0.44,0.04757470008917153
128,0.0001,8,ReLU,50,0.4,0.3633276740237691,0.4,0.0882485001347959
128,0.0001,8,ReLU,100,0.4,0.3633276740237691,0.4,0.1095191000495106
128,0.0001,8,ReLU,300,0.4,0.3633276740237691,0.4,0.12958110007457435
128,0.0001,8,ReLU,500,0.4,0.3633276740237691,0.4,0.1308464000467211
128,0.0001,8,ReLU,1000,0.4,0.3633276740237691,0.4,0.13938100007362664
128,0.0001,8,Tanh,50,0.4,0.2857142857142857,0.4,0.16851519979536533
128,0.0001,8,Tanh,100,0.4,0.2857142857142857,0.4,0.1675899000838399
128,0.0001,8,Tanh,300,0.4,0.2857142857142857,0.4,0.15056869992986321
128,0.0001,8,Tanh,500,0.4,0.2857142857142857,0.4,0.13166980003006756
128,0.0001,8,Tanh,1000,0.4,0.2857142857142857,0.4,0.13879280001856387
128,0.0001,8,Sigmoid,50,0.5,0.3333333333333333,0.5,0.10759850009344518
128,0.0001,8,Sigmoid,100,0.5,0.3333333333333333,0.5,0.09156189998611808
128,0.0001,8,Sigmoid,300,0.5,0.3333333333333333,0.5,0.10368039994500577
128,0.0001,8,Sigmoid,500,0.5,0.3333333333333333,0.5,0.12124580005183816
128,0.0001,8,Sigmoid,1000,0.5,0.3333333333333333,0.5,0.10104699991643429
128,0.0001,8,GELU,50,0.4,0.3633276740237691,0.4,0.18104049982503057
128,0.0001,8,GELU,100,0.4,0.3633276740237691,0.4,0.17288279999047518
128,0.0001,8,GELU,300,0.4,0.3633276740237691,0.4,0.1841731001622975
128,0.0001,8,GELU,500,0.4,0.3633276740237691,0.4,0.1487968999426812
128,0.0001,8,GELU,1000,0.4,0.3633276740237691,0.4,0.10871140006929636
128,0.0001,8,Softmax,50,0.5,0.3333333333333333,0.5,0.1133884999435395
128,0.0001,8,Softmax,100,0.5,0.3333333333333333,0.5,0.09546680003404617
128,0.0001,8,Softmax,300,0.5,0.3333333333333333,0.5,0.11989589990116656
128,0.0001,8,Softmax,500,0.5,0.3333333333333333,0.5,0.11434690002351999
128,0.0001,8,Softmax,1000,0.5,0.3333333333333333,0.5,0.1260653999634087
128,0.0001,16,ReLU,50,0.4,0.3633276740237691,0.4,0.07146079977974296
128,0.0001,16,ReLU,100,0.4,0.3633276740237691,0.4,0.09660260006785393
128,0.0001,16,ReLU,300,0.4,0.3633276740237691,0.4,0.08807769999839365
128,0.0001,16,ReLU,500,0.4,0.3633276740237691,0.4,0.07657720008864999
128,0.0001,16,ReLU,1000,0.4,0.3633276740237691,0.4,0.08331690006889403
128,0.0001,16,Tanh,50,0.4,0.2857142857142857,0.4,0.0876694000326097
128,0.0001,16,Tanh,100,0.4,0.2857142857142857,0.4,0.0906201999168843
128,0.0001,16,Tanh,300,0.4,0.2857142857142857,0.4,0.08125760010443628
128,0.0001,16,Tanh,500,0.4,0.2857142857142857,0.4,0.08075139997527003
128,0.0001,16,Tanh,1000,0.4,0.2857142857142857,0.4,0.06859760009683669
128,0.0001,16,Sigmoid,50,0.5,0.3333333333333333,0.5,0.0627071000635624
128,0.0001,16,Sigmoid,100,0.5,0.3333333333333333,0.5,0.057540700072422624
128,0.0001,16,Sigmoid,300,0.5,0.3333333333333333,0.5,0.05979669978842139
128,0.0001,16,Sigmoid,500,0.5,0.3333333333333333,0.5,0.06341319996863604
128,0.0001,16,Sigmoid,1000,0.5,0.3333333333333333,0.5,0.05302929994650185
128,0.0001,16,GELU,50,0.4,0.3633276740237691,0.4,0.06081550009548664
128,0.0001,16,GELU,100,0.4,0.3633276740237691,0.4,0.06547220004722476
128,0.0001,16,GELU,300,0.4,0.3633276740237691,0.4,0.06526680011302233
128,0.0001,16,GELU,500,0.4,0.3633276740237691,0.4,0.06316199991852045
128,0.0001,16,GELU,1000,0.4,0.3633276740237691,0.4,0.052784600062295794
128,0.0001,16,Softmax,50,0.5,0.3333333333333333,0.5,0.04748570010997355
128,0.0001,16,Softmax,100,0.5,0.3333333333333333,0.5,0.049141200026497245
128,0.0001,16,Softmax,300,0.5,0.3333333333333333,0.5,0.04755089990794659
128,0.0001,16,Softmax,500,0.5,0.3333333333333333,0.5,0.04618879989720881
128,0.0001,16,Softmax,1000,0.5,0.3333333333333333,0.5,0.06539219990372658
128,0.0001,32,ReLU,50,0.4,0.3633276740237691,0.4,0.08027989999391139
128,0.0001,32,ReLU,100,0.4,0.3633276740237691,0.4,0.10211499989964068
128,0.0001,32,ReLU,300,0.4,0.3633276740237691,0.4,0.08579499996267259
128,0.0001,32,ReLU,500,0.4,0.3633276740237691,0.4,0.08076800010167062
128,0.0001,32,ReLU,1000,0.4,0.3633276740237691,0.4,0.08625730010680854
128,0.0001,32,Tanh,50,0.4,0.2857142857142857,0.4,0.07075810013338923
128,0.0001,32,Tanh,100,0.4,0.2857142857142857,0.4,0.07332030008547008
128,0.0001,32,Tanh,300,0.4,0.2857142857142857,0.4,0.07021120004355907
128,0.0001,32,Tanh,500,0.4,0.2857142857142857,0.4,0.06754909991286695
128,0.0001,32,Tanh,1000,0.4,0.2857142857142857,0.4,0.06850310019217432
128,0.0001,32,Sigmoid,50,0.5,0.3333333333333333,0.5,0.07066509989090264
128,0.0001,32,Sigmoid,100,0.5,0.3333333333333333,0.5,0.06852940004318953
128,0.0001,32,Sigmoid,300,0.5,0.3333333333333333,0.5,0.08176660002209246
128,0.0001,32,Sigmoid,500,0.5,0.3333333333333333,0.5,0.0683514999691397
128,0.0001,32,Sigmoid,1000,0.5,0.3333333333333333,0.5,0.08228640002198517
128,0.0001,32,GELU,50,0.4,0.3633276740237691,0.4,0.056116299936547875
128,0.0001,32,GELU,100,0.4,0.3633276740237691,0.4,0.07144959992729127
128,0.0001,32,GELU,300,0.4,0.3633276740237691,0.4,0.06857539992779493
128,0.0001,32,GELU,500,0.4,0.3633276740237691,0.4,0.081195899983868
128,0.0001,32,GELU,1000,0.4,0.3633276740237691,0.4,0.0703559999819845
128,0.0001,32,Softmax,50,0.5,0.3333333333333333,0.5,0.08619709988124669
128,0.0001,32,Softmax,100,0.5,0.3333333333333333,0.5,0.11521150008775294
128,0.0001,32,Softmax,300,0.5,0.3333333333333333,0.5,0.08580280002206564
128,0.0001,32,Softmax,500,0.5,0.3333333333333333,0.5,0.08445839979685843
128,0.0001,32,Softmax,1000,0.5,0.3333333333333333,0.5,0.07151350006461143
128,0.0001,64,ReLU,50,0.4,0.3633276740237691,0.4,0.07358739990741014
128,0.0001,64,ReLU,100,0.4,0.3633276740237691,0.4,0.06426880019716918
128,0.0001,64,ReLU,300,0.4,0.3633276740237691,0.4,0.069892100058496
128,0.0001,64,ReLU,500,0.4,0.3633276740237691,0.4,0.056544000050053
128,0.0001,64,ReLU,1000,0.4,0.3633276740237691,0.4,0.06055930000729859
128,0.0001,64,Tanh,50,0.38,0.2753623188405797,0.38,0.06978809996508062
128,0.0001,64,Tanh,100,0.38,0.2753623188405797,0.38,0.07609639992006123
128,0.0001,64,Tanh,300,0.38,0.2753623188405797,0.38,0.05492249992676079
128,0.0001,64,Tanh,500,0.38,0.2753623188405797,0.38,0.07301209983415902
128,0.0001,64,Tanh,1000,0.38,0.2753623188405797,0.38,0.06572519987821579
128,0.0001,64,Sigmoid,50,0.5,0.3333333333333333,0.5,0.07472470006905496
128,0.0001,64,Sigmoid,100,0.5,0.3333333333333333,0.5,0.05530100013129413
128,0.0001,64,Sigmoid,300,0.5,0.3333333333333333,0.5,0.06807000003755093
128,0.0001,64,Sigmoid,500,0.5,0.3333333333333333,0.5,0.07970920018851757
128,0.0001,64,Sigmoid,1000,0.5,0.3333333333333333,0.5,0.06683979998342693
128,0.0001,64,GELU,50,0.4,0.3633276740237691,0.4,0.09587979991920292
128,0.0001,64,GELU,100,0.4,0.3633276740237691,0.4,0.07217080006375909
128,0.0001,64,GELU,300,0.4,0.3633276740237691,0.4,0.07190650003030896
128,0.0001,64,GELU,500,0.4,0.3633276740237691,0.4,0.06041039992123842
128,0.0001,64,GELU,1000,0.4,0.3633276740237691,0.4,0.0626947998534888
128,0.0001,64,Softmax,50,0.5,0.3333333333333333,0.5,0.045923199970275164
128,0.0001,64,Softmax,100,0.5,0.3333333333333333,0.5,0.06393729988485575
128,0.0001,64,Softmax,300,0.5,0.3333333333333333,0.5,0.06417710008099675
128,0.0001,64,Softmax,500,0.5,0.3333333333333333,0.5,0.05901680001989007
128,0.0001,64,Softmax,1000,0.5,0.3333333333333333,0.5,0.052691200049594045
128,0.0001,128,ReLU,50,0.4,0.3633276740237691,0.4,0.05153619986958802
128,0.0001,128,ReLU,100,0.4,0.3633276740237691,0.4,0.05294080008752644
128,0.0001,128,ReLU,300,0.4,0.3633276740237691,0.4,0.04859120002947748
128,0.0001,128,ReLU,500,0.4,0.3633276740237691,0.4,0.04429819993674755
128,0.0001,128,ReLU,1000,0.4,0.3633276740237691,0.4,0.052624400006607175
128,0.0001,128,Tanh,50,0.38,0.2753623188405797,0.38,0.048053500009700656
128,0.0001,128,Tanh,100,0.38,0.2753623188405797,0.38,0.05115840001963079
128,0.0001,128,Tanh,300,0.38,0.2753623188405797,0.38,0.03939660009928048
128,0.0001,128,Tanh,500,0.38,0.2753623188405797,0.38,0.05232340004295111
128,0.0001,128,Tanh,1000,0.38,0.2753623188405797,0.38,0.047296900069341063
128,0.0001,128,Sigmoid,50,0.5,0.3333333333333333,0.5,0.04037660011090338
128,0.0001,128,Sigmoid,100,0.5,0.3333333333333333,0.5,0.05117190000601113
128,0.0001,128,Sigmoid,300,0.5,0.3333333333333333,0.5,0.0404173000715673
128,0.0001,128,Sigmoid,500,0.5,0.3333333333333333,0.5,0.039794799871742725
128,0.0001,128,Sigmoid,1000,0.5,0.3333333333333333,0.5,0.04003359982743859
128,0.0001,128,GELU,50,0.4,0.3633276740237691,0.4,0.0387860001064837
128,0.0001,128,GELU,100,0.4,0.3633276740237691,0.4,0.03702730010263622
128,0.0001,128,GELU,300,0.4,0.3633276740237691,0.4,0.0368902999907732
128,0.0001,128,GELU,500,0.4,0.3633276740237691,0.4,0.0390629000030458
128,0.0001,128,GELU,1000,0.4,0.3633276740237691,0.4,0.08950369991362095
128,0.0001,128,Softmax,50,0.5,0.3333333333333333,0.5,0.07613869989290833
128,0.0001,128,Softmax,100,0.5,0.3333333333333333,0.5,0.07301070005632937
128,0.0001,128,Softmax,300,0.5,0.3333333333333333,0.5,0.08094020001590252
128,0.0001,128,Softmax,500,0.5,0.3333333333333333,0.5,0.08474400010891259
128,0.0001,128,Softmax,1000,0.5,0.3333333333333333,0.5,0.06274019996635616
128,0.00025,8,ReLU,50,0.4,0.3633276740237691,0.4,0.12810020009055734
128,0.00025,8,ReLU,100,0.4,0.3633276740237691,0.4,0.11302809999324381
128,0.00025,8,ReLU,300,0.4,0.3633276740237691,0.4,0.13672730000689626
128,0.00025,8,ReLU,500,0.4,0.3633276740237691,0.4,0.11839090008288622
128,0.00025,8,ReLU,1000,0.4,0.3633276740237691,0.4,0.1345938998274505
128,0.00025,8,Tanh,50,0.42,0.29577464788732394,0.42,0.09759139991365373
128,0.00025,8,Tanh,100,0.42,0.29577464788732394,0.42,0.10259100003167987
128,0.00025,8,Tanh,300,0.42,0.29577464788732394,0.42,0.1111772998701781
128,0.00025,8,Tanh,500,0.42,0.29577464788732394,0.42,0.10402589989826083
128,0.00025,8,Tanh,1000,0.42,0.29577464788732394,0.42,0.13952149986289442
128,0.00025,8,Sigmoid,50,0.5,0.36580416032470825,0.5,0.17997199995443225
128,0.00025,8,Sigmoid,100,0.5,0.36580416032470825,0.5,0.16075939987786114
128,0.00025,8,Sigmoid,300,0.5,0.36580416032470825,0.5,0.16737050004303455
128,0.00025,8,Sigmoid,500,0.5,0.36580416032470825,0.5,0.1518808000255376
128,0.00025,8,Sigmoid,1000,0.5,0.36580416032470825,0.5,0.15054599987342954
128,0.00025,8,GELU,50,0.4,0.3633276740237691,0.4,0.1265345998108387
128,0.00025,8,GELU,100,0.4,0.3633276740237691,0.4,0.13937150011770427
128,0.00025,8,GELU,300,0.4,0.3633276740237691,0.4,0.13093430013395846
128,0.00025,8,GELU,500,0.4,0.3633276740237691,0.4,0.12292280001565814
128,0.00025,8,GELU,1000,0.4,0.3633276740237691,0.4,0.11470630019903183
128,0.00025,8,Softmax,50,0.5,0.36580416032470825,0.5,0.1506879001390189
128,0.00025,8,Softmax,100,0.5,0.36580416032470825,0.5,0.15243960008956492
128,0.00025,8,Softmax,300,0.5,0.36580416032470825,0.5,0.14456519996747375
128,0.00025,8,Softmax,500,0.5,0.36580416032470825,0.5,0.15292189992032945
128,0.00025,8,Softmax,1000,0.5,0.36580416032470825,0.5,0.13188909995369613
128,0.00025,16,ReLU,50,0.4,0.3633276740237691,0.4,0.057619399856776
128,0.00025,16,ReLU,100,0.4,0.3633276740237691,0.4,0.07301199994981289
128,0.00025,16,ReLU,300,0.4,0.3633276740237691,0.4,0.06371139991097152
128,0.00025,16,ReLU,500,0.4,0.3633276740237691,0.4,0.057920899940654635
128,0.00025,16,ReLU,1000,0.4,0.3633276740237691,0.4,0.05783819989301264
128,0.00025,16,Tanh,50,0.42,0.29577464788732394,0.42,0.07238949998281896
128,0.00025,16,Tanh,100,0.42,0.29577464788732394,0.42,0.07287989999167621
128,0.00025,16,Tanh,300,0.42,0.29577464788732394,0.42,0.06858210009522736
128,0.00025,16,Tanh,500,0.42,0.29577464788732394,0.42,0.06979639991186559
128,0.00025,16,Tanh,1000,0.42,0.29577464788732394,0.42,0.05925210006535053
128,0.00025,16,Sigmoid,50,0.5,0.3333333333333333,0.5,0.04718180000782013
128,0.00025,16,Sigmoid,100,0.5,0.3333333333333333,0.5,0.05162649997510016
128,0.00025,16,Sigmoid,300,0.5,0.3333333333333333,0.5,0.06192040001042187
128,0.00025,16,Sigmoid,500,0.5,0.3333333333333333,0.5,0.051684899954125285
128,0.00025,16,Sigmoid,1000,0.5,0.3333333333333333,0.5,0.06242040009237826
128,0.00025,16,GELU,50,0.4,0.3633276740237691,0.4,0.04942500009201467
128,0.00025,16,GELU,100,0.4,0.3633276740237691,0.4,0.05822400003671646
128,0.00025,16,GELU,300,0.4,0.3633276740237691,0.4,0.062251699855551124
128,0.00025,16,GELU,500,0.4,0.3633276740237691,0.4,0.09881399990990758
128,0.00025,16,GELU,1000,0.4,0.3633276740237691,0.4,0.08953419979661703
128,0.00025,16,Softmax,50,0.5,0.3333333333333333,0.5,0.08938590018078685
128,0.00025,16,Softmax,100,0.5,0.3333333333333333,0.5,0.10885170008987188
128,0.00025,16,Softmax,300,0.5,0.3333333333333333,0.5,0.09677639999426901
128,0.00025,16,Softmax,500,0.5,0.3333333333333333,0.5,0.08001110004261136
128,0.00025,16,Softmax,1000,0.5,0.3333333333333333,0.5,0.09282080014236271
128,0.00025,32,ReLU,50,0.4,0.3633276740237691,0.4,0.0697252000682056
128,0.00025,32,ReLU,100,0.4,0.3633276740237691,0.4,0.06790699996054173
128,0.00025,32,ReLU,300,0.4,0.3633276740237691,0.4,0.08028059988282621
128,0.00025,32,ReLU,500,0.4,0.3633276740237691,0.4,0.08591439994052052
128,0.00025,32,ReLU,1000,0.4,0.3633276740237691,0.4,0.08780490001663566
128,0.00025,32,Tanh,50,0.42,0.29577464788732394,0.42,0.08252990012988448
128,0.00025,32,Tanh,100,0.42,0.29577464788732394,0.42,0.08383819996379316
128,0.00025,32,Tanh,300,0.42,0.29577464788732394,0.42,0.0709733001422137
128,0.00025,32,Tanh,500,0.42,0.29577464788732394,0.42,0.08098879992030561
128,0.00025,32,Tanh,1000,0.42,0.29577464788732394,0.42,0.07465939992107451
128,0.00025,32,Sigmoid,50,0.5,0.3333333333333333,0.5,0.06705440022051334
128,0.00025,32,Sigmoid,100,0.5,0.3333333333333333,0.5,0.05201149987988174
128,0.00025,32,Sigmoid,300,0.5,0.3333333333333333,0.5,0.05204350012354553
128,0.00025,32,Sigmoid,500,0.5,0.3333333333333333,0.5,0.05088280001655221
128,0.00025,32,Sigmoid,1000,0.5,0.3333333333333333,0.5,0.06840620003640652
128,0.00025,32,GELU,50,0.4,0.3633276740237691,0.4,0.08860399993136525
128,0.00025,32,GELU,100,0.4,0.3633276740237691,0.4,0.06685000006109476
128,0.00025,32,GELU,300,0.4,0.3633276740237691,0.4,0.07218690006993711
128,0.00025,32,GELU,500,0.4,0.3633276740237691,0.4,0.0843446000944823
128,0.00025,32,GELU,1000,0.4,0.3633276740237691,0.4,0.06879029981791973
128,0.00025,32,Softmax,50,0.5,0.3333333333333333,0.5,0.07032719999551773
128,0.00025,32,Softmax,100,0.5,0.3333333333333333,0.5,0.09109880006872118
128,0.00025,32,Softmax,300,0.5,0.3333333333333333,0.5,0.09822020004503429
128,0.00025,32,Softmax,500,0.5,0.3333333333333333,0.5,0.10709629999473691
128,0.00025,32,Softmax,1000,0.5,0.3333333333333333,0.5,0.08357250015251338
128,0.00025,64,ReLU,50,0.4,0.3633276740237691,0.4,0.07225269987247884
128,0.00025,64,ReLU,100,0.4,0.3633276740237691,0.4,0.0898574001621455
128,0.00025,64,ReLU,300,0.4,0.3633276740237691,0.4,0.07862659986130893
128,0.00025,64,ReLU,500,0.4,0.3633276740237691,0.4,0.06732450006529689
128,0.00025,64,ReLU,1000,0.4,0.3633276740237691,0.4,0.06831239978782833
128,0.00025,64,Tanh,50,0.4,0.2857142857142857,0.4,0.0778416998218745
128,0.00025,64,Tanh,100,0.4,0.2857142857142857,0.4,0.08195180003531277
128,0.00025,64,Tanh,300,0.4,0.2857142857142857,0.4,0.0852065000217408
128,0.00025,64,Tanh,500,0.4,0.2857142857142857,0.4,0.07398319989442825
128,0.00025,64,Tanh,1000,0.4,0.2857142857142857,0.4,0.07536199991591275
128,0.00025,64,Sigmoid,50,0.5,0.3333333333333333,0.5,0.046821000054478645
128,0.00025,64,Sigmoid,100,0.5,0.3333333333333333,0.5,0.04317840002477169
128,0.00025,64,Sigmoid,300,0.5,0.3333333333333333,0.5,0.04096880019642413
128,0.00025,64,Sigmoid,500,0.5,0.3333333333333333,0.5,0.05528880003839731
128,0.00025,64,Sigmoid,1000,0.5,0.3333333333333333,0.5,0.038217800203710794
128,0.00025,64,GELU,50,0.4,0.3633276740237691,0.4,0.047998900059610605
128,0.00025,64,GELU,100,0.4,0.3633276740237691,0.4,0.04182099993340671
128,0.00025,64,GELU,300,0.4,0.3633276740237691,0.4,0.039100800175219774
128,0.00025,64,GELU,500,0.4,0.3633276740237691,0.4,0.04957720008678734
128,0.00025,64,GELU,1000,0.4,0.3633276740237691,0.4,0.04750620014965534
128,0.00025,64,Softmax,50,0.5,0.3333333333333333,0.5,0.07686210004612803
128,0.00025,64,Softmax,100,0.5,0.3333333333333333,0.5,0.08037739992141724
128,0.00025,64,Softmax,300,0.5,0.3333333333333333,0.5,0.08977969991974533
128,0.00025,64,Softmax,500,0.5,0.3333333333333333,0.5,0.06807609996758401
128,0.00025,64,Softmax,1000,0.5,0.3333333333333333,0.5,0.08046420011669397
128,0.00025,128,ReLU,50,0.4,0.3633276740237691,0.4,0.12433520006015897
128,0.00025,128,ReLU,100,0.4,0.3633276740237691,0.4,0.08059450006112456
128,0.00025,128,ReLU,300,0.4,0.3633276740237691,0.4,0.06913890014402568
128,0.00025,128,ReLU,500,0.4,0.3633276740237691,0.4,0.08733709994703531
128,0.00025,128,ReLU,1000,0.4,0.3633276740237691,0.4,0.0671369000338018
128,0.00025,128,Tanh,50,0.4,0.2857142857142857,0.4,0.09918750007636845
128,0.00025,128,Tanh,100,0.4,0.2857142857142857,0.4,0.09219969995319843
128,0.00025,128,Tanh,300,0.4,0.2857142857142857,0.4,0.07664799992926419
128,0.00025,128,Tanh,500,0.4,0.2857142857142857,0.4,0.0750724000390619
128,0.00025,128,Tanh,1000,0.4,0.2857142857142857,0.4,0.08611389994621277
128,0.00025,128,Sigmoid,50,0.5,0.3333333333333333,0.5,0.0448227000888437
128,0.00025,128,Sigmoid,100,0.5,0.3333333333333333,0.5,0.05267540016211569
128,0.00025,128,Sigmoid,300,0.5,0.3333333333333333,0.5,0.05340599990449846
128,0.00025,128,Sigmoid,500,0.5,0.3333333333333333,0.5,0.0525579999666661
128,0.00025,128,Sigmoid,1000,0.5,0.3333333333333333,0.5,0.04930289997719228
128,0.00025,128,GELU,50,0.4,0.3633276740237691,0.4,0.07417539996095002
128,0.00025,128,GELU,100,0.4,0.3633276740237691,0.4,0.07546520000323653
128,0.00025,128,GELU,300,0.4,0.3633276740237691,0.4,0.03917620005086064
128,0.00025,128,GELU,500,0.4,0.3633276740237691,0.4,0.041485599940642715
128,0.00025,128,GELU,1000,0.4,0.3633276740237691,0.4,0.048407699912786484
128,0.00025,128,Softmax,50,0.5,0.3333333333333333,0.5,0.048309799982234836
128,0.00025,128,Softmax,100,0.5,0.3333333333333333,0.5,0.038470600033178926
128,0.00025,128,Softmax,300,0.5,0.3333333333333333,0.5,0.047862299950793386
128,0.00025,128,Softmax,500,0.5,0.3333333333333333,0.5,0.03616660018451512
128,0.00025,128,Softmax,1000,0.5,0.3333333333333333,0.5,0.05370309995487332
