Hidden_Neurons,Learning_Rate,Batch_Size,Activation_Function,Epochs,Balanced_Accuracy,Macro F1 Score,Accuracy,Time(s)
8,0.01,8,ReLU,50,0.5198019801980198,0.5155156640209678,0.5198019801980198,0.9479252000019187
8,0.01,8,ReLU,100,0.5198019801980198,0.5155156640209678,0.5198019801980198,1.0745256999944104
8,0.01,8,ReLU,300,0.5198019801980198,0.5155156640209678,0.5198019801980198,1.068339699995704
8,0.01,8,ReLU,500,0.5198019801980198,0.5155156640209678,0.5198019801980198,0.9812048000021605
8,0.01,8,ReLU,1000,0.5198019801980198,0.5155156640209678,0.5198019801980198,0.9801938000018708
8,0.01,8,Tanh,50,0.5387788778877888,0.5381975945661324,0.5387788778877888,0.9828536999993958
8,0.01,8,Tanh,100,0.5387788778877888,0.5381975945661324,0.5387788778877888,0.861227899993537
8,0.01,8,Tanh,300,0.5387788778877888,0.5381975945661324,0.5387788778877888,0.8755305999948177
8,0.01,8,Tanh,500,0.5387788778877888,0.5381975945661324,0.5387788778877888,0.9503044999873964
8,0.01,8,Tanh,1000,0.5387788778877888,0.5381975945661324,0.5387788778877888,0.9387411000061547
8,0.01,8,Sigmoid,50,0.5363036303630363,0.5355131188098556,0.5363036303630363,0.7057435999886366
8,0.01,8,Sigmoid,100,0.5363036303630363,0.5355131188098556,0.5363036303630363,0.7498200999980327
8,0.01,8,Sigmoid,300,0.5363036303630363,0.5355131188098556,0.5363036303630363,0.7133156000054441
8,0.01,8,Sigmoid,500,0.5363036303630363,0.5355131188098556,0.5363036303630363,0.7282798000087496
8,0.01,8,Sigmoid,1000,0.5363036303630363,0.5355131188098556,0.5363036303630363,0.8036911000090186
8,0.01,8,GELU,50,0.5198019801980198,0.5155156640209678,0.5198019801980198,1.0126183999964269
8,0.01,8,GELU,100,0.5198019801980198,0.5155156640209678,0.5198019801980198,0.9096744999988005
8,0.01,8,GELU,300,0.5198019801980198,0.5155156640209678,0.5198019801980198,0.8656970000010915
8,0.01,8,GELU,500,0.5198019801980198,0.5155156640209678,0.5198019801980198,0.9225656000053277
8,0.01,8,GELU,1000,0.5198019801980198,0.5155156640209678,0.5198019801980198,0.8625838000007207
8,0.01,8,Softmax,50,0.5198019801980198,0.5155156640209678,0.5198019801980198,1.0023726999934297
8,0.01,8,Softmax,100,0.5198019801980198,0.5155156640209678,0.5198019801980198,0.9910079999972368
8,0.01,8,Softmax,300,0.5198019801980198,0.5155156640209678,0.5198019801980198,0.9601746999978786
8,0.01,8,Softmax,500,0.5198019801980198,0.5155156640209678,0.5198019801980198,0.9583030000067083
8,0.01,8,Softmax,1000,0.5198019801980198,0.5155156640209678,0.5198019801980198,0.8997725999943214
8,0.01,16,ReLU,50,0.5181518151815181,0.4815580914990551,0.5181518151815182,0.42436689999885857
8,0.01,16,ReLU,100,0.5181518151815181,0.4815580914990551,0.5181518151815182,0.43284720000519883
8,0.01,16,ReLU,300,0.5181518151815181,0.4815580914990551,0.5181518151815182,0.4892334999894956
8,0.01,16,ReLU,500,0.5181518151815181,0.4815580914990551,0.5181518151815182,0.4884197000064887
8,0.01,16,ReLU,1000,0.5181518151815181,0.4815580914990551,0.5181518151815182,0.414603299999726
8,0.01,16,Tanh,50,0.514026402640264,0.512056950885671,0.514026402640264,0.5069224999897415
8,0.01,16,Tanh,100,0.514026402640264,0.512056950885671,0.514026402640264,0.5049913999973796
8,0.01,16,Tanh,300,0.514026402640264,0.512056950885671,0.514026402640264,0.44177900000067893
8,0.01,16,Tanh,500,0.514026402640264,0.512056950885671,0.514026402640264,0.4452657000074396
8,0.01,16,Tanh,1000,0.514026402640264,0.512056950885671,0.514026402640264,0.44161170000734273
8,0.01,16,Sigmoid,50,0.5313531353135313,0.5294040441327262,0.5313531353135313,0.4873399000061909
8,0.01,16,Sigmoid,100,0.5313531353135313,0.5294040441327262,0.5313531353135313,0.47465350000129547
8,0.01,16,Sigmoid,300,0.5313531353135313,0.5294040441327262,0.5313531353135313,0.4759039000055054
8,0.01,16,Sigmoid,500,0.5313531353135313,0.5294040441327262,0.5313531353135313,0.44393729999137577
8,0.01,16,Sigmoid,1000,0.5313531353135313,0.5294040441327262,0.5313531353135313,0.4950955999956932
8,0.01,16,GELU,50,0.5181518151815181,0.4815580914990551,0.5181518151815182,0.42699080001330003
8,0.01,16,GELU,100,0.5181518151815181,0.4815580914990551,0.5181518151815182,0.4566478000051575
8,0.01,16,GELU,300,0.5181518151815181,0.4815580914990551,0.5181518151815182,0.4115062000055332
8,0.01,16,GELU,500,0.5181518151815181,0.4815580914990551,0.5181518151815182,0.43573290000495035
8,0.01,16,GELU,1000,0.5181518151815181,0.4815580914990551,0.5181518151815182,0.4541317999974126
8,0.01,16,Softmax,50,0.5181518151815181,0.4815580914990551,0.5181518151815182,0.4340892000036547
8,0.01,16,Softmax,100,0.5181518151815181,0.4815580914990551,0.5181518151815182,0.4773051999945892
8,0.01,16,Softmax,300,0.5181518151815181,0.4815580914990551,0.5181518151815182,0.4123187999939546
8,0.01,16,Softmax,500,0.5181518151815181,0.4815580914990551,0.5181518151815182,0.4343422000092687
8,0.01,16,Softmax,1000,0.5181518151815181,0.4815580914990551,0.5181518151815182,0.43347680001170374
8,0.01,32,ReLU,50,0.5222772277227723,0.5101109068785721,0.5222772277227723,0.2778515000100015
8,0.01,32,ReLU,100,0.5222772277227723,0.5101109068785721,0.5222772277227723,0.2969211000017822
8,0.01,32,ReLU,300,0.5222772277227723,0.5101109068785721,0.5222772277227723,0.2760765999992145
8,0.01,32,ReLU,500,0.5222772277227723,0.5101109068785721,0.5222772277227723,0.2879437999945367
8,0.01,32,ReLU,1000,0.5222772277227723,0.5101109068785721,0.5222772277227723,0.2776783000008436
8,0.01,32,Tanh,50,0.5099009900990099,0.5094187393526406,0.5099009900990099,0.287283199999365
8,0.01,32,Tanh,100,0.5099009900990099,0.5094187393526406,0.5099009900990099,0.3075978000124451
8,0.01,32,Tanh,300,0.5099009900990099,0.5094187393526406,0.5099009900990099,0.29817590001039207
8,0.01,32,Tanh,500,0.5099009900990099,0.5094187393526406,0.5099009900990099,0.3326097999961348
8,0.01,32,Tanh,1000,0.5099009900990099,0.5094187393526406,0.5099009900990099,0.3101072999997996
8,0.01,32,Sigmoid,50,0.5222772277227723,0.5164543791408126,0.5222772277227723,0.2771318000013707
8,0.01,32,Sigmoid,100,0.5222772277227723,0.5164543791408126,0.5222772277227723,0.2805208999925526
8,0.01,32,Sigmoid,300,0.5222772277227723,0.5164543791408126,0.5222772277227723,0.2571914000000106
8,0.01,32,Sigmoid,500,0.5222772277227723,0.5164543791408126,0.5222772277227723,0.2792711999936728
8,0.01,32,Sigmoid,1000,0.5222772277227723,0.5164543791408126,0.5222772277227723,0.27881189998879563
8,0.01,32,GELU,50,0.5222772277227723,0.5101109068785721,0.5222772277227723,0.2559964999963995
8,0.01,32,GELU,100,0.5222772277227723,0.5101109068785721,0.5222772277227723,0.27629690000321716
8,0.01,32,GELU,300,0.5222772277227723,0.5101109068785721,0.5222772277227723,0.2670314999995753
8,0.01,32,GELU,500,0.5222772277227723,0.5101109068785721,0.5222772277227723,0.26603840000461787
8,0.01,32,GELU,1000,0.5222772277227723,0.5101109068785721,0.5222772277227723,0.2771001999935834
8,0.01,32,Softmax,50,0.5222772277227723,0.5101109068785721,0.5222772277227723,0.2792330999945989
8,0.01,32,Softmax,100,0.5222772277227723,0.5101109068785721,0.5222772277227723,0.266718500002753
8,0.01,32,Softmax,300,0.5222772277227723,0.5101109068785721,0.5222772277227723,0.2357035999884829
8,0.01,32,Softmax,500,0.5222772277227723,0.5101109068785721,0.5222772277227723,0.27654819999588653
8,0.01,32,Softmax,1000,0.5222772277227723,0.5101109068785721,0.5222772277227723,0.2557991000066977
8,0.01,64,ReLU,50,0.5552805280528053,0.5272747534406865,0.5552805280528053,0.2765377999894554
8,0.01,64,ReLU,100,0.5552805280528053,0.5272747534406865,0.5552805280528053,0.3430601000000024
8,0.01,64,ReLU,300,0.5552805280528053,0.5272747534406865,0.5552805280528053,0.319797699994524
8,0.01,64,ReLU,500,0.5552805280528053,0.5272747534406865,0.5552805280528053,0.30871850000403356
8,0.01,64,ReLU,1000,0.5552805280528053,0.5272747534406865,0.5552805280528053,0.296587399992859
8,0.01,64,Tanh,50,0.5313531353135313,0.5302774328252295,0.5313531353135313,0.2128557000105502
8,0.01,64,Tanh,100,0.5313531353135313,0.5302774328252295,0.5313531353135313,0.20399059999908786
8,0.01,64,Tanh,300,0.5313531353135313,0.5302774328252295,0.5313531353135313,0.22550160001264885
8,0.01,64,Tanh,500,0.5313531353135313,0.5302774328252295,0.5313531353135313,0.20343480000155978
8,0.01,64,Tanh,1000,0.5313531353135313,0.5302774328252295,0.5313531353135313,0.2350150999991456
8,0.01,64,Sigmoid,50,0.509075907590759,0.5036257197234335,0.509075907590759,0.1723016999894753
8,0.01,64,Sigmoid,100,0.509075907590759,0.5036257197234335,0.509075907590759,0.16267629999492783
8,0.01,64,Sigmoid,300,0.509075907590759,0.5036257197234335,0.509075907590759,0.1820807999902172
8,0.01,64,Sigmoid,500,0.509075907590759,0.5036257197234335,0.509075907590759,0.1839486999961082
8,0.01,64,Sigmoid,1000,0.509075907590759,0.5036257197234335,0.509075907590759,0.16184760000032838
8,0.01,64,GELU,50,0.5552805280528053,0.5272747534406865,0.5552805280528053,0.27677500000572763
8,0.01,64,GELU,100,0.5552805280528053,0.5272747534406865,0.5552805280528053,0.3181386999931419
8,0.01,64,GELU,300,0.5552805280528053,0.5272747534406865,0.5552805280528053,0.3074551000026986
8,0.01,64,GELU,500,0.5552805280528053,0.5272747534406865,0.5552805280528053,0.3098011999973096
8,0.01,64,GELU,1000,0.5552805280528053,0.5272747534406865,0.5552805280528053,0.3350969000020996
8,0.01,64,Softmax,50,0.5552805280528053,0.5272747534406865,0.5552805280528053,0.25536080000165384
8,0.01,64,Softmax,100,0.5552805280528053,0.5272747534406865,0.5552805280528053,0.3080459000047995
8,0.01,64,Softmax,300,0.5552805280528053,0.5272747534406865,0.5552805280528053,0.321119300002465
8,0.01,64,Softmax,500,0.5552805280528053,0.5272747534406865,0.5552805280528053,0.32936920000065584
8,0.01,64,Softmax,1000,0.5552805280528053,0.5272747534406865,0.5552805280528053,0.32116859999950975
8,0.01,128,ReLU,50,0.5198019801980198,0.5074409250879839,0.5198019801980198,0.173180500001763
8,0.01,128,ReLU,100,0.5198019801980198,0.5074409250879839,0.5198019801980198,0.1715398000087589
8,0.01,128,ReLU,300,0.5198019801980198,0.5074409250879839,0.5198019801980198,0.18021169998974074
8,0.01,128,ReLU,500,0.5198019801980198,0.5074409250879839,0.5198019801980198,0.18174299999373034
8,0.01,128,ReLU,1000,0.5198019801980198,0.5074409250879839,0.5198019801980198,0.19432929999311455
8,0.01,128,Tanh,50,0.5264026402640264,0.521228187531485,0.5264026402640264,0.1406798000098206
8,0.01,128,Tanh,100,0.5264026402640264,0.521228187531485,0.5264026402640264,0.14129359999787994
8,0.01,128,Tanh,300,0.5264026402640264,0.521228187531485,0.5264026402640264,0.15145229999325238
8,0.01,128,Tanh,500,0.5264026402640264,0.521228187531485,0.5264026402640264,0.1531855000066571
8,0.01,128,Tanh,1000,0.5264026402640264,0.521228187531485,0.5264026402640264,0.1402827999991132
8,0.01,128,Sigmoid,50,0.5123762376237624,0.5107906593643008,0.5123762376237624,0.14068710000719875
8,0.01,128,Sigmoid,100,0.5123762376237624,0.5107906593643008,0.5123762376237624,0.15048050000041258
8,0.01,128,Sigmoid,300,0.5123762376237624,0.5107906593643008,0.5123762376237624,0.15062719999696128
8,0.01,128,Sigmoid,500,0.5123762376237624,0.5107906593643008,0.5123762376237624,0.16181699998560362
8,0.01,128,Sigmoid,1000,0.5123762376237624,0.5107906593643008,0.5123762376237624,0.12985009999829344
8,0.01,128,GELU,50,0.5198019801980198,0.5074409250879839,0.5198019801980198,0.1932642999890959
8,0.01,128,GELU,100,0.5198019801980198,0.5074409250879839,0.5198019801980198,0.21418139999150299
8,0.01,128,GELU,300,0.5198019801980198,0.5074409250879839,0.5198019801980198,0.19168280001031235
8,0.01,128,GELU,500,0.5198019801980198,0.5074409250879839,0.5198019801980198,0.20490550000977237
8,0.01,128,GELU,1000,0.5198019801980198,0.5074409250879839,0.5198019801980198,0.1835849000053713
8,0.01,128,Softmax,50,0.5198019801980198,0.5074409250879839,0.5198019801980198,0.20306599998730235
8,0.01,128,Softmax,100,0.5198019801980198,0.5074409250879839,0.5198019801980198,0.182580799999414
8,0.01,128,Softmax,300,0.5198019801980198,0.5074409250879839,0.5198019801980198,0.17130770000221673
8,0.01,128,Softmax,500,0.5198019801980198,0.5074409250879839,0.5198019801980198,0.18258870000136085
8,0.01,128,Softmax,1000,0.5198019801980198,0.5074409250879839,0.5198019801980198,0.19218790000013541
8,0.001,8,ReLU,50,0.5462046204620462,0.5257001366120219,0.5462046204620462,1.6711108000017703
8,0.001,8,ReLU,100,0.5462046204620462,0.5257001366120219,0.5462046204620462,1.6251421000051778
8,0.001,8,ReLU,300,0.5462046204620462,0.5257001366120219,0.5462046204620462,1.7715211000031559
8,0.001,8,ReLU,500,0.5462046204620462,0.5257001366120219,0.5462046204620462,1.695497599997907
8,0.001,8,ReLU,1000,0.5462046204620462,0.5257001366120219,0.5462046204620462,1.678363700004411
8,0.001,8,Tanh,50,0.5305280528052805,0.5105268649226818,0.5305280528052805,1.004084200001671
8,0.001,8,Tanh,100,0.5305280528052805,0.5105268649226818,0.5305280528052805,1.084863600000972
8,0.001,8,Tanh,300,0.5305280528052805,0.5105268649226818,0.5305280528052805,0.9387207999970997
8,0.001,8,Tanh,500,0.5305280528052805,0.5105268649226818,0.5305280528052805,0.9996840999956476
8,0.001,8,Tanh,1000,0.5305280528052805,0.5105268649226818,0.5305280528052805,0.9889470000052825
8,0.001,8,Sigmoid,50,0.509075907590759,0.47816044210984865,0.509075907590759,1.0619588999979896
8,0.001,8,Sigmoid,100,0.509075907590759,0.47816044210984865,0.509075907590759,1.0007626000005985
8,0.001,8,Sigmoid,300,0.509075907590759,0.47816044210984865,0.509075907590759,1.1340706999908434
8,0.001,8,Sigmoid,500,0.509075907590759,0.47816044210984865,0.509075907590759,0.9973849999951199
8,0.001,8,Sigmoid,1000,0.509075907590759,0.47816044210984865,0.509075907590759,0.9809542000002693
8,0.001,8,GELU,50,0.5462046204620462,0.5257001366120219,0.5462046204620462,1.5578825999982655
8,0.001,8,GELU,100,0.5462046204620462,0.5257001366120219,0.5462046204620462,1.709741300001042
8,0.001,8,GELU,300,0.5462046204620462,0.5257001366120219,0.5462046204620462,1.7040056999976514
8,0.001,8,GELU,500,0.5462046204620462,0.5257001366120219,0.5462046204620462,1.7378517000033753
8,0.001,8,GELU,1000,0.5462046204620462,0.5257001366120219,0.5462046204620462,1.7022452999954112
8,0.001,8,Softmax,50,0.5462046204620462,0.5257001366120219,0.5462046204620462,1.5042050999909407
8,0.001,8,Softmax,100,0.5462046204620462,0.5257001366120219,0.5462046204620462,1.7795384000055492
8,0.001,8,Softmax,300,0.5462046204620462,0.5257001366120219,0.5462046204620462,1.7695097999967402
8,0.001,8,Softmax,500,0.5462046204620462,0.5257001366120219,0.5462046204620462,1.7350053999980446
8,0.001,8,Softmax,1000,0.5462046204620462,0.5257001366120219,0.5462046204620462,1.7604205999959959
8,0.001,16,ReLU,50,0.528052805280528,0.4818267434038419,0.528052805280528,0.7703940000064904
8,0.001,16,ReLU,100,0.528052805280528,0.4818267434038419,0.528052805280528,0.8798078000108944
8,0.001,16,ReLU,300,0.528052805280528,0.4818267434038419,0.528052805280528,0.8650450999994064
8,0.001,16,ReLU,500,0.528052805280528,0.4818267434038419,0.528052805280528,0.8864059999905294
8,0.001,16,ReLU,1000,0.528052805280528,0.4818267434038419,0.528052805280528,0.8979516999970656
8,0.001,16,Tanh,50,0.5561056105610561,0.5449218477377857,0.5561056105610561,0.749544699996477
8,0.001,16,Tanh,100,0.5561056105610561,0.5449218477377857,0.5561056105610561,0.750312699994538
8,0.001,16,Tanh,300,0.5561056105610561,0.5449218477377857,0.5561056105610561,0.7252001000015298
8,0.001,16,Tanh,500,0.5561056105610561,0.5449218477377857,0.5561056105610561,0.781867699988652
8,0.001,16,Tanh,1000,0.5561056105610561,0.5449218477377857,0.5561056105610561,0.7590745000052266
8,0.001,16,Sigmoid,50,0.528052805280528,0.5246863301657823,0.528052805280528,0.5503668000019388
8,0.001,16,Sigmoid,100,0.528052805280528,0.5246863301657823,0.528052805280528,0.4965548000036506
8,0.001,16,Sigmoid,300,0.528052805280528,0.5246863301657823,0.528052805280528,0.5493456999975024
8,0.001,16,Sigmoid,500,0.528052805280528,0.5246863301657823,0.528052805280528,0.5597431999922264
8,0.001,16,Sigmoid,1000,0.528052805280528,0.5246863301657823,0.528052805280528,0.5824425999890082
8,0.001,16,GELU,50,0.528052805280528,0.4818267434038419,0.528052805280528,0.8214972999994643
8,0.001,16,GELU,100,0.528052805280528,0.4818267434038419,0.528052805280528,0.9495062000059988
8,0.001,16,GELU,300,0.528052805280528,0.4818267434038419,0.528052805280528,0.9015385000093374
8,0.001,16,GELU,500,0.528052805280528,0.4818267434038419,0.528052805280528,0.9012426999979652
8,0.001,16,GELU,1000,0.528052805280528,0.4818267434038419,0.528052805280528,0.9171307000069646
8,0.001,16,Softmax,50,0.528052805280528,0.4818267434038419,0.528052805280528,0.727270999996108
8,0.001,16,Softmax,100,0.528052805280528,0.4818267434038419,0.528052805280528,0.8862122999998974
8,0.001,16,Softmax,300,0.528052805280528,0.4818267434038419,0.528052805280528,0.8855127000133507
8,0.001,16,Softmax,500,0.528052805280528,0.4818267434038419,0.528052805280528,0.9353063000016846
8,0.001,16,Softmax,1000,0.528052805280528,0.4818267434038419,0.528052805280528,0.7971107000048505
8,0.001,32,ReLU,50,0.5379537953795379,0.5270533932413901,0.5379537953795379,0.44536059998790734
8,0.001,32,ReLU,100,0.5379537953795379,0.5270533932413901,0.5379537953795379,0.4780127999983961
8,0.001,32,ReLU,300,0.5379537953795379,0.5270533932413901,0.5379537953795379,0.49714449999737553
8,0.001,32,ReLU,500,0.5379537953795379,0.5270533932413901,0.5379537953795379,0.47405379998963326
8,0.001,32,ReLU,1000,0.5379537953795379,0.5270533932413901,0.5379537953795379,0.48681349999969825
8,0.001,32,Tanh,50,0.5420792079207921,0.5332169833906408,0.5420792079207921,0.3192605999938678
8,0.001,32,Tanh,100,0.5420792079207921,0.5332169833906408,0.5420792079207921,0.3417300000000978
8,0.001,32,Tanh,300,0.5420792079207921,0.5332169833906408,0.5420792079207921,0.31786470000224654
8,0.001,32,Tanh,500,0.5420792079207921,0.5332169833906408,0.5420792079207921,0.3090738000028068
8,0.001,32,Tanh,1000,0.5420792079207921,0.5332169833906408,0.5420792079207921,0.3183281999954488
8,0.001,32,Sigmoid,50,0.5297029702970297,0.5281289360155843,0.5297029702970297,0.37084029999095947
8,0.001,32,Sigmoid,100,0.5297029702970297,0.5281289360155843,0.5297029702970297,0.32898049999494106
8,0.001,32,Sigmoid,300,0.5297029702970297,0.5281289360155843,0.5297029702970297,0.31828870000026654
8,0.001,32,Sigmoid,500,0.5297029702970297,0.5281289360155843,0.5297029702970297,0.33105439999781083
8,0.001,32,Sigmoid,1000,0.5297029702970297,0.5281289360155843,0.5297029702970297,0.36134589998982847
8,0.001,32,GELU,50,0.5379537953795379,0.5270533932413901,0.5379537953795379,0.46547779999673367
8,0.001,32,GELU,100,0.5379537953795379,0.5270533932413901,0.5379537953795379,0.504879100000835
8,0.001,32,GELU,300,0.5379537953795379,0.5270533932413901,0.5379537953795379,0.5506788999919081
8,0.001,32,GELU,500,0.5379537953795379,0.5270533932413901,0.5379537953795379,0.5685443000111263
8,0.001,32,GELU,1000,0.5379537953795379,0.5270533932413901,0.5379537953795379,0.5300264000106836
8,0.001,32,Softmax,50,0.5379537953795379,0.5270533932413901,0.5379537953795379,0.4874950999947032
8,0.001,32,Softmax,100,0.5379537953795379,0.5270533932413901,0.5379537953795379,0.5617984999989858
8,0.001,32,Softmax,300,0.5379537953795379,0.5270533932413901,0.5379537953795379,0.48100369999883696
8,0.001,32,Softmax,500,0.5379537953795379,0.5270533932413901,0.5379537953795379,0.4898506999888923
8,0.001,32,Softmax,1000,0.5379537953795379,0.5270533932413901,0.5379537953795379,0.4986388000106672
8,0.001,64,ReLU,50,0.5165016501650165,0.49317797771282423,0.5165016501650165,0.2548669000098016
8,0.001,64,ReLU,100,0.5165016501650165,0.49317797771282423,0.5165016501650165,0.2646285000082571
8,0.001,64,ReLU,300,0.5165016501650165,0.49317797771282423,0.5165016501650165,0.2952745000075083
8,0.001,64,ReLU,500,0.5165016501650165,0.49317797771282423,0.5165016501650165,0.266798500000732
8,0.001,64,ReLU,1000,0.5165016501650165,0.49317797771282423,0.5165016501650165,0.2671771000023
8,0.001,64,Tanh,50,0.5445544554455446,0.536680563442707,0.5445544554455446,0.21395590000611264
8,0.001,64,Tanh,100,0.5445544554455446,0.536680563442707,0.5445544554455446,0.20329369998944458
8,0.001,64,Tanh,300,0.5445544554455446,0.536680563442707,0.5445544554455446,0.20434999999997672
8,0.001,64,Tanh,500,0.5445544554455446,0.536680563442707,0.5445544554455446,0.24351729999762028
8,0.001,64,Tanh,1000,0.5445544554455446,0.536680563442707,0.5445544554455446,0.21319739999307785
8,0.001,64,Sigmoid,50,0.5198019801980198,0.47772854892019,0.5198019801980198,0.25414349998754915
8,0.001,64,Sigmoid,100,0.5198019801980198,0.47772854892019,0.5198019801980198,0.2430222999973921
8,0.001,64,Sigmoid,300,0.5198019801980198,0.47772854892019,0.5198019801980198,0.23535869999614079
8,0.001,64,Sigmoid,500,0.5198019801980198,0.47772854892019,0.5198019801980198,0.25424710000515915
8,0.001,64,Sigmoid,1000,0.5198019801980198,0.47772854892019,0.5198019801980198,0.26565319999645
8,0.001,64,GELU,50,0.5165016501650165,0.49317797771282423,0.5165016501650165,0.245516700000735
8,0.001,64,GELU,100,0.5165016501650165,0.49317797771282423,0.5165016501650165,0.2850259999977425
8,0.001,64,GELU,300,0.5165016501650165,0.49317797771282423,0.5165016501650165,0.28434730001026765
8,0.001,64,GELU,500,0.5165016501650165,0.49317797771282423,0.5165016501650165,0.26451629999792203
8,0.001,64,GELU,1000,0.5165016501650165,0.49317797771282423,0.5165016501650165,0.29813900000590365
8,0.001,64,Softmax,50,0.5165016501650165,0.49317797771282423,0.5165016501650165,0.2776897000003373
8,0.001,64,Softmax,100,0.5165016501650165,0.49317797771282423,0.5165016501650165,0.2742199000058463
8,0.001,64,Softmax,300,0.5165016501650165,0.49317797771282423,0.5165016501650165,0.30576030000520404
8,0.001,64,Softmax,500,0.5165016501650165,0.49317797771282423,0.5165016501650165,0.2987825000018347
8,0.001,64,Softmax,1000,0.5165016501650165,0.49317797771282423,0.5165016501650165,0.2872812999994494
8,0.001,128,ReLU,50,0.5024752475247525,0.4580518859354782,0.5024752475247525,0.20259570000052918
8,0.001,128,ReLU,100,0.5024752475247525,0.4580518859354782,0.5024752475247525,0.21156930000870489
8,0.001,128,ReLU,300,0.5024752475247525,0.4580518859354782,0.5024752475247525,0.22549519999301992
8,0.001,128,ReLU,500,0.5024752475247525,0.4580518859354782,0.5024752475247525,0.1938977999961935
8,0.001,128,ReLU,1000,0.5024752475247525,0.4580518859354782,0.5024752475247525,0.22366560000227764
8,0.001,128,Tanh,50,0.5346534653465347,0.5132765795042536,0.5346534653465347,0.160281100004795
8,0.001,128,Tanh,100,0.5346534653465347,0.5132765795042536,0.5346534653465347,0.175046200005454
8,0.001,128,Tanh,300,0.5346534653465347,0.5132765795042536,0.5346534653465347,0.15054370000143535
8,0.001,128,Tanh,500,0.5346534653465347,0.5132765795042536,0.5346534653465347,0.17217320000054315
8,0.001,128,Tanh,1000,0.5346534653465347,0.5132765795042536,0.5346534653465347,0.161197200010065
8,0.001,128,Sigmoid,50,0.5074257425742574,0.4029482752218633,0.5074257425742574,0.16265879999264143
8,0.001,128,Sigmoid,100,0.5074257425742574,0.4029482752218633,0.5074257425742574,0.15055399999255314
8,0.001,128,Sigmoid,300,0.5074257425742574,0.4029482752218633,0.5074257425742574,0.17249600001377985
8,0.001,128,Sigmoid,500,0.5074257425742574,0.4029482752218633,0.5074257425742574,0.18212749999656808
8,0.001,128,Sigmoid,1000,0.5074257425742574,0.4029482752218633,0.5074257425742574,0.152534699998796
8,0.001,128,GELU,50,0.5024752475247525,0.4580518859354782,0.5024752475247525,0.1929099000117276
8,0.001,128,GELU,100,0.5024752475247525,0.4580518859354782,0.5024752475247525,0.23536869999952614
8,0.001,128,GELU,300,0.5024752475247525,0.4580518859354782,0.5024752475247525,0.24509840000246186
8,0.001,128,GELU,500,0.5024752475247525,0.4580518859354782,0.5024752475247525,0.2586418999999296
8,0.001,128,GELU,1000,0.5024752475247525,0.4580518859354782,0.5024752475247525,0.20189440000103787
8,0.001,128,Softmax,50,0.5024752475247525,0.4580518859354782,0.5024752475247525,0.18273279999266379
8,0.001,128,Softmax,100,0.5024752475247525,0.4580518859354782,0.5024752475247525,0.2251226999942446
8,0.001,128,Softmax,300,0.5024752475247525,0.4580518859354782,0.5024752475247525,0.21228680000058375
8,0.001,128,Softmax,500,0.5024752475247525,0.4580518859354782,0.5024752475247525,0.19375619999482296
8,0.001,128,Softmax,1000,0.5024752475247525,0.4580518859354782,0.5024752475247525,0.23431759999948554
8,0.0001,8,ReLU,50,0.5074257425742574,0.4881840026200398,0.5074257425742574,1.2654264000011608
8,0.0001,8,ReLU,100,0.5074257425742574,0.4881840026200398,0.5074257425742574,1.153223599991179
8,0.0001,8,ReLU,300,0.5074257425742574,0.4881840026200398,0.5074257425742574,1.2431473000033293
8,0.0001,8,ReLU,500,0.5074257425742574,0.4881840026200398,0.5074257425742574,1.180739800009178
8,0.0001,8,ReLU,1000,0.5074257425742574,0.4881840026200398,0.5074257425742574,1.0954224000015529
8,0.0001,8,Tanh,50,0.5462046204620462,0.520231463488362,0.5462046204620462,1.0047445999953197
8,0.0001,8,Tanh,100,0.5462046204620462,0.520231463488362,0.5462046204620462,0.9778472999896621
8,0.0001,8,Tanh,300,0.5462046204620462,0.520231463488362,0.5462046204620462,0.9891035999899032
8,0.0001,8,Tanh,500,0.5462046204620462,0.520231463488362,0.5462046204620462,1.0435084000055213
8,0.0001,8,Tanh,1000,0.5462046204620462,0.520231463488362,0.5462046204620462,0.9924553000018932
8,0.0001,8,Sigmoid,50,0.49504950495049505,0.3579886163774599,0.49504950495049505,0.8238257999910275
8,0.0001,8,Sigmoid,100,0.49504950495049505,0.3579886163774599,0.49504950495049505,0.8416352999920491
8,0.0001,8,Sigmoid,300,0.49504950495049505,0.3579886163774599,0.49504950495049505,0.8881879999971716
8,0.0001,8,Sigmoid,500,0.49504950495049505,0.3579886163774599,0.49504950495049505,0.8133877999935066
8,0.0001,8,Sigmoid,1000,0.49504950495049505,0.3579886163774599,0.49504950495049505,0.8340000000025611
8,0.0001,8,GELU,50,0.5074257425742574,0.4881840026200398,0.5074257425742574,1.1991558000008808
8,0.0001,8,GELU,100,0.5074257425742574,0.4881840026200398,0.5074257425742574,1.187304099992616
8,0.0001,8,GELU,300,0.5074257425742574,0.4881840026200398,0.5074257425742574,1.2412649000034435
8,0.0001,8,GELU,500,0.5074257425742574,0.4881840026200398,0.5074257425742574,1.0955862999981036
8,0.0001,8,GELU,1000,0.5074257425742574,0.4881840026200398,0.5074257425742574,1.186038500003633
8,0.0001,8,Softmax,50,0.5074257425742574,0.4881840026200398,0.5074257425742574,1.19166199999745
8,0.0001,8,Softmax,100,0.5074257425742574,0.4881840026200398,0.5074257425742574,1.106523800001014
8,0.0001,8,Softmax,300,0.5074257425742574,0.4881840026200398,0.5074257425742574,1.1258592000085628
8,0.0001,8,Softmax,500,0.5074257425742574,0.4881840026200398,0.5074257425742574,1.2331984999909764
8,0.0001,8,Softmax,1000,0.5074257425742574,0.4881840026200398,0.5074257425742574,1.1357396999956109
8,0.0001,16,ReLU,50,0.4892739273927392,0.4816486853423706,0.4892739273927393,0.6157570000068517
8,0.0001,16,ReLU,100,0.4892739273927392,0.4816486853423706,0.4892739273927393,0.5948465999972541
8,0.0001,16,ReLU,300,0.4892739273927392,0.4816486853423706,0.4892739273927393,0.5719493000069633
8,0.0001,16,ReLU,500,0.4892739273927392,0.4816486853423706,0.4892739273927393,0.5625116000010166
8,0.0001,16,ReLU,1000,0.4892739273927392,0.4816486853423706,0.4892739273927393,0.593635400000494
8,0.0001,16,Tanh,50,0.5305280528052805,0.50263923696879,0.5305280528052805,0.6335603999905288
8,0.0001,16,Tanh,100,0.5305280528052805,0.50263923696879,0.5305280528052805,0.6684034000063548
8,0.0001,16,Tanh,300,0.5305280528052805,0.50263923696879,0.5305280528052805,0.6369919999997364
8,0.0001,16,Tanh,500,0.5305280528052805,0.50263923696879,0.5305280528052805,0.7527762999961851
8,0.0001,16,Tanh,1000,0.5305280528052805,0.50263923696879,0.5305280528052805,0.7095741999946767
8,0.0001,16,Sigmoid,50,0.4892739273927393,0.339596748282373,0.4892739273927393,0.5074724000005517
8,0.0001,16,Sigmoid,100,0.4892739273927393,0.339596748282373,0.4892739273927393,0.5408043000061298
8,0.0001,16,Sigmoid,300,0.4892739273927393,0.339596748282373,0.4892739273927393,0.539197799997055
8,0.0001,16,Sigmoid,500,0.4892739273927393,0.339596748282373,0.4892739273927393,0.5353098000050522
8,0.0001,16,Sigmoid,1000,0.4892739273927393,0.339596748282373,0.4892739273927393,0.4865992999984883
8,0.0001,16,GELU,50,0.4892739273927392,0.4816486853423706,0.4892739273927393,0.6427703000081237
8,0.0001,16,GELU,100,0.4892739273927392,0.4816486853423706,0.4892739273927393,0.6448035000066739
8,0.0001,16,GELU,300,0.4892739273927392,0.4816486853423706,0.4892739273927393,0.6030427000077907
8,0.0001,16,GELU,500,0.4892739273927392,0.4816486853423706,0.4892739273927393,0.6413332999945851
8,0.0001,16,GELU,1000,0.4892739273927392,0.4816486853423706,0.4892739273927393,0.6464198000030592
8,0.0001,16,Softmax,50,0.4892739273927392,0.4816486853423706,0.4892739273927393,0.6044618000014452
8,0.0001,16,Softmax,100,0.4892739273927392,0.4816486853423706,0.4892739273927393,0.6013967000035336
8,0.0001,16,Softmax,300,0.4892739273927392,0.4816486853423706,0.4892739273927393,0.5511379999952624
8,0.0001,16,Softmax,500,0.4892739273927392,0.4816486853423706,0.4892739273927393,0.6675762999948347
8,0.0001,16,Softmax,1000,0.4892739273927392,0.4816486853423706,0.4892739273927393,0.6230408999981591
8,0.0001,32,ReLU,50,0.466996699669967,0.45892857142857146,0.466996699669967,0.3707919000007678
8,0.0001,32,ReLU,100,0.466996699669967,0.45892857142857146,0.466996699669967,0.5466763000003994
8,0.0001,32,ReLU,300,0.466996699669967,0.45892857142857146,0.466996699669967,0.5596307999949204
8,0.0001,32,ReLU,500,0.466996699669967,0.45892857142857146,0.466996699669967,0.5522134000057122
8,0.0001,32,ReLU,1000,0.466996699669967,0.45892857142857146,0.466996699669967,0.5232478999969317
8,0.0001,32,Tanh,50,0.5396039603960396,0.5259080215463214,0.5396039603960396,0.5921972000069218
8,0.0001,32,Tanh,100,0.5379537953795379,0.524482109227872,0.5379537953795379,0.6565833999920869
8,0.0001,32,Tanh,300,0.5379537953795379,0.524482109227872,0.5379537953795379,0.695506199990632
8,0.0001,32,Tanh,500,0.5379537953795379,0.524482109227872,0.5379537953795379,0.7458160999958636
8,0.0001,32,Tanh,1000,0.5379537953795379,0.524482109227872,0.5379537953795379,0.8293661000061547
8,0.0001,32,Sigmoid,50,0.4900990099009901,0.33728300684822426,0.4900990099009901,1.0658536999981152
8,0.0001,32,Sigmoid,100,0.4900990099009901,0.33728300684822426,0.4900990099009901,0.7579279999918072
8,0.0001,32,Sigmoid,300,0.4900990099009901,0.33728300684822426,0.4900990099009901,0.5085009000031278
8,0.0001,32,Sigmoid,500,0.4900990099009901,0.33728300684822426,0.4900990099009901,0.4557109000015771
8,0.0001,32,Sigmoid,1000,0.4900990099009901,0.33728300684822426,0.4900990099009901,0.45464159999391995
8,0.0001,32,GELU,50,0.466996699669967,0.45892857142857146,0.466996699669967,0.5760560999915469
8,0.0001,32,GELU,100,0.466996699669967,0.45892857142857146,0.466996699669967,0.543223400003626
8,0.0001,32,GELU,300,0.466996699669967,0.45892857142857146,0.466996699669967,0.585153399995761
8,0.0001,32,GELU,500,0.466996699669967,0.45892857142857146,0.466996699669967,0.5191115000052378
8,0.0001,32,GELU,1000,0.466996699669967,0.45892857142857146,0.466996699669967,0.5263023000006797
8,0.0001,32,Softmax,50,0.466996699669967,0.45892857142857146,0.466996699669967,0.5221433999977307
8,0.0001,32,Softmax,100,0.466996699669967,0.45892857142857146,0.466996699669967,0.5051990999927511
8,0.0001,32,Softmax,300,0.466996699669967,0.45892857142857146,0.466996699669967,0.5497870999970473
8,0.0001,32,Softmax,500,0.466996699669967,0.45892857142857146,0.466996699669967,0.49972690000140574
8,0.0001,32,Softmax,1000,0.466996699669967,0.45892857142857146,0.466996699669967,0.5739671999908751
8,0.0001,64,ReLU,50,0.4661716171617162,0.46597930421577005,0.4661716171617162,0.36605369999597315
8,0.0001,64,ReLU,100,0.4661716171617162,0.46597930421577005,0.4661716171617162,0.3445962999976473
8,0.0001,64,ReLU,300,0.4661716171617162,0.46597930421577005,0.4661716171617162,0.32181380000838544
8,0.0001,64,ReLU,500,0.4661716171617162,0.46597930421577005,0.4661716171617162,0.29989300000306685
8,0.0001,64,ReLU,1000,0.4661716171617162,0.46597930421577005,0.4661716171617162,0.3034187000012025
8,0.0001,64,Tanh,50,0.5247524752475248,0.49915486975811196,0.5247524752475248,0.3116998000041349
8,0.0001,64,Tanh,100,0.5247524752475248,0.49915486975811196,0.5247524752475248,0.33060040000418667
8,0.0001,64,Tanh,300,0.5247524752475248,0.49915486975811196,0.5247524752475248,0.34209330000157934
8,0.0001,64,Tanh,500,0.5247524752475248,0.49915486975811196,0.5247524752475248,0.3139692999975523
8,0.0001,64,Tanh,1000,0.5247524752475248,0.49915486975811196,0.5247524752475248,0.33624560000316706
8,0.0001,64,Sigmoid,50,0.49422442244224424,0.33362333945335937,0.49422442244224424,0.22543240000959486
8,0.0001,64,Sigmoid,100,0.49422442244224424,0.33362333945335937,0.49422442244224424,0.229303300002357
8,0.0001,64,Sigmoid,300,0.49422442244224424,0.33362333945335937,0.49422442244224424,0.2294638000021223
8,0.0001,64,Sigmoid,500,0.49422442244224424,0.33362333945335937,0.49422442244224424,0.2277094000019133
8,0.0001,64,Sigmoid,1000,0.49422442244224424,0.33362333945335937,0.49422442244224424,0.22718790000362787
8,0.0001,64,GELU,50,0.4661716171617162,0.46597930421577005,0.4661716171617162,0.3123601000115741
8,0.0001,64,GELU,100,0.4661716171617162,0.46597930421577005,0.4661716171617162,0.29152610000164714
8,0.0001,64,GELU,300,0.4661716171617162,0.46597930421577005,0.4661716171617162,0.32350460000452586
8,0.0001,64,GELU,500,0.4661716171617162,0.46597930421577005,0.4661716171617162,0.305013000004692
8,0.0001,64,GELU,1000,0.4661716171617162,0.46597930421577005,0.4661716171617162,0.3101256999943871
8,0.0001,64,Softmax,50,0.4661716171617162,0.46597930421577005,0.4661716171617162,0.31209939999098424
8,0.0001,64,Softmax,100,0.4661716171617162,0.46597930421577005,0.4661716171617162,0.2998189000063576
8,0.0001,64,Softmax,300,0.4661716171617162,0.46597930421577005,0.4661716171617162,0.32360329999937676
8,0.0001,64,Softmax,500,0.4661716171617162,0.46597930421577005,0.4661716171617162,0.33669989999907557
8,0.0001,64,Softmax,1000,0.4661716171617162,0.46597930421577005,0.4661716171617162,0.31521040000370704
8,0.0001,128,ReLU,50,0.4612211221122112,0.4515430453984448,0.4612211221122112,0.19930560000648256
8,0.0001,128,ReLU,100,0.4612211221122112,0.4515430453984448,0.4612211221122112,0.2178334000054747
8,0.0001,128,ReLU,300,0.4612211221122112,0.4515430453984448,0.4612211221122112,0.20967389999714214
8,0.0001,128,ReLU,500,0.4612211221122112,0.4515430453984448,0.4612211221122112,0.23697830000310205
8,0.0001,128,ReLU,1000,0.4612211221122112,0.4515430453984448,0.4612211221122112,0.18774809999740683
8,0.0001,128,Tanh,50,0.49834983498349833,0.4785798387827189,0.49834983498349833,0.1981035999924643
8,0.0001,128,Tanh,100,0.49834983498349833,0.4785798387827189,0.49834983498349833,0.19417430000612512
8,0.0001,128,Tanh,300,0.49834983498349833,0.4785798387827189,0.49834983498349833,0.21482290000130888
8,0.0001,128,Tanh,500,0.49834983498349833,0.4785798387827189,0.49834983498349833,0.20467789999383967
8,0.0001,128,Tanh,1000,0.49834983498349833,0.4785798387827189,0.49834983498349833,0.23227079999924172
8,0.0001,128,Sigmoid,50,0.49834983498349833,0.33259911894273125,0.49834983498349833,0.1629347999987658
8,0.0001,128,Sigmoid,100,0.49834983498349833,0.33259911894273125,0.49834983498349833,0.16307160000724252
8,0.0001,128,Sigmoid,300,0.49834983498349833,0.33259911894273125,0.49834983498349833,0.16335740000067744
8,0.0001,128,Sigmoid,500,0.49834983498349833,0.33259911894273125,0.49834983498349833,0.1560338999988744
8,0.0001,128,Sigmoid,1000,0.49834983498349833,0.33259911894273125,0.49834983498349833,0.1689023999933852
8,0.0001,128,GELU,50,0.4612211221122112,0.4515430453984448,0.4612211221122112,0.2063644000008935
8,0.0001,128,GELU,100,0.4612211221122112,0.4515430453984448,0.4612211221122112,0.18815110001014546
8,0.0001,128,GELU,300,0.4612211221122112,0.4515430453984448,0.4612211221122112,0.19585829999414273
8,0.0001,128,GELU,500,0.4612211221122112,0.4515430453984448,0.4612211221122112,0.21112110000103712
8,0.0001,128,GELU,1000,0.4612211221122112,0.4515430453984448,0.4612211221122112,0.17348389999824576
8,0.0001,128,Softmax,50,0.4612211221122112,0.4515430453984448,0.4612211221122112,0.1844724000111455
8,0.0001,128,Softmax,100,0.4612211221122112,0.4515430453984448,0.4612211221122112,0.20136929998989217
8,0.0001,128,Softmax,300,0.4612211221122112,0.4515430453984448,0.4612211221122112,0.18533919999026693
8,0.0001,128,Softmax,500,0.4612211221122112,0.4515430453984448,0.4612211221122112,0.20457990000431892
8,0.0001,128,Softmax,1000,0.4612211221122112,0.4515430453984448,0.4612211221122112,0.18847470000036992
8,0.00025,8,ReLU,50,0.514026402640264,0.5094550439613676,0.514026402640264,2.015179999987595
8,0.00025,8,ReLU,100,0.5198019801980198,0.5148865934005474,0.5198019801980198,2.7527548000070965
8,0.00025,8,ReLU,300,0.5198019801980198,0.5148865934005474,0.5198019801980198,3.0587969000043813
8,0.00025,8,ReLU,500,0.5198019801980198,0.5148865934005474,0.5198019801980198,2.648271099998965
8,0.00025,8,ReLU,1000,0.5198019801980198,0.5148865934005474,0.5198019801980198,2.7176164999982575
8,0.00025,8,Tanh,50,0.5684818481848184,0.5555162874843541,0.5684818481848185,1.9266419000050519
8,0.00025,8,Tanh,100,0.5684818481848184,0.5555162874843541,0.5684818481848185,1.8661920000013197
8,0.00025,8,Tanh,300,0.5684818481848184,0.5555162874843541,0.5684818481848185,1.9344338000082644
8,0.00025,8,Tanh,500,0.5684818481848184,0.5555162874843541,0.5684818481848185,1.88089790000231
8,0.00025,8,Tanh,1000,0.5684818481848184,0.5555162874843541,0.5684818481848185,1.9147434999904362
8,0.00025,8,Sigmoid,50,0.528052805280528,0.5002234801189203,0.528052805280528,2.076122500002384
8,0.00025,8,Sigmoid,100,0.528052805280528,0.5002234801189203,0.528052805280528,1.953838800007361
8,0.00025,8,Sigmoid,300,0.528052805280528,0.5002234801189203,0.528052805280528,1.9885075000056531
8,0.00025,8,Sigmoid,500,0.528052805280528,0.5002234801189203,0.528052805280528,2.0727174000057857
8,0.00025,8,Sigmoid,1000,0.528052805280528,0.5002234801189203,0.528052805280528,1.973766399998567
8,0.00025,8,GELU,50,0.514026402640264,0.5094550439613676,0.514026402640264,2.061156800002209
8,0.00025,8,GELU,100,0.5198019801980198,0.5148865934005474,0.5198019801980198,2.602002599989646
8,0.00025,8,GELU,300,0.5198019801980198,0.5148865934005474,0.5198019801980198,2.5894743999961065
8,0.00025,8,GELU,500,0.5198019801980198,0.5148865934005474,0.5198019801980198,2.67294089999632
8,0.00025,8,GELU,1000,0.5198019801980198,0.5148865934005474,0.5198019801980198,2.7925440999970306
8,0.00025,8,Softmax,50,0.514026402640264,0.5094550439613676,0.514026402640264,2.0214057999983197
8,0.00025,8,Softmax,100,0.5198019801980198,0.5148865934005474,0.5198019801980198,2.6918742999987444
8,0.00025,8,Softmax,300,0.5198019801980198,0.5148865934005474,0.5198019801980198,2.558809199996176
8,0.00025,8,Softmax,500,0.5198019801980198,0.5148865934005474,0.5198019801980198,2.575166300011915
8,0.00025,8,Softmax,1000,0.5198019801980198,0.5148865934005474,0.5198019801980198,2.667300500004785
8,0.00025,16,ReLU,50,0.5057755775577558,0.4923640075936887,0.5057755775577558,1.1935709999961546
8,0.00025,16,ReLU,100,0.5057755775577558,0.4923640075936887,0.5057755775577558,1.0898849000077462
8,0.00025,16,ReLU,300,0.5057755775577558,0.4923640075936887,0.5057755775577558,1.1682779000111623
8,0.00025,16,ReLU,500,0.5057755775577558,0.4923640075936887,0.5057755775577558,1.2192363000067417
8,0.00025,16,ReLU,1000,0.5057755775577558,0.4923640075936887,0.5057755775577558,1.150512099993648
8,0.00025,16,Tanh,50,0.5528052805280528,0.5329327011953551,0.5528052805280528,1.0350461999914842
8,0.00025,16,Tanh,100,0.5528052805280528,0.5329327011953551,0.5528052805280528,1.0188690000068163
8,0.00025,16,Tanh,300,0.5528052805280528,0.5329327011953551,0.5528052805280528,1.0142800000030547
8,0.00025,16,Tanh,500,0.5528052805280528,0.5329327011953551,0.5528052805280528,0.9987700000056066
8,0.00025,16,Tanh,1000,0.5528052805280528,0.5329327011953551,0.5528052805280528,1.0053762000025017
8,0.00025,16,Sigmoid,50,0.5033003300330033,0.40044373592781896,0.5033003300330033,1.0614656999969156
8,0.00025,16,Sigmoid,100,0.5033003300330033,0.40044373592781896,0.5033003300330033,0.9943142999982229
8,0.00025,16,Sigmoid,300,0.5033003300330033,0.40044373592781896,0.5033003300330033,0.9713925999967614
8,0.00025,16,Sigmoid,500,0.5033003300330033,0.40044373592781896,0.5033003300330033,0.9512499999982538
8,0.00025,16,Sigmoid,1000,0.5033003300330033,0.40044373592781896,0.5033003300330033,0.9212121000018669
8,0.00025,16,GELU,50,0.5057755775577558,0.4923640075936887,0.5057755775577558,1.151288699998986
8,0.00025,16,GELU,100,0.5057755775577558,0.4923640075936887,0.5057755775577558,1.0845512999949278
8,0.00025,16,GELU,300,0.5057755775577558,0.4923640075936887,0.5057755775577558,1.1757064999983413
8,0.00025,16,GELU,500,0.5057755775577558,0.4923640075936887,0.5057755775577558,1.039118700005929
8,0.00025,16,GELU,1000,0.5057755775577558,0.4923640075936887,0.5057755775577558,0.9000125000020489
8,0.00025,16,Softmax,50,0.5057755775577558,0.4923640075936887,0.5057755775577558,0.8349926999944728
8,0.00025,16,Softmax,100,0.5057755775577558,0.4923640075936887,0.5057755775577558,0.8114381999912439
8,0.00025,16,Softmax,300,0.5057755775577558,0.4923640075936887,0.5057755775577558,0.8032071000052383
8,0.00025,16,Softmax,500,0.5057755775577558,0.4923640075936887,0.5057755775577558,0.7806463000015356
8,0.00025,16,Softmax,1000,0.5057755775577558,0.4923640075936887,0.5057755775577558,0.7455746000050567
8,0.00025,32,ReLU,50,0.5082508250825082,0.48452913774205336,0.5082508250825083,0.4556190000002971
8,0.00025,32,ReLU,100,0.5082508250825082,0.48452913774205336,0.5082508250825083,0.5175445000058971
8,0.00025,32,ReLU,300,0.5082508250825082,0.48452913774205336,0.5082508250825083,0.5702201000094647
8,0.00025,32,ReLU,500,0.5082508250825082,0.48452913774205336,0.5082508250825083,0.5191529000003356
8,0.00025,32,ReLU,1000,0.5082508250825082,0.48452913774205336,0.5082508250825083,0.4988541999919107
8,0.00025,32,Tanh,50,0.5470297029702971,0.5176750561599022,0.5470297029702971,0.4128453999874182
8,0.00025,32,Tanh,100,0.5470297029702971,0.5176750561599022,0.5470297029702971,0.4871058999997331
8,0.00025,32,Tanh,300,0.5470297029702971,0.5176750561599022,0.5470297029702971,0.4363574000017252
8,0.00025,32,Tanh,500,0.5470297029702971,0.5176750561599022,0.5470297029702971,0.4409994000016013
8,0.00025,32,Tanh,1000,0.5470297029702971,0.5176750561599022,0.5470297029702971,0.42557310000120196
8,0.00025,32,Sigmoid,50,0.4975247524752475,0.37592276779184236,0.4975247524752475,0.33917639999708626
8,0.00025,32,Sigmoid,100,0.4975247524752475,0.37592276779184236,0.4975247524752475,0.35150039999280125
8,0.00025,32,Sigmoid,300,0.4975247524752475,0.37592276779184236,0.4975247524752475,0.30824220000067726
8,0.00025,32,Sigmoid,500,0.4975247524752475,0.37592276779184236,0.4975247524752475,0.35261059999174904
8,0.00025,32,Sigmoid,1000,0.4975247524752475,0.37592276779184236,0.4975247524752475,0.3499174999888055
8,0.00025,32,GELU,50,0.5082508250825082,0.48452913774205336,0.5082508250825083,0.47622270000283606
8,0.00025,32,GELU,100,0.5082508250825082,0.48452913774205336,0.5082508250825083,0.5624771000002511
8,0.00025,32,GELU,300,0.5082508250825082,0.48452913774205336,0.5082508250825083,0.5493780999968294
8,0.00025,32,GELU,500,0.5082508250825082,0.48452913774205336,0.5082508250825083,0.5260810000036145
8,0.00025,32,GELU,1000,0.5082508250825082,0.48452913774205336,0.5082508250825083,0.5381369999959134
8,0.00025,32,Softmax,50,0.5082508250825082,0.48452913774205336,0.5082508250825083,0.4767028000060236
8,0.00025,32,Softmax,100,0.5082508250825082,0.48452913774205336,0.5082508250825083,0.5256005999981426
8,0.00025,32,Softmax,300,0.5082508250825082,0.48452913774205336,0.5082508250825083,0.5709067999996478
8,0.00025,32,Softmax,500,0.5082508250825082,0.48452913774205336,0.5082508250825083,0.5083600999932969
8,0.00025,32,Softmax,1000,0.5082508250825082,0.48452913774205336,0.5082508250825083,0.4864997999975458
8,0.00025,64,ReLU,50,0.49834983498349833,0.4862501986965506,0.49834983498349833,0.22545050000189804
8,0.00025,64,ReLU,100,0.49834983498349833,0.4862501986965506,0.49834983498349833,0.21365350000269245
8,0.00025,64,ReLU,300,0.49834983498349833,0.4862501986965506,0.49834983498349833,0.23450629999570083
8,0.00025,64,ReLU,500,0.49834983498349833,0.4862501986965506,0.49834983498349833,0.2447299000050407
8,0.00025,64,ReLU,1000,0.49834983498349833,0.4862501986965506,0.49834983498349833,0.2233989000087604
8,0.00025,64,Tanh,50,0.528052805280528,0.5116689911668991,0.528052805280528,0.2885242000047583
8,0.00025,64,Tanh,100,0.528052805280528,0.5116689911668991,0.528052805280528,0.28790129999106284
8,0.00025,64,Tanh,300,0.528052805280528,0.5116689911668991,0.528052805280528,0.28627499999129213
8,0.00025,64,Tanh,500,0.528052805280528,0.5116689911668991,0.528052805280528,0.2640430000028573
8,0.00025,64,Tanh,1000,0.528052805280528,0.5116689911668991,0.528052805280528,0.25730789999943227
8,0.00025,64,Sigmoid,50,0.49092409240924095,0.3403880910608863,0.4909240924092409,0.18305300000065472
8,0.00025,64,Sigmoid,100,0.49092409240924095,0.3403880910608863,0.4909240924092409,0.18345660000341013
8,0.00025,64,Sigmoid,300,0.49092409240924095,0.3403880910608863,0.4909240924092409,0.19225059999735095
8,0.00025,64,Sigmoid,500,0.49092409240924095,0.3403880910608863,0.4909240924092409,0.19346300000324845
8,0.00025,64,Sigmoid,1000,0.49092409240924095,0.3403880910608863,0.4909240924092409,0.18197809999401215
8,0.00025,64,GELU,50,0.49834983498349833,0.4862501986965506,0.49834983498349833,0.23538829998869915
8,0.00025,64,GELU,100,0.49834983498349833,0.4862501986965506,0.49834983498349833,0.2358747999969637
8,0.00025,64,GELU,300,0.49834983498349833,0.4862501986965506,0.49834983498349833,0.2448895999987144
8,0.00025,64,GELU,500,0.49834983498349833,0.4862501986965506,0.49834983498349833,0.22373749999678694
8,0.00025,64,GELU,1000,0.49834983498349833,0.4862501986965506,0.49834983498349833,0.25652339999214746
8,0.00025,64,Softmax,50,0.49834983498349833,0.4862501986965506,0.49834983498349833,0.23264130001189187
8,0.00025,64,Softmax,100,0.49834983498349833,0.4862501986965506,0.49834983498349833,0.23547189999953844
8,0.00025,64,Softmax,300,0.49834983498349833,0.4862501986965506,0.49834983498349833,0.24649439999484457
8,0.00025,64,Softmax,500,0.49834983498349833,0.4862501986965506,0.49834983498349833,0.23385969999071676
8,0.00025,64,Softmax,1000,0.49834983498349833,0.4862501986965506,0.49834983498349833,0.23604849999537691
8,0.00025,128,ReLU,50,0.48267326732673266,0.47361399440174057,0.48267326732673266,0.19313159999728668
8,0.00025,128,ReLU,100,0.48267326732673266,0.47361399440174057,0.48267326732673266,0.1732342999894172
8,0.00025,128,ReLU,300,0.48267326732673266,0.47361399440174057,0.48267326732673266,0.1718360999948345
8,0.00025,128,ReLU,500,0.48267326732673266,0.47361399440174057,0.48267326732673266,0.20288840000284836
8,0.00025,128,ReLU,1000,0.48267326732673266,0.47361399440174057,0.48267326732673266,0.18311410000023898
8,0.00025,128,Tanh,50,0.5173267326732673,0.4886536970593008,0.5173267326732673,0.17233839999244083
8,0.00025,128,Tanh,100,0.5173267326732673,0.4886536970593008,0.5173267326732673,0.180307399990852
8,0.00025,128,Tanh,300,0.5173267326732673,0.4886536970593008,0.5173267326732673,0.18306650000158697
8,0.00025,128,Tanh,500,0.5173267326732673,0.4886536970593008,0.5173267326732673,0.19441989999904763
8,0.00025,128,Tanh,1000,0.5173267326732673,0.4886536970593008,0.5173267326732673,0.19322499999543652
8,0.00025,128,Sigmoid,50,0.49339933993399343,0.34292354204339964,0.4933993399339934,0.15106579998973757
8,0.00025,128,Sigmoid,100,0.49339933993399343,0.34292354204339964,0.4933993399339934,0.1620546999911312
8,0.00025,128,Sigmoid,300,0.49339933993399343,0.34292354204339964,0.4933993399339934,0.1708130000042729
8,0.00025,128,Sigmoid,500,0.49339933993399343,0.34292354204339964,0.4933993399339934,0.15060399999492802
8,0.00025,128,Sigmoid,1000,0.49339933993399343,0.34292354204339964,0.4933993399339934,0.1499710999923991
8,0.00025,128,GELU,50,0.48267326732673266,0.47361399440174057,0.48267326732673266,0.1809102000115672
8,0.00025,128,GELU,100,0.48267326732673266,0.47361399440174057,0.48267326732673266,0.17104529999778606
8,0.00025,128,GELU,300,0.48267326732673266,0.47361399440174057,0.48267326732673266,0.18229360000987072
8,0.00025,128,GELU,500,0.48267326732673266,0.47361399440174057,0.48267326732673266,0.18427900000824593
8,0.00025,128,GELU,1000,0.48267326732673266,0.47361399440174057,0.48267326732673266,0.16197749999992084
8,0.00025,128,Softmax,50,0.48267326732673266,0.47361399440174057,0.48267326732673266,0.17413630000373814
8,0.00025,128,Softmax,100,0.48267326732673266,0.47361399440174057,0.48267326732673266,0.17142940001212992
8,0.00025,128,Softmax,300,0.48267326732673266,0.47361399440174057,0.48267326732673266,0.1817082999914419
8,0.00025,128,Softmax,500,0.48267326732673266,0.47361399440174057,0.48267326732673266,0.18229700000665616
8,0.00025,128,Softmax,1000,0.48267326732673266,0.47361399440174057,0.48267326732673266,0.19158600000082515
16,0.01,8,ReLU,50,0.5181518151815182,0.5138507693956103,0.5181518151815182,0.8864710999914678
16,0.01,8,ReLU,100,0.5181518151815182,0.5138507693956103,0.5181518151815182,0.9584452999988571
16,0.01,8,ReLU,300,0.5181518151815182,0.5138507693956103,0.5181518151815182,0.8445877000049222
16,0.01,8,ReLU,500,0.5181518151815182,0.5138507693956103,0.5181518151815182,1.046205499995267
16,0.01,8,ReLU,1000,0.5181518151815182,0.5138507693956103,0.5181518151815182,0.9720465999998851
16,0.01,8,Tanh,50,0.5222772277227723,0.5205378463598692,0.5222772277227723,1.1264316000015242
16,0.01,8,Tanh,100,0.5222772277227723,0.5205378463598692,0.5222772277227723,1.032011400006013
16,0.01,8,Tanh,300,0.5222772277227723,0.5205378463598692,0.5222772277227723,1.0561318000109168
16,0.01,8,Tanh,500,0.5222772277227723,0.5205378463598692,0.5222772277227723,1.046032500002184
16,0.01,8,Tanh,1000,0.5222772277227723,0.5205378463598692,0.5222772277227723,1.0427214999945136
16,0.01,8,Sigmoid,50,0.5156765676567656,0.506755178091689,0.5156765676567657,0.8318887999921571
16,0.01,8,Sigmoid,100,0.5156765676567656,0.506755178091689,0.5156765676567657,0.9125780000031227
16,0.01,8,Sigmoid,300,0.5156765676567656,0.506755178091689,0.5156765676567657,0.9208906999992905
16,0.01,8,Sigmoid,500,0.5156765676567656,0.506755178091689,0.5156765676567657,0.8613184999994701
16,0.01,8,Sigmoid,1000,0.5156765676567656,0.506755178091689,0.5156765676567657,0.9150872000027448
16,0.01,8,GELU,50,0.5181518151815182,0.5138507693956103,0.5181518151815182,0.8881560000008903
16,0.01,8,GELU,100,0.5181518151815182,0.5138507693956103,0.5181518151815182,0.8977209000004223
16,0.01,8,GELU,300,0.5181518151815182,0.5138507693956103,0.5181518151815182,0.9268830999935744
16,0.01,8,GELU,500,0.5181518151815182,0.5138507693956103,0.5181518151815182,0.9491769000014756
16,0.01,8,GELU,1000,0.5181518151815182,0.5138507693956103,0.5181518151815182,1.018297700007679
16,0.01,8,Softmax,50,0.5181518151815182,0.5138507693956103,0.5181518151815182,0.9189558000070974
16,0.01,8,Softmax,100,0.5181518151815182,0.5138507693956103,0.5181518151815182,0.8365749999938998
16,0.01,8,Softmax,300,0.5181518151815182,0.5138507693956103,0.5181518151815182,0.8933803000109037
16,0.01,8,Softmax,500,0.5181518151815182,0.5138507693956103,0.5181518151815182,0.8569701999949757
16,0.01,8,Softmax,1000,0.5181518151815182,0.5138507693956103,0.5181518151815182,0.8890250999975251
16,0.01,16,ReLU,50,0.5066006600660066,0.49645953757225436,0.5066006600660066,0.5613260999962222
16,0.01,16,ReLU,100,0.5066006600660066,0.49645953757225436,0.5066006600660066,0.5301097999908961
16,0.01,16,ReLU,300,0.5066006600660066,0.49645953757225436,0.5066006600660066,0.5182235999964178
16,0.01,16,ReLU,500,0.5066006600660066,0.49645953757225436,0.5066006600660066,0.5069731999974465
16,0.01,16,ReLU,1000,0.5066006600660066,0.49645953757225436,0.5066006600660066,0.582640699998592
16,0.01,16,Tanh,50,0.514026402640264,0.5086311746505922,0.514026402640264,0.4773745999991661
16,0.01,16,Tanh,100,0.514026402640264,0.5086311746505922,0.514026402640264,0.5714565999951446
16,0.01,16,Tanh,300,0.514026402640264,0.5086311746505922,0.514026402640264,0.5189478999964194
16,0.01,16,Tanh,500,0.514026402640264,0.5086311746505922,0.514026402640264,0.5288538000022527
16,0.01,16,Tanh,1000,0.514026402640264,0.5086311746505922,0.514026402640264,0.507981299990206
16,0.01,16,Sigmoid,50,0.5239273927392739,0.5216842047665786,0.5239273927392739,0.48554899998998735
16,0.01,16,Sigmoid,100,0.5239273927392739,0.5216842047665786,0.5239273927392739,0.4972837000095751
16,0.01,16,Sigmoid,300,0.5239273927392739,0.5216842047665786,0.5239273927392739,0.5070202999922913
16,0.01,16,Sigmoid,500,0.5239273927392739,0.5216842047665786,0.5239273927392739,0.506459399999585
16,0.01,16,Sigmoid,1000,0.5239273927392739,0.5216842047665786,0.5239273927392739,0.48731100000441074
16,0.01,16,GELU,50,0.5066006600660066,0.49645953757225436,0.5066006600660066,0.5272766999987653
16,0.01,16,GELU,100,0.5066006600660066,0.49645953757225436,0.5066006600660066,0.5618486000021221
16,0.01,16,GELU,300,0.5066006600660066,0.49645953757225436,0.5066006600660066,0.632415600004606
16,0.01,16,GELU,500,0.5066006600660066,0.49645953757225436,0.5066006600660066,0.5719460999971488
16,0.01,16,GELU,1000,0.5066006600660066,0.49645953757225436,0.5066006600660066,0.5293720000045141
16,0.01,16,Softmax,50,0.5066006600660066,0.49645953757225436,0.5066006600660066,0.5917568000004394
16,0.01,16,Softmax,100,0.5066006600660066,0.49645953757225436,0.5066006600660066,0.5711980999913067
16,0.01,16,Softmax,300,0.5066006600660066,0.49645953757225436,0.5066006600660066,0.5070256999897538
16,0.01,16,Softmax,500,0.5066006600660066,0.49645953757225436,0.5066006600660066,0.5686411000060616
16,0.01,16,Softmax,1000,0.5066006600660066,0.49645953757225436,0.5066006600660066,0.5467674000101397
16,0.01,32,ReLU,50,0.5495049504950495,0.5347271438695961,0.5495049504950495,0.4994832999946084
16,0.01,32,ReLU,100,0.5495049504950495,0.5347271438695961,0.5495049504950495,0.47782569999981206
16,0.01,32,ReLU,300,0.5495049504950495,0.5347271438695961,0.5495049504950495,0.5307414999988396
16,0.01,32,ReLU,500,0.5495049504950495,0.5347271438695961,0.5495049504950495,0.4755087999947136
16,0.01,32,ReLU,1000,0.5495049504950495,0.5347271438695961,0.5495049504950495,0.4985121000063373
16,0.01,32,Tanh,50,0.5264026402640264,0.5258862270878539,0.5264026402640264,0.3088969999953406
16,0.01,32,Tanh,100,0.5264026402640264,0.5258862270878539,0.5264026402640264,0.2873808000003919
16,0.01,32,Tanh,300,0.5264026402640264,0.5258862270878539,0.5264026402640264,0.32009589999506716
16,0.01,32,Tanh,500,0.5264026402640264,0.5258862270878539,0.5264026402640264,0.27664010001171846
16,0.01,32,Tanh,1000,0.5264026402640264,0.5258862270878539,0.5264026402640264,0.32969120000780094
16,0.01,32,Sigmoid,50,0.533003300330033,0.5329982136632974,0.533003300330033,0.3690883999952348
16,0.01,32,Sigmoid,100,0.533003300330033,0.5329982136632974,0.533003300330033,0.3406354999897303
16,0.01,32,Sigmoid,300,0.533003300330033,0.5329982136632974,0.533003300330033,0.3301906999986386
16,0.01,32,Sigmoid,500,0.533003300330033,0.5329982136632974,0.533003300330033,0.3165191000007326
16,0.01,32,Sigmoid,1000,0.533003300330033,0.5329982136632974,0.533003300330033,0.3496351999929175
16,0.01,32,GELU,50,0.5495049504950495,0.5347271438695961,0.5495049504950495,0.46608610000112094
16,0.01,32,GELU,100,0.5495049504950495,0.5347271438695961,0.5495049504950495,0.47478760000376496
16,0.01,32,GELU,300,0.5495049504950495,0.5347271438695961,0.5495049504950495,0.5265024999971502
16,0.01,32,GELU,500,0.5495049504950495,0.5347271438695961,0.5495049504950495,0.5195162000018172
16,0.01,32,GELU,1000,0.5495049504950495,0.5347271438695961,0.5495049504950495,0.47726859999238513
16,0.01,32,Softmax,50,0.5495049504950495,0.5347271438695961,0.5495049504950495,0.4660204999963753
16,0.01,32,Softmax,100,0.5495049504950495,0.5347271438695961,0.5495049504950495,0.5257309000007808
16,0.01,32,Softmax,300,0.5495049504950495,0.5347271438695961,0.5495049504950495,0.4994230000011157
16,0.01,32,Softmax,500,0.5495049504950495,0.5347271438695961,0.5495049504950495,0.5083766999887303
16,0.01,32,Softmax,1000,0.5495049504950495,0.5347271438695961,0.5495049504950495,0.5471786999987671
16,0.01,64,ReLU,50,0.5627062706270627,0.5384217409424715,0.5627062706270627,0.2766723000095226
16,0.01,64,ReLU,100,0.5627062706270627,0.5384217409424715,0.5627062706270627,0.268261999997776
16,0.01,64,ReLU,300,0.5627062706270627,0.5384217409424715,0.5627062706270627,0.278872599999886
16,0.01,64,ReLU,500,0.5627062706270627,0.5384217409424715,0.5627062706270627,0.2887645999871893
16,0.01,64,ReLU,1000,0.5627062706270627,0.5384217409424715,0.5627062706270627,0.28799149999395013
16,0.01,64,Tanh,50,0.5305280528052805,0.521880232255828,0.5305280528052805,0.21457270000246353
16,0.01,64,Tanh,100,0.5305280528052805,0.521880232255828,0.5305280528052805,0.21546700000180863
16,0.01,64,Tanh,300,0.5305280528052805,0.521880232255828,0.5305280528052805,0.22479659999953583
16,0.01,64,Tanh,500,0.5305280528052805,0.521880232255828,0.5305280528052805,0.2032372999965446
16,0.01,64,Tanh,1000,0.5305280528052805,0.521880232255828,0.5305280528052805,0.2035516999894753
16,0.01,64,Sigmoid,50,0.5346534653465347,0.5339224349533628,0.5346534653465347,0.19277839999995194
16,0.01,64,Sigmoid,100,0.5346534653465347,0.5339224349533628,0.5346534653465347,0.2462868000002345
16,0.01,64,Sigmoid,300,0.5346534653465347,0.5339224349533628,0.5346534653465347,0.21443490000092424
16,0.01,64,Sigmoid,500,0.5346534653465347,0.5339224349533628,0.5346534653465347,0.20481570000993088
16,0.01,64,Sigmoid,1000,0.5346534653465347,0.5339224349533628,0.5346534653465347,0.2351085999980569
16,0.01,64,GELU,50,0.5627062706270627,0.5384217409424715,0.5627062706270627,0.2777919999934966
16,0.01,64,GELU,100,0.5627062706270627,0.5384217409424715,0.5627062706270627,0.2969823000021279
16,0.01,64,GELU,300,0.5627062706270627,0.5384217409424715,0.5627062706270627,0.27688359998865053
16,0.01,64,GELU,500,0.5627062706270627,0.5384217409424715,0.5627062706270627,0.26730759999190923
16,0.01,64,GELU,1000,0.5627062706270627,0.5384217409424715,0.5627062706270627,0.25876770001195837
16,0.01,64,Softmax,50,0.5627062706270627,0.5384217409424715,0.5627062706270627,0.2664896999922348
16,0.01,64,Softmax,100,0.5627062706270627,0.5384217409424715,0.5627062706270627,0.26716440000745934
16,0.01,64,Softmax,300,0.5627062706270627,0.5384217409424715,0.5627062706270627,0.26455879998684395
16,0.01,64,Softmax,500,0.5627062706270627,0.5384217409424715,0.5627062706270627,0.2547984999982873
16,0.01,64,Softmax,1000,0.5627062706270627,0.5384217409424715,0.5627062706270627,0.2560162000008859
16,0.01,128,ReLU,50,0.5396039603960396,0.5132530120481928,0.5396039603960396,0.20296319999033585
16,0.01,128,ReLU,100,0.5396039603960396,0.5132530120481928,0.5396039603960396,0.2354291999945417
16,0.01,128,ReLU,300,0.5396039603960396,0.5132530120481928,0.5396039603960396,0.20310720000998117
16,0.01,128,ReLU,500,0.5396039603960396,0.5132530120481928,0.5396039603960396,0.23494239999854472
16,0.01,128,ReLU,1000,0.5396039603960396,0.5132530120481928,0.5396039603960396,0.22435560000303667
16,0.01,128,Tanh,50,0.533003300330033,0.5259343210968598,0.533003300330033,0.129302600005758
16,0.01,128,Tanh,100,0.533003300330033,0.5259343210968598,0.533003300330033,0.13065540000388864
16,0.01,128,Tanh,300,0.533003300330033,0.5259343210968598,0.533003300330033,0.13409630001115147
16,0.01,128,Tanh,500,0.533003300330033,0.5259343210968598,0.533003300330033,0.1308737000072142
16,0.01,128,Tanh,1000,0.533003300330033,0.5259343210968598,0.533003300330033,0.1205995000054827
16,0.01,128,Sigmoid,50,0.5239273927392739,0.5237844253637889,0.5239273927392739,0.14215050000348128
16,0.01,128,Sigmoid,100,0.5239273927392739,0.5237844253637889,0.5239273927392739,0.1399169000069378
16,0.01,128,Sigmoid,300,0.5239273927392739,0.5237844253637889,0.5239273927392739,0.13967639999464154
16,0.01,128,Sigmoid,500,0.5239273927392739,0.5237844253637889,0.5239273927392739,0.13926070000161417
16,0.01,128,Sigmoid,1000,0.5239273927392739,0.5237844253637889,0.5239273927392739,0.1406769000022905
16,0.01,128,GELU,50,0.5396039603960396,0.5132530120481928,0.5396039603960396,0.2133460000040941
16,0.01,128,GELU,100,0.5396039603960396,0.5132530120481928,0.5396039603960396,0.2234286000020802
16,0.01,128,GELU,300,0.5396039603960396,0.5132530120481928,0.5396039603960396,0.20397080000839196
16,0.01,128,GELU,500,0.5396039603960396,0.5132530120481928,0.5396039603960396,0.19364610000047833
16,0.01,128,GELU,1000,0.5396039603960396,0.5132530120481928,0.5396039603960396,0.2041737999970792
16,0.01,128,Softmax,50,0.5396039603960396,0.5132530120481928,0.5396039603960396,0.20324960000289138
16,0.01,128,Softmax,100,0.5396039603960396,0.5132530120481928,0.5396039603960396,0.21490880000055768
16,0.01,128,Softmax,300,0.5396039603960396,0.5132530120481928,0.5396039603960396,0.21330350000062026
16,0.01,128,Softmax,500,0.5396039603960396,0.5132530120481928,0.5396039603960396,0.20390160000533797
16,0.01,128,Softmax,1000,0.5396039603960396,0.5132530120481928,0.5396039603960396,0.22375089999695774
16,0.001,8,ReLU,50,0.5717821782178217,0.538163676611491,0.5717821782178217,1.673286300007021
16,0.001,8,ReLU,100,0.5742574257425743,0.5419246150916308,0.5742574257425742,2.124258200012264
16,0.001,8,ReLU,300,0.5742574257425743,0.5419246150916308,0.5742574257425742,2.064135200009332
16,0.001,8,ReLU,500,0.5742574257425743,0.5419246150916308,0.5742574257425742,2.160212299990235
16,0.001,8,ReLU,1000,0.5742574257425743,0.5419246150916308,0.5742574257425742,2.118237099988619
16,0.001,8,Tanh,50,0.5478547854785478,0.521586299096441,0.5478547854785478,1.3906437999976333
16,0.001,8,Tanh,100,0.5478547854785478,0.521586299096441,0.5478547854785478,1.30818239999644
16,0.001,8,Tanh,300,0.5478547854785478,0.521586299096441,0.5478547854785478,1.3290091999951983
16,0.001,8,Tanh,500,0.5478547854785478,0.521586299096441,0.5478547854785478,1.464407300009043
16,0.001,8,Tanh,1000,0.5478547854785478,0.521586299096441,0.5478547854785478,1.3428247999981977
16,0.001,8,Sigmoid,50,0.5371287128712872,0.5277275938162246,0.5371287128712872,1.3092101000074763
16,0.001,8,Sigmoid,100,0.5371287128712872,0.5277275938162246,0.5371287128712872,1.448279200005345
16,0.001,8,Sigmoid,300,0.5371287128712872,0.5277275938162246,0.5371287128712872,1.3802094999991823
16,0.001,8,Sigmoid,500,0.5371287128712872,0.5277275938162246,0.5371287128712872,1.4351667000009911
16,0.001,8,Sigmoid,1000,0.5371287128712872,0.5277275938162246,0.5371287128712872,1.3742506999988109
16,0.001,8,GELU,50,0.5717821782178217,0.538163676611491,0.5717821782178217,1.7169797999958973
16,0.001,8,GELU,100,0.5742574257425743,0.5419246150916308,0.5742574257425742,2.077785000001313
16,0.001,8,GELU,300,0.5742574257425743,0.5419246150916308,0.5742574257425742,2.234054999993532
16,0.001,8,GELU,500,0.5742574257425743,0.5419246150916308,0.5742574257425742,1.977339999997639
16,0.001,8,GELU,1000,0.5742574257425743,0.5419246150916308,0.5742574257425742,2.0343533999985084
16,0.001,8,Softmax,50,0.5717821782178217,0.538163676611491,0.5717821782178217,1.7265879000042332
16,0.001,8,Softmax,100,0.5742574257425743,0.5419246150916308,0.5742574257425742,2.063625899987528
16,0.001,8,Softmax,300,0.5742574257425743,0.5419246150916308,0.5742574257425742,2.1171582999959355
16,0.001,8,Softmax,500,0.5742574257425743,0.5419246150916308,0.5742574257425742,2.0228522999968845
16,0.001,8,Softmax,1000,0.5742574257425743,0.5419246150916308,0.5742574257425742,1.9548820000054548
16,0.001,16,ReLU,50,0.5462046204620462,0.5135542212635038,0.5462046204620462,0.9384458999993512
16,0.001,16,ReLU,100,0.5462046204620462,0.5135542212635038,0.5462046204620462,1.0037464000051841
16,0.001,16,ReLU,300,0.5462046204620462,0.5135542212635038,0.5462046204620462,0.9890521000052104
16,0.001,16,ReLU,500,0.5462046204620462,0.5135542212635038,0.5462046204620462,0.9590250000037486
16,0.001,16,ReLU,1000,0.5462046204620462,0.5135542212635038,0.5462046204620462,1.0628651000006357
16,0.001,16,Tanh,50,0.5462046204620462,0.5332390381895332,0.5462046204620462,0.6365482999972301
16,0.001,16,Tanh,100,0.5462046204620462,0.5332390381895332,0.5462046204620462,0.6557108999986667
16,0.001,16,Tanh,300,0.5462046204620462,0.5332390381895332,0.5462046204620462,0.6033239000098547
16,0.001,16,Tanh,500,0.5462046204620462,0.5332390381895332,0.5462046204620462,0.6208114000037313
16,0.001,16,Tanh,1000,0.5462046204620462,0.5332390381895332,0.5462046204620462,0.6458629999979166
16,0.001,16,Sigmoid,50,0.5346534653465347,0.5239180398657214,0.5346534653465347,0.6546660000021802
16,0.001,16,Sigmoid,100,0.5346534653465347,0.5239180398657214,0.5346534653465347,0.6649426000076346
16,0.001,16,Sigmoid,300,0.5346534653465347,0.5239180398657214,0.5346534653465347,0.6979611999995541
16,0.001,16,Sigmoid,500,0.5346534653465347,0.5239180398657214,0.5346534653465347,0.6772727000061423
16,0.001,16,Sigmoid,1000,0.5346534653465347,0.5239180398657214,0.5346534653465347,0.6863460000022314
16,0.001,16,GELU,50,0.5462046204620462,0.5135542212635038,0.5462046204620462,1.0035959999950137
16,0.001,16,GELU,100,0.5462046204620462,0.5135542212635038,0.5462046204620462,1.044522700001835
16,0.001,16,GELU,300,0.5462046204620462,0.5135542212635038,0.5462046204620462,1.1721107000048505
16,0.001,16,GELU,500,0.5462046204620462,0.5135542212635038,0.5462046204620462,1.0200454000005266
16,0.001,16,GELU,1000,0.5462046204620462,0.5135542212635038,0.5462046204620462,1.024473700003
16,0.001,16,Softmax,50,0.5462046204620462,0.5135542212635038,0.5462046204620462,0.9783558000053745
16,0.001,16,Softmax,100,0.5462046204620462,0.5135542212635038,0.5462046204620462,0.990893900001538
16,0.001,16,Softmax,300,0.5462046204620462,0.5135542212635038,0.5462046204620462,0.9919145000021672
16,0.001,16,Softmax,500,0.5462046204620462,0.5135542212635038,0.5462046204620462,1.0026507000002312
16,0.001,16,Softmax,1000,0.5462046204620462,0.5135542212635038,0.5462046204620462,0.9601576999993995
16,0.001,32,ReLU,50,0.5198019801980198,0.4406189334246888,0.5198019801980198,0.4871638999902643
16,0.001,32,ReLU,100,0.5198019801980198,0.4406189334246888,0.5198019801980198,0.48605079999833833
16,0.001,32,ReLU,300,0.5198019801980198,0.4406189334246888,0.5198019801980198,0.496470700003556
16,0.001,32,ReLU,500,0.5198019801980198,0.4406189334246888,0.5198019801980198,0.5164788999973098
16,0.001,32,ReLU,1000,0.5198019801980198,0.4406189334246888,0.5198019801980198,0.45503359999565873
16,0.001,32,Tanh,50,0.5552805280528053,0.5385166394340706,0.5552805280528053,0.37182339999708347
16,0.001,32,Tanh,100,0.5552805280528053,0.5385166394340706,0.5552805280528053,0.34002060000784695
16,0.001,32,Tanh,300,0.5552805280528053,0.5385166394340706,0.5552805280528053,0.372888600002625
16,0.001,32,Tanh,500,0.5552805280528053,0.5385166394340706,0.5552805280528053,0.3830502000055276
16,0.001,32,Tanh,1000,0.5552805280528053,0.5385166394340706,0.5552805280528053,0.3840370999969309
16,0.001,32,Sigmoid,50,0.5585808580858086,0.5431136226716882,0.5585808580858086,0.5624250000109896
16,0.001,32,Sigmoid,100,0.5585808580858086,0.5431136226716882,0.5585808580858086,0.6343488999991678
16,0.001,32,Sigmoid,300,0.5585808580858086,0.5431136226716882,0.5585808580858086,0.5709077999927104
16,0.001,32,Sigmoid,500,0.5585808580858086,0.5431136226716882,0.5585808580858086,0.6028176999971038
16,0.001,32,Sigmoid,1000,0.5585808580858086,0.5431136226716882,0.5585808580858086,0.6758571999962442
16,0.001,32,GELU,50,0.5198019801980198,0.4406189334246888,0.5198019801980198,0.48811610000848304
16,0.001,32,GELU,100,0.5198019801980198,0.4406189334246888,0.5198019801980198,0.5169508999970276
16,0.001,32,GELU,300,0.5198019801980198,0.4406189334246888,0.5198019801980198,0.5291150999983074
16,0.001,32,GELU,500,0.5198019801980198,0.4406189334246888,0.5198019801980198,0.5694172000075923
16,0.001,32,GELU,1000,0.5198019801980198,0.4406189334246888,0.5198019801980198,0.5062287000037031
16,0.001,32,Softmax,50,0.5198019801980198,0.4406189334246888,0.5198019801980198,0.4962686000071699
16,0.001,32,Softmax,100,0.5198019801980198,0.4406189334246888,0.5198019801980198,0.583078999989084
16,0.001,32,Softmax,300,0.5198019801980198,0.4406189334246888,0.5198019801980198,0.5602695000125095
16,0.001,32,Softmax,500,0.5198019801980198,0.4406189334246888,0.5198019801980198,0.5588543000048958
16,0.001,32,Softmax,1000,0.5198019801980198,0.4406189334246888,0.5198019801980198,0.4796773999987636
16,0.001,64,ReLU,50,0.4900990099009901,0.3824626434981054,0.4900990099009901,0.2979640000121435
16,0.001,64,ReLU,100,0.4900990099009901,0.3824626434981054,0.4900990099009901,0.31036149999999907
16,0.001,64,ReLU,300,0.4900990099009901,0.3824626434981054,0.4900990099009901,0.2762438999925507
16,0.001,64,ReLU,500,0.4900990099009901,0.3824626434981054,0.4900990099009901,0.2872553000051994
16,0.001,64,ReLU,1000,0.4900990099009901,0.3824626434981054,0.4900990099009901,0.2885262999916449
16,0.001,64,Tanh,50,0.5808580858085808,0.5671087712193311,0.5808580858085809,0.26643840000906494
16,0.001,64,Tanh,100,0.5808580858085808,0.5671087712193311,0.5808580858085809,0.2881809000100475
16,0.001,64,Tanh,300,0.5808580858085808,0.5671087712193311,0.5808580858085809,0.2870353000034811
16,0.001,64,Tanh,500,0.5808580858085808,0.5671087712193311,0.5808580858085809,0.2650292000034824
16,0.001,64,Tanh,1000,0.5808580858085808,0.5671087712193311,0.5808580858085809,0.2645288000057917
16,0.001,64,Sigmoid,50,0.5676567656765676,0.5572287896661061,0.5676567656765676,0.3079598000040278
16,0.001,64,Sigmoid,100,0.5676567656765676,0.5572287896661061,0.5676567656765676,0.33938320000015665
16,0.001,64,Sigmoid,300,0.5676567656765676,0.5572287896661061,0.5676567656765676,0.2882186000060756
16,0.001,64,Sigmoid,500,0.5676567656765676,0.5572287896661061,0.5676567656765676,0.29879210000217427
16,0.001,64,Sigmoid,1000,0.5676567656765676,0.5572287896661061,0.5676567656765676,0.3292626000038581
16,0.001,64,GELU,50,0.4900990099009901,0.3824626434981054,0.4900990099009901,0.2990801999985706
16,0.001,64,GELU,100,0.4900990099009901,0.3824626434981054,0.4900990099009901,0.31991639999614563
16,0.001,64,GELU,300,0.4900990099009901,0.3824626434981054,0.4900990099009901,0.2764673000056064
16,0.001,64,GELU,500,0.4900990099009901,0.3824626434981054,0.4900990099009901,0.3292399000056321
16,0.001,64,GELU,1000,0.4900990099009901,0.3824626434981054,0.4900990099009901,0.2857224000035785
16,0.001,64,Softmax,50,0.4900990099009901,0.3824626434981054,0.4900990099009901,0.3403470999910496
16,0.001,64,Softmax,100,0.4900990099009901,0.3824626434981054,0.4900990099009901,0.32819289999315515
16,0.001,64,Softmax,300,0.4900990099009901,0.3824626434981054,0.4900990099009901,0.29971089999889955
16,0.001,64,Softmax,500,0.4900990099009901,0.3824626434981054,0.4900990099009901,0.3278868000052171
16,0.001,64,Softmax,1000,0.4900990099009901,0.3824626434981054,0.4900990099009901,0.318729099992197
16,0.001,128,ReLU,50,0.49257425742574257,0.35670733022926654,0.49257425742574257,0.17212269999436103
16,0.001,128,ReLU,100,0.49257425742574257,0.35670733022926654,0.49257425742574257,0.183648300007917
16,0.001,128,ReLU,300,0.49257425742574257,0.35670733022926654,0.49257425742574257,0.1839650000038091
16,0.001,128,ReLU,500,0.49257425742574257,0.35670733022926654,0.49257425742574257,0.1735113999893656
16,0.001,128,ReLU,1000,0.49257425742574257,0.35670733022926654,0.49257425742574257,0.1513538999861339
16,0.001,128,Tanh,50,0.5643564356435644,0.5449971701681688,0.5643564356435643,0.21350519999396056
16,0.001,128,Tanh,100,0.5643564356435644,0.5449971701681688,0.5643564356435643,0.21178680000593886
16,0.001,128,Tanh,300,0.5643564356435644,0.5449971701681688,0.5643564356435643,0.2339767999947071
16,0.001,128,Tanh,500,0.5643564356435644,0.5449971701681688,0.5643564356435643,0.21530979999806732
16,0.001,128,Tanh,1000,0.5643564356435644,0.5449971701681688,0.5643564356435643,0.22403870000562165
16,0.001,128,Sigmoid,50,0.556930693069307,0.5461259784863752,0.556930693069307,0.22851369999989402
16,0.001,128,Sigmoid,100,0.556930693069307,0.5461259784863752,0.556930693069307,0.22496870000031777
16,0.001,128,Sigmoid,300,0.556930693069307,0.5461259784863752,0.556930693069307,0.21304699999745935
16,0.001,128,Sigmoid,500,0.556930693069307,0.5461259784863752,0.556930693069307,0.19417259999318048
16,0.001,128,Sigmoid,1000,0.556930693069307,0.5461259784863752,0.556930693069307,0.2038585999980569
16,0.001,128,GELU,50,0.49257425742574257,0.35670733022926654,0.49257425742574257,0.18326389999128878
16,0.001,128,GELU,100,0.49257425742574257,0.35670733022926654,0.49257425742574257,0.16163309999683406
16,0.001,128,GELU,300,0.49257425742574257,0.35670733022926654,0.49257425742574257,0.18233840000175405
16,0.001,128,GELU,500,0.49257425742574257,0.35670733022926654,0.49257425742574257,0.1722847999917576
16,0.001,128,GELU,1000,0.49257425742574257,0.35670733022926654,0.49257425742574257,0.18169620000116993
16,0.001,128,Softmax,50,0.49257425742574257,0.35670733022926654,0.49257425742574257,0.19383250000828411
16,0.001,128,Softmax,100,0.49257425742574257,0.35670733022926654,0.49257425742574257,0.16157190001104027
16,0.001,128,Softmax,300,0.49257425742574257,0.35670733022926654,0.49257425742574257,0.1819322000083048
16,0.001,128,Softmax,500,0.49257425742574257,0.35670733022926654,0.49257425742574257,0.1938877000065986
16,0.001,128,Softmax,1000,0.49257425742574257,0.35670733022926654,0.49257425742574257,0.1940259000111837
16,0.0001,8,ReLU,50,0.49917491749174914,0.3949643689835394,0.4991749174917492,1.104427600002964
16,0.0001,8,ReLU,100,0.49917491749174914,0.3949643689835394,0.4991749174917492,1.0338948999997228
16,0.0001,8,ReLU,300,0.49917491749174914,0.3949643689835394,0.4991749174917492,0.9894176000088919
16,0.0001,8,ReLU,500,0.49917491749174914,0.3949643689835394,0.4991749174917492,0.9185081999894464
16,0.0001,8,ReLU,1000,0.49917491749174914,0.3949643689835394,0.4991749174917492,0.9875350000074832
16,0.0001,8,Tanh,50,0.5734323432343235,0.5539978717876628,0.5734323432343235,1.5896355000004405
16,0.0001,8,Tanh,100,0.5742574257425743,0.5550204918032787,0.5742574257425742,1.8304018000053475
16,0.0001,8,Tanh,300,0.5742574257425743,0.5550204918032787,0.5742574257425742,1.8646096000011312
16,0.0001,8,Tanh,500,0.5742574257425743,0.5550204918032787,0.5742574257425742,2.001452500000596
16,0.0001,8,Tanh,1000,0.5742574257425743,0.5550204918032787,0.5742574257425742,1.9469253999996
16,0.0001,8,Sigmoid,50,0.5264026402640264,0.5102664894575599,0.5264026402640264,1.3966855000035139
16,0.0001,8,Sigmoid,100,0.5264026402640264,0.5102664894575599,0.5264026402640264,1.5859855000016978
16,0.0001,8,Sigmoid,300,0.5264026402640264,0.5102664894575599,0.5264026402640264,1.50331179999921
16,0.0001,8,Sigmoid,500,0.5264026402640264,0.5102664894575599,0.5264026402640264,1.4962811000004876
16,0.0001,8,Sigmoid,1000,0.5264026402640264,0.5102664894575599,0.5264026402640264,1.510805599988089
16,0.0001,8,GELU,50,0.49917491749174914,0.3949643689835394,0.4991749174917492,0.9621085999970092
16,0.0001,8,GELU,100,0.49917491749174914,0.3949643689835394,0.4991749174917492,0.9182413999951677
16,0.0001,8,GELU,300,0.49917491749174914,0.3949643689835394,0.4991749174917492,0.9367879999917932
16,0.0001,8,GELU,500,0.49917491749174914,0.3949643689835394,0.4991749174917492,0.9482143999921391
16,0.0001,8,GELU,1000,0.49917491749174914,0.3949643689835394,0.4991749174917492,0.9615324000042165
16,0.0001,8,Softmax,50,0.49917491749174914,0.3949643689835394,0.4991749174917492,1.0157458000030601
16,0.0001,8,Softmax,100,0.49917491749174914,0.3949643689835394,0.4991749174917492,1.096057100003236
16,0.0001,8,Softmax,300,0.49917491749174914,0.3949643689835394,0.4991749174917492,1.1269119999924442
16,0.0001,8,Softmax,500,0.49917491749174914,0.3949643689835394,0.4991749174917492,0.9758868000062648
16,0.0001,8,Softmax,1000,0.49917491749174914,0.3949643689835394,0.4991749174917492,0.9694613000028767
16,0.0001,16,ReLU,50,0.5041254125412541,0.4086484950579448,0.5041254125412541,0.5381286000047112
16,0.0001,16,ReLU,100,0.5041254125412541,0.4086484950579448,0.5041254125412541,0.5398051000083797
16,0.0001,16,ReLU,300,0.5041254125412541,0.4086484950579448,0.5041254125412541,0.5374818000127561
16,0.0001,16,ReLU,500,0.5041254125412541,0.4086484950579448,0.5041254125412541,0.5287238000018988
16,0.0001,16,ReLU,1000,0.5041254125412541,0.4086484950579448,0.5041254125412541,0.6105901999981143
16,0.0001,16,Tanh,50,0.5594059405940595,0.538151945560833,0.5594059405940595,0.8415044999856036
16,0.0001,16,Tanh,100,0.5594059405940595,0.538151945560833,0.5594059405940595,0.8867245000001276
16,0.0001,16,Tanh,300,0.5594059405940595,0.538151945560833,0.5594059405940595,0.8973091000079876
16,0.0001,16,Tanh,500,0.5594059405940595,0.538151945560833,0.5594059405940595,0.834951099997852
16,0.0001,16,Tanh,1000,0.5594059405940595,0.538151945560833,0.5594059405940595,0.8351849000027869
16,0.0001,16,Sigmoid,50,0.5099009900990099,0.48309553349875933,0.5099009900990099,0.7154881000024034
16,0.0001,16,Sigmoid,100,0.5115511551155115,0.4848359525778881,0.5115511551155115,0.878614799992647
16,0.0001,16,Sigmoid,300,0.5115511551155115,0.4848359525778881,0.5115511551155115,0.8470989999914309
16,0.0001,16,Sigmoid,500,0.5115511551155115,0.4848359525778881,0.5115511551155115,0.8000737000111258
16,0.0001,16,Sigmoid,1000,0.5115511551155115,0.4848359525778881,0.5115511551155115,0.9141469999885885
16,0.0001,16,GELU,50,0.5041254125412541,0.4086484950579448,0.5041254125412541,0.5919235000037588
16,0.0001,16,GELU,100,0.5041254125412541,0.4086484950579448,0.5041254125412541,0.5500485000084154
16,0.0001,16,GELU,300,0.5041254125412541,0.4086484950579448,0.5041254125412541,0.6316515999933472
16,0.0001,16,GELU,500,0.5041254125412541,0.4086484950579448,0.5041254125412541,0.57146439999633
16,0.0001,16,GELU,1000,0.5041254125412541,0.4086484950579448,0.5041254125412541,0.5393154999910621
16,0.0001,16,Softmax,50,0.5041254125412541,0.4086484950579448,0.5041254125412541,0.5514765999978408
16,0.0001,16,Softmax,100,0.5041254125412541,0.4086484950579448,0.5041254125412541,0.5302149999915855
16,0.0001,16,Softmax,300,0.5041254125412541,0.4086484950579448,0.5041254125412541,0.5504158999974607
16,0.0001,16,Softmax,500,0.5041254125412541,0.4086484950579448,0.5041254125412541,0.5501752999989549
16,0.0001,16,Softmax,1000,0.5041254125412541,0.4086484950579448,0.5041254125412541,0.6009928999992553
16,0.0001,32,ReLU,50,0.504950495049505,0.43591525697193845,0.504950495049505,0.3516462999978103
16,0.0001,32,ReLU,100,0.504950495049505,0.43591525697193845,0.504950495049505,0.37206750000768807
16,0.0001,32,ReLU,300,0.504950495049505,0.43591525697193845,0.504950495049505,0.35200220000115223
16,0.0001,32,ReLU,500,0.504950495049505,0.43591525697193845,0.504950495049505,0.3294947999966098
16,0.0001,32,ReLU,1000,0.504950495049505,0.43591525697193845,0.504950495049505,0.37115300000004936
16,0.0001,32,Tanh,50,0.5627062706270627,0.5435968851247656,0.5627062706270627,0.4635601000045426
16,0.0001,32,Tanh,100,0.5643564356435643,0.5462669635133793,0.5643564356435643,0.5156751000031363
16,0.0001,32,Tanh,300,0.5643564356435643,0.5462669635133793,0.5643564356435643,0.5302280000032624
16,0.0001,32,Tanh,500,0.5643564356435643,0.5462669635133793,0.5643564356435643,0.5189811000018381
16,0.0001,32,Tanh,1000,0.5643564356435643,0.5462669635133793,0.5643564356435643,0.5291359999973793
16,0.0001,32,Sigmoid,50,0.5016501650165016,0.46069362628813576,0.5016501650165016,0.2467527999979211
16,0.0001,32,Sigmoid,100,0.5016501650165016,0.46069362628813576,0.5016501650165016,0.27680779999354854
16,0.0001,32,Sigmoid,300,0.5016501650165016,0.46069362628813576,0.5016501650165016,0.2940977000107523
16,0.0001,32,Sigmoid,500,0.5016501650165016,0.46069362628813576,0.5016501650165016,0.26652430000831373
16,0.0001,32,Sigmoid,1000,0.5016501650165016,0.46069362628813576,0.5016501650165016,0.2770148999989033
16,0.0001,32,GELU,50,0.504950495049505,0.43591525697193845,0.504950495049505,0.34066649999294896
16,0.0001,32,GELU,100,0.504950495049505,0.43591525697193845,0.504950495049505,0.36900799999420997
16,0.0001,32,GELU,300,0.504950495049505,0.43591525697193845,0.504950495049505,0.3584356000064872
16,0.0001,32,GELU,500,0.504950495049505,0.43591525697193845,0.504950495049505,0.36118189999251626
16,0.0001,32,GELU,1000,0.504950495049505,0.43591525697193845,0.504950495049505,0.33053340000333264
16,0.0001,32,Softmax,50,0.504950495049505,0.43591525697193845,0.504950495049505,0.32843989999673795
16,0.0001,32,Softmax,100,0.504950495049505,0.43591525697193845,0.504950495049505,0.30617009999696165
16,0.0001,32,Softmax,300,0.504950495049505,0.43591525697193845,0.504950495049505,0.32001860000309534
16,0.0001,32,Softmax,500,0.504950495049505,0.43591525697193845,0.504950495049505,0.32003449999319855
16,0.0001,32,Softmax,1000,0.504950495049505,0.43591525697193845,0.504950495049505,0.3409948000044096
16,0.0001,64,ReLU,50,0.509075907590759,0.4606988614055752,0.509075907590759,0.19280400000570808
16,0.0001,64,ReLU,100,0.509075907590759,0.4606988614055752,0.509075907590759,0.1942650999990292
16,0.0001,64,ReLU,300,0.509075907590759,0.4606988614055752,0.509075907590759,0.20499990000098478
16,0.0001,64,ReLU,500,0.509075907590759,0.4606988614055752,0.509075907590759,0.19405400000687223
16,0.0001,64,ReLU,1000,0.509075907590759,0.4606988614055752,0.509075907590759,0.2143930000020191
16,0.0001,64,Tanh,50,0.5470297029702971,0.5231912794168124,0.5470297029702971,0.31974629999604076
16,0.0001,64,Tanh,100,0.5470297029702971,0.5231912794168124,0.5470297029702971,0.32958209999196697
16,0.0001,64,Tanh,300,0.5470297029702971,0.5231912794168124,0.5470297029702971,0.2885067000024719
16,0.0001,64,Tanh,500,0.5470297029702971,0.5231912794168124,0.5470297029702971,0.2856097000039881
16,0.0001,64,Tanh,1000,0.5470297029702971,0.5231912794168124,0.5470297029702971,0.3090998999978183
16,0.0001,64,Sigmoid,50,0.5057755775577558,0.4610906191844518,0.5057755775577558,0.17210609999892768
16,0.0001,64,Sigmoid,100,0.5057755775577558,0.4610906191844518,0.5057755775577558,0.17108400000142865
16,0.0001,64,Sigmoid,300,0.5057755775577558,0.4610906191844518,0.5057755775577558,0.1724436000076821
16,0.0001,64,Sigmoid,500,0.5057755775577558,0.4610906191844518,0.5057755775577558,0.19333280000137165
16,0.0001,64,Sigmoid,1000,0.5057755775577558,0.4610906191844518,0.5057755775577558,0.19354110000131186
16,0.0001,64,GELU,50,0.509075907590759,0.4606988614055752,0.509075907590759,0.19328600000881124
16,0.0001,64,GELU,100,0.509075907590759,0.4606988614055752,0.509075907590759,0.20438840000133496
16,0.0001,64,GELU,300,0.509075907590759,0.4606988614055752,0.509075907590759,0.20180110000364948
16,0.0001,64,GELU,500,0.509075907590759,0.4606988614055752,0.509075907590759,0.19278259998827707
16,0.0001,64,GELU,1000,0.509075907590759,0.4606988614055752,0.509075907590759,0.21444169999449514
16,0.0001,64,Softmax,50,0.509075907590759,0.4606988614055752,0.509075907590759,0.2025256999913836
16,0.0001,64,Softmax,100,0.509075907590759,0.4606988614055752,0.509075907590759,0.2142286000016611
16,0.0001,64,Softmax,300,0.509075907590759,0.4606988614055752,0.509075907590759,0.19343840000510681
16,0.0001,64,Softmax,500,0.509075907590759,0.4606988614055752,0.509075907590759,0.20186159999866504
16,0.0001,64,Softmax,1000,0.509075907590759,0.4606988614055752,0.509075907590759,0.18089389998931438
16,0.0001,128,ReLU,50,0.5115511551155116,0.4631261373431663,0.5115511551155115,0.14016840000113007
16,0.0001,128,ReLU,100,0.5115511551155116,0.4631261373431663,0.5115511551155115,0.13999799999874085
16,0.0001,128,ReLU,300,0.5115511551155116,0.4631261373431663,0.5115511551155115,0.15119619999313727
16,0.0001,128,ReLU,500,0.5115511551155116,0.4631261373431663,0.5115511551155115,0.15151100000366569
16,0.0001,128,ReLU,1000,0.5115511551155116,0.4631261373431663,0.5115511551155115,0.1533991999895079
16,0.0001,128,Tanh,50,0.5338283828382838,0.502310819168861,0.5338283828382838,0.20530659999349155
16,0.0001,128,Tanh,100,0.5338283828382838,0.502310819168861,0.5338283828382838,0.16168400000606198
16,0.0001,128,Tanh,300,0.5338283828382838,0.502310819168861,0.5338283828382838,0.18218220000562724
16,0.0001,128,Tanh,500,0.5338283828382838,0.502310819168861,0.5338283828382838,0.16103439999278635
16,0.0001,128,Tanh,1000,0.5338283828382838,0.502310819168861,0.5338283828382838,0.16193390000262298
16,0.0001,128,Sigmoid,50,0.5074257425742574,0.4623312177733787,0.5074257425742574,0.13017910000053234
16,0.0001,128,Sigmoid,100,0.5074257425742574,0.4623312177733787,0.5074257425742574,0.14034630000242032
16,0.0001,128,Sigmoid,300,0.5074257425742574,0.4623312177733787,0.5074257425742574,0.1315407999936724
16,0.0001,128,Sigmoid,500,0.5074257425742574,0.4623312177733787,0.5074257425742574,0.13934939999307971
16,0.0001,128,Sigmoid,1000,0.5074257425742574,0.4623312177733787,0.5074257425742574,0.13058910000836477
16,0.0001,128,GELU,50,0.5115511551155116,0.4631261373431663,0.5115511551155115,0.1405528999894159
16,0.0001,128,GELU,100,0.5115511551155116,0.4631261373431663,0.5115511551155115,0.14124230000015814
16,0.0001,128,GELU,300,0.5115511551155116,0.4631261373431663,0.5115511551155115,0.14124700000684243
16,0.0001,128,GELU,500,0.5115511551155116,0.4631261373431663,0.5115511551155115,0.14107940001122188
16,0.0001,128,GELU,1000,0.5115511551155116,0.4631261373431663,0.5115511551155115,0.1493573999905493
16,0.0001,128,Softmax,50,0.5115511551155116,0.4631261373431663,0.5115511551155115,0.1410433999990346
16,0.0001,128,Softmax,100,0.5115511551155116,0.4631261373431663,0.5115511551155115,0.1410539000062272
16,0.0001,128,Softmax,300,0.5115511551155116,0.4631261373431663,0.5115511551155115,0.12975779999396764
16,0.0001,128,Softmax,500,0.5115511551155116,0.4631261373431663,0.5115511551155115,0.14103910000994802
16,0.0001,128,Softmax,1000,0.5115511551155116,0.4631261373431663,0.5115511551155115,0.1416999999928521
16,0.00025,8,ReLU,50,0.5148514851485149,0.4263728621471255,0.5148514851485149,1.436510100000305
16,0.00025,8,ReLU,100,0.5148514851485149,0.4263728621471255,0.5148514851485149,1.6410071999998763
16,0.00025,8,ReLU,300,0.5148514851485149,0.4263728621471255,0.5148514851485149,1.674025199987227
16,0.00025,8,ReLU,500,0.5148514851485149,0.4263728621471255,0.5148514851485149,1.6253963000053773
16,0.00025,8,ReLU,1000,0.5148514851485149,0.4263728621471255,0.5148514851485149,1.716719699994428
16,0.00025,8,Tanh,50,0.584983498349835,0.5714993614339866,0.584983498349835,1.5932142000092426
16,0.00025,8,Tanh,100,0.584983498349835,0.5714993614339866,0.584983498349835,1.822795000000042
16,0.00025,8,Tanh,300,0.584983498349835,0.5714993614339866,0.584983498349835,1.7401231000112602
16,0.00025,8,Tanh,500,0.584983498349835,0.5714993614339866,0.584983498349835,1.6450137000065297
16,0.00025,8,Tanh,1000,0.584983498349835,0.5714993614339866,0.584983498349835,1.6849311999976635
16,0.00025,8,Sigmoid,50,0.5321782178217822,0.5166848940292786,0.5321782178217822,1.4843248999968637
16,0.00025,8,Sigmoid,100,0.5321782178217822,0.5166848940292786,0.5321782178217822,1.5263911000074586
16,0.00025,8,Sigmoid,300,0.5321782178217822,0.5166848940292786,0.5321782178217822,1.538480499992147
16,0.00025,8,Sigmoid,500,0.5321782178217822,0.5166848940292786,0.5321782178217822,1.5288804000010714
16,0.00025,8,Sigmoid,1000,0.5321782178217822,0.5166848940292786,0.5321782178217822,1.611638699992909
16,0.00025,8,GELU,50,0.5148514851485149,0.4263728621471255,0.5148514851485149,1.621039000005112
16,0.00025,8,GELU,100,0.5148514851485149,0.4263728621471255,0.5148514851485149,1.6180178000067826
16,0.00025,8,GELU,300,0.5148514851485149,0.4263728621471255,0.5148514851485149,1.6175503999984358
16,0.00025,8,GELU,500,0.5148514851485149,0.4263728621471255,0.5148514851485149,1.6604881000093883
16,0.00025,8,GELU,1000,0.5148514851485149,0.4263728621471255,0.5148514851485149,1.608867699993425
16,0.00025,8,Softmax,50,0.5148514851485149,0.4263728621471255,0.5148514851485149,1.4302929999976186
16,0.00025,8,Softmax,100,0.5148514851485149,0.4263728621471255,0.5148514851485149,1.6200346999976318
16,0.00025,8,Softmax,300,0.5148514851485149,0.4263728621471255,0.5148514851485149,1.6336299999966286
16,0.00025,8,Softmax,500,0.5148514851485149,0.4263728621471255,0.5148514851485149,1.6363571000110824
16,0.00025,8,Softmax,1000,0.5148514851485149,0.4263728621471255,0.5148514851485149,1.6506403999956092
16,0.00025,16,ReLU,50,0.4975247524752475,0.37704782441733375,0.4975247524752475,0.6441235999955097
16,0.00025,16,ReLU,100,0.4975247524752475,0.37704782441733375,0.4975247524752475,0.6030630999885034
16,0.00025,16,ReLU,300,0.4975247524752475,0.37704782441733375,0.4975247524752475,0.6830197000090266
16,0.00025,16,ReLU,500,0.4975247524752475,0.37704782441733375,0.4975247524752475,0.5993019999878015
16,0.00025,16,ReLU,1000,0.4975247524752475,0.37704782441733375,0.4975247524752475,0.6229472999984864
16,0.00025,16,Tanh,50,0.5668316831683169,0.5507951624528857,0.5668316831683168,0.9087624999956461
16,0.00025,16,Tanh,100,0.570957095709571,0.5563389799963958,0.570957095709571,1.014748600005987
16,0.00025,16,Tanh,300,0.570957095709571,0.5563389799963958,0.570957095709571,0.9838090999983251
16,0.00025,16,Tanh,500,0.570957095709571,0.5563389799963958,0.570957095709571,0.8878217000019504
16,0.00025,16,Tanh,1000,0.570957095709571,0.5563389799963958,0.570957095709571,0.9400108999980148
16,0.00025,16,Sigmoid,50,0.5503300330033003,0.5321368188505216,0.5503300330033003,0.7799360000062734
16,0.00025,16,Sigmoid,100,0.5503300330033003,0.5321368188505216,0.5503300330033003,0.7083699000068009
16,0.00025,16,Sigmoid,300,0.5503300330033003,0.5321368188505216,0.5503300330033003,0.6976990999974078
16,0.00025,16,Sigmoid,500,0.5503300330033003,0.5321368188505216,0.5503300330033003,0.7694425000081537
16,0.00025,16,Sigmoid,1000,0.5503300330033003,0.5321368188505216,0.5503300330033003,0.761398000002373
16,0.00025,16,GELU,50,0.4975247524752475,0.37704782441733375,0.4975247524752475,0.6082794999965699
16,0.00025,16,GELU,100,0.4975247524752475,0.37704782441733375,0.4975247524752475,0.5728340000059688
16,0.00025,16,GELU,300,0.4975247524752475,0.37704782441733375,0.4975247524752475,0.6336023999901954
16,0.00025,16,GELU,500,0.4975247524752475,0.37704782441733375,0.4975247524752475,0.6152849000063725
16,0.00025,16,GELU,1000,0.4975247524752475,0.37704782441733375,0.4975247524752475,0.5812103999924148
16,0.00025,16,Softmax,50,0.4975247524752475,0.37704782441733375,0.4975247524752475,0.6756350999930874
16,0.00025,16,Softmax,100,0.4975247524752475,0.37704782441733375,0.4975247524752475,0.7507034000009298
16,0.00025,16,Softmax,300,0.4975247524752475,0.37704782441733375,0.4975247524752475,0.6679893999971682
16,0.00025,16,Softmax,500,0.4975247524752475,0.37704782441733375,0.4975247524752475,0.6895923999982188
16,0.00025,16,Softmax,1000,0.4975247524752475,0.37704782441733375,0.4975247524752475,0.656965999995009
16,0.00025,32,ReLU,50,0.5099009900990099,0.40644467676031487,0.5099009900990099,0.4451841000118293
16,0.00025,32,ReLU,100,0.5099009900990099,0.40644467676031487,0.5099009900990099,0.433771700001671
16,0.00025,32,ReLU,300,0.5099009900990099,0.40644467676031487,0.5099009900990099,0.505343199998606
16,0.00025,32,ReLU,500,0.5099009900990099,0.40644467676031487,0.5099009900990099,0.4974634999962291
16,0.00025,32,ReLU,1000,0.5099009900990099,0.40644467676031487,0.5099009900990099,0.504162000012002
16,0.00025,32,Tanh,50,0.566006600660066,0.5482943917287352,0.566006600660066,0.44502769999962766
16,0.00025,32,Tanh,100,0.566006600660066,0.5482943917287352,0.566006600660066,0.4249963000038406
16,0.00025,32,Tanh,300,0.566006600660066,0.5482943917287352,0.566006600660066,0.4352245000045514
16,0.00025,32,Tanh,500,0.566006600660066,0.5482943917287352,0.566006600660066,0.43520650001300965
16,0.00025,32,Tanh,1000,0.566006600660066,0.5482943917287352,0.566006600660066,0.4552311000006739
16,0.00025,32,Sigmoid,50,0.5297029702970297,0.5159907183212268,0.5297029702970297,0.41335450000769924
16,0.00025,32,Sigmoid,100,0.5297029702970297,0.5159907183212268,0.5297029702970297,0.4542593000078341
16,0.00025,32,Sigmoid,300,0.5297029702970297,0.5159907183212268,0.5297029702970297,0.4358692000096198
16,0.00025,32,Sigmoid,500,0.5297029702970297,0.5159907183212268,0.5297029702970297,0.4526501999935135
16,0.00025,32,Sigmoid,1000,0.5297029702970297,0.5159907183212268,0.5297029702970297,0.4355393000005279
16,0.00025,32,GELU,50,0.5099009900990099,0.40644467676031487,0.5099009900990099,0.4348789000068791
16,0.00025,32,GELU,100,0.5099009900990099,0.40644467676031487,0.5099009900990099,0.4656179000012344
16,0.00025,32,GELU,300,0.5099009900990099,0.40644467676031487,0.5099009900990099,0.43679079999856185
16,0.00025,32,GELU,500,0.5099009900990099,0.40644467676031487,0.5099009900990099,0.46311019999848213
16,0.00025,32,GELU,1000,0.5099009900990099,0.40644467676031487,0.5099009900990099,0.44543110000086017
16,0.00025,32,Softmax,50,0.5099009900990099,0.40644467676031487,0.5099009900990099,0.4250014999997802
16,0.00025,32,Softmax,100,0.5099009900990099,0.40644467676031487,0.5099009900990099,0.4371594000112964
16,0.00025,32,Softmax,300,0.5099009900990099,0.40644467676031487,0.5099009900990099,0.4683342000062112
16,0.00025,32,Softmax,500,0.5099009900990099,0.40644467676031487,0.5099009900990099,0.4335118000017246
16,0.00025,32,Softmax,1000,0.5099009900990099,0.40644467676031487,0.5099009900990099,0.4665125000028638
16,0.00025,64,ReLU,50,0.5057755775577558,0.42047019323567375,0.5057755775577558,0.19274339999537915
16,0.00025,64,ReLU,100,0.5057755775577558,0.42047019323567375,0.5057755775577558,0.20293289999244735
16,0.00025,64,ReLU,300,0.5057755775577558,0.42047019323567375,0.5057755775577558,0.19285009999293834
16,0.00025,64,ReLU,500,0.5057755775577558,0.42047019323567375,0.5057755775577558,0.18245330000354443
16,0.00025,64,ReLU,1000,0.5057755775577558,0.42047019323567375,0.5057755775577558,0.1926373999885982
16,0.00025,64,Tanh,50,0.5585808580858086,0.5364186802352724,0.5585808580858086,0.2684043000044767
16,0.00025,64,Tanh,100,0.5585808580858086,0.5364186802352724,0.5585808580858086,0.26616159999684896
16,0.00025,64,Tanh,300,0.5585808580858086,0.5364186802352724,0.5585808580858086,0.2985599999956321
16,0.00025,64,Tanh,500,0.5585808580858086,0.5364186802352724,0.5585808580858086,0.26682619999337476
16,0.00025,64,Tanh,1000,0.5585808580858086,0.5364186802352724,0.5585808580858086,0.2575509000016609
16,0.00025,64,Sigmoid,50,0.5255775577557755,0.5092609479734921,0.5255775577557755,0.2870239999901969
16,0.00025,64,Sigmoid,100,0.5255775577557755,0.5092609479734921,0.5255775577557755,0.27614879999600817
16,0.00025,64,Sigmoid,300,0.5255775577557755,0.5092609479734921,0.5255775577557755,0.3400898999971105
16,0.00025,64,Sigmoid,500,0.5255775577557755,0.5092609479734921,0.5255775577557755,0.29843830000027083
16,0.00025,64,Sigmoid,1000,0.5255775577557755,0.5092609479734921,0.5255775577557755,0.31957159999001306
16,0.00025,64,GELU,50,0.5057755775577558,0.42047019323567375,0.5057755775577558,0.20383010001387447
16,0.00025,64,GELU,100,0.5057755775577558,0.42047019323567375,0.5057755775577558,0.2130269000044791
16,0.00025,64,GELU,300,0.5057755775577558,0.42047019323567375,0.5057755775577558,0.18114390000118874
16,0.00025,64,GELU,500,0.5057755775577558,0.42047019323567375,0.5057755775577558,0.22291389999736566
16,0.00025,64,GELU,1000,0.5057755775577558,0.42047019323567375,0.5057755775577558,0.19274519999453332
16,0.00025,64,Softmax,50,0.5057755775577558,0.42047019323567375,0.5057755775577558,0.19338920000882354
16,0.00025,64,Softmax,100,0.5057755775577558,0.42047019323567375,0.5057755775577558,0.19248440000228584
16,0.00025,64,Softmax,300,0.5057755775577558,0.42047019323567375,0.5057755775577558,0.18161959999997634
16,0.00025,64,Softmax,500,0.5057755775577558,0.42047019323567375,0.5057755775577558,0.21369319999939762
16,0.00025,64,Softmax,1000,0.5057755775577558,0.42047019323567375,0.5057755775577558,0.20404409999900963
16,0.00025,128,ReLU,50,0.5016501650165017,0.413443756790626,0.5016501650165016,0.14082469999266323
16,0.00025,128,ReLU,100,0.5016501650165017,0.413443756790626,0.5016501650165016,0.14064739999594167
16,0.00025,128,ReLU,300,0.5016501650165017,0.413443756790626,0.5016501650165016,0.13950169998861384
16,0.00025,128,ReLU,500,0.5016501650165017,0.413443756790626,0.5016501650165016,0.1305960000026971
16,0.00025,128,ReLU,1000,0.5016501650165017,0.413443756790626,0.5016501650165016,0.14110599999548867
16,0.00025,128,Tanh,50,0.5486798679867987,0.5159853955446336,0.5486798679867987,0.2257833999901777
16,0.00025,128,Tanh,100,0.5486798679867987,0.5159853955446336,0.5486798679867987,0.24493330001132563
16,0.00025,128,Tanh,300,0.5486798679867987,0.5159853955446336,0.5486798679867987,0.2239767999999458
16,0.00025,128,Tanh,500,0.5486798679867987,0.5159853955446336,0.5486798679867987,0.22326610000163782
16,0.00025,128,Tanh,1000,0.5486798679867987,0.5159853955446336,0.5486798679867987,0.2160911999962991
16,0.00025,128,Sigmoid,50,0.5057755775577558,0.46436373697316247,0.5057755775577558,0.13000189999002032
16,0.00025,128,Sigmoid,100,0.5057755775577558,0.46436373697316247,0.5057755775577558,0.13093729999673087
16,0.00025,128,Sigmoid,300,0.5057755775577558,0.46436373697316247,0.5057755775577558,0.12041250000766013
16,0.00025,128,Sigmoid,500,0.5057755775577558,0.46436373697316247,0.5057755775577558,0.11910940000962
16,0.00025,128,Sigmoid,1000,0.5057755775577558,0.46436373697316247,0.5057755775577558,0.12034080000012182
16,0.00025,128,GELU,50,0.5016501650165017,0.413443756790626,0.5016501650165016,0.14097860000038054
16,0.00025,128,GELU,100,0.5016501650165017,0.413443756790626,0.5016501650165016,0.14002790000813548
16,0.00025,128,GELU,300,0.5016501650165017,0.413443756790626,0.5016501650165016,0.13096979999681935
16,0.00025,128,GELU,500,0.5016501650165017,0.413443756790626,0.5016501650165016,0.14126559998840094
16,0.00025,128,GELU,1000,0.5016501650165017,0.413443756790626,0.5016501650165016,0.1304736000020057
16,0.00025,128,Softmax,50,0.5016501650165017,0.413443756790626,0.5016501650165016,0.15152990000206046
16,0.00025,128,Softmax,100,0.5016501650165017,0.413443756790626,0.5016501650165016,0.13277779999771155
16,0.00025,128,Softmax,300,0.5016501650165017,0.413443756790626,0.5016501650165016,0.14005220000399277
16,0.00025,128,Softmax,500,0.5016501650165017,0.413443756790626,0.5016501650165016,0.1318296000099508
16,0.00025,128,Softmax,1000,0.5016501650165017,0.413443756790626,0.5016501650165016,0.1407102999946801
32,0.01,8,ReLU,50,0.5132013201320131,0.5024699775962596,0.5132013201320133,0.9210233000048902
32,0.01,8,ReLU,100,0.5132013201320131,0.5024699775962596,0.5132013201320133,0.8663674000126775
32,0.01,8,ReLU,300,0.5132013201320131,0.5024699775962596,0.5132013201320133,0.8450126000097953
32,0.01,8,ReLU,500,0.5132013201320131,0.5024699775962596,0.5132013201320133,0.9147324999939883
32,0.01,8,ReLU,1000,0.5132013201320131,0.5024699775962596,0.5132013201320133,0.8768911000079243
32,0.01,8,Tanh,50,0.5264026402640264,0.5234125809739897,0.5264026402640264,0.9381808000034653
32,0.01,8,Tanh,100,0.5264026402640264,0.5234125809739897,0.5264026402640264,0.8849276999972062
32,0.01,8,Tanh,300,0.5264026402640264,0.5234125809739897,0.5264026402640264,0.9180608000024222
32,0.01,8,Tanh,500,0.5264026402640264,0.5234125809739897,0.5264026402640264,0.9725361000018893
32,0.01,8,Tanh,1000,0.5264026402640264,0.5234125809739897,0.5264026402640264,1.0323721999884583
32,0.01,8,Sigmoid,50,0.5255775577557755,0.5174808470568686,0.5255775577557755,0.9292588999960572
32,0.01,8,Sigmoid,100,0.5255775577557755,0.5174808470568686,0.5255775577557755,0.918553299998166
32,0.01,8,Sigmoid,300,0.5255775577557755,0.5174808470568686,0.5255775577557755,0.9186909999989439
32,0.01,8,Sigmoid,500,0.5255775577557755,0.5174808470568686,0.5255775577557755,0.8833211000019219
32,0.01,8,Sigmoid,1000,0.5255775577557755,0.5174808470568686,0.5255775577557755,0.8742425000091316
32,0.01,8,GELU,50,0.5132013201320131,0.5024699775962596,0.5132013201320133,0.8444901000038953
32,0.01,8,GELU,100,0.5132013201320131,0.5024699775962596,0.5132013201320133,0.9274956000008387
32,0.01,8,GELU,300,0.5132013201320131,0.5024699775962596,0.5132013201320133,0.9134506000118563
32,0.01,8,GELU,500,0.5132013201320131,0.5024699775962596,0.5132013201320133,0.9177700000000186
32,0.01,8,GELU,1000,0.5132013201320131,0.5024699775962596,0.5132013201320133,0.8342532999959076
32,0.01,8,Softmax,50,0.5132013201320131,0.5024699775962596,0.5132013201320133,0.8743371999880765
32,0.01,8,Softmax,100,0.5132013201320131,0.5024699775962596,0.5132013201320133,0.8295529000024544
32,0.01,8,Softmax,300,0.5132013201320131,0.5024699775962596,0.5132013201320133,0.8667314000049373
32,0.01,8,Softmax,500,0.5132013201320131,0.5024699775962596,0.5132013201320133,0.875918299992918
32,0.01,8,Softmax,1000,0.5132013201320131,0.5024699775962596,0.5132013201320133,0.8416563000064343
32,0.01,16,ReLU,50,0.5321782178217822,0.5313483952935978,0.5321782178217822,0.5267233999911696
32,0.01,16,ReLU,100,0.5321782178217822,0.5313483952935978,0.5321782178217822,0.5639498000091407
32,0.01,16,ReLU,300,0.5321782178217822,0.5313483952935978,0.5321782178217822,0.6230241000012029
32,0.01,16,ReLU,500,0.5321782178217822,0.5313483952935978,0.5321782178217822,0.6007600000011735
32,0.01,16,ReLU,1000,0.5321782178217822,0.5313483952935978,0.5321782178217822,0.5382413999905111
32,0.01,16,Tanh,50,0.5156765676567656,0.5143644089489582,0.5156765676567657,0.6309751000080723
32,0.01,16,Tanh,100,0.5156765676567656,0.5143644089489582,0.5156765676567657,0.6431072000123095
32,0.01,16,Tanh,300,0.5156765676567656,0.5143644089489582,0.5156765676567657,0.6018808999942848
32,0.01,16,Tanh,500,0.5156765676567656,0.5143644089489582,0.5156765676567657,0.6461433000076795
32,0.01,16,Tanh,1000,0.5156765676567656,0.5143644089489582,0.5156765676567657,0.6461950000084471
32,0.01,16,Sigmoid,50,0.5239273927392739,0.5227183848465387,0.5239273927392739,0.530806599999778
32,0.01,16,Sigmoid,100,0.5239273927392739,0.5227183848465387,0.5239273927392739,0.5098146000091219
32,0.01,16,Sigmoid,300,0.5239273927392739,0.5227183848465387,0.5239273927392739,0.446232999995118
32,0.01,16,Sigmoid,500,0.5239273927392739,0.5227183848465387,0.5239273927392739,0.4989515999914147
32,0.01,16,Sigmoid,1000,0.5239273927392739,0.5227183848465387,0.5239273927392739,0.497433299999102
32,0.01,16,GELU,50,0.5321782178217822,0.5313483952935978,0.5321782178217822,0.528017100004945
32,0.01,16,GELU,100,0.5321782178217822,0.5313483952935978,0.5321782178217822,0.5809682999970391
32,0.01,16,GELU,300,0.5321782178217822,0.5313483952935978,0.5321782178217822,0.5176049000001512
32,0.01,16,GELU,500,0.5321782178217822,0.5313483952935978,0.5321782178217822,0.5623707000049762
32,0.01,16,GELU,1000,0.5321782178217822,0.5313483952935978,0.5321782178217822,0.4976278999965871
32,0.01,16,Softmax,50,0.5321782178217822,0.5313483952935978,0.5321782178217822,0.5602365999948233
32,0.01,16,Softmax,100,0.5321782178217822,0.5313483952935978,0.5321782178217822,0.5273491000116337
32,0.01,16,Softmax,300,0.5321782178217822,0.5313483952935978,0.5321782178217822,0.5297813000070164
32,0.01,16,Softmax,500,0.5321782178217822,0.5313483952935978,0.5321782178217822,0.4983216000109678
32,0.01,16,Softmax,1000,0.5321782178217822,0.5313483952935978,0.5321782178217822,0.5396788999933051
32,0.01,32,ReLU,50,0.5536303630363036,0.5399501706000928,0.5536303630363036,0.35011539999686647
32,0.01,32,ReLU,100,0.5536303630363036,0.5399501706000928,0.5536303630363036,0.39379500001086853
32,0.01,32,ReLU,300,0.5536303630363036,0.5399501706000928,0.5536303630363036,0.3927014000073541
32,0.01,32,ReLU,500,0.5536303630363036,0.5399501706000928,0.5536303630363036,0.3800928999989992
32,0.01,32,ReLU,1000,0.5536303630363036,0.5399501706000928,0.5536303630363036,0.37175950000528246
32,0.01,32,Tanh,50,0.5313531353135313,0.514159891598916,0.5313531353135313,0.34930840000743046
32,0.01,32,Tanh,100,0.5313531353135313,0.514159891598916,0.5313531353135313,0.3507434000057401
32,0.01,32,Tanh,300,0.5313531353135313,0.514159891598916,0.5313531353135313,0.3390130999905523
32,0.01,32,Tanh,500,0.5313531353135313,0.514159891598916,0.5313531353135313,0.3603043000039179
32,0.01,32,Tanh,1000,0.5313531353135313,0.514159891598916,0.5313531353135313,0.3938560999959009
32,0.01,32,Sigmoid,50,0.5371287128712872,0.5361026680175616,0.5371287128712872,0.34913800000504125
32,0.01,32,Sigmoid,100,0.5371287128712872,0.5361026680175616,0.5371287128712872,0.33069900001282804
32,0.01,32,Sigmoid,300,0.5371287128712872,0.5361026680175616,0.5371287128712872,0.3524313000089023
32,0.01,32,Sigmoid,500,0.5371287128712872,0.5361026680175616,0.5371287128712872,0.3310284000035608
32,0.01,32,Sigmoid,1000,0.5371287128712872,0.5361026680175616,0.5371287128712872,0.34367719999863766
32,0.01,32,GELU,50,0.5536303630363036,0.5399501706000928,0.5536303630363036,0.4261263000080362
32,0.01,32,GELU,100,0.5536303630363036,0.5399501706000928,0.5536303630363036,0.4223574999923585
32,0.01,32,GELU,300,0.5536303630363036,0.5399501706000928,0.5536303630363036,0.3923408999980893
32,0.01,32,GELU,500,0.5536303630363036,0.5399501706000928,0.5536303630363036,0.457000499998685
32,0.01,32,GELU,1000,0.5536303630363036,0.5399501706000928,0.5536303630363036,0.4686784999939846
32,0.01,32,Softmax,50,0.5536303630363036,0.5399501706000928,0.5536303630363036,0.3800879000045825
32,0.01,32,Softmax,100,0.5536303630363036,0.5399501706000928,0.5536303630363036,0.42472759999509435
32,0.01,32,Softmax,300,0.5536303630363036,0.5399501706000928,0.5536303630363036,0.45528760000888724
32,0.01,32,Softmax,500,0.5536303630363036,0.5399501706000928,0.5536303630363036,0.40302369999699295
32,0.01,32,Softmax,1000,0.5536303630363036,0.5399501706000928,0.5536303630363036,0.39325609999650624
32,0.01,64,ReLU,50,0.566006600660066,0.5597925159921779,0.566006600660066,0.27707009999721777
32,0.01,64,ReLU,100,0.566006600660066,0.5597925159921779,0.566006600660066,0.2994252999924356
32,0.01,64,ReLU,300,0.566006600660066,0.5597925159921779,0.566006600660066,0.2872239999996964
32,0.01,64,ReLU,500,0.566006600660066,0.5597925159921779,0.566006600660066,0.2875121999968542
32,0.01,64,ReLU,1000,0.566006600660066,0.5597925159921779,0.566006600660066,0.26530679999268614
32,0.01,64,Tanh,50,0.5305280528052806,0.5285249295311488,0.5305280528052805,0.3097811999905389
32,0.01,64,Tanh,100,0.5305280528052806,0.5285249295311488,0.5305280528052805,0.2763550999952713
32,0.01,64,Tanh,300,0.5305280528052806,0.5285249295311488,0.5305280528052805,0.24442259999341331
32,0.01,64,Tanh,500,0.5305280528052806,0.5285249295311488,0.5305280528052805,0.2666748000046937
32,0.01,64,Tanh,1000,0.5305280528052806,0.5285249295311488,0.5305280528052805,0.27860489999875426
32,0.01,64,Sigmoid,50,0.5272277227722773,0.5151874777917476,0.5272277227722773,0.23633919999701902
32,0.01,64,Sigmoid,100,0.5272277227722773,0.5151874777917476,0.5272277227722773,0.2648590000026161
32,0.01,64,Sigmoid,300,0.5272277227722773,0.5151874777917476,0.5272277227722773,0.23573729999770876
32,0.01,64,Sigmoid,500,0.5272277227722773,0.5151874777917476,0.5272277227722773,0.28160529999877326
32,0.01,64,Sigmoid,1000,0.5272277227722773,0.5151874777917476,0.5272277227722773,0.24541920000046957
32,0.01,64,GELU,50,0.566006600660066,0.5597925159921779,0.566006600660066,0.234021299998858
32,0.01,64,GELU,100,0.566006600660066,0.5597925159921779,0.566006600660066,0.25591749999148306
32,0.01,64,GELU,300,0.566006600660066,0.5597925159921779,0.566006600660066,0.2774598999967566
32,0.01,64,GELU,500,0.566006600660066,0.5597925159921779,0.566006600660066,0.23586319999594707
32,0.01,64,GELU,1000,0.566006600660066,0.5597925159921779,0.566006600660066,0.26715230000263546
32,0.01,64,Softmax,50,0.566006600660066,0.5597925159921779,0.566006600660066,0.2458557999925688
32,0.01,64,Softmax,100,0.566006600660066,0.5597925159921779,0.566006600660066,0.23573169999872334
32,0.01,64,Softmax,300,0.566006600660066,0.5597925159921779,0.566006600660066,0.2555149999971036
32,0.01,64,Softmax,500,0.566006600660066,0.5597925159921779,0.566006600660066,0.26447969999571797
32,0.01,64,Softmax,1000,0.566006600660066,0.5597925159921779,0.566006600660066,0.2573919999995269
32,0.01,128,ReLU,50,0.5610561056105611,0.5536616161616161,0.5610561056105611,0.23523049999494106
32,0.01,128,ReLU,100,0.5610561056105611,0.5536616161616161,0.5610561056105611,0.2351026000105776
32,0.01,128,ReLU,300,0.5610561056105611,0.5536616161616161,0.5610561056105611,0.2443545999994967
32,0.01,128,ReLU,500,0.5610561056105611,0.5536616161616161,0.5610561056105611,0.23367879999568686
32,0.01,128,ReLU,1000,0.5610561056105611,0.5536616161616161,0.5610561056105611,0.255978100001812
32,0.01,128,Tanh,50,0.5363036303630363,0.5338461538461539,0.5363036303630363,0.1730132000084268
32,0.01,128,Tanh,100,0.5363036303630363,0.5338461538461539,0.5363036303630363,0.18292310000106227
32,0.01,128,Tanh,300,0.5363036303630363,0.5338461538461539,0.5363036303630363,0.17188969999551773
32,0.01,128,Tanh,500,0.5363036303630363,0.5338461538461539,0.5363036303630363,0.16136339999502525
32,0.01,128,Tanh,1000,0.5363036303630363,0.5338461538461539,0.5363036303630363,0.17229159999988042
32,0.01,128,Sigmoid,50,0.533003300330033,0.5329219003627728,0.533003300330033,0.1719947000092361
32,0.01,128,Sigmoid,100,0.533003300330033,0.5329219003627728,0.533003300330033,0.21448510000482202
32,0.01,128,Sigmoid,300,0.533003300330033,0.5329219003627728,0.533003300330033,0.18322469999839086
32,0.01,128,Sigmoid,500,0.533003300330033,0.5329219003627728,0.533003300330033,0.1930170999985421
32,0.01,128,Sigmoid,1000,0.533003300330033,0.5329219003627728,0.533003300330033,0.1935424000112107
32,0.01,128,GELU,50,0.5610561056105611,0.5536616161616161,0.5610561056105611,0.23429140000371262
32,0.01,128,GELU,100,0.5610561056105611,0.5536616161616161,0.5610561056105611,0.2786060000071302
32,0.01,128,GELU,300,0.5610561056105611,0.5536616161616161,0.5610561056105611,0.26741909999691416
32,0.01,128,GELU,500,0.5610561056105611,0.5536616161616161,0.5610561056105611,0.2678970999986632
32,0.01,128,GELU,1000,0.5610561056105611,0.5536616161616161,0.5610561056105611,0.278297199998633
32,0.01,128,Softmax,50,0.5610561056105611,0.5536616161616161,0.5610561056105611,0.23606730000756215
32,0.01,128,Softmax,100,0.5610561056105611,0.5536616161616161,0.5610561056105611,0.24774360000446904
32,0.01,128,Softmax,300,0.5610561056105611,0.5536616161616161,0.5610561056105611,0.26763849999406375
32,0.01,128,Softmax,500,0.5610561056105611,0.5536616161616161,0.5610561056105611,0.2999963999900501
32,0.01,128,Softmax,1000,0.5610561056105611,0.5536616161616161,0.5610561056105611,0.2458760000008624
32,0.001,8,ReLU,50,0.5651815181518152,0.5588675885874832,0.5651815181518152,1.6154111999931047
32,0.001,8,ReLU,100,0.5651815181518152,0.5588675885874832,0.5651815181518152,1.6850153999985196
32,0.001,8,ReLU,300,0.5651815181518152,0.5588675885874832,0.5651815181518152,1.6897928999969736
32,0.001,8,ReLU,500,0.5651815181518152,0.5588675885874832,0.5651815181518152,1.7026936000038404
32,0.001,8,ReLU,1000,0.5651815181518152,0.5588675885874832,0.5651815181518152,1.7272207000060007
32,0.001,8,Tanh,50,0.5676567656765676,0.5547953463983377,0.5676567656765676,1.4659296000027098
32,0.001,8,Tanh,100,0.5676567656765676,0.5547953463983377,0.5676567656765676,1.5690756999974838
32,0.001,8,Tanh,300,0.5676567656765676,0.5547953463983377,0.5676567656765676,1.6706166999938432
32,0.001,8,Tanh,500,0.5676567656765676,0.5547953463983377,0.5676567656765676,1.6656650999939302
32,0.001,8,Tanh,1000,0.5676567656765676,0.5547953463983377,0.5676567656765676,1.6348194000020158
32,0.001,8,Sigmoid,50,0.5511551155115512,0.5403291251495452,0.5511551155115512,1.2874938000022667
32,0.001,8,Sigmoid,100,0.5511551155115512,0.5403291251495452,0.5511551155115512,1.3209617999964394
32,0.001,8,Sigmoid,300,0.5511551155115512,0.5403291251495452,0.5511551155115512,1.336983200002578
32,0.001,8,Sigmoid,500,0.5511551155115512,0.5403291251495452,0.5511551155115512,1.2874566000100458
32,0.001,8,Sigmoid,1000,0.5511551155115512,0.5403291251495452,0.5511551155115512,1.2662087000062456
32,0.001,8,GELU,50,0.5651815181518152,0.5588675885874832,0.5651815181518152,1.6010590999940177
32,0.001,8,GELU,100,0.5651815181518152,0.5588675885874832,0.5651815181518152,1.6972973000083584
32,0.001,8,GELU,300,0.5651815181518152,0.5588675885874832,0.5651815181518152,1.684468499996001
32,0.001,8,GELU,500,0.5651815181518152,0.5588675885874832,0.5651815181518152,1.7959740000078455
32,0.001,8,GELU,1000,0.5651815181518152,0.5588675885874832,0.5651815181518152,1.7493668999959482
32,0.001,8,Softmax,50,0.5651815181518152,0.5588675885874832,0.5651815181518152,1.5516560999967624
32,0.001,8,Softmax,100,0.5651815181518152,0.5588675885874832,0.5651815181518152,1.7033088999887696
32,0.001,8,Softmax,300,0.5651815181518152,0.5588675885874832,0.5651815181518152,1.7707141999999294
32,0.001,8,Softmax,500,0.5651815181518152,0.5588675885874832,0.5651815181518152,1.6575176999904215
32,0.001,8,Softmax,1000,0.5651815181518152,0.5588675885874832,0.5651815181518152,1.6974715999967884
32,0.001,16,ReLU,50,0.551980198019802,0.5476191294509216,0.551980198019802,0.8174827000038931
32,0.001,16,ReLU,100,0.551980198019802,0.5476191294509216,0.551980198019802,0.8735097000026144
32,0.001,16,ReLU,300,0.551980198019802,0.5476191294509216,0.551980198019802,0.8557254000043031
32,0.001,16,ReLU,500,0.551980198019802,0.5476191294509216,0.551980198019802,0.8888833000091836
32,0.001,16,ReLU,1000,0.551980198019802,0.5476191294509216,0.551980198019802,0.8755153000092832
32,0.001,16,Tanh,50,0.5470297029702971,0.5311577174705735,0.5470297029702971,0.6881314000056591
32,0.001,16,Tanh,100,0.5470297029702971,0.5311577174705735,0.5470297029702971,0.6996797000028891
32,0.001,16,Tanh,300,0.5470297029702971,0.5311577174705735,0.5470297029702971,0.6539475000026869
32,0.001,16,Tanh,500,0.5470297029702971,0.5311577174705735,0.5470297029702971,0.6853668999974616
32,0.001,16,Tanh,1000,0.5470297029702971,0.5311577174705735,0.5470297029702971,0.6557330999930855
32,0.001,16,Sigmoid,50,0.5420792079207921,0.5374691518892556,0.5420792079207921,0.6972956999961752
32,0.001,16,Sigmoid,100,0.5420792079207921,0.5374691518892556,0.5420792079207921,0.7519766000041272
32,0.001,16,Sigmoid,300,0.5420792079207921,0.5374691518892556,0.5420792079207921,0.6363333000044804
32,0.001,16,Sigmoid,500,0.5420792079207921,0.5374691518892556,0.5420792079207921,0.7261978000024101
32,0.001,16,Sigmoid,1000,0.5420792079207921,0.5374691518892556,0.5420792079207921,0.693830699994578
32,0.001,16,GELU,50,0.551980198019802,0.5476191294509216,0.551980198019802,0.8862819999922067
32,0.001,16,GELU,100,0.551980198019802,0.5476191294509216,0.551980198019802,0.9080136999982642
32,0.001,16,GELU,300,0.551980198019802,0.5476191294509216,0.551980198019802,0.8655359000113094
32,0.001,16,GELU,500,0.551980198019802,0.5476191294509216,0.551980198019802,0.8465059000009205
32,0.001,16,GELU,1000,0.551980198019802,0.5476191294509216,0.551980198019802,0.9501824000035413
32,0.001,16,Softmax,50,0.551980198019802,0.5476191294509216,0.551980198019802,0.8921514999965439
32,0.001,16,Softmax,100,0.551980198019802,0.5476191294509216,0.551980198019802,0.9344797000085237
32,0.001,16,Softmax,300,0.551980198019802,0.5476191294509216,0.551980198019802,0.8646640999941155
32,0.001,16,Softmax,500,0.551980198019802,0.5476191294509216,0.551980198019802,0.8970002999994904
32,0.001,16,Softmax,1000,0.551980198019802,0.5476191294509216,0.551980198019802,0.8663331999996444
32,0.001,32,ReLU,50,0.5651815181518152,0.5575671053424518,0.5651815181518152,0.5506481999909738
32,0.001,32,ReLU,100,0.5651815181518152,0.5575671053424518,0.5651815181518152,0.6876213000068674
32,0.001,32,ReLU,300,0.5651815181518152,0.5575671053424518,0.5651815181518152,0.6253749000024982
32,0.001,32,ReLU,500,0.5651815181518152,0.5575671053424518,0.5651815181518152,0.7598111999977846
32,0.001,32,ReLU,1000,0.5651815181518152,0.5575671053424518,0.5651815181518152,0.6960556000121869
32,0.001,32,Tanh,50,0.5536303630363036,0.5478531901322254,0.5536303630363036,0.5090057999914279
32,0.001,32,Tanh,100,0.5594059405940595,0.5532737889810737,0.5594059405940595,0.6615396999986842
32,0.001,32,Tanh,300,0.5594059405940595,0.5532737889810737,0.5594059405940595,0.6651558000012301
32,0.001,32,Tanh,500,0.5594059405940595,0.5532737889810737,0.5594059405940595,0.6519612999982201
32,0.001,32,Tanh,1000,0.5594059405940595,0.5532737889810737,0.5594059405940595,0.6465375999978278
32,0.001,32,Sigmoid,50,0.5387788778877888,0.5350180465772585,0.5387788778877888,0.4725967000122182
32,0.001,32,Sigmoid,100,0.5387788778877888,0.5350180465772585,0.5387788778877888,0.4864522999996552
32,0.001,32,Sigmoid,300,0.5387788778877888,0.5350180465772585,0.5387788778877888,0.43497699999716133
32,0.001,32,Sigmoid,500,0.5387788778877888,0.5350180465772585,0.5387788778877888,0.46383169999171514
32,0.001,32,Sigmoid,1000,0.5387788778877888,0.5350180465772585,0.5387788778877888,0.4884447999938857
32,0.001,32,GELU,50,0.5651815181518152,0.5575671053424518,0.5651815181518152,0.5690067999967141
32,0.001,32,GELU,100,0.5651815181518152,0.5575671053424518,0.5651815181518152,0.5906354000035208
32,0.001,32,GELU,300,0.5651815181518152,0.5575671053424518,0.5651815181518152,0.613262200000463
32,0.001,32,GELU,500,0.5651815181518152,0.5575671053424518,0.5651815181518152,0.5713390999881085
32,0.001,32,GELU,1000,0.5651815181518152,0.5575671053424518,0.5651815181518152,0.6446117999876151
32,0.001,32,Softmax,50,0.5651815181518152,0.5575671053424518,0.5651815181518152,0.6326622999913525
32,0.001,32,Softmax,100,0.5651815181518152,0.5575671053424518,0.5651815181518152,0.6211673999932827
32,0.001,32,Softmax,300,0.5651815181518152,0.5575671053424518,0.5651815181518152,0.6246557999984361
32,0.001,32,Softmax,500,0.5651815181518152,0.5575671053424518,0.5651815181518152,0.6128204999986337
32,0.001,32,Softmax,1000,0.5651815181518152,0.5575671053424518,0.5651815181518152,0.6441027999971993
32,0.001,64,ReLU,50,0.5313531353135313,0.5281409019126162,0.5313531353135313,0.296619799992186
32,0.001,64,ReLU,100,0.5313531353135313,0.5281409019126162,0.5313531353135313,0.4010036000108812
32,0.001,64,ReLU,300,0.5313531353135313,0.5281409019126162,0.5313531353135313,0.6891363000031561
32,0.001,64,ReLU,500,0.5313531353135313,0.5281409019126162,0.5313531353135313,0.4972395999939181
32,0.001,64,ReLU,1000,0.5313531353135313,0.5281409019126162,0.5313531353135313,0.42370179999852553
32,0.001,64,Tanh,50,0.5783828382838283,0.5732438475664167,0.5783828382838284,0.4237130000110483
32,0.001,64,Tanh,100,0.5783828382838283,0.5732438475664167,0.5783828382838284,0.38295990000187885
32,0.001,64,Tanh,300,0.5783828382838283,0.5732438475664167,0.5783828382838284,0.3846036000031745
32,0.001,64,Tanh,500,0.5783828382838283,0.5732438475664167,0.5783828382838284,0.3726100000058068
32,0.001,64,Tanh,1000,0.5783828382838283,0.5732438475664167,0.5783828382838284,0.39368750000721775
32,0.001,64,Sigmoid,50,0.5453795379537953,0.5426869228477808,0.5453795379537953,0.31943040000624023
32,0.001,64,Sigmoid,100,0.5453795379537953,0.5426869228477808,0.5453795379537953,0.27645900000061374
32,0.001,64,Sigmoid,300,0.5453795379537953,0.5426869228477808,0.5453795379537953,0.29762399999890476
32,0.001,64,Sigmoid,500,0.5453795379537953,0.5426869228477808,0.5453795379537953,0.2776436999993166
32,0.001,64,Sigmoid,1000,0.5453795379537953,0.5426869228477808,0.5453795379537953,0.26780619999044575
32,0.001,64,GELU,50,0.5313531353135313,0.5281409019126162,0.5313531353135313,0.3093656999990344
32,0.001,64,GELU,100,0.5313531353135313,0.5281409019126162,0.5313531353135313,0.3794474000023911
32,0.001,64,GELU,300,0.5313531353135313,0.5281409019126162,0.5313531353135313,0.370238799994695
32,0.001,64,GELU,500,0.5313531353135313,0.5281409019126162,0.5313531353135313,0.36006130000168923
32,0.001,64,GELU,1000,0.5313531353135313,0.5281409019126162,0.5313531353135313,0.3985730999993393
32,0.001,64,Softmax,50,0.5313531353135313,0.5281409019126162,0.5313531353135313,0.34081890000379644
32,0.001,64,Softmax,100,0.5313531353135313,0.5281409019126162,0.5313531353135313,0.36869190000288654
32,0.001,64,Softmax,300,0.5313531353135313,0.5281409019126162,0.5313531353135313,0.393761600003927
32,0.001,64,Softmax,500,0.5313531353135313,0.5281409019126162,0.5313531353135313,0.3479335000010906
32,0.001,64,Softmax,1000,0.5313531353135313,0.5281409019126162,0.5313531353135313,0.32811539999966044
32,0.001,128,ReLU,50,0.5,0.49179506624560276,0.5,0.19230030001199339
32,0.001,128,ReLU,100,0.5,0.49179506624560276,0.5,0.20332939999934752
32,0.001,128,ReLU,300,0.5,0.49179506624560276,0.5,0.20363820000784472
32,0.001,128,ReLU,500,0.5,0.49179506624560276,0.5,0.19274260000383947
32,0.001,128,ReLU,1000,0.5,0.49179506624560276,0.5,0.2060905999969691
32,0.001,128,Tanh,50,0.5643564356435644,0.5617200919384046,0.5643564356435643,0.22413600000436418
32,0.001,128,Tanh,100,0.5643564356435644,0.5617200919384046,0.5643564356435643,0.2244702000025427
32,0.001,128,Tanh,300,0.5643564356435644,0.5617200919384046,0.5643564356435643,0.24688880000030622
32,0.001,128,Tanh,500,0.5643564356435644,0.5617200919384046,0.5643564356435643,0.2240449999953853
32,0.001,128,Tanh,1000,0.5643564356435644,0.5617200919384046,0.5643564356435643,0.23730429999704938
32,0.001,128,Sigmoid,50,0.5544554455445545,0.5487738960652158,0.5544554455445545,0.2556083999952534
32,0.001,128,Sigmoid,100,0.5577557755775577,0.5530776681930256,0.5577557755775577,0.327773500001058
32,0.001,128,Sigmoid,300,0.5577557755775577,0.5530776681930256,0.5577557755775577,0.2981504000053974
32,0.001,128,Sigmoid,500,0.5577557755775577,0.5530776681930256,0.5577557755775577,0.2851770999986911
32,0.001,128,Sigmoid,1000,0.5577557755775577,0.5530776681930256,0.5577557755775577,0.27690789999905974
32,0.001,128,GELU,50,0.5,0.49179506624560276,0.5,0.22138509999786038
32,0.001,128,GELU,100,0.5,0.49179506624560276,0.5,0.19303080000099726
32,0.001,128,GELU,300,0.5,0.49179506624560276,0.5,0.1830980999948224
32,0.001,128,GELU,500,0.5,0.49179506624560276,0.5,0.20182529999874532
32,0.001,128,GELU,1000,0.5,0.49179506624560276,0.5,0.20238550000067335
32,0.001,128,Softmax,50,0.5,0.49179506624560276,0.5,0.20342340000206605
32,0.001,128,Softmax,100,0.5,0.49179506624560276,0.5,0.20264319999841973
32,0.001,128,Softmax,300,0.5,0.49179506624560276,0.5,0.1927496999996947
32,0.001,128,Softmax,500,0.5,0.49179506624560276,0.5,0.1943299999984447
32,0.001,128,Softmax,1000,0.5,0.49179506624560276,0.5,0.20222259999718517
32,0.0001,8,ReLU,50,0.5115511551155115,0.5039531430183263,0.5115511551155115,1.4657795000093756
32,0.0001,8,ReLU,100,0.5115511551155115,0.5039531430183263,0.5115511551155115,1.4449967999971705
32,0.0001,8,ReLU,300,0.5115511551155115,0.5039531430183263,0.5115511551155115,1.664449899995816
32,0.0001,8,ReLU,500,0.5115511551155115,0.5039531430183263,0.5115511551155115,1.6137820000003558
32,0.0001,8,ReLU,1000,0.5115511551155115,0.5039531430183263,0.5115511551155115,1.4985018000006676
32,0.0001,8,Tanh,50,0.5651815181518152,0.563684205852437,0.5651815181518152,1.599430599992047
32,0.0001,8,Tanh,100,0.5651815181518152,0.563684205852437,0.5651815181518152,1.5354051999893272
32,0.0001,8,Tanh,300,0.5651815181518152,0.563684205852437,0.5651815181518152,1.550682200002484
32,0.0001,8,Tanh,500,0.5651815181518152,0.563684205852437,0.5651815181518152,1.5811222000047565
32,0.0001,8,Tanh,1000,0.5651815181518152,0.563684205852437,0.5651815181518152,1.515332099996158
32,0.0001,8,Sigmoid,50,0.5255775577557755,0.5239438678655621,0.5255775577557755,1.3137878999987151
32,0.0001,8,Sigmoid,100,0.5255775577557755,0.5239438678655621,0.5255775577557755,1.1931269999913638
32,0.0001,8,Sigmoid,300,0.5255775577557755,0.5239438678655621,0.5255775577557755,1.282075499999337
32,0.0001,8,Sigmoid,500,0.5255775577557755,0.5239438678655621,0.5255775577557755,1.3169325000053504
32,0.0001,8,Sigmoid,1000,0.5255775577557755,0.5239438678655621,0.5255775577557755,1.29717890000029
32,0.0001,8,GELU,50,0.5115511551155115,0.5039531430183263,0.5115511551155115,1.4958528999995906
32,0.0001,8,GELU,100,0.5115511551155115,0.5039531430183263,0.5115511551155115,1.4617805999878328
32,0.0001,8,GELU,300,0.5115511551155115,0.5039531430183263,0.5115511551155115,1.5392520000023069
32,0.0001,8,GELU,500,0.5115511551155115,0.5039531430183263,0.5115511551155115,1.429700499997125
32,0.0001,8,GELU,1000,0.5115511551155115,0.5039531430183263,0.5115511551155115,1.5678607000008924
32,0.0001,8,Softmax,50,0.5115511551155115,0.5039531430183263,0.5115511551155115,1.4866068999981508
32,0.0001,8,Softmax,100,0.5115511551155115,0.5039531430183263,0.5115511551155115,1.400512299995171
32,0.0001,8,Softmax,300,0.5115511551155115,0.5039531430183263,0.5115511551155115,1.4931745999929262
32,0.0001,8,Softmax,500,0.5115511551155115,0.5039531430183263,0.5115511551155115,1.6023573000129545
32,0.0001,8,Softmax,1000,0.5115511551155115,0.5039531430183263,0.5115511551155115,1.566559500002768
32,0.0001,16,ReLU,50,0.5057755775577558,0.48096222329145455,0.5057755775577558,0.8415528000041377
32,0.0001,16,ReLU,100,0.5057755775577558,0.48096222329145455,0.5057755775577558,0.8130295000009937
32,0.0001,16,ReLU,300,0.5057755775577558,0.48096222329145455,0.5057755775577558,0.854424499993911
32,0.0001,16,ReLU,500,0.5057755775577558,0.48096222329145455,0.5057755775577558,0.839591299998574
32,0.0001,16,ReLU,1000,0.5057755775577558,0.48096222329145455,0.5057755775577558,0.8946234000031836
32,0.0001,16,Tanh,50,0.5346534653465347,0.534607843137255,0.5346534653465347,0.8468647000117926
32,0.0001,16,Tanh,100,0.5346534653465347,0.534607843137255,0.5346534653465347,0.8761238000006415
32,0.0001,16,Tanh,300,0.5346534653465347,0.534607843137255,0.5346534653465347,0.9054096000036225
32,0.0001,16,Tanh,500,0.5346534653465347,0.534607843137255,0.5346534653465347,0.9268480000027921
32,0.0001,16,Tanh,1000,0.5346534653465347,0.534607843137255,0.5346534653465347,0.9566830999974627
32,0.0001,16,Sigmoid,50,0.5,0.47223316039837315,0.5,0.6212761000060709
32,0.0001,16,Sigmoid,100,0.5,0.47223316039837315,0.5,0.6411265000060666
32,0.0001,16,Sigmoid,300,0.5,0.47223316039837315,0.5,0.5912174999975832
32,0.0001,16,Sigmoid,500,0.5,0.47223316039837315,0.5,0.5895846000057645
32,0.0001,16,Sigmoid,1000,0.5,0.47223316039837315,0.5,0.5913462000025902
32,0.0001,16,GELU,50,0.5057755775577558,0.48096222329145455,0.5057755775577558,0.8556614999979502
32,0.0001,16,GELU,100,0.5057755775577558,0.48096222329145455,0.5057755775577558,0.9053134999994654
32,0.0001,16,GELU,300,0.5057755775577558,0.48096222329145455,0.5057755775577558,0.8730205000028946
32,0.0001,16,GELU,500,0.5057755775577558,0.48096222329145455,0.5057755775577558,0.850116400004481
32,0.0001,16,GELU,1000,0.5057755775577558,0.48096222329145455,0.5057755775577558,0.8756219999922905
32,0.0001,16,Softmax,50,0.5057755775577558,0.48096222329145455,0.5057755775577558,0.8531961999979103
32,0.0001,16,Softmax,100,0.5057755775577558,0.48096222329145455,0.5057755775577558,0.8205671999894548
32,0.0001,16,Softmax,300,0.5057755775577558,0.48096222329145455,0.5057755775577558,0.8126251000066986
32,0.0001,16,Softmax,500,0.5057755775577558,0.48096222329145455,0.5057755775577558,0.9072886999929324
32,0.0001,16,Softmax,1000,0.5057755775577558,0.48096222329145455,0.5057755775577558,0.8461151999945287
32,0.0001,32,ReLU,50,0.46947194719471946,0.42836856231006826,0.46947194719471946,0.3111592000059318
32,0.0001,32,ReLU,100,0.46947194719471946,0.42836856231006826,0.46947194719471946,0.34039080000366084
32,0.0001,32,ReLU,300,0.46947194719471946,0.42836856231006826,0.46947194719471946,0.366375199999311
32,0.0001,32,ReLU,500,0.46947194719471946,0.42836856231006826,0.46947194719471946,0.3510311999998521
32,0.0001,32,ReLU,1000,0.46947194719471946,0.42836856231006826,0.46947194719471946,0.3397882999997819
32,0.0001,32,Tanh,50,0.5420792079207921,0.5379190626762445,0.5420792079207921,0.47799420000228565
32,0.0001,32,Tanh,100,0.5420792079207921,0.5379190626762445,0.5420792079207921,0.5880073000007542
32,0.0001,32,Tanh,300,0.5420792079207921,0.5379190626762445,0.5420792079207921,0.541834799994831
32,0.0001,32,Tanh,500,0.5420792079207921,0.5379190626762445,0.5420792079207921,0.5616570999991382
32,0.0001,32,Tanh,1000,0.5420792079207921,0.5379190626762445,0.5420792079207921,0.5821240000077523
32,0.0001,32,Sigmoid,50,0.49174917491749176,0.41933797909407666,0.49174917491749176,0.23464740000781603
32,0.0001,32,Sigmoid,100,0.49174917491749176,0.41933797909407666,0.49174917491749176,0.22583520000625867
32,0.0001,32,Sigmoid,300,0.49174917491749176,0.41933797909407666,0.49174917491749176,0.24608009999792557
32,0.0001,32,Sigmoid,500,0.49174917491749176,0.41933797909407666,0.49174917491749176,0.2264225999970222
32,0.0001,32,Sigmoid,1000,0.49174917491749176,0.41933797909407666,0.49174917491749176,0.2667121999984374
32,0.0001,32,GELU,50,0.46947194719471946,0.42836856231006826,0.46947194719471946,0.3513826000125846
32,0.0001,32,GELU,100,0.46947194719471946,0.42836856231006826,0.46947194719471946,0.37160790000052657
32,0.0001,32,GELU,300,0.46947194719471946,0.42836856231006826,0.46947194719471946,0.3711724999884609
32,0.0001,32,GELU,500,0.46947194719471946,0.42836856231006826,0.46947194719471946,0.33160670001234394
32,0.0001,32,GELU,1000,0.46947194719471946,0.42836856231006826,0.46947194719471946,0.3484580999938771
32,0.0001,32,Softmax,50,0.46947194719471946,0.42836856231006826,0.46947194719471946,0.31627510000544135
32,0.0001,32,Softmax,100,0.46947194719471946,0.42836856231006826,0.46947194719471946,0.36110210001061205
32,0.0001,32,Softmax,300,0.46947194719471946,0.42836856231006826,0.46947194719471946,0.3391298999922583
32,0.0001,32,Softmax,500,0.46947194719471946,0.42836856231006826,0.46947194719471946,0.3806252999929711
32,0.0001,32,Softmax,1000,0.46947194719471946,0.42836856231006826,0.46947194719471946,0.38011399999959394
32,0.0001,64,ReLU,50,0.471947194719472,0.4137050082387265,0.47194719471947194,0.20356390000961255
32,0.0001,64,ReLU,100,0.471947194719472,0.4137050082387265,0.47194719471947194,0.203159600001527
32,0.0001,64,ReLU,300,0.471947194719472,0.4137050082387265,0.47194719471947194,0.19379989999288227
32,0.0001,64,ReLU,500,0.471947194719472,0.4137050082387265,0.47194719471947194,0.21490189999167342
32,0.0001,64,ReLU,1000,0.471947194719472,0.4137050082387265,0.47194719471947194,0.21251930001017172
32,0.0001,64,Tanh,50,0.4892739273927392,0.4491778724903911,0.4892739273927393,0.2559482999931788
32,0.0001,64,Tanh,100,0.4892739273927392,0.4491778724903911,0.4892739273927393,0.2927903999952832
32,0.0001,64,Tanh,300,0.4892739273927392,0.4491778724903911,0.4892739273927393,0.25656829999934416
32,0.0001,64,Tanh,500,0.4892739273927392,0.4491778724903911,0.4892739273927393,0.27697859999898355
32,0.0001,64,Tanh,1000,0.4892739273927392,0.4491778724903911,0.4892739273927393,0.2888356999901589
32,0.0001,64,Sigmoid,50,0.4900990099009901,0.42636138613861385,0.4900990099009901,0.17163080000318587
32,0.0001,64,Sigmoid,100,0.4900990099009901,0.42636138613861385,0.4900990099009901,0.183386500008055
32,0.0001,64,Sigmoid,300,0.4900990099009901,0.42636138613861385,0.4900990099009901,0.18200010000145994
32,0.0001,64,Sigmoid,500,0.4900990099009901,0.42636138613861385,0.4900990099009901,0.18172919999051373
32,0.0001,64,Sigmoid,1000,0.4900990099009901,0.42636138613861385,0.4900990099009901,0.17189289999078028
32,0.0001,64,GELU,50,0.471947194719472,0.4137050082387265,0.47194719471947194,0.2035565999976825
32,0.0001,64,GELU,100,0.471947194719472,0.4137050082387265,0.47194719471947194,0.19408190000103787
32,0.0001,64,GELU,300,0.471947194719472,0.4137050082387265,0.47194719471947194,0.20256350000272505
32,0.0001,64,GELU,500,0.471947194719472,0.4137050082387265,0.47194719471947194,0.19263190000492614
32,0.0001,64,GELU,1000,0.471947194719472,0.4137050082387265,0.47194719471947194,0.203539299996919
32,0.0001,64,Softmax,50,0.471947194719472,0.4137050082387265,0.47194719471947194,0.20319949999975506
32,0.0001,64,Softmax,100,0.471947194719472,0.4137050082387265,0.47194719471947194,0.19344350000028498
32,0.0001,64,Softmax,300,0.471947194719472,0.4137050082387265,0.47194719471947194,0.22413740000047255
32,0.0001,64,Softmax,500,0.471947194719472,0.4137050082387265,0.47194719471947194,0.19240739999804646
32,0.0001,64,Softmax,1000,0.471947194719472,0.4137050082387265,0.47194719471947194,0.1909999999916181
32,0.0001,128,ReLU,50,0.4760726072607261,0.42750876827576456,0.4760726072607261,0.1394117999880109
32,0.0001,128,ReLU,100,0.4760726072607261,0.42750876827576456,0.4760726072607261,0.15179210000496823
32,0.0001,128,ReLU,300,0.4760726072607261,0.42750876827576456,0.4760726072607261,0.13998789999459404
32,0.0001,128,ReLU,500,0.4760726072607261,0.42750876827576456,0.4760726072607261,0.14092689999961294
32,0.0001,128,ReLU,1000,0.4760726072607261,0.42750876827576456,0.4760726072607261,0.15124269999796525
32,0.0001,128,Tanh,50,0.48514851485148514,0.434720083713282,0.48514851485148514,0.21282860000792425
32,0.0001,128,Tanh,100,0.48514851485148514,0.434720083713282,0.48514851485148514,0.2362074999982724
32,0.0001,128,Tanh,300,0.48514851485148514,0.434720083713282,0.48514851485148514,0.21256909999647178
32,0.0001,128,Tanh,500,0.48514851485148514,0.434720083713282,0.48514851485148514,0.21606980000797193
32,0.0001,128,Tanh,1000,0.48514851485148514,0.434720083713282,0.48514851485148514,0.22456630000669975
32,0.0001,128,Sigmoid,50,0.4900990099009901,0.4332025716465076,0.4900990099009901,0.13051020000420976
32,0.0001,128,Sigmoid,100,0.4900990099009901,0.4332025716465076,0.4900990099009901,0.14100809999217745
32,0.0001,128,Sigmoid,300,0.4900990099009901,0.4332025716465076,0.4900990099009901,0.1195099000033224
32,0.0001,128,Sigmoid,500,0.4900990099009901,0.4332025716465076,0.4900990099009901,0.12126299999363255
32,0.0001,128,Sigmoid,1000,0.4900990099009901,0.4332025716465076,0.4900990099009901,0.1311623000074178
32,0.0001,128,GELU,50,0.4760726072607261,0.42750876827576456,0.4760726072607261,0.14163389999885112
32,0.0001,128,GELU,100,0.4760726072607261,0.42750876827576456,0.4760726072607261,0.14047620000201277
32,0.0001,128,GELU,300,0.4760726072607261,0.42750876827576456,0.4760726072607261,0.14228929999808315
32,0.0001,128,GELU,500,0.4760726072607261,0.42750876827576456,0.4760726072607261,0.14105879999988247
32,0.0001,128,GELU,1000,0.4760726072607261,0.42750876827576456,0.4760726072607261,0.14317150000715628
32,0.0001,128,Softmax,50,0.4760726072607261,0.42750876827576456,0.4760726072607261,0.1409776999935275
32,0.0001,128,Softmax,100,0.4760726072607261,0.42750876827576456,0.4760726072607261,0.1413027999951737
32,0.0001,128,Softmax,300,0.4760726072607261,0.42750876827576456,0.4760726072607261,0.15178840000589844
32,0.0001,128,Softmax,500,0.4760726072607261,0.42750876827576456,0.4760726072607261,0.15380859999277163
32,0.0001,128,Softmax,1000,0.4760726072607261,0.42750876827576456,0.4760726072607261,0.14257829998678062
32,0.00025,8,ReLU,50,0.5214521452145214,0.5180385865317372,0.5214521452145214,1.435100999995484
32,0.00025,8,ReLU,100,0.5214521452145214,0.5180385865317372,0.5214521452145214,1.611306599996169
32,0.00025,8,ReLU,300,0.5214521452145214,0.5180385865317372,0.5214521452145214,1.5124133000063011
32,0.00025,8,ReLU,500,0.5214521452145214,0.5180385865317372,0.5214521452145214,1.5690960000065388
32,0.00025,8,ReLU,1000,0.5214521452145214,0.5180385865317372,0.5214521452145214,1.5584016000066185
32,0.00025,8,Tanh,50,0.5627062706270627,0.5615589379564535,0.5627062706270627,1.5994793999998365
32,0.00025,8,Tanh,100,0.5651815181518152,0.564348439945844,0.5651815181518152,1.7692599000001792
32,0.00025,8,Tanh,300,0.5651815181518152,0.564348439945844,0.5651815181518152,1.9043687000084901
32,0.00025,8,Tanh,500,0.5651815181518152,0.564348439945844,0.5651815181518152,1.89463579999574
32,0.00025,8,Tanh,1000,0.5651815181518152,0.564348439945844,0.5651815181518152,1.8792047000024468
32,0.00025,8,Sigmoid,50,0.5594059405940595,0.5589255143988049,0.5594059405940595,1.6624998000042979
32,0.00025,8,Sigmoid,100,0.5594059405940595,0.5589255143988049,0.5594059405940595,1.6126500999962445
32,0.00025,8,Sigmoid,300,0.5594059405940595,0.5589255143988049,0.5594059405940595,1.663887499991688
32,0.00025,8,Sigmoid,500,0.5594059405940595,0.5589255143988049,0.5594059405940595,1.7289936000015587
32,0.00025,8,Sigmoid,1000,0.5594059405940595,0.5589255143988049,0.5594059405940595,1.6634416000015335
32,0.00025,8,GELU,50,0.5214521452145214,0.5180385865317372,0.5214521452145214,1.621102700009942
32,0.00025,8,GELU,100,0.5214521452145214,0.5180385865317372,0.5214521452145214,1.5970975999953225
32,0.00025,8,GELU,300,0.5214521452145214,0.5180385865317372,0.5214521452145214,1.5137641999899643
32,0.00025,8,GELU,500,0.5214521452145214,0.5180385865317372,0.5214521452145214,1.5584074999933364
32,0.00025,8,GELU,1000,0.5214521452145214,0.5180385865317372,0.5214521452145214,1.4209581000031903
32,0.00025,8,Softmax,50,0.5214521452145214,0.5180385865317372,0.5214521452145214,1.4238643999997294
32,0.00025,8,Softmax,100,0.5214521452145214,0.5180385865317372,0.5214521452145214,1.5267998000053922
32,0.00025,8,Softmax,300,0.5214521452145214,0.5180385865317372,0.5214521452145214,1.4665597999992315
32,0.00025,8,Softmax,500,0.5214521452145214,0.5180385865317372,0.5214521452145214,1.5692933999962406
32,0.00025,8,Softmax,1000,0.5214521452145214,0.5180385865317372,0.5214521452145214,1.5685631000087596
32,0.00025,16,ReLU,50,0.5099009900990099,0.509879636185393,0.5099009900990099,0.9429731999989599
32,0.00025,16,ReLU,100,0.5099009900990099,0.509879636185393,0.5099009900990099,1.0126107999967644
32,0.00025,16,ReLU,300,0.5099009900990099,0.509879636185393,0.5099009900990099,0.9921235999936471
32,0.00025,16,ReLU,500,0.5099009900990099,0.509879636185393,0.5099009900990099,0.9314406000048621
32,0.00025,16,ReLU,1000,0.5099009900990099,0.509879636185393,0.5099009900990099,0.9691792000085115
32,0.00025,16,Tanh,50,0.5577557755775577,0.55666928721174,0.5577557755775577,0.915609100004076
32,0.00025,16,Tanh,100,0.5610561056105611,0.5600485814489826,0.5610561056105611,1.0228352999984054
32,0.00025,16,Tanh,300,0.5610561056105611,0.5600485814489826,0.5610561056105611,1.0342039999959525
32,0.00025,16,Tanh,500,0.5610561056105611,0.5600485814489826,0.5610561056105611,1.0548145000066143
32,0.00025,16,Tanh,1000,0.5610561056105611,0.5600485814489826,0.5610561056105611,1.0574439000047278
32,0.00025,16,Sigmoid,50,0.5313531353135313,0.5303504961086309,0.5313531353135313,0.7706913000001805
32,0.00025,16,Sigmoid,100,0.5313531353135313,0.5303504961086309,0.5313531353135313,0.7723306999978377
32,0.00025,16,Sigmoid,300,0.5313531353135313,0.5303504961086309,0.5313531353135313,0.7703127000131644
32,0.00025,16,Sigmoid,500,0.5313531353135313,0.5303504961086309,0.5313531353135313,0.7405667999992147
32,0.00025,16,Sigmoid,1000,0.5313531353135313,0.5303504961086309,0.5313531353135313,0.7373120999982348
32,0.00025,16,GELU,50,0.5099009900990099,0.509879636185393,0.5099009900990099,0.8851943999907235
32,0.00025,16,GELU,100,0.5099009900990099,0.509879636185393,0.5099009900990099,0.9088629000034416
32,0.00025,16,GELU,300,0.5099009900990099,0.509879636185393,0.5099009900990099,0.9480989000003319
32,0.00025,16,GELU,500,0.5099009900990099,0.509879636185393,0.5099009900990099,0.9615482999943197
32,0.00025,16,GELU,1000,0.5099009900990099,0.509879636185393,0.5099009900990099,0.9583397999958834
32,0.00025,16,Softmax,50,0.5099009900990099,0.509879636185393,0.5099009900990099,0.8752699999895412
32,0.00025,16,Softmax,100,0.5099009900990099,0.509879636185393,0.5099009900990099,0.9832343000016408
32,0.00025,16,Softmax,300,0.5099009900990099,0.509879636185393,0.5099009900990099,0.9894825999945169
32,0.00025,16,Softmax,500,0.5099009900990099,0.509879636185393,0.5099009900990099,0.9254285999923013
32,0.00025,16,Softmax,1000,0.5099009900990099,0.509879636185393,0.5099009900990099,1.0463142999942647
32,0.00025,32,ReLU,50,0.5165016501650165,0.5133197198733674,0.5165016501650165,0.4431580000091344
32,0.00025,32,ReLU,100,0.5165016501650165,0.5133197198733674,0.5165016501650165,0.41094049999082927
32,0.00025,32,ReLU,300,0.5165016501650165,0.5133197198733674,0.5165016501650165,0.42439590000140015
32,0.00025,32,ReLU,500,0.5165016501650165,0.5133197198733674,0.5165016501650165,0.47507120000955183
32,0.00025,32,ReLU,1000,0.5165016501650165,0.5133197198733674,0.5165016501650165,0.4557081999955699
32,0.00025,32,Tanh,50,0.5577557755775577,0.5565954542352058,0.5577557755775577,0.5725220000022091
32,0.00025,32,Tanh,100,0.5577557755775577,0.5565954542352058,0.5577557755775577,0.6051612000010209
32,0.00025,32,Tanh,300,0.5577557755775577,0.5565954542352058,0.5577557755775577,0.6248603999993065
32,0.00025,32,Tanh,500,0.5577557755775577,0.5565954542352058,0.5577557755775577,0.6223468000098364
32,0.00025,32,Tanh,1000,0.5577557755775577,0.5565954542352058,0.5577557755775577,0.5935566999978619
32,0.00025,32,Sigmoid,50,0.528877887788779,0.5286773514474715,0.5288778877887789,0.39186370000243187
32,0.00025,32,Sigmoid,100,0.528877887788779,0.5286773514474715,0.5288778877887789,0.4417388000001665
32,0.00025,32,Sigmoid,300,0.528877887788779,0.5286773514474715,0.5288778877887789,0.43339049999485724
32,0.00025,32,Sigmoid,500,0.528877887788779,0.5286773514474715,0.5288778877887789,0.424195100000361
32,0.00025,32,Sigmoid,1000,0.528877887788779,0.5286773514474715,0.5288778877887789,0.41382790000352543
32,0.00025,32,GELU,50,0.5165016501650165,0.5133197198733674,0.5165016501650165,0.4551165000011679
32,0.00025,32,GELU,100,0.5165016501650165,0.5133197198733674,0.5165016501650165,0.4245149000053061
32,0.00025,32,GELU,300,0.5165016501650165,0.5133197198733674,0.5165016501650165,0.4568830999924103
32,0.00025,32,GELU,500,0.5165016501650165,0.5133197198733674,0.5165016501650165,0.4850169999990612
32,0.00025,32,GELU,1000,0.5165016501650165,0.5133197198733674,0.5165016501650165,0.4227619000012055
32,0.00025,32,Softmax,50,0.5165016501650165,0.5133197198733674,0.5165016501650165,0.43572179999318905
32,0.00025,32,Softmax,100,0.5165016501650165,0.5133197198733674,0.5165016501650165,0.41224229999352247
32,0.00025,32,Softmax,300,0.5165016501650165,0.5133197198733674,0.5165016501650165,0.39090079999004956
32,0.00025,32,Softmax,500,0.5165016501650165,0.5133197198733674,0.5165016501650165,0.44333069999993313
32,0.00025,32,Softmax,1000,0.5165016501650165,0.5133197198733674,0.5165016501650165,0.4122536999930162
32,0.00025,64,ReLU,50,0.4991749174917492,0.4822710757271551,0.4991749174917492,0.25593129999469966
32,0.00025,64,ReLU,100,0.4991749174917492,0.4822710757271551,0.4991749174917492,0.26419989998976234
32,0.00025,64,ReLU,300,0.4991749174917492,0.4822710757271551,0.4991749174917492,0.2461576000059722
32,0.00025,64,ReLU,500,0.4991749174917492,0.4822710757271551,0.4991749174917492,0.26674730000377167
32,0.00025,64,ReLU,1000,0.4991749174917492,0.4822710757271551,0.4991749174917492,0.2459478999953717
32,0.00025,64,Tanh,50,0.5321782178217822,0.5314736472505258,0.5321782178217822,0.34027839999180287
32,0.00025,64,Tanh,100,0.5321782178217822,0.5314736472505258,0.5321782178217822,0.36235060000035446
32,0.00025,64,Tanh,300,0.5321782178217822,0.5314736472505258,0.5321782178217822,0.38250070001231506
32,0.00025,64,Tanh,500,0.5321782178217822,0.5314736472505258,0.5321782178217822,0.36077229998772964
32,0.00025,64,Tanh,1000,0.5321782178217822,0.5314736472505258,0.5321782178217822,0.35042829999292735
32,0.00025,64,Sigmoid,50,0.5305280528052805,0.5302591166968531,0.5305280528052805,0.27845470000465866
32,0.00025,64,Sigmoid,100,0.5305280528052805,0.5302591166968531,0.5305280528052805,0.3199249999888707
32,0.00025,64,Sigmoid,300,0.5305280528052805,0.5302591166968531,0.5305280528052805,0.2661353000003146
32,0.00025,64,Sigmoid,500,0.5305280528052805,0.5302591166968531,0.5305280528052805,0.28892069999710657
32,0.00025,64,Sigmoid,1000,0.5305280528052805,0.5302591166968531,0.5305280528052805,0.2770297999959439
32,0.00025,64,GELU,50,0.4991749174917492,0.4822710757271551,0.4991749174917492,0.2754772999905981
32,0.00025,64,GELU,100,0.4991749174917492,0.4822710757271551,0.4991749174917492,0.25639480000245385
32,0.00025,64,GELU,300,0.4991749174917492,0.4822710757271551,0.4991749174917492,0.2691917000047397
32,0.00025,64,GELU,500,0.4991749174917492,0.4822710757271551,0.4991749174917492,0.26910819999466185
32,0.00025,64,GELU,1000,0.4991749174917492,0.4822710757271551,0.4991749174917492,0.245769700006349
32,0.00025,64,Softmax,50,0.4991749174917492,0.4822710757271551,0.4991749174917492,0.27684609999414533
32,0.00025,64,Softmax,100,0.4991749174917492,0.4822710757271551,0.4991749174917492,0.24502889999712352
32,0.00025,64,Softmax,300,0.4991749174917492,0.4822710757271551,0.4991749174917492,0.2560672999970848
32,0.00025,64,Softmax,500,0.4991749174917492,0.4822710757271551,0.4991749174917492,0.23488589999033138
32,0.00025,64,Softmax,1000,0.4991749174917492,0.4822710757271551,0.4991749174917492,0.2679004000092391
32,0.00025,128,ReLU,50,0.4876237623762376,0.41578754951219377,0.4876237623762376,0.13208640000084415
32,0.00025,128,ReLU,100,0.4876237623762376,0.41578754951219377,0.4876237623762376,0.13015879999147728
32,0.00025,128,ReLU,300,0.4876237623762376,0.41578754951219377,0.4876237623762376,0.14106480000191368
32,0.00025,128,ReLU,500,0.4876237623762376,0.41578754951219377,0.4876237623762376,0.12994520000938792
32,0.00025,128,ReLU,1000,0.4876237623762376,0.41578754951219377,0.4876237623762376,0.14072179999493528
32,0.00025,128,Tanh,50,0.5074257425742574,0.49944899293341216,0.5074257425742574,0.23527099999773782
32,0.00025,128,Tanh,100,0.5074257425742574,0.49944899293341216,0.5074257425742574,0.21352969999134075
32,0.00025,128,Tanh,300,0.5074257425742574,0.49944899293341216,0.5074257425742574,0.22460049999062903
32,0.00025,128,Tanh,500,0.5074257425742574,0.49944899293341216,0.5074257425742574,0.20323610000195913
32,0.00025,128,Tanh,1000,0.5074257425742574,0.49944899293341216,0.5074257425742574,0.2027853000035975
32,0.00025,128,Sigmoid,50,0.5016501650165016,0.4343712815440961,0.5016501650165016,0.170796500009601
32,0.00025,128,Sigmoid,100,0.5016501650165016,0.4343712815440961,0.5016501650165016,0.18138019999605604
32,0.00025,128,Sigmoid,300,0.5016501650165016,0.4343712815440961,0.5016501650165016,0.16191159999289084
32,0.00025,128,Sigmoid,500,0.5016501650165016,0.4343712815440961,0.5016501650165016,0.1814522000058787
32,0.00025,128,Sigmoid,1000,0.5016501650165016,0.4343712815440961,0.5016501650165016,0.16253680000954773
32,0.00025,128,GELU,50,0.4876237623762376,0.41578754951219377,0.4876237623762376,0.13977140000497457
32,0.00025,128,GELU,100,0.4876237623762376,0.41578754951219377,0.4876237623762376,0.13070999999763444
32,0.00025,128,GELU,300,0.4876237623762376,0.41578754951219377,0.4876237623762376,0.14159559999825433
32,0.00025,128,GELU,500,0.4876237623762376,0.41578754951219377,0.4876237623762376,0.1300951999874087
32,0.00025,128,GELU,1000,0.4876237623762376,0.41578754951219377,0.4876237623762376,0.152133399999002
32,0.00025,128,Softmax,50,0.4876237623762376,0.41578754951219377,0.4876237623762376,0.14257690000522416
32,0.00025,128,Softmax,100,0.4876237623762376,0.41578754951219377,0.4876237623762376,0.1521126000006916
32,0.00025,128,Softmax,300,0.4876237623762376,0.41578754951219377,0.4876237623762376,0.13024529999529477
32,0.00025,128,Softmax,500,0.4876237623762376,0.41578754951219377,0.4876237623762376,0.1426177999965148
32,0.00025,128,Softmax,1000,0.4876237623762376,0.41578754951219377,0.4876237623762376,0.14105570000538137
64,0.01,8,ReLU,50,0.5313531353135313,0.5298732517482518,0.5313531353135313,0.9701044000103138
64,0.01,8,ReLU,100,0.5313531353135313,0.5298732517482518,0.5313531353135313,0.9397813000105089
64,0.01,8,ReLU,300,0.5313531353135313,0.5298732517482518,0.5313531353135313,0.9379358000005595
64,0.01,8,ReLU,500,0.5313531353135313,0.5298732517482518,0.5313531353135313,0.8813778999901842
64,0.01,8,ReLU,1000,0.5313531353135313,0.5298732517482518,0.5313531353135313,0.9411743999953615
64,0.01,8,Tanh,50,0.5321782178217822,0.5321396791853068,0.5321782178217822,0.8847749999986263
64,0.01,8,Tanh,100,0.5321782178217822,0.5321396791853068,0.5321782178217822,0.9609716999984812
64,0.01,8,Tanh,300,0.5321782178217822,0.5321396791853068,0.5321782178217822,0.9050925000046846
64,0.01,8,Tanh,500,0.5321782178217822,0.5321396791853068,0.5321782178217822,0.9183583999983966
64,0.01,8,Tanh,1000,0.5321782178217822,0.5321396791853068,0.5321782178217822,0.9300245999911567
64,0.01,8,Sigmoid,50,0.5354785478547854,0.5354073856197135,0.5354785478547854,0.9606300000014016
64,0.01,8,Sigmoid,100,0.5354785478547854,0.5354073856197135,0.5354785478547854,0.9492557000048691
64,0.01,8,Sigmoid,300,0.5354785478547854,0.5354073856197135,0.5354785478547854,0.9287414999998873
64,0.01,8,Sigmoid,500,0.5354785478547854,0.5354073856197135,0.5354785478547854,0.9617449000070337
64,0.01,8,Sigmoid,1000,0.5354785478547854,0.5354073856197135,0.5354785478547854,0.8869367000006605
64,0.01,8,GELU,50,0.5313531353135313,0.5298732517482518,0.5313531353135313,0.8770360000053188
64,0.01,8,GELU,100,0.5313531353135313,0.5298732517482518,0.5313531353135313,0.9592349999875296
64,0.01,8,GELU,300,0.5313531353135313,0.5298732517482518,0.5313531353135313,1.0015581000043312
64,0.01,8,GELU,500,0.5313531353135313,0.5298732517482518,0.5313531353135313,0.9051307999907294
64,0.01,8,GELU,1000,0.5313531353135313,0.5298732517482518,0.5313531353135313,0.9696437000093283
64,0.01,8,Softmax,50,0.5313531353135313,0.5298732517482518,0.5313531353135313,0.8759513000113657
64,0.01,8,Softmax,100,0.5313531353135313,0.5298732517482518,0.5313531353135313,0.9416714999970281
64,0.01,8,Softmax,300,0.5313531353135313,0.5298732517482518,0.5313531353135313,0.9344207999965874
64,0.01,8,Softmax,500,0.5313531353135313,0.5298732517482518,0.5313531353135313,0.8848564000072656
64,0.01,8,Softmax,1000,0.5313531353135313,0.5298732517482518,0.5313531353135313,0.9711077999963891
64,0.01,16,ReLU,50,0.5181518151815181,0.5179627995161975,0.5181518151815182,0.6024835999996867
64,0.01,16,ReLU,100,0.5181518151815181,0.5179627995161975,0.5181518151815182,0.547684000004665
64,0.01,16,ReLU,300,0.5181518151815181,0.5179627995161975,0.5181518151815182,0.5932614000048488
64,0.01,16,ReLU,500,0.5181518151815181,0.5179627995161975,0.5181518151815182,0.6450971999875037
64,0.01,16,ReLU,1000,0.5181518151815181,0.5179627995161975,0.5181518151815182,0.5925824000005377
64,0.01,16,Tanh,50,0.5239273927392739,0.5158025195683708,0.5239273927392739,0.8453711000038311
64,0.01,16,Tanh,100,0.5239273927392739,0.5158025195683708,0.5239273927392739,0.8936130999936722
64,0.01,16,Tanh,300,0.5239273927392739,0.5158025195683708,0.5239273927392739,0.8566073999973014
64,0.01,16,Tanh,500,0.5239273927392739,0.5158025195683708,0.5239273927392739,0.8547621000034269
64,0.01,16,Tanh,1000,0.5239273927392739,0.5158025195683708,0.5239273927392739,0.8774318999930983
64,0.01,16,Sigmoid,50,0.5156765676567656,0.5046285884180498,0.5156765676567657,0.644092600006843
64,0.01,16,Sigmoid,100,0.5156765676567656,0.5046285884180498,0.5156765676567657,0.6998908999958076
64,0.01,16,Sigmoid,300,0.5156765676567656,0.5046285884180498,0.5156765676567657,0.6207881000009365
64,0.01,16,Sigmoid,500,0.5156765676567656,0.5046285884180498,0.5156765676567657,0.6623495000094408
64,0.01,16,Sigmoid,1000,0.5156765676567656,0.5046285884180498,0.5156765676567657,0.6879103000101168
64,0.01,16,GELU,50,0.5181518151815181,0.5179627995161975,0.5181518151815182,0.6886784999951487
64,0.01,16,GELU,100,0.5181518151815181,0.5179627995161975,0.5181518151815182,0.7004068000096595
64,0.01,16,GELU,300,0.5181518151815181,0.5179627995161975,0.5181518151815182,0.6351763999991817
64,0.01,16,GELU,500,0.5181518151815181,0.5179627995161975,0.5181518151815182,0.6974276999972062
64,0.01,16,GELU,1000,0.5181518151815181,0.5179627995161975,0.5181518151815182,0.6548877999885008
64,0.01,16,Softmax,50,0.5181518151815181,0.5179627995161975,0.5181518151815182,0.6215397999912966
64,0.01,16,Softmax,100,0.5181518151815181,0.5179627995161975,0.5181518151815182,0.6300898999907076
64,0.01,16,Softmax,300,0.5181518151815181,0.5179627995161975,0.5181518151815182,0.6424894000083441
64,0.01,16,Softmax,500,0.5181518151815181,0.5179627995161975,0.5181518151815182,0.6225713000021642
64,0.01,16,Softmax,1000,0.5181518151815181,0.5179627995161975,0.5181518151815182,0.5400899999949615
64,0.01,32,ReLU,50,0.5396039603960396,0.5201559803832532,0.5396039603960396,0.4159619999991264
64,0.01,32,ReLU,100,0.5396039603960396,0.5201559803832532,0.5396039603960396,0.41124159999890253
64,0.01,32,ReLU,300,0.5396039603960396,0.5201559803832532,0.5396039603960396,0.4565949000098044
64,0.01,32,ReLU,500,0.5396039603960396,0.5201559803832532,0.5396039603960396,0.400280500005465
64,0.01,32,ReLU,1000,0.5396039603960396,0.5201559803832532,0.5396039603960396,0.3931812000082573
64,0.01,32,Tanh,50,0.5305280528052805,0.5198188531684333,0.5305280528052805,0.41237639999599196
64,0.01,32,Tanh,100,0.5305280528052805,0.5198188531684333,0.5305280528052805,0.3587656000017887
64,0.01,32,Tanh,300,0.5305280528052805,0.5198188531684333,0.5305280528052805,0.3923880999936955
64,0.01,32,Tanh,500,0.5305280528052805,0.5198188531684333,0.5305280528052805,0.4142766000004485
64,0.01,32,Tanh,1000,0.5305280528052805,0.5198188531684333,0.5305280528052805,0.37012330000288785
64,0.01,32,Sigmoid,50,0.5305280528052805,0.5175209869149673,0.5305280528052805,0.3292998999968404
64,0.01,32,Sigmoid,100,0.5305280528052805,0.5175209869149673,0.5305280528052805,0.3279815999994753
64,0.01,32,Sigmoid,300,0.5305280528052805,0.5175209869149673,0.5305280528052805,0.3093029000010574
64,0.01,32,Sigmoid,500,0.5305280528052805,0.5175209869149673,0.5305280528052805,0.31927219999488443
64,0.01,32,Sigmoid,1000,0.5305280528052805,0.5175209869149673,0.5305280528052805,0.3086948999989545
64,0.01,32,GELU,50,0.5396039603960396,0.5201559803832532,0.5396039603960396,0.4011101000069175
64,0.01,32,GELU,100,0.5396039603960396,0.5201559803832532,0.5396039603960396,0.39257609999913257
64,0.01,32,GELU,300,0.5396039603960396,0.5201559803832532,0.5396039603960396,0.4126289999985602
64,0.01,32,GELU,500,0.5396039603960396,0.5201559803832532,0.5396039603960396,0.42462130000058096
64,0.01,32,GELU,1000,0.5396039603960396,0.5201559803832532,0.5396039603960396,0.44493969999894034
64,0.01,32,Softmax,50,0.5396039603960396,0.5201559803832532,0.5396039603960396,0.4322577999992063
64,0.01,32,Softmax,100,0.5396039603960396,0.5201559803832532,0.5396039603960396,0.3939780999935465
64,0.01,32,Softmax,300,0.5396039603960396,0.5201559803832532,0.5396039603960396,0.4243553999986034
64,0.01,32,Softmax,500,0.5396039603960396,0.5201559803832532,0.5396039603960396,0.43385529999795835
64,0.01,32,Softmax,1000,0.5396039603960396,0.5201559803832532,0.5396039603960396,0.4450551999907475
64,0.01,64,ReLU,50,0.5668316831683169,0.558852586879279,0.5668316831683168,0.31895679999433924
64,0.01,64,ReLU,100,0.5668316831683169,0.558852586879279,0.5668316831683168,0.30875169999490026
64,0.01,64,ReLU,300,0.5668316831683169,0.558852586879279,0.5668316831683168,0.3072410000022501
64,0.01,64,ReLU,500,0.5668316831683169,0.558852586879279,0.5668316831683168,0.28979109998908825
64,0.01,64,ReLU,1000,0.5668316831683169,0.558852586879279,0.5668316831683168,0.32988910000131
64,0.01,64,Tanh,50,0.5239273927392739,0.4988731661630251,0.5239273927392739,0.3057383999985177
64,0.01,64,Tanh,100,0.5239273927392739,0.4988731661630251,0.5239273927392739,0.285385099996347
64,0.01,64,Tanh,300,0.5239273927392739,0.4988731661630251,0.5239273927392739,0.3178216000087559
64,0.01,64,Tanh,500,0.5239273927392739,0.4988731661630251,0.5239273927392739,0.30783819999487605
64,0.01,64,Tanh,1000,0.5239273927392739,0.4988731661630251,0.5239273927392739,0.29822249998687766
64,0.01,64,Sigmoid,50,0.5272277227722773,0.5240521319706156,0.5272277227722773,0.24614659999497235
64,0.01,64,Sigmoid,100,0.5272277227722773,0.5240521319706156,0.5272277227722773,0.25736579998920206
64,0.01,64,Sigmoid,300,0.5272277227722773,0.5240521319706156,0.5272277227722773,0.2463599000038812
64,0.01,64,Sigmoid,500,0.5272277227722773,0.5240521319706156,0.5272277227722773,0.23278239999490324
64,0.01,64,Sigmoid,1000,0.5272277227722773,0.5240521319706156,0.5272277227722773,0.2339300000021467
64,0.01,64,GELU,50,0.5668316831683169,0.558852586879279,0.5668316831683168,0.3085030999936862
64,0.01,64,GELU,100,0.5668316831683169,0.558852586879279,0.5668316831683168,0.30713570000079926
64,0.01,64,GELU,300,0.5668316831683169,0.558852586879279,0.5668316831683168,0.29542019999644253
64,0.01,64,GELU,500,0.5668316831683169,0.558852586879279,0.5668316831683168,0.30819109998992644
64,0.01,64,GELU,1000,0.5668316831683169,0.558852586879279,0.5668316831683168,0.28721049999876413
64,0.01,64,Softmax,50,0.5668316831683169,0.558852586879279,0.5668316831683168,0.3193288000038592
64,0.01,64,Softmax,100,0.5668316831683169,0.558852586879279,0.5668316831683168,0.2977556999976514
64,0.01,64,Softmax,300,0.5668316831683169,0.558852586879279,0.5668316831683168,0.2994764000031864
64,0.01,64,Softmax,500,0.5668316831683169,0.558852586879279,0.5668316831683168,0.27737349999370053
64,0.01,64,Softmax,1000,0.5668316831683169,0.558852586879279,0.5668316831683168,0.3187774999969406
64,0.01,128,ReLU,50,0.5726072607260726,0.5646358512338008,0.5726072607260726,0.24580999999307096
64,0.01,128,ReLU,100,0.5726072607260726,0.5646358512338008,0.5726072607260726,0.26525450000190176
64,0.01,128,ReLU,300,0.5726072607260726,0.5646358512338008,0.5726072607260726,0.24530690000392497
64,0.01,128,ReLU,500,0.5726072607260726,0.5646358512338008,0.5726072607260726,0.24604399999952875
64,0.01,128,ReLU,1000,0.5726072607260726,0.5646358512338008,0.5726072607260726,0.2553693000081694
64,0.01,128,Tanh,50,0.5396039603960396,0.5233216424390739,0.5396039603960396,0.2673765999934403
64,0.01,128,Tanh,100,0.5396039603960396,0.5233216424390739,0.5396039603960396,0.266599499998847
64,0.01,128,Tanh,300,0.5396039603960396,0.5233216424390739,0.5396039603960396,0.2552064000046812
64,0.01,128,Tanh,500,0.5396039603960396,0.5233216424390739,0.5396039603960396,0.2866215999965789
64,0.01,128,Tanh,1000,0.5396039603960396,0.5233216424390739,0.5396039603960396,0.287806799999089
64,0.01,128,Sigmoid,50,0.5288778877887789,0.5268677236595536,0.5288778877887789,0.18269630000577308
64,0.01,128,Sigmoid,100,0.5288778877887789,0.5268677236595536,0.5288778877887789,0.18206890000146814
64,0.01,128,Sigmoid,300,0.5288778877887789,0.5268677236595536,0.5288778877887789,0.18205930000112858
64,0.01,128,Sigmoid,500,0.5288778877887789,0.5268677236595536,0.5288778877887789,0.19281070001306944
64,0.01,128,Sigmoid,1000,0.5288778877887789,0.5268677236595536,0.5288778877887789,0.20324740000069141
64,0.01,128,GELU,50,0.5726072607260726,0.5646358512338008,0.5726072607260726,0.24509840000246186
64,0.01,128,GELU,100,0.5726072607260726,0.5646358512338008,0.5726072607260726,0.2771298999869032
64,0.01,128,GELU,300,0.5726072607260726,0.5646358512338008,0.5726072607260726,0.2889820999989752
64,0.01,128,GELU,500,0.5726072607260726,0.5646358512338008,0.5726072607260726,0.29836660000728443
64,0.01,128,GELU,1000,0.5726072607260726,0.5646358512338008,0.5726072607260726,0.25382479999097995
64,0.01,128,Softmax,50,0.5726072607260726,0.5646358512338008,0.5726072607260726,0.24499680000008084
64,0.01,128,Softmax,100,0.5726072607260726,0.5646358512338008,0.5726072607260726,0.2871229000011226
64,0.01,128,Softmax,300,0.5726072607260726,0.5646358512338008,0.5726072607260726,0.3300028000085149
64,0.01,128,Softmax,500,0.5726072607260726,0.5646358512338008,0.5726072607260726,0.2773321999993641
64,0.01,128,Softmax,1000,0.5726072607260726,0.5646358512338008,0.5726072607260726,0.28690209999331273
64,0.001,8,ReLU,50,0.5676567656765676,0.5497043350019144,0.5676567656765676,1.737551500002155
64,0.001,8,ReLU,100,0.5676567656765676,0.5497043350019144,0.5676567656765676,1.7083851000061259
64,0.001,8,ReLU,300,0.5676567656765676,0.5497043350019144,0.5676567656765676,1.5892861999891466
64,0.001,8,ReLU,500,0.5676567656765676,0.5497043350019144,0.5676567656765676,1.6617761999950744
64,0.001,8,ReLU,1000,0.5676567656765676,0.5497043350019144,0.5676567656765676,1.6853454999945825
64,0.001,8,Tanh,50,0.5808580858085808,0.5654810298102981,0.5808580858085809,1.8104464999923948
64,0.001,8,Tanh,100,0.5808580858085808,0.5654810298102981,0.5808580858085809,1.854323999999906
64,0.001,8,Tanh,300,0.5808580858085808,0.5654810298102981,0.5808580858085809,1.9194247999985237
64,0.001,8,Tanh,500,0.5808580858085808,0.5654810298102981,0.5808580858085809,1.9059283000096912
64,0.001,8,Tanh,1000,0.5808580858085808,0.5654810298102981,0.5808580858085809,1.92739869999059
64,0.001,8,Sigmoid,50,0.5206270627062706,0.5204230143449754,0.5206270627062707,1.3278971999970963
64,0.001,8,Sigmoid,100,0.5206270627062706,0.5204230143449754,0.5206270627062707,1.434315799997421
64,0.001,8,Sigmoid,300,0.5206270627062706,0.5204230143449754,0.5206270627062707,1.4368688999966253
64,0.001,8,Sigmoid,500,0.5206270627062706,0.5204230143449754,0.5206270627062707,1.3567977999919094
64,0.001,8,Sigmoid,1000,0.5206270627062706,0.5204230143449754,0.5206270627062707,1.3054724000103306
64,0.001,8,GELU,50,0.5676567656765676,0.5497043350019144,0.5676567656765676,1.497265800004243
64,0.001,8,GELU,100,0.5676567656765676,0.5497043350019144,0.5676567656765676,1.6310304999933578
64,0.001,8,GELU,300,0.5676567656765676,0.5497043350019144,0.5676567656765676,1.566984399993089
64,0.001,8,GELU,500,0.5676567656765676,0.5497043350019144,0.5676567656765676,1.6964036999997916
64,0.001,8,GELU,1000,0.5676567656765676,0.5497043350019144,0.5676567656765676,1.722509799990803
64,0.001,8,Softmax,50,0.5676567656765676,0.5497043350019144,0.5676567656765676,1.7567873000079999
64,0.001,8,Softmax,100,0.5676567656765676,0.5497043350019144,0.5676567656765676,1.664133700003731
64,0.001,8,Softmax,300,0.5676567656765676,0.5497043350019144,0.5676567656765676,1.5799100000003818
64,0.001,8,Softmax,500,0.5676567656765676,0.5497043350019144,0.5676567656765676,1.623464399992372
64,0.001,8,Softmax,1000,0.5676567656765676,0.5497043350019144,0.5676567656765676,1.6432892000011634
64,0.001,16,ReLU,50,0.5858085808580857,0.5722216597482367,0.5858085808580858,0.7808600000134902
64,0.001,16,ReLU,100,0.5858085808580857,0.5722216597482367,0.5858085808580858,0.8147483000066131
64,0.001,16,ReLU,300,0.5858085808580857,0.5722216597482367,0.5858085808580858,0.8583055999915814
64,0.001,16,ReLU,500,0.5858085808580857,0.5722216597482367,0.5858085808580858,0.832824700002675
64,0.001,16,ReLU,1000,0.5858085808580857,0.5722216597482367,0.5858085808580858,0.830648300005123
64,0.001,16,Tanh,50,0.5907590759075908,0.5703749442557716,0.5907590759075908,0.9367455000028713
64,0.001,16,Tanh,100,0.5907590759075908,0.5703749442557716,0.5907590759075908,1.003016499991645
64,0.001,16,Tanh,300,0.5907590759075908,0.5703749442557716,0.5907590759075908,1.1285119999956805
64,0.001,16,Tanh,500,0.5907590759075908,0.5703749442557716,0.5907590759075908,1.056496100005461
64,0.001,16,Tanh,1000,0.5907590759075908,0.5703749442557716,0.5907590759075908,1.0524622999946587
64,0.001,16,Sigmoid,50,0.5478547854785478,0.541915994206497,0.5478547854785478,0.968041500003892
64,0.001,16,Sigmoid,100,0.5511551155115512,0.5445459745183154,0.5511551155115512,1.2137628000054974
64,0.001,16,Sigmoid,300,0.5511551155115512,0.5445459745183154,0.5511551155115512,1.3043403000046965
64,0.001,16,Sigmoid,500,0.5511551155115512,0.5445459745183154,0.5511551155115512,1.213333399995463
64,0.001,16,Sigmoid,1000,0.5511551155115512,0.5445459745183154,0.5511551155115512,1.161462499992922
64,0.001,16,GELU,50,0.5858085808580857,0.5722216597482367,0.5858085808580858,0.8021507999947062
64,0.001,16,GELU,100,0.5858085808580857,0.5722216597482367,0.5858085808580858,0.9166861999983666
64,0.001,16,GELU,300,0.5858085808580857,0.5722216597482367,0.5858085808580858,0.8866128999943612
64,0.001,16,GELU,500,0.5858085808580857,0.5722216597482367,0.5858085808580858,0.8338098999956856
64,0.001,16,GELU,1000,0.5858085808580857,0.5722216597482367,0.5858085808580858,0.8033513999980642
64,0.001,16,Softmax,50,0.5858085808580857,0.5722216597482367,0.5858085808580858,0.8154380999912973
64,0.001,16,Softmax,100,0.5858085808580857,0.5722216597482367,0.5858085808580858,0.8783357000065735
64,0.001,16,Softmax,300,0.5858085808580857,0.5722216597482367,0.5858085808580858,0.8437503000022843
64,0.001,16,Softmax,500,0.5858085808580857,0.5722216597482367,0.5858085808580858,0.9082386999943992
64,0.001,16,Softmax,1000,0.5858085808580857,0.5722216597482367,0.5858085808580858,0.8313570000027539
64,0.001,32,ReLU,50,0.5866336633663366,0.5724169303212514,0.5866336633663366,0.540352800002438
64,0.001,32,ReLU,100,0.5866336633663366,0.5724169303212514,0.5866336633663366,0.6239658999984385
64,0.001,32,ReLU,300,0.5866336633663366,0.5724169303212514,0.5866336633663366,0.5707498999981908
64,0.001,32,ReLU,500,0.5866336633663366,0.5724169303212514,0.5866336633663366,0.5274836000025971
64,0.001,32,ReLU,1000,0.5866336633663366,0.5724169303212514,0.5866336633663366,0.5395951999962563
64,0.001,32,Tanh,50,0.6006600660066006,0.5835016060458895,0.6006600660066007,0.592629399994621
64,0.001,32,Tanh,100,0.6031353135313531,0.5847538212674663,0.6031353135313532,0.7472489000065252
64,0.001,32,Tanh,300,0.6031353135313531,0.5847538212674663,0.6031353135313532,0.7407105000020238
64,0.001,32,Tanh,500,0.6031353135313531,0.5847538212674663,0.6031353135313532,0.6568456999957561
64,0.001,32,Tanh,1000,0.6031353135313531,0.5847538212674663,0.6031353135313532,0.6971287000051234
64,0.001,32,Sigmoid,50,0.5503300330033003,0.5503052360907723,0.5503300330033003,0.5575317999901017
64,0.001,32,Sigmoid,100,0.551980198019802,0.5519115637504519,0.551980198019802,0.737264099996537
64,0.001,32,Sigmoid,300,0.551980198019802,0.5519115637504519,0.551980198019802,0.7267447000049287
64,0.001,32,Sigmoid,500,0.551980198019802,0.5519115637504519,0.551980198019802,0.7279489000065951
64,0.001,32,Sigmoid,1000,0.551980198019802,0.5519115637504519,0.551980198019802,0.7085758000030182
64,0.001,32,GELU,50,0.5866336633663366,0.5724169303212514,0.5866336633663366,0.5049577000027057
64,0.001,32,GELU,100,0.5866336633663366,0.5724169303212514,0.5866336633663366,0.5401488999923458
64,0.001,32,GELU,300,0.5866336633663366,0.5724169303212514,0.5866336633663366,0.5083914999995613
64,0.001,32,GELU,500,0.5866336633663366,0.5724169303212514,0.5866336633663366,0.49392700000316836
64,0.001,32,GELU,1000,0.5866336633663366,0.5724169303212514,0.5866336633663366,0.49788220001209993
64,0.001,32,Softmax,50,0.5866336633663366,0.5724169303212514,0.5866336633663366,0.5392666999978246
64,0.001,32,Softmax,100,0.5866336633663366,0.5724169303212514,0.5866336633663366,0.5401095999986865
64,0.001,32,Softmax,300,0.5866336633663366,0.5724169303212514,0.5866336633663366,0.5085168999939924
64,0.001,32,Softmax,500,0.5866336633663366,0.5724169303212514,0.5866336633663366,0.5825723999878392
64,0.001,32,Softmax,1000,0.5866336633663366,0.5724169303212514,0.5866336633663366,0.6243377000064356
64,0.001,64,ReLU,50,0.5825082508250825,0.5690736311332342,0.5825082508250825,0.3717305000027409
64,0.001,64,ReLU,100,0.5825082508250825,0.5690736311332342,0.5825082508250825,0.37265360000310466
64,0.001,64,ReLU,300,0.5825082508250825,0.5690736311332342,0.5825082508250825,0.4473277000070084
64,0.001,64,ReLU,500,0.5825082508250825,0.5690736311332342,0.5825082508250825,0.41477380000287667
64,0.001,64,ReLU,1000,0.5825082508250825,0.5690736311332342,0.5825082508250825,0.402600600005826
64,0.001,64,Tanh,50,0.5750825082508251,0.5581886712321495,0.5750825082508251,0.3404792999936035
64,0.001,64,Tanh,100,0.5750825082508251,0.5581886712321495,0.5750825082508251,0.34003339998889714
64,0.001,64,Tanh,300,0.5750825082508251,0.5581886712321495,0.5750825082508251,0.34045450000849087
64,0.001,64,Tanh,500,0.5750825082508251,0.5581886712321495,0.5750825082508251,0.36991459999990184
64,0.001,64,Tanh,1000,0.5750825082508251,0.5581886712321495,0.5750825082508251,0.3931163000088418
64,0.001,64,Sigmoid,50,0.5354785478547854,0.5351744536551173,0.5354785478547854,0.35173529999156017
64,0.001,64,Sigmoid,100,0.5354785478547854,0.5351744536551173,0.5354785478547854,0.4145398000109708
64,0.001,64,Sigmoid,300,0.5354785478547854,0.5351744536551173,0.5354785478547854,0.4052555000089342
64,0.001,64,Sigmoid,500,0.5354785478547854,0.5351744536551173,0.5354785478547854,0.41342290000466164
64,0.001,64,Sigmoid,1000,0.5354785478547854,0.5351744536551173,0.5354785478547854,0.39073060000373516
64,0.001,64,GELU,50,0.5825082508250825,0.5690736311332342,0.5825082508250825,0.3401517000020249
64,0.001,64,GELU,100,0.5825082508250825,0.5690736311332342,0.5825082508250825,0.33954430000449065
64,0.001,64,GELU,300,0.5825082508250825,0.5690736311332342,0.5825082508250825,0.33933440000691917
64,0.001,64,GELU,500,0.5825082508250825,0.5690736311332342,0.5825082508250825,0.3599358000064967
64,0.001,64,GELU,1000,0.5825082508250825,0.5690736311332342,0.5825082508250825,0.3392124999954831
64,0.001,64,Softmax,50,0.5825082508250825,0.5690736311332342,0.5825082508250825,0.3514966000075219
64,0.001,64,Softmax,100,0.5825082508250825,0.5690736311332342,0.5825082508250825,0.3717436999868369
64,0.001,64,Softmax,300,0.5825082508250825,0.5690736311332342,0.5825082508250825,0.32969410000077914
64,0.001,64,Softmax,500,0.5825082508250825,0.5690736311332342,0.5825082508250825,0.393135499994969
64,0.001,64,Softmax,1000,0.5825082508250825,0.5690736311332342,0.5825082508250825,0.35087559999374207
64,0.001,128,ReLU,50,0.5404290429042904,0.5240252721707881,0.5404290429042904,0.2497531999979401
64,0.001,128,ReLU,100,0.5404290429042904,0.5240252721707881,0.5404290429042904,0.2416363999946043
64,0.001,128,ReLU,300,0.5404290429042904,0.5240252721707881,0.5404290429042904,0.23465980000037234
64,0.001,128,ReLU,500,0.5404290429042904,0.5240252721707881,0.5404290429042904,0.21253839999553747
64,0.001,128,ReLU,1000,0.5404290429042904,0.5240252721707881,0.5404290429042904,0.2462563000008231
64,0.001,128,Tanh,50,0.6014851485148515,0.588287131950867,0.6014851485148515,0.3304648999910569
64,0.001,128,Tanh,100,0.6014851485148515,0.588287131950867,0.6014851485148515,0.3194738000020152
64,0.001,128,Tanh,300,0.6014851485148515,0.588287131950867,0.6014851485148515,0.3388282999949297
64,0.001,128,Tanh,500,0.6014851485148515,0.588287131950867,0.6014851485148515,0.3198647999961395
64,0.001,128,Tanh,1000,0.6014851485148515,0.588287131950867,0.6014851485148515,0.32860200000868645
64,0.001,128,Sigmoid,50,0.5264026402640264,0.5261122963616893,0.5264026402640264,0.2140444000106072
64,0.001,128,Sigmoid,100,0.5264026402640264,0.5261122963616893,0.5264026402640264,0.20471340000221971
64,0.001,128,Sigmoid,300,0.5264026402640264,0.5261122963616893,0.5264026402640264,0.21490069999708794
64,0.001,128,Sigmoid,500,0.5264026402640264,0.5261122963616893,0.5264026402640264,0.20319320000999141
64,0.001,128,Sigmoid,1000,0.5264026402640264,0.5261122963616893,0.5264026402640264,0.21258490000036545
64,0.001,128,GELU,50,0.5404290429042904,0.5240252721707881,0.5404290429042904,0.24520730000222102
64,0.001,128,GELU,100,0.5404290429042904,0.5240252721707881,0.5404290429042904,0.21557000000029802
64,0.001,128,GELU,300,0.5404290429042904,0.5240252721707881,0.5404290429042904,0.23514619999332353
64,0.001,128,GELU,500,0.5404290429042904,0.5240252721707881,0.5404290429042904,0.24349069999880157
64,0.001,128,GELU,1000,0.5404290429042904,0.5240252721707881,0.5404290429042904,0.2359813000075519
64,0.001,128,Softmax,50,0.5404290429042904,0.5240252721707881,0.5404290429042904,0.26706860000558663
64,0.001,128,Softmax,100,0.5404290429042904,0.5240252721707881,0.5404290429042904,0.2556274999951711
64,0.001,128,Softmax,300,0.5404290429042904,0.5240252721707881,0.5404290429042904,0.24689399999624584
64,0.001,128,Softmax,500,0.5404290429042904,0.5240252721707881,0.5404290429042904,0.25583069999993313
64,0.001,128,Softmax,1000,0.5404290429042904,0.5240252721707881,0.5404290429042904,0.2571527999971295
64,0.0001,8,ReLU,50,0.5767326732673267,0.5593080263640056,0.5767326732673267,2.041242899998906
64,0.0001,8,ReLU,100,0.5792079207920792,0.5623309495149755,0.5792079207920792,2.800783999991836
64,0.0001,8,ReLU,300,0.5792079207920792,0.5623309495149755,0.5792079207920792,2.7675591000006534
64,0.0001,8,ReLU,500,0.5792079207920792,0.5623309495149755,0.5792079207920792,2.9283556999871507
64,0.0001,8,ReLU,1000,0.5792079207920792,0.5623309495149755,0.5792079207920792,2.9502124000136973
64,0.0001,8,Tanh,50,0.5528052805280528,0.5375687060731663,0.5528052805280528,1.364124699990498
64,0.0001,8,Tanh,100,0.5528052805280528,0.5375687060731663,0.5528052805280528,1.5050525999977253
64,0.0001,8,Tanh,300,0.5528052805280528,0.5375687060731663,0.5528052805280528,1.411067599998205
64,0.0001,8,Tanh,500,0.5528052805280528,0.5375687060731663,0.5528052805280528,1.3963013000029605
64,0.0001,8,Tanh,1000,0.5528052805280528,0.5375687060731663,0.5528052805280528,1.3509659999981523
64,0.0001,8,Sigmoid,50,0.5264026402640264,0.5182149337248438,0.5264026402640264,1.5520631999970647
64,0.0001,8,Sigmoid,100,0.5264026402640264,0.5182149337248438,0.5264026402640264,1.590925899989088
64,0.0001,8,Sigmoid,300,0.5264026402640264,0.5182149337248438,0.5264026402640264,1.5151256000099238
64,0.0001,8,Sigmoid,500,0.5264026402640264,0.5182149337248438,0.5264026402640264,1.6328169000044
64,0.0001,8,Sigmoid,1000,0.5264026402640264,0.5182149337248438,0.5264026402640264,1.5892918999888934
64,0.0001,8,GELU,50,0.5767326732673267,0.5593080263640056,0.5767326732673267,1.938913499994669
64,0.0001,8,GELU,100,0.5792079207920792,0.5623309495149755,0.5792079207920792,2.938806599995587
64,0.0001,8,GELU,300,0.5792079207920792,0.5623309495149755,0.5792079207920792,2.93612069998926
64,0.0001,8,GELU,500,0.5792079207920792,0.5623309495149755,0.5792079207920792,2.7643491000053473
64,0.0001,8,GELU,1000,0.5792079207920792,0.5623309495149755,0.5792079207920792,3.088605400000233
64,0.0001,8,Softmax,50,0.5767326732673267,0.5593080263640056,0.5767326732673267,1.9150859000073979
64,0.0001,8,Softmax,100,0.5792079207920792,0.5623309495149755,0.5792079207920792,2.673688199996832
64,0.0001,8,Softmax,300,0.5792079207920792,0.5623309495149755,0.5792079207920792,2.8883249999926193
64,0.0001,8,Softmax,500,0.5792079207920792,0.5623309495149755,0.5792079207920792,2.889879900001688
64,0.0001,8,Softmax,1000,0.5792079207920792,0.5623309495149755,0.5792079207920792,2.8777097999991383
64,0.0001,16,ReLU,50,0.5742574257425743,0.5537198575082207,0.5742574257425742,1.1610192999942228
64,0.0001,16,ReLU,100,0.5742574257425743,0.5537198575082207,0.5742574257425742,1.1602481000008993
64,0.0001,16,ReLU,300,0.5742574257425743,0.5537198575082207,0.5742574257425742,1.2334857000096235
64,0.0001,16,ReLU,500,0.5742574257425743,0.5537198575082207,0.5742574257425742,1.1383927999995649
64,0.0001,16,ReLU,1000,0.5742574257425743,0.5537198575082207,0.5742574257425742,1.243568599995342
64,0.0001,16,Tanh,50,0.5445544554455446,0.5312752219531881,0.5445544554455446,0.8775187999999616
64,0.0001,16,Tanh,100,0.5445544554455446,0.5312752219531881,0.5445544554455446,0.9107634999963921
64,0.0001,16,Tanh,300,0.5445544554455446,0.5312752219531881,0.5445544554455446,0.9820941000070889
64,0.0001,16,Tanh,500,0.5445544554455446,0.5312752219531881,0.5445544554455446,0.8862162000004901
64,0.0001,16,Tanh,1000,0.5445544554455446,0.5312752219531881,0.5445544554455446,0.9263234999962151
64,0.0001,16,Sigmoid,50,0.5099009900990099,0.48350345943805295,0.5099009900990099,0.6032564000051934
64,0.0001,16,Sigmoid,100,0.5099009900990099,0.48350345943805295,0.5099009900990099,0.622630099998787
64,0.0001,16,Sigmoid,300,0.5099009900990099,0.48350345943805295,0.5099009900990099,0.6009744000039063
64,0.0001,16,Sigmoid,500,0.5099009900990099,0.48350345943805295,0.5099009900990099,0.6133057999977609
64,0.0001,16,Sigmoid,1000,0.5099009900990099,0.48350345943805295,0.5099009900990099,0.541303500009235
64,0.0001,16,GELU,50,0.5742574257425743,0.5537198575082207,0.5742574257425742,1.1186146999971243
64,0.0001,16,GELU,100,0.5742574257425743,0.5537198575082207,0.5742574257425742,1.200126800002181
64,0.0001,16,GELU,300,0.5742574257425743,0.5537198575082207,0.5742574257425742,1.242850599999656
64,0.0001,16,GELU,500,0.5742574257425743,0.5537198575082207,0.5742574257425742,1.1698354999971343
64,0.0001,16,GELU,1000,0.5742574257425743,0.5537198575082207,0.5742574257425742,1.2247268999926746
64,0.0001,16,Softmax,50,0.5742574257425743,0.5537198575082207,0.5742574257425742,1.1171271000057459
64,0.0001,16,Softmax,100,0.5742574257425743,0.5537198575082207,0.5742574257425742,1.1914271999994526
64,0.0001,16,Softmax,300,0.5742574257425743,0.5537198575082207,0.5742574257425742,1.15649459999986
64,0.0001,16,Softmax,500,0.5742574257425743,0.5537198575082207,0.5742574257425742,1.3191625000035856
64,0.0001,16,Softmax,1000,0.5742574257425743,0.5537198575082207,0.5742574257425742,1.2422194999962812
64,0.0001,32,ReLU,50,0.5371287128712872,0.5298307290496168,0.5371287128712872,0.6036872999975458
64,0.0001,32,ReLU,100,0.5371287128712872,0.5298307290496168,0.5371287128712872,0.6154726000095252
64,0.0001,32,ReLU,300,0.5371287128712872,0.5298307290496168,0.5371287128712872,0.5678862999920966
64,0.0001,32,ReLU,500,0.5371287128712872,0.5298307290496168,0.5371287128712872,0.5382975999964401
64,0.0001,32,ReLU,1000,0.5371287128712872,0.5298307290496168,0.5371287128712872,0.4983615999954054
64,0.0001,32,Tanh,50,0.5528052805280528,0.5410463715706193,0.5528052805280528,0.6243842999974731
64,0.0001,32,Tanh,100,0.5528052805280528,0.5410463715706193,0.5528052805280528,0.6512003999960143
64,0.0001,32,Tanh,300,0.5528052805280528,0.5410463715706193,0.5528052805280528,0.6957015999942087
64,0.0001,32,Tanh,500,0.5528052805280528,0.5410463715706193,0.5528052805280528,0.6442138000129489
64,0.0001,32,Tanh,1000,0.5528052805280528,0.5410463715706193,0.5528052805280528,0.6352368000079878
64,0.0001,32,Sigmoid,50,0.5082508250825083,0.43592162350420277,0.5082508250825083,0.5451317000115523
64,0.0001,32,Sigmoid,100,0.5082508250825083,0.43592162350420277,0.5082508250825083,0.5402169000008143
64,0.0001,32,Sigmoid,300,0.5082508250825083,0.43592162350420277,0.5082508250825083,0.5663932999887038
64,0.0001,32,Sigmoid,500,0.5082508250825083,0.43592162350420277,0.5082508250825083,0.5098150999983773
64,0.0001,32,Sigmoid,1000,0.5082508250825083,0.43592162350420277,0.5082508250825083,0.5193107000086457
64,0.0001,32,GELU,50,0.5371287128712872,0.5298307290496168,0.5371287128712872,0.5735071999952197
64,0.0001,32,GELU,100,0.5371287128712872,0.5298307290496168,0.5371287128712872,0.5595602999965195
64,0.0001,32,GELU,300,0.5371287128712872,0.5298307290496168,0.5371287128712872,0.5363214999961201
64,0.0001,32,GELU,500,0.5371287128712872,0.5298307290496168,0.5371287128712872,0.5507332999986829
64,0.0001,32,GELU,1000,0.5371287128712872,0.5298307290496168,0.5371287128712872,0.5597478000127012
64,0.0001,32,Softmax,50,0.5371287128712872,0.5298307290496168,0.5371287128712872,0.5638369000080274
64,0.0001,32,Softmax,100,0.5371287128712872,0.5298307290496168,0.5371287128712872,0.5264218000083929
64,0.0001,32,Softmax,300,0.5371287128712872,0.5298307290496168,0.5371287128712872,0.5514550999942003
64,0.0001,32,Softmax,500,0.5371287128712872,0.5298307290496168,0.5371287128712872,0.5452928000013344
64,0.0001,32,Softmax,1000,0.5371287128712872,0.5298307290496168,0.5371287128712872,0.5727201999980025
64,0.0001,64,ReLU,50,0.5148514851485149,0.5137379058120335,0.5148514851485149,0.30920239999250043
64,0.0001,64,ReLU,100,0.5148514851485149,0.5137379058120335,0.5148514851485149,0.31837379999342375
64,0.0001,64,ReLU,300,0.5148514851485149,0.5137379058120335,0.5148514851485149,0.3497177999961423
64,0.0001,64,ReLU,500,0.5148514851485149,0.5137379058120335,0.5148514851485149,0.2873442999989493
64,0.0001,64,ReLU,1000,0.5148514851485149,0.5137379058120335,0.5148514851485149,0.310727299991413
64,0.0001,64,Tanh,50,0.533003300330033,0.5236312223793163,0.533003300330033,0.38263400000869296
64,0.0001,64,Tanh,100,0.533003300330033,0.5236312223793163,0.533003300330033,0.3605655999999726
64,0.0001,64,Tanh,300,0.533003300330033,0.5236312223793163,0.533003300330033,0.39534469999489374
64,0.0001,64,Tanh,500,0.533003300330033,0.5236312223793163,0.533003300330033,0.38980599999194965
64,0.0001,64,Tanh,1000,0.533003300330033,0.5236312223793163,0.533003300330033,0.3592438000050606
64,0.0001,64,Sigmoid,50,0.49504950495049505,0.3382272644542862,0.49504950495049505,0.22207400000479538
64,0.0001,64,Sigmoid,100,0.49504950495049505,0.3382272644542862,0.49504950495049505,0.23320740000053775
64,0.0001,64,Sigmoid,300,0.49504950495049505,0.3382272644542862,0.49504950495049505,0.23557849999633618
64,0.0001,64,Sigmoid,500,0.49504950495049505,0.3382272644542862,0.49504950495049505,0.24508170000626706
64,0.0001,64,Sigmoid,1000,0.49504950495049505,0.3382272644542862,0.49504950495049505,0.2147876999952132
64,0.0001,64,GELU,50,0.5148514851485149,0.5137379058120335,0.5148514851485149,0.31722029999946244
64,0.0001,64,GELU,100,0.5148514851485149,0.5137379058120335,0.5148514851485149,0.29795379999268334
64,0.0001,64,GELU,300,0.5148514851485149,0.5137379058120335,0.5148514851485149,0.3189499000000069
64,0.0001,64,GELU,500,0.5148514851485149,0.5137379058120335,0.5148514851485149,0.30711490000248887
64,0.0001,64,GELU,1000,0.5148514851485149,0.5137379058120335,0.5148514851485149,0.27646850000019185
64,0.0001,64,Softmax,50,0.5148514851485149,0.5137379058120335,0.5148514851485149,0.30981489999976475
64,0.0001,64,Softmax,100,0.5148514851485149,0.5137379058120335,0.5148514851485149,0.2955604000017047
64,0.0001,64,Softmax,300,0.5148514851485149,0.5137379058120335,0.5148514851485149,0.3302474000083748
64,0.0001,64,Softmax,500,0.5148514851485149,0.5137379058120335,0.5148514851485149,0.3292829999991227
64,0.0001,64,Softmax,1000,0.5148514851485149,0.5137379058120335,0.5148514851485149,0.3173912000056589
64,0.0001,128,ReLU,50,0.5123762376237624,0.5112953240612815,0.5123762376237624,0.2248563000030117
64,0.0001,128,ReLU,100,0.5123762376237624,0.5112953240612815,0.5123762376237624,0.27357299999857787
64,0.0001,128,ReLU,300,0.5123762376237624,0.5112953240612815,0.5123762376237624,0.22317979999934323
64,0.0001,128,ReLU,500,0.5123762376237624,0.5112953240612815,0.5123762376237624,0.24554999999236315
64,0.0001,128,ReLU,1000,0.5123762376237624,0.5112953240612815,0.5123762376237624,0.2457435000105761
64,0.0001,128,Tanh,50,0.533003300330033,0.525136230728336,0.533003300330033,0.18231739998736884
64,0.0001,128,Tanh,100,0.533003300330033,0.525136230728336,0.533003300330033,0.20349880000867415
64,0.0001,128,Tanh,300,0.533003300330033,0.525136230728336,0.533003300330033,0.17254959999991115
64,0.0001,128,Tanh,500,0.533003300330033,0.525136230728336,0.533003300330033,0.20183859999815468
64,0.0001,128,Tanh,1000,0.533003300330033,0.525136230728336,0.533003300330033,0.19286490000376943
64,0.0001,128,Sigmoid,50,0.4966996699669967,0.3485363833424387,0.4966996699669967,0.18292529998871032
64,0.0001,128,Sigmoid,100,0.4966996699669967,0.3485363833424387,0.4966996699669967,0.18189819999679457
64,0.0001,128,Sigmoid,300,0.4966996699669967,0.3485363833424387,0.4966996699669967,0.20296260000031907
64,0.0001,128,Sigmoid,500,0.4966996699669967,0.3485363833424387,0.4966996699669967,0.1824798000016017
64,0.0001,128,Sigmoid,1000,0.4966996699669967,0.3485363833424387,0.4966996699669967,0.18329149999772198
64,0.0001,128,GELU,50,0.5123762376237624,0.5112953240612815,0.5123762376237624,0.2667187000042759
64,0.0001,128,GELU,100,0.5123762376237624,0.5112953240612815,0.5123762376237624,0.24599470000248402
64,0.0001,128,GELU,300,0.5123762376237624,0.5112953240612815,0.5123762376237624,0.2635280000104103
64,0.0001,128,GELU,500,0.5123762376237624,0.5112953240612815,0.5123762376237624,0.23161919999984093
64,0.0001,128,GELU,1000,0.5123762376237624,0.5112953240612815,0.5123762376237624,0.23806240000703838
64,0.0001,128,Softmax,50,0.5123762376237624,0.5112953240612815,0.5123762376237624,0.24617640000360552
64,0.0001,128,Softmax,100,0.5123762376237624,0.5112953240612815,0.5123762376237624,0.24393769999733195
64,0.0001,128,Softmax,300,0.5123762376237624,0.5112953240612815,0.5123762376237624,0.23412250001274515
64,0.0001,128,Softmax,500,0.5123762376237624,0.5112953240612815,0.5123762376237624,0.2458615999930771
64,0.0001,128,Softmax,1000,0.5123762376237624,0.5112953240612815,0.5123762376237624,0.23350429999118205
64,0.00025,8,ReLU,50,0.584983498349835,0.5709758667063575,0.584983498349835,1.8235104000050342
64,0.00025,8,ReLU,100,0.584983498349835,0.5709758667063575,0.584983498349835,2.0774091000057524
64,0.00025,8,ReLU,300,0.584983498349835,0.5709758667063575,0.584983498349835,2.0285768000030657
64,0.00025,8,ReLU,500,0.584983498349835,0.5709758667063575,0.584983498349835,2.026627900006133
64,0.00025,8,ReLU,1000,0.584983498349835,0.5709758667063575,0.584983498349835,2.1941052000038326
64,0.00025,8,Tanh,50,0.5965346534653466,0.5796367814624493,0.5965346534653465,1.9318106999999145
64,0.00025,8,Tanh,100,0.5965346534653466,0.5796367814624493,0.5965346534653465,1.9702862999984063
64,0.00025,8,Tanh,300,0.5965346534653466,0.5796367814624493,0.5965346534653465,1.8939283000072464
64,0.00025,8,Tanh,500,0.5965346534653466,0.5796367814624493,0.5965346534653465,1.9448206999950344
64,0.00025,8,Tanh,1000,0.5965346534653466,0.5796367814624493,0.5965346534653465,2.072171799998614
64,0.00025,8,Sigmoid,50,0.514026402640264,0.5067707199784431,0.514026402640264,1.5513980999967316
64,0.00025,8,Sigmoid,100,0.514026402640264,0.5067707199784431,0.514026402640264,1.5725172000093153
64,0.00025,8,Sigmoid,300,0.514026402640264,0.5067707199784431,0.514026402640264,1.4865206999966176
64,0.00025,8,Sigmoid,500,0.514026402640264,0.5067707199784431,0.514026402640264,1.3931284999998752
64,0.00025,8,Sigmoid,1000,0.514026402640264,0.5067707199784431,0.514026402640264,1.5339739000046393
64,0.00025,8,GELU,50,0.584983498349835,0.5709758667063575,0.584983498349835,1.7750397000054363
64,0.00025,8,GELU,100,0.584983498349835,0.5709758667063575,0.584983498349835,1.894313400000101
64,0.00025,8,GELU,300,0.584983498349835,0.5709758667063575,0.584983498349835,1.863285100000212
64,0.00025,8,GELU,500,0.584983498349835,0.5709758667063575,0.584983498349835,2.1333821000007447
64,0.00025,8,GELU,1000,0.584983498349835,0.5709758667063575,0.584983498349835,1.9763560999999754
64,0.00025,8,Softmax,50,0.584983498349835,0.5709758667063575,0.584983498349835,1.7736922000040067
64,0.00025,8,Softmax,100,0.584983498349835,0.5709758667063575,0.584983498349835,1.970001499998034
64,0.00025,8,Softmax,300,0.584983498349835,0.5709758667063575,0.584983498349835,1.9639263999997638
64,0.00025,8,Softmax,500,0.584983498349835,0.5709758667063575,0.584983498349835,1.8558201000123518
64,0.00025,8,Softmax,1000,0.584983498349835,0.5709758667063575,0.584983498349835,1.9029971999989357
64,0.00025,16,ReLU,50,0.5833333333333334,0.5690030934375887,0.5833333333333334,1.091967600004864
64,0.00025,16,ReLU,100,0.5833333333333334,0.5690030934375887,0.5833333333333334,1.149854500006768
64,0.00025,16,ReLU,300,0.5833333333333334,0.5690030934375887,0.5833333333333334,1.0949812000035308
64,0.00025,16,ReLU,500,0.5833333333333334,0.5690030934375887,0.5833333333333334,1.1710426000063308
64,0.00025,16,ReLU,1000,0.5833333333333334,0.5690030934375887,0.5833333333333334,1.151786099988385
64,0.00025,16,Tanh,50,0.5684818481848185,0.5488218316149858,0.5684818481848185,0.9718655000033323
64,0.00025,16,Tanh,100,0.5684818481848185,0.5488218316149858,0.5684818481848185,0.9263663000019733
64,0.00025,16,Tanh,300,0.5684818481848185,0.5488218316149858,0.5684818481848185,0.8850253999989945
64,0.00025,16,Tanh,500,0.5684818481848185,0.5488218316149858,0.5684818481848185,0.8965530999994371
64,0.00025,16,Tanh,1000,0.5684818481848185,0.5488218316149858,0.5684818481848185,0.8810174999962328
64,0.00025,16,Sigmoid,50,0.5412541254125413,0.5411929071562991,0.5412541254125413,0.881081900006393
64,0.00025,16,Sigmoid,100,0.5412541254125413,0.5411929071562991,0.5412541254125413,0.8739483000099426
64,0.00025,16,Sigmoid,300,0.5412541254125413,0.5411929071562991,0.5412541254125413,0.8508091999974567
64,0.00025,16,Sigmoid,500,0.5412541254125413,0.5411929071562991,0.5412541254125413,0.8653605999861611
64,0.00025,16,Sigmoid,1000,0.5412541254125413,0.5411929071562991,0.5412541254125413,0.9295232000004034
64,0.00025,16,GELU,50,0.5833333333333334,0.5690030934375887,0.5833333333333334,1.0569340999936685
64,0.00025,16,GELU,100,0.5833333333333334,0.5690030934375887,0.5833333333333334,1.125369600005797
64,0.00025,16,GELU,300,0.5833333333333334,0.5690030934375887,0.5833333333333334,1.192555200002971
64,0.00025,16,GELU,500,0.5833333333333334,0.5690030934375887,0.5833333333333334,1.1058473000011873
64,0.00025,16,GELU,1000,0.5833333333333334,0.5690030934375887,0.5833333333333334,1.1475515000056475
64,0.00025,16,Softmax,50,0.5833333333333334,0.5690030934375887,0.5833333333333334,1.2318290999974124
64,0.00025,16,Softmax,100,0.5833333333333334,0.5690030934375887,0.5833333333333334,1.3799445000040578
64,0.00025,16,Softmax,300,0.5833333333333334,0.5690030934375887,0.5833333333333334,1.2664186999900267
64,0.00025,16,Softmax,500,0.5833333333333334,0.5690030934375887,0.5833333333333334,1.0645500999962678
64,0.00025,16,Softmax,1000,0.5833333333333334,0.5690030934375887,0.5833333333333334,1.0557057999976678
64,0.00025,32,ReLU,50,0.5569306930693069,0.5416923983682873,0.556930693069307,0.4974513999914052
64,0.00025,32,ReLU,100,0.5569306930693069,0.5416923983682873,0.556930693069307,0.5280153000057908
64,0.00025,32,ReLU,300,0.5569306930693069,0.5416923983682873,0.556930693069307,0.47777209999912884
64,0.00025,32,ReLU,500,0.5569306930693069,0.5416923983682873,0.556930693069307,0.5483421000099042
64,0.00025,32,ReLU,1000,0.5569306930693069,0.5416923983682873,0.556930693069307,0.5093025000096532
64,0.00025,32,Tanh,50,0.5684818481848185,0.5513255826299305,0.5684818481848185,0.5596865999978036
64,0.00025,32,Tanh,100,0.5684818481848185,0.5513255826299305,0.5684818481848185,0.5291212999873096
64,0.00025,32,Tanh,300,0.5684818481848185,0.5513255826299305,0.5684818481848185,0.5796203999925638
64,0.00025,32,Tanh,500,0.5684818481848185,0.5513255826299305,0.5684818481848185,0.5615400999959093
64,0.00025,32,Tanh,1000,0.5684818481848185,0.5513255826299305,0.5684818481848185,0.5737822000082815
64,0.00025,32,Sigmoid,50,0.5272277227722773,0.5269929812731786,0.5272277227722773,0.5742753000085941
64,0.00025,32,Sigmoid,100,0.528052805280528,0.5278007846556234,0.528052805280528,0.6223023999918951
64,0.00025,32,Sigmoid,300,0.528052805280528,0.5278007846556234,0.528052805280528,0.6558188000053633
64,0.00025,32,Sigmoid,500,0.528052805280528,0.5278007846556234,0.528052805280528,0.6531404000124894
64,0.00025,32,Sigmoid,1000,0.528052805280528,0.5278007846556234,0.528052805280528,0.6755711000005249
64,0.00025,32,GELU,50,0.5569306930693069,0.5416923983682873,0.556930693069307,0.5089582999935374
64,0.00025,32,GELU,100,0.5569306930693069,0.5416923983682873,0.556930693069307,0.5614617000101134
64,0.00025,32,GELU,300,0.5569306930693069,0.5416923983682873,0.556930693069307,0.5414228000008734
64,0.00025,32,GELU,500,0.5569306930693069,0.5416923983682873,0.556930693069307,0.5933763999928487
64,0.00025,32,GELU,1000,0.5569306930693069,0.5416923983682873,0.556930693069307,0.5403943999990588
64,0.00025,32,Softmax,50,0.5569306930693069,0.5416923983682873,0.556930693069307,0.5830849000049056
64,0.00025,32,Softmax,100,0.5569306930693069,0.5416923983682873,0.556930693069307,0.5303418999974383
64,0.00025,32,Softmax,300,0.5569306930693069,0.5416923983682873,0.556930693069307,0.5621304999949643
64,0.00025,32,Softmax,500,0.5569306930693069,0.5416923983682873,0.556930693069307,0.5398257000051672
64,0.00025,32,Softmax,1000,0.5569306930693069,0.5416923983682873,0.556930693069307,0.5076205999939702
64,0.00025,64,ReLU,50,0.5528052805280528,0.5252486123959297,0.5528052805280528,0.4039133999904152
64,0.00025,64,ReLU,100,0.5528052805280528,0.5252486123959297,0.5528052805280528,0.3940240000083577
64,0.00025,64,ReLU,300,0.5528052805280528,0.5252486123959297,0.5528052805280528,0.3839990999986185
64,0.00025,64,ReLU,500,0.5528052805280528,0.5252486123959297,0.5528052805280528,0.3829758999927435
64,0.00025,64,ReLU,1000,0.5528052805280528,0.5252486123959297,0.5528052805280528,0.4251275999995414
64,0.00025,64,Tanh,50,0.5536303630363036,0.5379896632997819,0.5536303630363036,0.391465499997139
64,0.00025,64,Tanh,100,0.5536303630363036,0.5379896632997819,0.5536303630363036,0.41343840000627097
64,0.00025,64,Tanh,300,0.5536303630363036,0.5379896632997819,0.5536303630363036,0.4033218999975361
64,0.00025,64,Tanh,500,0.5536303630363036,0.5379896632997819,0.5536303630363036,0.39472579999710433
64,0.00025,64,Tanh,1000,0.5536303630363036,0.5379896632997819,0.5536303630363036,0.4037858999945456
64,0.00025,64,Sigmoid,50,0.5165016501650165,0.5024044928705945,0.5165016501650165,0.26725530000112485
64,0.00025,64,Sigmoid,100,0.5165016501650165,0.5024044928705945,0.5165016501650165,0.2673129000031622
64,0.00025,64,Sigmoid,300,0.5165016501650165,0.5024044928705945,0.5165016501650165,0.29806280000775587
64,0.00025,64,Sigmoid,500,0.5165016501650165,0.5024044928705945,0.5165016501650165,0.297586799992132
64,0.00025,64,Sigmoid,1000,0.5165016501650165,0.5024044928705945,0.5165016501650165,0.3604290000075707
64,0.00025,64,GELU,50,0.5528052805280528,0.5252486123959297,0.5528052805280528,0.43480580000323243
64,0.00025,64,GELU,100,0.5528052805280528,0.5252486123959297,0.5528052805280528,0.4231527000083588
64,0.00025,64,GELU,300,0.5528052805280528,0.5252486123959297,0.5528052805280528,0.4261040999990655
64,0.00025,64,GELU,500,0.5528052805280528,0.5252486123959297,0.5528052805280528,0.3928485000069486
64,0.00025,64,GELU,1000,0.5528052805280528,0.5252486123959297,0.5528052805280528,0.4223290999943856
64,0.00025,64,Softmax,50,0.5528052805280528,0.5252486123959297,0.5528052805280528,0.39214650000212714
64,0.00025,64,Softmax,100,0.5528052805280528,0.5252486123959297,0.5528052805280528,0.4342882000055397
64,0.00025,64,Softmax,300,0.5528052805280528,0.5252486123959297,0.5528052805280528,0.4132983999879798
64,0.00025,64,Softmax,500,0.5528052805280528,0.5252486123959297,0.5528052805280528,0.41401950000727084
64,0.00025,64,Softmax,1000,0.5528052805280528,0.5252486123959297,0.5528052805280528,0.40290879999520257
64,0.00025,128,ReLU,50,0.5148514851485149,0.5060262008733625,0.5148514851485149,0.28799419999995735
64,0.00025,128,ReLU,100,0.5148514851485149,0.5060262008733625,0.5148514851485149,0.27901589999964926
64,0.00025,128,ReLU,300,0.5148514851485149,0.5060262008733625,0.5148514851485149,0.28773979999823496
64,0.00025,128,ReLU,500,0.5148514851485149,0.5060262008733625,0.5148514851485149,0.27814569999463856
64,0.00025,128,ReLU,1000,0.5148514851485149,0.5060262008733625,0.5148514851485149,0.28769490000559017
64,0.00025,128,Tanh,50,0.551980198019802,0.541760346696765,0.551980198019802,0.3217975000006845
64,0.00025,128,Tanh,100,0.551980198019802,0.541760346696765,0.551980198019802,0.3491158000106225
64,0.00025,128,Tanh,300,0.551980198019802,0.541760346696765,0.551980198019802,0.36305099999299273
64,0.00025,128,Tanh,500,0.551980198019802,0.541760346696765,0.551980198019802,0.3334824000048684
64,0.00025,128,Tanh,1000,0.551980198019802,0.541760346696765,0.551980198019802,0.3321899000002304
64,0.00025,128,Sigmoid,50,0.49834983498349833,0.44980826434433574,0.49834983498349833,0.24599399999715388
64,0.00025,128,Sigmoid,100,0.49834983498349833,0.44980826434433574,0.49834983498349833,0.24706500000320375
64,0.00025,128,Sigmoid,300,0.49834983498349833,0.44980826434433574,0.49834983498349833,0.2645135000057053
64,0.00025,128,Sigmoid,500,0.49834983498349833,0.44980826434433574,0.49834983498349833,0.2561973000119906
64,0.00025,128,Sigmoid,1000,0.49834983498349833,0.44980826434433574,0.49834983498349833,0.26790299999993294
64,0.00025,128,GELU,50,0.5148514851485149,0.5060262008733625,0.5148514851485149,0.2879659000027459
64,0.00025,128,GELU,100,0.5148514851485149,0.5060262008733625,0.5148514851485149,0.2571968999982346
64,0.00025,128,GELU,300,0.5148514851485149,0.5060262008733625,0.5148514851485149,0.26665950000460725
64,0.00025,128,GELU,500,0.5148514851485149,0.5060262008733625,0.5148514851485149,0.24640879999788012
64,0.00025,128,GELU,1000,0.5148514851485149,0.5060262008733625,0.5148514851485149,0.25586229999316856
64,0.00025,128,Softmax,50,0.5148514851485149,0.5060262008733625,0.5148514851485149,0.25812469999073073
64,0.00025,128,Softmax,100,0.5148514851485149,0.5060262008733625,0.5148514851485149,0.26612450000538956
64,0.00025,128,Softmax,300,0.5148514851485149,0.5060262008733625,0.5148514851485149,0.24622060000547208
64,0.00025,128,Softmax,500,0.5148514851485149,0.5060262008733625,0.5148514851485149,0.26588819999597035
64,0.00025,128,Softmax,1000,0.5148514851485149,0.5060262008733625,0.5148514851485149,0.25361870000779163
128,0.01,8,ReLU,50,0.5255775577557755,0.5252255842709259,0.5255775577557755,1.1571058999979869
128,0.01,8,ReLU,100,0.5255775577557755,0.5252255842709259,0.5255775577557755,1.109648899990134
128,0.01,8,ReLU,300,0.5255775577557755,0.5252255842709259,0.5255775577557755,1.2141925999894738
128,0.01,8,ReLU,500,0.5255775577557755,0.5252255842709259,0.5255775577557755,1.1825175999983912
128,0.01,8,ReLU,1000,0.5255775577557755,0.5252255842709259,0.5255775577557755,1.2048822999931872
128,0.01,8,Tanh,50,0.5222772277227723,0.5216751471445271,0.5222772277227723,1.2950023000012152
128,0.01,8,Tanh,100,0.5222772277227723,0.5216751471445271,0.5222772277227723,1.266635000007227
128,0.01,8,Tanh,300,0.5222772277227723,0.5216751471445271,0.5222772277227723,1.3292728999949759
128,0.01,8,Tanh,500,0.5222772277227723,0.5216751471445271,0.5222772277227723,1.3816081999975722
128,0.01,8,Tanh,1000,0.5222772277227723,0.5216751471445271,0.5222772277227723,1.2765312999981688
128,0.01,8,Sigmoid,50,0.5239273927392739,0.5213463443080636,0.5239273927392739,1.4769183000025805
128,0.01,8,Sigmoid,100,0.5239273927392739,0.5213463443080636,0.5239273927392739,1.5136786999937613
128,0.01,8,Sigmoid,300,0.5239273927392739,0.5213463443080636,0.5239273927392739,1.5945642000006046
128,0.01,8,Sigmoid,500,0.5239273927392739,0.5213463443080636,0.5239273927392739,1.4319031999912113
128,0.01,8,Sigmoid,1000,0.5239273927392739,0.5213463443080636,0.5239273927392739,1.4075865000049816
128,0.01,8,GELU,50,0.5255775577557755,0.5252255842709259,0.5255775577557755,1.0720117000018945
128,0.01,8,GELU,100,0.5255775577557755,0.5252255842709259,0.5255775577557755,1.0763690000021597
128,0.01,8,GELU,300,0.5255775577557755,0.5252255842709259,0.5255775577557755,1.1717617999966023
128,0.01,8,GELU,500,0.5255775577557755,0.5252255842709259,0.5255775577557755,1.1499715999962064
128,0.01,8,GELU,1000,0.5255775577557755,0.5252255842709259,0.5255775577557755,1.0644877999875462
128,0.01,8,Softmax,50,0.5255775577557755,0.5252255842709259,0.5255775577557755,1.1390333000017563
128,0.01,8,Softmax,100,0.5255775577557755,0.5252255842709259,0.5255775577557755,1.2144650000118418
128,0.01,8,Softmax,300,0.5255775577557755,0.5252255842709259,0.5255775577557755,1.17983870000171
128,0.01,8,Softmax,500,0.5255775577557755,0.5252255842709259,0.5255775577557755,1.1817143999942346
128,0.01,8,Softmax,1000,0.5255775577557755,0.5252255842709259,0.5255775577557755,1.0870552999986103
128,0.01,16,ReLU,50,0.5338283828382838,0.5331262975247744,0.5338283828382838,0.8617841000086628
128,0.01,16,ReLU,100,0.5338283828382838,0.5331262975247744,0.5338283828382838,0.9136508000083268
128,0.01,16,ReLU,300,0.5338283828382838,0.5331262975247744,0.5338283828382838,0.8650377000012668
128,0.01,16,ReLU,500,0.5338283828382838,0.5331262975247744,0.5338283828382838,0.9181631000101333
128,0.01,16,ReLU,1000,0.5338283828382838,0.5331262975247744,0.5338283828382838,0.8443819000094663
128,0.01,16,Tanh,50,0.5239273927392739,0.5112763196239619,0.5239273927392739,0.8010248999926262
128,0.01,16,Tanh,100,0.5239273927392739,0.5112763196239619,0.5239273927392739,0.8145322999916971
128,0.01,16,Tanh,300,0.5239273927392739,0.5112763196239619,0.5239273927392739,0.8338509999884991
128,0.01,16,Tanh,500,0.5239273927392739,0.5112763196239619,0.5239273927392739,0.8034693999943556
128,0.01,16,Tanh,1000,0.5239273927392739,0.5112763196239619,0.5239273927392739,0.8140692000015406
128,0.01,16,Sigmoid,50,0.5239273927392739,0.5177657868877894,0.5239273927392739,0.7579446000017924
128,0.01,16,Sigmoid,100,0.5239273927392739,0.5177657868877894,0.5239273927392739,0.7784127000049921
128,0.01,16,Sigmoid,300,0.5239273927392739,0.5177657868877894,0.5239273927392739,0.7387942000059411
128,0.01,16,Sigmoid,500,0.5239273927392739,0.5177657868877894,0.5239273927392739,0.8346014999988256
128,0.01,16,Sigmoid,1000,0.5239273927392739,0.5177657868877894,0.5239273927392739,0.7830650000105379
128,0.01,16,GELU,50,0.5338283828382838,0.5331262975247744,0.5338283828382838,0.9071398000087356
128,0.01,16,GELU,100,0.5338283828382838,0.5331262975247744,0.5338283828382838,0.969989599994733
128,0.01,16,GELU,300,0.5338283828382838,0.5331262975247744,0.5338283828382838,0.8864047999959439
128,0.01,16,GELU,500,0.5338283828382838,0.5331262975247744,0.5338283828382838,0.8329708000092069
128,0.01,16,GELU,1000,0.5338283828382838,0.5331262975247744,0.5338283828382838,0.8568418999930145
128,0.01,16,Softmax,50,0.5338283828382838,0.5331262975247744,0.5338283828382838,0.8652055000129621
128,0.01,16,Softmax,100,0.5338283828382838,0.5331262975247744,0.5338283828382838,0.9184384999971371
128,0.01,16,Softmax,300,0.5338283828382838,0.5331262975247744,0.5338283828382838,0.8765928000066197
128,0.01,16,Softmax,500,0.5338283828382838,0.5331262975247744,0.5338283828382838,0.8152865000010934
128,0.01,16,Softmax,1000,0.5338283828382838,0.5331262975247744,0.5338283828382838,0.853460799989989
128,0.01,32,ReLU,50,0.5354785478547854,0.5349970662855905,0.5354785478547854,0.4768790999951307
128,0.01,32,ReLU,100,0.5354785478547854,0.5349970662855905,0.5354785478547854,0.45580949999566656
128,0.01,32,ReLU,300,0.5354785478547854,0.5349970662855905,0.5354785478547854,0.4259147999982815
128,0.01,32,ReLU,500,0.5354785478547854,0.5349970662855905,0.5354785478547854,0.4351911999983713
128,0.01,32,ReLU,1000,0.5354785478547854,0.5349970662855905,0.5354785478547854,0.43460149999009445
128,0.01,32,Tanh,50,0.5288778877887789,0.5271625393289903,0.5288778877887789,0.4993149999936577
128,0.01,32,Tanh,100,0.5288778877887789,0.5271625393289903,0.5288778877887789,0.5089369999914197
128,0.01,32,Tanh,300,0.5288778877887789,0.5271625393289903,0.5288778877887789,0.5291114999999991
128,0.01,32,Tanh,500,0.5288778877887789,0.5271625393289903,0.5288778877887789,0.5154751999943983
128,0.01,32,Tanh,1000,0.5288778877887789,0.5271625393289903,0.5288778877887789,0.5576302999979816
128,0.01,32,Sigmoid,50,0.528052805280528,0.511361970385574,0.528052805280528,0.4137507999985246
128,0.01,32,Sigmoid,100,0.528052805280528,0.511361970385574,0.528052805280528,0.4255808000016259
128,0.01,32,Sigmoid,300,0.528052805280528,0.511361970385574,0.528052805280528,0.44545780000044033
128,0.01,32,Sigmoid,500,0.528052805280528,0.511361970385574,0.528052805280528,0.4351447999943048
128,0.01,32,Sigmoid,1000,0.528052805280528,0.511361970385574,0.528052805280528,0.42610169999534264
128,0.01,32,GELU,50,0.5354785478547854,0.5349970662855905,0.5354785478547854,0.48853919999965
128,0.01,32,GELU,100,0.5354785478547854,0.5349970662855905,0.5354785478547854,0.4759860999911325
128,0.01,32,GELU,300,0.5354785478547854,0.5349970662855905,0.5354785478547854,0.4657623999955831
128,0.01,32,GELU,500,0.5354785478547854,0.5349970662855905,0.5354785478547854,0.45369410001148935
128,0.01,32,GELU,1000,0.5354785478547854,0.5349970662855905,0.5354785478547854,0.4753885999962222
128,0.01,32,Softmax,50,0.5354785478547854,0.5349970662855905,0.5354785478547854,0.48719960000016727
128,0.01,32,Softmax,100,0.5354785478547854,0.5349970662855905,0.5354785478547854,0.4667444999940926
128,0.01,32,Softmax,300,0.5354785478547854,0.5349970662855905,0.5354785478547854,0.4361059000075329
128,0.01,32,Softmax,500,0.5354785478547854,0.5349970662855905,0.5354785478547854,0.43355820000579115
128,0.01,32,Softmax,1000,0.5354785478547854,0.5349970662855905,0.5354785478547854,0.44547039999451954
128,0.01,64,ReLU,50,0.5726072607260726,0.5690574968905386,0.5726072607260726,0.30991189999622293
128,0.01,64,ReLU,100,0.5726072607260726,0.5690574968905386,0.5726072607260726,0.30885589998797514
128,0.01,64,ReLU,300,0.5726072607260726,0.5690574968905386,0.5726072607260726,0.2857751000119606
128,0.01,64,ReLU,500,0.5726072607260726,0.5690574968905386,0.5726072607260726,0.297507700001006
128,0.01,64,ReLU,1000,0.5726072607260726,0.5690574968905386,0.5726072607260726,0.31969479999679606
128,0.01,64,Tanh,50,0.5371287128712872,0.5206071412707578,0.5371287128712872,0.3973009000037564
128,0.01,64,Tanh,100,0.5371287128712872,0.5206071412707578,0.5371287128712872,0.3928775999956997
128,0.01,64,Tanh,300,0.5371287128712872,0.5206071412707578,0.5371287128712872,0.3823184999928344
128,0.01,64,Tanh,500,0.5371287128712872,0.5206071412707578,0.5371287128712872,0.3904247000027681
128,0.01,64,Tanh,1000,0.5371287128712872,0.5206071412707578,0.5371287128712872,0.3823275000031572
128,0.01,64,Sigmoid,50,0.5214521452145214,0.4994688228944453,0.5214521452145214,0.3708699999988312
128,0.01,64,Sigmoid,100,0.5214521452145214,0.4994688228944453,0.5214521452145214,0.3514904000039678
128,0.01,64,Sigmoid,300,0.5214521452145214,0.4994688228944453,0.5214521452145214,0.35012669999559876
128,0.01,64,Sigmoid,500,0.5214521452145214,0.4994688228944453,0.5214521452145214,0.3293359999952372
128,0.01,64,Sigmoid,1000,0.5214521452145214,0.4994688228944453,0.5214521452145214,0.329177300009178
128,0.01,64,GELU,50,0.5726072607260726,0.5690574968905386,0.5726072607260726,0.2978346000018064
128,0.01,64,GELU,100,0.5726072607260726,0.5690574968905386,0.5726072607260726,0.3341286999930162
128,0.01,64,GELU,300,0.5726072607260726,0.5690574968905386,0.5726072607260726,0.30876339999667834
128,0.01,64,GELU,500,0.5726072607260726,0.5690574968905386,0.5726072607260726,0.3088900000002468
128,0.01,64,GELU,1000,0.5726072607260726,0.5690574968905386,0.5726072607260726,0.28773360000923276
128,0.01,64,Softmax,50,0.5726072607260726,0.5690574968905386,0.5726072607260726,0.3087010999879567
128,0.01,64,Softmax,100,0.5726072607260726,0.5690574968905386,0.5726072607260726,0.30931019999843556
128,0.01,64,Softmax,300,0.5726072607260726,0.5690574968905386,0.5726072607260726,0.29845669999485835
128,0.01,64,Softmax,500,0.5726072607260726,0.5690574968905386,0.5726072607260726,0.30755139999382664
128,0.01,64,Softmax,1000,0.5726072607260726,0.5690574968905386,0.5726072607260726,0.32096709999314044
128,0.01,128,ReLU,50,0.5709570957095709,0.5644626271561256,0.570957095709571,0.3391850999905728
128,0.01,128,ReLU,100,0.5709570957095709,0.5644626271561256,0.570957095709571,0.35084690000803676
128,0.01,128,ReLU,300,0.5709570957095709,0.5644626271561256,0.570957095709571,0.3422815000085393
128,0.01,128,ReLU,500,0.5709570957095709,0.5644626271561256,0.570957095709571,0.33054369999445044
128,0.01,128,ReLU,1000,0.5709570957095709,0.5644626271561256,0.570957095709571,0.339626800006954
128,0.01,128,Tanh,50,0.5346534653465347,0.5231808035714286,0.5346534653465347,0.30950980000488926
128,0.01,128,Tanh,100,0.5346534653465347,0.5231808035714286,0.5346534653465347,0.34092380000220146
128,0.01,128,Tanh,300,0.5346534653465347,0.5231808035714286,0.5346534653465347,0.34102519998850767
128,0.01,128,Tanh,500,0.5346534653465347,0.5231808035714286,0.5346534653465347,0.3399600999982795
128,0.01,128,Tanh,1000,0.5346534653465347,0.5231808035714286,0.5346534653465347,0.33089850000396837
128,0.01,128,Sigmoid,50,0.5033003300330033,0.4967763294020277,0.5033003300330033,0.3297183000104269
128,0.01,128,Sigmoid,100,0.5033003300330033,0.4967763294020277,0.5033003300330033,0.3301181999995606
128,0.01,128,Sigmoid,300,0.5033003300330033,0.4967763294020277,0.5033003300330033,0.30786369999987073
128,0.01,128,Sigmoid,500,0.5033003300330033,0.4967763294020277,0.5033003300330033,0.29786849999800324
128,0.01,128,Sigmoid,1000,0.5033003300330033,0.4967763294020277,0.5033003300330033,0.30614250000508036
128,0.01,128,GELU,50,0.5709570957095709,0.5644626271561256,0.570957095709571,0.3178984000114724
128,0.01,128,GELU,100,0.5709570957095709,0.5644626271561256,0.570957095709571,0.3300967999966815
128,0.01,128,GELU,300,0.5709570957095709,0.5644626271561256,0.570957095709571,0.3586810999986483
128,0.01,128,GELU,500,0.5709570957095709,0.5644626271561256,0.570957095709571,0.3316344999911962
128,0.01,128,GELU,1000,0.5709570957095709,0.5644626271561256,0.570957095709571,0.337704899997334
128,0.01,128,Softmax,50,0.5709570957095709,0.5644626271561256,0.570957095709571,0.34846789999573957
128,0.01,128,Softmax,100,0.5709570957095709,0.5644626271561256,0.570957095709571,0.36007310000422876
128,0.01,128,Softmax,300,0.5709570957095709,0.5644626271561256,0.570957095709571,0.3413924000051338
128,0.01,128,Softmax,500,0.5709570957095709,0.5644626271561256,0.570957095709571,0.3698043000040343
128,0.01,128,Softmax,1000,0.5709570957095709,0.5644626271561256,0.570957095709571,0.34930940000049304
128,0.001,8,ReLU,50,0.5899339933993399,0.5819979112525199,0.5899339933993399,1.4245639000000665
128,0.001,8,ReLU,100,0.5899339933993399,0.5819979112525199,0.5899339933993399,1.539478799997596
128,0.001,8,ReLU,300,0.5899339933993399,0.5819979112525199,0.5899339933993399,1.489832999999635
128,0.001,8,ReLU,500,0.5899339933993399,0.5819979112525199,0.5899339933993399,1.5543387999932747
128,0.001,8,ReLU,1000,0.5899339933993399,0.5819979112525199,0.5899339933993399,1.4205953999917256
128,0.001,8,Tanh,50,0.5726072607260726,0.5611298765211167,0.5726072607260726,1.4088813999987906
128,0.001,8,Tanh,100,0.5726072607260726,0.5611298765211167,0.5726072607260726,1.4524423999973806
128,0.001,8,Tanh,300,0.5726072607260726,0.5611298765211167,0.5726072607260726,1.432562699992559
128,0.001,8,Tanh,500,0.5726072607260726,0.5611298765211167,0.5726072607260726,1.4090158000035444
128,0.001,8,Tanh,1000,0.5726072607260726,0.5611298765211167,0.5726072607260726,1.4457422999985283
128,0.001,8,Sigmoid,50,0.5321782178217822,0.5207698878990219,0.5321782178217822,1.5610254000057466
128,0.001,8,Sigmoid,100,0.5321782178217822,0.5207698878990219,0.5321782178217822,1.579402500006836
128,0.001,8,Sigmoid,300,0.5321782178217822,0.5207698878990219,0.5321782178217822,1.493902899994282
128,0.001,8,Sigmoid,500,0.5321782178217822,0.5207698878990219,0.5321782178217822,1.5255589000007603
128,0.001,8,Sigmoid,1000,0.5321782178217822,0.5207698878990219,0.5321782178217822,1.6288307000068016
128,0.001,8,GELU,50,0.5899339933993399,0.5819979112525199,0.5899339933993399,1.4828847000026144
128,0.001,8,GELU,100,0.5899339933993399,0.5819979112525199,0.5899339933993399,1.5384602999984054
128,0.001,8,GELU,300,0.5899339933993399,0.5819979112525199,0.5899339933993399,1.5638144999975339
128,0.001,8,GELU,500,0.5899339933993399,0.5819979112525199,0.5899339933993399,1.6634909000131302
128,0.001,8,GELU,1000,0.5899339933993399,0.5819979112525199,0.5899339933993399,1.6028275999997277
128,0.001,8,Softmax,50,0.5899339933993399,0.5819979112525199,0.5899339933993399,1.4528488999931142
128,0.001,8,Softmax,100,0.5899339933993399,0.5819979112525199,0.5899339933993399,1.6718666000087978
128,0.001,8,Softmax,300,0.5899339933993399,0.5819979112525199,0.5899339933993399,1.4752390999929048
128,0.001,8,Softmax,500,0.5899339933993399,0.5819979112525199,0.5899339933993399,1.4639483999926597
128,0.001,8,Softmax,1000,0.5899339933993399,0.5819979112525199,0.5899339933993399,1.4879104999999981
128,0.001,16,ReLU,50,0.584983498349835,0.5709758667063575,0.584983498349835,1.2631700999918394
128,0.001,16,ReLU,100,0.584983498349835,0.5709758667063575,0.584983498349835,1.4036156000074698
128,0.001,16,ReLU,300,0.584983498349835,0.5709758667063575,0.584983498349835,1.4727016999968328
128,0.001,16,ReLU,500,0.584983498349835,0.5709758667063575,0.584983498349835,1.4348379000002751
128,0.001,16,ReLU,1000,0.584983498349835,0.5709758667063575,0.584983498349835,1.348326499995892
128,0.001,16,Tanh,50,0.5717821782178218,0.5564975157210754,0.5717821782178217,0.990649500003201
128,0.001,16,Tanh,100,0.5717821782178218,0.5564975157210754,0.5717821782178217,0.9926043000014033
128,0.001,16,Tanh,300,0.5717821782178218,0.5564975157210754,0.5717821782178217,1.0624166000052355
128,0.001,16,Tanh,500,0.5717821782178218,0.5564975157210754,0.5717821782178217,0.9953467000013916
128,0.001,16,Tanh,1000,0.5717821782178218,0.5564975157210754,0.5717821782178217,1.0657083000114653
128,0.001,16,Sigmoid,50,0.5363036303630363,0.5332520180355503,0.5363036303630363,1.0155651000095531
128,0.001,16,Sigmoid,100,0.5363036303630363,0.5332520180355503,0.5363036303630363,1.0076422999991337
128,0.001,16,Sigmoid,300,0.5363036303630363,0.5332520180355503,0.5363036303630363,1.0120093000005
128,0.001,16,Sigmoid,500,0.5363036303630363,0.5332520180355503,0.5363036303630363,1.1181087000004482
128,0.001,16,Sigmoid,1000,0.5363036303630363,0.5332520180355503,0.5363036303630363,1.0433105999982217
128,0.001,16,GELU,50,0.584983498349835,0.5709758667063575,0.584983498349835,1.2358794000028865
128,0.001,16,GELU,100,0.584983498349835,0.5709758667063575,0.584983498349835,1.3593653999996604
128,0.001,16,GELU,300,0.584983498349835,0.5709758667063575,0.584983498349835,1.393584399993415
128,0.001,16,GELU,500,0.584983498349835,0.5709758667063575,0.584983498349835,1.4334941999986768
128,0.001,16,GELU,1000,0.584983498349835,0.5709758667063575,0.584983498349835,1.4100082000077236
128,0.001,16,Softmax,50,0.584983498349835,0.5709758667063575,0.584983498349835,1.2236987999931443
128,0.001,16,Softmax,100,0.584983498349835,0.5709758667063575,0.584983498349835,1.4637827999977162
128,0.001,16,Softmax,300,0.584983498349835,0.5709758667063575,0.584983498349835,1.3778894999995828
128,0.001,16,Softmax,500,0.584983498349835,0.5709758667063575,0.584983498349835,1.3891126999951666
128,0.001,16,Softmax,1000,0.584983498349835,0.5709758667063575,0.584983498349835,1.4981875999947079
128,0.001,32,ReLU,50,0.608085808580858,0.5995450798718711,0.608085808580858,0.6586563000018941
128,0.001,32,ReLU,100,0.608085808580858,0.5995450798718711,0.608085808580858,0.6435960000089835
128,0.001,32,ReLU,300,0.608085808580858,0.5995450798718711,0.608085808580858,0.5930876999918837
128,0.001,32,ReLU,500,0.608085808580858,0.5995450798718711,0.608085808580858,0.6230951000034111
128,0.001,32,ReLU,1000,0.608085808580858,0.5995450798718711,0.608085808580858,0.6249606000055792
128,0.001,32,Tanh,50,0.5808580858085809,0.5612851002701994,0.5808580858085809,0.7399941000039689
128,0.001,32,Tanh,100,0.5833333333333333,0.5637164577534313,0.5833333333333334,0.9101669000083348
128,0.001,32,Tanh,300,0.5833333333333333,0.5637164577534313,0.5833333333333334,0.8762196000025142
128,0.001,32,Tanh,500,0.5833333333333333,0.5637164577534313,0.5833333333333334,0.867947799997637
128,0.001,32,Tanh,1000,0.5833333333333333,0.5637164577534313,0.5833333333333334,0.9490110000042478
128,0.001,32,Sigmoid,50,0.5503300330033003,0.5426557593843363,0.5503300330033003,0.6650964000000386
128,0.001,32,Sigmoid,100,0.5503300330033003,0.5426557593843363,0.5503300330033003,0.6867479999928037
128,0.001,32,Sigmoid,300,0.5503300330033003,0.5426557593843363,0.5503300330033003,0.6902698999911081
128,0.001,32,Sigmoid,500,0.5503300330033003,0.5426557593843363,0.5503300330033003,0.6876335999986622
128,0.001,32,Sigmoid,1000,0.5503300330033003,0.5426557593843363,0.5503300330033003,0.6975078999967081
128,0.001,32,GELU,50,0.608085808580858,0.5995450798718711,0.608085808580858,0.6142886000016006
128,0.001,32,GELU,100,0.608085808580858,0.5995450798718711,0.608085808580858,0.6888073999871267
128,0.001,32,GELU,300,0.608085808580858,0.5995450798718711,0.608085808580858,0.623638299992308
128,0.001,32,GELU,500,0.608085808580858,0.5995450798718711,0.608085808580858,0.5933528000023216
128,0.001,32,GELU,1000,0.608085808580858,0.5995450798718711,0.608085808580858,0.6240037999959895
128,0.001,32,Softmax,50,0.608085808580858,0.5995450798718711,0.608085808580858,0.6431789000052959
128,0.001,32,Softmax,100,0.608085808580858,0.5995450798718711,0.608085808580858,0.6540239000023575
128,0.001,32,Softmax,300,0.608085808580858,0.5995450798718711,0.608085808580858,0.6550171999988379
128,0.001,32,Softmax,500,0.608085808580858,0.5995450798718711,0.608085808580858,0.6013215999992099
128,0.001,32,Softmax,1000,0.608085808580858,0.5995450798718711,0.608085808580858,0.6264062999980524
128,0.001,64,ReLU,50,0.5701320132013201,0.5502219145121621,0.5701320132013201,0.443136300003971
128,0.001,64,ReLU,100,0.5701320132013201,0.5502219145121621,0.5701320132013201,0.4323319000104675
128,0.001,64,ReLU,300,0.5701320132013201,0.5502219145121621,0.5701320132013201,0.4038527999946382
128,0.001,64,ReLU,500,0.5701320132013201,0.5502219145121621,0.5701320132013201,0.44231690000742674
128,0.001,64,ReLU,1000,0.5701320132013201,0.5502219145121621,0.5701320132013201,0.4530120999988867
128,0.001,64,Tanh,50,0.6105610561056105,0.5943901643528694,0.6105610561056105,0.5290013999911025
128,0.001,64,Tanh,100,0.6171617161716172,0.6015372581029146,0.6171617161716172,0.6976252000022214
128,0.001,64,Tanh,300,0.6171617161716172,0.6015372581029146,0.6171617161716172,0.71891000001051
128,0.001,64,Tanh,500,0.6171617161716172,0.6015372581029146,0.6171617161716172,0.6672958999988623
128,0.001,64,Tanh,1000,0.6171617161716172,0.6015372581029146,0.6171617161716172,0.6997888000041712
128,0.001,64,Sigmoid,50,0.5635313531353136,0.5470784828582993,0.5635313531353136,0.5401354000059655
128,0.001,64,Sigmoid,100,0.5635313531353136,0.5470784828582993,0.5635313531353136,0.5155605000036303
128,0.001,64,Sigmoid,300,0.5635313531353136,0.5470784828582993,0.5635313531353136,0.4562842999876011
128,0.001,64,Sigmoid,500,0.5635313531353136,0.5470784828582993,0.5635313531353136,0.47553270000207704
128,0.001,64,Sigmoid,1000,0.5635313531353136,0.5470784828582993,0.5635313531353136,0.4740468999953009
128,0.001,64,GELU,50,0.5701320132013201,0.5502219145121621,0.5701320132013201,0.40384549999726005
128,0.001,64,GELU,100,0.5701320132013201,0.5502219145121621,0.5701320132013201,0.46563429999514483
128,0.001,64,GELU,300,0.5701320132013201,0.5502219145121621,0.5701320132013201,0.4149632000044221
128,0.001,64,GELU,500,0.5701320132013201,0.5502219145121621,0.5701320132013201,0.41440419999707956
128,0.001,64,GELU,1000,0.5701320132013201,0.5502219145121621,0.5701320132013201,0.4121857000136515
128,0.001,64,Softmax,50,0.5701320132013201,0.5502219145121621,0.5701320132013201,0.4548703000036767
128,0.001,64,Softmax,100,0.5701320132013201,0.5502219145121621,0.5701320132013201,0.4241672999924049
128,0.001,64,Softmax,300,0.5701320132013201,0.5502219145121621,0.5701320132013201,0.4235426999948686
128,0.001,64,Softmax,500,0.5701320132013201,0.5502219145121621,0.5701320132013201,0.43360679999750573
128,0.001,64,Softmax,1000,0.5701320132013201,0.5502219145121621,0.5701320132013201,0.43238430000201333
128,0.001,128,ReLU,50,0.5841584158415842,0.5780352410978511,0.5841584158415841,0.3293697000044631
128,0.001,128,ReLU,100,0.5841584158415842,0.5780352410978511,0.5841584158415841,0.32942419999744743
128,0.001,128,ReLU,300,0.5841584158415842,0.5780352410978511,0.5841584158415841,0.29733780000242405
128,0.001,128,ReLU,500,0.5841584158415842,0.5780352410978511,0.5841584158415841,0.3182529999903636
128,0.001,128,ReLU,1000,0.5841584158415842,0.5780352410978511,0.5841584158415841,0.30741979999584146
128,0.001,128,Tanh,50,0.5948844884488449,0.5804244320212872,0.5948844884488449,0.42485389999637846
128,0.001,128,Tanh,100,0.6047854785478548,0.5909372434761471,0.6047854785478548,0.6139321000082418
128,0.001,128,Tanh,300,0.6047854785478548,0.5909372434761471,0.6047854785478548,0.5848990999948
128,0.001,128,Tanh,500,0.6047854785478548,0.5909372434761471,0.6047854785478548,0.5497459000034723
128,0.001,128,Tanh,1000,0.6047854785478548,0.5909372434761471,0.6047854785478548,0.6028765999944881
128,0.001,128,Sigmoid,50,0.5552805280528053,0.5366548572766057,0.5552805280528053,0.3727969000028679
128,0.001,128,Sigmoid,100,0.5552805280528053,0.5366548572766057,0.5552805280528053,0.4358782000053907
128,0.001,128,Sigmoid,300,0.5552805280528053,0.5366548572766057,0.5552805280528053,0.4255203999928199
128,0.001,128,Sigmoid,500,0.5552805280528053,0.5366548572766057,0.5552805280528053,0.44581839999591466
128,0.001,128,Sigmoid,1000,0.5552805280528053,0.5366548572766057,0.5552805280528053,0.45512860000599176
128,0.001,128,GELU,50,0.5841584158415842,0.5780352410978511,0.5841584158415841,0.31781239999691024
128,0.001,128,GELU,100,0.5841584158415842,0.5780352410978511,0.5841584158415841,0.32916609999665525
128,0.001,128,GELU,300,0.5841584158415842,0.5780352410978511,0.5841584158415841,0.3704048999934457
128,0.001,128,GELU,500,0.5841584158415842,0.5780352410978511,0.5841584158415841,0.3278318000084255
128,0.001,128,GELU,1000,0.5841584158415842,0.5780352410978511,0.5841584158415841,0.28669449999870267
128,0.001,128,Softmax,50,0.5841584158415842,0.5780352410978511,0.5841584158415841,0.31829999999899883
128,0.001,128,Softmax,100,0.5841584158415842,0.5780352410978511,0.5841584158415841,0.339589099996374
128,0.001,128,Softmax,300,0.5841584158415842,0.5780352410978511,0.5841584158415841,0.341641899998649
128,0.001,128,Softmax,500,0.5841584158415842,0.5780352410978511,0.5841584158415841,0.3300712000054773
128,0.001,128,Softmax,1000,0.5841584158415842,0.5780352410978511,0.5841584158415841,0.29618970000592526
128,0.0001,8,ReLU,50,0.5792079207920793,0.5664384714662477,0.5792079207920792,1.7613156000006711
128,0.0001,8,ReLU,100,0.5792079207920793,0.5664384714662477,0.5792079207920792,1.7482158000057098
128,0.0001,8,ReLU,300,0.5792079207920793,0.5664384714662477,0.5792079207920792,1.7616717999917455
128,0.0001,8,ReLU,500,0.5792079207920793,0.5664384714662477,0.5792079207920792,1.7175691000011284
128,0.0001,8,ReLU,1000,0.5792079207920793,0.5664384714662477,0.5792079207920792,1.733936899996479
128,0.0001,8,Tanh,50,0.5882838283828383,0.5771112517349761,0.5882838283828383,2.281910199992126
128,0.0001,8,Tanh,100,0.5882838283828383,0.5771112517349761,0.5882838283828383,2.4584954000019934
128,0.0001,8,Tanh,300,0.5882838283828383,0.5771112517349761,0.5882838283828383,2.5062518999911845
128,0.0001,8,Tanh,500,0.5882838283828383,0.5771112517349761,0.5882838283828383,2.2555814999941504
128,0.0001,8,Tanh,1000,0.5882838283828383,0.5771112517349761,0.5882838283828383,2.351410000002943
128,0.0001,8,Sigmoid,50,0.5503300330033003,0.5491880758082558,0.5503300330033003,1.935944600001676
128,0.0001,8,Sigmoid,100,0.5503300330033003,0.5491880758082558,0.5503300330033003,1.8653882999933558
128,0.0001,8,Sigmoid,300,0.5503300330033003,0.5491880758082558,0.5503300330033003,1.9288750999985496
128,0.0001,8,Sigmoid,500,0.5503300330033003,0.5491880758082558,0.5503300330033003,1.8959326000040164
128,0.0001,8,Sigmoid,1000,0.5503300330033003,0.5491880758082558,0.5503300330033003,2.0533362999995006
128,0.0001,8,GELU,50,0.5792079207920793,0.5664384714662477,0.5792079207920792,1.8295281000027899
128,0.0001,8,GELU,100,0.5792079207920793,0.5664384714662477,0.5792079207920792,1.7464076000032946
128,0.0001,8,GELU,300,0.5792079207920793,0.5664384714662477,0.5792079207920792,1.7180449000006774
128,0.0001,8,GELU,500,0.5792079207920793,0.5664384714662477,0.5792079207920792,1.7668976999993902
128,0.0001,8,GELU,1000,0.5792079207920793,0.5664384714662477,0.5792079207920792,1.6863578999909805
128,0.0001,8,Softmax,50,0.5792079207920793,0.5664384714662477,0.5792079207920792,1.7509028999920702
128,0.0001,8,Softmax,100,0.5792079207920793,0.5664384714662477,0.5792079207920792,1.7196085000032326
128,0.0001,8,Softmax,300,0.5792079207920793,0.5664384714662477,0.5792079207920792,1.7158750999951735
128,0.0001,8,Softmax,500,0.5792079207920793,0.5664384714662477,0.5792079207920792,1.8326698999881046
128,0.0001,8,Softmax,1000,0.5792079207920793,0.5664384714662477,0.5792079207920792,1.8747530000109691
128,0.0001,16,ReLU,50,0.5726072607260726,0.559893109607517,0.5726072607260726,1.2260585999902105
128,0.0001,16,ReLU,100,0.5726072607260726,0.559893109607517,0.5726072607260726,1.3455877999949735
128,0.0001,16,ReLU,300,0.5726072607260726,0.559893109607517,0.5726072607260726,1.3546933000034187
128,0.0001,16,ReLU,500,0.5726072607260726,0.559893109607517,0.5726072607260726,1.34919500000251
128,0.0001,16,ReLU,1000,0.5726072607260726,0.559893109607517,0.5726072607260726,1.4143780000013066
128,0.0001,16,Tanh,50,0.5858085808580857,0.5737321764864138,0.5858085808580858,1.177724400011357
128,0.0001,16,Tanh,100,0.5858085808580857,0.5737321764864138,0.5858085808580858,1.2948136999912094
128,0.0001,16,Tanh,300,0.5858085808580857,0.5737321764864138,0.5858085808580858,1.2420561999897473
128,0.0001,16,Tanh,500,0.5858085808580857,0.5737321764864138,0.5858085808580858,1.2536917999968864
128,0.0001,16,Tanh,1000,0.5858085808580857,0.5737321764864138,0.5858085808580858,1.3138808000076097
128,0.0001,16,Sigmoid,50,0.518976897689769,0.5142945717677482,0.518976897689769,1.2086495999974431
128,0.0001,16,Sigmoid,100,0.518976897689769,0.5142945717677482,0.518976897689769,1.255395000000135
128,0.0001,16,Sigmoid,300,0.518976897689769,0.5142945717677482,0.518976897689769,1.2531217000068864
128,0.0001,16,Sigmoid,500,0.518976897689769,0.5142945717677482,0.518976897689769,1.3072977999981958
128,0.0001,16,Sigmoid,1000,0.518976897689769,0.5142945717677482,0.518976897689769,1.228991899988614
128,0.0001,16,GELU,50,0.5726072607260726,0.559893109607517,0.5726072607260726,1.265803499991307
128,0.0001,16,GELU,100,0.5726072607260726,0.559893109607517,0.5726072607260726,1.412165500005358
128,0.0001,16,GELU,300,0.5726072607260726,0.559893109607517,0.5726072607260726,1.3898691999929724
128,0.0001,16,GELU,500,0.5726072607260726,0.559893109607517,0.5726072607260726,1.457650399999693
128,0.0001,16,GELU,1000,0.5726072607260726,0.559893109607517,0.5726072607260726,1.3327312000037637
128,0.0001,16,Softmax,50,0.5726072607260726,0.559893109607517,0.5726072607260726,1.1611208999966038
128,0.0001,16,Softmax,100,0.5726072607260726,0.559893109607517,0.5726072607260726,1.355957200008561
128,0.0001,16,Softmax,300,0.5726072607260726,0.559893109607517,0.5726072607260726,1.4287786999921082
128,0.0001,16,Softmax,500,0.5726072607260726,0.559893109607517,0.5726072607260726,1.5163616000063485
128,0.0001,16,Softmax,1000,0.5726072607260726,0.559893109607517,0.5726072607260726,1.3100038999982644
128,0.0001,32,ReLU,50,0.5676567656765676,0.5532017278496152,0.5676567656765676,0.6016624999901978
128,0.0001,32,ReLU,100,0.5676567656765676,0.5532017278496152,0.5676567656765676,0.5940061000001151
128,0.0001,32,ReLU,300,0.5676567656765676,0.5532017278496152,0.5676567656765676,0.6350763000082225
128,0.0001,32,ReLU,500,0.5676567656765676,0.5532017278496152,0.5676567656765676,0.6873082999954931
128,0.0001,32,ReLU,1000,0.5676567656765676,0.5532017278496152,0.5676567656765676,0.6036407999927178
128,0.0001,32,Tanh,50,0.5759075907590759,0.5637906647807638,0.5759075907590759,0.7579430000041611
128,0.0001,32,Tanh,100,0.5759075907590759,0.5637906647807638,0.5759075907590759,0.7607044000033056
128,0.0001,32,Tanh,300,0.5759075907590759,0.5637906647807638,0.5759075907590759,0.7496342999947956
128,0.0001,32,Tanh,500,0.5759075907590759,0.5637906647807638,0.5759075907590759,0.8132421000045724
128,0.0001,32,Tanh,1000,0.5759075907590759,0.5637906647807638,0.5759075907590759,0.7699776999943424
128,0.0001,32,Sigmoid,50,0.5156765676567657,0.5005388146639025,0.5156765676567657,0.44445019999693613
128,0.0001,32,Sigmoid,100,0.5156765676567657,0.5005388146639025,0.5156765676567657,0.4763773000013316
128,0.0001,32,Sigmoid,300,0.5156765676567657,0.5005388146639025,0.5156765676567657,0.4680540999979712
128,0.0001,32,Sigmoid,500,0.5156765676567657,0.5005388146639025,0.5156765676567657,0.4663857999985339
128,0.0001,32,Sigmoid,1000,0.5156765676567657,0.5005388146639025,0.5156765676567657,0.4353069000062533
128,0.0001,32,GELU,50,0.5676567656765676,0.5532017278496152,0.5676567656765676,0.6128745999885723
128,0.0001,32,GELU,100,0.5676567656765676,0.5532017278496152,0.5676567656765676,0.6119178000080865
128,0.0001,32,GELU,300,0.5676567656765676,0.5532017278496152,0.5676567656765676,0.645619800008717
128,0.0001,32,GELU,500,0.5676567656765676,0.5532017278496152,0.5676567656765676,0.6451557999971556
128,0.0001,32,GELU,1000,0.5676567656765676,0.5532017278496152,0.5676567656765676,0.647103800001787
128,0.0001,32,Softmax,50,0.5676567656765676,0.5532017278496152,0.5676567656765676,0.6865452999918489
128,0.0001,32,Softmax,100,0.5676567656765676,0.5532017278496152,0.5676567656765676,0.6141010999999708
128,0.0001,32,Softmax,300,0.5676567656765676,0.5532017278496152,0.5676567656765676,0.6863327000028221
128,0.0001,32,Softmax,500,0.5676567656765676,0.5532017278496152,0.5676567656765676,0.6679915999993682
128,0.0001,32,Softmax,1000,0.5676567656765676,0.5532017278496152,0.5676567656765676,0.6362710999965202
128,0.0001,64,ReLU,50,0.566006600660066,0.5528365411593065,0.566006600660066,0.5396206000004895
128,0.0001,64,ReLU,100,0.566006600660066,0.5528365411593065,0.566006600660066,0.5298905999952694
128,0.0001,64,ReLU,300,0.566006600660066,0.5528365411593065,0.566006600660066,0.49891129999014083
128,0.0001,64,ReLU,500,0.566006600660066,0.5528365411593065,0.566006600660066,0.4734379000001354
128,0.0001,64,ReLU,1000,0.566006600660066,0.5528365411593065,0.566006600660066,0.48798800000804476
128,0.0001,64,Tanh,50,0.5610561056105611,0.5504689238594818,0.5610561056105611,0.5505409999896074
128,0.0001,64,Tanh,100,0.5610561056105611,0.5504689238594818,0.5610561056105611,0.5718935000040801
128,0.0001,64,Tanh,300,0.5610561056105611,0.5504689238594818,0.5610561056105611,0.5514993999968283
128,0.0001,64,Tanh,500,0.5610561056105611,0.5504689238594818,0.5610561056105611,0.5913455999980215
128,0.0001,64,Tanh,1000,0.5610561056105611,0.5504689238594818,0.5610561056105611,0.5511372000037227
128,0.0001,64,Sigmoid,50,0.518976897689769,0.5119920382286578,0.518976897689769,0.3510286999953678
128,0.0001,64,Sigmoid,100,0.518976897689769,0.5119920382286578,0.518976897689769,0.4092367999983253
128,0.0001,64,Sigmoid,300,0.518976897689769,0.5119920382286578,0.518976897689769,0.36177370000223164
128,0.0001,64,Sigmoid,500,0.518976897689769,0.5119920382286578,0.518976897689769,0.40213869999570306
128,0.0001,64,Sigmoid,1000,0.518976897689769,0.5119920382286578,0.518976897689769,0.40097279999463353
128,0.0001,64,GELU,50,0.566006600660066,0.5528365411593065,0.566006600660066,0.4861252999980934
128,0.0001,64,GELU,100,0.566006600660066,0.5528365411593065,0.566006600660066,0.5734867999999551
128,0.0001,64,GELU,300,0.566006600660066,0.5528365411593065,0.566006600660066,0.551800600005663
128,0.0001,64,GELU,500,0.566006600660066,0.5528365411593065,0.566006600660066,0.5194903000083286
128,0.0001,64,GELU,1000,0.566006600660066,0.5528365411593065,0.566006600660066,0.5061255000036908
128,0.0001,64,Softmax,50,0.566006600660066,0.5528365411593065,0.566006600660066,0.4974592000071425
128,0.0001,64,Softmax,100,0.566006600660066,0.5528365411593065,0.566006600660066,0.5091121999867028
128,0.0001,64,Softmax,300,0.566006600660066,0.5528365411593065,0.566006600660066,0.5030427000019699
128,0.0001,64,Softmax,500,0.566006600660066,0.5528365411593065,0.566006600660066,0.5602235999976983
128,0.0001,64,Softmax,1000,0.566006600660066,0.5528365411593065,0.566006600660066,0.5309086000052048
128,0.0001,128,ReLU,50,0.5717821782178217,0.558658296749442,0.5717821782178217,0.4122652000078233
128,0.0001,128,ReLU,100,0.570957095709571,0.5581938552044573,0.570957095709571,0.4567588999925647
128,0.0001,128,ReLU,300,0.570957095709571,0.5581938552044573,0.570957095709571,0.45522829999390524
128,0.0001,128,ReLU,500,0.570957095709571,0.5581938552044573,0.570957095709571,0.4975001999991946
128,0.0001,128,ReLU,1000,0.570957095709571,0.5581938552044573,0.570957095709571,0.46583190000092145
128,0.0001,128,Tanh,50,0.5429042904290429,0.5332849552502732,0.5429042904290429,0.41384049999760464
128,0.0001,128,Tanh,100,0.5429042904290429,0.5332849552502732,0.5429042904290429,0.42405950000102166
128,0.0001,128,Tanh,300,0.5429042904290429,0.5332849552502732,0.5429042904290429,0.4007199000043329
128,0.0001,128,Tanh,500,0.5429042904290429,0.5332849552502732,0.5429042904290429,0.3913581999950111
128,0.0001,128,Tanh,1000,0.5429042904290429,0.5332849552502732,0.5429042904290429,0.4327233999938471
128,0.0001,128,Sigmoid,50,0.5156765676567656,0.5008331795605443,0.5156765676567657,0.27570810000179335
128,0.0001,128,Sigmoid,100,0.5156765676567656,0.5008331795605443,0.5156765676567657,0.2885526000027312
128,0.0001,128,Sigmoid,300,0.5156765676567656,0.5008331795605443,0.5156765676567657,0.2998299000028055
128,0.0001,128,Sigmoid,500,0.5156765676567656,0.5008331795605443,0.5156765676567657,0.2869605000014417
128,0.0001,128,Sigmoid,1000,0.5156765676567656,0.5008331795605443,0.5156765676567657,0.3058986999967601
128,0.0001,128,GELU,50,0.5717821782178217,0.558658296749442,0.5717821782178217,0.3725969999941299
128,0.0001,128,GELU,100,0.570957095709571,0.5581938552044573,0.570957095709571,0.4882156999956351
128,0.0001,128,GELU,300,0.570957095709571,0.5581938552044573,0.570957095709571,0.48509509999712463
128,0.0001,128,GELU,500,0.570957095709571,0.5581938552044573,0.570957095709571,0.46653669999795966
128,0.0001,128,GELU,1000,0.570957095709571,0.5581938552044573,0.570957095709571,0.46474350000789855
128,0.0001,128,Softmax,50,0.5717821782178217,0.558658296749442,0.5717821782178217,0.36974999999802094
128,0.0001,128,Softmax,100,0.570957095709571,0.5581938552044573,0.570957095709571,0.45530269999289885
128,0.0001,128,Softmax,300,0.570957095709571,0.5581938552044573,0.570957095709571,0.46646619999955874
128,0.0001,128,Softmax,500,0.570957095709571,0.5581938552044573,0.570957095709571,0.43382049999490846
128,0.0001,128,Softmax,1000,0.570957095709571,0.5581938552044573,0.570957095709571,0.48430749999533873
128,0.00025,8,ReLU,50,0.599009900990099,0.5893381522475717,0.599009900990099,1.7043837000092026
128,0.00025,8,ReLU,100,0.599009900990099,0.5893381522475717,0.599009900990099,1.827564599996549
128,0.00025,8,ReLU,300,0.599009900990099,0.5893381522475717,0.599009900990099,1.8315016999986256
128,0.00025,8,ReLU,500,0.599009900990099,0.5893381522475717,0.599009900990099,1.8585426000063308
128,0.00025,8,ReLU,1000,0.599009900990099,0.5893381522475717,0.599009900990099,1.7876776000048267
128,0.00025,8,Tanh,50,0.6097359735973598,0.5933909972019193,0.6097359735973598,2.229596799996216
128,0.00025,8,Tanh,100,0.6097359735973598,0.5933909972019193,0.6097359735973598,2.168699600006221
128,0.00025,8,Tanh,300,0.6097359735973598,0.5933909972019193,0.6097359735973598,2.31177870000829
128,0.00025,8,Tanh,500,0.6097359735973598,0.5933909972019193,0.6097359735973598,2.2193599000020185
128,0.00025,8,Tanh,1000,0.6097359735973598,0.5933909972019193,0.6097359735973598,2.213231999994605
128,0.00025,8,Sigmoid,50,0.5297029702970297,0.5263482660742935,0.5297029702970297,2.2349036000086926
128,0.00025,8,Sigmoid,100,0.5297029702970297,0.5263482660742935,0.5297029702970297,2.473299599994789
128,0.00025,8,Sigmoid,300,0.5297029702970297,0.5263482660742935,0.5297029702970297,2.2443295999983093
128,0.00025,8,Sigmoid,500,0.5297029702970297,0.5263482660742935,0.5297029702970297,2.354864599998109
128,0.00025,8,Sigmoid,1000,0.5297029702970297,0.5263482660742935,0.5297029702970297,2.324019199993927
128,0.00025,8,GELU,50,0.599009900990099,0.5893381522475717,0.599009900990099,1.7788678999932017
128,0.00025,8,GELU,100,0.599009900990099,0.5893381522475717,0.599009900990099,1.6966149999934714
128,0.00025,8,GELU,300,0.599009900990099,0.5893381522475717,0.599009900990099,1.7705592999991495
128,0.00025,8,GELU,500,0.599009900990099,0.5893381522475717,0.599009900990099,1.8532829999894602
128,0.00025,8,GELU,1000,0.599009900990099,0.5893381522475717,0.599009900990099,1.8629154000082053
128,0.00025,8,Softmax,50,0.599009900990099,0.5893381522475717,0.599009900990099,1.797885399995721
128,0.00025,8,Softmax,100,0.599009900990099,0.5893381522475717,0.599009900990099,1.7918822999927215
128,0.00025,8,Softmax,300,0.599009900990099,0.5893381522475717,0.599009900990099,1.8114190000051167
128,0.00025,8,Softmax,500,0.599009900990099,0.5893381522475717,0.599009900990099,1.724779900003341
128,0.00025,8,Softmax,1000,0.599009900990099,0.5893381522475717,0.599009900990099,1.744304000007105
128,0.00025,16,ReLU,50,0.58003300330033,0.5658582826114036,0.58003300330033,1.0434667999943485
128,0.00025,16,ReLU,100,0.58003300330033,0.5658582826114036,0.58003300330033,1.0518444000044838
128,0.00025,16,ReLU,300,0.58003300330033,0.5658582826114036,0.58003300330033,1.022906199999852
128,0.00025,16,ReLU,500,0.58003300330033,0.5658582826114036,0.58003300330033,1.1390623000042979
128,0.00025,16,ReLU,1000,0.58003300330033,0.5658582826114036,0.58003300330033,1.0697070000023814
128,0.00025,16,Tanh,50,0.6122112211221122,0.5969284937958519,0.6122112211221122,1.4729988000035519
128,0.00025,16,Tanh,100,0.613036303630363,0.597651430694909,0.613036303630363,2.0963231999921845
128,0.00025,16,Tanh,300,0.613036303630363,0.597651430694909,0.613036303630363,2.0243169000023045
128,0.00025,16,Tanh,500,0.613036303630363,0.597651430694909,0.613036303630363,2.002206799996202
128,0.00025,16,Tanh,1000,0.613036303630363,0.597651430694909,0.613036303630363,2.1183638000075007
128,0.00025,16,Sigmoid,50,0.5486798679867987,0.5068461358218004,0.5486798679867987,1.2038163000106579
128,0.00025,16,Sigmoid,100,0.5486798679867987,0.5068461358218004,0.5486798679867987,1.2000364999985322
128,0.00025,16,Sigmoid,300,0.5486798679867987,0.5068461358218004,0.5486798679867987,1.1808979000052204
128,0.00025,16,Sigmoid,500,0.5486798679867987,0.5068461358218004,0.5486798679867987,1.253742200002307
128,0.00025,16,Sigmoid,1000,0.5486798679867987,0.5068461358218004,0.5486798679867987,1.2610039999999572
128,0.00025,16,GELU,50,0.58003300330033,0.5658582826114036,0.58003300330033,1.0739140000077896
128,0.00025,16,GELU,100,0.58003300330033,0.5658582826114036,0.58003300330033,1.1149808000045596
128,0.00025,16,GELU,300,0.58003300330033,0.5658582826114036,0.58003300330033,0.9822722999961115
128,0.00025,16,GELU,500,0.58003300330033,0.5658582826114036,0.58003300330033,1.0702391000086209
128,0.00025,16,GELU,1000,0.58003300330033,0.5658582826114036,0.58003300330033,1.0525993000046583
128,0.00025,16,Softmax,50,0.58003300330033,0.5658582826114036,0.58003300330033,1.1106153000000631
128,0.00025,16,Softmax,100,0.58003300330033,0.5658582826114036,0.58003300330033,1.0736988999997266
128,0.00025,16,Softmax,300,0.58003300330033,0.5658582826114036,0.58003300330033,0.981701199998497
128,0.00025,16,Softmax,500,0.58003300330033,0.5658582826114036,0.58003300330033,1.0231893000018317
128,0.00025,16,Softmax,1000,0.58003300330033,0.5658582826114036,0.58003300330033,1.0592910000123084
128,0.00025,32,ReLU,50,0.5866336633663366,0.5747025883654879,0.5866336633663366,0.5519407999963732
128,0.00025,32,ReLU,100,0.5866336633663366,0.5747025883654879,0.5866336633663366,0.5709804999933112
128,0.00025,32,ReLU,300,0.5866336633663366,0.5747025883654879,0.5866336633663366,0.5494918999902438
128,0.00025,32,ReLU,500,0.5866336633663366,0.5747025883654879,0.5866336633663366,0.5411309999908553
128,0.00025,32,ReLU,1000,0.5866336633663366,0.5747025883654879,0.5866336633663366,0.5470165000006091
128,0.00025,32,Tanh,50,0.5965346534653466,0.5813258565552144,0.5965346534653465,0.8458285999950022
128,0.00025,32,Tanh,100,0.5965346534653466,0.5813258565552144,0.5965346534653465,0.9603201999998419
128,0.00025,32,Tanh,300,0.5965346534653466,0.5813258565552144,0.5965346534653465,1.0026241000014124
128,0.00025,32,Tanh,500,0.5965346534653466,0.5813258565552144,0.5965346534653465,0.9317104000074323
128,0.00025,32,Tanh,1000,0.5965346534653466,0.5813258565552144,0.5965346534653465,0.9696747999987565
128,0.00025,32,Sigmoid,50,0.5486798679867987,0.5472964345097664,0.5486798679867987,0.7257289999979548
128,0.00025,32,Sigmoid,100,0.5486798679867987,0.5472964345097664,0.5486798679867987,0.7394854000012856
128,0.00025,32,Sigmoid,300,0.5486798679867987,0.5472964345097664,0.5486798679867987,0.7716184999881079
128,0.00025,32,Sigmoid,500,0.5486798679867987,0.5472964345097664,0.5486798679867987,0.7717796999932034
128,0.00025,32,Sigmoid,1000,0.5486798679867987,0.5472964345097664,0.5486798679867987,0.7366828999947757
128,0.00025,32,GELU,50,0.5866336633663366,0.5747025883654879,0.5866336633663366,0.5605538999952842
128,0.00025,32,GELU,100,0.5866336633663366,0.5747025883654879,0.5866336633663366,0.5489496000081999
128,0.00025,32,GELU,300,0.5866336633663366,0.5747025883654879,0.5866336633663366,0.5696663999988232
128,0.00025,32,GELU,500,0.5866336633663366,0.5747025883654879,0.5866336633663366,0.5513282000028994
128,0.00025,32,GELU,1000,0.5866336633663366,0.5747025883654879,0.5866336633663366,0.6013914999930421
128,0.00025,32,Softmax,50,0.5866336633663366,0.5747025883654879,0.5866336633663366,0.5717664999974659
128,0.00025,32,Softmax,100,0.5866336633663366,0.5747025883654879,0.5866336633663366,0.6093009000032907
128,0.00025,32,Softmax,300,0.5866336633663366,0.5747025883654879,0.5866336633663366,0.623831999997492
128,0.00025,32,Softmax,500,0.5866336633663366,0.5747025883654879,0.5866336633663366,0.5832023999973899
128,0.00025,32,Softmax,1000,0.5866336633663366,0.5747025883654879,0.5866336633663366,0.5808644000062486
128,0.00025,64,ReLU,50,0.5792079207920793,0.5661840875211602,0.5792079207920792,0.4509066000027815
128,0.00025,64,ReLU,100,0.5792079207920793,0.5661840875211602,0.5792079207920792,0.4618713000090793
128,0.00025,64,ReLU,300,0.5792079207920793,0.5661840875211602,0.5792079207920792,0.43426280000130646
128,0.00025,64,ReLU,500,0.5792079207920793,0.5661840875211602,0.5792079207920792,0.4422189999895636
128,0.00025,64,ReLU,1000,0.5792079207920793,0.5661840875211602,0.5792079207920792,0.4452941000054125
128,0.00025,64,Tanh,50,0.5808580858085809,0.568389381622816,0.5808580858085809,0.5995275000022957
128,0.00025,64,Tanh,100,0.5808580858085809,0.568389381622816,0.5808580858085809,0.5818204999959562
128,0.00025,64,Tanh,300,0.5808580858085809,0.568389381622816,0.5808580858085809,0.5609968000062509
128,0.00025,64,Tanh,500,0.5808580858085809,0.568389381622816,0.5808580858085809,0.5921213000110583
128,0.00025,64,Tanh,1000,0.5808580858085809,0.568389381622816,0.5808580858085809,0.6230094999918947
128,0.00025,64,Sigmoid,50,0.5371287128712872,0.5366969320136961,0.5371287128712872,0.4562179000058677
128,0.00025,64,Sigmoid,100,0.5371287128712872,0.5366969320136961,0.5371287128712872,0.5124589000042761
128,0.00025,64,Sigmoid,300,0.5371287128712872,0.5366969320136961,0.5371287128712872,0.4557368999958271
128,0.00025,64,Sigmoid,500,0.5371287128712872,0.5366969320136961,0.5371287128712872,0.4794770000007702
128,0.00025,64,Sigmoid,1000,0.5371287128712872,0.5366969320136961,0.5371287128712872,0.47717819998797495
128,0.00025,64,GELU,50,0.5792079207920793,0.5661840875211602,0.5792079207920792,0.4553102000063518
128,0.00025,64,GELU,100,0.5792079207920793,0.5661840875211602,0.5792079207920792,0.4529364999907557
128,0.00025,64,GELU,300,0.5792079207920793,0.5661840875211602,0.5792079207920792,0.4857874999870546
128,0.00025,64,GELU,500,0.5792079207920793,0.5661840875211602,0.5792079207920792,0.4667126999993343
128,0.00025,64,GELU,1000,0.5792079207920793,0.5661840875211602,0.5792079207920792,0.44486990000586957
128,0.00025,64,Softmax,50,0.5792079207920793,0.5661840875211602,0.5792079207920792,0.4637847999983933
128,0.00025,64,Softmax,100,0.5792079207920793,0.5661840875211602,0.5792079207920792,0.4354734999942593
128,0.00025,64,Softmax,300,0.5792079207920793,0.5661840875211602,0.5792079207920792,0.43436890000884887
128,0.00025,64,Softmax,500,0.5792079207920793,0.5661840875211602,0.5792079207920792,0.4876418000058038
128,0.00025,64,Softmax,1000,0.5792079207920793,0.5661840875211602,0.5792079207920792,0.44465930000296794
128,0.00025,128,ReLU,50,0.5759075907590759,0.5625224719101123,0.5759075907590759,0.41456420000758953
128,0.00025,128,ReLU,100,0.5759075907590759,0.5625224719101123,0.5759075907590759,0.38122569999541156
128,0.00025,128,ReLU,300,0.5759075907590759,0.5625224719101123,0.5759075907590759,0.403214999998454
128,0.00025,128,ReLU,500,0.5759075907590759,0.5625224719101123,0.5759075907590759,0.38271119999990333
128,0.00025,128,ReLU,1000,0.5759075907590759,0.5625224719101123,0.5759075907590759,0.3780981000018073
128,0.00025,128,Tanh,50,0.5792079207920792,0.5681432647620219,0.5792079207920792,0.445613299991237
128,0.00025,128,Tanh,100,0.5808580858085808,0.5700687112451819,0.5808580858085809,0.537698799991631
128,0.00025,128,Tanh,300,0.5808580858085808,0.5700687112451819,0.5808580858085809,0.5083512999990489
128,0.00025,128,Tanh,500,0.5808580858085808,0.5700687112451819,0.5808580858085809,0.5590661000023829
128,0.00025,128,Tanh,1000,0.5808580858085808,0.5700687112451819,0.5808580858085809,0.5718713000096614
128,0.00025,128,Sigmoid,50,0.5156765676567656,0.5051220250206071,0.5156765676567657,0.2766548999934457
128,0.00025,128,Sigmoid,100,0.5156765676567656,0.5051220250206071,0.5156765676567657,0.28816969999752473
128,0.00025,128,Sigmoid,300,0.5156765676567656,0.5051220250206071,0.5156765676567657,0.265425999998115
128,0.00025,128,Sigmoid,500,0.5156765676567656,0.5051220250206071,0.5156765676567657,0.277505400008522
128,0.00025,128,Sigmoid,1000,0.5156765676567656,0.5051220250206071,0.5156765676567657,0.3088655000028666
128,0.00025,128,GELU,50,0.5759075907590759,0.5625224719101123,0.5759075907590759,0.41292499999690335
128,0.00025,128,GELU,100,0.5759075907590759,0.5625224719101123,0.5759075907590759,0.42290479999792296
128,0.00025,128,GELU,300,0.5759075907590759,0.5625224719101123,0.5759075907590759,0.43235650000860915
128,0.00025,128,GELU,500,0.5759075907590759,0.5625224719101123,0.5759075907590759,0.4144555999955628
128,0.00025,128,GELU,1000,0.5759075907590759,0.5625224719101123,0.5759075907590759,0.39889640000183135
128,0.00025,128,Softmax,50,0.5759075907590759,0.5625224719101123,0.5759075907590759,0.4238352000102168
128,0.00025,128,Softmax,100,0.5759075907590759,0.5625224719101123,0.5759075907590759,0.41188420000253245
128,0.00025,128,Softmax,300,0.5759075907590759,0.5625224719101123,0.5759075907590759,0.3933608999941498
128,0.00025,128,Softmax,500,0.5759075907590759,0.5625224719101123,0.5759075907590759,0.41332799999509007
128,0.00025,128,Softmax,1000,0.5759075907590759,0.5625224719101123,0.5759075907590759,0.3912172999989707
