Hidden_Neurons,Learning_Rate,Batch_Size,Activation_Function,Epochs,Balanced_Accuracy,Macro F1 Score,Accuracy,Time(s)
8,0.01,8,ReLU,50,0.952,0.9519414591281883,0.952,1.926791800011415
8,0.01,8,ReLU,100,0.952,0.9519414591281883,0.952,1.8435154000180773
8,0.01,8,ReLU,300,0.952,0.9519414591281883,0.952,1.8711430000257678
8,0.01,8,ReLU,500,0.952,0.9519414591281883,0.952,1.9063708000467159
8,0.01,8,ReLU,1000,0.952,0.9519414591281883,0.952,1.888860399951227
8,0.01,8,Tanh,50,0.9475,0.9474733766438461,0.9475,2.0514808999723755
8,0.01,8,Tanh,100,0.9475,0.9474733766438461,0.9475,2.0156423000153154
8,0.01,8,Tanh,300,0.9475,0.9474733766438461,0.9475,1.9200405000010505
8,0.01,8,Tanh,500,0.9475,0.9474733766438461,0.9475,1.953341599961277
8,0.01,8,Tanh,1000,0.9475,0.9474733766438461,0.9475,1.9913815000327304
8,0.01,8,Sigmoid,50,0.9510000000000002,0.9510203753569888,0.951,1.7896275000530295
8,0.01,8,Sigmoid,100,0.9510000000000002,0.9510203753569888,0.951,1.9914935000124387
8,0.01,8,Sigmoid,300,0.9510000000000002,0.9510203753569888,0.951,1.9758180000353605
8,0.01,8,Sigmoid,500,0.9510000000000002,0.9510203753569888,0.951,1.898577599960845
8,0.01,8,Sigmoid,1000,0.9510000000000002,0.9510203753569888,0.951,1.837250899989158
8,0.01,8,GELU,50,0.952,0.9519414591281883,0.952,1.736377299996093
8,0.01,8,GELU,100,0.952,0.9519414591281883,0.952,1.7508065999718383
8,0.01,8,GELU,300,0.952,0.9519414591281883,0.952,1.8564684999873862
8,0.01,8,GELU,500,0.952,0.9519414591281883,0.952,1.8256703999941237
8,0.01,8,GELU,1000,0.952,0.9519414591281883,0.952,1.8513755000312813
8,0.01,8,Softmax,50,0.9510000000000002,0.9510203753569888,0.951,1.9855136999976821
8,0.01,8,Softmax,100,0.9510000000000002,0.9510203753569888,0.951,1.946829600026831
8,0.01,8,Softmax,300,0.9510000000000002,0.9510203753569888,0.951,1.9069546000100672
8,0.01,8,Softmax,500,0.9510000000000002,0.9510203753569888,0.951,1.9334965000161901
8,0.01,8,Softmax,1000,0.9510000000000002,0.9510203753569888,0.951,1.8341202000156045
8,0.01,16,ReLU,50,0.9630000000000001,0.962998021962018,0.963,1.1548114999895915
8,0.01,16,ReLU,100,0.9630000000000001,0.962998021962018,0.963,1.1081380000105128
8,0.01,16,ReLU,300,0.9630000000000001,0.962998021962018,0.963,1.1955223000259139
8,0.01,16,ReLU,500,0.9630000000000001,0.962998021962018,0.963,1.1008304000133649
8,0.01,16,ReLU,1000,0.9630000000000001,0.962998021962018,0.963,1.180287299968768
8,0.01,16,Tanh,50,0.9525,0.9523921568162275,0.9525,1.4753940000082366
8,0.01,16,Tanh,100,0.9525,0.9523921568162275,0.9525,1.3525374999735504
8,0.01,16,Tanh,300,0.9525,0.9523921568162275,0.9525,1.3068832000135444
8,0.01,16,Tanh,500,0.9525,0.9523921568162275,0.9525,1.3187495000311173
8,0.01,16,Tanh,1000,0.9525,0.9523921568162275,0.9525,1.329110299993772
8,0.01,16,Sigmoid,50,0.9560000000000001,0.9559362879302192,0.956,1.1192819999996573
8,0.01,16,Sigmoid,100,0.9560000000000001,0.9559362879302192,0.956,1.1326839000103064
8,0.01,16,Sigmoid,300,0.9560000000000001,0.9559362879302192,0.956,1.1527599000255577
8,0.01,16,Sigmoid,500,0.9560000000000001,0.9559362879302192,0.956,1.1519189000246115
8,0.01,16,Sigmoid,1000,0.9560000000000001,0.9559362879302192,0.956,1.1334356000297703
8,0.01,16,GELU,50,0.9630000000000001,0.962998021962018,0.963,1.1616220000432804
8,0.01,16,GELU,100,0.9630000000000001,0.962998021962018,0.963,1.1541297999792732
8,0.01,16,GELU,300,0.9630000000000001,0.962998021962018,0.963,1.168206999951508
8,0.01,16,GELU,500,0.9630000000000001,0.962998021962018,0.963,1.2631975000258535
8,0.01,16,GELU,1000,0.9630000000000001,0.962998021962018,0.963,1.2353569999686442
8,0.01,16,Softmax,50,0.9560000000000001,0.9559362879302192,0.956,1.1917466000304557
8,0.01,16,Softmax,100,0.9560000000000001,0.9559362879302192,0.956,1.195093700021971
8,0.01,16,Softmax,300,0.9560000000000001,0.9559362879302192,0.956,1.1690518999821506
8,0.01,16,Softmax,500,0.9560000000000001,0.9559362879302192,0.956,1.1233121000113897
8,0.01,16,Softmax,1000,0.9560000000000001,0.9559362879302192,0.956,1.1332047000178136
8,0.01,32,ReLU,50,0.959,0.9589370671687012,0.959,0.7312950000050478
8,0.01,32,ReLU,100,0.959,0.9589370671687012,0.959,0.7644054000265896
8,0.01,32,ReLU,300,0.959,0.9589370671687012,0.959,0.7319208000553772
8,0.01,32,ReLU,500,0.959,0.9589370671687012,0.959,0.7354496999760158
8,0.01,32,ReLU,1000,0.959,0.9589370671687012,0.959,0.8081604999606498
8,0.01,32,Tanh,50,0.952,0.9519892267876738,0.952,0.7805596999824047
8,0.01,32,Tanh,100,0.952,0.9519892267876738,0.952,0.7772661999915726
8,0.01,32,Tanh,300,0.952,0.9519892267876738,0.952,0.7625670999987051
8,0.01,32,Tanh,500,0.952,0.9519892267876738,0.952,0.7935887000057846
8,0.01,32,Tanh,1000,0.952,0.9519892267876738,0.952,0.7814488000003621
8,0.01,32,Sigmoid,50,0.9550000000000001,0.955015163025352,0.955,0.8136355999740772
8,0.01,32,Sigmoid,100,0.9550000000000001,0.955015163025352,0.955,0.8039194999728352
8,0.01,32,Sigmoid,300,0.9550000000000001,0.955015163025352,0.955,0.8522681999602355
8,0.01,32,Sigmoid,500,0.9550000000000001,0.955015163025352,0.955,0.7546015999978408
8,0.01,32,Sigmoid,1000,0.9550000000000001,0.955015163025352,0.955,0.7775460000266321
8,0.01,32,GELU,50,0.959,0.9589370671687012,0.959,0.7438969999784604
8,0.01,32,GELU,100,0.959,0.9589370671687012,0.959,0.7942083000089042
8,0.01,32,GELU,300,0.959,0.9589370671687012,0.959,0.7351790000102483
8,0.01,32,GELU,500,0.959,0.9589370671687012,0.959,0.7950351999606937
8,0.01,32,GELU,1000,0.959,0.9589370671687012,0.959,0.8004459999501705
8,0.01,32,Softmax,50,0.9550000000000001,0.955015163025352,0.955,0.7633078999933787
8,0.01,32,Softmax,100,0.9550000000000001,0.955015163025352,0.955,0.7758187000290491
8,0.01,32,Softmax,300,0.9550000000000001,0.955015163025352,0.955,0.7563406000263058
8,0.01,32,Softmax,500,0.9550000000000001,0.955015163025352,0.955,0.742573200026527
8,0.01,32,Softmax,1000,0.9550000000000001,0.955015163025352,0.955,0.7453401000238955
8,0.01,64,ReLU,50,0.954,0.9539541090412408,0.954,0.48229600000195205
8,0.01,64,ReLU,100,0.954,0.9539541090412408,0.954,0.4927617000066675
8,0.01,64,ReLU,300,0.954,0.9539541090412408,0.954,0.481348600005731
8,0.01,64,ReLU,500,0.954,0.9539541090412408,0.954,0.46536750002996996
8,0.01,64,ReLU,1000,0.954,0.9539541090412408,0.954,0.5246186000294983
8,0.01,64,Tanh,50,0.9599999999999997,0.9600025161171777,0.96,0.5345274999854155
8,0.01,64,Tanh,100,0.9599999999999997,0.9600025161171777,0.96,0.5540960000362247
8,0.01,64,Tanh,300,0.9599999999999997,0.9600025161171777,0.96,0.5490716000203975
8,0.01,64,Tanh,500,0.9599999999999997,0.9600025161171777,0.96,0.5900489000487141
8,0.01,64,Tanh,1000,0.9599999999999997,0.9600025161171777,0.96,0.5753006000304595
8,0.01,64,Sigmoid,50,0.9535,0.9534640790060982,0.9535,0.5684441000339575
8,0.01,64,Sigmoid,100,0.9535,0.9534640790060982,0.9535,0.592866699967999
8,0.01,64,Sigmoid,300,0.9535,0.9534640790060982,0.9535,0.566293100011535
8,0.01,64,Sigmoid,500,0.9535,0.9534640790060982,0.9535,0.5557422999991104
8,0.01,64,Sigmoid,1000,0.9535,0.9534640790060982,0.9535,0.5986868999898434
8,0.01,64,GELU,50,0.954,0.9539541090412408,0.954,0.450081399991177
8,0.01,64,GELU,100,0.954,0.9539541090412408,0.954,0.48161570000229403
8,0.01,64,GELU,300,0.954,0.9539541090412408,0.954,0.4811864999937825
8,0.01,64,GELU,500,0.954,0.9539541090412408,0.954,0.49991819995921105
8,0.01,64,GELU,1000,0.954,0.9539541090412408,0.954,0.4862116999574937
8,0.01,64,Softmax,50,0.9535,0.9534640790060982,0.9535,0.5866064000292681
8,0.01,64,Softmax,100,0.9535,0.9534640790060982,0.9535,0.5961437000078149
8,0.01,64,Softmax,300,0.9535,0.9534640790060982,0.9535,0.5543613000190817
8,0.01,64,Softmax,500,0.9535,0.9534640790060982,0.9535,0.5553347000386566
8,0.01,64,Softmax,1000,0.9535,0.9534640790060982,0.9535,0.5949367000139318
8,0.01,128,ReLU,50,0.9545,0.9544899664321393,0.9545,0.4017310999915935
8,0.01,128,ReLU,100,0.9545,0.9544899664321393,0.9545,0.4081127000390552
8,0.01,128,ReLU,300,0.9545,0.9544899664321393,0.9545,0.40929600002709776
8,0.01,128,ReLU,500,0.9545,0.9544899664321393,0.9545,0.3904667000169866
8,0.01,128,ReLU,1000,0.9545,0.9544899664321393,0.9545,0.3948934000218287
8,0.01,128,Tanh,50,0.9584999999999999,0.9584938414543316,0.9585,0.38739190000342205
8,0.01,128,Tanh,100,0.9584999999999999,0.9584938414543316,0.9585,0.41818370000692084
8,0.01,128,Tanh,300,0.9584999999999999,0.9584938414543316,0.9585,0.4077045999583788
8,0.01,128,Tanh,500,0.9584999999999999,0.9584938414543316,0.9585,0.3779389000264928
8,0.01,128,Tanh,1000,0.9584999999999999,0.9584938414543316,0.9585,0.3775725999730639
8,0.01,128,Sigmoid,50,0.9504999999999999,0.9504301044384356,0.9505,0.4910224999766797
8,0.01,128,Sigmoid,100,0.9504999999999999,0.9504301044384356,0.9505,0.48291119997156784
8,0.01,128,Sigmoid,300,0.9504999999999999,0.9504301044384356,0.9505,0.5205917999846861
8,0.01,128,Sigmoid,500,0.9504999999999999,0.9504301044384356,0.9505,0.4814656999660656
8,0.01,128,Sigmoid,1000,0.9504999999999999,0.9504301044384356,0.9505,0.48656400002073497
8,0.01,128,GELU,50,0.9545,0.9544899664321393,0.9545,0.3812067999970168
8,0.01,128,GELU,100,0.9545,0.9544899664321393,0.9545,0.404119000013452
8,0.01,128,GELU,300,0.9545,0.9544899664321393,0.9545,0.3984094000188634
8,0.01,128,GELU,500,0.9545,0.9544899664321393,0.9545,0.39271859999280423
8,0.01,128,GELU,1000,0.9545,0.9544899664321393,0.9545,0.39137999998638406
8,0.01,128,Softmax,50,0.9504999999999999,0.9504301044384356,0.9505,0.5336254999856465
8,0.01,128,Softmax,100,0.9504999999999999,0.9504301044384356,0.9505,0.5006145000224933
8,0.01,128,Softmax,300,0.9504999999999999,0.9504301044384356,0.9505,0.49350879999110475
8,0.01,128,Softmax,500,0.9504999999999999,0.9504301044384356,0.9505,0.4616902999696322
8,0.01,128,Softmax,1000,0.9504999999999999,0.9504301044384356,0.9505,0.48320149997016415
8,0.001,8,ReLU,50,0.9574999999999999,0.9574680690050068,0.9575,2.8579885000362992
8,0.001,8,ReLU,100,0.9579999999999999,0.9579681817834926,0.958,3.207689799950458
8,0.001,8,ReLU,300,0.9579999999999999,0.9579681817834926,0.958,3.2194294999935664
8,0.001,8,ReLU,500,0.9579999999999999,0.9579681817834926,0.958,3.228696600010153
8,0.001,8,ReLU,1000,0.9579999999999999,0.9579681817834926,0.958,3.3167890000040643
8,0.001,8,Tanh,50,0.9595,0.9595290170634121,0.9595,1.961610099999234
8,0.001,8,Tanh,100,0.9595,0.9595290170634121,0.9595,2.0027194999856874
8,0.001,8,Tanh,300,0.9595,0.9595290170634121,0.9595,1.9778621000004932
8,0.001,8,Tanh,500,0.9595,0.9595290170634121,0.9595,1.9714070999762043
8,0.001,8,Tanh,1000,0.9595,0.9595290170634121,0.9595,2.0477290999842808
8,0.001,8,Sigmoid,50,0.9480000000000001,0.9479498806175236,0.948,3.002209500002209
8,0.001,8,Sigmoid,100,0.9480000000000001,0.9479498806175236,0.948,3.0937973000109196
8,0.001,8,Sigmoid,300,0.9480000000000001,0.9479498806175236,0.948,2.9345831999671645
8,0.001,8,Sigmoid,500,0.9480000000000001,0.9479498806175236,0.948,2.9032057999866083
8,0.001,8,Sigmoid,1000,0.9480000000000001,0.9479498806175236,0.948,2.9685447000083514
8,0.001,8,GELU,50,0.9574999999999999,0.9574680690050068,0.9575,2.7823783999774605
8,0.001,8,GELU,100,0.9579999999999999,0.9579681817834926,0.958,3.291814500000328
8,0.001,8,GELU,300,0.9579999999999999,0.9579681817834926,0.958,3.2622772000031546
8,0.001,8,GELU,500,0.9579999999999999,0.9579681817834926,0.958,3.2962319999933243
8,0.001,8,GELU,1000,0.9579999999999999,0.9579681817834926,0.958,3.201759400020819
8,0.001,8,Softmax,50,0.9480000000000001,0.9479498806175236,0.948,2.825516899989452
8,0.001,8,Softmax,100,0.9480000000000001,0.9479498806175236,0.948,3.162356799992267
8,0.001,8,Softmax,300,0.9480000000000001,0.9479498806175236,0.948,2.9763185000047088
8,0.001,8,Softmax,500,0.9480000000000001,0.9479498806175236,0.948,2.959988999995403
8,0.001,8,Softmax,1000,0.9480000000000001,0.9479498806175236,0.948,2.9395818999619223
8,0.001,16,ReLU,50,0.9555,0.9554414336467986,0.9555,1.2616152000264265
8,0.001,16,ReLU,100,0.9555,0.9554414336467986,0.9555,1.2901074000401422
8,0.001,16,ReLU,300,0.9555,0.9554414336467986,0.9555,1.2600840000086464
8,0.001,16,ReLU,500,0.9555,0.9554414336467986,0.9555,1.3675005999975838
8,0.001,16,ReLU,1000,0.9555,0.9554414336467986,0.9555,1.283636599953752
8,0.001,16,Tanh,50,0.9605,0.9605366815710182,0.9605,1.523786999983713
8,0.001,16,Tanh,100,0.9605,0.9605366815710182,0.9605,1.4917932000244036
8,0.001,16,Tanh,300,0.9605,0.9605366815710182,0.9605,1.4669184999656864
8,0.001,16,Tanh,500,0.9605,0.9605366815710182,0.9605,1.4536251000245102
8,0.001,16,Tanh,1000,0.9605,0.9605366815710182,0.9605,1.5408942999783903
8,0.001,16,Sigmoid,50,0.9469999999999998,0.9469482949592951,0.947,1.4847008000360802
8,0.001,16,Sigmoid,100,0.9469999999999998,0.9469482949592951,0.947,1.5641387000214309
8,0.001,16,Sigmoid,300,0.9469999999999998,0.9469482949592951,0.947,1.5132227999856696
8,0.001,16,Sigmoid,500,0.9469999999999998,0.9469482949592951,0.947,1.485363200015854
8,0.001,16,Sigmoid,1000,0.9469999999999998,0.9469482949592951,0.947,1.582339900021907
8,0.001,16,GELU,50,0.9555,0.9554414336467986,0.9555,1.314546799985692
8,0.001,16,GELU,100,0.9555,0.9554414336467986,0.9555,1.3127240000176243
8,0.001,16,GELU,300,0.9555,0.9554414336467986,0.9555,1.2845300000044517
8,0.001,16,GELU,500,0.9555,0.9554414336467986,0.9555,1.2468563999864273
8,0.001,16,GELU,1000,0.9555,0.9554414336467986,0.9555,1.332928100018762
8,0.001,16,Softmax,50,0.9469999999999998,0.9469482949592951,0.947,1.5390888000256382
8,0.001,16,Softmax,100,0.9469999999999998,0.9469482949592951,0.947,1.4476381000131369
8,0.001,16,Softmax,300,0.9469999999999998,0.9469482949592951,0.947,1.5768209000234492
8,0.001,16,Softmax,500,0.9469999999999998,0.9469482949592951,0.947,1.4775954999495298
8,0.001,16,Softmax,1000,0.9469999999999998,0.9469482949592951,0.947,1.4905981000047177
8,0.001,32,ReLU,50,0.9475,0.947474951359248,0.9475,0.859133500023745
8,0.001,32,ReLU,100,0.9475,0.947474951359248,0.9475,0.8980837999843061
8,0.001,32,ReLU,300,0.9475,0.947474951359248,0.9475,0.872338299988769
8,0.001,32,ReLU,500,0.9475,0.947474951359248,0.9475,0.8686747000319883
8,0.001,32,ReLU,1000,0.9475,0.947474951359248,0.9475,0.8586889000143856
8,0.001,32,Tanh,50,0.9574999999999999,0.9575393883244082,0.9575,1.0585493000107817
8,0.001,32,Tanh,100,0.9574999999999999,0.9575393883244082,0.9575,1.0485480000497773
8,0.001,32,Tanh,300,0.9574999999999999,0.9575393883244082,0.9575,1.0383627999690361
8,0.001,32,Tanh,500,0.9574999999999999,0.9575393883244082,0.9575,0.9869977000053041
8,0.001,32,Tanh,1000,0.9574999999999999,0.9575393883244082,0.9575,1.0755822999635711
8,0.001,32,Sigmoid,50,0.942,0.9419422804320702,0.942,1.106632000009995
8,0.001,32,Sigmoid,100,0.942,0.9419422804320702,0.942,1.1523068000096828
8,0.001,32,Sigmoid,300,0.942,0.9419422804320702,0.942,1.103867000027094
8,0.001,32,Sigmoid,500,0.942,0.9419422804320702,0.942,1.1396955999662168
8,0.001,32,Sigmoid,1000,0.942,0.9419422804320702,0.942,1.1458353000343777
8,0.001,32,GELU,50,0.9475,0.947474951359248,0.9475,0.8045706999837421
8,0.001,32,GELU,100,0.9475,0.947474951359248,0.9475,0.8869003999861889
8,0.001,32,GELU,300,0.9475,0.947474951359248,0.9475,0.872185799991712
8,0.001,32,GELU,500,0.9475,0.947474951359248,0.9475,0.8734228999819607
8,0.001,32,GELU,1000,0.9475,0.947474951359248,0.9475,0.837418399984017
8,0.001,32,Softmax,50,0.942,0.9419422804320702,0.942,1.0281348999706097
8,0.001,32,Softmax,100,0.942,0.9419422804320702,0.942,1.120422600011807
8,0.001,32,Softmax,300,0.942,0.9419422804320702,0.942,1.1269858999876305
8,0.001,32,Softmax,500,0.942,0.9419422804320702,0.942,1.1370105000096373
8,0.001,32,Softmax,1000,0.942,0.9419422804320702,0.942,1.161767499987036
8,0.001,64,ReLU,50,0.9455,0.9454985099336483,0.9455,0.6524842000217177
8,0.001,64,ReLU,100,0.9455,0.9454985099336483,0.9455,0.6488006999716163
8,0.001,64,ReLU,300,0.9455,0.9454985099336483,0.9455,0.655130899976939
8,0.001,64,ReLU,500,0.9455,0.9454985099336483,0.9455,0.6568870000191964
8,0.001,64,ReLU,1000,0.9455,0.9454985099336483,0.9455,0.6825912999920547
8,0.001,64,Tanh,50,0.951,0.9510086534227156,0.951,0.7342813999857754
8,0.001,64,Tanh,100,0.951,0.9510086534227156,0.951,0.7280240999534726
8,0.001,64,Tanh,300,0.951,0.9510086534227156,0.951,0.7445093000424094
8,0.001,64,Tanh,500,0.951,0.9510086534227156,0.951,0.7334681999636814
8,0.001,64,Tanh,1000,0.951,0.9510086534227156,0.951,0.7395091999787837
8,0.001,64,Sigmoid,50,0.942,0.9419301882100626,0.942,0.8232152999844402
8,0.001,64,Sigmoid,100,0.942,0.9419301882100626,0.942,0.8787184000248089
8,0.001,64,Sigmoid,300,0.942,0.9419301882100626,0.942,0.9188995999866165
8,0.001,64,Sigmoid,500,0.942,0.9419301882100626,0.942,0.8800702000153251
8,0.001,64,Sigmoid,1000,0.942,0.9419301882100626,0.942,0.8516715000150725
8,0.001,64,GELU,50,0.9455,0.9454985099336483,0.9455,0.6595347999827936
8,0.001,64,GELU,100,0.9455,0.9454985099336483,0.9455,0.6618058999883942
8,0.001,64,GELU,300,0.9455,0.9454985099336483,0.9455,0.6936755999922752
8,0.001,64,GELU,500,0.9455,0.9454985099336483,0.9455,0.7076859999797307
8,0.001,64,GELU,1000,0.9455,0.9454985099336483,0.9455,0.6409894999815151
8,0.001,64,Softmax,50,0.942,0.9419301882100626,0.942,0.7860604000161402
8,0.001,64,Softmax,100,0.942,0.9419301882100626,0.942,0.8554787000175565
8,0.001,64,Softmax,300,0.942,0.9419301882100626,0.942,0.8389491999987513
8,0.001,64,Softmax,500,0.942,0.9419301882100626,0.942,0.8506668999907561
8,0.001,64,Softmax,1000,0.942,0.9419301882100626,0.942,0.8370499999728054
8,0.001,128,ReLU,50,0.9465,0.9464620742325834,0.9465,0.5349803999997675
8,0.001,128,ReLU,100,0.9465,0.9464620742325834,0.9465,0.6445192000246607
8,0.001,128,ReLU,300,0.9465,0.9464620742325834,0.9465,0.5873185000382364
8,0.001,128,ReLU,500,0.9465,0.9464620742325834,0.9465,0.5978226999868639
8,0.001,128,ReLU,1000,0.9465,0.9464620742325834,0.9465,0.6086331999977119
8,0.001,128,Tanh,50,0.9464999999999998,0.9464560407486404,0.9465,0.5441388000035658
8,0.001,128,Tanh,100,0.9464999999999998,0.9464560407486404,0.9465,0.5921414999756962
8,0.001,128,Tanh,300,0.9464999999999998,0.9464560407486404,0.9465,0.5711244000121951
8,0.001,128,Tanh,500,0.9464999999999998,0.9464560407486404,0.9465,0.6371422000229359
8,0.001,128,Tanh,1000,0.9464999999999998,0.9464560407486404,0.9465,0.559725700004492
8,0.001,128,Sigmoid,50,0.9260000000000002,0.9259578223417805,0.926,0.6355086000403389
8,0.001,128,Sigmoid,100,0.929,0.9289374945247818,0.929,0.7222462999634445
8,0.001,128,Sigmoid,300,0.929,0.9289374945247818,0.929,0.6926330999704078
8,0.001,128,Sigmoid,500,0.929,0.9289374945247818,0.929,0.697719199990388
8,0.001,128,Sigmoid,1000,0.929,0.9289374945247818,0.929,0.7023056999896653
8,0.001,128,GELU,50,0.9465,0.9464620742325834,0.9465,0.5756465999875218
8,0.001,128,GELU,100,0.9465,0.9464620742325834,0.9465,0.5870369999902323
8,0.001,128,GELU,300,0.9465,0.9464620742325834,0.9465,0.6293593000154942
8,0.001,128,GELU,500,0.9465,0.9464620742325834,0.9465,0.6245081999804825
8,0.001,128,GELU,1000,0.9465,0.9464620742325834,0.9465,0.6253855000250041
8,0.001,128,Softmax,50,0.9260000000000002,0.9259578223417805,0.926,0.627816200023517
8,0.001,128,Softmax,100,0.929,0.9289374945247818,0.929,0.7133545000106096
8,0.001,128,Softmax,300,0.929,0.9289374945247818,0.929,0.6594360999879427
8,0.001,128,Softmax,500,0.929,0.9289374945247818,0.929,0.6946472999989055
8,0.001,128,Softmax,1000,0.929,0.9289374945247818,0.929,0.730578400020022
8,0.0001,8,ReLU,50,0.93,0.9296889583881682,0.93,3.350408199999947
8,0.0001,8,ReLU,100,0.93,0.9296889583881682,0.93,3.4941148000070825
8,0.0001,8,ReLU,300,0.93,0.9296889583881682,0.93,3.3645151000237092
8,0.0001,8,ReLU,500,0.93,0.9296889583881682,0.93,3.321688500000164
8,0.0001,8,ReLU,1000,0.93,0.9296889583881682,0.93,3.30292119999649
8,0.0001,8,Tanh,50,0.932,0.9316618512649317,0.932,3.1779591999948025
8,0.0001,8,Tanh,100,0.932,0.9316618512649317,0.932,3.3776969999889843
8,0.0001,8,Tanh,300,0.932,0.9316618512649317,0.932,3.1770464000292122
8,0.0001,8,Tanh,500,0.932,0.9316618512649317,0.932,3.1487469999701716
8,0.0001,8,Tanh,1000,0.932,0.9316618512649317,0.932,3.2301832999801263
8,0.0001,8,Sigmoid,50,0.893,0.892133920580549,0.893,3.776119699992705
8,0.0001,8,Sigmoid,100,0.8939999999999999,0.8932168576947118,0.894,4.730724599969108
8,0.0001,8,Sigmoid,300,0.8939999999999999,0.8932168576947118,0.894,4.4970747999614105
8,0.0001,8,Sigmoid,500,0.8939999999999999,0.8932168576947118,0.894,4.549010700022336
8,0.0001,8,Sigmoid,1000,0.8939999999999999,0.8932168576947118,0.894,4.599730200017802
8,0.0001,8,GELU,50,0.93,0.9296889583881682,0.93,3.344833999988623
8,0.0001,8,GELU,100,0.93,0.9296889583881682,0.93,3.2899103999952786
8,0.0001,8,GELU,300,0.93,0.9296889583881682,0.93,3.373899599944707
8,0.0001,8,GELU,500,0.93,0.9296889583881682,0.93,3.3890542999724858
8,0.0001,8,GELU,1000,0.93,0.9296889583881682,0.93,3.5007500000065193
8,0.0001,8,Softmax,50,0.893,0.892133920580549,0.893,3.7536484000156634
8,0.0001,8,Softmax,100,0.8939999999999999,0.8932168576947118,0.894,4.476428699970711
8,0.0001,8,Softmax,300,0.8939999999999999,0.8932168576947118,0.894,4.5344573999755085
8,0.0001,8,Softmax,500,0.8939999999999999,0.8932168576947118,0.894,4.626830099965446
8,0.0001,8,Softmax,1000,0.8939999999999999,0.8932168576947118,0.894,4.670818999991752
8,0.0001,16,ReLU,50,0.922,0.9216015298222053,0.922,2.0658660999615677
8,0.0001,16,ReLU,100,0.924,0.9236677379559278,0.924,2.518060800037347
8,0.0001,16,ReLU,300,0.924,0.9236677379559278,0.924,2.6025589000200853
8,0.0001,16,ReLU,500,0.924,0.9236677379559278,0.924,2.6685281000100076
8,0.0001,16,ReLU,1000,0.924,0.9236677379559278,0.924,2.4748478999827057
8,0.0001,16,Tanh,50,0.9215,0.9205802776548652,0.9215,2.0117506999522448
8,0.0001,16,Tanh,100,0.9229999999999998,0.9222729430650476,0.923,2.517678199976217
8,0.0001,16,Tanh,300,0.9229999999999998,0.9222729430650476,0.923,2.479825999995228
8,0.0001,16,Tanh,500,0.9229999999999998,0.9222729430650476,0.923,2.424275299999863
8,0.0001,16,Tanh,1000,0.9229999999999998,0.9222729430650476,0.923,2.68696139997337
8,0.0001,16,Sigmoid,50,0.8825,0.8813720485579747,0.8825,2.170615699957125
8,0.0001,16,Sigmoid,100,0.8985,0.8979807620747419,0.8985,2.995782000012696
8,0.0001,16,Sigmoid,300,0.8985,0.8979807620747419,0.8985,2.982071799982805
8,0.0001,16,Sigmoid,500,0.8985,0.8979807620747419,0.8985,3.0388749999692664
8,0.0001,16,Sigmoid,1000,0.8985,0.8979807620747419,0.8985,3.0393212000490166
8,0.0001,16,GELU,50,0.922,0.9216015298222053,0.922,2.237839300010819
8,0.0001,16,GELU,100,0.924,0.9236677379559278,0.924,2.569129100011196
8,0.0001,16,GELU,300,0.924,0.9236677379559278,0.924,2.47276559995953
8,0.0001,16,GELU,500,0.924,0.9236677379559278,0.924,2.808485399989877
8,0.0001,16,GELU,1000,0.924,0.9236677379559278,0.924,2.95611899998039
8,0.0001,16,Softmax,50,0.8825,0.8813720485579747,0.8825,2.1902930999640375
8,0.0001,16,Softmax,100,0.8985,0.8979807620747419,0.8985,3.1917157000279985
8,0.0001,16,Softmax,300,0.8985,0.8979807620747419,0.8985,3.14974429999711
8,0.0001,16,Softmax,500,0.8985,0.8979807620747419,0.8985,3.0519440000061877
8,0.0001,16,Softmax,1000,0.8985,0.8979807620747419,0.8985,2.9821710999822244
8,0.0001,32,ReLU,50,0.9075,0.9070247245901408,0.9075,1.3042662999941967
8,0.0001,32,ReLU,100,0.921,0.9206396589374239,0.921,1.8538296000333503
8,0.0001,32,ReLU,300,0.921,0.9206396589374239,0.921,1.9548750999965705
8,0.0001,32,ReLU,500,0.921,0.9206396589374239,0.921,1.941698600014206
8,0.0001,32,ReLU,1000,0.921,0.9206396589374239,0.921,1.8167516000103205
8,0.0001,32,Tanh,50,0.9029999999999999,0.9015624725817718,0.903,1.2278633000096306
8,0.0001,32,Tanh,100,0.9119999999999999,0.9110155799590706,0.912,1.7101587999495678
8,0.0001,32,Tanh,300,0.9119999999999999,0.9110155799590706,0.912,1.7387603999814019
8,0.0001,32,Tanh,500,0.9119999999999999,0.9110155799590706,0.912,1.691468500008341
8,0.0001,32,Tanh,1000,0.9119999999999999,0.9110155799590706,0.912,1.7633979999809526
8,0.0001,32,Sigmoid,50,0.8195,0.809954064142161,0.8195,1.2550912000006065
8,0.0001,32,Sigmoid,100,0.8935000000000001,0.8930766091333064,0.8935,2.262306399992667
8,0.0001,32,Sigmoid,300,0.8935000000000001,0.8931022236693673,0.8935,2.476757299969904
8,0.0001,32,Sigmoid,500,0.8935000000000001,0.8931022236693673,0.8935,2.390546699985862
8,0.0001,32,Sigmoid,1000,0.8935000000000001,0.8931022236693673,0.8935,2.3220122000202537
8,0.0001,32,GELU,50,0.9075,0.9070247245901408,0.9075,1.2397715999977663
8,0.0001,32,GELU,100,0.921,0.9206396589374239,0.921,1.8224971999879926
8,0.0001,32,GELU,300,0.921,0.9206396589374239,0.921,1.8603851000079885
8,0.0001,32,GELU,500,0.921,0.9206396589374239,0.921,1.914917299989611
8,0.0001,32,GELU,1000,0.921,0.9206396589374239,0.921,1.8928227999713272
8,0.0001,32,Softmax,50,0.8195,0.809954064142161,0.8195,1.272786499990616
8,0.0001,32,Softmax,100,0.8935000000000001,0.8930766091333064,0.8935,2.22499139996944
8,0.0001,32,Softmax,300,0.8935000000000001,0.8931022236693673,0.8935,2.3486452999641187
8,0.0001,32,Softmax,500,0.8935000000000001,0.8931022236693673,0.8935,2.2626442999462597
8,0.0001,32,Softmax,1000,0.8935000000000001,0.8931022236693673,0.8935,2.351312200014945
8,0.0001,64,ReLU,50,0.8565000000000002,0.8560387416225896,0.8565,0.8327333999914117
8,0.0001,64,ReLU,100,0.9095000000000001,0.9091652767071775,0.9095,1.339458599977661
8,0.0001,64,ReLU,300,0.9095000000000001,0.9091652767071775,0.9095,1.3399916000198573
8,0.0001,64,ReLU,500,0.9095000000000001,0.9091652767071775,0.9095,1.3887607000069693
8,0.0001,64,ReLU,1000,0.9095000000000001,0.9091652767071775,0.9095,1.4485150999971665
8,0.0001,64,Tanh,50,0.8460000000000001,0.8342449171523991,0.846,0.8863181000342593
8,0.0001,64,Tanh,100,0.9019999999999999,0.9003784047885433,0.902,1.38561060000211
8,0.0001,64,Tanh,300,0.9019999999999999,0.9003784047885433,0.902,1.376502100029029
8,0.0001,64,Tanh,500,0.9019999999999999,0.9003784047885433,0.902,1.3802620000205934
8,0.0001,64,Tanh,1000,0.9019999999999999,0.9003784047885433,0.902,1.4191549000097439
8,0.0001,64,Sigmoid,50,0.6675,0.6225406996744316,0.6675,0.8395948000252247
8,0.0001,64,Sigmoid,100,0.8545,0.8518356101946546,0.8545,1.418915599992033
8,0.0001,64,Sigmoid,300,0.881,0.8803745956636233,0.881,2.020631899998989
8,0.0001,64,Sigmoid,500,0.881,0.8803745956636233,0.881,2.0312399999820627
8,0.0001,64,Sigmoid,1000,0.881,0.8803745956636233,0.881,2.1438464000239037
8,0.0001,64,GELU,50,0.8565000000000002,0.8560387416225896,0.8565,0.8745108000002801
8,0.0001,64,GELU,100,0.9095000000000001,0.9091652767071775,0.9095,1.433131699974183
8,0.0001,64,GELU,300,0.9095000000000001,0.9091652767071775,0.9095,1.3529138999874704
8,0.0001,64,GELU,500,0.9095000000000001,0.9091652767071775,0.9095,1.395698500040453
8,0.0001,64,GELU,1000,0.9095000000000001,0.9091652767071775,0.9095,1.376164500019513
8,0.0001,64,Softmax,50,0.6675,0.6225406996744316,0.6675,0.8190778000280261
8,0.0001,64,Softmax,100,0.8545,0.8518356101946546,0.8545,1.4715514000272378
8,0.0001,64,Softmax,300,0.881,0.8803745956636233,0.881,2.0207533999928273
8,0.0001,64,Softmax,500,0.881,0.8803745956636233,0.881,2.034410000022035
8,0.0001,64,Softmax,1000,0.881,0.8803745956636233,0.881,2.027946099988185
8,0.0001,128,ReLU,50,0.7395,0.7392486290951938,0.7395,0.6329798999940977
8,0.0001,128,ReLU,100,0.8610000000000001,0.8614657356126978,0.861,1.0325883000041358
8,0.0001,128,ReLU,300,0.8665,0.8667708429665566,0.8665,1.1809093999909237
8,0.0001,128,ReLU,500,0.8665,0.8667708429665566,0.8665,1.147024700010661
8,0.0001,128,ReLU,1000,0.8665,0.8667708429665566,0.8665,1.1139976000413299
8,0.0001,128,Tanh,50,0.7535000000000001,0.7225264510257188,0.7535,0.6298134999815375
8,0.0001,128,Tanh,100,0.8440000000000001,0.8328608701766498,0.844,0.9550357999978587
8,0.0001,128,Tanh,300,0.8574999999999999,0.8511423458237889,0.8575,1.1559387000161223
8,0.0001,128,Tanh,500,0.8574999999999999,0.8511423458237889,0.8575,1.108346300025005
8,0.0001,128,Tanh,1000,0.8574999999999999,0.8511423458237889,0.8575,1.1435533000039868
8,0.0001,128,Sigmoid,50,0.4455,0.4014885690944262,0.4455,0.6198060999740846
8,0.0001,128,Sigmoid,100,0.6955,0.6598499801580906,0.6955,1.0088198999874294
8,0.0001,128,Sigmoid,300,0.8275,0.8219556705070227,0.8275,1.671999100013636
8,0.0001,128,Sigmoid,500,0.8275,0.8219556705070227,0.8275,1.6811003999901004
8,0.0001,128,Sigmoid,1000,0.8275,0.8219556705070227,0.8275,1.7136789000360295
8,0.0001,128,GELU,50,0.7395,0.7392486290951938,0.7395,0.6137527000391856
8,0.0001,128,GELU,100,0.8610000000000001,0.8614657356126978,0.861,1.002774299995508
8,0.0001,128,GELU,300,0.8665,0.8667708429665566,0.8665,1.1655681999982335
8,0.0001,128,GELU,500,0.8665,0.8667708429665566,0.8665,1.1544195000315085
8,0.0001,128,GELU,1000,0.8665,0.8667708429665566,0.8665,1.0877018999890424
8,0.0001,128,Softmax,50,0.4455,0.4014885690944262,0.4455,0.5975613999762572
8,0.0001,128,Softmax,100,0.6955,0.6598499801580906,0.6955,1.1165964999818243
8,0.0001,128,Softmax,300,0.8275,0.8219556705070227,0.8275,1.7591511000064202
8,0.0001,128,Softmax,500,0.8275,0.8219556705070227,0.8275,1.6248582000262104
8,0.0001,128,Softmax,1000,0.8275,0.8219556705070227,0.8275,1.6677338000154123
8,0.00025,8,ReLU,50,0.9374999999999998,0.9373750320818417,0.9375,2.7636139999958687
8,0.00025,8,ReLU,100,0.9374999999999998,0.9373750320818417,0.9375,2.7921006999677047
8,0.00025,8,ReLU,300,0.9374999999999998,0.9373750320818417,0.9375,2.7942957999766804
8,0.00025,8,ReLU,500,0.9374999999999998,0.9373750320818417,0.9375,2.8151981999981217
8,0.00025,8,ReLU,1000,0.9374999999999998,0.9373750320818417,0.9375,2.7293734999839216
8,0.00025,8,Tanh,50,0.9545,0.9545060059842095,0.9545,3.121092699992005
8,0.00025,8,Tanh,100,0.9545,0.9545060059842095,0.9545,3.2049797999789007
8,0.00025,8,Tanh,300,0.9545,0.9545060059842095,0.9545,3.435001999954693
8,0.00025,8,Tanh,500,0.9545,0.9545060059842095,0.9545,3.171545499993954
8,0.00025,8,Tanh,1000,0.9545,0.9545060059842095,0.9545,3.216839400003664
8,0.00025,8,Sigmoid,50,0.9145000000000001,0.9138203884821458,0.9145,3.1510584999923594
8,0.00025,8,Sigmoid,100,0.9145000000000001,0.9138203884821458,0.9145,3.5953880000161007
8,0.00025,8,Sigmoid,300,0.9145000000000001,0.9138203884821458,0.9145,3.6203224000055343
8,0.00025,8,Sigmoid,500,0.9145000000000001,0.9138203884821458,0.9145,3.5541534000076354
8,0.00025,8,Sigmoid,1000,0.9145000000000001,0.9138203884821458,0.9145,3.455203000048641
8,0.00025,8,GELU,50,0.9374999999999998,0.9373750320818417,0.9375,2.736826899985317
8,0.00025,8,GELU,100,0.9374999999999998,0.9373750320818417,0.9375,2.8487263999995776
8,0.00025,8,GELU,300,0.9374999999999998,0.9373750320818417,0.9375,2.9005650999606587
8,0.00025,8,GELU,500,0.9374999999999998,0.9373750320818417,0.9375,2.7380744999973103
8,0.00025,8,GELU,1000,0.9374999999999998,0.9373750320818417,0.9375,2.654209100001026
8,0.00025,8,Softmax,50,0.9145000000000001,0.9138203884821458,0.9145,3.1406255000038072
8,0.00025,8,Softmax,100,0.9145000000000001,0.9138203884821458,0.9145,3.3719417999964207
8,0.00025,8,Softmax,300,0.9145000000000001,0.9138203884821458,0.9145,3.6758822999545373
8,0.00025,8,Softmax,500,0.9145000000000001,0.9138203884821458,0.9145,3.5701910000061616
8,0.00025,8,Softmax,1000,0.9145000000000001,0.9138203884821458,0.9145,3.479675800015684
8,0.00025,16,ReLU,50,0.9339999999999999,0.9338226678058025,0.934,1.4963609000551514
8,0.00025,16,ReLU,100,0.9339999999999999,0.9338226678058025,0.934,1.5731442000251263
8,0.00025,16,ReLU,300,0.9339999999999999,0.9338226678058025,0.934,1.5065869999816641
8,0.00025,16,ReLU,500,0.9339999999999999,0.9338226678058025,0.934,1.6326088999630883
8,0.00025,16,ReLU,1000,0.9339999999999999,0.9338226678058025,0.934,1.606362899998203
8,0.00025,16,Tanh,50,0.9474999999999998,0.9474807084644684,0.9475,1.8990816000150517
8,0.00025,16,Tanh,100,0.9479999999999998,0.9479690539189694,0.948,2.063855499960482
8,0.00025,16,Tanh,300,0.9479999999999998,0.9479690539189694,0.948,2.075657500012312
8,0.00025,16,Tanh,500,0.9479999999999998,0.9479690539189694,0.948,2.081225899979472
8,0.00025,16,Tanh,1000,0.9479999999999998,0.9479690539189694,0.948,2.0297221999499016
8,0.00025,16,Sigmoid,50,0.921,0.9207389676311891,0.921,1.9523768999497406
8,0.00025,16,Sigmoid,100,0.922,0.9217723234470536,0.922,2.60356389998924
8,0.00025,16,Sigmoid,300,0.922,0.9217723234470536,0.922,2.540507099998649
8,0.00025,16,Sigmoid,500,0.922,0.9217723234470536,0.922,2.4796651000506245
8,0.00025,16,Sigmoid,1000,0.922,0.9217723234470536,0.922,2.476304200012237
8,0.00025,16,GELU,50,0.9339999999999999,0.9338226678058025,0.934,1.543287699983921
8,0.00025,16,GELU,100,0.9339999999999999,0.9338226678058025,0.934,1.5078034999896772
8,0.00025,16,GELU,300,0.9339999999999999,0.9338226678058025,0.934,1.5491495000314899
8,0.00025,16,GELU,500,0.9339999999999999,0.9338226678058025,0.934,1.5736646999721415
8,0.00025,16,GELU,1000,0.9339999999999999,0.9338226678058025,0.934,1.611762800021097
8,0.00025,16,Softmax,50,0.921,0.9207389676311891,0.921,2.0419939999701455
8,0.00025,16,Softmax,100,0.922,0.9217723234470536,0.922,2.3873689000029117
8,0.00025,16,Softmax,300,0.922,0.9217723234470536,0.922,2.461635599960573
8,0.00025,16,Softmax,500,0.922,0.9217723234470536,0.922,2.4822086000349373
8,0.00025,16,Softmax,1000,0.922,0.9217723234470536,0.922,2.4677529000327922
8,0.00025,32,ReLU,50,0.929,0.9287305965916799,0.929,1.0926187000004575
8,0.00025,32,ReLU,100,0.929,0.9287305965916799,0.929,1.156100400025025
8,0.00025,32,ReLU,300,0.929,0.9287305965916799,0.929,1.1580094999517314
8,0.00025,32,ReLU,500,0.929,0.9287305965916799,0.929,1.2486883000237867
8,0.00025,32,ReLU,1000,0.929,0.9287305965916799,0.929,1.222839499998372
8,0.00025,32,Tanh,50,0.9385,0.9384354199576483,0.9385,1.1825799000216648
8,0.00025,32,Tanh,100,0.9385,0.9384354199576483,0.9385,1.258015899977181
8,0.00025,32,Tanh,300,0.9385,0.9384354199576483,0.9385,1.2983973999507725
8,0.00025,32,Tanh,500,0.9385,0.9384354199576483,0.9385,1.2805662999744527
8,0.00025,32,Tanh,1000,0.9385,0.9384354199576483,0.9385,1.2788563999929465
8,0.00025,32,Sigmoid,50,0.9145,0.9143410826255103,0.9145,1.2919068000046536
8,0.00025,32,Sigmoid,100,0.9200000000000002,0.9198142785756055,0.92,1.7667094999924302
8,0.00025,32,Sigmoid,300,0.9200000000000002,0.9198142785756055,0.92,1.7125781999784522
8,0.00025,32,Sigmoid,500,0.9200000000000002,0.9198142785756055,0.92,1.7639880999922752
8,0.00025,32,Sigmoid,1000,0.9200000000000002,0.9198142785756055,0.92,1.8077178000239655
8,0.00025,32,GELU,50,0.929,0.9287305965916799,0.929,1.170025400002487
8,0.00025,32,GELU,100,0.929,0.9287305965916799,0.929,1.2068390999920666
8,0.00025,32,GELU,300,0.929,0.9287305965916799,0.929,1.1848853999981657
8,0.00025,32,GELU,500,0.929,0.9287305965916799,0.929,1.1214239000109956
8,0.00025,32,GELU,1000,0.929,0.9287305965916799,0.929,1.1422841000021435
8,0.00025,32,Softmax,50,0.9145,0.9143410826255103,0.9145,1.245888700010255
8,0.00025,32,Softmax,100,0.9200000000000002,0.9198142785756055,0.92,1.6983401000034064
8,0.00025,32,Softmax,300,0.9200000000000002,0.9198142785756055,0.92,1.7415891999844462
8,0.00025,32,Softmax,500,0.9200000000000002,0.9198142785756055,0.92,1.7373755000298843
8,0.00025,32,Softmax,1000,0.9200000000000002,0.9198142785756055,0.92,1.7798675000085495
8,0.00025,64,ReLU,50,0.9274999999999999,0.9273182314364161,0.9275,0.8444962000357918
8,0.00025,64,ReLU,100,0.9275,0.927347830269856,0.9275,1.0215052000130527
8,0.00025,64,ReLU,300,0.9275,0.927347830269856,0.9275,0.9791053000371903
8,0.00025,64,ReLU,500,0.9275,0.927347830269856,0.9275,0.9754822999821045
8,0.00025,64,ReLU,1000,0.9275,0.927347830269856,0.9275,0.9640688000363298
8,0.00025,64,Tanh,50,0.9274999999999999,0.927063061065765,0.9275,0.8180662000086159
8,0.00025,64,Tanh,100,0.9274999999999999,0.9271106230146426,0.9275,0.9843369000009261
8,0.00025,64,Tanh,300,0.9274999999999999,0.9271106230146426,0.9275,0.9425928000127897
8,0.00025,64,Tanh,500,0.9274999999999999,0.9271106230146426,0.9275,0.9570868000155315
8,0.00025,64,Tanh,1000,0.9274999999999999,0.9271106230146426,0.9275,0.981037000019569
8,0.00025,64,Sigmoid,50,0.8775000000000001,0.8765095854512659,0.8775,0.8182591000222601
8,0.00025,64,Sigmoid,100,0.9019999999999999,0.9016624352895667,0.902,1.1090331000159495
8,0.00025,64,Sigmoid,300,0.9019999999999999,0.9016624352895667,0.902,1.0920577999786474
8,0.00025,64,Sigmoid,500,0.9019999999999999,0.9016624352895667,0.902,1.0902409999980591
8,0.00025,64,Sigmoid,1000,0.9019999999999999,0.9016624352895667,0.902,1.06814749998739
8,0.00025,64,GELU,50,0.9274999999999999,0.9273182314364161,0.9275,0.808152700017672
8,0.00025,64,GELU,100,0.9275,0.927347830269856,0.9275,0.9777517999755219
8,0.00025,64,GELU,300,0.9275,0.927347830269856,0.9275,0.9890088000101969
8,0.00025,64,GELU,500,0.9275,0.927347830269856,0.9275,0.9581289999769069
8,0.00025,64,GELU,1000,0.9275,0.927347830269856,0.9275,1.0294094999553636
8,0.00025,64,Softmax,50,0.8775000000000001,0.8765095854512659,0.8775,0.8332920999964699
8,0.00025,64,Softmax,100,0.9019999999999999,0.9016624352895667,0.902,1.1514717999962159
8,0.00025,64,Softmax,300,0.9019999999999999,0.9016624352895667,0.902,1.0986274000024423
8,0.00025,64,Softmax,500,0.9019999999999999,0.9016624352895667,0.902,1.122351499972865
8,0.00025,64,Softmax,1000,0.9019999999999999,0.9016624352895667,0.902,1.1000920999795198
8,0.00025,128,ReLU,50,0.9,0.9001838355822576,0.9,0.6105768000124954
8,0.00025,128,ReLU,100,0.921,0.9208996788012843,0.921,0.8794955000048503
8,0.00025,128,ReLU,300,0.921,0.9208996788012843,0.921,0.9109776999684982
8,0.00025,128,ReLU,500,0.921,0.9208996788012843,0.921,0.9462271999800578
8,0.00025,128,ReLU,1000,0.921,0.9208996788012843,0.921,0.9304012000211515
8,0.00025,128,Tanh,50,0.8909999999999998,0.8887744290620907,0.891,0.6222013999940827
8,0.00025,128,Tanh,100,0.9175000000000001,0.9166399264961168,0.9175,0.8983560999622568
8,0.00025,128,Tanh,300,0.9175000000000001,0.9166399264961168,0.9175,0.8062142000417225
8,0.00025,128,Tanh,500,0.9175000000000001,0.9166399264961168,0.9175,0.8580814999877475
8,0.00025,128,Tanh,1000,0.9175000000000001,0.9166399264961168,0.9175,0.8954334000009112
8,0.00025,128,Sigmoid,50,0.7559999999999999,0.7369459459184531,0.756,0.6333840999868698
8,0.00025,128,Sigmoid,100,0.8815,0.8810893204478859,0.8815,0.9893268999876454
8,0.00025,128,Sigmoid,300,0.8869999999999999,0.886709163057166,0.887,1.2039864000398666
8,0.00025,128,Sigmoid,500,0.8869999999999999,0.886709163057166,0.887,1.122397999977693
8,0.00025,128,Sigmoid,1000,0.8869999999999999,0.886709163057166,0.887,1.0922433999949135
8,0.00025,128,GELU,50,0.9,0.9001838355822576,0.9,0.5874680000124499
8,0.00025,128,GELU,100,0.921,0.9208996788012843,0.921,0.9156250999658369
8,0.00025,128,GELU,300,0.921,0.9208996788012843,0.921,0.8959283999865875
8,0.00025,128,GELU,500,0.921,0.9208996788012843,0.921,0.9026757999672554
8,0.00025,128,GELU,1000,0.921,0.9208996788012843,0.921,0.9220795999863185
8,0.00025,128,Softmax,50,0.7559999999999999,0.7369459459184531,0.756,0.5876386999734677
8,0.00025,128,Softmax,100,0.8815,0.8810893204478859,0.8815,0.9651691000326537
8,0.00025,128,Softmax,300,0.8869999999999999,0.886709163057166,0.887,1.1649966000113636
8,0.00025,128,Softmax,500,0.8869999999999999,0.886709163057166,0.887,1.1297907999833114
8,0.00025,128,Softmax,1000,0.8869999999999999,0.886709163057166,0.887,1.1142599000013433
16,0.01,8,ReLU,50,0.9610000000000001,0.9609997152238845,0.961,2.5049379999982193
16,0.01,8,ReLU,100,0.9610000000000001,0.9609997152238845,0.961,2.529633999976795
16,0.01,8,ReLU,300,0.9610000000000001,0.9609997152238845,0.961,2.4031162999453954
16,0.01,8,ReLU,500,0.9610000000000001,0.9609997152238845,0.961,2.42364059999818
16,0.01,8,ReLU,1000,0.9610000000000001,0.9609997152238845,0.961,2.4145466000190936
16,0.01,8,Tanh,50,0.9480000000000001,0.9479004126262259,0.948,1.904823100019712
16,0.01,8,Tanh,100,0.9480000000000001,0.9479004126262259,0.948,1.8687768999952823
16,0.01,8,Tanh,300,0.9480000000000001,0.9479004126262259,0.948,1.9774789999937639
16,0.01,8,Tanh,500,0.9480000000000001,0.9479004126262259,0.948,1.929183899948839
16,0.01,8,Tanh,1000,0.9480000000000001,0.9479004126262259,0.948,1.912721100030467
16,0.01,8,Sigmoid,50,0.9640000000000001,0.9639954947227312,0.964,2.0980011000065133
16,0.01,8,Sigmoid,100,0.9640000000000001,0.9639954947227312,0.964,2.1292370000155643
16,0.01,8,Sigmoid,300,0.9640000000000001,0.9639954947227312,0.964,2.056436399987433
16,0.01,8,Sigmoid,500,0.9640000000000001,0.9639954947227312,0.964,2.053261000022758
16,0.01,8,Sigmoid,1000,0.9640000000000001,0.9639954947227312,0.964,2.1186545999953523
16,0.01,8,GELU,50,0.9610000000000001,0.9609997152238845,0.961,2.5045825999695808
16,0.01,8,GELU,100,0.9610000000000001,0.9609997152238845,0.961,2.48769010003889
16,0.01,8,GELU,300,0.9610000000000001,0.9609997152238845,0.961,2.361842999991495
16,0.01,8,GELU,500,0.9610000000000001,0.9609997152238845,0.961,2.433311600005254
16,0.01,8,GELU,1000,0.9610000000000001,0.9609997152238845,0.961,2.4412730999756604
16,0.01,8,Softmax,50,0.9640000000000001,0.9639954947227312,0.964,2.0963691000360996
16,0.01,8,Softmax,100,0.9640000000000001,0.9639954947227312,0.964,2.0561933999997564
16,0.01,8,Softmax,300,0.9640000000000001,0.9639954947227312,0.964,2.166694000014104
16,0.01,8,Softmax,500,0.9640000000000001,0.9639954947227312,0.964,2.18539909995161
16,0.01,8,Softmax,1000,0.9640000000000001,0.9639954947227312,0.964,2.053948499960825
16,0.01,16,ReLU,50,0.9655000000000001,0.965471420166471,0.9655,1.1820137999602593
16,0.01,16,ReLU,100,0.9655000000000001,0.965471420166471,0.9655,1.1654305000556633
16,0.01,16,ReLU,300,0.9655000000000001,0.965471420166471,0.9655,1.156984300003387
16,0.01,16,ReLU,500,0.9655000000000001,0.965471420166471,0.9655,1.1292512999498285
16,0.01,16,ReLU,1000,0.9655000000000001,0.965471420166471,0.9655,1.1548321999725886
16,0.01,16,Tanh,50,0.9614999999999998,0.9614887420888433,0.9615,1.3528687000507489
16,0.01,16,Tanh,100,0.9614999999999998,0.9614887420888433,0.9615,1.242648100014776
16,0.01,16,Tanh,300,0.9614999999999998,0.9614887420888433,0.9615,1.295157200016547
16,0.01,16,Tanh,500,0.9614999999999998,0.9614887420888433,0.9615,1.3918949000071734
16,0.01,16,Tanh,1000,0.9614999999999998,0.9614887420888433,0.9615,1.3578376999939792
16,0.01,16,Sigmoid,50,0.9705,0.9704917539527944,0.9705,1.0796757999924012
16,0.01,16,Sigmoid,100,0.9705,0.9704917539527944,0.9705,1.066323300008662
16,0.01,16,Sigmoid,300,0.9705,0.9704917539527944,0.9705,1.0709572000196204
16,0.01,16,Sigmoid,500,0.9705,0.9704917539527944,0.9705,1.1410594999906607
16,0.01,16,Sigmoid,1000,0.9705,0.9704917539527944,0.9705,1.1101982000400312
16,0.01,16,GELU,50,0.9655000000000001,0.965471420166471,0.9655,1.153183699992951
16,0.01,16,GELU,100,0.9655000000000001,0.965471420166471,0.9655,1.163942400016822
16,0.01,16,GELU,300,0.9655000000000001,0.965471420166471,0.9655,1.2145358999841847
16,0.01,16,GELU,500,0.9655000000000001,0.965471420166471,0.9655,1.195352099952288
16,0.01,16,GELU,1000,0.9655000000000001,0.965471420166471,0.9655,1.1621649999869987
16,0.01,16,Softmax,50,0.9705,0.9704917539527944,0.9705,1.080883399990853
16,0.01,16,Softmax,100,0.9705,0.9704917539527944,0.9705,1.122970600030385
16,0.01,16,Softmax,300,0.9705,0.9704917539527944,0.9705,1.1338659000466578
16,0.01,16,Softmax,500,0.9705,0.9704917539527944,0.9705,1.177392299985513
16,0.01,16,Softmax,1000,0.9705,0.9704917539527944,0.9705,1.123127700004261
16,0.01,32,ReLU,50,0.961,0.9610060123269927,0.961,0.6975812999880873
16,0.01,32,ReLU,100,0.961,0.9610060123269927,0.961,0.719342400028836
16,0.01,32,ReLU,300,0.961,0.9610060123269927,0.961,0.6706484999740496
16,0.01,32,ReLU,500,0.961,0.9610060123269927,0.961,0.692093100049533
16,0.01,32,ReLU,1000,0.961,0.9610060123269927,0.961,0.6924943000194617
16,0.01,32,Tanh,50,0.966,0.9659901659702623,0.966,0.793120699992869
16,0.01,32,Tanh,100,0.966,0.9659901659702623,0.966,0.8258057999773882
16,0.01,32,Tanh,300,0.966,0.9659901659702623,0.966,0.7959481000434607
16,0.01,32,Tanh,500,0.966,0.9659901659702623,0.966,0.7744567000190727
16,0.01,32,Tanh,1000,0.966,0.9659901659702623,0.966,0.7642930999863893
16,0.01,32,Sigmoid,50,0.974,0.9740044109217193,0.974,0.825000100012403
16,0.01,32,Sigmoid,100,0.974,0.9740044109217193,0.974,0.7942904999945313
16,0.01,32,Sigmoid,300,0.974,0.9740044109217193,0.974,0.7830568999634124
16,0.01,32,Sigmoid,500,0.974,0.9740044109217193,0.974,0.7767697999952361
16,0.01,32,Sigmoid,1000,0.974,0.9740044109217193,0.974,0.8073742999695241
16,0.01,32,GELU,50,0.961,0.9610060123269927,0.961,0.6972915999940597
16,0.01,32,GELU,100,0.961,0.9610060123269927,0.961,0.7383756999624893
16,0.01,32,GELU,300,0.961,0.9610060123269927,0.961,0.7137796999886632
16,0.01,32,GELU,500,0.961,0.9610060123269927,0.961,0.688180899946019
16,0.01,32,GELU,1000,0.961,0.9610060123269927,0.961,0.7336731000104919
16,0.01,32,Softmax,50,0.974,0.9740044109217193,0.974,0.8061787000042386
16,0.01,32,Softmax,100,0.974,0.9740044109217193,0.974,0.7995018000365235
16,0.01,32,Softmax,300,0.974,0.9740044109217193,0.974,0.8063365999842063
16,0.01,32,Softmax,500,0.974,0.9740044109217193,0.974,0.7773133000009693
16,0.01,32,Softmax,1000,0.974,0.9740044109217193,0.974,0.8489061999716796
16,0.01,64,ReLU,50,0.9610000000000001,0.9609705940990676,0.961,0.5084593999781646
16,0.01,64,ReLU,100,0.9610000000000001,0.9609705940990676,0.961,0.53191419999348
16,0.01,64,ReLU,300,0.9610000000000001,0.9609705940990676,0.961,0.5027237000176683
16,0.01,64,ReLU,500,0.9610000000000001,0.9609705940990676,0.961,0.49390780000248924
16,0.01,64,ReLU,1000,0.9610000000000001,0.9609705940990676,0.961,0.5046450000372715
16,0.01,64,Tanh,50,0.9649999999999999,0.9650000166844819,0.965,0.554926400014665
16,0.01,64,Tanh,100,0.9649999999999999,0.9650000166844819,0.965,0.5738724999828264
16,0.01,64,Tanh,300,0.9649999999999999,0.9650000166844819,0.965,0.5951239999849349
16,0.01,64,Tanh,500,0.9649999999999999,0.9650000166844819,0.965,0.6076203000266105
16,0.01,64,Tanh,1000,0.9649999999999999,0.9650000166844819,0.965,0.5848078000126407
16,0.01,64,Sigmoid,50,0.969,0.9690362202346737,0.969,0.5963874000008218
16,0.01,64,Sigmoid,100,0.969,0.9690362202346737,0.969,0.5564060999895446
16,0.01,64,Sigmoid,300,0.969,0.9690362202346737,0.969,0.608707100036554
16,0.01,64,Sigmoid,500,0.969,0.9690362202346737,0.969,0.5951270000077784
16,0.01,64,Sigmoid,1000,0.969,0.9690362202346737,0.969,0.6187838999903761
16,0.01,64,GELU,50,0.9610000000000001,0.9609705940990676,0.961,0.49342940002679825
16,0.01,64,GELU,100,0.9610000000000001,0.9609705940990676,0.961,0.5282101000193506
16,0.01,64,GELU,300,0.9610000000000001,0.9609705940990676,0.961,0.528768600022886
16,0.01,64,GELU,500,0.9610000000000001,0.9609705940990676,0.961,0.5202733999467455
16,0.01,64,GELU,1000,0.9610000000000001,0.9609705940990676,0.961,0.5285058000008576
16,0.01,64,Softmax,50,0.969,0.9690362202346737,0.969,0.6272294000373222
16,0.01,64,Softmax,100,0.969,0.9690362202346737,0.969,0.6473085000179708
16,0.01,64,Softmax,300,0.969,0.9690362202346737,0.969,0.6606570999720134
16,0.01,64,Softmax,500,0.969,0.9690362202346737,0.969,0.5662109000259079
16,0.01,64,Softmax,1000,0.969,0.9690362202346737,0.969,0.6065826999838464
16,0.01,128,ReLU,50,0.9634999999999998,0.9634789788872056,0.9635,0.42510310001671314
16,0.01,128,ReLU,100,0.9634999999999998,0.9634789788872056,0.9635,0.39635970001108944
16,0.01,128,ReLU,300,0.9634999999999998,0.9634789788872056,0.9635,0.42995910003082827
16,0.01,128,ReLU,500,0.9634999999999998,0.9634789788872056,0.9635,0.4498264999710955
16,0.01,128,ReLU,1000,0.9634999999999998,0.9634789788872056,0.9635,0.43009340000571683
16,0.01,128,Tanh,50,0.9705,0.9704854464069197,0.9705,0.43877989996690303
16,0.01,128,Tanh,100,0.9705,0.9704854464069197,0.9705,0.46209629997611046
16,0.01,128,Tanh,300,0.9705,0.9704854464069197,0.9705,0.4506188000086695
16,0.01,128,Tanh,500,0.9705,0.9704854464069197,0.9705,0.48281929997028783
16,0.01,128,Tanh,1000,0.9705,0.9704854464069197,0.9705,0.4396249999990687
16,0.01,128,Sigmoid,50,0.9674999999999999,0.9674786610167849,0.9675,0.5439063000376336
16,0.01,128,Sigmoid,100,0.9674999999999999,0.9674786610167849,0.9675,0.5336998000275344
16,0.01,128,Sigmoid,300,0.9674999999999999,0.9674786610167849,0.9675,0.5036713000154123
16,0.01,128,Sigmoid,500,0.9674999999999999,0.9674786610167849,0.9675,0.525741699966602
16,0.01,128,Sigmoid,1000,0.9674999999999999,0.9674786610167849,0.9675,0.5241333000012673
16,0.01,128,GELU,50,0.9634999999999998,0.9634789788872056,0.9635,0.42923599999630824
16,0.01,128,GELU,100,0.9634999999999998,0.9634789788872056,0.9635,0.43937409995123744
16,0.01,128,GELU,300,0.9634999999999998,0.9634789788872056,0.9635,0.4188727000146173
16,0.01,128,GELU,500,0.9634999999999998,0.9634789788872056,0.9635,0.4386557000107132
16,0.01,128,GELU,1000,0.9634999999999998,0.9634789788872056,0.9635,0.41871669999090955
16,0.01,128,Softmax,50,0.9674999999999999,0.9674786610167849,0.9675,0.5112222000025213
16,0.01,128,Softmax,100,0.9674999999999999,0.9674786610167849,0.9675,0.49135590001242235
16,0.01,128,Softmax,300,0.9674999999999999,0.9674786610167849,0.9675,0.5378249000059441
16,0.01,128,Softmax,500,0.9674999999999999,0.9674786610167849,0.9675,0.5485961000085808
16,0.01,128,Softmax,1000,0.9674999999999999,0.9674786610167849,0.9675,0.5306068999925628
16,0.001,8,ReLU,50,0.9610000000000001,0.9609776125181625,0.961,2.5361043999437243
16,0.001,8,ReLU,100,0.9610000000000001,0.9609776125181625,0.961,2.2972822000156157
16,0.001,8,ReLU,300,0.9610000000000001,0.9609776125181625,0.961,2.368061899964232
16,0.001,8,ReLU,500,0.9610000000000001,0.9609776125181625,0.961,2.3803290000068955
16,0.001,8,ReLU,1000,0.9610000000000001,0.9609776125181625,0.961,2.4004655000171624
16,0.001,8,Tanh,50,0.9730000000000001,0.9729940458094071,0.973,2.062638200004585
16,0.001,8,Tanh,100,0.9730000000000001,0.9729940458094071,0.973,2.2149111999897286
16,0.001,8,Tanh,300,0.9730000000000001,0.9729940458094071,0.973,2.216023699962534
16,0.001,8,Tanh,500,0.9730000000000001,0.9729940458094071,0.973,2.0967170000076294
16,0.001,8,Tanh,1000,0.9730000000000001,0.9729940458094071,0.973,2.1116521999938414
16,0.001,8,Sigmoid,50,0.9640000000000001,0.963993680211156,0.964,2.3065142999985255
16,0.001,8,Sigmoid,100,0.9640000000000001,0.963993680211156,0.964,2.1848558000056073
16,0.001,8,Sigmoid,300,0.9640000000000001,0.963993680211156,0.964,2.1191361999954097
16,0.001,8,Sigmoid,500,0.9640000000000001,0.963993680211156,0.964,2.275685300002806
16,0.001,8,Sigmoid,1000,0.9640000000000001,0.963993680211156,0.964,2.3913387000211515
16,0.001,8,GELU,50,0.9610000000000001,0.9609776125181625,0.961,2.4124290000181645
16,0.001,8,GELU,100,0.9610000000000001,0.9609776125181625,0.961,2.353869399987161
16,0.001,8,GELU,300,0.9610000000000001,0.9609776125181625,0.961,2.3469564999686554
16,0.001,8,GELU,500,0.9610000000000001,0.9609776125181625,0.961,2.4994464999763295
16,0.001,8,GELU,1000,0.9610000000000001,0.9609776125181625,0.961,2.3492221999913454
16,0.001,8,Softmax,50,0.9640000000000001,0.963993680211156,0.964,2.4003344000084326
16,0.001,8,Softmax,100,0.9640000000000001,0.963993680211156,0.964,2.30808019998949
16,0.001,8,Softmax,300,0.9640000000000001,0.963993680211156,0.964,2.170144099975005
16,0.001,8,Softmax,500,0.9640000000000001,0.963993680211156,0.964,2.2441761000081897
16,0.001,8,Softmax,1000,0.9640000000000001,0.963993680211156,0.964,2.18875550001394
16,0.001,16,ReLU,50,0.962,0.9620048001840203,0.962,1.5221218999940902
16,0.001,16,ReLU,100,0.962,0.9620048001840203,0.962,1.5213678000145592
16,0.001,16,ReLU,300,0.962,0.9620048001840203,0.962,1.492225599999074
16,0.001,16,ReLU,500,0.962,0.9620048001840203,0.962,1.5358616999583319
16,0.001,16,ReLU,1000,0.962,0.9620048001840203,0.962,1.5397639000439085
16,0.001,16,Tanh,50,0.9700000000000001,0.9699625056407223,0.97,1.4207941999775358
16,0.001,16,Tanh,100,0.9700000000000001,0.9699625056407223,0.97,1.2560058999806643
16,0.001,16,Tanh,300,0.9700000000000001,0.9699625056407223,0.97,1.3295937000075355
16,0.001,16,Tanh,500,0.9700000000000001,0.9699625056407223,0.97,1.3924451999482699
16,0.001,16,Tanh,1000,0.9700000000000001,0.9699625056407223,0.97,1.3028001000056975
16,0.001,16,Sigmoid,50,0.9644999999999999,0.9645115574538025,0.9645,1.603408099967055
16,0.001,16,Sigmoid,100,0.9644999999999999,0.9645115574538025,0.9645,1.5085511000361294
16,0.001,16,Sigmoid,300,0.9644999999999999,0.9645115574538025,0.9645,1.5637363999849185
16,0.001,16,Sigmoid,500,0.9644999999999999,0.9645115574538025,0.9645,1.5489672999829054
16,0.001,16,Sigmoid,1000,0.9644999999999999,0.9645115574538025,0.9645,1.6040400000056252
16,0.001,16,GELU,50,0.962,0.9620048001840203,0.962,1.5733676999807358
16,0.001,16,GELU,100,0.962,0.9620048001840203,0.962,1.5701235000160523
16,0.001,16,GELU,300,0.962,0.9620048001840203,0.962,1.5306252000154927
16,0.001,16,GELU,500,0.962,0.9620048001840203,0.962,1.4991550999693573
16,0.001,16,GELU,1000,0.962,0.9620048001840203,0.962,1.530851799994707
16,0.001,16,Softmax,50,0.9644999999999999,0.9645115574538025,0.9645,1.5166756000253372
16,0.001,16,Softmax,100,0.9644999999999999,0.9645115574538025,0.9645,1.5941996999899857
16,0.001,16,Softmax,300,0.9644999999999999,0.9645115574538025,0.9645,1.508927599992603
16,0.001,16,Softmax,500,0.9644999999999999,0.9645115574538025,0.9645,1.5323007000260986
16,0.001,16,Softmax,1000,0.9644999999999999,0.9645115574538025,0.9645,1.5307415000279434
16,0.001,32,ReLU,50,0.9584999999999999,0.9584680471502756,0.9585,1.0988807000103407
16,0.001,32,ReLU,100,0.9584999999999999,0.9584680471502756,0.9585,1.083435400039889
16,0.001,32,ReLU,300,0.9584999999999999,0.9584680471502756,0.9585,1.1312985999975353
16,0.001,32,ReLU,500,0.9584999999999999,0.9584680471502756,0.9585,1.0592798999859951
16,0.001,32,ReLU,1000,0.9584999999999999,0.9584680471502756,0.9585,1.0176265999907628
16,0.001,32,Tanh,50,0.9690000000000001,0.9689622763707945,0.969,0.9408516000257805
16,0.001,32,Tanh,100,0.9690000000000001,0.9689622763707945,0.969,0.9444591999636032
16,0.001,32,Tanh,300,0.9690000000000001,0.9689622763707945,0.969,0.9440212000044994
16,0.001,32,Tanh,500,0.9690000000000001,0.9689622763707945,0.969,0.9424738000379875
16,0.001,32,Tanh,1000,0.9690000000000001,0.9689622763707945,0.969,0.9559312000055797
16,0.001,32,Sigmoid,50,0.96,0.9599996408437871,0.96,1.036570299998857
16,0.001,32,Sigmoid,100,0.96,0.9599996408437871,0.96,1.0363836999749765
16,0.001,32,Sigmoid,300,0.96,0.9599996408437871,0.96,1.0489190999651328
16,0.001,32,Sigmoid,500,0.96,0.9599996408437871,0.96,1.0161540000117384
16,0.001,32,Sigmoid,1000,0.96,0.9599996408437871,0.96,1.0484094000421464
16,0.001,32,GELU,50,0.9584999999999999,0.9584680471502756,0.9585,1.1347092000069097
16,0.001,32,GELU,100,0.9584999999999999,0.9584680471502756,0.9585,1.1472786999656819
16,0.001,32,GELU,300,0.9584999999999999,0.9584680471502756,0.9585,1.1411341999773867
16,0.001,32,GELU,500,0.9584999999999999,0.9584680471502756,0.9585,1.054388500051573
16,0.001,32,GELU,1000,0.9584999999999999,0.9584680471502756,0.9585,1.071644900017418
16,0.001,32,Softmax,50,0.96,0.9599996408437871,0.96,1.0106888000154868
16,0.001,32,Softmax,100,0.96,0.9599996408437871,0.96,1.0028692000196315
16,0.001,32,Softmax,300,0.96,0.9599996408437871,0.96,1.0140650999965146
16,0.001,32,Softmax,500,0.96,0.9599996408437871,0.96,1.0180708999978378
16,0.001,32,Softmax,1000,0.96,0.9599996408437871,0.96,1.0354780000052415
16,0.001,64,ReLU,50,0.9604999999999999,0.9604805426480354,0.9605,0.8056055000051856
16,0.001,64,ReLU,100,0.9604999999999999,0.9604805426480354,0.9605,0.7824966000043787
16,0.001,64,ReLU,300,0.9604999999999999,0.9604805426480354,0.9605,0.8171595000312664
16,0.001,64,ReLU,500,0.9604999999999999,0.9604805426480354,0.9605,0.7855777000077069
16,0.001,64,ReLU,1000,0.9604999999999999,0.9604805426480354,0.9605,0.7659866000176407
16,0.001,64,Tanh,50,0.9640000000000001,0.9640105777837447,0.964,0.6793929999694228
16,0.001,64,Tanh,100,0.9640000000000001,0.9640105777837447,0.964,0.6887603999930434
16,0.001,64,Tanh,300,0.9640000000000001,0.9640105777837447,0.964,0.7493163000326604
16,0.001,64,Tanh,500,0.9640000000000001,0.9640105777837447,0.964,0.7185037999879569
16,0.001,64,Tanh,1000,0.9640000000000001,0.9640105777837447,0.964,0.7539258999750018
16,0.001,64,Sigmoid,50,0.9594999999999999,0.9594873935778052,0.9595,0.8886251000221819
16,0.001,64,Sigmoid,100,0.9594999999999999,0.9594873935778052,0.9595,0.8681918000220321
16,0.001,64,Sigmoid,300,0.9594999999999999,0.9594873935778052,0.9595,0.8723286999738775
16,0.001,64,Sigmoid,500,0.9594999999999999,0.9594873935778052,0.9595,0.8381954999640584
16,0.001,64,Sigmoid,1000,0.9594999999999999,0.9594873935778052,0.9595,0.8485437000053935
16,0.001,64,GELU,50,0.9604999999999999,0.9604805426480354,0.9605,0.7663330999785103
16,0.001,64,GELU,100,0.9604999999999999,0.9604805426480354,0.9605,0.7973818999598734
16,0.001,64,GELU,300,0.9604999999999999,0.9604805426480354,0.9605,0.7819844000041485
16,0.001,64,GELU,500,0.9604999999999999,0.9604805426480354,0.9605,0.7945356999989599
16,0.001,64,GELU,1000,0.9604999999999999,0.9604805426480354,0.9605,0.765685599995777
16,0.001,64,Softmax,50,0.9594999999999999,0.9594873935778052,0.9595,0.833817100035958
16,0.001,64,Softmax,100,0.9594999999999999,0.9594873935778052,0.9595,0.8376114999991842
16,0.001,64,Softmax,300,0.9594999999999999,0.9594873935778052,0.9595,0.8502293000346981
16,0.001,64,Softmax,500,0.9594999999999999,0.9594873935778052,0.9595,0.8834454999887384
16,0.001,64,Softmax,1000,0.9594999999999999,0.9594873935778052,0.9595,0.8188487000297755
16,0.001,128,ReLU,50,0.9535,0.9534736976418451,0.9535,0.572666099993512
16,0.001,128,ReLU,100,0.9535,0.9534736976418451,0.9535,0.5655147999641486
16,0.001,128,ReLU,300,0.9535,0.9534736976418451,0.9535,0.5707113000098616
16,0.001,128,ReLU,500,0.9535,0.9534736976418451,0.9535,0.6028653000248596
16,0.001,128,ReLU,1000,0.9535,0.9534736976418451,0.9535,0.572883200016804
16,0.001,128,Tanh,50,0.9594999999999999,0.9594861029403388,0.9595,0.5996717999805696
16,0.001,128,Tanh,100,0.9594999999999999,0.9594861029403388,0.9595,0.6092743999906816
16,0.001,128,Tanh,300,0.9594999999999999,0.9594861029403388,0.9595,0.5853208000189625
16,0.001,128,Tanh,500,0.9594999999999999,0.9594861029403388,0.9595,0.5732045999611728
16,0.001,128,Tanh,1000,0.9594999999999999,0.9594861029403388,0.9595,0.595119200006593
16,0.001,128,Sigmoid,50,0.953,0.9529378496447075,0.953,0.6303796999854967
16,0.001,128,Sigmoid,100,0.9544999999999998,0.9544340287379358,0.9545,0.7557469000457786
16,0.001,128,Sigmoid,300,0.9544999999999998,0.9544340287379358,0.9545,0.7321820000070147
16,0.001,128,Sigmoid,500,0.9544999999999998,0.9544340287379358,0.9545,0.7548512000357732
16,0.001,128,Sigmoid,1000,0.9544999999999998,0.9544340287379358,0.9545,0.7448870999505743
16,0.001,128,GELU,50,0.9535,0.9534736976418451,0.9535,0.5559785999939777
16,0.001,128,GELU,100,0.9535,0.9534736976418451,0.9535,0.5574024000088684
16,0.001,128,GELU,300,0.9535,0.9534736976418451,0.9535,0.5895531999995001
16,0.001,128,GELU,500,0.9535,0.9534736976418451,0.9535,0.5563770000007935
16,0.001,128,GELU,1000,0.9535,0.9534736976418451,0.9535,0.5450769999879412
16,0.001,128,Softmax,50,0.953,0.9529378496447075,0.953,0.6178891999879852
16,0.001,128,Softmax,100,0.9544999999999998,0.9544340287379358,0.9545,0.7549146999954246
16,0.001,128,Softmax,300,0.9544999999999998,0.9544340287379358,0.9545,0.7448998000472784
16,0.001,128,Softmax,500,0.9544999999999998,0.9544340287379358,0.9545,0.7336435999604873
16,0.001,128,Softmax,1000,0.9544999999999998,0.9544340287379358,0.9545,0.7641470999806188
16,0.0001,8,ReLU,50,0.9544999999999998,0.9544814162470544,0.9545,4.003112500009593
16,0.0001,8,ReLU,100,0.9544999999999998,0.9544814162470544,0.9545,4.444569099985529
16,0.0001,8,ReLU,300,0.9544999999999998,0.9544814162470544,0.9545,4.314347900042776
16,0.0001,8,ReLU,500,0.9544999999999998,0.9544814162470544,0.9545,4.351685100002214
16,0.0001,8,ReLU,1000,0.9544999999999998,0.9544814162470544,0.9545,4.532986500009429
16,0.0001,8,Tanh,50,0.9570000000000001,0.9569708970379922,0.957,3.4597281999886036
16,0.0001,8,Tanh,100,0.9570000000000001,0.9569708970379922,0.957,3.425288999977056
16,0.0001,8,Tanh,300,0.9570000000000001,0.9569708970379922,0.957,3.423899000044912
16,0.0001,8,Tanh,500,0.9570000000000001,0.9569708970379922,0.957,3.513632000016514
16,0.0001,8,Tanh,1000,0.9570000000000001,0.9569708970379922,0.957,3.524677100009285
16,0.0001,8,Sigmoid,50,0.9494999999999999,0.9494295379940694,0.9495,3.9516541000339203
16,0.0001,8,Sigmoid,100,0.9499999999999998,0.9499224713337402,0.95,5.493851400038693
16,0.0001,8,Sigmoid,300,0.9499999999999998,0.9499224713337402,0.95,5.889674799982458
16,0.0001,8,Sigmoid,500,0.9499999999999998,0.9499224713337402,0.95,5.39211770001566
16,0.0001,8,Sigmoid,1000,0.9499999999999998,0.9499224713337402,0.95,5.536925100022927
16,0.0001,8,GELU,50,0.9544999999999998,0.9544814162470544,0.9545,4.076250699989032
16,0.0001,8,GELU,100,0.9544999999999998,0.9544814162470544,0.9545,4.274044600024354
16,0.0001,8,GELU,300,0.9544999999999998,0.9544814162470544,0.9545,4.444170999980997
16,0.0001,8,GELU,500,0.9544999999999998,0.9544814162470544,0.9545,4.27241260005394
16,0.0001,8,GELU,1000,0.9544999999999998,0.9544814162470544,0.9545,4.5285438999999315
16,0.0001,8,Softmax,50,0.9494999999999999,0.9494295379940694,0.9495,4.029303900024388
16,0.0001,8,Softmax,100,0.9499999999999998,0.9499224713337402,0.95,5.517709999985527
16,0.0001,8,Softmax,300,0.9499999999999998,0.9499224713337402,0.95,5.770841699966695
16,0.0001,8,Softmax,500,0.9499999999999998,0.9499224713337402,0.95,5.516498000011779
16,0.0001,8,Softmax,1000,0.9499999999999998,0.9499224713337402,0.95,5.3630988000077195
16,0.0001,16,ReLU,50,0.9484999999999999,0.9484347660855509,0.9485,2.4082552999607287
16,0.0001,16,ReLU,100,0.9490000000000001,0.948952501221927,0.949,2.9256515000015497
16,0.0001,16,ReLU,300,0.9490000000000001,0.948952501221927,0.949,2.722880300018005
16,0.0001,16,ReLU,500,0.9490000000000001,0.948952501221927,0.949,2.795187999960035
16,0.0001,16,ReLU,1000,0.9490000000000001,0.948952501221927,0.949,2.8415039000101388
16,0.0001,16,Tanh,50,0.9525,0.9524641008580848,0.9525,2.060473899997305
16,0.0001,16,Tanh,100,0.9525,0.9524641008580848,0.9525,2.563700800004881
16,0.0001,16,Tanh,300,0.9525,0.9524641008580848,0.9525,2.4965809999848716
16,0.0001,16,Tanh,500,0.9525,0.9524641008580848,0.9525,2.3860856000101194
16,0.0001,16,Tanh,1000,0.9525,0.9524641008580848,0.9525,2.4295812999480404
16,0.0001,16,Sigmoid,50,0.9385000000000001,0.9383385480325181,0.9385,2.3144626999855973
16,0.0001,16,Sigmoid,100,0.9470000000000001,0.9469270891809943,0.947,3.62177090003388
16,0.0001,16,Sigmoid,300,0.9470000000000001,0.9469270891809943,0.947,3.713740399980452
16,0.0001,16,Sigmoid,500,0.9470000000000001,0.9469270891809943,0.947,3.5545703999814577
16,0.0001,16,Sigmoid,1000,0.9470000000000001,0.9469270891809943,0.947,3.4985092999995686
16,0.0001,16,GELU,50,0.9484999999999999,0.9484347660855509,0.9485,2.290664099971764
16,0.0001,16,GELU,100,0.9490000000000001,0.948952501221927,0.949,2.8278026999905705
16,0.0001,16,GELU,300,0.9490000000000001,0.948952501221927,0.949,2.993344000016805
16,0.0001,16,GELU,500,0.9490000000000001,0.948952501221927,0.949,2.873358400014695
16,0.0001,16,GELU,1000,0.9490000000000001,0.948952501221927,0.949,2.835757700027898
16,0.0001,16,Softmax,50,0.9385000000000001,0.9383385480325181,0.9385,2.265411700005643
16,0.0001,16,Softmax,100,0.9470000000000001,0.9469270891809943,0.947,3.3691675999434665
16,0.0001,16,Softmax,300,0.9470000000000001,0.9469270891809943,0.947,3.5881893999758177
16,0.0001,16,Softmax,500,0.9470000000000001,0.9469270891809943,0.947,3.586860599985812
16,0.0001,16,Softmax,1000,0.9470000000000001,0.9469270891809943,0.947,3.4558696000021882
16,0.0001,32,ReLU,50,0.9335000000000001,0.9334439345137927,0.9335,1.3631515000015497
16,0.0001,32,ReLU,100,0.9410000000000001,0.9409876373803996,0.941,1.915937399957329
16,0.0001,32,ReLU,300,0.9410000000000001,0.9409876373803996,0.941,1.92881099996157
16,0.0001,32,ReLU,500,0.9410000000000001,0.9409876373803996,0.941,1.9401785000227392
16,0.0001,32,ReLU,1000,0.9410000000000001,0.9409876373803996,0.941,2.0833963999757543
16,0.0001,32,Tanh,50,0.9460000000000001,0.9459640060832596,0.946,1.4141264999634586
16,0.0001,32,Tanh,100,0.9465,0.9464625470152829,0.9465,1.637621199944988
16,0.0001,32,Tanh,300,0.9465,0.9464625470152829,0.9465,1.6565811000182293
16,0.0001,32,Tanh,500,0.9465,0.9464625470152829,0.9465,1.6758283999515697
16,0.0001,32,Tanh,1000,0.9465,0.9464625470152829,0.9465,1.6872382000437938
16,0.0001,32,Sigmoid,50,0.9125,0.9119615476547068,0.9125,1.3240987999597564
16,0.0001,32,Sigmoid,100,0.9349999999999999,0.934758582003291,0.935,2.1713421000167727
16,0.0001,32,Sigmoid,300,0.9349999999999999,0.934758582003291,0.935,2.2162670999532565
16,0.0001,32,Sigmoid,500,0.9349999999999999,0.934758582003291,0.935,2.3383970000431873
16,0.0001,32,Sigmoid,1000,0.9349999999999999,0.934758582003291,0.935,2.3462704999838024
16,0.0001,32,GELU,50,0.9335000000000001,0.9334439345137927,0.9335,1.3705834000138566
16,0.0001,32,GELU,100,0.9410000000000001,0.9409876373803996,0.941,1.934279199980665
16,0.0001,32,GELU,300,0.9410000000000001,0.9409876373803996,0.941,1.9718687999993563
16,0.0001,32,GELU,500,0.9410000000000001,0.9409876373803996,0.941,1.9527331999852322
16,0.0001,32,GELU,1000,0.9410000000000001,0.9409876373803996,0.941,1.9451688000117429
16,0.0001,32,Softmax,50,0.9125,0.9119615476547068,0.9125,1.4141803000238724
16,0.0001,32,Softmax,100,0.9349999999999999,0.934758582003291,0.935,2.233317900041584
16,0.0001,32,Softmax,300,0.9349999999999999,0.934758582003291,0.935,2.3708327999920584
16,0.0001,32,Softmax,500,0.9349999999999999,0.934758582003291,0.935,2.2521717000054196
16,0.0001,32,Softmax,1000,0.9349999999999999,0.934758582003291,0.935,2.290486100013368
16,0.0001,64,ReLU,50,0.9005000000000001,0.9000734352664349,0.9005,0.8950946000404656
16,0.0001,64,ReLU,100,0.932,0.9319549051928628,0.932,1.5019674000213854
16,0.0001,64,ReLU,300,0.932,0.9319549051928628,0.932,1.5109168000053614
16,0.0001,64,ReLU,500,0.932,0.9319549051928628,0.932,1.5110562999616377
16,0.0001,64,ReLU,1000,0.932,0.9319549051928628,0.932,1.5502160000032745
16,0.0001,64,Tanh,50,0.921,0.920930361064193,0.921,0.9311466999934055
16,0.0001,64,Tanh,100,0.9344999999999999,0.9344107560627499,0.9345,1.2957579000503756
16,0.0001,64,Tanh,300,0.9344999999999999,0.9344107560627499,0.9345,1.292384700034745
16,0.0001,64,Tanh,500,0.9344999999999999,0.9344107560627499,0.9345,1.3336623999639414
16,0.0001,64,Tanh,1000,0.9344999999999999,0.9344107560627499,0.9345,1.258272599952761
16,0.0001,64,Sigmoid,50,0.851,0.8484653144850324,0.851,0.9137812000117265
16,0.0001,64,Sigmoid,100,0.9075,0.9068069322149602,0.9075,1.4535753999953158
16,0.0001,64,Sigmoid,300,0.9100000000000001,0.9093931582287734,0.91,1.6685819000122137
16,0.0001,64,Sigmoid,500,0.9100000000000001,0.9093931582287734,0.91,1.6388779999688268
16,0.0001,64,Sigmoid,1000,0.9100000000000001,0.9093931582287734,0.91,1.6167161000194028
16,0.0001,64,GELU,50,0.9005000000000001,0.9000734352664349,0.9005,0.8872983999899589
16,0.0001,64,GELU,100,0.932,0.9319549051928628,0.932,1.4805543000111356
16,0.0001,64,GELU,300,0.932,0.9319549051928628,0.932,1.5483868000446819
16,0.0001,64,GELU,500,0.932,0.9319549051928628,0.932,1.6572489000391215
16,0.0001,64,GELU,1000,0.932,0.9319549051928628,0.932,1.640504900016822
16,0.0001,64,Softmax,50,0.851,0.8484653144850324,0.851,0.9021596999955364
16,0.0001,64,Softmax,100,0.9075,0.9068069322149602,0.9075,1.5666455999598838
16,0.0001,64,Softmax,300,0.9100000000000001,0.9093931582287734,0.91,1.6208148999721743
16,0.0001,64,Softmax,500,0.9100000000000001,0.9093931582287734,0.91,1.6059240999748
16,0.0001,64,Softmax,1000,0.9100000000000001,0.9093931582287734,0.91,1.7240816000266932
16,0.0001,128,ReLU,50,0.7834999999999999,0.7644753128590421,0.7835,0.6842574000474997
16,0.0001,128,ReLU,100,0.9095000000000001,0.9092818609836621,0.9095,1.0694564000004902
16,0.0001,128,ReLU,300,0.915,0.9147874410053338,0.915,1.2121479000197724
16,0.0001,128,ReLU,500,0.915,0.9147874410053338,0.915,1.243936000042595
16,0.0001,128,ReLU,1000,0.915,0.9147874410053338,0.915,1.2338198000215925
16,0.0001,128,Tanh,50,0.8699999999999999,0.8695394001667808,0.87,0.6767732999869622
16,0.0001,128,Tanh,100,0.922,0.9219300550332511,0.922,1.0646607000380754
16,0.0001,128,Tanh,300,0.924,0.9239767641652706,0.924,1.2053241999819875
16,0.0001,128,Tanh,500,0.924,0.9239767641652706,0.924,1.175450999988243
16,0.0001,128,Tanh,1000,0.924,0.9239767641652706,0.924,1.1661527000251226
16,0.0001,128,Sigmoid,50,0.721,0.7006124267753135,0.721,0.6408826000406407
16,0.0001,128,Sigmoid,100,0.875,0.8736603118860884,0.875,1.0923310000216588
16,0.0001,128,Sigmoid,300,0.8889999999999999,0.8878941085805476,0.889,1.3229454000247642
16,0.0001,128,Sigmoid,500,0.8889999999999999,0.8878941085805476,0.889,1.3102161000133492
16,0.0001,128,Sigmoid,1000,0.8889999999999999,0.8878941085805476,0.889,1.354411699983757
16,0.0001,128,GELU,50,0.7834999999999999,0.7644753128590421,0.7835,0.6496597999939695
16,0.0001,128,GELU,100,0.9095000000000001,0.9092818609836621,0.9095,1.0823925999575295
16,0.0001,128,GELU,300,0.915,0.9147874410053338,0.915,1.1976987000089139
16,0.0001,128,GELU,500,0.915,0.9147874410053338,0.915,1.1883321999921463
16,0.0001,128,GELU,1000,0.915,0.9147874410053338,0.915,1.3256290000281297
16,0.0001,128,Softmax,50,0.721,0.7006124267753135,0.721,0.6894664000137709
16,0.0001,128,Softmax,100,0.875,0.8736603118860884,0.875,1.1996158999972977
16,0.0001,128,Softmax,300,0.8889999999999999,0.8878941085805476,0.889,1.3405992000480182
16,0.0001,128,Softmax,500,0.8889999999999999,0.8878941085805476,0.889,1.3216250999830663
16,0.0001,128,Softmax,1000,0.8889999999999999,0.8878941085805476,0.889,1.3111330000101589
16,0.00025,8,ReLU,50,0.9605,0.9604828244921402,0.9605,3.4101961000123993
16,0.00025,8,ReLU,100,0.9605,0.9604828244921402,0.9605,3.6733073000214063
16,0.00025,8,ReLU,300,0.9605,0.9604828244921402,0.9605,3.875030900002457
16,0.00025,8,ReLU,500,0.9605,0.9604828244921402,0.9605,3.8788236000109464
16,0.00025,8,ReLU,1000,0.9605,0.9604828244921402,0.9605,3.6816872999770567
16,0.00025,8,Tanh,50,0.9645000000000001,0.9644801049328846,0.9645,2.6465823000180535
16,0.00025,8,Tanh,100,0.9645000000000001,0.9644801049328846,0.9645,2.7403674999950454
16,0.00025,8,Tanh,300,0.9645000000000001,0.9644801049328846,0.9645,2.844489299983252
16,0.00025,8,Tanh,500,0.9645000000000001,0.9644801049328846,0.9645,2.87715549999848
16,0.00025,8,Tanh,1000,0.9645000000000001,0.9644801049328846,0.9645,2.7359627000405453
16,0.00025,8,Sigmoid,50,0.96,0.9600028849867431,0.96,3.6882171000470407
16,0.00025,8,Sigmoid,100,0.96,0.9600027174444474,0.96,4.111550299974624
16,0.00025,8,Sigmoid,300,0.96,0.9600027174444474,0.96,4.325740400003269
16,0.00025,8,Sigmoid,500,0.96,0.9600027174444474,0.96,4.044331900018733
16,0.00025,8,Sigmoid,1000,0.96,0.9600027174444474,0.96,4.124819300021045
16,0.00025,8,GELU,50,0.9605,0.9604828244921402,0.9605,3.4476696000201628
16,0.00025,8,GELU,100,0.9605,0.9604828244921402,0.9605,3.817374399979599
16,0.00025,8,GELU,300,0.9605,0.9604828244921402,0.9605,3.8158959000138566
16,0.00025,8,GELU,500,0.9605,0.9604828244921402,0.9605,3.826381199993193
16,0.00025,8,GELU,1000,0.9605,0.9604828244921402,0.9605,3.7033310999977402
16,0.00025,8,Softmax,50,0.96,0.9600028849867431,0.96,3.8568768999539316
16,0.00025,8,Softmax,100,0.96,0.9600027174444474,0.96,4.224224400008097
16,0.00025,8,Softmax,300,0.96,0.9600027174444474,0.96,4.090643400035333
16,0.00025,8,Softmax,500,0.96,0.9600027174444474,0.96,4.105958400003146
16,0.00025,8,Softmax,1000,0.96,0.9600027174444474,0.96,4.324585599999409
16,0.00025,16,ReLU,50,0.958,0.95799719734061,0.958,2.081791099975817
16,0.00025,16,ReLU,100,0.958,0.95799719734061,0.958,2.005141499976162
16,0.00025,16,ReLU,300,0.958,0.95799719734061,0.958,2.013971099979244
16,0.00025,16,ReLU,500,0.958,0.95799719734061,0.958,2.0911360000027344
16,0.00025,16,ReLU,1000,0.958,0.95799719734061,0.958,2.0269963999744505
16,0.00025,16,Tanh,50,0.9635000000000001,0.9635045564728302,0.9635,1.9528917000279762
16,0.00025,16,Tanh,100,0.9644999999999999,0.9645151639087051,0.9645,2.3211058999877423
16,0.00025,16,Tanh,300,0.9644999999999999,0.9645151639087051,0.9645,2.2752295999671333
16,0.00025,16,Tanh,500,0.9644999999999999,0.9645151639087051,0.9645,2.3082256999914534
16,0.00025,16,Tanh,1000,0.9644999999999999,0.9645151639087051,0.9645,2.2789323999895714
16,0.00025,16,Sigmoid,50,0.954,0.9539997950800311,0.954,2.072532999969553
16,0.00025,16,Sigmoid,100,0.954,0.9540057146563878,0.954,2.44434549997095
16,0.00025,16,Sigmoid,300,0.954,0.9540057146563878,0.954,2.411965500039514
16,0.00025,16,Sigmoid,500,0.954,0.9540057146563878,0.954,2.518378600012511
16,0.00025,16,Sigmoid,1000,0.954,0.9540057146563878,0.954,2.532979300012812
16,0.00025,16,GELU,50,0.958,0.95799719734061,0.958,2.0360991999623366
16,0.00025,16,GELU,100,0.958,0.95799719734061,0.958,2.0139904000097886
16,0.00025,16,GELU,300,0.958,0.95799719734061,0.958,2.006419699988328
16,0.00025,16,GELU,500,0.958,0.95799719734061,0.958,2.003728899988346
16,0.00025,16,GELU,1000,0.958,0.95799719734061,0.958,2.027903200010769
16,0.00025,16,Softmax,50,0.954,0.9539997950800311,0.954,2.117918300034944
16,0.00025,16,Softmax,100,0.954,0.9540057146563878,0.954,2.6506190999643877
16,0.00025,16,Softmax,300,0.954,0.9540057146563878,0.954,2.4069485000218265
16,0.00025,16,Softmax,500,0.954,0.9540057146563878,0.954,2.4849766000406817
16,0.00025,16,Softmax,1000,0.954,0.9540057146563878,0.954,2.4712287000147626
16,0.00025,32,ReLU,50,0.9510000000000002,0.9509752935788128,0.951,1.2696996000013314
16,0.00025,32,ReLU,100,0.9510000000000002,0.9509752935788128,0.951,1.4171305999625474
16,0.00025,32,ReLU,300,0.9510000000000002,0.9509752935788128,0.951,1.4681251000147313
16,0.00025,32,ReLU,500,0.9510000000000002,0.9509752935788128,0.951,1.4433042000164278
16,0.00025,32,ReLU,1000,0.9510000000000002,0.9509752935788128,0.951,1.428483099967707
16,0.00025,32,Tanh,50,0.9605,0.9604657514203476,0.9605,1.218952499970328
16,0.00025,32,Tanh,100,0.9605,0.9604657514203476,0.9605,1.226106800022535
16,0.00025,32,Tanh,300,0.9605,0.9604657514203476,0.9605,1.15193970000837
16,0.00025,32,Tanh,500,0.9605,0.9604657514203476,0.9605,1.187706100055948
16,0.00025,32,Tanh,1000,0.9605,0.9604657514203476,0.9605,1.1813254000153393
16,0.00025,32,Sigmoid,50,0.9455,0.9454471778707495,0.9455,1.3345267999684438
16,0.00025,32,Sigmoid,100,0.9460000000000001,0.9459450088262615,0.946,1.5338021999923512
16,0.00025,32,Sigmoid,300,0.9460000000000001,0.9459450088262615,0.946,1.491009599994868
16,0.00025,32,Sigmoid,500,0.9460000000000001,0.9459450088262615,0.946,1.5221233000047505
16,0.00025,32,Sigmoid,1000,0.9460000000000001,0.9459450088262615,0.946,1.6119873999850824
16,0.00025,32,GELU,50,0.9510000000000002,0.9509752935788128,0.951,1.276869599998463
16,0.00025,32,GELU,100,0.9510000000000002,0.9509752935788128,0.951,1.4697980000055395
16,0.00025,32,GELU,300,0.9510000000000002,0.9509752935788128,0.951,1.4863967999699526
16,0.00025,32,GELU,500,0.9510000000000002,0.9509752935788128,0.951,1.386119199974928
16,0.00025,32,GELU,1000,0.9510000000000002,0.9509752935788128,0.951,1.3883657999685965
16,0.00025,32,Softmax,50,0.9455,0.9454471778707495,0.9455,1.3407219999935478
16,0.00025,32,Softmax,100,0.9460000000000001,0.9459450088262615,0.946,1.5320286999922246
16,0.00025,32,Softmax,300,0.9460000000000001,0.9459450088262615,0.946,1.5903593999682926
16,0.00025,32,Softmax,500,0.9460000000000001,0.9459450088262615,0.946,1.511257200036198
16,0.00025,32,Softmax,1000,0.9460000000000001,0.9459450088262615,0.946,1.6073030999978073
16,0.00025,64,ReLU,50,0.9470000000000001,0.9469586937398049,0.947,0.887852500018198
16,0.00025,64,ReLU,100,0.9484999999999999,0.9484713233347716,0.9485,1.0529271999839693
16,0.00025,64,ReLU,300,0.9484999999999999,0.9484713233347716,0.9485,1.138632200018037
16,0.00025,64,ReLU,500,0.9484999999999999,0.9484713233347716,0.9485,1.1580953000229783
16,0.00025,64,ReLU,1000,0.9484999999999999,0.9484713233347716,0.9485,1.1127468000049703
16,0.00025,64,Tanh,50,0.9570000000000001,0.9570073586159629,0.957,0.901196799997706
16,0.00025,64,Tanh,100,0.9574999999999999,0.9575038650960292,0.9575,1.1883516000234522
16,0.00025,64,Tanh,300,0.9574999999999999,0.9575038650960292,0.9575,1.1466851999866776
16,0.00025,64,Tanh,500,0.9574999999999999,0.9575038650960292,0.9575,1.129940400016494
16,0.00025,64,Tanh,1000,0.9574999999999999,0.9575038650960292,0.9575,1.1498472000239417
16,0.00025,64,Sigmoid,50,0.9354999999999999,0.9352991078172292,0.9355,0.9036496999906376
16,0.00025,64,Sigmoid,100,0.9414999999999999,0.941419036235897,0.9415,1.239839599991683
16,0.00025,64,Sigmoid,300,0.9414999999999999,0.941419036235897,0.9415,1.2905081000062637
16,0.00025,64,Sigmoid,500,0.9414999999999999,0.941419036235897,0.9415,1.2282216000021435
16,0.00025,64,Sigmoid,1000,0.9414999999999999,0.941419036235897,0.9415,1.2914808999630623
16,0.00025,64,GELU,50,0.9470000000000001,0.9469586937398049,0.947,0.8940864999894984
16,0.00025,64,GELU,100,0.9484999999999999,0.9484713233347716,0.9485,1.0776229999610223
16,0.00025,64,GELU,300,0.9484999999999999,0.9484713233347716,0.9485,1.175176199991256
16,0.00025,64,GELU,500,0.9484999999999999,0.9484713233347716,0.9485,1.1249241000041366
16,0.00025,64,GELU,1000,0.9484999999999999,0.9484713233347716,0.9485,1.0489335999591276
16,0.00025,64,Softmax,50,0.9354999999999999,0.9352991078172292,0.9355,0.9385973000316881
16,0.00025,64,Softmax,100,0.9414999999999999,0.941419036235897,0.9415,1.2376160999992862
16,0.00025,64,Softmax,300,0.9414999999999999,0.941419036235897,0.9415,1.1982684999820776
16,0.00025,64,Softmax,500,0.9414999999999999,0.941419036235897,0.9415,1.2599599999957718
16,0.00025,64,Softmax,1000,0.9414999999999999,0.941419036235897,0.9415,1.2710937000229023
16,0.00025,128,ReLU,50,0.9259999999999999,0.9258391251739017,0.926,0.6872820000280626
16,0.00025,128,ReLU,100,0.9385000000000001,0.9384511211899284,0.9385,0.8962778000277467
16,0.00025,128,ReLU,300,0.9385000000000001,0.9384511211899284,0.9385,0.9105202999780886
16,0.00025,128,ReLU,500,0.9385000000000001,0.9384511211899284,0.9385,0.8929157000384293
16,0.00025,128,ReLU,1000,0.9385000000000001,0.9384511211899284,0.9385,0.9039070000289939
16,0.00025,128,Tanh,50,0.9400000000000001,0.9399667699001204,0.94,0.6301813000463881
16,0.00025,128,Tanh,100,0.9414999999999999,0.9414936188085326,0.9415,0.7755694999941625
16,0.00025,128,Tanh,300,0.9414999999999999,0.9414936188085326,0.9415,0.7911106999963522
16,0.00025,128,Tanh,500,0.9414999999999999,0.9414936188085326,0.9415,0.8238919000141323
16,0.00025,128,Tanh,1000,0.9414999999999999,0.9414936188085326,0.9415,0.7802991000353359
16,0.00025,128,Sigmoid,50,0.8934999999999998,0.8925979212184014,0.8935,0.6959014000021853
16,0.00025,128,Sigmoid,100,0.9249999999999998,0.9246726413746194,0.925,0.965516900003422
16,0.00025,128,Sigmoid,300,0.9254999999999999,0.9251827527422435,0.9255,1.0755134000210091
16,0.00025,128,Sigmoid,500,0.9254999999999999,0.9251827527422435,0.9255,1.054853399982676
16,0.00025,128,Sigmoid,1000,0.9254999999999999,0.9251827527422435,0.9255,1.0905301999882795
16,0.00025,128,GELU,50,0.9259999999999999,0.9258391251739017,0.926,0.6594043999793939
16,0.00025,128,GELU,100,0.9385000000000001,0.9384511211899284,0.9385,0.9458519999752752
16,0.00025,128,GELU,300,0.9385000000000001,0.9384511211899284,0.9385,0.9128318000002764
16,0.00025,128,GELU,500,0.9385000000000001,0.9384511211899284,0.9385,0.8881908999755979
16,0.00025,128,GELU,1000,0.9385000000000001,0.9384511211899284,0.9385,0.9101368999690749
16,0.00025,128,Softmax,50,0.8934999999999998,0.8925979212184014,0.8935,0.6712600000319071
16,0.00025,128,Softmax,100,0.9249999999999998,0.9246726413746194,0.925,0.955715499992948
16,0.00025,128,Softmax,300,0.9254999999999999,0.9251827527422435,0.9255,1.0721224999870174
16,0.00025,128,Softmax,500,0.9254999999999999,0.9251827527422435,0.9255,1.0605181999853812
16,0.00025,128,Softmax,1000,0.9254999999999999,0.9251827527422435,0.9255,1.065712400013581
32,0.01,8,ReLU,50,0.96,0.9599939995940995,0.96,3.0215365000185557
32,0.01,8,ReLU,100,0.96,0.9599939995940995,0.96,2.835743099974934
32,0.01,8,ReLU,300,0.96,0.9599939995940995,0.96,2.7882687999517657
32,0.01,8,ReLU,500,0.96,0.9599939995940995,0.96,2.765772799961269
32,0.01,8,ReLU,1000,0.96,0.9599939995940995,0.96,2.790273500024341
32,0.01,8,Tanh,50,0.9550000000000001,0.9549226472562035,0.955,2.778321699996013
32,0.01,8,Tanh,100,0.9550000000000001,0.9549226472562035,0.955,2.8677950000273995
32,0.01,8,Tanh,300,0.9550000000000001,0.9549226472562035,0.955,2.80394970002817
32,0.01,8,Tanh,500,0.9550000000000001,0.9549226472562035,0.955,2.633837700006552
32,0.01,8,Tanh,1000,0.9550000000000001,0.9549226472562035,0.955,2.7479318999685347
32,0.01,8,Sigmoid,50,0.967,0.9670025119747084,0.967,2.198103800008539
32,0.01,8,Sigmoid,100,0.967,0.9670025119747084,0.967,2.151323899975978
32,0.01,8,Sigmoid,300,0.967,0.9670025119747084,0.967,2.37609449995216
32,0.01,8,Sigmoid,500,0.967,0.9670025119747084,0.967,2.201932099997066
32,0.01,8,Sigmoid,1000,0.967,0.9670025119747084,0.967,2.251503400038928
32,0.01,8,GELU,50,0.96,0.9599939995940995,0.96,2.812102199997753
32,0.01,8,GELU,100,0.96,0.9599939995940995,0.96,2.725352199980989
32,0.01,8,GELU,300,0.96,0.9599939995940995,0.96,2.723052599991206
32,0.01,8,GELU,500,0.96,0.9599939995940995,0.96,2.995126000023447
32,0.01,8,GELU,1000,0.96,0.9599939995940995,0.96,2.848628700012341
32,0.01,8,Softmax,50,0.967,0.9670025119747084,0.967,2.1908082999871112
32,0.01,8,Softmax,100,0.967,0.9670025119747084,0.967,2.096702999959234
32,0.01,8,Softmax,300,0.967,0.9670025119747084,0.967,2.2014407999813557
32,0.01,8,Softmax,500,0.967,0.9670025119747084,0.967,2.1736289999680594
32,0.01,8,Softmax,1000,0.967,0.9670025119747084,0.967,2.1239099000231363
32,0.01,16,ReLU,50,0.9635,0.9635102723642822,0.9635,1.4822080999729224
32,0.01,16,ReLU,100,0.9635,0.9635102723642822,0.9635,1.479858900012914
32,0.01,16,ReLU,300,0.9635,0.9635102723642822,0.9635,1.374119599990081
32,0.01,16,ReLU,500,0.9635,0.9635102723642822,0.9635,1.3701721000252292
32,0.01,16,ReLU,1000,0.9635,0.9635102723642822,0.9635,1.375607099966146
32,0.01,16,Tanh,50,0.9629999999999999,0.9630042737755689,0.963,1.1115907999919727
32,0.01,16,Tanh,100,0.9629999999999999,0.9630042737755689,0.963,1.1012340000015683
32,0.01,16,Tanh,300,0.9629999999999999,0.9630042737755689,0.963,1.1122158000362106
32,0.01,16,Tanh,500,0.9629999999999999,0.9630042737755689,0.963,1.108202999981586
32,0.01,16,Tanh,1000,0.9629999999999999,0.9630042737755689,0.963,1.1275082000065595
32,0.01,16,Sigmoid,50,0.9700000000000001,0.9700007485971189,0.97,1.128719100030139
32,0.01,16,Sigmoid,100,0.9700000000000001,0.9700007485971189,0.97,1.1432219000416808
32,0.01,16,Sigmoid,300,0.9700000000000001,0.9700007485971189,0.97,1.0942067000432871
32,0.01,16,Sigmoid,500,0.9700000000000001,0.9700007485971189,0.97,1.1429204000160098
32,0.01,16,Sigmoid,1000,0.9700000000000001,0.9700007485971189,0.97,1.1398245000164025
32,0.01,16,GELU,50,0.9635,0.9635102723642822,0.9635,1.3968895999714732
32,0.01,16,GELU,100,0.9635,0.9635102723642822,0.9635,1.363071400031913
32,0.01,16,GELU,300,0.9635,0.9635102723642822,0.9635,1.3719264999963343
32,0.01,16,GELU,500,0.9635,0.9635102723642822,0.9635,1.38359019998461
32,0.01,16,GELU,1000,0.9635,0.9635102723642822,0.9635,1.3812714000232518
32,0.01,16,Softmax,50,0.9700000000000001,0.9700007485971189,0.97,1.1119537000195123
32,0.01,16,Softmax,100,0.9700000000000001,0.9700007485971189,0.97,1.0901872999966145
32,0.01,16,Softmax,300,0.9700000000000001,0.9700007485971189,0.97,1.1319514000206254
32,0.01,16,Softmax,500,0.9700000000000001,0.9700007485971189,0.97,1.1305913999676704
32,0.01,16,Softmax,1000,0.9700000000000001,0.9700007485971189,0.97,1.1242242000298575
32,0.01,32,ReLU,50,0.9739999999999999,0.9739817546596357,0.974,0.8137419000267982
32,0.01,32,ReLU,100,0.9739999999999999,0.9739817546596357,0.974,0.8212379000033252
32,0.01,32,ReLU,300,0.9739999999999999,0.9739817546596357,0.974,0.817066099960357
32,0.01,32,ReLU,500,0.9739999999999999,0.9739817546596357,0.974,0.7975426000193693
32,0.01,32,ReLU,1000,0.9739999999999999,0.9739817546596357,0.974,0.8213581000454724
32,0.01,32,Tanh,50,0.9705,0.9704789123871489,0.9705,0.7391460000071675
32,0.01,32,Tanh,100,0.9705,0.9704789123871489,0.9705,0.7369974000030197
32,0.01,32,Tanh,300,0.9705,0.9704789123871489,0.9705,0.7226527000311762
32,0.01,32,Tanh,500,0.9705,0.9704789123871489,0.9705,0.8151509999879636
32,0.01,32,Tanh,1000,0.9705,0.9704789123871489,0.9705,0.7302643000148237
32,0.01,32,Sigmoid,50,0.9720000000000001,0.971969940218492,0.972,0.7238916999776848
32,0.01,32,Sigmoid,100,0.9720000000000001,0.971969940218492,0.972,0.7146922000101767
32,0.01,32,Sigmoid,300,0.9720000000000001,0.971969940218492,0.972,0.776263999985531
32,0.01,32,Sigmoid,500,0.9720000000000001,0.971969940218492,0.972,0.7447164000477642
32,0.01,32,Sigmoid,1000,0.9720000000000001,0.971969940218492,0.972,0.7358544999733567
32,0.01,32,GELU,50,0.9739999999999999,0.9739817546596357,0.974,0.7850692999782041
32,0.01,32,GELU,100,0.9739999999999999,0.9739817546596357,0.974,0.7383035999955609
32,0.01,32,GELU,300,0.9739999999999999,0.9739817546596357,0.974,0.7848065000143833
32,0.01,32,GELU,500,0.9739999999999999,0.9739817546596357,0.974,0.7513337000273168
32,0.01,32,GELU,1000,0.9739999999999999,0.9739817546596357,0.974,0.7833150000078604
32,0.01,32,Softmax,50,0.9720000000000001,0.971969940218492,0.972,0.73277349997079
32,0.01,32,Softmax,100,0.9720000000000001,0.971969940218492,0.972,0.7055805000127293
32,0.01,32,Softmax,300,0.9720000000000001,0.971969940218492,0.972,0.8028716999688186
32,0.01,32,Softmax,500,0.9720000000000001,0.971969940218492,0.972,0.7653185999952257
32,0.01,32,Softmax,1000,0.9720000000000001,0.971969940218492,0.972,0.7270507999928668
32,0.01,64,ReLU,50,0.9715,0.9715004806824912,0.9715,0.5377811000216752
32,0.01,64,ReLU,100,0.9715,0.9715004806824912,0.9715,0.542357099999208
32,0.01,64,ReLU,300,0.9715,0.9715004806824912,0.9715,0.5668338999967091
32,0.01,64,ReLU,500,0.9715,0.9715004806824912,0.9715,0.5244633000111207
32,0.01,64,ReLU,1000,0.9715,0.9715004806824912,0.9715,0.5462960000149906
32,0.01,64,Tanh,50,0.9709999999999999,0.9709992376274748,0.971,0.5333693999564275
32,0.01,64,Tanh,100,0.9709999999999999,0.9709992376274748,0.971,0.5226676999591291
32,0.01,64,Tanh,300,0.9709999999999999,0.9709992376274748,0.971,0.5760969999828376
32,0.01,64,Tanh,500,0.9709999999999999,0.9709992376274748,0.971,0.5539017000119202
32,0.01,64,Tanh,1000,0.9709999999999999,0.9709992376274748,0.971,0.5545355000067502
32,0.01,64,Sigmoid,50,0.9724999999999999,0.9724989911397153,0.9725,0.5457042999914847
32,0.01,64,Sigmoid,100,0.9724999999999999,0.9724989911397153,0.9725,0.5565512000466697
32,0.01,64,Sigmoid,300,0.9724999999999999,0.9724989911397153,0.9725,0.5353737999685109
32,0.01,64,Sigmoid,500,0.9724999999999999,0.9724989911397153,0.9725,0.5471257999888621
32,0.01,64,Sigmoid,1000,0.9724999999999999,0.9724989911397153,0.9725,0.5352832999778911
32,0.01,64,GELU,50,0.9715,0.9715004806824912,0.9715,0.5513511000317521
32,0.01,64,GELU,100,0.9715,0.9715004806824912,0.9715,0.5412589000188746
32,0.01,64,GELU,300,0.9715,0.9715004806824912,0.9715,0.5346436999971047
32,0.01,64,GELU,500,0.9715,0.9715004806824912,0.9715,0.5336729999980889
32,0.01,64,GELU,1000,0.9715,0.9715004806824912,0.9715,0.5366064999834634
32,0.01,64,Softmax,50,0.9724999999999999,0.9724989911397153,0.9725,0.53414000000339
32,0.01,64,Softmax,100,0.9724999999999999,0.9724989911397153,0.9725,0.568003399996087
32,0.01,64,Softmax,300,0.9724999999999999,0.9724989911397153,0.9725,0.5537668999750167
32,0.01,64,Softmax,500,0.9724999999999999,0.9724989911397153,0.9725,0.553956699965056
32,0.01,64,Softmax,1000,0.9724999999999999,0.9724989911397153,0.9725,0.5514841999975033
32,0.01,128,ReLU,50,0.9674999999999999,0.9674815197196155,0.9675,0.43448500003432855
32,0.01,128,ReLU,100,0.9674999999999999,0.9674815197196155,0.9675,0.45361180003965273
32,0.01,128,ReLU,300,0.9674999999999999,0.9674815197196155,0.9675,0.4611708000302315
32,0.01,128,ReLU,500,0.9674999999999999,0.9674815197196155,0.9675,0.43401769996853545
32,0.01,128,ReLU,1000,0.9674999999999999,0.9674815197196155,0.9675,0.42507900000782683
32,0.01,128,Tanh,50,0.966,0.9659726019738148,0.966,0.4709351000492461
32,0.01,128,Tanh,100,0.966,0.9659726019738148,0.966,0.4187598000280559
32,0.01,128,Tanh,300,0.966,0.9659726019738148,0.966,0.43978519999654964
32,0.01,128,Tanh,500,0.966,0.9659726019738148,0.966,0.4189312999951653
32,0.01,128,Tanh,1000,0.966,0.9659726019738148,0.966,0.4310672999708913
32,0.01,128,Sigmoid,50,0.9695,0.9695020204061642,0.9695,0.4913893999764696
32,0.01,128,Sigmoid,100,0.9695,0.9695020204061642,0.9695,0.49236909998580813
32,0.01,128,Sigmoid,300,0.9695,0.9695020204061642,0.9695,0.4866798000293784
32,0.01,128,Sigmoid,500,0.9695,0.9695020204061642,0.9695,0.49623290001181886
32,0.01,128,Sigmoid,1000,0.9695,0.9695020204061642,0.9695,0.49247029999969527
32,0.01,128,GELU,50,0.9674999999999999,0.9674815197196155,0.9675,0.4603439999627881
32,0.01,128,GELU,100,0.9674999999999999,0.9674815197196155,0.9675,0.4615940999938175
32,0.01,128,GELU,300,0.9674999999999999,0.9674815197196155,0.9675,0.4828241000068374
32,0.01,128,GELU,500,0.9674999999999999,0.9674815197196155,0.9675,0.44121129997074604
32,0.01,128,GELU,1000,0.9674999999999999,0.9674815197196155,0.9675,0.44519659999059513
32,0.01,128,Softmax,50,0.9695,0.9695020204061642,0.9695,0.4938043999718502
32,0.01,128,Softmax,100,0.9695,0.9695020204061642,0.9695,0.49943880003411323
32,0.01,128,Softmax,300,0.9695,0.9695020204061642,0.9695,0.4681388000026345
32,0.01,128,Softmax,500,0.9695,0.9695020204061642,0.9695,0.49436140002217144
32,0.01,128,Softmax,1000,0.9695,0.9695020204061642,0.9695,0.5030229999683797
32,0.001,8,ReLU,50,0.966,0.9659862321515901,0.966,2.630192300013732
32,0.001,8,ReLU,100,0.966,0.9659862321515901,0.966,2.697696099989116
32,0.001,8,ReLU,300,0.966,0.9659862321515901,0.966,2.869256999983918
32,0.001,8,ReLU,500,0.966,0.9659862321515901,0.966,2.6357093999977224
32,0.001,8,ReLU,1000,0.966,0.9659862321515901,0.966,2.698264999955427
32,0.001,8,Tanh,50,0.9705,0.970492060406891,0.9705,2.0522979000234045
32,0.001,8,Tanh,100,0.9705,0.970492060406891,0.9705,2.022888899955433
32,0.001,8,Tanh,300,0.9705,0.970492060406891,0.9705,2.1162315000547096
32,0.001,8,Tanh,500,0.9705,0.970492060406891,0.9705,2.220220299961511
32,0.001,8,Tanh,1000,0.9705,0.970492060406891,0.9705,2.1163999999989755
32,0.001,8,Sigmoid,50,0.9719999999999999,0.9719807941999307,0.972,2.7234218000085093
32,0.001,8,Sigmoid,100,0.9719999999999999,0.9719807941999307,0.972,2.771151099994313
32,0.001,8,Sigmoid,300,0.9719999999999999,0.9719807941999307,0.972,2.8106184999924153
32,0.001,8,Sigmoid,500,0.9719999999999999,0.9719807941999307,0.972,2.792726500018034
32,0.001,8,Sigmoid,1000,0.9719999999999999,0.9719807941999307,0.972,2.8701035999692976
32,0.001,8,GELU,50,0.966,0.9659862321515901,0.966,2.735372399969492
32,0.001,8,GELU,100,0.966,0.9659862321515901,0.966,2.7319021000294015
32,0.001,8,GELU,300,0.966,0.9659862321515901,0.966,2.7049011000199243
32,0.001,8,GELU,500,0.966,0.9659862321515901,0.966,2.624381999950856
32,0.001,8,GELU,1000,0.966,0.9659862321515901,0.966,2.7828092999989167
32,0.001,8,Softmax,50,0.9719999999999999,0.9719807941999307,0.972,2.8450076999724843
32,0.001,8,Softmax,100,0.9719999999999999,0.9719807941999307,0.972,2.919539700029418
32,0.001,8,Softmax,300,0.9719999999999999,0.9719807941999307,0.972,2.8425819000112824
32,0.001,8,Softmax,500,0.9719999999999999,0.9719807941999307,0.972,2.7817938000080176
32,0.001,8,Softmax,1000,0.9719999999999999,0.9719807941999307,0.972,2.695611600007396
32,0.001,16,ReLU,50,0.9634999999999998,0.9634919044916401,0.9635,1.3758224000339396
32,0.001,16,ReLU,100,0.9634999999999998,0.9634919044916401,0.9635,1.3857241999940015
32,0.001,16,ReLU,300,0.9634999999999998,0.9634919044916401,0.9635,1.4610271000419743
32,0.001,16,ReLU,500,0.9634999999999998,0.9634919044916401,0.9635,1.4697617000201717
32,0.001,16,ReLU,1000,0.9634999999999998,0.9634919044916401,0.9635,1.410763899970334
32,0.001,16,Tanh,50,0.9695,0.96951065945573,0.9695,1.3282969000283629
32,0.001,16,Tanh,100,0.9695,0.96951065945573,0.9695,1.3284781000111252
32,0.001,16,Tanh,300,0.9695,0.96951065945573,0.9695,1.3089246999588795
32,0.001,16,Tanh,500,0.9695,0.96951065945573,0.9695,1.3756071000243537
32,0.001,16,Tanh,1000,0.9695,0.96951065945573,0.9695,1.3532846000161953
32,0.001,16,Sigmoid,50,0.9670000000000002,0.9670004250613207,0.967,1.5461685999762267
32,0.001,16,Sigmoid,100,0.9670000000000002,0.9670004250613207,0.967,1.5090778999729082
32,0.001,16,Sigmoid,300,0.9670000000000002,0.9670004250613207,0.967,1.544195199967362
32,0.001,16,Sigmoid,500,0.9670000000000002,0.9670004250613207,0.967,1.5579980000038631
32,0.001,16,Sigmoid,1000,0.9670000000000002,0.9670004250613207,0.967,1.6267479000380263
32,0.001,16,GELU,50,0.9634999999999998,0.9634919044916401,0.9635,1.3483636999735609
32,0.001,16,GELU,100,0.9634999999999998,0.9634919044916401,0.9635,1.3841533999657258
32,0.001,16,GELU,300,0.9634999999999998,0.9634919044916401,0.9635,1.4012252000393346
32,0.001,16,GELU,500,0.9634999999999998,0.9634919044916401,0.9635,1.4149651000043377
32,0.001,16,GELU,1000,0.9634999999999998,0.9634919044916401,0.9635,1.3311058999970555
32,0.001,16,Softmax,50,0.9670000000000002,0.9670004250613207,0.967,1.5397408000426367
32,0.001,16,Softmax,100,0.9670000000000002,0.9670004250613207,0.967,1.522861199977342
32,0.001,16,Softmax,300,0.9670000000000002,0.9670004250613207,0.967,1.5632025999948382
32,0.001,16,Softmax,500,0.9670000000000002,0.9670004250613207,0.967,1.5878579000127502
32,0.001,16,Softmax,1000,0.9670000000000002,0.9670004250613207,0.967,1.6231607999652624
32,0.001,32,ReLU,50,0.9644999999999999,0.9644815826276449,0.9645,1.0701610000105575
32,0.001,32,ReLU,100,0.9644999999999999,0.9644815826276449,0.9645,1.0052563999779522
32,0.001,32,ReLU,300,0.9644999999999999,0.9644815826276449,0.9645,1.016882199968677
32,0.001,32,ReLU,500,0.9644999999999999,0.9644815826276449,0.9645,0.981342900020536
32,0.001,32,ReLU,1000,0.9644999999999999,0.9644815826276449,0.9645,1.0184563000220805
32,0.001,32,Tanh,50,0.9685,0.9685212896612857,0.9685,0.9856129999971017
32,0.001,32,Tanh,100,0.9685,0.9685212896612857,0.9685,0.9906653999933042
32,0.001,32,Tanh,300,0.9685,0.9685212896612857,0.9685,0.964568399998825
32,0.001,32,Tanh,500,0.9685,0.9685212896612857,0.9685,0.9845570999896154
32,0.001,32,Tanh,1000,0.9685,0.9685212896612857,0.9685,0.9740538999903947
32,0.001,32,Sigmoid,50,0.968,0.9679876856084848,0.968,1.1534145000041462
32,0.001,32,Sigmoid,100,0.968,0.9679876856084848,0.968,1.152771599998232
32,0.001,32,Sigmoid,300,0.968,0.9679876856084848,0.968,1.2077247999841347
32,0.001,32,Sigmoid,500,0.968,0.9679876856084848,0.968,1.2304619000060484
32,0.001,32,Sigmoid,1000,0.968,0.9679876856084848,0.968,1.3009353000088595
32,0.001,32,GELU,50,0.9644999999999999,0.9644815826276449,0.9645,1.0878960999543779
32,0.001,32,GELU,100,0.9644999999999999,0.9644815826276449,0.9645,1.0703841000213288
32,0.001,32,GELU,300,0.9644999999999999,0.9644815826276449,0.9645,1.0070867000031285
32,0.001,32,GELU,500,0.9644999999999999,0.9644815826276449,0.9645,1.0142025999957696
32,0.001,32,GELU,1000,0.9644999999999999,0.9644815826276449,0.9645,1.0236518000019714
32,0.001,32,Softmax,50,0.968,0.9679876856084848,0.968,1.1713738000253215
32,0.001,32,Softmax,100,0.968,0.9679876856084848,0.968,1.1305257999920286
32,0.001,32,Softmax,300,0.968,0.9679876856084848,0.968,1.1770694999722764
32,0.001,32,Softmax,500,0.968,0.9679876856084848,0.968,1.1662908000289463
32,0.001,32,Softmax,1000,0.968,0.9679876856084848,0.968,1.1558242000173777
32,0.001,64,ReLU,50,0.96,0.9599928416355045,0.96,0.7262183999991976
32,0.001,64,ReLU,100,0.96,0.9599928416355045,0.96,0.7426443000440486
32,0.001,64,ReLU,300,0.96,0.9599928416355045,0.96,0.7429934999672696
32,0.001,64,ReLU,500,0.96,0.9599928416355045,0.96,0.7452913000015542
32,0.001,64,ReLU,1000,0.96,0.9599928416355045,0.96,0.759787300019525
32,0.001,64,Tanh,50,0.9675,0.9674967403481782,0.9675,1.0072017000056803
32,0.001,64,Tanh,100,0.9675,0.9674967403481782,0.9675,0.7697959000361152
32,0.001,64,Tanh,300,0.9675,0.9674967403481782,0.9675,0.7969543999643065
32,0.001,64,Tanh,500,0.9675,0.9674967403481782,0.9675,0.785696100036148
32,0.001,64,Tanh,1000,0.9675,0.9674967403481782,0.9675,0.7245712000294589
32,0.001,64,Sigmoid,50,0.9665000000000001,0.9665044261396742,0.9665,0.9623417000402696
32,0.001,64,Sigmoid,100,0.9665000000000001,0.9665044261396742,0.9665,0.880956300010439
32,0.001,64,Sigmoid,300,0.9665000000000001,0.9665044261396742,0.9665,0.9323378999833949
32,0.001,64,Sigmoid,500,0.9665000000000001,0.9665044261396742,0.9665,0.8915156999719329
32,0.001,64,Sigmoid,1000,0.9665000000000001,0.9665044261396742,0.9665,0.8592709000222385
32,0.001,64,GELU,50,0.96,0.9599928416355045,0.96,0.7553462000214495
32,0.001,64,GELU,100,0.96,0.9599928416355045,0.96,0.7435854999930598
32,0.001,64,GELU,300,0.96,0.9599928416355045,0.96,0.7637093999655917
32,0.001,64,GELU,500,0.96,0.9599928416355045,0.96,0.7478954000398517
32,0.001,64,GELU,1000,0.96,0.9599928416355045,0.96,0.7740991999744438
32,0.001,64,Softmax,50,0.9665000000000001,0.9665044261396742,0.9665,0.880467300012242
32,0.001,64,Softmax,100,0.9665000000000001,0.9665044261396742,0.9665,0.9343416999909095
32,0.001,64,Softmax,300,0.9665000000000001,0.9665044261396742,0.9665,0.8958831999916583
32,0.001,64,Softmax,500,0.9665000000000001,0.9665044261396742,0.9665,0.8976856000372209
32,0.001,64,Softmax,1000,0.9665000000000001,0.9665044261396742,0.9665,0.9555157000431791
32,0.001,128,ReLU,50,0.9590000000000002,0.9589843546275769,0.959,0.6621600000071339
32,0.001,128,ReLU,100,0.9590000000000002,0.9589843546275769,0.959,0.6250067999935709
32,0.001,128,ReLU,300,0.9590000000000002,0.9589843546275769,0.959,0.6466310999821872
32,0.001,128,ReLU,500,0.9590000000000002,0.9589843546275769,0.959,0.6088650000165217
32,0.001,128,ReLU,1000,0.9590000000000002,0.9589843546275769,0.959,0.6819949999917299
32,0.001,128,Tanh,50,0.9644999999999999,0.96450802487554,0.9645,0.6082824000041
32,0.001,128,Tanh,100,0.9644999999999999,0.96450802487554,0.9645,0.6081007000175305
32,0.001,128,Tanh,300,0.9644999999999999,0.96450802487554,0.9645,0.6387064000009559
32,0.001,128,Tanh,500,0.9644999999999999,0.96450802487554,0.9645,0.6391201999504119
32,0.001,128,Tanh,1000,0.9644999999999999,0.96450802487554,0.9645,0.6177934000152163
32,0.001,128,Sigmoid,50,0.9579999999999999,0.958039529957424,0.958,0.7221836000098847
32,0.001,128,Sigmoid,100,0.9579999999999999,0.958039529957424,0.958,0.7822054999996908
32,0.001,128,Sigmoid,300,0.9579999999999999,0.958039529957424,0.958,0.7274700000416487
32,0.001,128,Sigmoid,500,0.9579999999999999,0.958039529957424,0.958,0.7251931999926455
32,0.001,128,Sigmoid,1000,0.9579999999999999,0.958039529957424,0.958,0.7632905000355095
32,0.001,128,GELU,50,0.9590000000000002,0.9589843546275769,0.959,0.660841699980665
32,0.001,128,GELU,100,0.9590000000000002,0.9589843546275769,0.959,0.6199330000090413
32,0.001,128,GELU,300,0.9590000000000002,0.9589843546275769,0.959,0.6302569999825209
32,0.001,128,GELU,500,0.9590000000000002,0.9589843546275769,0.959,0.619161400012672
32,0.001,128,GELU,1000,0.9590000000000002,0.9589843546275769,0.959,0.6493566000135615
32,0.001,128,Softmax,50,0.9579999999999999,0.958039529957424,0.958,0.716857900028117
32,0.001,128,Softmax,100,0.9579999999999999,0.958039529957424,0.958,0.7601376000093296
32,0.001,128,Softmax,300,0.9579999999999999,0.958039529957424,0.958,0.7723819999955595
32,0.001,128,Softmax,500,0.9579999999999999,0.958039529957424,0.958,0.7704146000323817
32,0.001,128,Softmax,1000,0.9579999999999999,0.958039529957424,0.958,0.796990700007882
32,0.0001,8,ReLU,50,0.959,0.9589721766669694,0.959,3.987363899999764
32,0.0001,8,ReLU,100,0.959,0.9589721766669694,0.959,4.046785500016995
32,0.0001,8,ReLU,300,0.959,0.9589721766669694,0.959,4.0524853999959305
32,0.0001,8,ReLU,500,0.959,0.9589721766669694,0.959,4.291637499991339
32,0.0001,8,ReLU,1000,0.959,0.9589721766669694,0.959,4.08109739999054
32,0.0001,8,Tanh,50,0.9655000000000001,0.9655040305421903,0.9655,3.9809232999687083
32,0.0001,8,Tanh,100,0.9655000000000001,0.9655040305421903,0.9655,4.1475954000488855
32,0.0001,8,Tanh,300,0.9655000000000001,0.9655040305421903,0.9655,4.380020800046623
32,0.0001,8,Tanh,500,0.9655000000000001,0.9655040305421903,0.9655,4.2077090999810025
32,0.0001,8,Tanh,1000,0.9655000000000001,0.9655040305421903,0.9655,4.184493000037037
32,0.0001,8,Sigmoid,50,0.9515,0.9514406910649857,0.9515,4.145904200035147
32,0.0001,8,Sigmoid,100,0.9515,0.9514406910649857,0.9515,4.525070799980313
32,0.0001,8,Sigmoid,300,0.9515,0.9514406910649857,0.9515,4.337977899995167
32,0.0001,8,Sigmoid,500,0.9515,0.9514406910649857,0.9515,4.31368520000251
32,0.0001,8,Sigmoid,1000,0.9515,0.9514406910649857,0.9515,4.533117500017397
32,0.0001,8,GELU,50,0.959,0.9589721766669694,0.959,3.994033400027547
32,0.0001,8,GELU,100,0.959,0.9589721766669694,0.959,4.028149800025858
32,0.0001,8,GELU,300,0.959,0.9589721766669694,0.959,4.117337799980305
32,0.0001,8,GELU,500,0.959,0.9589721766669694,0.959,4.262932600046042
32,0.0001,8,GELU,1000,0.959,0.9589721766669694,0.959,4.041349699953571
32,0.0001,8,Softmax,50,0.9515,0.9514406910649857,0.9515,4.121080200013239
32,0.0001,8,Softmax,100,0.9515,0.9514406910649857,0.9515,4.345722800004296
32,0.0001,8,Softmax,300,0.9515,0.9514406910649857,0.9515,4.670447400014382
32,0.0001,8,Softmax,500,0.9515,0.9514406910649857,0.9515,4.677097300009336
32,0.0001,8,Softmax,1000,0.9515,0.9514406910649857,0.9515,4.4452034999849275
32,0.0001,16,ReLU,50,0.9549999999999998,0.9549593791205095,0.955,2.3430079000536352
32,0.0001,16,ReLU,100,0.9549999999999998,0.9549593791205095,0.955,2.712160399998538
32,0.0001,16,ReLU,300,0.9549999999999998,0.9549593791205095,0.955,2.7733168000122532
32,0.0001,16,ReLU,500,0.9549999999999998,0.9549593791205095,0.955,2.671046400035266
32,0.0001,16,ReLU,1000,0.9549999999999998,0.9549593791205095,0.955,2.5624549000058323
32,0.0001,16,Tanh,50,0.9635000000000001,0.9635087212746498,0.9635,2.4319554999819957
32,0.0001,16,Tanh,100,0.9635000000000001,0.9635087212746498,0.9635,2.5355540000018664
32,0.0001,16,Tanh,300,0.9635000000000001,0.9635087212746498,0.9635,2.7164429999538697
32,0.0001,16,Tanh,500,0.9635000000000001,0.9635087212746498,0.9635,2.6831131000071764
32,0.0001,16,Tanh,1000,0.9635000000000001,0.9635087212746498,0.9635,2.5649603999918327
32,0.0001,16,Sigmoid,50,0.9374999999999998,0.9372943198443158,0.9375,2.360279700020328
32,0.0001,16,Sigmoid,100,0.9414999999999999,0.9413120165745216,0.9415,2.969292800000403
32,0.0001,16,Sigmoid,300,0.9414999999999999,0.9413120165745216,0.9415,2.879193600034341
32,0.0001,16,Sigmoid,500,0.9414999999999999,0.9413120165745216,0.9415,3.0801162000279874
32,0.0001,16,Sigmoid,1000,0.9414999999999999,0.9413120165745216,0.9415,3.0326403999933973
32,0.0001,16,GELU,50,0.9549999999999998,0.9549593791205095,0.955,2.3098154999897815
32,0.0001,16,GELU,100,0.9549999999999998,0.9549593791205095,0.955,2.579544300038833
32,0.0001,16,GELU,300,0.9549999999999998,0.9549593791205095,0.955,2.495625999988988
32,0.0001,16,GELU,500,0.9549999999999998,0.9549593791205095,0.955,2.535122200031765
32,0.0001,16,GELU,1000,0.9549999999999998,0.9549593791205095,0.955,2.661744599987287
32,0.0001,16,Softmax,50,0.9374999999999998,0.9372943198443158,0.9375,2.4024876999901608
32,0.0001,16,Softmax,100,0.9414999999999999,0.9413120165745216,0.9415,2.9438555999659
32,0.0001,16,Softmax,300,0.9414999999999999,0.9413120165745216,0.9415,2.943733100022655
32,0.0001,16,Softmax,500,0.9414999999999999,0.9413120165745216,0.9415,2.8916190000018105
32,0.0001,16,Softmax,1000,0.9414999999999999,0.9413120165745216,0.9415,2.902561299968511
32,0.0001,32,ReLU,50,0.9455,0.9453439618211299,0.9455,1.4977786000235938
32,0.0001,32,ReLU,100,0.946,0.9458345966704778,0.946,1.7836082000285387
32,0.0001,32,ReLU,300,0.946,0.9458345966704778,0.946,1.6777833999949507
32,0.0001,32,ReLU,500,0.946,0.9458345966704778,0.946,1.644320199964568
32,0.0001,32,ReLU,1000,0.946,0.9458345966704778,0.946,1.7069328000070527
32,0.0001,32,Tanh,50,0.9470000000000001,0.9469666316930525,0.947,1.434273699996993
32,0.0001,32,Tanh,100,0.9484999999999999,0.948468438706243,0.9485,1.5434947999892756
32,0.0001,32,Tanh,300,0.9484999999999999,0.948468438706243,0.9485,1.6156432999996468
32,0.0001,32,Tanh,500,0.9484999999999999,0.948468438706243,0.9485,1.5840212000184692
32,0.0001,32,Tanh,1000,0.9484999999999999,0.948468438706243,0.9485,1.610650499991607
32,0.0001,32,Sigmoid,50,0.9334999999999999,0.9331932305739267,0.9335,1.5893206999753602
32,0.0001,32,Sigmoid,100,0.9344999999999999,0.9342157131405259,0.9345,2.025654199998826
32,0.0001,32,Sigmoid,300,0.9344999999999999,0.9342157131405259,0.9345,1.876649499987252
32,0.0001,32,Sigmoid,500,0.9344999999999999,0.9342157131405259,0.9345,1.9196192999952473
32,0.0001,32,Sigmoid,1000,0.9344999999999999,0.9342157131405259,0.9345,1.9519209999707527
32,0.0001,32,GELU,50,0.9455,0.9453439618211299,0.9455,1.4706314000068232
32,0.0001,32,GELU,100,0.946,0.9458345966704778,0.946,1.6498657999909483
32,0.0001,32,GELU,300,0.946,0.9458345966704778,0.946,1.7161894000018947
32,0.0001,32,GELU,500,0.946,0.9458345966704778,0.946,1.70306349999737
32,0.0001,32,GELU,1000,0.946,0.9458345966704778,0.946,1.6877496999804862
32,0.0001,32,Softmax,50,0.9334999999999999,0.9331932305739267,0.9335,1.617818399972748
32,0.0001,32,Softmax,100,0.9344999999999999,0.9342157131405259,0.9345,1.8813126000459306
32,0.0001,32,Softmax,300,0.9344999999999999,0.9342157131405259,0.9345,1.9513169000274502
32,0.0001,32,Softmax,500,0.9344999999999999,0.9342157131405259,0.9345,1.9097682000137866
32,0.0001,32,Softmax,1000,0.9344999999999999,0.9342157131405259,0.9345,1.9003362999646924
32,0.0001,64,ReLU,50,0.9269999999999999,0.9265120290863337,0.927,1.001049200014677
32,0.0001,64,ReLU,100,0.9284999999999999,0.9280081721300573,0.9285,1.205520500021521
32,0.0001,64,ReLU,300,0.9284999999999999,0.9280081721300573,0.9285,1.2894710999680683
32,0.0001,64,ReLU,500,0.9284999999999999,0.9280081721300573,0.9285,1.2203338000108488
32,0.0001,64,ReLU,1000,0.9284999999999999,0.9280081721300573,0.9285,1.2879866999574006
32,0.0001,64,Tanh,50,0.9369999999999999,0.9370338564496145,0.937,1.0208382999990135
32,0.0001,64,Tanh,100,0.938,0.9380406016745875,0.938,1.2321148999617435
32,0.0001,64,Tanh,300,0.938,0.9380406016745875,0.938,1.2061074000084773
32,0.0001,64,Tanh,500,0.938,0.9380406016745875,0.938,1.1913873000303283
32,0.0001,64,Tanh,1000,0.938,0.9380406016745875,0.938,1.151274400006514
32,0.0001,64,Sigmoid,50,0.908,0.90652617191886,0.908,1.0284746999968775
32,0.0001,64,Sigmoid,100,0.9279999999999999,0.9274530822328476,0.928,1.5403068999876268
32,0.0001,64,Sigmoid,300,0.9284999999999999,0.9280080150429557,0.9285,1.7912099999957718
32,0.0001,64,Sigmoid,500,0.9284999999999999,0.9280080150429557,0.9285,1.8673773999908008
32,0.0001,64,Sigmoid,1000,0.9284999999999999,0.9280080150429557,0.9285,1.828438800002914
32,0.0001,64,GELU,50,0.9269999999999999,0.9265120290863337,0.927,1.0230322999996133
32,0.0001,64,GELU,100,0.9284999999999999,0.9280081721300573,0.9285,1.3319880000199191
32,0.0001,64,GELU,300,0.9284999999999999,0.9280081721300573,0.9285,1.316866300010588
32,0.0001,64,GELU,500,0.9284999999999999,0.9280081721300573,0.9285,1.2286366000189446
32,0.0001,64,GELU,1000,0.9284999999999999,0.9280081721300573,0.9285,1.2260783000383526
32,0.0001,64,Softmax,50,0.908,0.90652617191886,0.908,1.028703999996651
32,0.0001,64,Softmax,100,0.9279999999999999,0.9274530822328476,0.928,1.5965467999922112
32,0.0001,64,Softmax,300,0.9284999999999999,0.9280080150429557,0.9285,1.82939880003687
32,0.0001,64,Softmax,500,0.9284999999999999,0.9280080150429557,0.9285,1.739459500007797
32,0.0001,64,Softmax,1000,0.9284999999999999,0.9280080150429557,0.9285,1.896491400024388
32,0.0001,128,ReLU,50,0.9155,0.9146010425680713,0.9155,0.7604248999850824
32,0.0001,128,ReLU,100,0.9264999999999999,0.9260334632428566,0.9265,1.1021331999800168
32,0.0001,128,ReLU,300,0.9264999999999999,0.9260334632428566,0.9265,1.2078141999663785
32,0.0001,128,ReLU,500,0.9264999999999999,0.9260334632428566,0.9265,1.2123876999830827
32,0.0001,128,ReLU,1000,0.9264999999999999,0.9260334632428566,0.9265,1.180247500014957
32,0.0001,128,Tanh,50,0.925,0.9250116623547806,0.925,0.7665925999754108
32,0.0001,128,Tanh,100,0.9365,0.9365123825383972,0.9365,1.1508504999801517
32,0.0001,128,Tanh,300,0.9365,0.9365123825383972,0.9365,1.1542478000046685
32,0.0001,128,Tanh,500,0.9365,0.9365123825383972,0.9365,1.1219812000053935
32,0.0001,128,Tanh,1000,0.9365,0.9365123825383972,0.9365,1.1371944000129588
32,0.0001,128,Sigmoid,50,0.8435,0.8316450495501378,0.8435,0.8398519000038505
32,0.0001,128,Sigmoid,100,0.9104999999999999,0.9091621439384072,0.9105,1.218929799972102
32,0.0001,128,Sigmoid,300,0.9104999999999999,0.9091621439384072,0.9105,1.3064155000029132
32,0.0001,128,Sigmoid,500,0.9104999999999999,0.9091621439384072,0.9105,1.308527899964247
32,0.0001,128,Sigmoid,1000,0.9104999999999999,0.9091621439384072,0.9105,1.3301840999629349
32,0.0001,128,GELU,50,0.9155,0.9146010425680713,0.9155,0.7514332999708131
32,0.0001,128,GELU,100,0.9264999999999999,0.9260334632428566,0.9265,1.1479034000076354
32,0.0001,128,GELU,300,0.9264999999999999,0.9260334632428566,0.9265,1.1918127999524586
32,0.0001,128,GELU,500,0.9264999999999999,0.9260334632428566,0.9265,1.1595565000316128
32,0.0001,128,GELU,1000,0.9264999999999999,0.9260334632428566,0.9265,1.1531969000352547
32,0.0001,128,Softmax,50,0.8435,0.8316450495501378,0.8435,0.7754241999937221
32,0.0001,128,Softmax,100,0.9104999999999999,0.9091621439384072,0.9105,1.2568170999875292
32,0.0001,128,Softmax,300,0.9104999999999999,0.9091621439384072,0.9105,1.258537299989257
32,0.0001,128,Softmax,500,0.9104999999999999,0.9091621439384072,0.9105,1.3014861000119708
32,0.0001,128,Softmax,1000,0.9104999999999999,0.9091621439384072,0.9105,1.3456496999715455
32,0.00025,8,ReLU,50,0.9604999999999999,0.9604528708720886,0.9605,3.1401238000253215
32,0.00025,8,ReLU,100,0.9604999999999999,0.9604528708720886,0.9605,3.078683200001251
32,0.00025,8,ReLU,300,0.9604999999999999,0.9604528708720886,0.9605,3.2304808999761008
32,0.00025,8,ReLU,500,0.9604999999999999,0.9604528708720886,0.9605,3.135348999989219
32,0.00025,8,ReLU,1000,0.9604999999999999,0.9604528708720886,0.9605,3.031187599990517
32,0.00025,8,Tanh,50,0.9695,0.9695058054040455,0.9695,3.029753500013612
32,0.00025,8,Tanh,100,0.9695,0.9695058054040455,0.9695,3.047074700007215
32,0.00025,8,Tanh,300,0.9695,0.9695058054040455,0.9695,3.292610800010152
32,0.00025,8,Tanh,500,0.9695,0.9695058054040455,0.9695,3.0926751000224613
32,0.00025,8,Tanh,1000,0.9695,0.9695058054040455,0.9695,3.0712025000248104
32,0.00025,8,Sigmoid,50,0.9675,0.9674811496848292,0.9675,3.9164180000079796
32,0.00025,8,Sigmoid,100,0.9675,0.9674811496848292,0.9675,4.209418400016148
32,0.00025,8,Sigmoid,300,0.9675,0.9674811496848292,0.9675,4.163110599969514
32,0.00025,8,Sigmoid,500,0.9675,0.9674811496848292,0.9675,4.1596627999679185
32,0.00025,8,Sigmoid,1000,0.9675,0.9674811496848292,0.9675,4.110543499991763
32,0.00025,8,GELU,50,0.9604999999999999,0.9604528708720886,0.9605,3.083994699991308
32,0.00025,8,GELU,100,0.9604999999999999,0.9604528708720886,0.9605,3.2410221000318415
32,0.00025,8,GELU,300,0.9604999999999999,0.9604528708720886,0.9605,3.1856374999624677
32,0.00025,8,GELU,500,0.9604999999999999,0.9604528708720886,0.9605,3.0966006999951787
32,0.00025,8,GELU,1000,0.9604999999999999,0.9604528708720886,0.9605,2.971857800032012
32,0.00025,8,Softmax,50,0.9675,0.9674811496848292,0.9675,4.019192400039174
32,0.00025,8,Softmax,100,0.9675,0.9674811496848292,0.9675,4.239010000019334
32,0.00025,8,Softmax,300,0.9675,0.9674811496848292,0.9675,4.119167400000151
32,0.00025,8,Softmax,500,0.9675,0.9674811496848292,0.9675,4.0047477999469265
32,0.00025,8,Softmax,1000,0.9675,0.9674811496848292,0.9675,4.13192319998052
32,0.00025,16,ReLU,50,0.9584999999999999,0.9584674682862685,0.9585,2.0456653999863192
32,0.00025,16,ReLU,100,0.9584999999999999,0.9584674682862685,0.9585,2.0061917999992147
32,0.00025,16,ReLU,300,0.9584999999999999,0.9584674682862685,0.9585,1.9348030000110157
32,0.00025,16,ReLU,500,0.9584999999999999,0.9584674682862685,0.9585,1.9597517999936827
32,0.00025,16,ReLU,1000,0.9584999999999999,0.9584674682862685,0.9585,1.9561768000130542
32,0.00025,16,Tanh,50,0.9639999999999999,0.9640145975019214,0.964,1.8368890000274405
32,0.00025,16,Tanh,100,0.9639999999999999,0.9640145975019214,0.964,1.8444752999930643
32,0.00025,16,Tanh,300,0.9639999999999999,0.9640145975019214,0.964,1.9962148999911733
32,0.00025,16,Tanh,500,0.9639999999999999,0.9640145975019214,0.964,2.055905800021719
32,0.00025,16,Tanh,1000,0.9639999999999999,0.9640145975019214,0.964,1.9373221999849193
32,0.00025,16,Sigmoid,50,0.9585000000000001,0.9585200732679426,0.9585,2.247708699957002
32,0.00025,16,Sigmoid,100,0.9585000000000001,0.9585200732679426,0.9585,2.3392404000042006
32,0.00025,16,Sigmoid,300,0.9585000000000001,0.9585200732679426,0.9585,2.34005260001868
32,0.00025,16,Sigmoid,500,0.9585000000000001,0.9585200732679426,0.9585,2.3621142000192776
32,0.00025,16,Sigmoid,1000,0.9585000000000001,0.9585200732679426,0.9585,2.5516666000476107
32,0.00025,16,GELU,50,0.9584999999999999,0.9584674682862685,0.9585,2.033706699963659
32,0.00025,16,GELU,100,0.9584999999999999,0.9584674682862685,0.9585,1.9838043000199832
32,0.00025,16,GELU,300,0.9584999999999999,0.9584674682862685,0.9585,2.011926700011827
32,0.00025,16,GELU,500,0.9584999999999999,0.9584674682862685,0.9585,1.8925668000010774
32,0.00025,16,GELU,1000,0.9584999999999999,0.9584674682862685,0.9585,1.937616499955766
32,0.00025,16,Softmax,50,0.9585000000000001,0.9585200732679426,0.9585,2.26209239999298
32,0.00025,16,Softmax,100,0.9585000000000001,0.9585200732679426,0.9585,2.3805076999706216
32,0.00025,16,Softmax,300,0.9585000000000001,0.9585200732679426,0.9585,2.5858614000026137
32,0.00025,16,Softmax,500,0.9585000000000001,0.9585200732679426,0.9585,2.5322789999772795
32,0.00025,16,Softmax,1000,0.9585000000000001,0.9585200732679426,0.9585,2.3712999999988824
32,0.00025,32,ReLU,50,0.954,0.9539467241271504,0.954,1.200086500030011
32,0.00025,32,ReLU,100,0.954,0.9539467241271504,0.954,1.1747084999806248
32,0.00025,32,ReLU,300,0.954,0.9539467241271504,0.954,1.225923599966336
32,0.00025,32,ReLU,500,0.954,0.9539467241271504,0.954,1.1521929999580607
32,0.00025,32,ReLU,1000,0.954,0.9539467241271504,0.954,1.180915599979926
32,0.00025,32,Tanh,50,0.9655000000000001,0.9655139185994319,0.9655,1.3552221999852918
32,0.00025,32,Tanh,100,0.9655000000000001,0.9655139185994319,0.9655,1.4427885999903083
32,0.00025,32,Tanh,300,0.9655000000000001,0.9655139185994319,0.9655,1.5074828999931924
32,0.00025,32,Tanh,500,0.9655000000000001,0.9655139185994319,0.9655,1.5214285000110976
32,0.00025,32,Tanh,1000,0.9655000000000001,0.9655139185994319,0.9655,1.4463352999882773
32,0.00025,32,Sigmoid,50,0.953,0.9529619750780443,0.953,1.4538652999908663
32,0.00025,32,Sigmoid,100,0.953,0.9529619750780443,0.953,1.6486860999721102
32,0.00025,32,Sigmoid,300,0.953,0.9529619750780443,0.953,1.6664565000100993
32,0.00025,32,Sigmoid,500,0.953,0.9529619750780443,0.953,1.637350199976936
32,0.00025,32,Sigmoid,1000,0.953,0.9529619750780443,0.953,1.6546133999945596
32,0.00025,32,GELU,50,0.954,0.9539467241271504,0.954,1.1519631000119261
32,0.00025,32,GELU,100,0.954,0.9539467241271504,0.954,1.1314589999965392
32,0.00025,32,GELU,300,0.954,0.9539467241271504,0.954,1.1323030999628827
32,0.00025,32,GELU,500,0.954,0.9539467241271504,0.954,1.2427849000087008
32,0.00025,32,GELU,1000,0.954,0.9539467241271504,0.954,1.2009876999654807
32,0.00025,32,Softmax,50,0.953,0.9529619750780443,0.953,1.486102299997583
32,0.00025,32,Softmax,100,0.953,0.9529619750780443,0.953,1.6613831000286154
32,0.00025,32,Softmax,300,0.953,0.9529619750780443,0.953,1.6999727999791503
32,0.00025,32,Softmax,500,0.953,0.9529619750780443,0.953,1.6389447000110522
32,0.00025,32,Softmax,1000,0.953,0.9529619750780443,0.953,1.6250766000011936
32,0.00025,64,ReLU,50,0.9535,0.9534347582614346,0.9535,0.9269408999825828
32,0.00025,64,ReLU,100,0.9535,0.9534347582614346,0.9535,1.11859829997411
32,0.00025,64,ReLU,300,0.9535,0.9534347582614346,0.9535,1.0934463999583386
32,0.00025,64,ReLU,500,0.9535,0.9534347582614346,0.9535,1.1180643999832682
32,0.00025,64,ReLU,1000,0.9535,0.9534347582614346,0.9535,1.1324629000155255
32,0.00025,64,Tanh,50,0.961,0.9610280219667139,0.961,1.0413539999863133
32,0.00025,64,Tanh,100,0.961,0.9610280219667139,0.961,1.0622572000138462
32,0.00025,64,Tanh,300,0.961,0.9610280219667139,0.961,1.0938822000171058
32,0.00025,64,Tanh,500,0.961,0.9610280219667139,0.961,1.0888614999712445
32,0.00025,64,Tanh,1000,0.961,0.9610280219667139,0.961,1.008447400003206
32,0.00025,64,Sigmoid,50,0.9359999999999999,0.9358571335351564,0.936,0.9862846999894828
32,0.00025,64,Sigmoid,100,0.9359999999999999,0.9358571335351564,0.936,1.0391006999998353
32,0.00025,64,Sigmoid,300,0.9359999999999999,0.9358571335351564,0.936,1.0336607999633998
32,0.00025,64,Sigmoid,500,0.9359999999999999,0.9358571335351564,0.936,1.0537373999832198
32,0.00025,64,Sigmoid,1000,0.9359999999999999,0.9358571335351564,0.936,1.0367534000542946
32,0.00025,64,GELU,50,0.9535,0.9534347582614346,0.9535,0.9228552000131458
32,0.00025,64,GELU,100,0.9535,0.9534347582614346,0.9535,1.0487864000024274
32,0.00025,64,GELU,300,0.9535,0.9534347582614346,0.9535,1.0061170000117272
32,0.00025,64,GELU,500,0.9535,0.9534347582614346,0.9535,1.0802980000153184
32,0.00025,64,GELU,1000,0.9535,0.9534347582614346,0.9535,1.1371573000214994
32,0.00025,64,Softmax,50,0.9359999999999999,0.9358571335351564,0.936,0.9794267999823205
32,0.00025,64,Softmax,100,0.9359999999999999,0.9358571335351564,0.936,1.0999585999525152
32,0.00025,64,Softmax,300,0.9359999999999999,0.9358571335351564,0.936,1.1375923999585211
32,0.00025,64,Softmax,500,0.9359999999999999,0.9358571335351564,0.936,1.0599633999518119
32,0.00025,64,Softmax,1000,0.9359999999999999,0.9358571335351564,0.936,1.0234424999798648
32,0.00025,128,ReLU,50,0.9444999999999999,0.9443378341000133,0.9445,0.7311981999664567
32,0.00025,128,ReLU,100,0.9444999999999999,0.9443378341000133,0.9445,0.8288144000107422
32,0.00025,128,ReLU,300,0.9444999999999999,0.9443378341000133,0.9445,0.7866773999994621
32,0.00025,128,ReLU,500,0.9444999999999999,0.9443378341000133,0.9445,0.7974115000106394
32,0.00025,128,ReLU,1000,0.9444999999999999,0.9443378341000133,0.9445,0.7727073000278324
32,0.00025,128,Tanh,50,0.944,0.9439955765403271,0.944,0.7437699000001885
32,0.00025,128,Tanh,100,0.9445,0.944513185060384,0.9445,0.8676433000364341
32,0.00025,128,Tanh,300,0.9445,0.944513185060384,0.9445,0.8791406999807805
32,0.00025,128,Tanh,500,0.9445,0.944513185060384,0.9445,0.9282347000553273
32,0.00025,128,Tanh,1000,0.9445,0.944513185060384,0.9445,0.9194504999904893
32,0.00025,128,Sigmoid,50,0.929,0.928611073983153,0.929,0.7524653000291437
32,0.00025,128,Sigmoid,100,0.9315,0.9311794583164301,0.9315,1.0193213999737054
32,0.00025,128,Sigmoid,300,0.9315,0.9311794583164301,0.9315,1.0023106000153348
32,0.00025,128,Sigmoid,500,0.9315,0.9311794583164301,0.9315,1.0433342999895103
32,0.00025,128,Sigmoid,1000,0.9315,0.9311794583164301,0.9315,1.0201471999753267
32,0.00025,128,GELU,50,0.9444999999999999,0.9443378341000133,0.9445,0.7482614999753423
32,0.00025,128,GELU,100,0.9444999999999999,0.9443378341000133,0.9445,0.7768562000128441
32,0.00025,128,GELU,300,0.9444999999999999,0.9443378341000133,0.9445,0.7981225000112318
32,0.00025,128,GELU,500,0.9444999999999999,0.9443378341000133,0.9445,0.7983683000202291
32,0.00025,128,GELU,1000,0.9444999999999999,0.9443378341000133,0.9445,0.7656491000088863
32,0.00025,128,Softmax,50,0.929,0.928611073983153,0.929,0.7760175000294112
32,0.00025,128,Softmax,100,0.9315,0.9311794583164301,0.9315,0.9956581000005826
32,0.00025,128,Softmax,300,0.9315,0.9311794583164301,0.9315,1.012749099987559
32,0.00025,128,Softmax,500,0.9315,0.9311794583164301,0.9315,0.9954377000103705
32,0.00025,128,Softmax,1000,0.9315,0.9311794583164301,0.9315,1.0228912000311539
64,0.01,8,ReLU,50,0.9595,0.959458902924194,0.9595,3.0341677999822423
64,0.01,8,ReLU,100,0.9595,0.959458902924194,0.9595,3.0402112000156194
64,0.01,8,ReLU,300,0.9595,0.959458902924194,0.9595,3.1499314999673516
64,0.01,8,ReLU,500,0.9595,0.959458902924194,0.9595,2.9291382000083104
64,0.01,8,ReLU,1000,0.9595,0.959458902924194,0.9595,2.9411466000019573
64,0.01,8,Tanh,50,0.954,0.953990633944297,0.954,2.2083870000205934
64,0.01,8,Tanh,100,0.954,0.953990633944297,0.954,2.3421308999531902
64,0.01,8,Tanh,300,0.954,0.953990633944297,0.954,2.380644399963785
64,0.01,8,Tanh,500,0.954,0.953990633944297,0.954,2.38397610001266
64,0.01,8,Tanh,1000,0.954,0.953990633944297,0.954,2.2958090000320226
64,0.01,8,Sigmoid,50,0.97,0.969995993975132,0.97,2.81540279998444
64,0.01,8,Sigmoid,100,0.97,0.969995993975132,0.97,2.7247293000109494
64,0.01,8,Sigmoid,300,0.97,0.969995993975132,0.97,2.7479535000165924
64,0.01,8,Sigmoid,500,0.97,0.969995993975132,0.97,2.7981340000405908
64,0.01,8,Sigmoid,1000,0.97,0.969995993975132,0.97,2.866896399995312
64,0.01,8,GELU,50,0.9595,0.959458902924194,0.9595,2.9738110000034794
64,0.01,8,GELU,100,0.9595,0.959458902924194,0.9595,3.040439799951855
64,0.01,8,GELU,300,0.9595,0.959458902924194,0.9595,2.8846365999779664
64,0.01,8,GELU,500,0.9595,0.959458902924194,0.9595,3.0008973000221886
64,0.01,8,GELU,1000,0.9595,0.959458902924194,0.9595,3.1833330999943428
64,0.01,8,Softmax,50,0.97,0.969995993975132,0.97,2.77728640002897
64,0.01,8,Softmax,100,0.97,0.969995993975132,0.97,2.7607089999946766
64,0.01,8,Softmax,300,0.97,0.969995993975132,0.97,2.793815099983476
64,0.01,8,Softmax,500,0.97,0.969995993975132,0.97,2.6761919000418857
64,0.01,8,Softmax,1000,0.97,0.969995993975132,0.97,2.6694722999818623
64,0.01,16,ReLU,50,0.9620000000000001,0.9620312649509948,0.962,1.6255093000363559
64,0.01,16,ReLU,100,0.9620000000000001,0.9620312649509948,0.962,1.6799485000083223
64,0.01,16,ReLU,300,0.9620000000000001,0.9620312649509948,0.962,1.5634454000391997
64,0.01,16,ReLU,500,0.9620000000000001,0.9620312649509948,0.962,1.6335031000198796
64,0.01,16,ReLU,1000,0.9620000000000001,0.9620312649509948,0.962,1.5505717999767512
64,0.01,16,Tanh,50,0.966,0.9659619470572357,0.966,1.4110643999883905
64,0.01,16,Tanh,100,0.966,0.9659619470572357,0.966,1.4379030999843962
64,0.01,16,Tanh,300,0.966,0.9659619470572357,0.966,1.3456452999962494
64,0.01,16,Tanh,500,0.966,0.9659619470572357,0.966,1.414532600028906
64,0.01,16,Tanh,1000,0.966,0.9659619470572357,0.966,1.4028915000380948
64,0.01,16,Sigmoid,50,0.9774999999999998,0.9774786242855699,0.9775,1.7695078999968246
64,0.01,16,Sigmoid,100,0.9774999999999998,0.9774786242855699,0.9775,1.8092168999719433
64,0.01,16,Sigmoid,300,0.9774999999999998,0.9774786242855699,0.9775,1.6812678999849595
64,0.01,16,Sigmoid,500,0.9774999999999998,0.9774786242855699,0.9775,1.6887007000041194
64,0.01,16,Sigmoid,1000,0.9774999999999998,0.9774786242855699,0.9775,1.7073959999834187
64,0.01,16,GELU,50,0.9620000000000001,0.9620312649509948,0.962,1.6054122000350617
64,0.01,16,GELU,100,0.9620000000000001,0.9620312649509948,0.962,1.6043251999653876
64,0.01,16,GELU,300,0.9620000000000001,0.9620312649509948,0.962,1.559742700017523
64,0.01,16,GELU,500,0.9620000000000001,0.9620312649509948,0.962,1.5689721000380814
64,0.01,16,GELU,1000,0.9620000000000001,0.9620312649509948,0.962,1.673002700030338
64,0.01,16,Softmax,50,0.9774999999999998,0.9774786242855699,0.9775,1.7824897000100464
64,0.01,16,Softmax,100,0.9774999999999998,0.9774786242855699,0.9775,1.718106499989517
64,0.01,16,Softmax,300,0.9774999999999998,0.9774786242855699,0.9775,1.624567900027614
64,0.01,16,Softmax,500,0.9774999999999998,0.9774786242855699,0.9775,1.6996558000100777
64,0.01,16,Softmax,1000,0.9774999999999998,0.9774786242855699,0.9775,1.7058450999902561
64,0.01,32,ReLU,50,0.968,0.9680279879699333,0.968,0.9504765000310726
64,0.01,32,ReLU,100,0.968,0.9680279879699333,0.968,0.9429833999602124
64,0.01,32,ReLU,300,0.968,0.9680279879699333,0.968,0.9456901999656111
64,0.01,32,ReLU,500,0.968,0.9680279879699333,0.968,0.9584902999922633
64,0.01,32,ReLU,1000,0.968,0.9680279879699333,0.968,0.9434140999801457
64,0.01,32,Tanh,50,0.9695,0.9694575548805078,0.9695,0.8684219000278972
64,0.01,32,Tanh,100,0.9695,0.9694575548805078,0.9695,0.8070150999701582
64,0.01,32,Tanh,300,0.9695,0.9694575548805078,0.9695,0.8309740999829955
64,0.01,32,Tanh,500,0.9695,0.9694575548805078,0.9695,0.8682351000024937
64,0.01,32,Tanh,1000,0.9695,0.9694575548805078,0.9695,0.854573699994944
64,0.01,32,Sigmoid,50,0.9734999999999999,0.9734798884267983,0.9735,1.0854057000251487
64,0.01,32,Sigmoid,100,0.9734999999999999,0.9734798884267983,0.9735,0.96297950000735
64,0.01,32,Sigmoid,300,0.9734999999999999,0.9734798884267983,0.9735,1.006530299957376
64,0.01,32,Sigmoid,500,0.9734999999999999,0.9734798884267983,0.9735,1.0259695000131615
64,0.01,32,Sigmoid,1000,0.9734999999999999,0.9734798884267983,0.9735,1.0041289000073448
64,0.01,32,GELU,50,0.968,0.9680279879699333,0.968,0.9234213999588974
64,0.01,32,GELU,100,0.968,0.9680279879699333,0.968,0.9871119000017643
64,0.01,32,GELU,300,0.968,0.9680279879699333,0.968,0.9532096000039019
64,0.01,32,GELU,500,0.968,0.9680279879699333,0.968,0.910405799979344
64,0.01,32,GELU,1000,0.968,0.9680279879699333,0.968,0.941998100024648
64,0.01,32,Softmax,50,0.9734999999999999,0.9734798884267983,0.9735,1.0032705999910831
64,0.01,32,Softmax,100,0.9734999999999999,0.9734798884267983,0.9735,1.0233109999680892
64,0.01,32,Softmax,300,0.9734999999999999,0.9734798884267983,0.9735,0.961246500024572
64,0.01,32,Softmax,500,0.9734999999999999,0.9734798884267983,0.9735,0.9835898000164889
64,0.01,32,Softmax,1000,0.9734999999999999,0.9734798884267983,0.9735,1.0737988000037149
64,0.01,64,ReLU,50,0.9694999999999998,0.9694733672827432,0.9695,0.7245870000333525
64,0.01,64,ReLU,100,0.9694999999999998,0.9694733672827432,0.9695,0.7083557000150904
64,0.01,64,ReLU,300,0.9694999999999998,0.9694733672827432,0.9695,0.7907835000078194
64,0.01,64,ReLU,500,0.9694999999999998,0.9694733672827432,0.9695,0.6926684000063688
64,0.01,64,ReLU,1000,0.9694999999999998,0.9694733672827432,0.9695,0.6795780000393279
64,0.01,64,Tanh,50,0.9695,0.9695016518232336,0.9695,0.6160619999864139
64,0.01,64,Tanh,100,0.9695,0.9695016518232336,0.9695,0.6048973000142723
64,0.01,64,Tanh,300,0.9695,0.9695016518232336,0.9695,0.6192379999556579
64,0.01,64,Tanh,500,0.9695,0.9695016518232336,0.9695,0.6411336000310257
64,0.01,64,Tanh,1000,0.9695,0.9695016518232336,0.9695,0.6166013000183739
64,0.01,64,Sigmoid,50,0.9724999999999999,0.9724755764958664,0.9725,0.7441579999867827
64,0.01,64,Sigmoid,100,0.9724999999999999,0.9724755764958664,0.9725,0.6985851000063121
64,0.01,64,Sigmoid,300,0.9724999999999999,0.9724755764958664,0.9725,0.7094768999959342
64,0.01,64,Sigmoid,500,0.9724999999999999,0.9724755764958664,0.9725,0.7013314999639988
64,0.01,64,Sigmoid,1000,0.9724999999999999,0.9724755764958664,0.9725,0.7023767000064254
64,0.01,64,GELU,50,0.9694999999999998,0.9694733672827432,0.9695,0.6827363999909721
64,0.01,64,GELU,100,0.9694999999999998,0.9694733672827432,0.9695,0.6909983999794349
64,0.01,64,GELU,300,0.9694999999999998,0.9694733672827432,0.9695,0.7004166999831796
64,0.01,64,GELU,500,0.9694999999999998,0.9694733672827432,0.9695,0.7126348000019789
64,0.01,64,GELU,1000,0.9694999999999998,0.9694733672827432,0.9695,0.7233665999956429
64,0.01,64,Softmax,50,0.9724999999999999,0.9724755764958664,0.9725,0.7521464999881573
64,0.01,64,Softmax,100,0.9724999999999999,0.9724755764958664,0.9725,0.7287476999917999
64,0.01,64,Softmax,300,0.9724999999999999,0.9724755764958664,0.9725,0.7514137999969535
64,0.01,64,Softmax,500,0.9724999999999999,0.9724755764958664,0.9725,0.7332692000200041
64,0.01,64,Softmax,1000,0.9724999999999999,0.9724755764958664,0.9725,0.7171461000107229
64,0.01,128,ReLU,50,0.9684999999999999,0.9684981500369417,0.9685,0.5517764000105672
64,0.01,128,ReLU,100,0.9684999999999999,0.9684981500369417,0.9685,0.5332276999833994
64,0.01,128,ReLU,300,0.9684999999999999,0.9684981500369417,0.9685,0.5673371000448242
64,0.01,128,ReLU,500,0.9684999999999999,0.9684981500369417,0.9685,0.555847299983725
64,0.01,128,ReLU,1000,0.9684999999999999,0.9684981500369417,0.9685,0.5353351000230759
64,0.01,128,Tanh,50,0.9650000000000001,0.9649380214122207,0.965,0.5419253999716602
64,0.01,128,Tanh,100,0.9650000000000001,0.9649380214122207,0.965,0.5070777999935672
64,0.01,128,Tanh,300,0.9650000000000001,0.9649380214122207,0.965,0.5345461000106297
64,0.01,128,Tanh,500,0.9650000000000001,0.9649380214122207,0.965,0.525472000008449
64,0.01,128,Tanh,1000,0.9650000000000001,0.9649380214122207,0.965,0.5976893999613822
64,0.01,128,Sigmoid,50,0.975,0.975008470931167,0.975,0.827440699969884
64,0.01,128,Sigmoid,100,0.975,0.975008470931167,0.975,0.6539440000196919
64,0.01,128,Sigmoid,300,0.975,0.975008470931167,0.975,0.6594602999975905
64,0.01,128,Sigmoid,500,0.975,0.975008470931167,0.975,0.721233399992343
64,0.01,128,Sigmoid,1000,0.975,0.975008470931167,0.975,0.74040219996823
64,0.01,128,GELU,50,0.9684999999999999,0.9684981500369417,0.9685,0.5341140999807976
64,0.01,128,GELU,100,0.9684999999999999,0.9684981500369417,0.9685,0.575188499991782
64,0.01,128,GELU,300,0.9684999999999999,0.9684981500369417,0.9685,0.5147946000215597
64,0.01,128,GELU,500,0.9684999999999999,0.9684981500369417,0.9685,0.5250202000024728
64,0.01,128,GELU,1000,0.9684999999999999,0.9684981500369417,0.9685,0.6089452999876812
64,0.01,128,Softmax,50,0.975,0.975008470931167,0.975,0.7051231000223197
64,0.01,128,Softmax,100,0.975,0.975008470931167,0.975,0.6691692000022158
64,0.01,128,Softmax,300,0.975,0.975008470931167,0.975,0.6839290000498295
64,0.01,128,Softmax,500,0.975,0.975008470931167,0.975,0.7633229999919422
64,0.01,128,Softmax,1000,0.975,0.975008470931167,0.975,0.6842227000161074
64,0.001,8,ReLU,50,0.9719999999999999,0.9719851784465086,0.972,2.965268299973104
64,0.001,8,ReLU,100,0.9719999999999999,0.9719851784465086,0.972,2.9196948999888264
64,0.001,8,ReLU,300,0.9719999999999999,0.9719851784465086,0.972,2.9695519999950193
64,0.001,8,ReLU,500,0.9719999999999999,0.9719851784465086,0.972,2.9364263000315987
64,0.001,8,ReLU,1000,0.9719999999999999,0.9719851784465086,0.972,2.840608099999372
64,0.001,8,Tanh,50,0.9705,0.9704742044970475,0.9705,3.1210257000057027
64,0.001,8,Tanh,100,0.9705,0.9704742044970475,0.9705,2.9252863999572583
64,0.001,8,Tanh,300,0.9705,0.9704742044970475,0.9705,3.0023644999600947
64,0.001,8,Tanh,500,0.9705,0.9704742044970475,0.9705,2.926894700038247
64,0.001,8,Tanh,1000,0.9705,0.9704742044970475,0.9705,2.9553767000325024
64,0.001,8,Sigmoid,50,0.976,0.9760242824358916,0.976,3.317333100014366
64,0.001,8,Sigmoid,100,0.976,0.9760242824358916,0.976,3.234141399967484
64,0.001,8,Sigmoid,300,0.976,0.9760242824358916,0.976,3.143212599970866
64,0.001,8,Sigmoid,500,0.976,0.9760242824358916,0.976,3.1506522999843583
64,0.001,8,Sigmoid,1000,0.976,0.9760242824358916,0.976,3.1020519000012428
64,0.001,8,GELU,50,0.9719999999999999,0.9719851784465086,0.972,3.1472070000017993
64,0.001,8,GELU,100,0.9719999999999999,0.9719851784465086,0.972,3.0537103000096977
64,0.001,8,GELU,300,0.9719999999999999,0.9719851784465086,0.972,2.9110435000038706
64,0.001,8,GELU,500,0.9719999999999999,0.9719851784465086,0.972,2.8542237000074238
64,0.001,8,GELU,1000,0.9719999999999999,0.9719851784465086,0.972,2.982055499975104
64,0.001,8,Softmax,50,0.976,0.9760242824358916,0.976,3.259920599986799
64,0.001,8,Softmax,100,0.976,0.9760242824358916,0.976,3.3337539000203833
64,0.001,8,Softmax,300,0.976,0.9760242824358916,0.976,3.123099500022363
64,0.001,8,Softmax,500,0.976,0.9760242824358916,0.976,3.195333599986043
64,0.001,8,Softmax,1000,0.976,0.9760242824358916,0.976,3.1142741999938153
64,0.001,16,ReLU,50,0.9724999999999999,0.9724842106171459,0.9725,1.8749133000383154
64,0.001,16,ReLU,100,0.9724999999999999,0.9724842106171459,0.9725,1.78301370004192
64,0.001,16,ReLU,300,0.9724999999999999,0.9724842106171459,0.9725,1.936517400026787
64,0.001,16,ReLU,500,0.9724999999999999,0.9724842106171459,0.9725,1.917966500041075
64,0.001,16,ReLU,1000,0.9724999999999999,0.9724842106171459,0.9725,1.894102499994915
64,0.001,16,Tanh,50,0.97,0.9699704299767742,0.97,1.718506500008516
64,0.001,16,Tanh,100,0.97,0.9699704299767742,0.97,1.6972314000013284
64,0.001,16,Tanh,300,0.97,0.9699704299767742,0.97,1.7422514999634586
64,0.001,16,Tanh,500,0.97,0.9699704299767742,0.97,1.6535827000043355
64,0.001,16,Tanh,1000,0.97,0.9699704299767742,0.97,1.6494459999958053
64,0.001,16,Sigmoid,50,0.9720000000000001,0.9719994472362599,0.972,1.9156440000515431
64,0.001,16,Sigmoid,100,0.9720000000000001,0.9719994472362599,0.972,1.9071162000182085
64,0.001,16,Sigmoid,300,0.9720000000000001,0.9719994472362599,0.972,1.8355078999884427
64,0.001,16,Sigmoid,500,0.9720000000000001,0.9719994472362599,0.972,1.7694699999992736
64,0.001,16,Sigmoid,1000,0.9720000000000001,0.9719994472362599,0.972,1.7573091999511234
64,0.001,16,GELU,50,0.9724999999999999,0.9724842106171459,0.9725,1.885036499996204
64,0.001,16,GELU,100,0.9724999999999999,0.9724842106171459,0.9725,1.945354799972847
64,0.001,16,GELU,300,0.9724999999999999,0.9724842106171459,0.9725,1.9663436000118963
64,0.001,16,GELU,500,0.9724999999999999,0.9724842106171459,0.9725,2.0340407000039704
64,0.001,16,GELU,1000,0.9724999999999999,0.9724842106171459,0.9725,1.9505725000053644
64,0.001,16,Softmax,50,0.9720000000000001,0.9719994472362599,0.972,1.8151078000082634
64,0.001,16,Softmax,100,0.9720000000000001,0.9719994472362599,0.972,1.8065743999904953
64,0.001,16,Softmax,300,0.9720000000000001,0.9719994472362599,0.972,1.7861841999692842
64,0.001,16,Softmax,500,0.9720000000000001,0.9719994472362599,0.972,1.8837922000093386
64,0.001,16,Softmax,1000,0.9720000000000001,0.9719994472362599,0.972,1.8271157999988645
64,0.001,32,ReLU,50,0.9720000000000001,0.9719905301816629,0.972,1.1438829000107944
64,0.001,32,ReLU,100,0.9720000000000001,0.9719905301816629,0.972,1.1503179999999702
64,0.001,32,ReLU,300,0.9720000000000001,0.9719905301816629,0.972,1.150407399982214
64,0.001,32,ReLU,500,0.9720000000000001,0.9719905301816629,0.972,1.2121257999679074
64,0.001,32,ReLU,1000,0.9720000000000001,0.9719905301816629,0.972,1.1594344999757595
64,0.001,32,Tanh,50,0.9704999999999998,0.9704715818193647,0.9705,1.0291169000556692
64,0.001,32,Tanh,100,0.9704999999999998,0.9704715818193647,0.9705,1.0197010000119917
64,0.001,32,Tanh,300,0.9704999999999998,0.9704715818193647,0.9705,0.9540417999960482
64,0.001,32,Tanh,500,0.9704999999999998,0.9704715818193647,0.9705,0.9549483999726363
64,0.001,32,Tanh,1000,0.9704999999999998,0.9704715818193647,0.9705,0.9852951999637298
64,0.001,32,Sigmoid,50,0.9730000000000001,0.9730040174052202,0.973,1.4793968999874778
64,0.001,32,Sigmoid,100,0.9730000000000001,0.9730040174052202,0.973,1.4620865000179037
64,0.001,32,Sigmoid,300,0.9730000000000001,0.9730040174052202,0.973,1.435839899990242
64,0.001,32,Sigmoid,500,0.9730000000000001,0.9730040174052202,0.973,1.4158048999961466
64,0.001,32,Sigmoid,1000,0.9730000000000001,0.9730040174052202,0.973,1.4145889999927022
64,0.001,32,GELU,50,0.9720000000000001,0.9719905301816629,0.972,1.1415936999837868
64,0.001,32,GELU,100,0.9720000000000001,0.9719905301816629,0.972,1.2002008999697864
64,0.001,32,GELU,300,0.9720000000000001,0.9719905301816629,0.972,1.1911525999894366
64,0.001,32,GELU,500,0.9720000000000001,0.9719905301816629,0.972,1.2469012000365183
64,0.001,32,GELU,1000,0.9720000000000001,0.9719905301816629,0.972,1.173911300022155
64,0.001,32,Softmax,50,0.9730000000000001,0.9730040174052202,0.973,1.4895710999844596
64,0.001,32,Softmax,100,0.9730000000000001,0.9730040174052202,0.973,1.449025400041137
64,0.001,32,Softmax,300,0.9730000000000001,0.9730040174052202,0.973,1.4256554999738
64,0.001,32,Softmax,500,0.9730000000000001,0.9730040174052202,0.973,1.4385776999988593
64,0.001,32,Softmax,1000,0.9730000000000001,0.9730040174052202,0.973,1.4177715000114404
64,0.001,64,ReLU,50,0.9695,0.9695151512315622,0.9695,0.8707760000252165
64,0.001,64,ReLU,100,0.9695,0.9695151512315622,0.9695,0.8344159999978729
64,0.001,64,ReLU,300,0.9695,0.9695151512315622,0.9695,0.8355207000277005
64,0.001,64,ReLU,500,0.9695,0.9695151512315622,0.9695,0.826963400002569
64,0.001,64,ReLU,1000,0.9695,0.9695151512315622,0.9695,0.8262740999925882
64,0.001,64,Tanh,50,0.967,0.9669786652164559,0.967,0.8358965000370517
64,0.001,64,Tanh,100,0.967,0.9669786652164559,0.967,0.8305588000221178
64,0.001,64,Tanh,300,0.967,0.9669786652164559,0.967,0.7725569999893196
64,0.001,64,Tanh,500,0.967,0.9669786652164559,0.967,0.8382058999850415
64,0.001,64,Tanh,1000,0.967,0.9669786652164559,0.967,0.7962478999979794
64,0.001,64,Sigmoid,50,0.9675,0.9674912123556435,0.9675,1.089378000004217
64,0.001,64,Sigmoid,100,0.9675,0.9674912123556435,0.9675,1.0828531999723054
64,0.001,64,Sigmoid,300,0.9675,0.9674912123556435,0.9675,1.0786429999861866
64,0.001,64,Sigmoid,500,0.9675,0.9674912123556435,0.9675,1.0552651999751106
64,0.001,64,Sigmoid,1000,0.9675,0.9674912123556435,0.9675,1.1000670999637805
64,0.001,64,GELU,50,0.9695,0.9695151512315622,0.9695,0.8816532000200823
64,0.001,64,GELU,100,0.9695,0.9695151512315622,0.9695,0.847687000001315
64,0.001,64,GELU,300,0.9695,0.9695151512315622,0.9695,0.8225888999877498
64,0.001,64,GELU,500,0.9695,0.9695151512315622,0.9695,0.8371450999984518
64,0.001,64,GELU,1000,0.9695,0.9695151512315622,0.9695,0.8336601000046358
64,0.001,64,Softmax,50,0.9675,0.9674912123556435,0.9675,1.0218132000300102
64,0.001,64,Softmax,100,0.9675,0.9674912123556435,0.9675,1.0438101000036113
64,0.001,64,Softmax,300,0.9675,0.9674912123556435,0.9675,1.117940100026317
64,0.001,64,Softmax,500,0.9675,0.9674912123556435,0.9675,1.1152195999748074
64,0.001,64,Softmax,1000,0.9675,0.9674912123556435,0.9675,1.0729036999982782
64,0.001,128,ReLU,50,0.9675,0.9674866872549364,0.9675,0.8281230000429787
64,0.001,128,ReLU,100,0.9675,0.9674866872549364,0.9675,0.7899572000023909
64,0.001,128,ReLU,300,0.9675,0.9674866872549364,0.9675,0.8161818999797106
64,0.001,128,ReLU,500,0.9675,0.9674866872549364,0.9675,0.8073618999915197
64,0.001,128,ReLU,1000,0.9675,0.9674866872549364,0.9675,0.822773199994117
64,0.001,128,Tanh,50,0.967,0.9669707045495384,0.967,0.7926482000038959
64,0.001,128,Tanh,100,0.967,0.9669707045495384,0.967,0.7817077999934554
64,0.001,128,Tanh,300,0.967,0.9669707045495384,0.967,0.785642100032419
64,0.001,128,Tanh,500,0.967,0.9669707045495384,0.967,0.8286851000157185
64,0.001,128,Tanh,1000,0.967,0.9669707045495384,0.967,0.78081900003599
64,0.001,128,Sigmoid,50,0.9640000000000001,0.9639937032519758,0.964,0.8833411000086926
64,0.001,128,Sigmoid,100,0.9640000000000001,0.9639937032519758,0.964,0.915116999996826
64,0.001,128,Sigmoid,300,0.9640000000000001,0.9639937032519758,0.964,0.9089050000184216
64,0.001,128,Sigmoid,500,0.9640000000000001,0.9639937032519758,0.964,0.9423570999642834
64,0.001,128,Sigmoid,1000,0.9640000000000001,0.9639937032519758,0.964,0.8884869000175968
64,0.001,128,GELU,50,0.9675,0.9674866872549364,0.9675,0.8650294999824837
64,0.001,128,GELU,100,0.9675,0.9674866872549364,0.9675,0.8015478000161238
64,0.001,128,GELU,300,0.9675,0.9674866872549364,0.9675,0.8212082000100054
64,0.001,128,GELU,500,0.9675,0.9674866872549364,0.9675,0.8746471999911591
64,0.001,128,GELU,1000,0.9675,0.9674866872549364,0.9675,0.7839067000313662
64,0.001,128,Softmax,50,0.9640000000000001,0.9639937032519758,0.964,0.8698049999657087
64,0.001,128,Softmax,100,0.9640000000000001,0.9639937032519758,0.964,0.9399182999623008
64,0.001,128,Softmax,300,0.9640000000000001,0.9639937032519758,0.964,0.912380599998869
64,0.001,128,Softmax,500,0.9640000000000001,0.9639937032519758,0.964,0.890055600029882
64,0.001,128,Softmax,1000,0.9640000000000001,0.9639937032519758,0.964,0.9029067000374198
64,0.0001,8,ReLU,50,0.9644999999999999,0.9644864556103683,0.9645,4.278502399974968
64,0.0001,8,ReLU,100,0.9644999999999999,0.9644864556103683,0.9645,4.4472606999916025
64,0.0001,8,ReLU,300,0.9644999999999999,0.9644864556103683,0.9645,4.498516200052109
64,0.0001,8,ReLU,500,0.9644999999999999,0.9644864556103683,0.9645,4.400713099981658
64,0.0001,8,ReLU,1000,0.9644999999999999,0.9644864556103683,0.9645,4.301412699976936
64,0.0001,8,Tanh,50,0.9684999999999999,0.9684895883793674,0.9685,4.054912800027523
64,0.0001,8,Tanh,100,0.9684999999999999,0.9684895883793674,0.9685,3.966873699973803
64,0.0001,8,Tanh,300,0.9684999999999999,0.9684895883793674,0.9685,3.9820317999692634
64,0.0001,8,Tanh,500,0.9684999999999999,0.9684895883793674,0.9685,4.007149699958973
64,0.0001,8,Tanh,1000,0.9684999999999999,0.9684895883793674,0.9685,4.188495999958832
64,0.0001,8,Sigmoid,50,0.9654999999999999,0.9654991102921846,0.9655,5.034148400009144
64,0.0001,8,Sigmoid,100,0.9649999999999999,0.964995862901896,0.965,6.835498300031759
64,0.0001,8,Sigmoid,300,0.9649999999999999,0.964995862901896,0.965,7.163989299966488
64,0.0001,8,Sigmoid,500,0.9649999999999999,0.964995862901896,0.965,6.9243160000187345
64,0.0001,8,Sigmoid,1000,0.9649999999999999,0.964995862901896,0.965,7.027481400000397
64,0.0001,8,GELU,50,0.9644999999999999,0.9644864556103683,0.9645,4.321220299985725
64,0.0001,8,GELU,100,0.9644999999999999,0.9644864556103683,0.9645,4.255617399991024
64,0.0001,8,GELU,300,0.9644999999999999,0.9644864556103683,0.9645,4.25272920000134
64,0.0001,8,GELU,500,0.9644999999999999,0.9644864556103683,0.9645,4.615051299973857
64,0.0001,8,GELU,1000,0.9644999999999999,0.9644864556103683,0.9645,4.341400999983307
64,0.0001,8,Softmax,50,0.9654999999999999,0.9654991102921846,0.9655,4.93808369996259
64,0.0001,8,Softmax,100,0.9649999999999999,0.964995862901896,0.965,7.161341099999845
64,0.0001,8,Softmax,300,0.9649999999999999,0.964995862901896,0.965,7.032477500033565
64,0.0001,8,Softmax,500,0.9649999999999999,0.964995862901896,0.965,6.945107500010636
64,0.0001,8,Softmax,1000,0.9649999999999999,0.964995862901896,0.965,6.742772600031458
64,0.0001,16,ReLU,50,0.9570000000000001,0.9569356966490362,0.957,2.33455710002454
64,0.0001,16,ReLU,100,0.9570000000000001,0.9569356966490362,0.957,2.3578128999797627
64,0.0001,16,ReLU,300,0.9570000000000001,0.9569356966490362,0.957,2.4937984999851324
64,0.0001,16,ReLU,500,0.9570000000000001,0.9569356966490362,0.957,2.5337316000368446
64,0.0001,16,ReLU,1000,0.9570000000000001,0.9569356966490362,0.957,2.4486514000454918
64,0.0001,16,Tanh,50,0.9620000000000001,0.9619395697678224,0.962,2.5081772000412457
64,0.0001,16,Tanh,100,0.9620000000000001,0.9619395697678224,0.962,2.517404299986083
64,0.0001,16,Tanh,300,0.9620000000000001,0.9619395697678224,0.962,2.4323253000038676
64,0.0001,16,Tanh,500,0.9620000000000001,0.9619395697678224,0.962,2.5019834999693558
64,0.0001,16,Tanh,1000,0.9620000000000001,0.9619395697678224,0.962,2.7055313999881037
64,0.0001,16,Sigmoid,50,0.9585000000000001,0.9584788939860452,0.9585,3.052082900016103
64,0.0001,16,Sigmoid,100,0.959,0.9589785553655206,0.959,3.582406700006686
64,0.0001,16,Sigmoid,300,0.959,0.9589785553655206,0.959,3.552705199981574
64,0.0001,16,Sigmoid,500,0.959,0.9589785553655206,0.959,3.5712403000216
64,0.0001,16,Sigmoid,1000,0.959,0.9589785553655206,0.959,3.683752699987963
64,0.0001,16,GELU,50,0.9570000000000001,0.9569356966490362,0.957,2.438374000019394
64,0.0001,16,GELU,100,0.9570000000000001,0.9569356966490362,0.957,2.3823393000056967
64,0.0001,16,GELU,300,0.9570000000000001,0.9569356966490362,0.957,2.3297586999833584
64,0.0001,16,GELU,500,0.9570000000000001,0.9569356966490362,0.957,2.43215169996256
64,0.0001,16,GELU,1000,0.9570000000000001,0.9569356966490362,0.957,2.4381640999927185
64,0.0001,16,Softmax,50,0.9585000000000001,0.9584788939860452,0.9585,3.1894822000176646
64,0.0001,16,Softmax,100,0.959,0.9589785553655206,0.959,3.7437580000259914
64,0.0001,16,Softmax,300,0.959,0.9589785553655206,0.959,3.5931365999858826
64,0.0001,16,Softmax,500,0.959,0.9589785553655206,0.959,3.582318800035864
64,0.0001,16,Softmax,1000,0.959,0.9589785553655206,0.959,3.692835699999705
64,0.0001,32,ReLU,50,0.9545,0.954422952451616,0.9545,1.8353541999822482
64,0.0001,32,ReLU,100,0.9545,0.954422952451616,0.9545,1.8365791999967769
64,0.0001,32,ReLU,300,0.9545,0.954422952451616,0.9545,1.8541062999865972
64,0.0001,32,ReLU,500,0.9545,0.954422952451616,0.9545,2.266088500036858
64,0.0001,32,ReLU,1000,0.9545,0.954422952451616,0.9545,1.8954474999918602
64,0.0001,32,Tanh,50,0.9645000000000001,0.9644738539711998,0.9645,1.7260157000273466
64,0.0001,32,Tanh,100,0.9645000000000001,0.9644738539711998,0.9645,2.117109100043308
64,0.0001,32,Tanh,300,0.9645000000000001,0.9644738539711998,0.9645,2.233719799958635
64,0.0001,32,Tanh,500,0.9645000000000001,0.9644738539711998,0.9645,2.2414622000069357
64,0.0001,32,Tanh,1000,0.9645000000000001,0.9644738539711998,0.9645,2.2500468000071123
64,0.0001,32,Sigmoid,50,0.943,0.9428050451566353,0.943,2.0484337999951094
64,0.0001,32,Sigmoid,100,0.9480000000000001,0.9478161803805593,0.948,2.6774166999966837
64,0.0001,32,Sigmoid,300,0.9480000000000001,0.9478161803805593,0.948,2.6055313000106253
64,0.0001,32,Sigmoid,500,0.9480000000000001,0.9478161803805593,0.948,2.4952899999916553
64,0.0001,32,Sigmoid,1000,0.9480000000000001,0.9478161803805593,0.948,2.705002099974081
64,0.0001,32,GELU,50,0.9545,0.954422952451616,0.9545,1.9209686000249349
64,0.0001,32,GELU,100,0.9545,0.954422952451616,0.9545,2.01373380003497
64,0.0001,32,GELU,300,0.9545,0.954422952451616,0.9545,1.8706372000160627
64,0.0001,32,GELU,500,0.9545,0.954422952451616,0.9545,1.8637833999819122
64,0.0001,32,GELU,1000,0.9545,0.954422952451616,0.9545,1.8262575999833643
64,0.0001,32,Softmax,50,0.943,0.9428050451566353,0.943,1.9541136999614537
64,0.0001,32,Softmax,100,0.9480000000000001,0.9478161803805593,0.948,2.6042302999994718
64,0.0001,32,Softmax,300,0.9480000000000001,0.9478161803805593,0.948,2.513812000048347
64,0.0001,32,Softmax,500,0.9480000000000001,0.9478161803805593,0.948,2.5136783000198193
64,0.0001,32,Softmax,1000,0.9480000000000001,0.9478161803805593,0.948,2.6267409000429325
64,0.0001,64,ReLU,50,0.9440000000000002,0.9438094608432186,0.944,1.3361349999904633
64,0.0001,64,ReLU,100,0.9445,0.9443245022406129,0.9445,1.5268074999912642
64,0.0001,64,ReLU,300,0.9445,0.9443245022406129,0.9445,1.607235600007698
64,0.0001,64,ReLU,500,0.9445,0.9443245022406129,0.9445,1.4738121999544092
64,0.0001,64,ReLU,1000,0.9445,0.9443245022406129,0.9445,1.6848345999605954
64,0.0001,64,Tanh,50,0.9574999999999999,0.9574107221387838,0.9575,1.2972338999970816
64,0.0001,64,Tanh,100,0.959,0.9589287259266731,0.959,1.5490778000093997
64,0.0001,64,Tanh,300,0.959,0.9589287259266731,0.959,1.578231500054244
64,0.0001,64,Tanh,500,0.959,0.9589287259266731,0.959,1.5706587999593467
64,0.0001,64,Tanh,1000,0.959,0.9589287259266731,0.959,1.5004693000228144
64,0.0001,64,Sigmoid,50,0.923,0.9225294441257985,0.923,1.478803500009235
64,0.0001,64,Sigmoid,100,0.9324999999999999,0.9322059724525229,0.9325,1.854884599975776
64,0.0001,64,Sigmoid,300,0.9324999999999999,0.9322059724525229,0.9325,1.810248700028751
64,0.0001,64,Sigmoid,500,0.9324999999999999,0.9322059724525229,0.9325,1.8717171999742277
64,0.0001,64,Sigmoid,1000,0.9324999999999999,0.9322059724525229,0.9325,2.0118290999671444
64,0.0001,64,GELU,50,0.9440000000000002,0.9438094608432186,0.944,1.3873109000269324
64,0.0001,64,GELU,100,0.9445,0.9443245022406129,0.9445,1.6383128999732435
64,0.0001,64,GELU,300,0.9445,0.9443245022406129,0.9445,1.5150439999997616
64,0.0001,64,GELU,500,0.9445,0.9443245022406129,0.9445,1.563577399996575
64,0.0001,64,GELU,1000,0.9445,0.9443245022406129,0.9445,1.4859073999687098
64,0.0001,64,Softmax,50,0.923,0.9225294441257985,0.923,1.2967295999987982
64,0.0001,64,Softmax,100,0.9324999999999999,0.9322059724525229,0.9325,1.863087399979122
64,0.0001,64,Softmax,300,0.9324999999999999,0.9322059724525229,0.9325,1.789819500001613
64,0.0001,64,Softmax,500,0.9324999999999999,0.9322059724525229,0.9325,1.8670071000233293
64,0.0001,64,Softmax,1000,0.9324999999999999,0.9322059724525229,0.9325,1.923235599999316
64,0.0001,128,ReLU,50,0.9349999999999999,0.93468687253109,0.935,1.0366691999952309
64,0.0001,128,ReLU,100,0.9385,0.9382055809864924,0.9385,1.566336499992758
64,0.0001,128,ReLU,300,0.9385,0.9382055809864924,0.9385,1.4825868999469094
64,0.0001,128,ReLU,500,0.9385,0.9382055809864924,0.9385,1.432654200005345
64,0.0001,128,ReLU,1000,0.9385,0.9382055809864924,0.9385,1.4952927000122145
64,0.0001,128,Tanh,50,0.9384999999999998,0.9382402880142108,0.9385,0.9798625999828801
64,0.0001,128,Tanh,100,0.9425000000000001,0.9423002225688213,0.9425,1.2681561000063084
64,0.0001,128,Tanh,300,0.9425000000000001,0.9423002225688213,0.9425,1.2611143000540324
64,0.0001,128,Tanh,500,0.9425000000000001,0.9423002225688213,0.9425,1.238384699972812
64,0.0001,128,Tanh,1000,0.9425000000000001,0.9423002225688213,0.9425,1.2777723000035621
64,0.0001,128,Sigmoid,50,0.8925000000000001,0.8912088312722984,0.8925,1.1263580999802798
64,0.0001,128,Sigmoid,100,0.9095000000000001,0.9087276487358252,0.9095,1.6949291999917477
64,0.0001,128,Sigmoid,300,0.9095000000000001,0.9087276487358252,0.9095,1.6308428999618627
64,0.0001,128,Sigmoid,500,0.9095000000000001,0.9087276487358252,0.9095,1.4835988000268117
64,0.0001,128,Sigmoid,1000,0.9095000000000001,0.9087276487358252,0.9095,1.4748915000236593
64,0.0001,128,GELU,50,0.9349999999999999,0.93468687253109,0.935,1.0286838000174612
64,0.0001,128,GELU,100,0.9385,0.9382055809864924,0.9385,1.401036399998702
64,0.0001,128,GELU,300,0.9385,0.9382055809864924,0.9385,1.3832283999654464
64,0.0001,128,GELU,500,0.9385,0.9382055809864924,0.9385,1.534836400009226
64,0.0001,128,GELU,1000,0.9385,0.9382055809864924,0.9385,1.4541143999667838
64,0.0001,128,Softmax,50,0.8925000000000001,0.8912088312722984,0.8925,1.0522037000046112
64,0.0001,128,Softmax,100,0.9095000000000001,0.9087276487358252,0.9095,1.4539090999751352
64,0.0001,128,Softmax,300,0.9095000000000001,0.9087276487358252,0.9095,1.5329769999952987
64,0.0001,128,Softmax,500,0.9095000000000001,0.9087276487358252,0.9095,1.6055061999941245
64,0.0001,128,Softmax,1000,0.9095000000000001,0.9087276487358252,0.9095,1.5199882999877445
64,0.00025,8,ReLU,50,0.9690000000000001,0.9690036064368668,0.969,3.7537472000112757
64,0.00025,8,ReLU,100,0.9690000000000001,0.9690036064368668,0.969,3.675862899981439
64,0.00025,8,ReLU,300,0.9690000000000001,0.9690036064368668,0.969,3.649759499996435
64,0.00025,8,ReLU,500,0.9690000000000001,0.9690036064368668,0.969,3.894266500021331
64,0.00025,8,ReLU,1000,0.9690000000000001,0.9690036064368668,0.969,3.7669408000074327
64,0.00025,8,Tanh,50,0.9690000000000001,0.9689644142093645,0.969,3.3421047999872826
64,0.00025,8,Tanh,100,0.9690000000000001,0.9689644142093645,0.969,3.38692949997494
64,0.00025,8,Tanh,300,0.9690000000000001,0.9689644142093645,0.969,3.367753200000152
64,0.00025,8,Tanh,500,0.9690000000000001,0.9689644142093645,0.969,3.5722454000497237
64,0.00025,8,Tanh,1000,0.9690000000000001,0.9689644142093645,0.969,3.351389499963261
64,0.00025,8,Sigmoid,50,0.9704999999999998,0.9704985205526002,0.9705,4.5468154000118375
64,0.00025,8,Sigmoid,100,0.9704999999999998,0.9704985205526002,0.9705,4.690323700022418
64,0.00025,8,Sigmoid,300,0.9704999999999998,0.9704985205526002,0.9705,4.954983300005551
64,0.00025,8,Sigmoid,500,0.9704999999999998,0.9704985205526002,0.9705,4.892242099973373
64,0.00025,8,Sigmoid,1000,0.9704999999999998,0.9704985205526002,0.9705,4.578463200014085
64,0.00025,8,GELU,50,0.9690000000000001,0.9690036064368668,0.969,3.784969300031662
64,0.00025,8,GELU,100,0.9690000000000001,0.9690036064368668,0.969,3.567129000031855
64,0.00025,8,GELU,300,0.9690000000000001,0.9690036064368668,0.969,3.6965124999987893
64,0.00025,8,GELU,500,0.9690000000000001,0.9690036064368668,0.969,3.6340604000142775
64,0.00025,8,GELU,1000,0.9690000000000001,0.9690036064368668,0.969,3.685064999968745
64,0.00025,8,Softmax,50,0.9704999999999998,0.9704985205526002,0.9705,4.652055200014729
64,0.00025,8,Softmax,100,0.9704999999999998,0.9704985205526002,0.9705,4.590977899963036
64,0.00025,8,Softmax,300,0.9704999999999998,0.9704985205526002,0.9705,4.635994100011885
64,0.00025,8,Softmax,500,0.9704999999999998,0.9704985205526002,0.9705,4.876778400037438
64,0.00025,8,Softmax,1000,0.9704999999999998,0.9704985205526002,0.9705,4.602891399990767
64,0.00025,16,ReLU,50,0.966,0.9660006384638373,0.966,1.9971651999512687
64,0.00025,16,ReLU,100,0.966,0.9660006384638373,0.966,2.006632599979639
64,0.00025,16,ReLU,300,0.966,0.9660006384638373,0.966,1.9588806999963708
64,0.00025,16,ReLU,500,0.966,0.9660006384638373,0.966,2.103328400000464
64,0.00025,16,ReLU,1000,0.966,0.9660006384638373,0.966,2.140261900029145
64,0.00025,16,Tanh,50,0.9665000000000001,0.966498336202999,0.9665,2.275227400008589
64,0.00025,16,Tanh,100,0.9665000000000001,0.966498336202999,0.9665,2.2377885000314564
64,0.00025,16,Tanh,300,0.9665000000000001,0.966498336202999,0.9665,2.2865011999965645
64,0.00025,16,Tanh,500,0.9665000000000001,0.966498336202999,0.9665,2.2550412000273354
64,0.00025,16,Tanh,1000,0.9665000000000001,0.966498336202999,0.9665,2.237857099971734
64,0.00025,16,Sigmoid,50,0.9639999999999999,0.9639961150219616,0.964,2.6848240999970585
64,0.00025,16,Sigmoid,100,0.9634999999999998,0.9634976367149012,0.9635,3.2198567999876104
64,0.00025,16,Sigmoid,300,0.9634999999999998,0.9634976367149012,0.9635,3.140276600024663
64,0.00025,16,Sigmoid,500,0.9634999999999998,0.9634976367149012,0.9635,2.9748799999943003
64,0.00025,16,Sigmoid,1000,0.9634999999999998,0.9634976367149012,0.9635,3.096784800000023
64,0.00025,16,GELU,50,0.966,0.9660006384638373,0.966,1.9997849999926984
64,0.00025,16,GELU,100,0.966,0.9660006384638373,0.966,2.096254299976863
64,0.00025,16,GELU,300,0.966,0.9660006384638373,0.966,2.0557364000123926
64,0.00025,16,GELU,500,0.966,0.9660006384638373,0.966,2.0328779999981634
64,0.00025,16,GELU,1000,0.966,0.9660006384638373,0.966,2.009433100000024
64,0.00025,16,Softmax,50,0.9639999999999999,0.9639961150219616,0.964,2.57180309999967
64,0.00025,16,Softmax,100,0.9634999999999998,0.9634976367149012,0.9635,2.9583341000252403
64,0.00025,16,Softmax,300,0.9634999999999998,0.9634976367149012,0.9635,3.191216200008057
64,0.00025,16,Softmax,500,0.9634999999999998,0.9634976367149012,0.9635,3.193835099984426
64,0.00025,16,Softmax,1000,0.9634999999999998,0.9634976367149012,0.9635,2.976971100026276
64,0.00025,32,ReLU,50,0.966,0.9660032173136995,0.966,1.4063843000330962
64,0.00025,32,ReLU,100,0.966,0.9660032173136995,0.966,1.4583894000388682
64,0.00025,32,ReLU,300,0.966,0.9660032173136995,0.966,1.436681499995757
64,0.00025,32,ReLU,500,0.966,0.9660032173136995,0.966,1.4442107999930158
64,0.00025,32,ReLU,1000,0.966,0.9660032173136995,0.966,1.4731781000155024
64,0.00025,32,Tanh,50,0.97,0.9699643078245345,0.97,1.3933649000246078
64,0.00025,32,Tanh,100,0.97,0.9699643078245345,0.97,1.4313851000042632
64,0.00025,32,Tanh,300,0.97,0.9699643078245345,0.97,1.4008463000063784
64,0.00025,32,Tanh,500,0.97,0.9699643078245345,0.97,1.3631258999812417
64,0.00025,32,Tanh,1000,0.97,0.9699643078245345,0.97,1.3625080999918282
64,0.00025,32,Sigmoid,50,0.961,0.9609595172503145,0.961,1.6430208000238054
64,0.00025,32,Sigmoid,100,0.961,0.9609595172503145,0.961,1.623737699992489
64,0.00025,32,Sigmoid,300,0.961,0.9609595172503145,0.961,1.711609199992381
64,0.00025,32,Sigmoid,500,0.961,0.9609595172503145,0.961,1.648222199990414
64,0.00025,32,Sigmoid,1000,0.961,0.9609595172503145,0.961,1.6645566999795847
64,0.00025,32,GELU,50,0.966,0.9660032173136995,0.966,1.4273728000116535
64,0.00025,32,GELU,100,0.966,0.9660032173136995,0.966,1.4962662999751046
64,0.00025,32,GELU,300,0.966,0.9660032173136995,0.966,1.5084826999809593
64,0.00025,32,GELU,500,0.966,0.9660032173136995,0.966,1.4760145000182092
64,0.00025,32,GELU,1000,0.966,0.9660032173136995,0.966,1.4796166999731213
64,0.00025,32,Softmax,50,0.961,0.9609595172503145,0.961,1.6680515999905765
64,0.00025,32,Softmax,100,0.961,0.9609595172503145,0.961,1.7015321000362746
64,0.00025,32,Softmax,300,0.961,0.9609595172503145,0.961,1.6925379000022076
64,0.00025,32,Softmax,500,0.961,0.9609595172503145,0.961,1.6361227000015788
64,0.00025,32,Softmax,1000,0.961,0.9609595172503145,0.961,1.5927977000246756
64,0.00025,64,ReLU,50,0.9570000000000001,0.9569255205494324,0.957,1.1253093000268564
64,0.00025,64,ReLU,100,0.9570000000000001,0.9569255205494324,0.957,1.1196007000398822
64,0.00025,64,ReLU,300,0.9570000000000001,0.9569255205494324,0.957,1.1691076999995857
64,0.00025,64,ReLU,500,0.9570000000000001,0.9569255205494324,0.957,1.1775298999855295
64,0.00025,64,ReLU,1000,0.9570000000000001,0.9569255205494324,0.957,1.25447250000434
64,0.00025,64,Tanh,50,0.967,0.9669960945792415,0.967,1.0256302999914624
64,0.00025,64,Tanh,100,0.967,0.9669960945792415,0.967,0.9941097000264563
64,0.00025,64,Tanh,300,0.967,0.9669960945792415,0.967,1.0076413999777287
64,0.00025,64,Tanh,500,0.967,0.9669960945792415,0.967,0.9978451000060886
64,0.00025,64,Tanh,1000,0.967,0.9669960945792415,0.967,1.0468093000235967
64,0.00025,64,Sigmoid,50,0.9555,0.9554635451311657,0.9555,1.2289096000022255
64,0.00025,64,Sigmoid,100,0.9555,0.9554650605319495,0.9555,1.5345499999821186
64,0.00025,64,Sigmoid,300,0.9555,0.9554650605319495,0.9555,1.4910059999674559
64,0.00025,64,Sigmoid,500,0.9555,0.9554650605319495,0.9555,1.4695150000043213
64,0.00025,64,Sigmoid,1000,0.9555,0.9554650605319495,0.9555,1.4713996999780647
64,0.00025,64,GELU,50,0.9570000000000001,0.9569255205494324,0.957,1.1486356999957934
64,0.00025,64,GELU,100,0.9570000000000001,0.9569255205494324,0.957,1.146281799999997
64,0.00025,64,GELU,300,0.9570000000000001,0.9569255205494324,0.957,1.2050930999685079
64,0.00025,64,GELU,500,0.9570000000000001,0.9569255205494324,0.957,1.0884933999623172
64,0.00025,64,GELU,1000,0.9570000000000001,0.9569255205494324,0.957,1.1748692999826744
64,0.00025,64,Softmax,50,0.9555,0.9554635451311657,0.9555,1.2699045999906957
64,0.00025,64,Softmax,100,0.9555,0.9554650605319495,0.9555,1.5386940999887884
64,0.00025,64,Softmax,300,0.9555,0.9554650605319495,0.9555,1.5216361000202596
64,0.00025,64,Softmax,500,0.9555,0.9554650605319495,0.9555,1.4377775000175461
64,0.00025,64,Softmax,1000,0.9555,0.9554650605319495,0.9555,1.4598450999474153
64,0.00025,128,ReLU,50,0.9505000000000001,0.9503741545506001,0.9505,0.896186999976635
64,0.00025,128,ReLU,100,0.951,0.9508753544375116,0.951,1.0160297999973409
64,0.00025,128,ReLU,300,0.951,0.9508753544375116,0.951,0.9747416999889538
64,0.00025,128,ReLU,500,0.951,0.9508753544375116,0.951,1.0129483999917284
64,0.00025,128,ReLU,1000,0.951,0.9508753544375116,0.951,1.0394450000021607
64,0.00025,128,Tanh,50,0.9615,0.9614353891083025,0.9615,0.9918136000051163
64,0.00025,128,Tanh,100,0.9615,0.9614353891083025,0.9615,0.9943477000342682
64,0.00025,128,Tanh,300,0.9615,0.9614353891083025,0.9615,0.96692219999386
64,0.00025,128,Tanh,500,0.9615,0.9614353891083025,0.9615,0.972009600023739
64,0.00025,128,Tanh,1000,0.9615,0.9614353891083025,0.9615,1.0490618999465369
64,0.00025,128,Sigmoid,50,0.9399999999999998,0.9398344353256805,0.94,1.007994299987331
64,0.00025,128,Sigmoid,100,0.943,0.9428453951196385,0.943,1.277667400019709
64,0.00025,128,Sigmoid,300,0.943,0.9428453951196385,0.943,1.2402959000319242
64,0.00025,128,Sigmoid,500,0.943,0.9428453951196385,0.943,1.2491086999652907
64,0.00025,128,Sigmoid,1000,0.943,0.9428453951196385,0.943,1.447429399995599
64,0.00025,128,GELU,50,0.9505000000000001,0.9503741545506001,0.9505,0.9253173000179231
64,0.00025,128,GELU,100,0.951,0.9508753544375116,0.951,0.9929050999926403
64,0.00025,128,GELU,300,0.951,0.9508753544375116,0.951,0.9871025999891572
64,0.00025,128,GELU,500,0.951,0.9508753544375116,0.951,1.0209221999975853
64,0.00025,128,GELU,1000,0.951,0.9508753544375116,0.951,1.0399252999923192
64,0.00025,128,Softmax,50,0.9399999999999998,0.9398344353256805,0.94,1.054196100041736
64,0.00025,128,Softmax,100,0.943,0.9428453951196385,0.943,1.2701046000001952
64,0.00025,128,Softmax,300,0.943,0.9428453951196385,0.943,1.21817079995526
64,0.00025,128,Softmax,500,0.943,0.9428453951196385,0.943,1.2787288000108674
64,0.00025,128,Softmax,1000,0.943,0.9428453951196385,0.943,1.2034022000152618
128,0.01,8,ReLU,50,0.9614999999999998,0.9614824457982823,0.9615,4.595327999966685
128,0.01,8,ReLU,100,0.9614999999999998,0.9614824457982823,0.9615,4.642441599979065
128,0.01,8,ReLU,300,0.9614999999999998,0.9614824457982823,0.9615,4.499542100005783
128,0.01,8,ReLU,500,0.9614999999999998,0.9614824457982823,0.9615,4.4577085000346415
128,0.01,8,ReLU,1000,0.9614999999999998,0.9614824457982823,0.9615,4.568009500042535
128,0.01,8,Tanh,50,0.9534999999999998,0.9534949147403502,0.9535,3.8237372000003234
128,0.01,8,Tanh,100,0.9534999999999998,0.9534949147403502,0.9535,3.7048897999920882
128,0.01,8,Tanh,300,0.9534999999999998,0.9534949147403502,0.9535,3.613738300045952
128,0.01,8,Tanh,500,0.9534999999999998,0.9534949147403502,0.9535,3.6374124999856576
128,0.01,8,Tanh,1000,0.9534999999999998,0.9534949147403502,0.9535,3.647597000002861
128,0.01,8,Sigmoid,50,0.9680000000000002,0.9680065871276977,0.968,3.383796699985396
128,0.01,8,Sigmoid,100,0.9680000000000002,0.9680065871276977,0.968,3.358127699990291
128,0.01,8,Sigmoid,300,0.9680000000000002,0.9680065871276977,0.968,3.3896782000083476
128,0.01,8,Sigmoid,500,0.9680000000000002,0.9680065871276977,0.968,3.2923628999851644
128,0.01,8,Sigmoid,1000,0.9680000000000002,0.9680065871276977,0.968,3.435041800024919
128,0.01,8,GELU,50,0.9614999999999998,0.9614824457982823,0.9615,4.63218750001397
128,0.01,8,GELU,100,0.9614999999999998,0.9614824457982823,0.9615,4.445296599995345
128,0.01,8,GELU,300,0.9614999999999998,0.9614824457982823,0.9615,4.524895399983507
128,0.01,8,GELU,500,0.9614999999999998,0.9614824457982823,0.9615,4.592509200039785
128,0.01,8,GELU,1000,0.9614999999999998,0.9614824457982823,0.9615,4.59528519999003
128,0.01,8,Softmax,50,0.9680000000000002,0.9680065871276977,0.968,3.32964740000898
128,0.01,8,Softmax,100,0.9680000000000002,0.9680065871276977,0.968,3.3429477000026964
128,0.01,8,Softmax,300,0.9680000000000002,0.9680065871276977,0.968,3.384090700012166
128,0.01,8,Softmax,500,0.9680000000000002,0.9680065871276977,0.968,3.372685799957253
128,0.01,8,Softmax,1000,0.9680000000000002,0.9680065871276977,0.968,3.267064899962861
128,0.01,16,ReLU,50,0.9640000000000001,0.9640041265677926,0.964,2.830787400016561
128,0.01,16,ReLU,100,0.9640000000000001,0.9640041265677926,0.964,2.847843599971384
128,0.01,16,ReLU,300,0.9640000000000001,0.9640041265677926,0.964,2.984991200035438
128,0.01,16,ReLU,500,0.9640000000000001,0.9640041265677926,0.964,2.880236299999524
128,0.01,16,ReLU,1000,0.9640000000000001,0.9640041265677926,0.964,2.8636746000265703
128,0.01,16,Tanh,50,0.9629999999999999,0.9629531335591798,0.963,2.0537504999665543
128,0.01,16,Tanh,100,0.9629999999999999,0.9629531335591798,0.963,2.077980900008697
128,0.01,16,Tanh,300,0.9629999999999999,0.9629531335591798,0.963,2.0059536999906413
128,0.01,16,Tanh,500,0.9629999999999999,0.9629531335591798,0.963,2.0104983000201173
128,0.01,16,Tanh,1000,0.9629999999999999,0.9629531335591798,0.963,2.1600407999940217
128,0.01,16,Sigmoid,50,0.9715,0.9715065656817847,0.9715,1.812330499989912
128,0.01,16,Sigmoid,100,0.9715,0.9715065656817847,0.9715,1.7788977000163868
128,0.01,16,Sigmoid,300,0.9715,0.9715065656817847,0.9715,1.7547161999973468
128,0.01,16,Sigmoid,500,0.9715,0.9715065656817847,0.9715,1.7130554000032134
128,0.01,16,Sigmoid,1000,0.9715,0.9715065656817847,0.9715,1.7204213000368327
128,0.01,16,GELU,50,0.9640000000000001,0.9640041265677926,0.964,2.8437371000181884
128,0.01,16,GELU,100,0.9640000000000001,0.9640041265677926,0.964,2.940710900002159
128,0.01,16,GELU,300,0.9640000000000001,0.9640041265677926,0.964,2.965087799995672
128,0.01,16,GELU,500,0.9640000000000001,0.9640041265677926,0.964,2.8899395000189543
128,0.01,16,GELU,1000,0.9640000000000001,0.9640041265677926,0.964,2.86355090001598
128,0.01,16,Softmax,50,0.9715,0.9715065656817847,0.9715,1.6853688000119291
128,0.01,16,Softmax,100,0.9715,0.9715065656817847,0.9715,1.6960176999564283
128,0.01,16,Softmax,300,0.9715,0.9715065656817847,0.9715,1.6909319999977015
128,0.01,16,Softmax,500,0.9715,0.9715065656817847,0.9715,1.795737200009171
128,0.01,16,Softmax,1000,0.9715,0.9715065656817847,0.9715,1.8247306999983266
128,0.01,32,ReLU,50,0.9669999999999999,0.9669951094822471,0.967,1.5801626000320539
128,0.01,32,ReLU,100,0.9669999999999999,0.9669951094822471,0.967,1.5406977000529878
128,0.01,32,ReLU,300,0.9669999999999999,0.9669951094822471,0.967,1.5091461999691091
128,0.01,32,ReLU,500,0.9669999999999999,0.9669951094822471,0.967,1.5422487999894656
128,0.01,32,ReLU,1000,0.9669999999999999,0.9669951094822471,0.967,1.5092709999880753
128,0.01,32,Tanh,50,0.9730000000000001,0.9729553461355618,0.973,1.1117536000092514
128,0.01,32,Tanh,100,0.9730000000000001,0.9729553461355618,0.973,1.0818084999918938
128,0.01,32,Tanh,300,0.9730000000000001,0.9729553461355618,0.973,1.1015110000153072
128,0.01,32,Tanh,500,0.9730000000000001,0.9729553461355618,0.973,1.0906028000172228
128,0.01,32,Tanh,1000,0.9730000000000001,0.9729553461355618,0.973,1.0914977999636903
128,0.01,32,Sigmoid,50,0.974,0.9739932762872945,0.974,1.0529741999926046
128,0.01,32,Sigmoid,100,0.974,0.9739932762872945,0.974,1.1249070999911055
128,0.01,32,Sigmoid,300,0.974,0.9739932762872945,0.974,1.0529630000237375
128,0.01,32,Sigmoid,500,0.974,0.9739932762872945,0.974,1.1296571999555454
128,0.01,32,Sigmoid,1000,0.974,0.9739932762872945,0.974,1.0368419999722391
128,0.01,32,GELU,50,0.9669999999999999,0.9669951094822471,0.967,1.5107037000125274
128,0.01,32,GELU,100,0.9669999999999999,0.9669951094822471,0.967,1.4734055000008084
128,0.01,32,GELU,300,0.9669999999999999,0.9669951094822471,0.967,1.488163500034716
128,0.01,32,GELU,500,0.9669999999999999,0.9669951094822471,0.967,1.5411265000002459
128,0.01,32,GELU,1000,0.9669999999999999,0.9669951094822471,0.967,1.4935498000122607
128,0.01,32,Softmax,50,0.974,0.9739932762872945,0.974,1.0605512000038289
128,0.01,32,Softmax,100,0.974,0.9739932762872945,0.974,1.0295381000032648
128,0.01,32,Softmax,300,0.974,0.9739932762872945,0.974,1.0293421000242233
128,0.01,32,Softmax,500,0.974,0.9739932762872945,0.974,1.08703080000123
128,0.01,32,Softmax,1000,0.974,0.9739932762872945,0.974,1.0988192000077106
128,0.01,64,ReLU,50,0.9745000000000001,0.97448073041792,0.9745,1.0534025000524707
128,0.01,64,ReLU,100,0.9745000000000001,0.97448073041792,0.9745,1.08001430000877
128,0.01,64,ReLU,300,0.9745000000000001,0.97448073041792,0.9745,1.0319791999645531
128,0.01,64,ReLU,500,0.9745000000000001,0.97448073041792,0.9745,1.0699806999764405
128,0.01,64,ReLU,1000,0.9745000000000001,0.97448073041792,0.9745,1.016078100015875
128,0.01,64,Tanh,50,0.9674999999999999,0.967451038901579,0.9675,0.9643859000061639
128,0.01,64,Tanh,100,0.9674999999999999,0.967451038901579,0.9675,0.9725681999698281
128,0.01,64,Tanh,300,0.9674999999999999,0.967451038901579,0.9675,0.9506548999925144
128,0.01,64,Tanh,500,0.9674999999999999,0.967451038901579,0.9675,0.9839368999819271
128,0.01,64,Tanh,1000,0.9674999999999999,0.967451038901579,0.9675,0.9544632999459282
128,0.01,64,Sigmoid,50,0.9734999999999999,0.9734974419250216,0.9735,0.9110676000127569
128,0.01,64,Sigmoid,100,0.9734999999999999,0.9734974419250216,0.9735,0.9650778999784961
128,0.01,64,Sigmoid,300,0.9734999999999999,0.9734974419250216,0.9735,1.0246455000014976
128,0.01,64,Sigmoid,500,0.9734999999999999,0.9734974419250216,0.9735,0.9388201999827288
128,0.01,64,Sigmoid,1000,0.9734999999999999,0.9734974419250216,0.9735,1.0116495999973267
128,0.01,64,GELU,50,0.9745000000000001,0.97448073041792,0.9745,1.107788699970115
128,0.01,64,GELU,100,0.9745000000000001,0.97448073041792,0.9745,1.022470699972473
128,0.01,64,GELU,300,0.9745000000000001,0.97448073041792,0.9745,1.1087048999615945
128,0.01,64,GELU,500,0.9745000000000001,0.97448073041792,0.9745,1.024831099959556
128,0.01,64,GELU,1000,0.9745000000000001,0.97448073041792,0.9745,0.9937372000422329
128,0.01,64,Softmax,50,0.9734999999999999,0.9734974419250216,0.9735,0.9854536000057124
128,0.01,64,Softmax,100,0.9734999999999999,0.9734974419250216,0.9735,0.9763820000225678
128,0.01,64,Softmax,300,0.9734999999999999,0.9734974419250216,0.9735,0.9649788999813609
128,0.01,64,Softmax,500,0.9734999999999999,0.9734974419250216,0.9735,0.9853579999762587
128,0.01,64,Softmax,1000,0.9734999999999999,0.9734974419250216,0.9735,0.9246973000117578
128,0.01,128,ReLU,50,0.9734999999999999,0.9734863970695746,0.9735,0.8177036999841221
128,0.01,128,ReLU,100,0.9734999999999999,0.9734863970695746,0.9735,0.8577608000487089
128,0.01,128,ReLU,300,0.9734999999999999,0.9734863970695746,0.9735,0.8386453000130132
128,0.01,128,ReLU,500,0.9734999999999999,0.9734863970695746,0.9735,0.8373230000142939
128,0.01,128,ReLU,1000,0.9734999999999999,0.9734863970695746,0.9735,0.8276844000210986
128,0.01,128,Tanh,50,0.966,0.9660095394585536,0.966,0.7401349000283517
128,0.01,128,Tanh,100,0.966,0.9660095394585536,0.966,0.8535207000095397
128,0.01,128,Tanh,300,0.966,0.9660095394585536,0.966,0.8899832000024617
128,0.01,128,Tanh,500,0.966,0.9660095394585536,0.966,0.7392880000406876
128,0.01,128,Tanh,1000,0.966,0.9660095394585536,0.966,0.7745635000173934
128,0.01,128,Sigmoid,50,0.9695,0.9694920208858017,0.9695,0.7851221000310034
128,0.01,128,Sigmoid,100,0.9695,0.9694920208858017,0.9695,0.7766288999700919
128,0.01,128,Sigmoid,300,0.9695,0.9694920208858017,0.9695,0.7756061000400223
128,0.01,128,Sigmoid,500,0.9695,0.9694920208858017,0.9695,0.7734636000241153
128,0.01,128,Sigmoid,1000,0.9695,0.9694920208858017,0.9695,0.8053658999851905
128,0.01,128,GELU,50,0.9734999999999999,0.9734863970695746,0.9735,0.881430100009311
128,0.01,128,GELU,100,0.9734999999999999,0.9734863970695746,0.9735,0.8466865999507718
128,0.01,128,GELU,300,0.9734999999999999,0.9734863970695746,0.9735,0.8391129999654368
128,0.01,128,GELU,500,0.9734999999999999,0.9734863970695746,0.9735,0.876145499991253
128,0.01,128,GELU,1000,0.9734999999999999,0.9734863970695746,0.9735,0.8369247000082396
128,0.01,128,Softmax,50,0.9695,0.9694920208858017,0.9695,0.7855819999822415
128,0.01,128,Softmax,100,0.9695,0.9694920208858017,0.9695,0.8076448999927379
128,0.01,128,Softmax,300,0.9695,0.9694920208858017,0.9695,0.753826400032267
128,0.01,128,Softmax,500,0.9695,0.9694920208858017,0.9695,0.7775691000279039
128,0.01,128,Softmax,1000,0.9695,0.9694920208858017,0.9695,0.8081866999855265
128,0.001,8,ReLU,50,0.9755,0.9754826232548671,0.9755,3.4533581999712624
128,0.001,8,ReLU,100,0.9755,0.9754826232548671,0.9755,3.2542056000093
128,0.001,8,ReLU,300,0.9755,0.9754826232548671,0.9755,3.266627500008326
128,0.001,8,ReLU,500,0.9755,0.9754826232548671,0.9755,3.229978299990762
128,0.001,8,ReLU,1000,0.9755,0.9754826232548671,0.9755,3.1960591999813914
128,0.001,8,Tanh,50,0.9755,0.975457908743403,0.9755,3.644690199987963
128,0.001,8,Tanh,100,0.9755,0.975457908743403,0.9755,3.512576899956912
128,0.001,8,Tanh,300,0.9755,0.975457908743403,0.9755,3.584165000007488
128,0.001,8,Tanh,500,0.9755,0.975457908743403,0.9755,3.777591999969445
128,0.001,8,Tanh,1000,0.9755,0.975457908743403,0.9755,3.7108786000171676
128,0.001,8,Sigmoid,50,0.9690000000000001,0.9689808054083129,0.969,3.6128368000499904
128,0.001,8,Sigmoid,100,0.9690000000000001,0.9689808054083129,0.969,3.4149621999822557
128,0.001,8,Sigmoid,300,0.9690000000000001,0.9689808054083129,0.969,3.379347799986135
128,0.001,8,Sigmoid,500,0.9690000000000001,0.9689808054083129,0.969,3.3404281999683008
128,0.001,8,Sigmoid,1000,0.9690000000000001,0.9689808054083129,0.969,3.660090900026262
128,0.001,8,GELU,50,0.9755,0.9754826232548671,0.9755,3.1409121999749914
128,0.001,8,GELU,100,0.9755,0.9754826232548671,0.9755,3.350890100002289
128,0.001,8,GELU,300,0.9755,0.9754826232548671,0.9755,3.2359369000187144
128,0.001,8,GELU,500,0.9755,0.9754826232548671,0.9755,3.3269553999998607
128,0.001,8,GELU,1000,0.9755,0.9754826232548671,0.9755,3.4479341999976896
128,0.001,8,Softmax,50,0.9690000000000001,0.9689808054083129,0.969,3.449253700033296
128,0.001,8,Softmax,100,0.9690000000000001,0.9689808054083129,0.969,3.4869036999880336
128,0.001,8,Softmax,300,0.9690000000000001,0.9689808054083129,0.969,3.484544900013134
128,0.001,8,Softmax,500,0.9690000000000001,0.9689808054083129,0.969,3.488454800040927
128,0.001,8,Softmax,1000,0.9690000000000001,0.9689808054083129,0.969,3.5649269000277855
128,0.001,16,ReLU,50,0.9705,0.9704829848602052,0.9705,2.0237961999955587
128,0.001,16,ReLU,100,0.9705,0.9704829848602052,0.9705,2.1246832000324503
128,0.001,16,ReLU,300,0.9705,0.9704829848602052,0.9705,2.196014199987985
128,0.001,16,ReLU,500,0.9705,0.9704829848602052,0.9705,2.017211699974723
128,0.001,16,ReLU,1000,0.9705,0.9704829848602052,0.9705,2.0188649999909103
128,0.001,16,Tanh,50,0.9719999999999999,0.9719665043298418,0.972,2.1207712999894284
128,0.001,16,Tanh,100,0.9719999999999999,0.9719665043298418,0.972,2.079047100036405
128,0.001,16,Tanh,300,0.9719999999999999,0.9719665043298418,0.972,1.981733200023882
128,0.001,16,Tanh,500,0.9719999999999999,0.9719665043298418,0.972,2.0372349999961443
128,0.001,16,Tanh,1000,0.9719999999999999,0.9719665043298418,0.972,1.9874428000184707
128,0.001,16,Sigmoid,50,0.9705,0.9704759790072985,0.9705,2.720508999947924
128,0.001,16,Sigmoid,100,0.9705,0.9704759790072985,0.9705,2.830028199998196
128,0.001,16,Sigmoid,300,0.9705,0.9704759790072985,0.9705,2.938928199990187
128,0.001,16,Sigmoid,500,0.9705,0.9704759790072985,0.9705,2.805000899999868
128,0.001,16,Sigmoid,1000,0.9705,0.9704759790072985,0.9705,2.732038800022565
128,0.001,16,GELU,50,0.9705,0.9704829848602052,0.9705,2.099457899981644
128,0.001,16,GELU,100,0.9705,0.9704829848602052,0.9705,2.053003199980594
128,0.001,16,GELU,300,0.9705,0.9704829848602052,0.9705,2.0568374999566004
128,0.001,16,GELU,500,0.9705,0.9704829848602052,0.9705,2.0695349000161514
128,0.001,16,GELU,1000,0.9705,0.9704829848602052,0.9705,2.084147799992934
128,0.001,16,Softmax,50,0.9705,0.9704759790072985,0.9705,2.828570600016974
128,0.001,16,Softmax,100,0.9705,0.9704759790072985,0.9705,2.7190087999915704
128,0.001,16,Softmax,300,0.9705,0.9704759790072985,0.9705,2.7592455000267364
128,0.001,16,Softmax,500,0.9705,0.9704759790072985,0.9705,2.7097866000258364
128,0.001,16,Softmax,1000,0.9705,0.9704759790072985,0.9705,2.785936900007073
128,0.001,32,ReLU,50,0.9665000000000001,0.9664696812126046,0.9665,1.4405327000422403
128,0.001,32,ReLU,100,0.9665000000000001,0.9664696812126046,0.9665,1.4698503999970853
128,0.001,32,ReLU,300,0.9665000000000001,0.9664696812126046,0.9665,1.3703088000183925
128,0.001,32,ReLU,500,0.9665000000000001,0.9664696812126046,0.9665,1.3855894999578595
128,0.001,32,ReLU,1000,0.9665000000000001,0.9664696812126046,0.9665,1.3431229999987409
128,0.001,32,Tanh,50,0.968,0.9679782694323874,0.968,1.3071450000279583
128,0.001,32,Tanh,100,0.968,0.9679782694323874,0.968,1.2789446000242606
128,0.001,32,Tanh,300,0.968,0.9679782694323874,0.968,1.2811688999645412
128,0.001,32,Tanh,500,0.968,0.9679782694323874,0.968,1.2324522000271827
128,0.001,32,Tanh,1000,0.968,0.9679782694323874,0.968,1.2233476999681443
128,0.001,32,Sigmoid,50,0.968,0.9679675911809579,0.968,1.3612272000173107
128,0.001,32,Sigmoid,100,0.968,0.9679675911809579,0.968,1.4206031000358053
128,0.001,32,Sigmoid,300,0.968,0.9679675911809579,0.968,1.4273771999869496
128,0.001,32,Sigmoid,500,0.968,0.9679675911809579,0.968,1.507861000020057
128,0.001,32,Sigmoid,1000,0.968,0.9679675911809579,0.968,1.3581124999909662
128,0.001,32,GELU,50,0.9665000000000001,0.9664696812126046,0.9665,1.3531271999818273
128,0.001,32,GELU,100,0.9665000000000001,0.9664696812126046,0.9665,1.3861887999810278
128,0.001,32,GELU,300,0.9665000000000001,0.9664696812126046,0.9665,1.3984425999806263
128,0.001,32,GELU,500,0.9665000000000001,0.9664696812126046,0.9665,1.3844557999982499
128,0.001,32,GELU,1000,0.9665000000000001,0.9664696812126046,0.9665,1.42646029999014
128,0.001,32,Softmax,50,0.968,0.9679675911809579,0.968,1.3758903999696486
128,0.001,32,Softmax,100,0.968,0.9679675911809579,0.968,1.3555857000174
128,0.001,32,Softmax,300,0.968,0.9679675911809579,0.968,1.4092588999774307
128,0.001,32,Softmax,500,0.968,0.9679675911809579,0.968,1.4918801000458188
128,0.001,32,Softmax,1000,0.968,0.9679675911809579,0.968,1.4136609999695793
128,0.001,64,ReLU,50,0.9654999999999999,0.9654963065441647,0.9655,1.0718359000165947
128,0.001,64,ReLU,100,0.9654999999999999,0.9654963065441647,0.9655,1.1004637000150979
128,0.001,64,ReLU,300,0.9654999999999999,0.9654963065441647,0.9655,1.047418000001926
128,0.001,64,ReLU,500,0.9654999999999999,0.9654963065441647,0.9655,1.0570555999875069
128,0.001,64,ReLU,1000,0.9654999999999999,0.9654963065441647,0.9655,1.0707875000080094
128,0.001,64,Tanh,50,0.9709999999999999,0.9709761736349851,0.971,1.2485217000357807
128,0.001,64,Tanh,100,0.9709999999999999,0.9709761736349851,0.971,1.1809769999817945
128,0.001,64,Tanh,300,0.9709999999999999,0.9709761736349851,0.971,1.2908691000193357
128,0.001,64,Tanh,500,0.9709999999999999,0.9709761736349851,0.971,1.259219499945175
128,0.001,64,Tanh,1000,0.9709999999999999,0.9709761736349851,0.971,1.258790299994871
128,0.001,64,Sigmoid,50,0.967,0.9669617832281879,0.967,1.161936299991794
128,0.001,64,Sigmoid,100,0.967,0.9669617832281879,0.967,1.2654297999688424
128,0.001,64,Sigmoid,300,0.967,0.9669617832281879,0.967,1.2157758999965154
128,0.001,64,Sigmoid,500,0.967,0.9669617832281879,0.967,1.2402198999770917
128,0.001,64,Sigmoid,1000,0.967,0.9669617832281879,0.967,1.1537703999783844
128,0.001,64,GELU,50,0.9654999999999999,0.9654963065441647,0.9655,1.014401499996893
128,0.001,64,GELU,100,0.9654999999999999,0.9654963065441647,0.9655,1.1020993999554776
128,0.001,64,GELU,300,0.9654999999999999,0.9654963065441647,0.9655,1.0622246999992058
128,0.001,64,GELU,500,0.9654999999999999,0.9654963065441647,0.9655,1.0597537000430748
128,0.001,64,GELU,1000,0.9654999999999999,0.9654963065441647,0.9655,1.0898661999963224
128,0.001,64,Softmax,50,0.967,0.9669617832281879,0.967,1.2141160999890417
128,0.001,64,Softmax,100,0.967,0.9669617832281879,0.967,1.1219675000174902
128,0.001,64,Softmax,300,0.967,0.9669617832281879,0.967,1.1215465000132099
128,0.001,64,Softmax,500,0.967,0.9669617832281879,0.967,1.158566499943845
128,0.001,64,Softmax,1000,0.967,0.9669617832281879,0.967,1.1138005999964662
128,0.001,128,ReLU,50,0.9609999999999997,0.9609843077732186,0.961,0.9889556000125594
128,0.001,128,ReLU,100,0.9609999999999997,0.9609843077732186,0.961,0.9843984000035562
128,0.001,128,ReLU,300,0.9609999999999997,0.9609843077732186,0.961,0.9669163000071421
128,0.001,128,ReLU,500,0.9609999999999997,0.9609843077732186,0.961,0.9942683999543078
128,0.001,128,ReLU,1000,0.9609999999999997,0.9609843077732186,0.961,0.9551213000086136
128,0.001,128,Tanh,50,0.9675,0.967481724631155,0.9675,0.9527222999604419
128,0.001,128,Tanh,100,0.9675,0.967481724631155,0.9675,0.9878998000058345
128,0.001,128,Tanh,300,0.9675,0.967481724631155,0.9675,0.9438867999706417
128,0.001,128,Tanh,500,0.9675,0.967481724631155,0.9675,0.9552943999879062
128,0.001,128,Tanh,1000,0.9675,0.967481724631155,0.9675,0.9750702999881469
128,0.001,128,Sigmoid,50,0.9650000000000001,0.9649682460067115,0.965,1.1626261999481358
128,0.001,128,Sigmoid,100,0.9650000000000001,0.9649682460067115,0.965,1.185093500011135
128,0.001,128,Sigmoid,300,0.9650000000000001,0.9649682460067115,0.965,1.152230600011535
128,0.001,128,Sigmoid,500,0.9650000000000001,0.9649682460067115,0.965,1.1559334000339732
128,0.001,128,Sigmoid,1000,0.9650000000000001,0.9649682460067115,0.965,1.1953148999600671
128,0.001,128,GELU,50,0.9609999999999997,0.9609843077732186,0.961,0.8944870999548584
128,0.001,128,GELU,100,0.9609999999999997,0.9609843077732186,0.961,0.9674727000528947
128,0.001,128,GELU,300,0.9609999999999997,0.9609843077732186,0.961,0.9475061999983154
128,0.001,128,GELU,500,0.9609999999999997,0.9609843077732186,0.961,0.9907169000362046
128,0.001,128,GELU,1000,0.9609999999999997,0.9609843077732186,0.961,0.9444567000027746
128,0.001,128,Softmax,50,0.9650000000000001,0.9649682460067115,0.965,1.1628671000362374
128,0.001,128,Softmax,100,0.9650000000000001,0.9649682460067115,0.965,1.1565425000153482
128,0.001,128,Softmax,300,0.9650000000000001,0.9649682460067115,0.965,1.1719938999740407
128,0.001,128,Softmax,500,0.9650000000000001,0.9649682460067115,0.965,1.2040951999952085
128,0.001,128,Softmax,1000,0.9650000000000001,0.9649682460067115,0.965,1.1867870999849401
128,0.0001,8,ReLU,50,0.9625,0.9624295223392718,0.9625,4.032248499977868
128,0.0001,8,ReLU,100,0.9625,0.9624295223392718,0.9625,4.094065000012051
128,0.0001,8,ReLU,300,0.9625,0.9624295223392718,0.9625,3.9724778999807313
128,0.0001,8,ReLU,500,0.9625,0.9624295223392718,0.9625,3.938488000014331
128,0.0001,8,ReLU,1000,0.9625,0.9624295223392718,0.9625,3.906116399972234
128,0.0001,8,Tanh,50,0.9664999999999999,0.9664674074143249,0.9665,5.434759100025985
128,0.0001,8,Tanh,100,0.9664999999999999,0.9664674074143249,0.9665,5.462056699965615
128,0.0001,8,Tanh,300,0.9664999999999999,0.9664674074143249,0.9665,5.370654000027571
128,0.0001,8,Tanh,500,0.9664999999999999,0.9664674074143249,0.9665,5.4871852999785915
128,0.0001,8,Tanh,1000,0.9664999999999999,0.9664674074143249,0.9665,5.4953796999761835
128,0.0001,8,Sigmoid,50,0.9629999999999999,0.9629695049910192,0.963,6.520585899997968
128,0.0001,8,Sigmoid,100,0.9629999999999999,0.9629695049910192,0.963,7.221742600027937
128,0.0001,8,Sigmoid,300,0.9629999999999999,0.9629695049910192,0.963,7.034194300009403
128,0.0001,8,Sigmoid,500,0.9629999999999999,0.9629695049910192,0.963,7.337390400003642
128,0.0001,8,Sigmoid,1000,0.9629999999999999,0.9629695049910192,0.963,7.063739300007001
128,0.0001,8,GELU,50,0.9625,0.9624295223392718,0.9625,3.917540900001768
128,0.0001,8,GELU,100,0.9625,0.9624295223392718,0.9625,4.242862800019793
128,0.0001,8,GELU,300,0.9625,0.9624295223392718,0.9625,3.878514099982567
128,0.0001,8,GELU,500,0.9625,0.9624295223392718,0.9625,3.791528300032951
128,0.0001,8,GELU,1000,0.9625,0.9624295223392718,0.9625,3.9252146999933757
128,0.0001,8,Softmax,50,0.9629999999999999,0.9629695049910192,0.963,6.885845999990124
128,0.0001,8,Softmax,100,0.9629999999999999,0.9629695049910192,0.963,7.010693399992306
128,0.0001,8,Softmax,300,0.9629999999999999,0.9629695049910192,0.963,7.255816699995194
128,0.0001,8,Softmax,500,0.9629999999999999,0.9629695049910192,0.963,7.11950849997811
128,0.0001,8,Softmax,1000,0.9629999999999999,0.9629695049910192,0.963,7.2941249999566935
128,0.0001,16,ReLU,50,0.9584999999999999,0.9584381086334736,0.9585,2.6083229999640025
128,0.0001,16,ReLU,100,0.9584999999999999,0.9584381086334736,0.9585,2.6422266000299715
128,0.0001,16,ReLU,300,0.9584999999999999,0.9584381086334736,0.9585,2.591422599973157
128,0.0001,16,ReLU,500,0.9584999999999999,0.9584381086334736,0.9585,2.6380400999914855
128,0.0001,16,ReLU,1000,0.9584999999999999,0.9584381086334736,0.9585,2.694451199960895
128,0.0001,16,Tanh,50,0.9604999999999999,0.9604551990217951,0.9605,2.8585794999962673
128,0.0001,16,Tanh,100,0.9604999999999999,0.9604551990217951,0.9605,2.561618499981705
128,0.0001,16,Tanh,300,0.9604999999999999,0.9604551990217951,0.9605,2.651510399999097
128,0.0001,16,Tanh,500,0.9604999999999999,0.9604551990217951,0.9605,2.537366700009443
128,0.0001,16,Tanh,1000,0.9604999999999999,0.9604551990217951,0.9605,2.6364886999945156
128,0.0001,16,Sigmoid,50,0.95,0.9499484312323936,0.95,3.9174343000049703
128,0.0001,16,Sigmoid,100,0.95,0.9499484312323936,0.95,3.997142000007443
128,0.0001,16,Sigmoid,300,0.95,0.9499484312323936,0.95,3.9074623999767937
128,0.0001,16,Sigmoid,500,0.95,0.9499484312323936,0.95,3.7646608000504784
128,0.0001,16,Sigmoid,1000,0.95,0.9499484312323936,0.95,3.9319256999879144
128,0.0001,16,GELU,50,0.9584999999999999,0.9584381086334736,0.9585,2.704282999970019
128,0.0001,16,GELU,100,0.9584999999999999,0.9584381086334736,0.9585,2.6633882999885827
128,0.0001,16,GELU,300,0.9584999999999999,0.9584381086334736,0.9585,2.6605217999895103
128,0.0001,16,GELU,500,0.9584999999999999,0.9584381086334736,0.9585,2.660392999998294
128,0.0001,16,GELU,1000,0.9584999999999999,0.9584381086334736,0.9585,2.576883999980055
128,0.0001,16,Softmax,50,0.95,0.9499484312323936,0.95,3.976267000020016
128,0.0001,16,Softmax,100,0.95,0.9499484312323936,0.95,3.970038299972657
128,0.0001,16,Softmax,300,0.95,0.9499484312323936,0.95,3.931963299983181
128,0.0001,16,Softmax,500,0.95,0.9499484312323936,0.95,3.8146891000214964
128,0.0001,16,Softmax,1000,0.95,0.9499484312323936,0.95,3.9210805000038818
128,0.0001,32,ReLU,50,0.9564999999999999,0.9564500546696308,0.9565,1.8653741999878548
128,0.0001,32,ReLU,100,0.9564999999999999,0.9564500546696308,0.9565,1.8181307999766432
128,0.0001,32,ReLU,300,0.9564999999999999,0.9564500546696308,0.9565,1.8595744000049308
128,0.0001,32,ReLU,500,0.9564999999999999,0.9564500546696308,0.9565,1.7752997999778017
128,0.0001,32,ReLU,1000,0.9564999999999999,0.9564500546696308,0.9565,1.8305099999997765
128,0.0001,32,Tanh,50,0.9545,0.9544737344819817,0.9545,2.0686003000009805
128,0.0001,32,Tanh,100,0.9545,0.9544737344819817,0.9545,2.0454167000134476
128,0.0001,32,Tanh,300,0.9545,0.9544737344819817,0.9545,2.114511899999343
128,0.0001,32,Tanh,500,0.9545,0.9544737344819817,0.9545,2.1843121999991126
128,0.0001,32,Tanh,1000,0.9545,0.9544737344819817,0.9545,2.0980208999826573
128,0.0001,32,Sigmoid,50,0.9465,0.9464487101249761,0.9465,2.429480799997691
128,0.0001,32,Sigmoid,100,0.9465,0.9464487101249761,0.9465,2.815190299996175
128,0.0001,32,Sigmoid,300,0.9465,0.9464487101249761,0.9465,2.8435469000251032
128,0.0001,32,Sigmoid,500,0.9465,0.9464487101249761,0.9465,2.8558826000080444
128,0.0001,32,Sigmoid,1000,0.9465,0.9464487101249761,0.9465,2.897987100004684
128,0.0001,32,GELU,50,0.9564999999999999,0.9564500546696308,0.9565,1.823489900038112
128,0.0001,32,GELU,100,0.9564999999999999,0.9564500546696308,0.9565,1.8269092999980785
128,0.0001,32,GELU,300,0.9564999999999999,0.9564500546696308,0.9565,1.8501173999975435
128,0.0001,32,GELU,500,0.9564999999999999,0.9564500546696308,0.9565,1.8238856999669224
128,0.0001,32,GELU,1000,0.9564999999999999,0.9564500546696308,0.9565,1.8456023000180721
128,0.0001,32,Softmax,50,0.9465,0.9464487101249761,0.9465,2.489063000015449
128,0.0001,32,Softmax,100,0.9465,0.9464487101249761,0.9465,2.881239000009373
128,0.0001,32,Softmax,300,0.9465,0.9464487101249761,0.9465,2.8472914999583736
128,0.0001,32,Softmax,500,0.9465,0.9464487101249761,0.9465,2.7909056000062265
128,0.0001,32,Softmax,1000,0.9465,0.9464487101249761,0.9465,2.834753400005866
128,0.0001,64,ReLU,50,0.954,0.9539537756077276,0.954,1.726313899969682
128,0.0001,64,ReLU,100,0.954,0.9539537756077276,0.954,1.6911276000319049
128,0.0001,64,ReLU,300,0.954,0.9539537756077276,0.954,1.7173191999900155
128,0.0001,64,ReLU,500,0.954,0.9539537756077276,0.954,1.8414770999806933
128,0.0001,64,ReLU,1000,0.954,0.9539537756077276,0.954,1.8479538999963552
128,0.0001,64,Tanh,50,0.9530000000000001,0.9529898890742409,0.953,1.553015300014522
128,0.0001,64,Tanh,100,0.9530000000000001,0.9529898890742409,0.953,1.4809388000285253
128,0.0001,64,Tanh,300,0.9530000000000001,0.9529898890742409,0.953,1.503673000028357
128,0.0001,64,Tanh,500,0.9530000000000001,0.9529898890742409,0.953,1.4898772000451572
128,0.0001,64,Tanh,1000,0.9530000000000001,0.9529898890742409,0.953,1.5316664999700151
128,0.0001,64,Sigmoid,50,0.9359999999999999,0.9358856600289684,0.936,1.9527142000151798
128,0.0001,64,Sigmoid,100,0.9359999999999999,0.9358856600289684,0.936,2.111880700045731
128,0.0001,64,Sigmoid,300,0.9359999999999999,0.9358856600289684,0.936,2.3090579999843612
128,0.0001,64,Sigmoid,500,0.9359999999999999,0.9358856600289684,0.936,2.28047419997165
128,0.0001,64,Sigmoid,1000,0.9359999999999999,0.9358856600289684,0.936,2.204093800042756
128,0.0001,64,GELU,50,0.954,0.9539537756077276,0.954,1.7647305999998935
128,0.0001,64,GELU,100,0.954,0.9539537756077276,0.954,1.801772000035271
128,0.0001,64,GELU,300,0.954,0.9539537756077276,0.954,1.9170474000275135
128,0.0001,64,GELU,500,0.954,0.9539537756077276,0.954,1.8616664999863133
128,0.0001,64,GELU,1000,0.954,0.9539537756077276,0.954,1.7624423000379466
128,0.0001,64,Softmax,50,0.9359999999999999,0.9358856600289684,0.936,2.3061832999810576
128,0.0001,64,Softmax,100,0.9359999999999999,0.9358856600289684,0.936,2.5443658000440337
128,0.0001,64,Softmax,300,0.9359999999999999,0.9358856600289684,0.936,2.2817651000223123
128,0.0001,64,Softmax,500,0.9359999999999999,0.9358856600289684,0.936,2.2471252999966964
128,0.0001,64,Softmax,1000,0.9359999999999999,0.9358856600289684,0.936,2.240176999999676
128,0.0001,128,ReLU,50,0.9289999999999999,0.9286391344280662,0.929,1.3786628000088967
128,0.0001,128,ReLU,100,0.9305,0.9301754360088401,0.9305,1.6636090999818407
128,0.0001,128,ReLU,300,0.9305,0.9301754360088401,0.9305,1.5869146000477485
128,0.0001,128,ReLU,500,0.9305,0.9301754360088401,0.9305,1.6679358999826945
128,0.0001,128,ReLU,1000,0.9305,0.9301754360088401,0.9305,1.7037689000135288
128,0.0001,128,Tanh,50,0.9465,0.9465030993109058,0.9465,1.4292995000141673
128,0.0001,128,Tanh,100,0.9465,0.9465030993109058,0.9465,1.512217800016515
128,0.0001,128,Tanh,300,0.9465,0.9465030993109058,0.9465,1.6114703000057489
128,0.0001,128,Tanh,500,0.9465,0.9465030993109058,0.9465,1.5522317999857478
128,0.0001,128,Tanh,1000,0.9465,0.9465030993109058,0.9465,1.5020527000306174
128,0.0001,128,Sigmoid,50,0.9189999999999999,0.9186325169976145,0.919,1.5582571999984793
128,0.0001,128,Sigmoid,100,0.925,0.9248046224392497,0.925,1.9115000999881886
128,0.0001,128,Sigmoid,300,0.925,0.9248046224392497,0.925,1.87616100005107
128,0.0001,128,Sigmoid,500,0.925,0.9248046224392497,0.925,1.9796151000191458
128,0.0001,128,Sigmoid,1000,0.925,0.9248046224392497,0.925,1.9434743999736384
128,0.0001,128,GELU,50,0.9289999999999999,0.9286391344280662,0.929,1.308059900009539
128,0.0001,128,GELU,100,0.9305,0.9301754360088401,0.9305,1.4170921999611892
128,0.0001,128,GELU,300,0.9305,0.9301754360088401,0.9305,1.4268323999713175
128,0.0001,128,GELU,500,0.9305,0.9301754360088401,0.9305,1.4316436999943107
128,0.0001,128,GELU,1000,0.9305,0.9301754360088401,0.9305,1.4611484999768436
128,0.0001,128,Softmax,50,0.9189999999999999,0.9186325169976145,0.919,1.511989199963864
128,0.0001,128,Softmax,100,0.925,0.9248046224392497,0.925,1.9213306999881752
128,0.0001,128,Softmax,300,0.925,0.9248046224392497,0.925,1.9240160000044852
128,0.0001,128,Softmax,500,0.925,0.9248046224392497,0.925,1.9808535000192933
128,0.0001,128,Softmax,1000,0.925,0.9248046224392497,0.925,1.9292987999506295
128,0.00025,8,ReLU,50,0.968,0.9679804656632734,0.968,4.57253689999925
128,0.00025,8,ReLU,100,0.968,0.9679804656632734,0.968,4.368055899976753
128,0.00025,8,ReLU,300,0.968,0.9679804656632734,0.968,4.60847899998771
128,0.00025,8,ReLU,500,0.968,0.9679804656632734,0.968,4.666150300006848
128,0.00025,8,ReLU,1000,0.968,0.9679804656632734,0.968,4.551056199998129
128,0.00025,8,Tanh,50,0.9684999999999999,0.9684535538856327,0.9685,3.998131900036242
128,0.00025,8,Tanh,100,0.9684999999999999,0.9684535538856327,0.9685,4.279160599980969
128,0.00025,8,Tanh,300,0.9684999999999999,0.9684535538856327,0.9685,4.0947070000111125
128,0.00025,8,Tanh,500,0.9684999999999999,0.9684535538856327,0.9685,4.021261699963361
128,0.00025,8,Tanh,1000,0.9684999999999999,0.9684535538856327,0.9685,4.0768072999781
128,0.00025,8,Sigmoid,50,0.9710000000000001,0.970965995895753,0.971,4.824024499976076
128,0.00025,8,Sigmoid,100,0.9710000000000001,0.970965995895753,0.971,4.44732550001936
128,0.00025,8,Sigmoid,300,0.9710000000000001,0.970965995895753,0.971,4.495538299961481
128,0.00025,8,Sigmoid,500,0.9710000000000001,0.970965995895753,0.971,4.736952000006568
128,0.00025,8,Sigmoid,1000,0.9710000000000001,0.970965995895753,0.971,4.700687000004109
128,0.00025,8,GELU,50,0.968,0.9679804656632734,0.968,4.579178300045896
128,0.00025,8,GELU,100,0.968,0.9679804656632734,0.968,4.478233499976341
128,0.00025,8,GELU,300,0.968,0.9679804656632734,0.968,4.662127200048417
128,0.00025,8,GELU,500,0.968,0.9679804656632734,0.968,4.548320400004741
128,0.00025,8,GELU,1000,0.968,0.9679804656632734,0.968,4.529740000027232
128,0.00025,8,Softmax,50,0.9710000000000001,0.970965995895753,0.971,4.632916500035208
128,0.00025,8,Softmax,100,0.9710000000000001,0.970965995895753,0.971,4.653061199991498
128,0.00025,8,Softmax,300,0.9710000000000001,0.970965995895753,0.971,4.613027599989437
128,0.00025,8,Softmax,500,0.9710000000000001,0.970965995895753,0.971,4.517908299982082
128,0.00025,8,Softmax,1000,0.9710000000000001,0.970965995895753,0.971,4.696708999981638
128,0.00025,16,ReLU,50,0.9615,0.9614450321947269,0.9615,2.7706095000030473
128,0.00025,16,ReLU,100,0.9615,0.9614450321947269,0.9615,2.8788087000139058
128,0.00025,16,ReLU,300,0.9615,0.9614450321947269,0.9615,2.80264739994891
128,0.00025,16,ReLU,500,0.9615,0.9614450321947269,0.9615,2.7569283000193536
128,0.00025,16,ReLU,1000,0.9615,0.9614450321947269,0.9615,2.847649100003764
128,0.00025,16,Tanh,50,0.9695,0.9694687012933088,0.9695,2.7065172999864444
128,0.00025,16,Tanh,100,0.9695,0.9694687012933088,0.9695,2.733092900016345
128,0.00025,16,Tanh,300,0.9695,0.9694687012933088,0.9695,2.6229683000128716
128,0.00025,16,Tanh,500,0.9695,0.9694687012933088,0.9695,2.6356204000185244
128,0.00025,16,Tanh,1000,0.9695,0.9694687012933088,0.9695,2.6960889999754727
128,0.00025,16,Sigmoid,50,0.968,0.9679628320996503,0.968,3.2172208999982104
128,0.00025,16,Sigmoid,100,0.968,0.9679628320996503,0.968,3.1217722999863327
128,0.00025,16,Sigmoid,300,0.968,0.9679628320996503,0.968,3.1146398999844678
128,0.00025,16,Sigmoid,500,0.968,0.9679628320996503,0.968,3.14767950004898
128,0.00025,16,Sigmoid,1000,0.968,0.9679628320996503,0.968,3.0597814999637194
128,0.00025,16,GELU,50,0.9615,0.9614450321947269,0.9615,2.941779699991457
128,0.00025,16,GELU,100,0.9615,0.9614450321947269,0.9615,2.777588500001002
128,0.00025,16,GELU,300,0.9615,0.9614450321947269,0.9615,2.7902019000030123
128,0.00025,16,GELU,500,0.9615,0.9614450321947269,0.9615,2.893464699969627
128,0.00025,16,GELU,1000,0.9615,0.9614450321947269,0.9615,2.6988879999844357
128,0.00025,16,Softmax,50,0.968,0.9679628320996503,0.968,3.1634511000011116
128,0.00025,16,Softmax,100,0.968,0.9679628320996503,0.968,3.205762900004629
128,0.00025,16,Softmax,300,0.968,0.9679628320996503,0.968,3.1395280999713577
128,0.00025,16,Softmax,500,0.968,0.9679628320996503,0.968,3.1694462999585085
128,0.00025,16,Softmax,1000,0.968,0.9679628320996503,0.968,3.0792274000123143
128,0.00025,32,ReLU,50,0.9625,0.9624628881201686,0.9625,1.4623515999992378
128,0.00025,32,ReLU,100,0.9625,0.9624628881201686,0.9625,1.5361075000255369
128,0.00025,32,ReLU,300,0.9625,0.9624628881201686,0.9625,1.5450875000096858
128,0.00025,32,ReLU,500,0.9625,0.9624628881201686,0.9625,1.5004996999632567
128,0.00025,32,ReLU,1000,0.9625,0.9624628881201686,0.9625,1.4969226000248455
128,0.00025,32,Tanh,50,0.9645000000000001,0.9644542788049935,0.9645,1.695600600040052
128,0.00025,32,Tanh,100,0.9645000000000001,0.9644542788049935,0.9645,1.6688925999915227
128,0.00025,32,Tanh,300,0.9645000000000001,0.9644542788049935,0.9645,1.7925360999652185
128,0.00025,32,Tanh,500,0.9645000000000001,0.9644542788049935,0.9645,1.7408187999972142
128,0.00025,32,Tanh,1000,0.9645000000000001,0.9644542788049935,0.9645,1.721599199983757
128,0.00025,32,Sigmoid,50,0.9579999999999999,0.9579680585712703,0.958,2.344628000049852
128,0.00025,32,Sigmoid,100,0.9579999999999999,0.9579680585712703,0.958,2.576544300012756
128,0.00025,32,Sigmoid,300,0.9579999999999999,0.9579680585712703,0.958,2.6734347000019625
128,0.00025,32,Sigmoid,500,0.9579999999999999,0.9579680585712703,0.958,2.514171799994074
128,0.00025,32,Sigmoid,1000,0.9579999999999999,0.9579680585712703,0.958,2.508953200012911
128,0.00025,32,GELU,50,0.9625,0.9624628881201686,0.9625,1.4971461000386626
128,0.00025,32,GELU,100,0.9625,0.9624628881201686,0.9625,1.4649423999944702
128,0.00025,32,GELU,300,0.9625,0.9624628881201686,0.9625,1.4895522999577224
128,0.00025,32,GELU,500,0.9625,0.9624628881201686,0.9625,1.54399450001074
128,0.00025,32,GELU,1000,0.9625,0.9624628881201686,0.9625,1.5408861000323668
128,0.00025,32,Softmax,50,0.9579999999999999,0.9579680585712703,0.958,2.3408758000005037
128,0.00025,32,Softmax,100,0.9579999999999999,0.9579680585712703,0.958,2.483415300026536
128,0.00025,32,Softmax,300,0.9579999999999999,0.9579680585712703,0.958,2.4554005000391044
128,0.00025,32,Softmax,500,0.9579999999999999,0.9579680585712703,0.958,2.475306900043506
128,0.00025,32,Softmax,1000,0.9579999999999999,0.9579680585712703,0.958,2.45735479996074
128,0.00025,64,ReLU,50,0.9555,0.9554730094701714,0.9555,1.2162265999941155
128,0.00025,64,ReLU,100,0.9555,0.9554730094701714,0.9555,1.1996088000014424
128,0.00025,64,ReLU,300,0.9555,0.9554730094701714,0.9555,1.1981872000033036
128,0.00025,64,ReLU,500,0.9555,0.9554730094701714,0.9555,1.2340251000132412
128,0.00025,64,ReLU,1000,0.9555,0.9554730094701714,0.9555,1.1676124999648891
128,0.00025,64,Tanh,50,0.962,0.9619590580267087,0.962,1.5457688000169583
128,0.00025,64,Tanh,100,0.962,0.9619590580267087,0.962,1.6370219999807887
128,0.00025,64,Tanh,300,0.962,0.9619590580267087,0.962,1.5640362999984063
128,0.00025,64,Tanh,500,0.962,0.9619590580267087,0.962,1.5935077000176534
128,0.00025,64,Tanh,1000,0.962,0.9619590580267087,0.962,1.558979699970223
128,0.00025,64,Sigmoid,50,0.9470000000000003,0.9469356868980909,0.947,1.5843875000136904
128,0.00025,64,Sigmoid,100,0.9470000000000003,0.9469356868980909,0.947,1.6675851999898441
128,0.00025,64,Sigmoid,300,0.9470000000000003,0.9469356868980909,0.947,1.730216299998574
128,0.00025,64,Sigmoid,500,0.9470000000000003,0.9469356868980909,0.947,1.7356106999795884
128,0.00025,64,Sigmoid,1000,0.9470000000000003,0.9469356868980909,0.947,1.6474629999720491
128,0.00025,64,GELU,50,0.9555,0.9554730094701714,0.9555,1.2001441000029445
128,0.00025,64,GELU,100,0.9555,0.9554730094701714,0.9555,1.202702499984298
128,0.00025,64,GELU,300,0.9555,0.9554730094701714,0.9555,1.1665356999728829
128,0.00025,64,GELU,500,0.9555,0.9554730094701714,0.9555,1.1415527000208385
128,0.00025,64,GELU,1000,0.9555,0.9554730094701714,0.9555,1.235351300041657
128,0.00025,64,Softmax,50,0.9470000000000003,0.9469356868980909,0.947,1.6462314000236802
128,0.00025,64,Softmax,100,0.9470000000000003,0.9469356868980909,0.947,1.655598400044255
128,0.00025,64,Softmax,300,0.9470000000000003,0.9469356868980909,0.947,1.5895178000209853
128,0.00025,64,Softmax,500,0.9470000000000003,0.9469356868980909,0.947,1.73050330003025
128,0.00025,64,Softmax,1000,0.9470000000000003,0.9469356868980909,0.947,1.7254238000023179
128,0.00025,128,ReLU,50,0.9564999999999999,0.9564521166847848,0.9565,1.202572499983944
128,0.00025,128,ReLU,100,0.9564999999999999,0.9564521166847848,0.9565,1.1329941999865696
128,0.00025,128,ReLU,300,0.9564999999999999,0.9564521166847848,0.9565,1.1431881000171416
128,0.00025,128,ReLU,500,0.9564999999999999,0.9564521166847848,0.9565,1.1027150999871083
128,0.00025,128,ReLU,1000,0.9564999999999999,0.9564521166847848,0.9565,1.1126499000238255
128,0.00025,128,Tanh,50,0.9545,0.9544829765880702,0.9545,1.1388236000202596
128,0.00025,128,Tanh,100,0.9545,0.9544829765880702,0.9545,1.0614408999681473
128,0.00025,128,Tanh,300,0.9545,0.9544829765880702,0.9545,1.1199472999433056
128,0.00025,128,Tanh,500,0.9545,0.9544829765880702,0.9545,1.1065807999693789
128,0.00025,128,Tanh,1000,0.9545,0.9544829765880702,0.9545,1.089573500037659
128,0.00025,128,Sigmoid,50,0.9419999999999998,0.9418827049750103,0.942,1.3392871000105515
128,0.00025,128,Sigmoid,100,0.9425000000000001,0.942393511451648,0.9425,1.6491658000159077
128,0.00025,128,Sigmoid,300,0.9425000000000001,0.942393511451648,0.9425,1.5818989999825135
128,0.00025,128,Sigmoid,500,0.9425000000000001,0.942393511451648,0.9425,1.5505831000045873
128,0.00025,128,Sigmoid,1000,0.9425000000000001,0.942393511451648,0.9425,1.540978199976962
128,0.00025,128,GELU,50,0.9564999999999999,0.9564521166847848,0.9565,1.1073292999644764
128,0.00025,128,GELU,100,0.9564999999999999,0.9564521166847848,0.9565,1.1205235000234097
128,0.00025,128,GELU,300,0.9564999999999999,0.9564521166847848,0.9565,1.0610169999999925
128,0.00025,128,GELU,500,0.9564999999999999,0.9564521166847848,0.9565,1.1446921000024304
128,0.00025,128,GELU,1000,0.9564999999999999,0.9564521166847848,0.9565,1.1223491999553517
128,0.00025,128,Softmax,50,0.9419999999999998,0.9418827049750103,0.942,1.416945900011342
128,0.00025,128,Softmax,100,0.9425000000000001,0.942393511451648,0.9425,1.5423016999848187
128,0.00025,128,Softmax,300,0.9425000000000001,0.942393511451648,0.9425,1.5748470000107773
128,0.00025,128,Softmax,500,0.9425000000000001,0.942393511451648,0.9425,1.6599704999825917
128,0.00025,128,Softmax,1000,0.9425000000000001,0.942393511451648,0.9425,1.6659734999993816
