Hidden_Neurons,Learning_Rate,Batch_Size,Activation_Function,Epochs,Balanced_Accuracy,Macro F1 Score,Accuracy,Time(s)
8,0.01,8,ReLU,50,0.5507817577479435,0.5805594977600111,0.9843584305408272,16.49102909991052
8,0.01,8,ReLU,100,0.5507817577479435,0.5805594977600111,0.9843584305408272,12.808603399898857
8,0.01,8,ReLU,300,0.5507817577479435,0.5805594977600111,0.9843584305408272,22.362628799979575
8,0.01,8,ReLU,500,0.5507817577479435,0.5805594977600111,0.9843584305408272,13.548241500044242
8,0.01,8,ReLU,1000,0.5507817577479435,0.5805594977600111,0.9843584305408272,17.313724100007676
8,0.01,8,Tanh,50,0.5,0.4961261020571734,0.9846235418875928,23.534730699961074
8,0.01,8,Tanh,100,0.5,0.4961261020571734,0.9846235418875928,35.535012700012885
8,0.01,8,Tanh,300,0.5,0.4961261020571734,0.9846235418875928,26.648722299956717
8,0.01,8,Tanh,500,0.5,0.4961261020571734,0.9846235418875928,35.834141599945724
8,0.01,8,Tanh,1000,0.5,0.4961261020571734,0.9846235418875928,24.978876700042747
8,0.01,8,Sigmoid,50,0.5,0.4961261020571734,0.9846235418875928,16.21516420005355
8,0.01,8,Sigmoid,100,0.5,0.4961261020571734,0.9846235418875928,9.494816299993545
8,0.01,8,Sigmoid,300,0.5,0.4961261020571734,0.9846235418875928,8.432752799941227
8,0.01,8,Sigmoid,500,0.5,0.4961261020571734,0.9846235418875928,13.032075099996291
8,0.01,8,Sigmoid,1000,0.5,0.4961261020571734,0.9846235418875928,17.223551400005817
8,0.01,8,GELU,50,0.5507817577479435,0.5805594977600111,0.9843584305408272,17.861413200036623
8,0.01,8,GELU,100,0.5507817577479435,0.5805594977600111,0.9843584305408272,18.059932500007562
8,0.01,8,GELU,300,0.5507817577479435,0.5805594977600111,0.9843584305408272,21.128401199937798
8,0.01,8,GELU,500,0.5507817577479435,0.5805594977600111,0.9843584305408272,33.98764890001621
8,0.01,8,GELU,1000,0.5507817577479435,0.5805594977600111,0.9843584305408272,29.81349600001704
8,0.01,8,Softmax,50,0.5,0.4961261020571734,0.9846235418875928,24.975483400048688
8,0.01,8,Softmax,100,0.5,0.4961261020571734,0.9846235418875928,26.52334999991581
8,0.01,8,Softmax,300,0.5,0.4961261020571734,0.9846235418875928,8.04397150001023
8,0.01,8,Softmax,500,0.5,0.4961261020571734,0.9846235418875928,23.716372100054286
8,0.01,8,Softmax,1000,0.5,0.4961261020571734,0.9846235418875928,11.53216479998082
8,0.01,16,ReLU,50,0.5,0.4961261020571734,0.9846235418875928,6.852491100085899
8,0.01,16,ReLU,100,0.5,0.4961261020571734,0.9846235418875928,5.366982999956235
8,0.01,16,ReLU,300,0.5,0.4961261020571734,0.9846235418875928,8.635150699992664
8,0.01,16,ReLU,500,0.5,0.4961261020571734,0.9846235418875928,8.50863539997954
8,0.01,16,ReLU,1000,0.5,0.4961261020571734,0.9846235418875928,5.477125099976547
8,0.01,16,Tanh,50,0.5,0.4961261020571734,0.9846235418875928,6.161546200048178
8,0.01,16,Tanh,100,0.5,0.4961261020571734,0.9846235418875928,6.376305400044657
8,0.01,16,Tanh,300,0.5,0.4961261020571734,0.9846235418875928,14.50091279996559
8,0.01,16,Tanh,500,0.5,0.4961261020571734,0.9846235418875928,19.473682000068948
8,0.01,16,Tanh,1000,0.5,0.4961261020571734,0.9846235418875928,23.027561399969272
8,0.01,16,Sigmoid,50,0.5,0.4961261020571734,0.9846235418875928,18.675585399963893
8,0.01,16,Sigmoid,100,0.5,0.4961261020571734,0.9846235418875928,11.65221259999089
8,0.01,16,Sigmoid,300,0.5,0.4961261020571734,0.9846235418875928,6.558410400059074
8,0.01,16,Sigmoid,500,0.5,0.4961261020571734,0.9846235418875928,8.06452979997266
8,0.01,16,Sigmoid,1000,0.5,0.4961261020571734,0.9846235418875928,6.602441700058989
8,0.01,16,GELU,50,0.5,0.4961261020571734,0.9846235418875928,5.647257500095293
8,0.01,16,GELU,100,0.5,0.4961261020571734,0.9846235418875928,8.076574599952437
8,0.01,16,GELU,300,0.5,0.4961261020571734,0.9846235418875928,12.641048799967393
8,0.01,16,GELU,500,0.5,0.4961261020571734,0.9846235418875928,9.168654199922457
8,0.01,16,GELU,1000,0.5,0.4961261020571734,0.9846235418875928,9.618428299902007
8,0.01,16,Softmax,50,0.5,0.4961261020571734,0.9846235418875928,15.1350153000094
8,0.01,16,Softmax,100,0.5,0.4961261020571734,0.9846235418875928,12.95156129996758
8,0.01,16,Softmax,300,0.5,0.4961261020571734,0.9846235418875928,9.668465700000525
8,0.01,16,Softmax,500,0.5,0.4961261020571734,0.9846235418875928,7.838542400044389
8,0.01,16,Softmax,1000,0.5,0.4961261020571734,0.9846235418875928,8.524614099995233
8,0.01,32,ReLU,50,0.5,0.4961261020571734,0.9846235418875928,4.019909899914637
8,0.01,32,ReLU,100,0.5,0.4961261020571734,0.9846235418875928,3.1005311999469995
8,0.01,32,ReLU,300,0.5,0.4961261020571734,0.9846235418875928,2.072955199982971
8,0.01,32,ReLU,500,0.5,0.4961261020571734,0.9846235418875928,2.296024900046177
8,0.01,32,ReLU,1000,0.5,0.4961261020571734,0.9846235418875928,10.395387700060382
8,0.01,32,Tanh,50,0.5,0.4961261020571734,0.9846235418875928,15.759616499999538
8,0.01,32,Tanh,100,0.5,0.4961261020571734,0.9846235418875928,14.235538900014944
8,0.01,32,Tanh,300,0.5,0.4961261020571734,0.9846235418875928,10.753045200021006
8,0.01,32,Tanh,500,0.5,0.4961261020571734,0.9846235418875928,11.304177299956791
8,0.01,32,Tanh,1000,0.5,0.4961261020571734,0.9846235418875928,8.062139599933289
8,0.01,32,Sigmoid,50,0.5,0.4961261020571734,0.9846235418875928,10.294569200021215
8,0.01,32,Sigmoid,100,0.5,0.4961261020571734,0.9846235418875928,8.379623099928722
8,0.01,32,Sigmoid,300,0.5,0.4961261020571734,0.9846235418875928,12.614313900005072
8,0.01,32,Sigmoid,500,0.5,0.4961261020571734,0.9846235418875928,12.582202000077814
8,0.01,32,Sigmoid,1000,0.5,0.4961261020571734,0.9846235418875928,14.836080899927765
8,0.01,32,GELU,50,0.5,0.4961261020571734,0.9846235418875928,9.855372099904343
8,0.01,32,GELU,100,0.5,0.4961261020571734,0.9846235418875928,8.547067400068045
8,0.01,32,GELU,300,0.5,0.4961261020571734,0.9846235418875928,8.908570599975064
8,0.01,32,GELU,500,0.5,0.4961261020571734,0.9846235418875928,8.828678700025193
8,0.01,32,GELU,1000,0.5,0.4961261020571734,0.9846235418875928,5.15804929996375
8,0.01,32,Softmax,50,0.5,0.4961261020571734,0.9846235418875928,4.133688299916685
8,0.01,32,Softmax,100,0.5,0.4961261020571734,0.9846235418875928,2.966265399940312
8,0.01,32,Softmax,300,0.5,0.4961261020571734,0.9846235418875928,6.143758499994874
8,0.01,32,Softmax,500,0.5,0.4961261020571734,0.9846235418875928,6.966639199992642
8,0.01,32,Softmax,1000,0.5,0.4961261020571734,0.9846235418875928,7.663915999932215
8,0.01,64,ReLU,50,0.5,0.4961261020571734,0.9846235418875928,4.7528293000068516
8,0.01,64,ReLU,100,0.5,0.4961261020571734,0.9846235418875928,3.6347575000254437
8,0.01,64,ReLU,300,0.5,0.4961261020571734,0.9846235418875928,4.418218800099567
8,0.01,64,ReLU,500,0.5,0.4961261020571734,0.9846235418875928,2.42147079994902
8,0.01,64,ReLU,1000,0.5,0.4961261020571734,0.9846235418875928,2.7357651999918744
8,0.01,64,Tanh,50,0.5,0.4961261020571734,0.9846235418875928,2.2708392000058666
8,0.01,64,Tanh,100,0.5,0.4961261020571734,0.9846235418875928,2.6921498000156134
8,0.01,64,Tanh,300,0.5,0.4961261020571734,0.9846235418875928,2.4855037999805063
8,0.01,64,Tanh,500,0.5,0.4961261020571734,0.9846235418875928,2.8093512000050396
8,0.01,64,Tanh,1000,0.5,0.4961261020571734,0.9846235418875928,5.9632880999706686
8,0.01,64,Sigmoid,50,0.5,0.4961261020571734,0.9846235418875928,4.835174500010908
8,0.01,64,Sigmoid,100,0.5,0.4961261020571734,0.9846235418875928,3.3654734999872744
8,0.01,64,Sigmoid,300,0.5,0.4961261020571734,0.9846235418875928,4.594211000017822
8,0.01,64,Sigmoid,500,0.5,0.4961261020571734,0.9846235418875928,3.2965164000634104
8,0.01,64,Sigmoid,1000,0.5,0.4961261020571734,0.9846235418875928,4.205518699949607
8,0.01,64,GELU,50,0.5,0.4961261020571734,0.9846235418875928,2.2601134999422356
8,0.01,64,GELU,100,0.5,0.4961261020571734,0.9846235418875928,2.1019682000624016
8,0.01,64,GELU,300,0.5,0.4961261020571734,0.9846235418875928,3.2460731000173837
8,0.01,64,GELU,500,0.5,0.4961261020571734,0.9846235418875928,5.731192999985069
8,0.01,64,GELU,1000,0.5,0.4961261020571734,0.9846235418875928,6.391920599970035
8,0.01,64,Softmax,50,0.5,0.4961261020571734,0.9846235418875928,6.573917599976994
8,0.01,64,Softmax,100,0.5,0.4961261020571734,0.9846235418875928,6.6996146000456065
8,0.01,64,Softmax,300,0.5,0.4961261020571734,0.9846235418875928,5.758563300012611
8,0.01,64,Softmax,500,0.5,0.4961261020571734,0.9846235418875928,3.9791252000723034
8,0.01,64,Softmax,1000,0.5,0.4961261020571734,0.9846235418875928,5.523229100042954
8,0.01,128,ReLU,50,0.49959612277867527,0.49592409461445947,0.9838282078472959,7.233477900037542
8,0.01,128,ReLU,100,0.49959612277867527,0.49592409461445947,0.9838282078472959,4.13813159998972
8,0.01,128,ReLU,300,0.49959612277867527,0.49592409461445947,0.9838282078472959,3.9065728000132367
8,0.01,128,ReLU,500,0.49959612277867527,0.49592409461445947,0.9838282078472959,5.906439400045201
8,0.01,128,ReLU,1000,0.49959612277867527,0.49592409461445947,0.9838282078472959,5.43660999997519
8,0.01,128,Tanh,50,0.49959612277867527,0.49592409461445947,0.9838282078472959,3.629101899918169
8,0.01,128,Tanh,100,0.49959612277867527,0.49592409461445947,0.9838282078472959,4.821879800059833
8,0.01,128,Tanh,300,0.49959612277867527,0.49592409461445947,0.9838282078472959,3.55550870008301
8,0.01,128,Tanh,500,0.49959612277867527,0.49592409461445947,0.9838282078472959,4.729517800034955
8,0.01,128,Tanh,1000,0.49959612277867527,0.49592409461445947,0.9838282078472959,2.841762399999425
8,0.01,128,Sigmoid,50,0.5,0.4961261020571734,0.9846235418875928,3.724955099984072
8,0.01,128,Sigmoid,100,0.5,0.4961261020571734,0.9846235418875928,3.0281032000202686
8,0.01,128,Sigmoid,300,0.5,0.4961261020571734,0.9846235418875928,3.2632293000351638
8,0.01,128,Sigmoid,500,0.5,0.4961261020571734,0.9846235418875928,2.8830579000059515
8,0.01,128,Sigmoid,1000,0.5,0.4961261020571734,0.9846235418875928,4.0232849000021815
8,0.01,128,GELU,50,0.49959612277867527,0.49592409461445947,0.9838282078472959,2.1078931000083685
8,0.01,128,GELU,100,0.49959612277867527,0.49592409461445947,0.9838282078472959,2.1180267999880016
8,0.01,128,GELU,300,0.49959612277867527,0.49592409461445947,0.9838282078472959,2.591770700062625
8,0.01,128,GELU,500,0.49959612277867527,0.49592409461445947,0.9838282078472959,1.183370599988848
8,0.01,128,GELU,1000,0.49959612277867527,0.49592409461445947,0.9838282078472959,1.816226499970071
8,0.01,128,Softmax,50,0.5,0.4961261020571734,0.9846235418875928,2.86119779990986
8,0.01,128,Softmax,100,0.5,0.4961261020571734,0.9846235418875928,2.8581261000363156
8,0.01,128,Softmax,300,0.5,0.4961261020571734,0.9846235418875928,1.9025956999976188
8,0.01,128,Softmax,500,0.5,0.4961261020571734,0.9846235418875928,1.8056132000638172
8,0.01,128,Softmax,1000,0.5,0.4961261020571734,0.9846235418875928,2.5703140000114217
8,0.001,8,ReLU,50,0.5,0.4961261020571734,0.9846235418875928,13.836651199962944
8,0.001,8,ReLU,100,0.5,0.4961261020571734,0.9846235418875928,25.49723440001253
8,0.001,8,ReLU,300,0.5,0.4961261020571734,0.9846235418875928,27.59990110003855
8,0.001,8,ReLU,500,0.5,0.4961261020571734,0.9846235418875928,26.72464389994275
8,0.001,8,ReLU,1000,0.5,0.4961261020571734,0.9846235418875928,29.10886669997126
8,0.001,8,Tanh,50,0.49973074851911686,0.49599144842330306,0.9840933191940615,21.113943099975586
8,0.001,8,Tanh,100,0.49973074851911686,0.49599144842330306,0.9840933191940615,15.806479900027625
8,0.001,8,Tanh,300,0.49973074851911686,0.49599144842330306,0.9840933191940615,14.192144599976018
8,0.001,8,Tanh,500,0.49973074851911686,0.49599144842330306,0.9840933191940615,15.071787300053984
8,0.001,8,Tanh,1000,0.49973074851911686,0.49599144842330306,0.9840933191940615,20.980631100013852
8,0.001,8,Sigmoid,50,0.5,0.4961261020571734,0.9846235418875928,29.030127999954857
8,0.001,8,Sigmoid,100,0.5,0.4961261020571734,0.9846235418875928,17.663333399919793
8,0.001,8,Sigmoid,300,0.5,0.4961261020571734,0.9846235418875928,15.53629409999121
8,0.001,8,Sigmoid,500,0.5,0.4961261020571734,0.9846235418875928,14.00176269991789
8,0.001,8,Sigmoid,1000,0.5,0.4961261020571734,0.9846235418875928,12.637740700040013
8,0.001,8,GELU,50,0.5,0.4961261020571734,0.9846235418875928,14.777494100038894
8,0.001,8,GELU,100,0.5,0.4961261020571734,0.9846235418875928,13.013161399983801
8,0.001,8,GELU,300,0.5,0.4961261020571734,0.9846235418875928,26.75708659994416
8,0.001,8,GELU,500,0.5,0.4961261020571734,0.9846235418875928,15.141944900038652
8,0.001,8,GELU,1000,0.5,0.4961261020571734,0.9846235418875928,10.996522399946116
8,0.001,8,Softmax,50,0.5,0.4961261020571734,0.9846235418875928,6.445809700060636
8,0.001,8,Softmax,100,0.5,0.4961261020571734,0.9846235418875928,4.4077895999653265
8,0.001,8,Softmax,300,0.5,0.4961261020571734,0.9846235418875928,7.318252200027928
8,0.001,8,Softmax,500,0.5,0.4961261020571734,0.9846235418875928,25.057330599986017
8,0.001,8,Softmax,1000,0.5,0.4961261020571734,0.9846235418875928,12.101523100049235
8,0.001,16,ReLU,50,0.49932687129779213,0.4957893329768748,0.9832979851537645,6.630328600062057
8,0.001,16,ReLU,100,0.49932687129779213,0.4957893329768748,0.9832979851537645,11.27308960002847
8,0.001,16,ReLU,300,0.49932687129779213,0.4957893329768748,0.9832979851537645,7.127435100032017
8,0.001,16,ReLU,500,0.49932687129779213,0.4957893329768748,0.9832979851537645,5.818826199974865
8,0.001,16,ReLU,1000,0.49932687129779213,0.4957893329768748,0.9832979851537645,15.603815699927509
8,0.001,16,Tanh,50,0.4998653742595584,0.49605878423513694,0.9843584305408272,17.387736000004224
8,0.001,16,Tanh,100,0.4998653742595584,0.49605878423513694,0.9843584305408272,15.277667699963786
8,0.001,16,Tanh,300,0.4998653742595584,0.49605878423513694,0.9843584305408272,16.38837149995379
8,0.001,16,Tanh,500,0.4998653742595584,0.49605878423513694,0.9843584305408272,16.55310450005345
8,0.001,16,Tanh,1000,0.4998653742595584,0.49605878423513694,0.9843584305408272,10.717377999913879
8,0.001,16,Sigmoid,50,0.5,0.4961261020571734,0.9846235418875928,15.060411900049075
8,0.001,16,Sigmoid,100,0.5,0.4961261020571734,0.9846235418875928,8.631213800050318
8,0.001,16,Sigmoid,300,0.5,0.4961261020571734,0.9846235418875928,20.118340600049123
8,0.001,16,Sigmoid,500,0.5,0.4961261020571734,0.9846235418875928,23.019768199999817
8,0.001,16,Sigmoid,1000,0.5,0.4961261020571734,0.9846235418875928,20.01443039998412
8,0.001,16,GELU,50,0.49932687129779213,0.4957893329768748,0.9832979851537645,11.406762799946591
8,0.001,16,GELU,100,0.49932687129779213,0.4957893329768748,0.9832979851537645,9.799911600071937
8,0.001,16,GELU,300,0.49932687129779213,0.4957893329768748,0.9832979851537645,8.860077299992554
8,0.001,16,GELU,500,0.49932687129779213,0.4957893329768748,0.9832979851537645,8.966555100050755
8,0.001,16,GELU,1000,0.49932687129779213,0.4957893329768748,0.9832979851537645,13.0834143999964
8,0.001,16,Softmax,50,0.5,0.4961261020571734,0.9846235418875928,6.3075145999901
8,0.001,16,Softmax,100,0.5,0.4961261020571734,0.9846235418875928,5.762524200021289
8,0.001,16,Softmax,300,0.5,0.4961261020571734,0.9846235418875928,4.966205499949865
8,0.001,16,Softmax,500,0.5,0.4961261020571734,0.9846235418875928,5.41224350000266
8,0.001,16,Softmax,1000,0.5,0.4961261020571734,0.9846235418875928,9.426467600045726
8,0.001,32,ReLU,50,0.4991922455573506,0.49572192513368984,0.9830328738069989,4.423090600059368
8,0.001,32,ReLU,100,0.4991922455573506,0.49572192513368984,0.9830328738069989,4.407084799953736
8,0.001,32,ReLU,300,0.4991922455573506,0.49572192513368984,0.9830328738069989,4.695428500068374
8,0.001,32,ReLU,500,0.4991922455573506,0.49572192513368984,0.9830328738069989,3.799453799962066
8,0.001,32,ReLU,1000,0.4991922455573506,0.49572192513368984,0.9830328738069989,4.176796700106934
8,0.001,32,Tanh,50,0.4994614970382337,0.49585672280139,0.9835630965005302,3.2696757999947295
8,0.001,32,Tanh,100,0.4994614970382337,0.49585672280139,0.9835630965005302,3.326393900089897
8,0.001,32,Tanh,300,0.4994614970382337,0.49585672280139,0.9835630965005302,3.759699400048703
8,0.001,32,Tanh,500,0.4994614970382337,0.49585672280139,0.9835630965005302,2.5587751999264583
8,0.001,32,Tanh,1000,0.4994614970382337,0.49585672280139,0.9835630965005302,2.6935334000736475
8,0.001,32,Sigmoid,50,0.5,0.4961261020571734,0.9846235418875928,2.1917949999915436
8,0.001,32,Sigmoid,100,0.5,0.4961261020571734,0.9846235418875928,2.0036168000660837
8,0.001,32,Sigmoid,300,0.5,0.4961261020571734,0.9846235418875928,2.009158800006844
8,0.001,32,Sigmoid,500,0.5,0.4961261020571734,0.9846235418875928,1.657027899986133
8,0.001,32,Sigmoid,1000,0.5,0.4961261020571734,0.9846235418875928,1.5831722000148147
8,0.001,32,GELU,50,0.4991922455573506,0.49572192513368984,0.9830328738069989,1.47144239989575
8,0.001,32,GELU,100,0.4991922455573506,0.49572192513368984,0.9830328738069989,1.5708856999408454
8,0.001,32,GELU,300,0.4991922455573506,0.49572192513368984,0.9830328738069989,1.1961108000250533
8,0.001,32,GELU,500,0.4991922455573506,0.49572192513368984,0.9830328738069989,1.0022061000345275
8,0.001,32,GELU,1000,0.4991922455573506,0.49572192513368984,0.9830328738069989,1.8909034000243992
8,0.001,32,Softmax,50,0.5,0.4961261020571734,0.9846235418875928,2.3373460000148043
8,0.001,32,Softmax,100,0.5,0.4961261020571734,0.9846235418875928,2.3992150000995025
8,0.001,32,Softmax,300,0.5,0.4961261020571734,0.9846235418875928,2.5416420999681577
8,0.001,32,Softmax,500,0.5,0.4961261020571734,0.9846235418875928,5.940309599973261
8,0.001,32,Softmax,1000,0.5,0.4961261020571734,0.9846235418875928,5.761592899914831
8,0.001,64,ReLU,50,0.4989229940764674,0.4955870553623964,0.9825026511134677,5.030993500025943
8,0.001,64,ReLU,100,0.4989229940764674,0.4955870553623964,0.9825026511134677,4.372618500026874
8,0.001,64,ReLU,300,0.4989229940764674,0.4955870553623964,0.9825026511134677,4.85423240007367
8,0.001,64,ReLU,500,0.4989229940764674,0.4955870553623964,0.9825026511134677,6.426365299965255
8,0.001,64,ReLU,1000,0.4989229940764674,0.4955870553623964,0.9825026511134677,5.155411000014283
8,0.001,64,Tanh,50,0.49932687129779213,0.4957893329768748,0.9832979851537645,3.5541275999275967
8,0.001,64,Tanh,100,0.49932687129779213,0.4957893329768748,0.9832979851537645,6.304525600047782
8,0.001,64,Tanh,300,0.49932687129779213,0.4957893329768748,0.9832979851537645,6.050897600012831
8,0.001,64,Tanh,500,0.49932687129779213,0.4957893329768748,0.9832979851537645,8.648880499997176
8,0.001,64,Tanh,1000,0.49932687129779213,0.4957893329768748,0.9832979851537645,8.68701290001627
8,0.001,64,Sigmoid,50,0.5,0.4961261020571734,0.9846235418875928,6.548870499944314
8,0.001,64,Sigmoid,100,0.5,0.4961261020571734,0.9846235418875928,7.0473426000680774
8,0.001,64,Sigmoid,300,0.5,0.4961261020571734,0.9846235418875928,7.106048099929467
8,0.001,64,Sigmoid,500,0.5,0.4961261020571734,0.9846235418875928,6.148190400097519
8,0.001,64,Sigmoid,1000,0.5,0.4961261020571734,0.9846235418875928,6.8223015000112355
8,0.001,64,GELU,50,0.4989229940764674,0.4955870553623964,0.9825026511134677,8.168949900078587
8,0.001,64,GELU,100,0.4989229940764674,0.4955870553623964,0.9825026511134677,8.450646299985237
8,0.001,64,GELU,300,0.4989229940764674,0.4955870553623964,0.9825026511134677,9.28720829996746
8,0.001,64,GELU,500,0.4989229940764674,0.4955870553623964,0.9825026511134677,7.095939100021496
8,0.001,64,GELU,1000,0.4989229940764674,0.4955870553623964,0.9825026511134677,8.364667100016959
8,0.001,64,Softmax,50,0.5,0.4961261020571734,0.9846235418875928,5.538238400011323
8,0.001,64,Softmax,100,0.5,0.4961261020571734,0.9846235418875928,6.4664873000001535
8,0.001,64,Softmax,300,0.5,0.4961261020571734,0.9846235418875928,5.656694600009359
8,0.001,64,Softmax,500,0.5,0.4961261020571734,0.9846235418875928,4.0724589000456035
8,0.001,64,Softmax,1000,0.5,0.4961261020571734,0.9846235418875928,5.000087799970061
8,0.001,128,ReLU,50,0.4982498653742596,0.49524956510103035,0.9811770943796394,3.933584799990058
8,0.001,128,ReLU,100,0.4982498653742596,0.49524956510103035,0.9811770943796394,3.5357612000079826
8,0.001,128,ReLU,300,0.4982498653742596,0.49524956510103035,0.9811770943796394,5.154117199941538
8,0.001,128,ReLU,500,0.4982498653742596,0.49524956510103035,0.9811770943796394,4.750205700052902
8,0.001,128,ReLU,1000,0.4982498653742596,0.49524956510103035,0.9811770943796394,7.000769300037064
8,0.001,128,Tanh,50,0.4989229940764674,0.4955870553623964,0.9825026511134677,7.4875539999920875
8,0.001,128,Tanh,100,0.4989229940764674,0.4955870553623964,0.9825026511134677,5.798274400061928
8,0.001,128,Tanh,300,0.4989229940764674,0.4955870553623964,0.9825026511134677,5.094566500047222
8,0.001,128,Tanh,500,0.4989229940764674,0.4955870553623964,0.9825026511134677,6.712343199993484
8,0.001,128,Tanh,1000,0.4989229940764674,0.4955870553623964,0.9825026511134677,5.934121600002982
8,0.001,128,Sigmoid,50,0.5,0.4961261020571734,0.9846235418875928,3.8910648999735713
8,0.001,128,Sigmoid,100,0.5,0.4961261020571734,0.9846235418875928,3.2991688000038266
8,0.001,128,Sigmoid,300,0.5,0.4961261020571734,0.9846235418875928,4.058825100073591
8,0.001,128,Sigmoid,500,0.5,0.4961261020571734,0.9846235418875928,3.0557847000891343
8,0.001,128,Sigmoid,1000,0.5,0.4961261020571734,0.9846235418875928,3.896588899893686
8,0.001,128,GELU,50,0.4982498653742596,0.49524956510103035,0.9811770943796394,4.6054637000197545
8,0.001,128,GELU,100,0.4982498653742596,0.49524956510103035,0.9811770943796394,4.301228700089268
8,0.001,128,GELU,300,0.4982498653742596,0.49524956510103035,0.9811770943796394,3.1863075000001118
8,0.001,128,GELU,500,0.4982498653742596,0.49524956510103035,0.9811770943796394,2.6398105999687687
8,0.001,128,GELU,1000,0.4982498653742596,0.49524956510103035,0.9811770943796394,1.9218234999570996
8,0.001,128,Softmax,50,0.5,0.4961261020571734,0.9846235418875928,1.7630479000508785
8,0.001,128,Softmax,100,0.5,0.4961261020571734,0.9846235418875928,1.4343882000539452
8,0.001,128,Softmax,300,0.5,0.4961261020571734,0.9846235418875928,1.1871320999925956
8,0.001,128,Softmax,500,0.5,0.4961261020571734,0.9846235418875928,1.2972946999361739
8,0.001,128,Softmax,1000,0.5,0.4961261020571734,0.9846235418875928,1.3212596999946982
8,0.0001,8,ReLU,50,0.5072744322507566,0.5100111482720178,0.982237539766702,21.124262399971485
8,0.0001,8,ReLU,100,0.5072744322507566,0.5100111482720178,0.982237539766702,26.548723399988376
8,0.0001,8,ReLU,300,0.5072744322507566,0.5100111482720178,0.982237539766702,42.16215390001889
8,0.0001,8,ReLU,500,0.5072744322507566,0.5100111482720178,0.982237539766702,22.198870199965313
8,0.0001,8,ReLU,1000,0.5072744322507566,0.5100111482720178,0.982237539766702,26.7968331000302
8,0.0001,8,Tanh,50,0.4989229940764674,0.4955870553623964,0.9825026511134677,15.734759900020435
8,0.0001,8,Tanh,100,0.4989229940764674,0.4955870553623964,0.9825026511134677,16.85271340003237
8,0.0001,8,Tanh,300,0.4989229940764674,0.4955870553623964,0.9825026511134677,9.96818790002726
8,0.0001,8,Tanh,500,0.4989229940764674,0.4955870553623964,0.9825026511134677,14.593729899963364
8,0.0001,8,Tanh,1000,0.4989229940764674,0.4955870553623964,0.9825026511134677,13.111586999963038
8,0.0001,8,Sigmoid,50,0.5,0.4961261020571734,0.9846235418875928,9.410130199976265
8,0.0001,8,Sigmoid,100,0.5,0.4961261020571734,0.9846235418875928,10.275820399983786
8,0.0001,8,Sigmoid,300,0.5,0.4961261020571734,0.9846235418875928,8.264198799966834
8,0.0001,8,Sigmoid,500,0.5,0.4961261020571734,0.9846235418875928,24.668993099941872
8,0.0001,8,Sigmoid,1000,0.5,0.4961261020571734,0.9846235418875928,18.389630899997428
8,0.0001,8,GELU,50,0.5072744322507566,0.5100111482720178,0.982237539766702,26.780256900005043
8,0.0001,8,GELU,100,0.5072744322507566,0.5100111482720178,0.982237539766702,28.410319700022228
8,0.0001,8,GELU,300,0.5072744322507566,0.5100111482720178,0.982237539766702,20.46133700001519
8,0.0001,8,GELU,500,0.5072744322507566,0.5100111482720178,0.982237539766702,20.574992200010456
8,0.0001,8,GELU,1000,0.5072744322507566,0.5100111482720178,0.982237539766702,20.08449479995761
8,0.0001,8,Softmax,50,0.5,0.4961261020571734,0.9846235418875928,10.136372499982826
8,0.0001,8,Softmax,100,0.5,0.4961261020571734,0.9846235418875928,12.118099799961783
8,0.0001,8,Softmax,300,0.5,0.4961261020571734,0.9846235418875928,9.930742600001395
8,0.0001,8,Softmax,500,0.5,0.4961261020571734,0.9846235418875928,6.485108499997295
8,0.0001,8,Softmax,1000,0.5,0.4961261020571734,0.9846235418875928,6.511592800030485
8,0.0001,16,ReLU,50,0.5074090579911983,0.5102917571522991,0.9825026511134677,6.372889399994165
8,0.0001,16,ReLU,100,0.5074090579911983,0.5102917571522991,0.9825026511134677,29.227572900010273
8,0.0001,16,ReLU,300,0.5074090579911983,0.5102917571522991,0.9825026511134677,30.457457900047302
8,0.0001,16,ReLU,500,0.5074090579911983,0.5102917571522991,0.9825026511134677,24.41163799993228
8,0.0001,16,ReLU,1000,0.5074090579911983,0.5102917571522991,0.9825026511134677,16.40035600005649
8,0.0001,16,Tanh,50,0.49932687129779213,0.4957893329768748,0.9832979851537645,20.225670599960722
8,0.0001,16,Tanh,100,0.49932687129779213,0.4957893329768748,0.9832979851537645,13.030626800027676
8,0.0001,16,Tanh,300,0.49932687129779213,0.4957893329768748,0.9832979851537645,21.29424029996153
8,0.0001,16,Tanh,500,0.49932687129779213,0.4957893329768748,0.9832979851537645,14.784598199999891
8,0.0001,16,Tanh,1000,0.49932687129779213,0.4957893329768748,0.9832979851537645,13.772287499974482
8,0.0001,16,Sigmoid,50,0.5,0.4961261020571734,0.9846235418875928,5.021954600000754
8,0.0001,16,Sigmoid,100,0.5,0.4961261020571734,0.9846235418875928,4.373975299997255
8,0.0001,16,Sigmoid,300,0.5,0.4961261020571734,0.9846235418875928,4.945881000021473
8,0.0001,16,Sigmoid,500,0.5,0.4961261020571734,0.9846235418875928,4.66697150003165
8,0.0001,16,Sigmoid,1000,0.5,0.4961261020571734,0.9846235418875928,4.617488699965179
8,0.0001,16,GELU,50,0.5074090579911983,0.5102917571522991,0.9825026511134677,22.26116989995353
8,0.0001,16,GELU,100,0.5074090579911983,0.5102917571522991,0.9825026511134677,21.84786310000345
8,0.0001,16,GELU,300,0.5074090579911983,0.5102917571522991,0.9825026511134677,22.613097099936567
8,0.0001,16,GELU,500,0.5074090579911983,0.5102917571522991,0.9825026511134677,12.8519788000267
8,0.0001,16,GELU,1000,0.5074090579911983,0.5102917571522991,0.9825026511134677,8.880579599994235
8,0.0001,16,Softmax,50,0.5,0.4961261020571734,0.9846235418875928,5.199715599999763
8,0.0001,16,Softmax,100,0.5,0.4961261020571734,0.9846235418875928,5.628438199986704
8,0.0001,16,Softmax,300,0.5,0.4961261020571734,0.9846235418875928,9.084602099959739
8,0.0001,16,Softmax,500,0.5,0.4961261020571734,0.9846235418875928,9.639946700073779
8,0.0001,16,Softmax,1000,0.5,0.4961261020571734,0.9846235418875928,7.224989300011657
8,0.0001,32,ReLU,50,0.5067359292889904,0.5089469235381374,0.9811770943796394,9.357467700028792
8,0.0001,32,ReLU,100,0.5067359292889904,0.5089469235381374,0.9811770943796394,6.343635899946094
8,0.0001,32,ReLU,300,0.5067359292889904,0.5089469235381374,0.9811770943796394,17.88611339998897
8,0.0001,32,ReLU,500,0.5067359292889904,0.5089469235381374,0.9811770943796394,17.50198589998763
8,0.0001,32,ReLU,1000,0.5067359292889904,0.5089469235381374,0.9811770943796394,10.846561899990775
8,0.0001,32,Tanh,50,0.49865374259558426,0.4954521134296415,0.9819724284199364,9.838058300083503
8,0.0001,32,Tanh,100,0.49865374259558426,0.4954521134296415,0.9819724284199364,14.754611400072463
8,0.0001,32,Tanh,300,0.49865374259558426,0.4954521134296415,0.9819724284199364,11.702430000063032
8,0.0001,32,Tanh,500,0.49865374259558426,0.4954521134296415,0.9819724284199364,10.645502600003965
8,0.0001,32,Tanh,1000,0.49865374259558426,0.4954521134296415,0.9819724284199364,7.36909980000928
8,0.0001,32,Sigmoid,50,0.5076783094720814,0.5108722961089904,0.9830328738069989,3.163717200048268
8,0.0001,32,Sigmoid,100,0.5076783094720814,0.5108722961089904,0.9830328738069989,3.169795099995099
8,0.0001,32,Sigmoid,300,0.5076783094720814,0.5108722961089904,0.9830328738069989,2.9126454000361264
8,0.0001,32,Sigmoid,500,0.5076783094720814,0.5108722961089904,0.9830328738069989,2.9913135999813676
8,0.0001,32,Sigmoid,1000,0.5076783094720814,0.5108722961089904,0.9830328738069989,2.6960450999904424
8,0.0001,32,GELU,50,0.5067359292889904,0.5089469235381374,0.9811770943796394,18.768187399953604
8,0.0001,32,GELU,100,0.5067359292889904,0.5089469235381374,0.9811770943796394,16.43015050003305
8,0.0001,32,GELU,300,0.5067359292889904,0.5089469235381374,0.9811770943796394,12.62079089996405
8,0.0001,32,GELU,500,0.5067359292889904,0.5089469235381374,0.9811770943796394,13.30090409994591
8,0.0001,32,GELU,1000,0.5067359292889904,0.5089469235381374,0.9811770943796394,11.933093399973586
8,0.0001,32,Softmax,50,0.5076783094720814,0.5108722961089904,0.9830328738069989,5.9962675999850035
8,0.0001,32,Softmax,100,0.5076783094720814,0.5108722961089904,0.9830328738069989,6.939281600061804
8,0.0001,32,Softmax,300,0.5076783094720814,0.5108722961089904,0.9830328738069989,8.79023539996706
8,0.0001,32,Softmax,500,0.5076783094720814,0.5108722961089904,0.9830328738069989,8.491495599970222
8,0.0001,32,Softmax,1000,0.5076783094720814,0.5108722961089904,0.9830328738069989,9.926628899993375
8,0.0001,64,ReLU,50,0.5066013035485488,0.5086942364050798,0.9809119830328739,15.485384600004181
8,0.0001,64,ReLU,100,0.5066013035485488,0.5086942364050798,0.9809119830328739,19.261468600016087
8,0.0001,64,ReLU,300,0.5066013035485488,0.5086942364050798,0.9809119830328739,11.211540300049819
8,0.0001,64,ReLU,500,0.5066013035485488,0.5086942364050798,0.9809119830328739,7.491656300029717
8,0.0001,64,ReLU,1000,0.5066013035485488,0.5086942364050798,0.9809119830328739,7.011857200064696
8,0.0001,64,Tanh,50,0.4974421109316101,0.4948439801794563,0.9795864262990456,5.322998600080609
8,0.0001,64,Tanh,100,0.4974421109316101,0.4948439801794563,0.9795864262990456,5.3483349999878556
8,0.0001,64,Tanh,300,0.4974421109316101,0.4948439801794563,0.9795864262990456,9.770938100060448
8,0.0001,64,Tanh,500,0.4974421109316101,0.4948439801794563,0.9795864262990456,9.754310599993914
8,0.0001,64,Tanh,1000,0.4974421109316101,0.4948439801794563,0.9795864262990456,8.60110229998827
8,0.0001,64,Sigmoid,50,0.5074090579911983,0.5102917571522991,0.9825026511134677,2.5645715000573546
8,0.0001,64,Sigmoid,100,0.5074090579911983,0.5102917571522991,0.9825026511134677,2.915556500083767
8,0.0001,64,Sigmoid,300,0.5074090579911983,0.5102917571522991,0.9825026511134677,5.372914999956265
8,0.0001,64,Sigmoid,500,0.5074090579911983,0.5102917571522991,0.9825026511134677,5.843242500093766
8,0.0001,64,Sigmoid,1000,0.5074090579911983,0.5102917571522991,0.9825026511134677,5.947663400089368
8,0.0001,64,GELU,50,0.5066013035485488,0.5086942364050798,0.9809119830328739,9.70480030006729
8,0.0001,64,GELU,100,0.5066013035485488,0.5086942364050798,0.9809119830328739,11.988611400010996
8,0.0001,64,GELU,300,0.5066013035485488,0.5086942364050798,0.9809119830328739,9.63391249999404
8,0.0001,64,GELU,500,0.5066013035485488,0.5086942364050798,0.9809119830328739,7.252086800057441
8,0.0001,64,GELU,1000,0.5066013035485488,0.5086942364050798,0.9809119830328739,6.0144006999908015
8,0.0001,64,Softmax,50,0.5074090579911983,0.5102917571522991,0.9825026511134677,2.5839992000255734
8,0.0001,64,Softmax,100,0.5074090579911983,0.5102917571522991,0.9825026511134677,1.8440752000315115
8,0.0001,64,Softmax,300,0.5074090579911983,0.5102917571522991,0.9825026511134677,2.55675730004441
8,0.0001,64,Softmax,500,0.5074090579911983,0.5102917571522991,0.9825026511134677,2.140436799963936
8,0.0001,64,Softmax,1000,0.5074090579911983,0.5102917571522991,0.9825026511134677,2.7088479000376537
8,0.0001,128,ReLU,50,0.6273188123224333,0.5130810872265916,0.8844114528101803,2.6831634999252856
8,0.0001,128,ReLU,100,0.5061974263272241,0.5079649157592107,0.9801166489925769,9.482247399981134
8,0.0001,128,ReLU,300,0.5061974263272241,0.5079649157592107,0.9801166489925769,19.49550169997383
8,0.0001,128,ReLU,500,0.5061974263272241,0.5079649157592107,0.9801166489925769,18.773915100027807
8,0.0001,128,ReLU,1000,0.5061974263272241,0.5079649157592107,0.9801166489925769,13.386926700011827
8,0.0001,128,Tanh,50,0.5893357844502627,0.5009222032935832,0.876458112407211,5.107015699963085
8,0.0001,128,Tanh,100,0.49596122778675283,0.49409871244635195,0.9766702014846236,6.242379000061192
8,0.0001,128,Tanh,300,0.49596122778675283,0.49409871244635195,0.9766702014846236,10.37791110004764
8,0.0001,128,Tanh,500,0.49596122778675283,0.49409871244635195,0.9766702014846236,13.099481799989007
8,0.0001,128,Tanh,1000,0.49596122778675283,0.49409871244635195,0.9766702014846236,10.45147219998762
8,0.0001,128,Sigmoid,50,0.5074090579911983,0.5102917571522991,0.9825026511134677,3.8945830001030117
8,0.0001,128,Sigmoid,100,0.5074090579911983,0.5102917571522991,0.9825026511134677,5.344201999949291
8,0.0001,128,Sigmoid,300,0.5074090579911983,0.5102917571522991,0.9825026511134677,5.328713900060393
8,0.0001,128,Sigmoid,500,0.5074090579911983,0.5102917571522991,0.9825026511134677,5.111281200079247
8,0.0001,128,Sigmoid,1000,0.5074090579911983,0.5102917571522991,0.9825026511134677,4.7088708999799564
8,0.0001,128,GELU,50,0.6273188123224333,0.5130810872265916,0.8844114528101803,5.326411599991843
8,0.0001,128,GELU,100,0.5061974263272241,0.5079649157592107,0.9801166489925769,12.048051199992187
8,0.0001,128,GELU,300,0.5061974263272241,0.5079649157592107,0.9801166489925769,10.985195099958219
8,0.0001,128,GELU,500,0.5061974263272241,0.5079649157592107,0.9801166489925769,10.045481100096367
8,0.0001,128,GELU,1000,0.5061974263272241,0.5079649157592107,0.9801166489925769,20.86822740000207
8,0.0001,128,Softmax,50,0.5074090579911983,0.5102917571522991,0.9825026511134677,5.9085044000530615
8,0.0001,128,Softmax,100,0.5074090579911983,0.5102917571522991,0.9825026511134677,5.680734000052325
8,0.0001,128,Softmax,300,0.5074090579911983,0.5102917571522991,0.9825026511134677,5.462958300020546
8,0.0001,128,Softmax,500,0.5074090579911983,0.5102917571522991,0.9825026511134677,4.234920799965039
8,0.0001,128,Softmax,1000,0.5074090579911983,0.5102917571522991,0.9825026511134677,5.217583499965258
8,0.00025,8,ReLU,50,0.5075436837316398,0.5105787100341546,0.9827677624602333,20.78258590004407
8,0.00025,8,ReLU,100,0.5075436837316398,0.5105787100341546,0.9827677624602333,13.742048399988562
8,0.00025,8,ReLU,300,0.5075436837316398,0.5105787100341546,0.9827677624602333,12.911235000006855
8,0.00025,8,ReLU,500,0.5075436837316398,0.5105787100341546,0.9827677624602333,20.98416679992806
8,0.00025,8,ReLU,1000,0.5075436837316398,0.5105787100341546,0.9827677624602333,10.782608899986371
8,0.00025,8,Tanh,50,0.49959612277867527,0.49592409461445947,0.9838282078472959,18.714937700075097
8,0.00025,8,Tanh,100,0.49959612277867527,0.49592409461445947,0.9838282078472959,24.729793400038034
8,0.00025,8,Tanh,300,0.49959612277867527,0.49592409461445947,0.9838282078472959,18.56249420007225
8,0.00025,8,Tanh,500,0.49959612277867527,0.49592409461445947,0.9838282078472959,12.26816430001054
8,0.00025,8,Tanh,1000,0.49959612277867527,0.49592409461445947,0.9838282078472959,27.045673500047997
8,0.00025,8,Sigmoid,50,0.5,0.4961261020571734,0.9846235418875928,16.73978890001308
8,0.00025,8,Sigmoid,100,0.5,0.4961261020571734,0.9846235418875928,21.34596840001177
8,0.00025,8,Sigmoid,300,0.5,0.4961261020571734,0.9846235418875928,21.11350840004161
8,0.00025,8,Sigmoid,500,0.5,0.4961261020571734,0.9846235418875928,17.66430159995798
8,0.00025,8,Sigmoid,1000,0.5,0.4961261020571734,0.9846235418875928,26.1475779999746
8,0.00025,8,GELU,50,0.5075436837316398,0.5105787100341546,0.9827677624602333,21.420143499970436
8,0.00025,8,GELU,100,0.5075436837316398,0.5105787100341546,0.9827677624602333,21.029341500019655
8,0.00025,8,GELU,300,0.5075436837316398,0.5105787100341546,0.9827677624602333,12.714714100002311
8,0.00025,8,GELU,500,0.5075436837316398,0.5105787100341546,0.9827677624602333,17.208264100016095
8,0.00025,8,GELU,1000,0.5075436837316398,0.5105787100341546,0.9827677624602333,14.691975299967453
8,0.00025,8,Softmax,50,0.5,0.4961261020571734,0.9846235418875928,16.647201199899428
8,0.00025,8,Softmax,100,0.5,0.4961261020571734,0.9846235418875928,16.62454639992211
8,0.00025,8,Softmax,300,0.5,0.4961261020571734,0.9846235418875928,12.557314499979839
8,0.00025,8,Softmax,500,0.5,0.4961261020571734,0.9846235418875928,9.92010470002424
8,0.00025,8,Softmax,1000,0.5,0.4961261020571734,0.9846235418875928,10.889571899897419
8,0.00025,16,ReLU,50,0.499057619816909,0.4956544992646076,0.9827677624602333,6.34900069993455
8,0.00025,16,ReLU,100,0.499057619816909,0.4956544992646076,0.9827677624602333,7.5823312000138685
8,0.00025,16,ReLU,300,0.499057619816909,0.4956544992646076,0.9827677624602333,8.050001699943095
8,0.00025,16,ReLU,500,0.499057619816909,0.4956544992646076,0.9827677624602333,11.823641899973154
8,0.00025,16,ReLU,1000,0.499057619816909,0.4956544992646076,0.9827677624602333,21.738206700072624
8,0.00025,16,Tanh,50,0.4994614970382337,0.49585672280139,0.9835630965005302,13.820116799906828
8,0.00025,16,Tanh,100,0.4994614970382337,0.49585672280139,0.9835630965005302,20.129985900013708
8,0.00025,16,Tanh,300,0.4994614970382337,0.49585672280139,0.9835630965005302,13.986838500015438
8,0.00025,16,Tanh,500,0.4994614970382337,0.49585672280139,0.9835630965005302,16.071792099974118
8,0.00025,16,Tanh,1000,0.4994614970382337,0.49585672280139,0.9835630965005302,8.827291000052355
8,0.00025,16,Sigmoid,50,0.5,0.4961261020571734,0.9846235418875928,6.5274500999366865
8,0.00025,16,Sigmoid,100,0.5,0.4961261020571734,0.9846235418875928,6.009671200066805
8,0.00025,16,Sigmoid,300,0.5,0.4961261020571734,0.9846235418875928,8.4432489000028
8,0.00025,16,Sigmoid,500,0.5,0.4961261020571734,0.9846235418875928,10.09440329996869
8,0.00025,16,Sigmoid,1000,0.5,0.4961261020571734,0.9846235418875928,9.800577300018631
8,0.00025,16,GELU,50,0.499057619816909,0.4956544992646076,0.9827677624602333,11.898148000007495
8,0.00025,16,GELU,100,0.499057619816909,0.4956544992646076,0.9827677624602333,7.928679500008002
8,0.00025,16,GELU,300,0.499057619816909,0.4956544992646076,0.9827677624602333,7.921794299967587
8,0.00025,16,GELU,500,0.499057619816909,0.4956544992646076,0.9827677624602333,6.7086153998970985
8,0.00025,16,GELU,1000,0.499057619816909,0.4956544992646076,0.9827677624602333,4.344902699929662
8,0.00025,16,Softmax,50,0.5,0.4961261020571734,0.9846235418875928,4.331376600079238
8,0.00025,16,Softmax,100,0.5,0.4961261020571734,0.9846235418875928,6.69958100002259
8,0.00025,16,Softmax,300,0.5,0.4961261020571734,0.9846235418875928,12.60164230002556
8,0.00025,16,Softmax,500,0.5,0.4961261020571734,0.9846235418875928,10.382817799923941
8,0.00025,16,Softmax,1000,0.5,0.4961261020571734,0.9846235418875928,15.765468299970962
8,0.00025,32,ReLU,50,0.5075436837316398,0.5105787100341546,0.9827677624602333,12.015167900011875
8,0.00025,32,ReLU,100,0.5075436837316398,0.5105787100341546,0.9827677624602333,10.001991200027987
8,0.00025,32,ReLU,300,0.5075436837316398,0.5105787100341546,0.9827677624602333,9.404051800025627
8,0.00025,32,ReLU,500,0.5075436837316398,0.5105787100341546,0.9827677624602333,6.444798000040464
8,0.00025,32,ReLU,1000,0.5075436837316398,0.5105787100341546,0.9827677624602333,8.127998900017701
8,0.00025,32,Tanh,50,0.49878836833602586,0.49551959341982077,0.982237539766702,12.139444199972786
8,0.00025,32,Tanh,100,0.49878836833602586,0.49551959341982077,0.982237539766702,13.933897400042042
8,0.00025,32,Tanh,300,0.49878836833602586,0.49551959341982077,0.982237539766702,16.40412050008308
8,0.00025,32,Tanh,500,0.49878836833602586,0.49551959341982077,0.982237539766702,11.935067999991588
8,0.00025,32,Tanh,1000,0.49878836833602586,0.49551959341982077,0.982237539766702,13.067906400072388
8,0.00025,32,Sigmoid,50,0.5,0.4961261020571734,0.9846235418875928,6.305831699981354
8,0.00025,32,Sigmoid,100,0.5,0.4961261020571734,0.9846235418875928,3.9735609999625012
8,0.00025,32,Sigmoid,300,0.5,0.4961261020571734,0.9846235418875928,3.7349651999538764
8,0.00025,32,Sigmoid,500,0.5,0.4961261020571734,0.9846235418875928,3.6481959000229836
8,0.00025,32,Sigmoid,1000,0.5,0.4961261020571734,0.9846235418875928,1.9757120999274775
8,0.00025,32,GELU,50,0.5075436837316398,0.5105787100341546,0.9827677624602333,2.3900376999517903
8,0.00025,32,GELU,100,0.5075436837316398,0.5105787100341546,0.9827677624602333,2.6691440999275073
8,0.00025,32,GELU,300,0.5075436837316398,0.5105787100341546,0.9827677624602333,2.5899725999915972
8,0.00025,32,GELU,500,0.5075436837316398,0.5105787100341546,0.9827677624602333,2.170460700057447
8,0.00025,32,GELU,1000,0.5075436837316398,0.5105787100341546,0.9827677624602333,3.990241799969226
8,0.00025,32,Softmax,50,0.5,0.4961261020571734,0.9846235418875928,3.302697299979627
8,0.00025,32,Softmax,100,0.5,0.4961261020571734,0.9846235418875928,3.0163828999502584
8,0.00025,32,Softmax,300,0.5,0.4961261020571734,0.9846235418875928,1.9939856000710279
8,0.00025,32,Softmax,500,0.5,0.4961261020571734,0.9846235418875928,2.0562981000402942
8,0.00025,32,Softmax,1000,0.5,0.4961261020571734,0.9846235418875928,2.5079140999587253
8,0.00025,64,ReLU,50,0.5071398065103151,0.5097366107267097,0.9819724284199364,7.12786440004129
8,0.00025,64,ReLU,100,0.5071398065103151,0.5097366107267097,0.9819724284199364,9.459456300013699
8,0.00025,64,ReLU,300,0.5071398065103151,0.5097366107267097,0.9819724284199364,4.438571500009857
8,0.00025,64,ReLU,500,0.5071398065103151,0.5097366107267097,0.9819724284199364,4.615244199987501
8,0.00025,64,ReLU,1000,0.5071398065103151,0.5097366107267097,0.9819724284199364,3.839075000025332
8,0.00025,64,Tanh,50,0.49878836833602586,0.49551959341982077,0.982237539766702,7.692355699953623
8,0.00025,64,Tanh,100,0.49878836833602586,0.49551959341982077,0.982237539766702,20.1744051000569
8,0.00025,64,Tanh,300,0.49878836833602586,0.49551959341982077,0.982237539766702,7.348782800021581
8,0.00025,64,Tanh,500,0.49878836833602586,0.49551959341982077,0.982237539766702,7.414843500009738
8,0.00025,64,Tanh,1000,0.49878836833602586,0.49551959341982077,0.982237539766702,9.122549200081266
8,0.00025,64,Sigmoid,50,0.5,0.4961261020571734,0.9846235418875928,5.861563199898228
8,0.00025,64,Sigmoid,100,0.5,0.4961261020571734,0.9846235418875928,5.767548599978909
8,0.00025,64,Sigmoid,300,0.5,0.4961261020571734,0.9846235418875928,6.757214399985969
8,0.00025,64,Sigmoid,500,0.5,0.4961261020571734,0.9846235418875928,5.782857700018212
8,0.00025,64,Sigmoid,1000,0.5,0.4961261020571734,0.9846235418875928,6.7916140999877825
8,0.00025,64,GELU,50,0.5071398065103151,0.5097366107267097,0.9819724284199364,12.835614799987525
8,0.00025,64,GELU,100,0.5071398065103151,0.5097366107267097,0.9819724284199364,4.834952099947259
8,0.00025,64,GELU,300,0.5071398065103151,0.5097366107267097,0.9819724284199364,5.6270120999543
8,0.00025,64,GELU,500,0.5071398065103151,0.5097366107267097,0.9819724284199364,6.949361599981785
8,0.00025,64,GELU,1000,0.5071398065103151,0.5097366107267097,0.9819724284199364,9.819145999965258
8,0.00025,64,Softmax,50,0.5,0.4961261020571734,0.9846235418875928,5.467570899985731
8,0.00025,64,Softmax,100,0.5,0.4961261020571734,0.9846235418875928,3.8767735000001267
8,0.00025,64,Softmax,300,0.5,0.4961261020571734,0.9846235418875928,4.336895699962042
8,0.00025,64,Softmax,500,0.5,0.4961261020571734,0.9846235418875928,3.246446800068952
8,0.00025,64,Softmax,1000,0.5,0.4961261020571734,0.9846235418875928,2.7447365999687463
8,0.00025,128,ReLU,50,0.5063320520676656,0.5082034223212021,0.9803817603393425,3.3706544999731705
8,0.00025,128,ReLU,100,0.5063320520676656,0.5082034223212021,0.9803817603393425,2.290731000015512
8,0.00025,128,ReLU,300,0.5063320520676656,0.5082034223212021,0.9803817603393425,2.4635480999713764
8,0.00025,128,ReLU,500,0.5063320520676656,0.5082034223212021,0.9803817603393425,2.7894780000206083
8,0.00025,128,ReLU,1000,0.5063320520676656,0.5082034223212021,0.9803817603393425,5.4918783999746665
8,0.00025,128,Tanh,50,0.4974421109316101,0.4948439801794563,0.9795864262990456,5.73011410003528
8,0.00025,128,Tanh,100,0.4974421109316101,0.4948439801794563,0.9795864262990456,3.6524966000579298
8,0.00025,128,Tanh,300,0.4974421109316101,0.4948439801794563,0.9795864262990456,3.3994706999510527
8,0.00025,128,Tanh,500,0.4974421109316101,0.4948439801794563,0.9795864262990456,7.229877499979921
8,0.00025,128,Tanh,1000,0.4974421109316101,0.4948439801794563,0.9795864262990456,12.354500400018878
8,0.00025,128,Sigmoid,50,0.5080821866934061,0.5117960208188788,0.9838282078472959,3.947016700054519
8,0.00025,128,Sigmoid,100,0.5080821866934061,0.5117960208188788,0.9838282078472959,3.724731900030747
8,0.00025,128,Sigmoid,300,0.5080821866934061,0.5117960208188788,0.9838282078472959,3.527325400034897
8,0.00025,128,Sigmoid,500,0.5080821866934061,0.5117960208188788,0.9838282078472959,3.5341092000016943
8,0.00025,128,Sigmoid,1000,0.5080821866934061,0.5117960208188788,0.9838282078472959,3.5734543999424204
8,0.00025,128,GELU,50,0.5063320520676656,0.5082034223212021,0.9803817603393425,6.84979669994209
8,0.00025,128,GELU,100,0.5063320520676656,0.5082034223212021,0.9803817603393425,7.488672999897972
8,0.00025,128,GELU,300,0.5063320520676656,0.5082034223212021,0.9803817603393425,9.569155799923465
8,0.00025,128,GELU,500,0.5063320520676656,0.5082034223212021,0.9803817603393425,10.792232899926603
8,0.00025,128,GELU,1000,0.5063320520676656,0.5082034223212021,0.9803817603393425,6.3792375000193715
8,0.00025,128,Softmax,50,0.5080821866934061,0.5117960208188788,0.9838282078472959,3.3814763999544084
8,0.00025,128,Softmax,100,0.5080821866934061,0.5117960208188788,0.9838282078472959,4.353844000026584
8,0.00025,128,Softmax,300,0.5080821866934061,0.5117960208188788,0.9838282078472959,2.5945594999939203
8,0.00025,128,Softmax,500,0.5080821866934061,0.5117960208188788,0.9838282078472959,2.8361556999152526
8,0.00025,128,Softmax,1000,0.5080821866934061,0.5117960208188788,0.9838282078472959,4.00050750002265
16,0.01,8,ReLU,50,0.5425649453140958,0.5708151764914893,0.9848886532343585,37.443307899986394
16,0.01,8,ReLU,100,0.5425649453140958,0.5708151764914893,0.9848886532343585,26.447672199923545
16,0.01,8,ReLU,300,0.5425649453140958,0.5708151764914893,0.9848886532343585,21.095864000031725
16,0.01,8,ReLU,500,0.5425649453140958,0.5708151764914893,0.9848886532343585,13.861202799947932
16,0.01,8,ReLU,1000,0.5425649453140958,0.5708151764914893,0.9848886532343585,11.515688100014813
16,0.01,8,Tanh,50,0.5,0.4961261020571734,0.9846235418875928,4.72439420002047
16,0.01,8,Tanh,100,0.5,0.4961261020571734,0.9846235418875928,6.527926200069487
16,0.01,8,Tanh,300,0.5,0.4961261020571734,0.9846235418875928,5.91602280002553
16,0.01,8,Tanh,500,0.5,0.4961261020571734,0.9846235418875928,4.739967399975285
16,0.01,8,Tanh,1000,0.5,0.4961261020571734,0.9846235418875928,8.973574799951166
16,0.01,8,Sigmoid,50,0.5,0.4961261020571734,0.9846235418875928,9.70116020005662
16,0.01,8,Sigmoid,100,0.5,0.4961261020571734,0.9846235418875928,9.724442300037481
16,0.01,8,Sigmoid,300,0.5,0.4961261020571734,0.9846235418875928,10.34968620003201
16,0.01,8,Sigmoid,500,0.5,0.4961261020571734,0.9846235418875928,12.743292100029066
16,0.01,8,Sigmoid,1000,0.5,0.4961261020571734,0.9846235418875928,18.67062370001804
16,0.01,8,GELU,50,0.5425649453140958,0.5708151764914893,0.9848886532343585,26.81332089996431
16,0.01,8,GELU,100,0.5425649453140958,0.5708151764914893,0.9848886532343585,20.756543700001203
16,0.01,8,GELU,300,0.5425649453140958,0.5708151764914893,0.9848886532343585,29.036167000071146
16,0.01,8,GELU,500,0.5425649453140958,0.5708151764914893,0.9848886532343585,26.658188099972904
16,0.01,8,GELU,1000,0.5425649453140958,0.5708151764914893,0.9848886532343585,12.151226000045426
16,0.01,8,Softmax,50,0.5,0.4961261020571734,0.9846235418875928,12.62699589994736
16,0.01,8,Softmax,100,0.5,0.4961261020571734,0.9846235418875928,14.322394300019369
16,0.01,8,Softmax,300,0.5,0.4961261020571734,0.9846235418875928,10.986868900014088
16,0.01,8,Softmax,500,0.5,0.4961261020571734,0.9846235418875928,25.547097699949518
16,0.01,8,Softmax,1000,0.5,0.4961261020571734,0.9846235418875928,16.32423689996358
16,0.01,16,ReLU,50,0.5169721278294617,0.5283820955238809,0.9846235418875928,11.946038599940948
16,0.01,16,ReLU,100,0.5169721278294617,0.5283820955238809,0.9846235418875928,19.39974650007207
16,0.01,16,ReLU,300,0.5169721278294617,0.5283820955238809,0.9846235418875928,17.554457999998704
16,0.01,16,ReLU,500,0.5169721278294617,0.5283820955238809,0.9846235418875928,15.301559099927545
16,0.01,16,ReLU,1000,0.5169721278294617,0.5283820955238809,0.9846235418875928,14.702262900071219
16,0.01,16,Tanh,50,0.5,0.4961261020571734,0.9846235418875928,9.150382999912836
16,0.01,16,Tanh,100,0.5,0.4961261020571734,0.9846235418875928,10.816220100037754
16,0.01,16,Tanh,300,0.5,0.4961261020571734,0.9846235418875928,6.380474999896251
16,0.01,16,Tanh,500,0.5,0.4961261020571734,0.9846235418875928,5.670209500007331
16,0.01,16,Tanh,1000,0.5,0.4961261020571734,0.9846235418875928,4.899590100045316
16,0.01,16,Sigmoid,50,0.5,0.4961261020571734,0.9846235418875928,6.695509399985895
16,0.01,16,Sigmoid,100,0.5,0.4961261020571734,0.9846235418875928,4.715289899962954
16,0.01,16,Sigmoid,300,0.5,0.4961261020571734,0.9846235418875928,2.9495899999747053
16,0.01,16,Sigmoid,500,0.5,0.4961261020571734,0.9846235418875928,2.0838449000148103
16,0.01,16,Sigmoid,1000,0.5,0.4961261020571734,0.9846235418875928,5.346057899994776
16,0.01,16,GELU,50,0.5169721278294617,0.5283820955238809,0.9846235418875928,5.010027099982835
16,0.01,16,GELU,100,0.5169721278294617,0.5283820955238809,0.9846235418875928,4.413247299962677
16,0.01,16,GELU,300,0.5169721278294617,0.5283820955238809,0.9846235418875928,13.22555229999125
16,0.01,16,GELU,500,0.5169721278294617,0.5283820955238809,0.9846235418875928,7.4003305999794975
16,0.01,16,GELU,1000,0.5169721278294617,0.5283820955238809,0.9846235418875928,11.224155900068581
16,0.01,16,Softmax,50,0.5,0.4961261020571734,0.9846235418875928,6.4323815000243485
16,0.01,16,Softmax,100,0.5,0.4961261020571734,0.9846235418875928,9.773848399985582
16,0.01,16,Softmax,300,0.5,0.4961261020571734,0.9846235418875928,7.965149399940856
16,0.01,16,Softmax,500,0.5,0.4961261020571734,0.9846235418875928,10.667394799995236
16,0.01,16,Softmax,1000,0.5,0.4961261020571734,0.9846235418875928,8.067448599962518
16,0.01,32,ReLU,50,0.5,0.4961261020571734,0.9846235418875928,7.777753600035794
16,0.01,32,ReLU,100,0.5,0.4961261020571734,0.9846235418875928,5.794056099955924
16,0.01,32,ReLU,300,0.5,0.4961261020571734,0.9846235418875928,4.304420200060122
16,0.01,32,ReLU,500,0.5,0.4961261020571734,0.9846235418875928,5.906566599966027
16,0.01,32,ReLU,1000,0.5,0.4961261020571734,0.9846235418875928,4.314562399988063
16,0.01,32,Tanh,50,0.5,0.4961261020571734,0.9846235418875928,4.942179200006649
16,0.01,32,Tanh,100,0.5,0.4961261020571734,0.9846235418875928,6.531141299987212
16,0.01,32,Tanh,300,0.5,0.4961261020571734,0.9846235418875928,4.413285300019197
16,0.01,32,Tanh,500,0.5,0.4961261020571734,0.9846235418875928,3.728346199961379
16,0.01,32,Tanh,1000,0.5,0.4961261020571734,0.9846235418875928,3.39294529997278
16,0.01,32,Sigmoid,50,0.5,0.4961261020571734,0.9846235418875928,3.0410676999017596
16,0.01,32,Sigmoid,100,0.5,0.4961261020571734,0.9846235418875928,2.8524816000135615
16,0.01,32,Sigmoid,300,0.5,0.4961261020571734,0.9846235418875928,2.0324777000350878
16,0.01,32,Sigmoid,500,0.5,0.4961261020571734,0.9846235418875928,1.5345792999723926
16,0.01,32,Sigmoid,1000,0.5,0.4961261020571734,0.9846235418875928,1.3013486999552697
16,0.01,32,GELU,50,0.5,0.4961261020571734,0.9846235418875928,1.623966999934055
16,0.01,32,GELU,100,0.5,0.4961261020571734,0.9846235418875928,1.1496438999893144
16,0.01,32,GELU,300,0.5,0.4961261020571734,0.9846235418875928,2.7525204999838024
16,0.01,32,GELU,500,0.5,0.4961261020571734,0.9846235418875928,2.3144695999799296
16,0.01,32,GELU,1000,0.5,0.4961261020571734,0.9846235418875928,2.1816143000032753
16,0.01,32,Softmax,50,0.5,0.4961261020571734,0.9846235418875928,6.127066400018521
16,0.01,32,Softmax,100,0.5,0.4961261020571734,0.9846235418875928,7.640318399993703
16,0.01,32,Softmax,300,0.5,0.4961261020571734,0.9846235418875928,8.623901899904013
16,0.01,32,Softmax,500,0.5,0.4961261020571734,0.9846235418875928,8.30734709999524
16,0.01,32,Softmax,1000,0.5,0.4961261020571734,0.9846235418875928,12.185767999966629
16,0.01,64,ReLU,50,0.5,0.4961261020571734,0.9846235418875928,9.169737000018358
16,0.01,64,ReLU,100,0.5,0.4961261020571734,0.9846235418875928,6.125534699996933
16,0.01,64,ReLU,300,0.5,0.4961261020571734,0.9846235418875928,6.130420600064099
16,0.01,64,ReLU,500,0.5,0.4961261020571734,0.9846235418875928,5.544859299901873
16,0.01,64,ReLU,1000,0.5,0.4961261020571734,0.9846235418875928,6.422055699978955
16,0.01,64,Tanh,50,0.5,0.4961261020571734,0.9846235418875928,5.893140999949537
16,0.01,64,Tanh,100,0.5,0.4961261020571734,0.9846235418875928,6.325129000004381
16,0.01,64,Tanh,300,0.5,0.4961261020571734,0.9846235418875928,6.608019600040279
16,0.01,64,Tanh,500,0.5,0.4961261020571734,0.9846235418875928,6.189332799986005
16,0.01,64,Tanh,1000,0.5,0.4961261020571734,0.9846235418875928,6.243780699907802
16,0.01,64,Sigmoid,50,0.5,0.4961261020571734,0.9846235418875928,5.861587499966845
16,0.01,64,Sigmoid,100,0.5,0.4961261020571734,0.9846235418875928,4.993760699988343
16,0.01,64,Sigmoid,300,0.5,0.4961261020571734,0.9846235418875928,5.430751499952748
16,0.01,64,Sigmoid,500,0.5,0.4961261020571734,0.9846235418875928,3.544845800031908
16,0.01,64,Sigmoid,1000,0.5,0.4961261020571734,0.9846235418875928,4.272452900069766
16,0.01,64,GELU,50,0.5,0.4961261020571734,0.9846235418875928,4.034835000056773
16,0.01,64,GELU,100,0.5,0.4961261020571734,0.9846235418875928,4.190020100097172
16,0.01,64,GELU,300,0.5,0.4961261020571734,0.9846235418875928,3.807901799911633
16,0.01,64,GELU,500,0.5,0.4961261020571734,0.9846235418875928,3.833994899992831
16,0.01,64,GELU,1000,0.5,0.4961261020571734,0.9846235418875928,4.082198600051925
16,0.01,64,Softmax,50,0.5,0.4961261020571734,0.9846235418875928,3.6653451999882236
16,0.01,64,Softmax,100,0.5,0.4961261020571734,0.9846235418875928,2.6210295000346377
16,0.01,64,Softmax,300,0.5,0.4961261020571734,0.9846235418875928,2.468171799904667
16,0.01,64,Softmax,500,0.5,0.4961261020571734,0.9846235418875928,2.3576174998888746
16,0.01,64,Softmax,1000,0.5,0.4961261020571734,0.9846235418875928,2.506205699988641
16,0.01,128,ReLU,50,0.5,0.4961261020571734,0.9846235418875928,1.6778466999530792
16,0.01,128,ReLU,100,0.5,0.4961261020571734,0.9846235418875928,1.7769924000604078
16,0.01,128,ReLU,300,0.5,0.4961261020571734,0.9846235418875928,1.1429555000504479
16,0.01,128,ReLU,500,0.5,0.4961261020571734,0.9846235418875928,1.4824099000543356
16,0.01,128,ReLU,1000,0.5,0.4961261020571734,0.9846235418875928,1.7739550999831408
16,0.01,128,Tanh,50,0.5,0.4961261020571734,0.9846235418875928,1.390451000072062
16,0.01,128,Tanh,100,0.5,0.4961261020571734,0.9846235418875928,0.9850038000149652
16,0.01,128,Tanh,300,0.5,0.4961261020571734,0.9846235418875928,1.3591382000595331
16,0.01,128,Tanh,500,0.5,0.4961261020571734,0.9846235418875928,2.0671757000964135
16,0.01,128,Tanh,1000,0.5,0.4961261020571734,0.9846235418875928,1.5242940000025555
16,0.01,128,Sigmoid,50,0.5,0.4961261020571734,0.9846235418875928,1.3442465000553057
16,0.01,128,Sigmoid,100,0.5,0.4961261020571734,0.9846235418875928,1.286843099980615
16,0.01,128,Sigmoid,300,0.5,0.4961261020571734,0.9846235418875928,1.4384315999923274
16,0.01,128,Sigmoid,500,0.5,0.4961261020571734,0.9846235418875928,1.2802038000663742
16,0.01,128,Sigmoid,1000,0.5,0.4961261020571734,0.9846235418875928,1.3957175000105053
16,0.01,128,GELU,50,0.5,0.4961261020571734,0.9846235418875928,1.8218109000008553
16,0.01,128,GELU,100,0.5,0.4961261020571734,0.9846235418875928,1.461702200002037
16,0.01,128,GELU,300,0.5,0.4961261020571734,0.9846235418875928,1.1173212000867352
16,0.01,128,GELU,500,0.5,0.4961261020571734,0.9846235418875928,1.0712541999528185
16,0.01,128,GELU,1000,0.5,0.4961261020571734,0.9846235418875928,1.298793200054206
16,0.01,128,Softmax,50,0.5,0.4961261020571734,0.9846235418875928,0.9072873999830335
16,0.01,128,Softmax,100,0.5,0.4961261020571734,0.9846235418875928,0.9605945000657812
16,0.01,128,Softmax,300,0.5,0.4961261020571734,0.9846235418875928,1.1553658000193536
16,0.01,128,Softmax,500,0.5,0.4961261020571734,0.9846235418875928,0.9729829001007602
16,0.01,128,Softmax,1000,0.5,0.4961261020571734,0.9846235418875928,2.3156593999592587
16,0.001,8,ReLU,50,0.5,0.4961261020571734,0.9846235418875928,21.514144800021313
16,0.001,8,ReLU,100,0.5,0.4961261020571734,0.9846235418875928,17.74004040006548
16,0.001,8,ReLU,300,0.5,0.4961261020571734,0.9846235418875928,25.74335240002256
16,0.001,8,ReLU,500,0.5,0.4961261020571734,0.9846235418875928,18.2195835999446
16,0.001,8,ReLU,1000,0.5,0.4961261020571734,0.9846235418875928,20.94085150002502
16,0.001,8,Tanh,50,0.5,0.4961261020571734,0.9846235418875928,16.305598400067538
16,0.001,8,Tanh,100,0.5,0.4961261020571734,0.9846235418875928,11.044111800030805
16,0.001,8,Tanh,300,0.5,0.4961261020571734,0.9846235418875928,7.880235599935986
16,0.001,8,Tanh,500,0.5,0.4961261020571734,0.9846235418875928,6.8296352999750525
16,0.001,8,Tanh,1000,0.5,0.4961261020571734,0.9846235418875928,13.04966899997089
16,0.001,8,Sigmoid,50,0.5,0.4961261020571734,0.9846235418875928,20.156919299974106
16,0.001,8,Sigmoid,100,0.5,0.4961261020571734,0.9846235418875928,19.875432399916463
16,0.001,8,Sigmoid,300,0.5,0.4961261020571734,0.9846235418875928,27.44306449999567
16,0.001,8,Sigmoid,500,0.5,0.4961261020571734,0.9846235418875928,17.167435600073077
16,0.001,8,Sigmoid,1000,0.5,0.4961261020571734,0.9846235418875928,22.590361000038683
16,0.001,8,GELU,50,0.5,0.4961261020571734,0.9846235418875928,17.422401300049387
16,0.001,8,GELU,100,0.5,0.4961261020571734,0.9846235418875928,23.06468660000246
16,0.001,8,GELU,300,0.5,0.4961261020571734,0.9846235418875928,16.636745199910365
16,0.001,8,GELU,500,0.5,0.4961261020571734,0.9846235418875928,15.480677100014873
16,0.001,8,GELU,1000,0.5,0.4961261020571734,0.9846235418875928,13.679677900043316
16,0.001,8,Softmax,50,0.5,0.4961261020571734,0.9846235418875928,19.31627029995434
16,0.001,8,Softmax,100,0.5,0.4961261020571734,0.9846235418875928,18.98241170006804
16,0.001,8,Softmax,300,0.5,0.4961261020571734,0.9846235418875928,28.34984679997433
16,0.001,8,Softmax,500,0.5,0.4961261020571734,0.9846235418875928,22.182159399962984
16,0.001,8,Softmax,1000,0.5,0.4961261020571734,0.9846235418875928,19.042138700024225
16,0.001,16,ReLU,50,0.5,0.4961261020571734,0.9846235418875928,9.119879800011404
16,0.001,16,ReLU,100,0.5,0.4961261020571734,0.9846235418875928,11.684724799939431
16,0.001,16,ReLU,300,0.5,0.4961261020571734,0.9846235418875928,9.776794499950483
16,0.001,16,ReLU,500,0.5,0.4961261020571734,0.9846235418875928,6.757254399941303
16,0.001,16,ReLU,1000,0.5,0.4961261020571734,0.9846235418875928,8.035560499993153
16,0.001,16,Tanh,50,0.5,0.4961261020571734,0.9846235418875928,6.082957100006752
16,0.001,16,Tanh,100,0.5,0.4961261020571734,0.9846235418875928,7.81318130006548
16,0.001,16,Tanh,300,0.5,0.4961261020571734,0.9846235418875928,5.968373699928634
16,0.001,16,Tanh,500,0.5,0.4961261020571734,0.9846235418875928,6.5572401999961585
16,0.001,16,Tanh,1000,0.5,0.4961261020571734,0.9846235418875928,4.682306400034577
16,0.001,16,Sigmoid,50,0.5,0.4961261020571734,0.9846235418875928,4.290518600028008
16,0.001,16,Sigmoid,100,0.5,0.4961261020571734,0.9846235418875928,3.4467235000338405
16,0.001,16,Sigmoid,300,0.5,0.4961261020571734,0.9846235418875928,2.988104300107807
16,0.001,16,Sigmoid,500,0.5,0.4961261020571734,0.9846235418875928,3.6836562999524176
16,0.001,16,Sigmoid,1000,0.5,0.4961261020571734,0.9846235418875928,3.233291400014423
16,0.001,16,GELU,50,0.5,0.4961261020571734,0.9846235418875928,5.236045000026934
16,0.001,16,GELU,100,0.5,0.4961261020571734,0.9846235418875928,6.111862599966116
16,0.001,16,GELU,300,0.5,0.4961261020571734,0.9846235418875928,5.700951499980874
16,0.001,16,GELU,500,0.5,0.4961261020571734,0.9846235418875928,8.01838989998214
16,0.001,16,GELU,1000,0.5,0.4961261020571734,0.9846235418875928,7.35313929989934
16,0.001,16,Softmax,50,0.5,0.4961261020571734,0.9846235418875928,5.213215499999933
16,0.001,16,Softmax,100,0.5,0.4961261020571734,0.9846235418875928,5.9847599000204355
16,0.001,16,Softmax,300,0.5,0.4961261020571734,0.9846235418875928,5.513325399952009
16,0.001,16,Softmax,500,0.5,0.4961261020571734,0.9846235418875928,5.100199299980886
16,0.001,16,Softmax,1000,0.5,0.4961261020571734,0.9846235418875928,5.22025529993698
16,0.001,32,ReLU,50,0.4998653742595584,0.49605878423513694,0.9843584305408272,6.623832799959928
16,0.001,32,ReLU,100,0.4998653742595584,0.49605878423513694,0.9843584305408272,5.436909599928185
16,0.001,32,ReLU,300,0.4998653742595584,0.49605878423513694,0.9843584305408272,8.727353899972513
16,0.001,32,ReLU,500,0.4998653742595584,0.49605878423513694,0.9843584305408272,7.428711400018074
16,0.001,32,ReLU,1000,0.4998653742595584,0.49605878423513694,0.9843584305408272,9.03541759995278
16,0.001,32,Tanh,50,0.4989229940764674,0.4955870553623964,0.9825026511134677,9.010156000033021
16,0.001,32,Tanh,100,0.4989229940764674,0.4955870553623964,0.9825026511134677,7.0755587000167
16,0.001,32,Tanh,300,0.4989229940764674,0.4955870553623964,0.9825026511134677,8.206299099954776
16,0.001,32,Tanh,500,0.4989229940764674,0.4955870553623964,0.9825026511134677,6.850966700003482
16,0.001,32,Tanh,1000,0.4989229940764674,0.4955870553623964,0.9825026511134677,7.357141399988905
16,0.001,32,Sigmoid,50,0.5,0.4961261020571734,0.9846235418875928,8.955396300065331
16,0.001,32,Sigmoid,100,0.5,0.4961261020571734,0.9846235418875928,5.811279500019737
16,0.001,32,Sigmoid,300,0.5,0.4961261020571734,0.9846235418875928,7.173048499971628
16,0.001,32,Sigmoid,500,0.5,0.4961261020571734,0.9846235418875928,6.0244930000044405
16,0.001,32,Sigmoid,1000,0.5,0.4961261020571734,0.9846235418875928,4.745424799970351
16,0.001,32,GELU,50,0.4998653742595584,0.49605878423513694,0.9843584305408272,5.555062799947336
16,0.001,32,GELU,100,0.4998653742595584,0.49605878423513694,0.9843584305408272,5.984985499992035
16,0.001,32,GELU,300,0.4998653742595584,0.49605878423513694,0.9843584305408272,5.6282000000355765
16,0.001,32,GELU,500,0.4998653742595584,0.49605878423513694,0.9843584305408272,6.602885499945842
16,0.001,32,GELU,1000,0.4998653742595584,0.49605878423513694,0.9843584305408272,6.630037599941716
16,0.001,32,Softmax,50,0.5,0.4961261020571734,0.9846235418875928,5.197099899989553
16,0.001,32,Softmax,100,0.5,0.4961261020571734,0.9846235418875928,5.241133300005458
16,0.001,32,Softmax,300,0.5,0.4961261020571734,0.9846235418875928,5.087035899981856
16,0.001,32,Softmax,500,0.5,0.4961261020571734,0.9846235418875928,4.992682500043884
16,0.001,32,Softmax,1000,0.5,0.4961261020571734,0.9846235418875928,4.479631600086577
16,0.001,64,ReLU,50,0.49973074851911686,0.49599144842330306,0.9840933191940615,2.7866815000306815
16,0.001,64,ReLU,100,0.49973074851911686,0.49599144842330306,0.9840933191940615,2.499411500059068
16,0.001,64,ReLU,300,0.49973074851911686,0.49599144842330306,0.9840933191940615,2.6304355000611395
16,0.001,64,ReLU,500,0.49973074851911686,0.49599144842330306,0.9840933191940615,4.172103899996728
16,0.001,64,ReLU,1000,0.49973074851911686,0.49599144842330306,0.9840933191940615,2.0429807000327855
16,0.001,64,Tanh,50,0.499057619816909,0.4956544992646076,0.9827677624602333,1.958707599900663
16,0.001,64,Tanh,100,0.499057619816909,0.4956544992646076,0.9827677624602333,2.0841924999840558
16,0.001,64,Tanh,300,0.499057619816909,0.4956544992646076,0.9827677624602333,1.8523552999831736
16,0.001,64,Tanh,500,0.499057619816909,0.4956544992646076,0.9827677624602333,2.154618499916978
16,0.001,64,Tanh,1000,0.499057619816909,0.4956544992646076,0.9827677624602333,2.526654100045562
16,0.001,64,Sigmoid,50,0.5,0.4961261020571734,0.9846235418875928,1.6053246000083163
16,0.001,64,Sigmoid,100,0.5,0.4961261020571734,0.9846235418875928,1.5454725999152288
16,0.001,64,Sigmoid,300,0.5,0.4961261020571734,0.9846235418875928,1.486572099965997
16,0.001,64,Sigmoid,500,0.5,0.4961261020571734,0.9846235418875928,1.6569435999263078
16,0.001,64,Sigmoid,1000,0.5,0.4961261020571734,0.9846235418875928,2.558161700027995
16,0.001,64,GELU,50,0.49973074851911686,0.49599144842330306,0.9840933191940615,3.319931000005454
16,0.001,64,GELU,100,0.49973074851911686,0.49599144842330306,0.9840933191940615,3.7119915999937803
16,0.001,64,GELU,300,0.49973074851911686,0.49599144842330306,0.9840933191940615,4.0890073999762535
16,0.001,64,GELU,500,0.49973074851911686,0.49599144842330306,0.9840933191940615,4.815063399961218
16,0.001,64,GELU,1000,0.49973074851911686,0.49599144842330306,0.9840933191940615,4.417645400040783
16,0.001,64,Softmax,50,0.5,0.4961261020571734,0.9846235418875928,4.544837999972515
16,0.001,64,Softmax,100,0.5,0.4961261020571734,0.9846235418875928,2.8087619999423623
16,0.001,64,Softmax,300,0.5,0.4961261020571734,0.9846235418875928,4.9720168999629095
16,0.001,64,Softmax,500,0.5,0.4961261020571734,0.9846235418875928,4.945991199929267
16,0.001,64,Softmax,1000,0.5,0.4961261020571734,0.9846235418875928,4.93596570007503
16,0.001,128,ReLU,50,0.49973074851911686,0.49599144842330306,0.9840933191940615,3.452200699946843
16,0.001,128,ReLU,100,0.49973074851911686,0.49599144842330306,0.9840933191940615,3.888897500000894
16,0.001,128,ReLU,300,0.49973074851911686,0.49599144842330306,0.9840933191940615,4.116479699965566
16,0.001,128,ReLU,500,0.49973074851911686,0.49599144842330306,0.9840933191940615,4.1941648999927565
16,0.001,128,ReLU,1000,0.49973074851911686,0.49599144842330306,0.9840933191940615,2.7042319000465795
16,0.001,128,Tanh,50,0.4989229940764674,0.4955870553623964,0.9825026511134677,3.5456488000927493
16,0.001,128,Tanh,100,0.4989229940764674,0.4955870553623964,0.9825026511134677,2.1964178000343964
16,0.001,128,Tanh,300,0.4989229940764674,0.4955870553623964,0.9825026511134677,2.6011067999061197
16,0.001,128,Tanh,500,0.4989229940764674,0.4955870553623964,0.9825026511134677,4.165725599974394
16,0.001,128,Tanh,1000,0.4989229940764674,0.4955870553623964,0.9825026511134677,4.055994600057602
16,0.001,128,Sigmoid,50,0.5,0.4961261020571734,0.9846235418875928,2.8802969999378547
16,0.001,128,Sigmoid,100,0.5,0.4961261020571734,0.9846235418875928,3.376205199980177
16,0.001,128,Sigmoid,300,0.5,0.4961261020571734,0.9846235418875928,2.001918400055729
16,0.001,128,Sigmoid,500,0.5,0.4961261020571734,0.9846235418875928,1.2537741000996903
16,0.001,128,Sigmoid,1000,0.5,0.4961261020571734,0.9846235418875928,1.7505879999371246
16,0.001,128,GELU,50,0.49973074851911686,0.49599144842330306,0.9840933191940615,2.318706799997017
16,0.001,128,GELU,100,0.49973074851911686,0.49599144842330306,0.9840933191940615,1.3086356000276282
16,0.001,128,GELU,300,0.49973074851911686,0.49599144842330306,0.9840933191940615,1.758659099927172
16,0.001,128,GELU,500,0.49973074851911686,0.49599144842330306,0.9840933191940615,1.392335099983029
16,0.001,128,GELU,1000,0.49973074851911686,0.49599144842330306,0.9840933191940615,1.969597200048156
16,0.001,128,Softmax,50,0.5,0.4961261020571734,0.9846235418875928,1.1848013999406248
16,0.001,128,Softmax,100,0.5,0.4961261020571734,0.9846235418875928,0.8535601999610662
16,0.001,128,Softmax,300,0.5,0.4961261020571734,0.9846235418875928,0.9828478000126779
16,0.001,128,Softmax,500,0.5,0.4961261020571734,0.9846235418875928,0.7011819999897853
16,0.001,128,Softmax,1000,0.5,0.4961261020571734,0.9846235418875928,0.7808645000914112
16,0.0001,8,ReLU,50,0.49973074851911686,0.49599144842330306,0.9840933191940615,8.543242299929261
16,0.0001,8,ReLU,100,0.49973074851911686,0.49599144842330306,0.9840933191940615,11.89277909998782
16,0.0001,8,ReLU,300,0.49973074851911686,0.49599144842330306,0.9840933191940615,10.689405199955218
16,0.0001,8,ReLU,500,0.49973074851911686,0.49599144842330306,0.9840933191940615,9.237547399941832
16,0.0001,8,ReLU,1000,0.49973074851911686,0.49599144842330306,0.9840933191940615,11.612739000003785
16,0.0001,8,Tanh,50,0.49959612277867527,0.49592409461445947,0.9838282078472959,18.48344320000615
16,0.0001,8,Tanh,100,0.49959612277867527,0.49592409461445947,0.9838282078472959,19.752069299924187
16,0.0001,8,Tanh,300,0.49959612277867527,0.49592409461445947,0.9838282078472959,24.777321200002916
16,0.0001,8,Tanh,500,0.49959612277867527,0.49592409461445947,0.9838282078472959,30.523657999932766
16,0.0001,8,Tanh,1000,0.49959612277867527,0.49592409461445947,0.9838282078472959,27.82206000003498
16,0.0001,8,Sigmoid,50,0.5,0.4961261020571734,0.9846235418875928,25.07026920001954
16,0.0001,8,Sigmoid,100,0.5,0.4961261020571734,0.9846235418875928,18.293885500053875
16,0.0001,8,Sigmoid,300,0.5,0.4961261020571734,0.9846235418875928,12.554495699936524
16,0.0001,8,Sigmoid,500,0.5,0.4961261020571734,0.9846235418875928,12.00045189994853
16,0.0001,8,Sigmoid,1000,0.5,0.4961261020571734,0.9846235418875928,12.4483303000452
16,0.0001,8,GELU,50,0.49973074851911686,0.49599144842330306,0.9840933191940615,16.04223170003388
16,0.0001,8,GELU,100,0.49973074851911686,0.49599144842330306,0.9840933191940615,24.77856799995061
16,0.0001,8,GELU,300,0.49973074851911686,0.49599144842330306,0.9840933191940615,25.015573500073515
16,0.0001,8,GELU,500,0.49973074851911686,0.49599144842330306,0.9840933191940615,27.417022000066936
16,0.0001,8,GELU,1000,0.49973074851911686,0.49599144842330306,0.9840933191940615,23.71174219995737
16,0.0001,8,Softmax,50,0.5,0.4961261020571734,0.9846235418875928,11.770123199908994
16,0.0001,8,Softmax,100,0.5,0.4961261020571734,0.9846235418875928,9.179735100013204
16,0.0001,8,Softmax,300,0.5,0.4961261020571734,0.9846235418875928,12.429507400025614
16,0.0001,8,Softmax,500,0.5,0.4961261020571734,0.9846235418875928,9.059260800015181
16,0.0001,8,Softmax,1000,0.5,0.4961261020571734,0.9846235418875928,9.09233250003308
16,0.0001,16,ReLU,50,0.49932687129779213,0.4957893329768748,0.9832979851537645,6.9396274000173435
16,0.0001,16,ReLU,100,0.49932687129779213,0.4957893329768748,0.9832979851537645,5.315395700046793
16,0.0001,16,ReLU,300,0.49932687129779213,0.4957893329768748,0.9832979851537645,4.775816699955612
16,0.0001,16,ReLU,500,0.49932687129779213,0.4957893329768748,0.9832979851537645,3.9164577000774443
16,0.0001,16,ReLU,1000,0.49932687129779213,0.4957893329768748,0.9832979851537645,3.7024680000031367
16,0.0001,16,Tanh,50,0.4998653742595584,0.49605878423513694,0.9843584305408272,3.519084799918346
16,0.0001,16,Tanh,100,0.4998653742595584,0.49605878423513694,0.9843584305408272,5.956627800012939
16,0.0001,16,Tanh,300,0.4998653742595584,0.49605878423513694,0.9843584305408272,6.655905500054359
16,0.0001,16,Tanh,500,0.4998653742595584,0.49605878423513694,0.9843584305408272,7.705239900038578
16,0.0001,16,Tanh,1000,0.4998653742595584,0.49605878423513694,0.9843584305408272,9.16873629996553
16,0.0001,16,Sigmoid,50,0.5,0.4961261020571734,0.9846235418875928,5.3996860999614
16,0.0001,16,Sigmoid,100,0.5,0.4961261020571734,0.9846235418875928,5.310340299969539
16,0.0001,16,Sigmoid,300,0.5,0.4961261020571734,0.9846235418875928,7.8197013000026345
16,0.0001,16,Sigmoid,500,0.5,0.4961261020571734,0.9846235418875928,5.779108799993992
16,0.0001,16,Sigmoid,1000,0.5,0.4961261020571734,0.9846235418875928,4.652578399982303
16,0.0001,16,GELU,50,0.49932687129779213,0.4957893329768748,0.9832979851537645,4.633385399938561
16,0.0001,16,GELU,100,0.49932687129779213,0.4957893329768748,0.9832979851537645,3.725469599943608
16,0.0001,16,GELU,300,0.49932687129779213,0.4957893329768748,0.9832979851537645,2.717964299954474
16,0.0001,16,GELU,500,0.49932687129779213,0.4957893329768748,0.9832979851537645,2.1856652999995276
16,0.0001,16,GELU,1000,0.49932687129779213,0.4957893329768748,0.9832979851537645,4.380770599935204
16,0.0001,16,Softmax,50,0.5,0.4961261020571734,0.9846235418875928,10.335315999924205
16,0.0001,16,Softmax,100,0.5,0.4961261020571734,0.9846235418875928,10.492904699989595
16,0.0001,16,Softmax,300,0.5,0.4961261020571734,0.9846235418875928,11.279965299996547
16,0.0001,16,Softmax,500,0.5,0.4961261020571734,0.9846235418875928,17.966340800048783
16,0.0001,16,Softmax,1000,0.5,0.4961261020571734,0.9846235418875928,12.847660299972631
16,0.0001,32,ReLU,50,0.4991922455573506,0.49572192513368984,0.9830328738069989,13.113819399964996
16,0.0001,32,ReLU,100,0.4991922455573506,0.49572192513368984,0.9830328738069989,12.645530199981295
16,0.0001,32,ReLU,300,0.4991922455573506,0.49572192513368984,0.9830328738069989,12.99132480006665
16,0.0001,32,ReLU,500,0.4991922455573506,0.49572192513368984,0.9830328738069989,8.67644160008058
16,0.0001,32,ReLU,1000,0.4991922455573506,0.49572192513368984,0.9830328738069989,8.467325399979018
16,0.0001,32,Tanh,50,0.4983844911147011,0.49531709927749534,0.9814422057264051,10.590982699999586
16,0.0001,32,Tanh,100,0.4983844911147011,0.49531709927749534,0.9814422057264051,18.48572160000913
16,0.0001,32,Tanh,300,0.4983844911147011,0.49531709927749534,0.9814422057264051,16.558389900019392
16,0.0001,32,Tanh,500,0.4983844911147011,0.49531709927749534,0.9814422057264051,10.718517799978144
16,0.0001,32,Tanh,1000,0.4983844911147011,0.49531709927749534,0.9814422057264051,14.078766099992208
16,0.0001,32,Sigmoid,50,0.5,0.4961261020571734,0.9846235418875928,8.558235500007868
16,0.0001,32,Sigmoid,100,0.5,0.4961261020571734,0.9846235418875928,8.701870000106283
16,0.0001,32,Sigmoid,300,0.5,0.4961261020571734,0.9846235418875928,5.727971000014804
16,0.0001,32,Sigmoid,500,0.5,0.4961261020571734,0.9846235418875928,6.9002518999623135
16,0.0001,32,Sigmoid,1000,0.5,0.4961261020571734,0.9846235418875928,7.184012199984863
16,0.0001,32,GELU,50,0.4991922455573506,0.49572192513368984,0.9830328738069989,6.172092300024815
16,0.0001,32,GELU,100,0.4991922455573506,0.49572192513368984,0.9830328738069989,13.072371599962935
16,0.0001,32,GELU,300,0.4991922455573506,0.49572192513368984,0.9830328738069989,13.896703999955207
16,0.0001,32,GELU,500,0.4991922455573506,0.49572192513368984,0.9830328738069989,14.654082999913953
16,0.0001,32,GELU,1000,0.4991922455573506,0.49572192513368984,0.9830328738069989,7.480117499944754
16,0.0001,32,Softmax,50,0.5,0.4961261020571734,0.9846235418875928,6.9108553000260144
16,0.0001,32,Softmax,100,0.5,0.4961261020571734,0.9846235418875928,4.94154360005632
16,0.0001,32,Softmax,300,0.5,0.4961261020571734,0.9846235418875928,5.91749040002469
16,0.0001,32,Softmax,500,0.5,0.4961261020571734,0.9846235418875928,6.429371999925934
16,0.0001,32,Softmax,1000,0.5,0.4961261020571734,0.9846235418875928,4.4203224000521
16,0.0001,64,ReLU,50,0.4991922455573506,0.49572192513368984,0.9830328738069989,7.828435899922624
16,0.0001,64,ReLU,100,0.4991922455573506,0.49572192513368984,0.9830328738069989,5.935845399973914
16,0.0001,64,ReLU,300,0.4991922455573506,0.49572192513368984,0.9830328738069989,7.455138500081375
16,0.0001,64,ReLU,500,0.4991922455573506,0.49572192513368984,0.9830328738069989,6.1571328999707475
16,0.0001,64,ReLU,1000,0.4991922455573506,0.49572192513368984,0.9830328738069989,4.487669100053608
16,0.0001,64,Tanh,50,0.49878836833602586,0.49551959341982077,0.982237539766702,6.613034400041215
16,0.0001,64,Tanh,100,0.49878836833602586,0.49551959341982077,0.982237539766702,6.1603551000589505
16,0.0001,64,Tanh,300,0.49878836833602586,0.49551959341982077,0.982237539766702,6.873710899963044
16,0.0001,64,Tanh,500,0.49878836833602586,0.49551959341982077,0.982237539766702,12.007130500045605
16,0.0001,64,Tanh,1000,0.49878836833602586,0.49551959341982077,0.982237539766702,10.53833080001641
16,0.0001,64,Sigmoid,50,0.5,0.4961261020571734,0.9846235418875928,5.639445799984969
16,0.0001,64,Sigmoid,100,0.5,0.4961261020571734,0.9846235418875928,5.5394937000237405
16,0.0001,64,Sigmoid,300,0.5,0.4961261020571734,0.9846235418875928,4.714549700031057
16,0.0001,64,Sigmoid,500,0.5,0.4961261020571734,0.9846235418875928,6.288897499907762
16,0.0001,64,Sigmoid,1000,0.5,0.4961261020571734,0.9846235418875928,4.3284202999202535
16,0.0001,64,GELU,50,0.4991922455573506,0.49572192513368984,0.9830328738069989,8.442578099900857
16,0.0001,64,GELU,100,0.4991922455573506,0.49572192513368984,0.9830328738069989,5.355344400042668
16,0.0001,64,GELU,300,0.4991922455573506,0.49572192513368984,0.9830328738069989,4.061534899985418
16,0.0001,64,GELU,500,0.4991922455573506,0.49572192513368984,0.9830328738069989,4.072048900066875
16,0.0001,64,GELU,1000,0.4991922455573506,0.49572192513368984,0.9830328738069989,5.6239433999871835
16,0.0001,64,Softmax,50,0.5,0.4961261020571734,0.9846235418875928,4.074735700036399
16,0.0001,64,Softmax,100,0.5,0.4961261020571734,0.9846235418875928,2.272692499915138
16,0.0001,64,Softmax,300,0.5,0.4961261020571734,0.9846235418875928,1.7751895999535918
16,0.0001,64,Softmax,500,0.5,0.4961261020571734,0.9846235418875928,1.7215533999260515
16,0.0001,64,Softmax,1000,0.5,0.4961261020571734,0.9846235418875928,1.7639558999799192
16,0.0001,128,ReLU,50,0.4982498653742596,0.49524956510103035,0.9811770943796394,2.074688100023195
16,0.0001,128,ReLU,100,0.4982498653742596,0.49524956510103035,0.9811770943796394,3.257906200014986
16,0.0001,128,ReLU,300,0.4982498653742596,0.49524956510103035,0.9811770943796394,2.3568788999691606
16,0.0001,128,ReLU,500,0.4982498653742596,0.49524956510103035,0.9811770943796394,2.8985393999610096
16,0.0001,128,ReLU,1000,0.4982498653742596,0.49524956510103035,0.9811770943796394,2.3185528001049533
16,0.0001,128,Tanh,50,0.4983844911147011,0.49531709927749534,0.9814422057264051,2.0468789000296965
16,0.0001,128,Tanh,100,0.4983844911147011,0.49531709927749534,0.9814422057264051,2.168199700070545
16,0.0001,128,Tanh,300,0.4983844911147011,0.49531709927749534,0.9814422057264051,2.057132299989462
16,0.0001,128,Tanh,500,0.4983844911147011,0.49531709927749534,0.9814422057264051,1.7796190999215469
16,0.0001,128,Tanh,1000,0.4983844911147011,0.49531709927749534,0.9814422057264051,1.7006270000711083
16,0.0001,128,Sigmoid,50,0.49973074851911686,0.49599144842330306,0.9840933191940615,0.7256521999370307
16,0.0001,128,Sigmoid,100,0.49973074851911686,0.49599144842330306,0.9840933191940615,0.687861500075087
16,0.0001,128,Sigmoid,300,0.49973074851911686,0.49599144842330306,0.9840933191940615,0.6138700000010431
16,0.0001,128,Sigmoid,500,0.49973074851911686,0.49599144842330306,0.9840933191940615,0.6209913999773562
16,0.0001,128,Sigmoid,1000,0.49973074851911686,0.49599144842330306,0.9840933191940615,0.6411813000449911
16,0.0001,128,GELU,50,0.4982498653742596,0.49524956510103035,0.9811770943796394,1.1234417000086978
16,0.0001,128,GELU,100,0.4982498653742596,0.49524956510103035,0.9811770943796394,1.083013099967502
16,0.0001,128,GELU,300,0.4982498653742596,0.49524956510103035,0.9811770943796394,1.0167993999784812
16,0.0001,128,GELU,500,0.4982498653742596,0.49524956510103035,0.9811770943796394,1.004186899983324
16,0.0001,128,GELU,1000,0.4982498653742596,0.49524956510103035,0.9811770943796394,1.0387439000187442
16,0.0001,128,Softmax,50,0.49973074851911686,0.49599144842330306,0.9840933191940615,0.5429134999867529
16,0.0001,128,Softmax,100,0.49973074851911686,0.49599144842330306,0.9840933191940615,0.538957400014624
16,0.0001,128,Softmax,300,0.49973074851911686,0.49599144842330306,0.9840933191940615,0.5947971000568941
16,0.0001,128,Softmax,500,0.49973074851911686,0.49599144842330306,0.9840933191940615,0.5092576000606641
16,0.0001,128,Softmax,1000,0.49973074851911686,0.49599144842330306,0.9840933191940615,0.4891415999736637
16,0.00025,8,ReLU,50,0.5,0.4961261020571734,0.9846235418875928,2.9203154999995604
16,0.00025,8,ReLU,100,0.5,0.4961261020571734,0.9846235418875928,2.9901341000804678
16,0.00025,8,ReLU,300,0.5,0.4961261020571734,0.9846235418875928,2.876268899999559
16,0.00025,8,ReLU,500,0.5,0.4961261020571734,0.9846235418875928,3.0838878999929875
16,0.00025,8,ReLU,1000,0.5,0.4961261020571734,0.9846235418875928,2.988254199968651
16,0.00025,8,Tanh,50,0.5,0.4961261020571734,0.9846235418875928,3.1091066000517458
16,0.00025,8,Tanh,100,0.5,0.4961261020571734,0.9846235418875928,3.02243939996697
16,0.00025,8,Tanh,300,0.5,0.4961261020571734,0.9846235418875928,3.050675200065598
16,0.00025,8,Tanh,500,0.5,0.4961261020571734,0.9846235418875928,5.346646700054407
16,0.00025,8,Tanh,1000,0.5,0.4961261020571734,0.9846235418875928,10.246998599963263
16,0.00025,8,Sigmoid,50,0.5,0.4961261020571734,0.9846235418875928,23.94250809994992
16,0.00025,8,Sigmoid,100,0.5,0.4961261020571734,0.9846235418875928,29.164553300011903
16,0.00025,8,Sigmoid,300,0.5,0.4961261020571734,0.9846235418875928,24.75326479994692
16,0.00025,8,Sigmoid,500,0.5,0.4961261020571734,0.9846235418875928,20.03828209999483
16,0.00025,8,Sigmoid,1000,0.5,0.4961261020571734,0.9846235418875928,19.765740199945867
16,0.00025,8,GELU,50,0.5,0.4961261020571734,0.9846235418875928,21.155664200079627
16,0.00025,8,GELU,100,0.5,0.4961261020571734,0.9846235418875928,20.164815500029363
16,0.00025,8,GELU,300,0.5,0.4961261020571734,0.9846235418875928,12.977552100084722
16,0.00025,8,GELU,500,0.5,0.4961261020571734,0.9846235418875928,7.74662459990941
16,0.00025,8,GELU,1000,0.5,0.4961261020571734,0.9846235418875928,8.432681099977344
16,0.00025,8,Softmax,50,0.5,0.4961261020571734,0.9846235418875928,10.00797280005645
16,0.00025,8,Softmax,100,0.5,0.4961261020571734,0.9846235418875928,12.094528499990702
16,0.00025,8,Softmax,300,0.5,0.4961261020571734,0.9846235418875928,22.87327949993778
16,0.00025,8,Softmax,500,0.5,0.4961261020571734,0.9846235418875928,16.6861743000336
16,0.00025,8,Softmax,1000,0.5,0.4961261020571734,0.9846235418875928,24.997333400067873
16,0.00025,16,ReLU,50,0.49959612277867527,0.49592409461445947,0.9838282078472959,13.8474692000309
16,0.00025,16,ReLU,100,0.49959612277867527,0.49592409461445947,0.9838282078472959,14.697698900010437
16,0.00025,16,ReLU,300,0.49959612277867527,0.49592409461445947,0.9838282078472959,9.188194699934684
16,0.00025,16,ReLU,500,0.49959612277867527,0.49592409461445947,0.9838282078472959,10.640927899978124
16,0.00025,16,ReLU,1000,0.49959612277867527,0.49592409461445947,0.9838282078472959,9.661717599956319
16,0.00025,16,Tanh,50,0.5,0.4961261020571734,0.9846235418875928,5.017610499984585
16,0.00025,16,Tanh,100,0.5,0.4961261020571734,0.9846235418875928,5.212991699925624
16,0.00025,16,Tanh,300,0.5,0.4961261020571734,0.9846235418875928,5.410319500020705
16,0.00025,16,Tanh,500,0.5,0.4961261020571734,0.9846235418875928,5.678462499985471
16,0.00025,16,Tanh,1000,0.5,0.4961261020571734,0.9846235418875928,8.001486200024374
16,0.00025,16,Sigmoid,50,0.5,0.4961261020571734,0.9846235418875928,8.48332889995072
16,0.00025,16,Sigmoid,100,0.5,0.4961261020571734,0.9846235418875928,6.435895300004631
16,0.00025,16,Sigmoid,300,0.5,0.4961261020571734,0.9846235418875928,9.818220100016333
16,0.00025,16,Sigmoid,500,0.5,0.4961261020571734,0.9846235418875928,4.60257129999809
16,0.00025,16,Sigmoid,1000,0.5,0.4961261020571734,0.9846235418875928,6.950778999947943
16,0.00025,16,GELU,50,0.49959612277867527,0.49592409461445947,0.9838282078472959,12.769369299989194
16,0.00025,16,GELU,100,0.49959612277867527,0.49592409461445947,0.9838282078472959,10.572780499933288
16,0.00025,16,GELU,300,0.49959612277867527,0.49592409461445947,0.9838282078472959,7.672478000051342
16,0.00025,16,GELU,500,0.49959612277867527,0.49592409461445947,0.9838282078472959,13.568463600007817
16,0.00025,16,GELU,1000,0.49959612277867527,0.49592409461445947,0.9838282078472959,14.336094500031322
16,0.00025,16,Softmax,50,0.5,0.4961261020571734,0.9846235418875928,9.58999979996588
16,0.00025,16,Softmax,100,0.5,0.4961261020571734,0.9846235418875928,9.100692800013348
16,0.00025,16,Softmax,300,0.5,0.4961261020571734,0.9846235418875928,6.419189500040375
16,0.00025,16,Softmax,500,0.5,0.4961261020571734,0.9846235418875928,11.099379900027998
16,0.00025,16,Softmax,1000,0.5,0.4961261020571734,0.9846235418875928,9.186418600031175
16,0.00025,32,ReLU,50,0.49959612277867527,0.49592409461445947,0.9838282078472959,7.897014299989678
16,0.00025,32,ReLU,100,0.49959612277867527,0.49592409461445947,0.9838282078472959,10.697497899993323
16,0.00025,32,ReLU,300,0.49959612277867527,0.49592409461445947,0.9838282078472959,11.825229300069623
16,0.00025,32,ReLU,500,0.49959612277867527,0.49592409461445947,0.9838282078472959,14.209514999995008
16,0.00025,32,ReLU,1000,0.49959612277867527,0.49592409461445947,0.9838282078472959,11.99871680000797
16,0.00025,32,Tanh,50,0.49865374259558426,0.4954521134296415,0.9819724284199364,10.962943300022744
16,0.00025,32,Tanh,100,0.49865374259558426,0.4954521134296415,0.9819724284199364,9.692758399993181
16,0.00025,32,Tanh,300,0.49865374259558426,0.4954521134296415,0.9819724284199364,6.754940399900079
16,0.00025,32,Tanh,500,0.49865374259558426,0.4954521134296415,0.9819724284199364,11.339859000057913
16,0.00025,32,Tanh,1000,0.49865374259558426,0.4954521134296415,0.9819724284199364,8.97793609998189
16,0.00025,32,Sigmoid,50,0.5,0.4961261020571734,0.9846235418875928,8.690576300024986
16,0.00025,32,Sigmoid,100,0.5,0.4961261020571734,0.9846235418875928,6.807915500015952
16,0.00025,32,Sigmoid,300,0.5,0.4961261020571734,0.9846235418875928,7.8031087999697775
16,0.00025,32,Sigmoid,500,0.5,0.4961261020571734,0.9846235418875928,6.071414000005461
16,0.00025,32,Sigmoid,1000,0.5,0.4961261020571734,0.9846235418875928,5.385394500102848
16,0.00025,32,GELU,50,0.49959612277867527,0.49592409461445947,0.9838282078472959,7.19574539992027
16,0.00025,32,GELU,100,0.49959612277867527,0.49592409461445947,0.9838282078472959,6.139706400106661
16,0.00025,32,GELU,300,0.49959612277867527,0.49592409461445947,0.9838282078472959,4.132700600079261
16,0.00025,32,GELU,500,0.49959612277867527,0.49592409461445947,0.9838282078472959,3.8799642000813037
16,0.00025,32,GELU,1000,0.49959612277867527,0.49592409461445947,0.9838282078472959,3.1288594999350607
16,0.00025,32,Softmax,50,0.5,0.4961261020571734,0.9846235418875928,3.8347932000178844
16,0.00025,32,Softmax,100,0.5,0.4961261020571734,0.9846235418875928,2.6757487000431865
16,0.00025,32,Softmax,300,0.5,0.4961261020571734,0.9846235418875928,2.550654099904932
16,0.00025,32,Softmax,500,0.5,0.4961261020571734,0.9846235418875928,2.2576364999404177
16,0.00025,32,Softmax,1000,0.5,0.4961261020571734,0.9846235418875928,2.3486093999817967
16,0.00025,64,ReLU,50,0.4994614970382337,0.49585672280139,0.9835630965005302,1.4467987000243738
16,0.00025,64,ReLU,100,0.4994614970382337,0.49585672280139,0.9835630965005302,3.8093576000537723
16,0.00025,64,ReLU,300,0.4994614970382337,0.49585672280139,0.9835630965005302,4.695234599988908
16,0.00025,64,ReLU,500,0.4994614970382337,0.49585672280139,0.9835630965005302,4.22473589994479
16,0.00025,64,ReLU,1000,0.4994614970382337,0.49585672280139,0.9835630965005302,4.14279849990271
16,0.00025,64,Tanh,50,0.49878836833602586,0.49551959341982077,0.982237539766702,3.604910199996084
16,0.00025,64,Tanh,100,0.49878836833602586,0.49551959341982077,0.982237539766702,5.419066800037399
16,0.00025,64,Tanh,300,0.49878836833602586,0.49551959341982077,0.982237539766702,3.636439700028859
16,0.00025,64,Tanh,500,0.49878836833602586,0.49551959341982077,0.982237539766702,8.12585329997819
16,0.00025,64,Tanh,1000,0.49878836833602586,0.49551959341982077,0.982237539766702,8.106028700014576
16,0.00025,64,Sigmoid,50,0.5,0.4961261020571734,0.9846235418875928,7.461152200005017
16,0.00025,64,Sigmoid,100,0.5,0.4961261020571734,0.9846235418875928,7.405406199977733
16,0.00025,64,Sigmoid,300,0.5,0.4961261020571734,0.9846235418875928,6.074826400028542
16,0.00025,64,Sigmoid,500,0.5,0.4961261020571734,0.9846235418875928,6.0660951000172645
16,0.00025,64,Sigmoid,1000,0.5,0.4961261020571734,0.9846235418875928,4.916905799997039
16,0.00025,64,GELU,50,0.4994614970382337,0.49585672280139,0.9835630965005302,9.467293399968185
16,0.00025,64,GELU,100,0.4994614970382337,0.49585672280139,0.9835630965005302,7.550363600021228
16,0.00025,64,GELU,300,0.4994614970382337,0.49585672280139,0.9835630965005302,6.379511100007221
16,0.00025,64,GELU,500,0.4994614970382337,0.49585672280139,0.9835630965005302,7.460440199938603
16,0.00025,64,GELU,1000,0.4994614970382337,0.49585672280139,0.9835630965005302,6.600162400049157
16,0.00025,64,Softmax,50,0.5,0.4961261020571734,0.9846235418875928,5.466916000004858
16,0.00025,64,Softmax,100,0.5,0.4961261020571734,0.9846235418875928,3.0325402999296784
16,0.00025,64,Softmax,300,0.5,0.4961261020571734,0.9846235418875928,2.853810500004329
16,0.00025,64,Softmax,500,0.5,0.4961261020571734,0.9846235418875928,2.8121095000533387
16,0.00025,64,Softmax,1000,0.5,0.4961261020571734,0.9846235418875928,1.7869366999948397
16,0.00025,128,ReLU,50,0.499057619816909,0.4956544992646076,0.9827677624602333,2.1088266000151634
16,0.00025,128,ReLU,100,0.499057619816909,0.4956544992646076,0.9827677624602333,1.3444565000245348
16,0.00025,128,ReLU,300,0.499057619816909,0.4956544992646076,0.9827677624602333,1.2555445999605581
16,0.00025,128,ReLU,500,0.499057619816909,0.4956544992646076,0.9827677624602333,1.07716420001816
16,0.00025,128,ReLU,1000,0.499057619816909,0.4956544992646076,0.9827677624602333,2.9502140999538824
16,0.00025,128,Tanh,50,0.4985191168551427,0.49538461538461537,0.9817073170731707,2.3350637999828905
16,0.00025,128,Tanh,100,0.4985191168551427,0.49538461538461537,0.9817073170731707,1.8016854000743479
16,0.00025,128,Tanh,300,0.4985191168551427,0.49538461538461537,0.9817073170731707,1.759141799993813
16,0.00025,128,Tanh,500,0.4985191168551427,0.49538461538461537,0.9817073170731707,2.018834299989976
16,0.00025,128,Tanh,1000,0.4985191168551427,0.49538461538461537,0.9817073170731707,4.274334299960174
16,0.00025,128,Sigmoid,50,0.5,0.4961261020571734,0.9846235418875928,4.262780199991539
16,0.00025,128,Sigmoid,100,0.5,0.4961261020571734,0.9846235418875928,4.210716800065711
16,0.00025,128,Sigmoid,300,0.5,0.4961261020571734,0.9846235418875928,3.9442688999697566
16,0.00025,128,Sigmoid,500,0.5,0.4961261020571734,0.9846235418875928,3.852770400000736
16,0.00025,128,Sigmoid,1000,0.5,0.4961261020571734,0.9846235418875928,3.270840000011958
16,0.00025,128,GELU,50,0.499057619816909,0.4956544992646076,0.9827677624602333,7.07353240007069
16,0.00025,128,GELU,100,0.499057619816909,0.4956544992646076,0.9827677624602333,7.089349800022319
16,0.00025,128,GELU,300,0.499057619816909,0.4956544992646076,0.9827677624602333,5.136722700088285
16,0.00025,128,GELU,500,0.499057619816909,0.4956544992646076,0.9827677624602333,6.433171899989247
16,0.00025,128,GELU,1000,0.499057619816909,0.4956544992646076,0.9827677624602333,4.503774799988605
16,0.00025,128,Softmax,50,0.5,0.4961261020571734,0.9846235418875928,3.597866000025533
16,0.00025,128,Softmax,100,0.5,0.4961261020571734,0.9846235418875928,4.836108300019987
16,0.00025,128,Softmax,300,0.5,0.4961261020571734,0.9846235418875928,4.960215800092556
16,0.00025,128,Softmax,500,0.5,0.4961261020571734,0.9846235418875928,4.5719388000434265
16,0.00025,128,Softmax,1000,0.5,0.4961261020571734,0.9846235418875928,3.0567609999561682
32,0.01,8,ReLU,50,0.5169721278294617,0.5283820955238809,0.9846235418875928,19.501961200032383
32,0.01,8,ReLU,100,0.5169721278294617,0.5283820955238809,0.9846235418875928,12.775356500060298
32,0.01,8,ReLU,300,0.5169721278294617,0.5283820955238809,0.9846235418875928,11.76482520007994
32,0.01,8,ReLU,500,0.5169721278294617,0.5283820955238809,0.9846235418875928,8.67246749997139
32,0.01,8,ReLU,1000,0.5169721278294617,0.5283820955238809,0.9846235418875928,13.343836199957877
32,0.01,8,Tanh,50,0.5,0.4961261020571734,0.9846235418875928,15.145835699979216
32,0.01,8,Tanh,100,0.5,0.4961261020571734,0.9846235418875928,20.225407099933363
32,0.01,8,Tanh,300,0.5,0.4961261020571734,0.9846235418875928,13.002613699994981
32,0.01,8,Tanh,500,0.5,0.4961261020571734,0.9846235418875928,28.12308629998006
32,0.01,8,Tanh,1000,0.5,0.4961261020571734,0.9846235418875928,26.103168500005268
32,0.01,8,Sigmoid,50,0.5,0.4961261020571734,0.9846235418875928,15.109393000020646
32,0.01,8,Sigmoid,100,0.5,0.4961261020571734,0.9846235418875928,15.156456099939533
32,0.01,8,Sigmoid,300,0.5,0.4961261020571734,0.9846235418875928,13.993296300061047
32,0.01,8,Sigmoid,500,0.5,0.4961261020571734,0.9846235418875928,13.999688000069
32,0.01,8,Sigmoid,1000,0.5,0.4961261020571734,0.9846235418875928,17.27915870002471
32,0.01,8,GELU,50,0.5169721278294617,0.5283820955238809,0.9846235418875928,30.364415999967605
32,0.01,8,GELU,100,0.5169721278294617,0.5283820955238809,0.9846235418875928,24.1613054999616
32,0.01,8,GELU,300,0.5169721278294617,0.5283820955238809,0.9846235418875928,30.513260500039905
32,0.01,8,GELU,500,0.5169721278294617,0.5283820955238809,0.9846235418875928,17.726811400032602
32,0.01,8,GELU,1000,0.5169721278294617,0.5283820955238809,0.9846235418875928,11.61471660004463
32,0.01,8,Softmax,50,0.5,0.4961261020571734,0.9846235418875928,7.570790900033899
32,0.01,8,Softmax,100,0.5,0.4961261020571734,0.9846235418875928,5.122583199990913
32,0.01,8,Softmax,300,0.5,0.4961261020571734,0.9846235418875928,6.891554899979383
32,0.01,8,Softmax,500,0.5,0.4961261020571734,0.9846235418875928,12.307969200075604
32,0.01,8,Softmax,1000,0.5,0.4961261020571734,0.9846235418875928,11.271213999949396
32,0.01,16,ReLU,50,0.499057619816909,0.4956544992646076,0.9827677624602333,13.299736600019969
32,0.01,16,ReLU,100,0.499057619816909,0.4956544992646076,0.9827677624602333,27.417223599972203
32,0.01,16,ReLU,300,0.499057619816909,0.4956544992646076,0.9827677624602333,22.560327500104904
32,0.01,16,ReLU,500,0.499057619816909,0.4956544992646076,0.9827677624602333,9.448736199992709
32,0.01,16,ReLU,1000,0.499057619816909,0.4956544992646076,0.9827677624602333,12.108397100004368
32,0.01,16,Tanh,50,0.5,0.4961261020571734,0.9846235418875928,7.396785299992189
32,0.01,16,Tanh,100,0.5,0.4961261020571734,0.9846235418875928,7.744064400088973
32,0.01,16,Tanh,300,0.5,0.4961261020571734,0.9846235418875928,10.442699300008826
32,0.01,16,Tanh,500,0.5,0.4961261020571734,0.9846235418875928,6.180283699999563
32,0.01,16,Tanh,1000,0.5,0.4961261020571734,0.9846235418875928,6.233479799935594
32,0.01,16,Sigmoid,50,0.5,0.4961261020571734,0.9846235418875928,6.301259400090203
32,0.01,16,Sigmoid,100,0.5,0.4961261020571734,0.9846235418875928,4.310810099937953
32,0.01,16,Sigmoid,300,0.5,0.4961261020571734,0.9846235418875928,3.705894200014882
32,0.01,16,Sigmoid,500,0.5,0.4961261020571734,0.9846235418875928,3.329502400010824
32,0.01,16,Sigmoid,1000,0.5,0.4961261020571734,0.9846235418875928,2.5859022999648005
32,0.01,16,GELU,50,0.499057619816909,0.4956544992646076,0.9827677624602333,5.059015800012276
32,0.01,16,GELU,100,0.499057619816909,0.4956544992646076,0.9827677624602333,6.331926999962889
32,0.01,16,GELU,300,0.499057619816909,0.4956544992646076,0.9827677624602333,7.608220099937171
32,0.01,16,GELU,500,0.499057619816909,0.4956544992646076,0.9827677624602333,9.256693899980746
32,0.01,16,GELU,1000,0.499057619816909,0.4956544992646076,0.9827677624602333,14.59077500004787
32,0.01,16,Softmax,50,0.5,0.4961261020571734,0.9846235418875928,7.874613499967381
32,0.01,16,Softmax,100,0.5,0.4961261020571734,0.9846235418875928,8.085236500017345
32,0.01,16,Softmax,300,0.5,0.4961261020571734,0.9846235418875928,6.454238899983466
32,0.01,16,Softmax,500,0.5,0.4961261020571734,0.9846235418875928,7.948196699959226
32,0.01,16,Softmax,1000,0.5,0.4961261020571734,0.9846235418875928,11.395754599943757
32,0.01,32,ReLU,50,0.5,0.4961261020571734,0.9846235418875928,10.666717200074345
32,0.01,32,ReLU,100,0.5,0.4961261020571734,0.9846235418875928,7.702813200070523
32,0.01,32,ReLU,300,0.5,0.4961261020571734,0.9846235418875928,7.231341200065799
32,0.01,32,ReLU,500,0.5,0.4961261020571734,0.9846235418875928,6.89028920000419
32,0.01,32,ReLU,1000,0.5,0.4961261020571734,0.9846235418875928,9.346592199988663
32,0.01,32,Tanh,50,0.5,0.4961261020571734,0.9846235418875928,8.564064500038512
32,0.01,32,Tanh,100,0.5,0.4961261020571734,0.9846235418875928,9.262078300002031
32,0.01,32,Tanh,300,0.5,0.4961261020571734,0.9846235418875928,8.70154509996064
32,0.01,32,Tanh,500,0.5,0.4961261020571734,0.9846235418875928,9.805688300053589
32,0.01,32,Tanh,1000,0.5,0.4961261020571734,0.9846235418875928,9.58008179999888
32,0.01,32,Sigmoid,50,0.5,0.4961261020571734,0.9846235418875928,11.915190299972892
32,0.01,32,Sigmoid,100,0.5,0.4961261020571734,0.9846235418875928,9.24804800003767
32,0.01,32,Sigmoid,300,0.5,0.4961261020571734,0.9846235418875928,9.387845899909735
32,0.01,32,Sigmoid,500,0.5,0.4961261020571734,0.9846235418875928,9.353680599946529
32,0.01,32,Sigmoid,1000,0.5,0.4961261020571734,0.9846235418875928,9.445408300030977
32,0.01,32,GELU,50,0.5,0.4961261020571734,0.9846235418875928,11.369507499970496
32,0.01,32,GELU,100,0.5,0.4961261020571734,0.9846235418875928,11.569326400058344
32,0.01,32,GELU,300,0.5,0.4961261020571734,0.9846235418875928,9.375908499932848
32,0.01,32,GELU,500,0.5,0.4961261020571734,0.9846235418875928,9.600476899999194
32,0.01,32,GELU,1000,0.5,0.4961261020571734,0.9846235418875928,7.981206899974495
32,0.01,32,Softmax,50,0.5,0.4961261020571734,0.9846235418875928,6.454475900041871
32,0.01,32,Softmax,100,0.5,0.4961261020571734,0.9846235418875928,5.4352838000049815
32,0.01,32,Softmax,300,0.5,0.4961261020571734,0.9846235418875928,6.966487199999392
32,0.01,32,Softmax,500,0.5,0.4961261020571734,0.9846235418875928,6.549828299903311
32,0.01,32,Softmax,1000,0.5,0.4961261020571734,0.9846235418875928,5.773667100002058
32,0.01,64,ReLU,50,0.5,0.4961261020571734,0.9846235418875928,3.7546166999964043
32,0.01,64,ReLU,100,0.5,0.4961261020571734,0.9846235418875928,3.736425899900496
32,0.01,64,ReLU,300,0.5,0.4961261020571734,0.9846235418875928,2.462853000033647
32,0.01,64,ReLU,500,0.5,0.4961261020571734,0.9846235418875928,2.978958300082013
32,0.01,64,ReLU,1000,0.5,0.4961261020571734,0.9846235418875928,1.9789960000198334
32,0.01,64,Tanh,50,0.5,0.4961261020571734,0.9846235418875928,1.9011907000094652
32,0.01,64,Tanh,100,0.5,0.4961261020571734,0.9846235418875928,1.83591849997174
32,0.01,64,Tanh,300,0.5,0.4961261020571734,0.9846235418875928,1.2606894000200555
32,0.01,64,Tanh,500,0.5,0.4961261020571734,0.9846235418875928,1.455221200012602
32,0.01,64,Tanh,1000,0.5,0.4961261020571734,0.9846235418875928,1.029184800107032
32,0.01,64,Sigmoid,50,0.5,0.4961261020571734,0.9846235418875928,1.1746708999853581
32,0.01,64,Sigmoid,100,0.5,0.4961261020571734,0.9846235418875928,1.5771779000060633
32,0.01,64,Sigmoid,300,0.5,0.4961261020571734,0.9846235418875928,1.103675700025633
32,0.01,64,Sigmoid,500,0.5,0.4961261020571734,0.9846235418875928,1.33421629993245
32,0.01,64,Sigmoid,1000,0.5,0.4961261020571734,0.9846235418875928,1.302481299964711
32,0.01,64,GELU,50,0.5,0.4961261020571734,0.9846235418875928,1.3288377000717446
32,0.01,64,GELU,100,0.5,0.4961261020571734,0.9846235418875928,1.5331533000571653
32,0.01,64,GELU,300,0.5,0.4961261020571734,0.9846235418875928,4.522770699928515
32,0.01,64,GELU,500,0.5,0.4961261020571734,0.9846235418875928,2.745315600070171
32,0.01,64,GELU,1000,0.5,0.4961261020571734,0.9846235418875928,3.6179230000125244
32,0.01,64,Softmax,50,0.5,0.4961261020571734,0.9846235418875928,3.263233699952252
32,0.01,64,Softmax,100,0.5,0.4961261020571734,0.9846235418875928,4.767147400067188
32,0.01,64,Softmax,300,0.5,0.4961261020571734,0.9846235418875928,2.6534170999657363
32,0.01,64,Softmax,500,0.5,0.4961261020571734,0.9846235418875928,2.621585899963975
32,0.01,64,Softmax,1000,0.5,0.4961261020571734,0.9846235418875928,2.2477257000282407
32,0.01,128,ReLU,50,0.5,0.4961261020571734,0.9846235418875928,2.403215300058946
32,0.01,128,ReLU,100,0.5,0.4961261020571734,0.9846235418875928,2.4117276000324637
32,0.01,128,ReLU,300,0.5,0.4961261020571734,0.9846235418875928,3.7389407999580726
32,0.01,128,ReLU,500,0.5,0.4961261020571734,0.9846235418875928,4.093404800049029
32,0.01,128,ReLU,1000,0.5,0.4961261020571734,0.9846235418875928,4.458371000015177
32,0.01,128,Tanh,50,0.49973074851911686,0.49599144842330306,0.9840933191940615,3.7053995999740437
32,0.01,128,Tanh,100,0.49973074851911686,0.49599144842330306,0.9840933191940615,3.2958866000408307
32,0.01,128,Tanh,300,0.49973074851911686,0.49599144842330306,0.9840933191940615,4.184393300092779
32,0.01,128,Tanh,500,0.49973074851911686,0.49599144842330306,0.9840933191940615,3.489407300017774
32,0.01,128,Tanh,1000,0.49973074851911686,0.49599144842330306,0.9840933191940615,3.727967799990438
32,0.01,128,Sigmoid,50,0.5,0.4961261020571734,0.9846235418875928,4.254038900020532
32,0.01,128,Sigmoid,100,0.5,0.4961261020571734,0.9846235418875928,5.035168600035831
32,0.01,128,Sigmoid,300,0.5,0.4961261020571734,0.9846235418875928,4.68075299996417
32,0.01,128,Sigmoid,500,0.5,0.4961261020571734,0.9846235418875928,3.866222899989225
32,0.01,128,Sigmoid,1000,0.5,0.4961261020571734,0.9846235418875928,4.737806700053625
32,0.01,128,GELU,50,0.5,0.4961261020571734,0.9846235418875928,4.028997200075537
32,0.01,128,GELU,100,0.5,0.4961261020571734,0.9846235418875928,4.167818099958822
32,0.01,128,GELU,300,0.5,0.4961261020571734,0.9846235418875928,4.093760499963537
32,0.01,128,GELU,500,0.5,0.4961261020571734,0.9846235418875928,4.0449334000004455
32,0.01,128,GELU,1000,0.5,0.4961261020571734,0.9846235418875928,4.030650300090201
32,0.01,128,Softmax,50,0.5,0.4961261020571734,0.9846235418875928,3.1329966000048444
32,0.01,128,Softmax,100,0.5,0.4961261020571734,0.9846235418875928,3.1700651000719517
32,0.01,128,Softmax,300,0.5,0.4961261020571734,0.9846235418875928,4.968959999969229
32,0.01,128,Softmax,500,0.5,0.4961261020571734,0.9846235418875928,3.898841500049457
32,0.01,128,Softmax,1000,0.5,0.4961261020571734,0.9846235418875928,4.0598524999804795
32,0.001,8,ReLU,50,0.5,0.4961261020571734,0.9846235418875928,16.301761399954557
32,0.001,8,ReLU,100,0.5,0.4961261020571734,0.9846235418875928,19.49068179994356
32,0.001,8,ReLU,300,0.5,0.4961261020571734,0.9846235418875928,13.871492900070734
32,0.001,8,ReLU,500,0.5,0.4961261020571734,0.9846235418875928,16.8253168000374
32,0.001,8,ReLU,1000,0.5,0.4961261020571734,0.9846235418875928,11.608129600062966
32,0.001,8,Tanh,50,0.5,0.4961261020571734,0.9846235418875928,10.458907199907117
32,0.001,8,Tanh,100,0.5,0.4961261020571734,0.9846235418875928,11.622335199965164
32,0.001,8,Tanh,300,0.5,0.4961261020571734,0.9846235418875928,9.160269899992272
32,0.001,8,Tanh,500,0.5,0.4961261020571734,0.9846235418875928,6.314112600055523
32,0.001,8,Tanh,1000,0.5,0.4961261020571734,0.9846235418875928,6.543368200073019
32,0.001,8,Sigmoid,50,0.5,0.4961261020571734,0.9846235418875928,5.208220099913888
32,0.001,8,Sigmoid,100,0.5,0.4961261020571734,0.9846235418875928,5.793884999933653
32,0.001,8,Sigmoid,300,0.5,0.4961261020571734,0.9846235418875928,7.011797099956311
32,0.001,8,Sigmoid,500,0.5,0.4961261020571734,0.9846235418875928,11.671239199931733
32,0.001,8,Sigmoid,1000,0.5,0.4961261020571734,0.9846235418875928,12.739251799997874
32,0.001,8,GELU,50,0.5,0.4961261020571734,0.9846235418875928,8.158042200026102
32,0.001,8,GELU,100,0.5,0.4961261020571734,0.9846235418875928,7.456616799929179
32,0.001,8,GELU,300,0.5,0.4961261020571734,0.9846235418875928,5.567930200020783
32,0.001,8,GELU,500,0.5,0.4961261020571734,0.9846235418875928,4.674158000038005
32,0.001,8,GELU,1000,0.5,0.4961261020571734,0.9846235418875928,7.823875700007193
32,0.001,8,Softmax,50,0.5,0.4961261020571734,0.9846235418875928,11.473319999990053
32,0.001,8,Softmax,100,0.5,0.4961261020571734,0.9846235418875928,14.472129400004633
32,0.001,8,Softmax,300,0.5,0.4961261020571734,0.9846235418875928,21.83228059997782
32,0.001,8,Softmax,500,0.5,0.4961261020571734,0.9846235418875928,28.324043600005098
32,0.001,8,Softmax,1000,0.5,0.4961261020571734,0.9846235418875928,20.69574230001308
32,0.001,16,ReLU,50,0.4998653742595584,0.49605878423513694,0.9843584305408272,9.524923000019044
32,0.001,16,ReLU,100,0.4998653742595584,0.49605878423513694,0.9843584305408272,10.568576700054109
32,0.001,16,ReLU,300,0.4998653742595584,0.49605878423513694,0.9843584305408272,8.022558099939488
32,0.001,16,ReLU,500,0.4998653742595584,0.49605878423513694,0.9843584305408272,12.378779200022109
32,0.001,16,ReLU,1000,0.4998653742595584,0.49605878423513694,0.9843584305408272,14.309284399962053
32,0.001,16,Tanh,50,0.5,0.4961261020571734,0.9846235418875928,11.194895500084385
32,0.001,16,Tanh,100,0.5,0.4961261020571734,0.9846235418875928,13.208600700017996
32,0.001,16,Tanh,300,0.5,0.4961261020571734,0.9846235418875928,7.296526900026947
32,0.001,16,Tanh,500,0.5,0.4961261020571734,0.9846235418875928,9.712553400080651
32,0.001,16,Tanh,1000,0.5,0.4961261020571734,0.9846235418875928,10.013778599910438
32,0.001,16,Sigmoid,50,0.5,0.4961261020571734,0.9846235418875928,13.865437899949029
32,0.001,16,Sigmoid,100,0.5,0.4961261020571734,0.9846235418875928,13.675572800100781
32,0.001,16,Sigmoid,300,0.5,0.4961261020571734,0.9846235418875928,15.442357799969614
32,0.001,16,Sigmoid,500,0.5,0.4961261020571734,0.9846235418875928,11.825667000026442
32,0.001,16,Sigmoid,1000,0.5,0.4961261020571734,0.9846235418875928,6.446313900058158
32,0.001,16,GELU,50,0.4998653742595584,0.49605878423513694,0.9843584305408272,4.6370026000076905
32,0.001,16,GELU,100,0.4998653742595584,0.49605878423513694,0.9843584305408272,7.659255499951541
32,0.001,16,GELU,300,0.4998653742595584,0.49605878423513694,0.9843584305408272,9.378610200015828
32,0.001,16,GELU,500,0.4998653742595584,0.49605878423513694,0.9843584305408272,7.538520900066942
32,0.001,16,GELU,1000,0.4998653742595584,0.49605878423513694,0.9843584305408272,6.069832299952395
32,0.001,16,Softmax,50,0.5,0.4961261020571734,0.9846235418875928,5.607286399928853
32,0.001,16,Softmax,100,0.5,0.4961261020571734,0.9846235418875928,5.220073899952695
32,0.001,16,Softmax,300,0.5,0.4961261020571734,0.9846235418875928,5.312519900035113
32,0.001,16,Softmax,500,0.5,0.4961261020571734,0.9846235418875928,3.738898599985987
32,0.001,16,Softmax,1000,0.5,0.4961261020571734,0.9846235418875928,3.1375235999003053
32,0.001,32,ReLU,50,0.4998653742595584,0.49605878423513694,0.9843584305408272,1.5571201000129804
32,0.001,32,ReLU,100,0.4998653742595584,0.49605878423513694,0.9843584305408272,1.4981995999114588
32,0.001,32,ReLU,300,0.4998653742595584,0.49605878423513694,0.9843584305408272,1.336284099961631
32,0.001,32,ReLU,500,0.4998653742595584,0.49605878423513694,0.9843584305408272,1.2875567999435589
32,0.001,32,ReLU,1000,0.4998653742595584,0.49605878423513694,0.9843584305408272,1.111537600052543
32,0.001,32,Tanh,50,0.49973074851911686,0.49599144842330306,0.9840933191940615,1.2250691000372171
32,0.001,32,Tanh,100,0.49973074851911686,0.49599144842330306,0.9840933191940615,0.8941863999934867
32,0.001,32,Tanh,300,0.49973074851911686,0.49599144842330306,0.9840933191940615,0.9098093000939116
32,0.001,32,Tanh,500,0.49973074851911686,0.49599144842330306,0.9840933191940615,0.8928010000381619
32,0.001,32,Tanh,1000,0.49973074851911686,0.49599144842330306,0.9840933191940615,0.8466778000583872
32,0.001,32,Sigmoid,50,0.5,0.4961261020571734,0.9846235418875928,2.4313442000420764
32,0.001,32,Sigmoid,100,0.5,0.4961261020571734,0.9846235418875928,6.610705900005996
32,0.001,32,Sigmoid,300,0.5,0.4961261020571734,0.9846235418875928,8.17680580005981
32,0.001,32,Sigmoid,500,0.5,0.4961261020571734,0.9846235418875928,7.917260400019586
32,0.001,32,Sigmoid,1000,0.5,0.4961261020571734,0.9846235418875928,11.280762600013986
32,0.001,32,GELU,50,0.4998653742595584,0.49605878423513694,0.9843584305408272,13.976754699950106
32,0.001,32,GELU,100,0.4998653742595584,0.49605878423513694,0.9843584305408272,9.948232099995948
32,0.001,32,GELU,300,0.4998653742595584,0.49605878423513694,0.9843584305408272,9.872887599980459
32,0.001,32,GELU,500,0.4998653742595584,0.49605878423513694,0.9843584305408272,13.7697874000296
32,0.001,32,GELU,1000,0.4998653742595584,0.49605878423513694,0.9843584305408272,10.424751200014725
32,0.001,32,Softmax,50,0.5,0.4961261020571734,0.9846235418875928,10.159479200025089
32,0.001,32,Softmax,100,0.5,0.4961261020571734,0.9846235418875928,7.32168370008003
32,0.001,32,Softmax,300,0.5,0.4961261020571734,0.9846235418875928,6.6557903999928385
32,0.001,32,Softmax,500,0.5,0.4961261020571734,0.9846235418875928,8.509580500074662
32,0.001,32,Softmax,1000,0.5,0.4961261020571734,0.9846235418875928,6.067898100009188
32,0.001,64,ReLU,50,0.499057619816909,0.4956544992646076,0.9827677624602333,5.607656800071709
32,0.001,64,ReLU,100,0.499057619816909,0.4956544992646076,0.9827677624602333,5.456761999987066
32,0.001,64,ReLU,300,0.499057619816909,0.4956544992646076,0.9827677624602333,5.609849100001156
32,0.001,64,ReLU,500,0.499057619816909,0.4956544992646076,0.9827677624602333,3.791494100005366
32,0.001,64,ReLU,1000,0.499057619816909,0.4956544992646076,0.9827677624602333,9.282786899944767
32,0.001,64,Tanh,50,0.49959612277867527,0.49592409461445947,0.9838282078472959,7.961600400041789
32,0.001,64,Tanh,100,0.49959612277867527,0.49592409461445947,0.9838282078472959,6.859172499971464
32,0.001,64,Tanh,300,0.49959612277867527,0.49592409461445947,0.9838282078472959,9.349581999937072
32,0.001,64,Tanh,500,0.49959612277867527,0.49592409461445947,0.9838282078472959,8.460108599974774
32,0.001,64,Tanh,1000,0.49959612277867527,0.49592409461445947,0.9838282078472959,7.415810499922372
32,0.001,64,Sigmoid,50,0.5,0.4961261020571734,0.9846235418875928,6.909447000012733
32,0.001,64,Sigmoid,100,0.5,0.4961261020571734,0.9846235418875928,6.6157914999639615
32,0.001,64,Sigmoid,300,0.5,0.4961261020571734,0.9846235418875928,5.946483899955638
32,0.001,64,Sigmoid,500,0.5,0.4961261020571734,0.9846235418875928,5.6842563999816775
32,0.001,64,Sigmoid,1000,0.5,0.4961261020571734,0.9846235418875928,5.219576900009997
32,0.001,64,GELU,50,0.499057619816909,0.4956544992646076,0.9827677624602333,4.918706699972972
32,0.001,64,GELU,100,0.499057619816909,0.4956544992646076,0.9827677624602333,3.4048494999296963
32,0.001,64,GELU,300,0.499057619816909,0.4956544992646076,0.9827677624602333,3.663565200055018
32,0.001,64,GELU,500,0.499057619816909,0.4956544992646076,0.9827677624602333,3.6797837999183685
32,0.001,64,GELU,1000,0.499057619816909,0.4956544992646076,0.9827677624602333,4.929596500005573
32,0.001,64,Softmax,50,0.5,0.4961261020571734,0.9846235418875928,4.393348600016907
32,0.001,64,Softmax,100,0.5,0.4961261020571734,0.9846235418875928,5.74540779995732
32,0.001,64,Softmax,300,0.5,0.4961261020571734,0.9846235418875928,2.4647673000581563
32,0.001,64,Softmax,500,0.5,0.4961261020571734,0.9846235418875928,2.112371199997142
32,0.001,64,Softmax,1000,0.5,0.4961261020571734,0.9846235418875928,2.456980300019495
32,0.001,128,ReLU,50,0.49878836833602586,0.49551959341982077,0.982237539766702,1.4785454999655485
32,0.001,128,ReLU,100,0.49878836833602586,0.49551959341982077,0.982237539766702,1.384315700037405
32,0.001,128,ReLU,300,0.49878836833602586,0.49551959341982077,0.982237539766702,1.156151800067164
32,0.001,128,ReLU,500,0.49878836833602586,0.49551959341982077,0.982237539766702,1.455317199928686
32,0.001,128,ReLU,1000,0.49878836833602586,0.49551959341982077,0.982237539766702,1.3345567000797018
32,0.001,128,Tanh,50,0.49784598815293485,0.49504685408299864,0.9803817603393425,1.0860748999984935
32,0.001,128,Tanh,100,0.49784598815293485,0.49504685408299864,0.9803817603393425,1.0272063999436796
32,0.001,128,Tanh,300,0.49784598815293485,0.49504685408299864,0.9803817603393425,0.7997127000708133
32,0.001,128,Tanh,500,0.49784598815293485,0.49504685408299864,0.9803817603393425,1.0245885000331327
32,0.001,128,Tanh,1000,0.49784598815293485,0.49504685408299864,0.9803817603393425,0.8926363000646234
32,0.001,128,Sigmoid,50,0.5,0.4961261020571734,0.9846235418875928,0.6844153000274673
32,0.001,128,Sigmoid,100,0.5,0.4961261020571734,0.9846235418875928,0.7465321000199765
32,0.001,128,Sigmoid,300,0.5,0.4961261020571734,0.9846235418875928,0.6558503999840468
32,0.001,128,Sigmoid,500,0.5,0.4961261020571734,0.9846235418875928,0.6619684000033885
32,0.001,128,Sigmoid,1000,0.5,0.4961261020571734,0.9846235418875928,0.6257500000065193
32,0.001,128,GELU,50,0.49878836833602586,0.49551959341982077,0.982237539766702,0.5986626000376418
32,0.001,128,GELU,100,0.49878836833602586,0.49551959341982077,0.982237539766702,0.7251626999350265
32,0.001,128,GELU,300,0.49878836833602586,0.49551959341982077,0.982237539766702,0.7353686999995261
32,0.001,128,GELU,500,0.49878836833602586,0.49551959341982077,0.982237539766702,0.6981544999871403
32,0.001,128,GELU,1000,0.49878836833602586,0.49551959341982077,0.982237539766702,0.668803000007756
32,0.001,128,Softmax,50,0.5,0.4961261020571734,0.9846235418875928,0.6160069000907242
32,0.001,128,Softmax,100,0.5,0.4961261020571734,0.9846235418875928,0.5565437999321148
32,0.001,128,Softmax,300,0.5,0.4961261020571734,0.9846235418875928,0.6427581000607461
32,0.001,128,Softmax,500,0.5,0.4961261020571734,0.9846235418875928,0.562495099962689
32,0.001,128,Softmax,1000,0.5,0.4961261020571734,0.9846235418875928,0.6444410999538377
32,0.0001,8,ReLU,50,0.49932687129779213,0.4957893329768748,0.9832979851537645,5.438941200030968
32,0.0001,8,ReLU,100,0.49932687129779213,0.4957893329768748,0.9832979851537645,6.229437900008634
32,0.0001,8,ReLU,300,0.49932687129779213,0.4957893329768748,0.9832979851537645,9.984721700078808
32,0.0001,8,ReLU,500,0.49932687129779213,0.4957893329768748,0.9832979851537645,9.45040639990475
32,0.0001,8,ReLU,1000,0.49932687129779213,0.4957893329768748,0.9832979851537645,20.51344660005998
32,0.0001,8,Tanh,50,0.4994614970382337,0.49585672280139,0.9835630965005302,32.79707210010383
32,0.0001,8,Tanh,100,0.4994614970382337,0.49585672280139,0.9835630965005302,18.47833349998109
32,0.0001,8,Tanh,300,0.4994614970382337,0.49585672280139,0.9835630965005302,10.929566399892792
32,0.0001,8,Tanh,500,0.4994614970382337,0.49585672280139,0.9835630965005302,18.433965500094928
32,0.0001,8,Tanh,1000,0.4994614970382337,0.49585672280139,0.9835630965005302,21.726570699946024
32,0.0001,8,Sigmoid,50,0.5,0.4961261020571734,0.9846235418875928,27.61021209997125
32,0.0001,8,Sigmoid,100,0.5,0.4961261020571734,0.9846235418875928,18.431889400002547
32,0.0001,8,Sigmoid,300,0.5,0.4961261020571734,0.9846235418875928,13.292852899990976
32,0.0001,8,Sigmoid,500,0.5,0.4961261020571734,0.9846235418875928,15.00944629998412
32,0.0001,8,Sigmoid,1000,0.5,0.4961261020571734,0.9846235418875928,12.179117199964821
32,0.0001,8,GELU,50,0.49932687129779213,0.4957893329768748,0.9832979851537645,11.802437799982727
32,0.0001,8,GELU,100,0.49932687129779213,0.4957893329768748,0.9832979851537645,27.689978000009432
32,0.0001,8,GELU,300,0.49932687129779213,0.4957893329768748,0.9832979851537645,26.049336800002493
32,0.0001,8,GELU,500,0.49932687129779213,0.4957893329768748,0.9832979851537645,19.333075299975462
32,0.0001,8,GELU,1000,0.49932687129779213,0.4957893329768748,0.9832979851537645,14.260723700048402
32,0.0001,8,Softmax,50,0.5,0.4961261020571734,0.9846235418875928,11.139076900086366
32,0.0001,8,Softmax,100,0.5,0.4961261020571734,0.9846235418875928,13.4115746000316
32,0.0001,8,Softmax,300,0.5,0.4961261020571734,0.9846235418875928,22.53458259999752
32,0.0001,8,Softmax,500,0.5,0.4961261020571734,0.9846235418875928,26.753208699985407
32,0.0001,8,Softmax,1000,0.5,0.4961261020571734,0.9846235418875928,29.632050500018522
32,0.0001,16,ReLU,50,0.4985191168551427,0.49538461538461537,0.9817073170731707,25.95794150000438
32,0.0001,16,ReLU,100,0.4985191168551427,0.49538461538461537,0.9817073170731707,16.508498499984853
32,0.0001,16,ReLU,300,0.4985191168551427,0.49538461538461537,0.9817073170731707,19.9606616999954
32,0.0001,16,ReLU,500,0.4985191168551427,0.49538461538461537,0.9817073170731707,12.97890979994554
32,0.0001,16,ReLU,1000,0.4985191168551427,0.49538461538461537,0.9817073170731707,16.241152600036003
32,0.0001,16,Tanh,50,0.49932687129779213,0.4957893329768748,0.9832979851537645,13.561014800099656
32,0.0001,16,Tanh,100,0.49932687129779213,0.4957893329768748,0.9832979851537645,13.655429000034928
32,0.0001,16,Tanh,300,0.49932687129779213,0.4957893329768748,0.9832979851537645,9.400304000009783
32,0.0001,16,Tanh,500,0.49932687129779213,0.4957893329768748,0.9832979851537645,11.436133799958043
32,0.0001,16,Tanh,1000,0.49932687129779213,0.4957893329768748,0.9832979851537645,8.142778199980967
32,0.0001,16,Sigmoid,50,0.4998653742595584,0.49605878423513694,0.9843584305408272,5.986168200033717
32,0.0001,16,Sigmoid,100,0.4998653742595584,0.49605878423513694,0.9843584305408272,4.097544299904257
32,0.0001,16,Sigmoid,300,0.4998653742595584,0.49605878423513694,0.9843584305408272,2.8248158999485895
32,0.0001,16,Sigmoid,500,0.4998653742595584,0.49605878423513694,0.9843584305408272,2.832843799958937
32,0.0001,16,Sigmoid,1000,0.4998653742595584,0.49605878423513694,0.9843584305408272,3.4642900000326335
32,0.0001,16,GELU,50,0.4985191168551427,0.49538461538461537,0.9817073170731707,14.547671500011347
32,0.0001,16,GELU,100,0.4985191168551427,0.49538461538461537,0.9817073170731707,21.27386580000166
32,0.0001,16,GELU,300,0.4985191168551427,0.49538461538461537,0.9817073170731707,15.927944199997
32,0.0001,16,GELU,500,0.4985191168551427,0.49538461538461537,0.9817073170731707,12.536210100050084
32,0.0001,16,GELU,1000,0.4985191168551427,0.49538461538461537,0.9817073170731707,7.070799199980684
32,0.0001,16,Softmax,50,0.4998653742595584,0.49605878423513694,0.9843584305408272,8.453386000008322
32,0.0001,16,Softmax,100,0.4998653742595584,0.49605878423513694,0.9843584305408272,10.604650299996138
32,0.0001,16,Softmax,300,0.4998653742595584,0.49605878423513694,0.9843584305408272,7.628070199978538
32,0.0001,16,Softmax,500,0.4998653742595584,0.49605878423513694,0.9843584305408272,16.826759800082073
32,0.0001,16,Softmax,1000,0.4998653742595584,0.49605878423513694,0.9843584305408272,15.485962300095707
32,0.0001,32,ReLU,50,0.49784598815293485,0.49504685408299864,0.9803817603393425,12.750493600033224
32,0.0001,32,ReLU,100,0.49784598815293485,0.49504685408299864,0.9803817603393425,14.029057399951853
32,0.0001,32,ReLU,300,0.49784598815293485,0.49504685408299864,0.9803817603393425,11.296336899977177
32,0.0001,32,ReLU,500,0.49784598815293485,0.49504685408299864,0.9803817603393425,14.591387899941765
32,0.0001,32,ReLU,1000,0.49784598815293485,0.49504685408299864,0.9803817603393425,10.016696600010619
32,0.0001,32,Tanh,50,0.498115239633818,0.49518201284796576,0.9809119830328739,11.283581500058062
32,0.0001,32,Tanh,100,0.498115239633818,0.49518201284796576,0.9809119830328739,7.389033400104381
32,0.0001,32,Tanh,300,0.498115239633818,0.49518201284796576,0.9809119830328739,12.02403690002393
32,0.0001,32,Tanh,500,0.498115239633818,0.49518201284796576,0.9809119830328739,16.74872819997836
32,0.0001,32,Tanh,1000,0.498115239633818,0.49518201284796576,0.9809119830328739,15.354534199927002
32,0.0001,32,Sigmoid,50,0.5,0.4961261020571734,0.9846235418875928,16.739919999963604
32,0.0001,32,Sigmoid,100,0.5,0.4961261020571734,0.9846235418875928,11.429003500030376
32,0.0001,32,Sigmoid,300,0.5,0.4961261020571734,0.9846235418875928,11.379122100071982
32,0.0001,32,Sigmoid,500,0.5,0.4961261020571734,0.9846235418875928,7.5804838999174535
32,0.0001,32,Sigmoid,1000,0.5,0.4961261020571734,0.9846235418875928,8.823470400064252
32,0.0001,32,GELU,50,0.49784598815293485,0.49504685408299864,0.9803817603393425,15.35428289999254
32,0.0001,32,GELU,100,0.49784598815293485,0.49504685408299864,0.9803817603393425,14.08090100006666
32,0.0001,32,GELU,300,0.49784598815293485,0.49504685408299864,0.9803817603393425,10.56058499997016
32,0.0001,32,GELU,500,0.49784598815293485,0.49504685408299864,0.9803817603393425,15.92479880002793
32,0.0001,32,GELU,1000,0.49784598815293485,0.49504685408299864,0.9803817603393425,11.921990500064567
32,0.0001,32,Softmax,50,0.5,0.4961261020571734,0.9846235418875928,11.302330399979837
32,0.0001,32,Softmax,100,0.5,0.4961261020571734,0.9846235418875928,11.274800600018352
32,0.0001,32,Softmax,300,0.5,0.4961261020571734,0.9846235418875928,7.052613299922086
32,0.0001,32,Softmax,500,0.5,0.4961261020571734,0.9846235418875928,13.52289479994215
32,0.0001,32,Softmax,1000,0.5,0.4961261020571734,0.9846235418875928,13.917353399912827
32,0.0001,64,ReLU,50,0.4979806138933764,0.4951144425110427,0.9806468716861082,16.477496500010602
32,0.0001,64,ReLU,100,0.4979806138933764,0.4951144425110427,0.9806468716861082,19.261127999983728
32,0.0001,64,ReLU,300,0.4979806138933764,0.4951144425110427,0.9806468716861082,9.989995300071314
32,0.0001,64,ReLU,500,0.4979806138933764,0.4951144425110427,0.9806468716861082,13.863005099934526
32,0.0001,64,ReLU,1000,0.4979806138933764,0.4951144425110427,0.9806468716861082,8.860933599993587
32,0.0001,64,Tanh,50,0.49771136241249325,0.49497924755656714,0.9801166489925769,6.526675300090574
32,0.0001,64,Tanh,100,0.49771136241249325,0.49497924755656714,0.9801166489925769,6.472135599935427
32,0.0001,64,Tanh,300,0.49771136241249325,0.49497924755656714,0.9801166489925769,7.327221599989571
32,0.0001,64,Tanh,500,0.49771136241249325,0.49497924755656714,0.9801166489925769,4.8563509999075904
32,0.0001,64,Tanh,1000,0.49771136241249325,0.49497924755656714,0.9801166489925769,5.009136199951172
32,0.0001,64,Sigmoid,50,0.49959612277867527,0.49592409461445947,0.9838282078472959,3.098619500058703
32,0.0001,64,Sigmoid,100,0.49959612277867527,0.49592409461445947,0.9838282078472959,2.001774500007741
32,0.0001,64,Sigmoid,300,0.49959612277867527,0.49592409461445947,0.9838282078472959,1.7871218000072986
32,0.0001,64,Sigmoid,500,0.49959612277867527,0.49592409461445947,0.9838282078472959,1.5528676999965683
32,0.0001,64,Sigmoid,1000,0.49959612277867527,0.49592409461445947,0.9838282078472959,2.053427700069733
32,0.0001,64,GELU,50,0.4979806138933764,0.4951144425110427,0.9806468716861082,9.111765900044702
32,0.0001,64,GELU,100,0.4979806138933764,0.4951144425110427,0.9806468716861082,8.087037699995562
32,0.0001,64,GELU,300,0.4979806138933764,0.4951144425110427,0.9806468716861082,5.428316099918447
32,0.0001,64,GELU,500,0.4979806138933764,0.4951144425110427,0.9806468716861082,6.342777299927548
32,0.0001,64,GELU,1000,0.4979806138933764,0.4951144425110427,0.9806468716861082,6.29074850003235
32,0.0001,64,Softmax,50,0.49959612277867527,0.49592409461445947,0.9838282078472959,2.774898299947381
32,0.0001,64,Softmax,100,0.49959612277867527,0.49592409461445947,0.9838282078472959,2.9290472000138834
32,0.0001,64,Softmax,300,0.49959612277867527,0.49592409461445947,0.9838282078472959,4.10725820006337
32,0.0001,64,Softmax,500,0.49959612277867527,0.49592409461445947,0.9838282078472959,4.079227700014599
32,0.0001,64,Softmax,1000,0.49959612277867527,0.49592409461445947,0.9838282078472959,3.780366300023161
32,0.0001,128,ReLU,50,0.49636510500807757,0.4943021852795281,0.9774655355249204,4.390154899912886
32,0.0001,128,ReLU,100,0.49636510500807757,0.4943021852795281,0.9774655355249204,3.4250935000600293
32,0.0001,128,ReLU,300,0.49636510500807757,0.4943021852795281,0.9774655355249204,4.6596776999067515
32,0.0001,128,ReLU,500,0.49636510500807757,0.4943021852795281,0.9774655355249204,4.049406599951908
32,0.0001,128,ReLU,1000,0.49636510500807757,0.4943021852795281,0.9774655355249204,2.8620573999360204
32,0.0001,128,Tanh,50,0.4973074851911686,0.4947763193142245,0.9793213149522799,1.7582308000419289
32,0.0001,128,Tanh,100,0.4973074851911686,0.4947763193142245,0.9793213149522799,1.5880940000060946
32,0.0001,128,Tanh,300,0.4973074851911686,0.4947763193142245,0.9793213149522799,1.9341601999476552
32,0.0001,128,Tanh,500,0.4973074851911686,0.4947763193142245,0.9793213149522799,1.567821600008756
32,0.0001,128,Tanh,1000,0.4973074851911686,0.4947763193142245,0.9793213149522799,1.64186149998568
32,0.0001,128,Sigmoid,50,0.5032867249735391,0.24495397131235283,0.30593849416755037,0.9102221999783069
32,0.0001,128,Sigmoid,100,0.5032867249735391,0.24495397131235283,0.30593849416755037,0.7957007999066263
32,0.0001,128,Sigmoid,300,0.5032867249735391,0.24495397131235283,0.30593849416755037,0.8173244000645354
32,0.0001,128,Sigmoid,500,0.5032867249735391,0.24495397131235283,0.30593849416755037,0.6891655999934301
32,0.0001,128,Sigmoid,1000,0.5032867249735391,0.24495397131235283,0.30593849416755037,0.683268400025554
32,0.0001,128,GELU,50,0.49636510500807757,0.4943021852795281,0.9774655355249204,1.717871200060472
32,0.0001,128,GELU,100,0.49636510500807757,0.4943021852795281,0.9774655355249204,10.77172459999565
32,0.0001,128,GELU,300,0.49636510500807757,0.4943021852795281,0.9774655355249204,18.40047700004652
32,0.0001,128,GELU,500,0.49636510500807757,0.4943021852795281,0.9774655355249204,21.794465300044976
32,0.0001,128,GELU,1000,0.49636510500807757,0.4943021852795281,0.9774655355249204,13.46226870000828
32,0.0001,128,Softmax,50,0.5032867249735391,0.24495397131235283,0.30593849416755037,10.91702469997108
32,0.0001,128,Softmax,100,0.5032867249735391,0.24495397131235283,0.30593849416755037,5.431067500030622
32,0.0001,128,Softmax,300,0.5032867249735391,0.24495397131235283,0.30593849416755037,9.400821499992162
32,0.0001,128,Softmax,500,0.5032867249735391,0.24495397131235283,0.30593849416755037,4.54927959991619
32,0.0001,128,Softmax,1000,0.5032867249735391,0.24495397131235283,0.30593849416755037,3.5859291000524536
32,0.00025,8,ReLU,50,0.4998653742595584,0.49605878423513694,0.9843584305408272,19.584427900030278
32,0.00025,8,ReLU,100,0.4998653742595584,0.49605878423513694,0.9843584305408272,19.66821070003789
32,0.00025,8,ReLU,300,0.4998653742595584,0.49605878423513694,0.9843584305408272,21.44612199999392
32,0.00025,8,ReLU,500,0.4998653742595584,0.49605878423513694,0.9843584305408272,30.5942254998954
32,0.00025,8,ReLU,1000,0.4998653742595584,0.49605878423513694,0.9843584305408272,32.410303900018334
32,0.00025,8,Tanh,50,0.49973074851911686,0.49599144842330306,0.9840933191940615,19.084258700022474
32,0.00025,8,Tanh,100,0.49973074851911686,0.49599144842330306,0.9840933191940615,19.626705900067464
32,0.00025,8,Tanh,300,0.49973074851911686,0.49599144842330306,0.9840933191940615,11.556093099992722
32,0.00025,8,Tanh,500,0.49973074851911686,0.49599144842330306,0.9840933191940615,10.104178100009449
32,0.00025,8,Tanh,1000,0.49973074851911686,0.49599144842330306,0.9840933191940615,8.6924246000126
32,0.00025,8,Sigmoid,50,0.5,0.4961261020571734,0.9846235418875928,5.736941499984823
32,0.00025,8,Sigmoid,100,0.5,0.4961261020571734,0.9846235418875928,5.972192500019446
32,0.00025,8,Sigmoid,300,0.5,0.4961261020571734,0.9846235418875928,10.89915509999264
32,0.00025,8,Sigmoid,500,0.5,0.4961261020571734,0.9846235418875928,19.548495199996978
32,0.00025,8,Sigmoid,1000,0.5,0.4961261020571734,0.9846235418875928,22.29553180001676
32,0.00025,8,GELU,50,0.4998653742595584,0.49605878423513694,0.9843584305408272,17.726533900015056
32,0.00025,8,GELU,100,0.4998653742595584,0.49605878423513694,0.9843584305408272,16.601341500063427
32,0.00025,8,GELU,300,0.4998653742595584,0.49605878423513694,0.9843584305408272,25.373577099991962
32,0.00025,8,GELU,500,0.4998653742595584,0.49605878423513694,0.9843584305408272,19.633872999926098
32,0.00025,8,GELU,1000,0.4998653742595584,0.49605878423513694,0.9843584305408272,21.77622760005761
32,0.00025,8,Softmax,50,0.5,0.4961261020571734,0.9846235418875928,17.86223460000474
32,0.00025,8,Softmax,100,0.5,0.4961261020571734,0.9846235418875928,14.10624110000208
32,0.00025,8,Softmax,300,0.5,0.4961261020571734,0.9846235418875928,12.223830400034785
32,0.00025,8,Softmax,500,0.5,0.4961261020571734,0.9846235418875928,8.819046700024046
32,0.00025,8,Softmax,1000,0.5,0.4961261020571734,0.9846235418875928,6.553298100014217
32,0.00025,16,ReLU,50,0.499057619816909,0.4956544992646076,0.9827677624602333,4.508063199929893
32,0.00025,16,ReLU,100,0.499057619816909,0.4956544992646076,0.9827677624602333,3.5688460000092164
32,0.00025,16,ReLU,300,0.499057619816909,0.4956544992646076,0.9827677624602333,7.403760200017132
32,0.00025,16,ReLU,500,0.499057619816909,0.4956544992646076,0.9827677624602333,8.38260279991664
32,0.00025,16,ReLU,1000,0.499057619816909,0.4956544992646076,0.9827677624602333,6.0078193000517786
32,0.00025,16,Tanh,50,0.4998653742595584,0.49605878423513694,0.9843584305408272,19.590781899983995
32,0.00025,16,Tanh,100,0.4998653742595584,0.49605878423513694,0.9843584305408272,15.191263199900277
32,0.00025,16,Tanh,300,0.4998653742595584,0.49605878423513694,0.9843584305408272,11.377573800040409
32,0.00025,16,Tanh,500,0.4998653742595584,0.49605878423513694,0.9843584305408272,17.48300690005999
32,0.00025,16,Tanh,1000,0.4998653742595584,0.49605878423513694,0.9843584305408272,9.772904899902642
32,0.00025,16,Sigmoid,50,0.5,0.4961261020571734,0.9846235418875928,8.19098670000676
32,0.00025,16,Sigmoid,100,0.5,0.4961261020571734,0.9846235418875928,18.50605079997331
32,0.00025,16,Sigmoid,300,0.5,0.4961261020571734,0.9846235418875928,16.496926399995573
32,0.00025,16,Sigmoid,500,0.5,0.4961261020571734,0.9846235418875928,15.731445000041276
32,0.00025,16,Sigmoid,1000,0.5,0.4961261020571734,0.9846235418875928,11.612181200063787
32,0.00025,16,GELU,50,0.499057619816909,0.4956544992646076,0.9827677624602333,10.532334599993192
32,0.00025,16,GELU,100,0.499057619816909,0.4956544992646076,0.9827677624602333,10.665805100114085
32,0.00025,16,GELU,300,0.499057619816909,0.4956544992646076,0.9827677624602333,9.442427899921313
32,0.00025,16,GELU,500,0.499057619816909,0.4956544992646076,0.9827677624602333,17.960349999950267
32,0.00025,16,GELU,1000,0.499057619816909,0.4956544992646076,0.9827677624602333,19.203649900038727
32,0.00025,16,Softmax,50,0.5,0.4961261020571734,0.9846235418875928,26.350851500057615
32,0.00025,16,Softmax,100,0.5,0.4961261020571734,0.9846235418875928,23.374520000070333
32,0.00025,16,Softmax,300,0.5,0.4961261020571734,0.9846235418875928,13.804148299968801
32,0.00025,16,Softmax,500,0.5,0.4961261020571734,0.9846235418875928,14.617549199960195
32,0.00025,16,Softmax,1000,0.5,0.4961261020571734,0.9846235418875928,7.9984977000858635
32,0.00025,32,ReLU,50,0.4985191168551427,0.49538461538461537,0.9817073170731707,6.858879499952309
32,0.00025,32,ReLU,100,0.4985191168551427,0.49538461538461537,0.9817073170731707,5.700185100082308
32,0.00025,32,ReLU,300,0.4985191168551427,0.49538461538461537,0.9817073170731707,5.216622499981895
32,0.00025,32,ReLU,500,0.4985191168551427,0.49538461538461537,0.9817073170731707,6.634385299985297
32,0.00025,32,ReLU,1000,0.4985191168551427,0.49538461538461537,0.9817073170731707,8.220497100031935
32,0.00025,32,Tanh,50,0.4991922455573506,0.49572192513368984,0.9830328738069989,5.873381400015205
32,0.00025,32,Tanh,100,0.4991922455573506,0.49572192513368984,0.9830328738069989,9.117919699987397
32,0.00025,32,Tanh,300,0.4991922455573506,0.49572192513368984,0.9830328738069989,11.557580400025472
32,0.00025,32,Tanh,500,0.4991922455573506,0.49572192513368984,0.9830328738069989,9.246584499953315
32,0.00025,32,Tanh,1000,0.4991922455573506,0.49572192513368984,0.9830328738069989,5.614135499927215
32,0.00025,32,Sigmoid,50,0.5,0.4961261020571734,0.9846235418875928,5.5642345999367535
32,0.00025,32,Sigmoid,100,0.5,0.4961261020571734,0.9846235418875928,4.767427899991162
32,0.00025,32,Sigmoid,300,0.5,0.4961261020571734,0.9846235418875928,7.921132400049828
32,0.00025,32,Sigmoid,500,0.5,0.4961261020571734,0.9846235418875928,6.003401199937798
32,0.00025,32,Sigmoid,1000,0.5,0.4961261020571734,0.9846235418875928,8.279399799997918
32,0.00025,32,GELU,50,0.4985191168551427,0.49538461538461537,0.9817073170731707,9.420918799936771
32,0.00025,32,GELU,100,0.4985191168551427,0.49538461538461537,0.9817073170731707,16.897802900057286
32,0.00025,32,GELU,300,0.4985191168551427,0.49538461538461537,0.9817073170731707,8.66581890010275
32,0.00025,32,GELU,500,0.4985191168551427,0.49538461538461537,0.9817073170731707,8.07095099997241
32,0.00025,32,GELU,1000,0.4985191168551427,0.49538461538461537,0.9817073170731707,6.708110700012185
32,0.00025,32,Softmax,50,0.5,0.4961261020571734,0.9846235418875928,3.6394801000133157
32,0.00025,32,Softmax,100,0.5,0.4961261020571734,0.9846235418875928,4.967491299961694
32,0.00025,32,Softmax,300,0.5,0.4961261020571734,0.9846235418875928,5.1712982000317425
32,0.00025,32,Softmax,500,0.5,0.4961261020571734,0.9846235418875928,5.418115800013766
32,0.00025,32,Softmax,1000,0.5,0.4961261020571734,0.9846235418875928,4.682203000062145
32,0.00025,64,ReLU,50,0.4983844911147011,0.49531709927749534,0.9814422057264051,7.22711179999169
32,0.00025,64,ReLU,100,0.4983844911147011,0.49531709927749534,0.9814422057264051,7.62556419998873
32,0.00025,64,ReLU,300,0.4983844911147011,0.49531709927749534,0.9814422057264051,10.629433199996129
32,0.00025,64,ReLU,500,0.4983844911147011,0.49531709927749534,0.9814422057264051,11.156618199893273
32,0.00025,64,ReLU,1000,0.4983844911147011,0.49531709927749534,0.9814422057264051,8.65648419992067
32,0.00025,64,Tanh,50,0.4985191168551427,0.49538461538461537,0.9817073170731707,7.318147199926898
32,0.00025,64,Tanh,100,0.4985191168551427,0.49538461538461537,0.9817073170731707,5.089834099984728
32,0.00025,64,Tanh,300,0.4985191168551427,0.49538461538461537,0.9817073170731707,7.829973400104791
32,0.00025,64,Tanh,500,0.4985191168551427,0.49538461538461537,0.9817073170731707,5.481486700009555
32,0.00025,64,Tanh,1000,0.4985191168551427,0.49538461538461537,0.9817073170731707,6.029637600062415
32,0.00025,64,Sigmoid,50,0.5,0.4961261020571734,0.9846235418875928,4.658518900047056
32,0.00025,64,Sigmoid,100,0.5,0.4961261020571734,0.9846235418875928,3.1638609999790788
32,0.00025,64,Sigmoid,300,0.5,0.4961261020571734,0.9846235418875928,2.5235825999407098
32,0.00025,64,Sigmoid,500,0.5,0.4961261020571734,0.9846235418875928,2.012319999979809
32,0.00025,64,Sigmoid,1000,0.5,0.4961261020571734,0.9846235418875928,2.107191599905491
32,0.00025,64,GELU,50,0.4983844911147011,0.49531709927749534,0.9814422057264051,3.584670800017193
32,0.00025,64,GELU,100,0.4983844911147011,0.49531709927749534,0.9814422057264051,3.5381274999817833
32,0.00025,64,GELU,300,0.4983844911147011,0.49531709927749534,0.9814422057264051,4.695328000001609
32,0.00025,64,GELU,500,0.4983844911147011,0.49531709927749534,0.9814422057264051,3.558889999985695
32,0.00025,64,GELU,1000,0.4983844911147011,0.49531709927749534,0.9814422057264051,3.328808900085278
32,0.00025,64,Softmax,50,0.5,0.4961261020571734,0.9846235418875928,2.2917695000069216
32,0.00025,64,Softmax,100,0.5,0.4961261020571734,0.9846235418875928,4.638143399963155
32,0.00025,64,Softmax,300,0.5,0.4961261020571734,0.9846235418875928,4.124815899995156
32,0.00025,64,Softmax,500,0.5,0.4961261020571734,0.9846235418875928,5.276354199973866
32,0.00025,64,Softmax,1000,0.5,0.4961261020571734,0.9846235418875928,3.7578909000148997
32,0.00025,128,ReLU,50,0.4973074851911686,0.4947763193142245,0.9793213149522799,6.459005899960175
32,0.00025,128,ReLU,100,0.4973074851911686,0.4947763193142245,0.9793213149522799,4.326749800005928
32,0.00025,128,ReLU,300,0.4973074851911686,0.4947763193142245,0.9793213149522799,5.4890326000750065
32,0.00025,128,ReLU,500,0.4973074851911686,0.4947763193142245,0.9793213149522799,3.9237228999845684
32,0.00025,128,ReLU,1000,0.4973074851911686,0.4947763193142245,0.9793213149522799,6.455727700027637
32,0.00025,128,Tanh,50,0.498115239633818,0.49518201284796576,0.9809119830328739,6.457848899997771
32,0.00025,128,Tanh,100,0.498115239633818,0.49518201284796576,0.9809119830328739,6.886628200067207
32,0.00025,128,Tanh,300,0.498115239633818,0.49518201284796576,0.9809119830328739,5.037207400077023
32,0.00025,128,Tanh,500,0.498115239633818,0.49518201284796576,0.9809119830328739,5.150503600016236
32,0.00025,128,Tanh,1000,0.498115239633818,0.49518201284796576,0.9809119830328739,7.147812600014731
32,0.00025,128,Sigmoid,50,0.5,0.4961261020571734,0.9846235418875928,3.8603896000422537
32,0.00025,128,Sigmoid,100,0.5,0.4961261020571734,0.9846235418875928,4.456898399977945
32,0.00025,128,Sigmoid,300,0.5,0.4961261020571734,0.9846235418875928,3.7764335999963805
32,0.00025,128,Sigmoid,500,0.5,0.4961261020571734,0.9846235418875928,3.537019700044766
32,0.00025,128,Sigmoid,1000,0.5,0.4961261020571734,0.9846235418875928,4.1011037999996915
32,0.00025,128,GELU,50,0.4973074851911686,0.4947763193142245,0.9793213149522799,6.785847599967383
32,0.00025,128,GELU,100,0.4973074851911686,0.4947763193142245,0.9793213149522799,6.650216699927114
32,0.00025,128,GELU,300,0.4973074851911686,0.4947763193142245,0.9793213149522799,7.200422300025821
32,0.00025,128,GELU,500,0.4973074851911686,0.4947763193142245,0.9793213149522799,7.1037625999888405
32,0.00025,128,GELU,1000,0.4973074851911686,0.4947763193142245,0.9793213149522799,5.851460899924859
32,0.00025,128,Softmax,50,0.5,0.4961261020571734,0.9846235418875928,4.121965899947099
32,0.00025,128,Softmax,100,0.5,0.4961261020571734,0.9846235418875928,3.5137071000644937
32,0.00025,128,Softmax,300,0.5,0.4961261020571734,0.9846235418875928,4.326060599996708
32,0.00025,128,Softmax,500,0.5,0.4961261020571734,0.9846235418875928,3.016432599979453
32,0.00025,128,Softmax,1000,0.5,0.4961261020571734,0.9846235418875928,3.5891108000651
64,0.01,8,ReLU,50,0.58499526488775,0.6260533359770001,0.9848886532343585,11.451512500061654
64,0.01,8,ReLU,100,0.58499526488775,0.6260533359770001,0.9848886532343585,20.937407199991867
64,0.01,8,ReLU,300,0.58499526488775,0.6260533359770001,0.9848886532343585,31.982400799985044
64,0.01,8,ReLU,500,0.58499526488775,0.6260533359770001,0.9848886532343585,27.25953879998997
64,0.01,8,ReLU,1000,0.58499526488775,0.6260533359770001,0.9848886532343585,20.69449170003645
64,0.01,8,Tanh,50,0.5,0.4961261020571734,0.9846235418875928,20.972121400060132
64,0.01,8,Tanh,100,0.5,0.4961261020571734,0.9846235418875928,10.55327130004298
64,0.01,8,Tanh,300,0.5,0.4961261020571734,0.9846235418875928,9.217227799934335
64,0.01,8,Tanh,500,0.5,0.4961261020571734,0.9846235418875928,11.129262199974619
64,0.01,8,Tanh,1000,0.5,0.4961261020571734,0.9846235418875928,19.094045999925584
64,0.01,8,Sigmoid,50,0.5,0.4961261020571734,0.9846235418875928,20.171920200111344
64,0.01,8,Sigmoid,100,0.5,0.4961261020571734,0.9846235418875928,24.23212059994694
64,0.01,8,Sigmoid,300,0.5,0.4961261020571734,0.9846235418875928,18.318980399984866
64,0.01,8,Sigmoid,500,0.5,0.4961261020571734,0.9846235418875928,14.28127209993545
64,0.01,8,Sigmoid,1000,0.5,0.4961261020571734,0.9846235418875928,9.640828200033866
64,0.01,8,GELU,50,0.58499526488775,0.6260533359770001,0.9848886532343585,23.66139900009148
64,0.01,8,GELU,100,0.58499526488775,0.6260533359770001,0.9848886532343585,21.413079499965534
64,0.01,8,GELU,300,0.58499526488775,0.6260533359770001,0.9848886532343585,18.15931860008277
64,0.01,8,GELU,500,0.58499526488775,0.6260533359770001,0.9848886532343585,12.655180800007656
64,0.01,8,GELU,1000,0.58499526488775,0.6260533359770001,0.9848886532343585,46.45210320001934
64,0.01,8,Softmax,50,0.5,0.4961261020571734,0.9846235418875928,20.526031200075522
64,0.01,8,Softmax,100,0.5,0.4961261020571734,0.9846235418875928,17.690084300003946
64,0.01,8,Softmax,300,0.5,0.4961261020571734,0.9846235418875928,13.715256099938415
64,0.01,8,Softmax,500,0.5,0.4961261020571734,0.9846235418875928,12.84301859990228
64,0.01,8,Softmax,1000,0.5,0.4961261020571734,0.9846235418875928,16.526494199992158
64,0.01,16,ReLU,50,0.5515895121905929,0.5887644378619108,0.985949098621421,19.335169499972835
64,0.01,16,ReLU,100,0.5515895121905929,0.5887644378619108,0.985949098621421,21.212268500006758
64,0.01,16,ReLU,300,0.5515895121905929,0.5887644378619108,0.985949098621421,16.00996309996117
64,0.01,16,ReLU,500,0.5515895121905929,0.5887644378619108,0.985949098621421,24.316730999969877
64,0.01,16,ReLU,1000,0.5515895121905929,0.5887644378619108,0.985949098621421,12.662702700006776
64,0.01,16,Tanh,50,0.5,0.4961261020571734,0.9846235418875928,9.581279099918902
64,0.01,16,Tanh,100,0.5,0.4961261020571734,0.9846235418875928,7.164674100000411
64,0.01,16,Tanh,300,0.5,0.4961261020571734,0.9846235418875928,9.169077099999413
64,0.01,16,Tanh,500,0.5,0.4961261020571734,0.9846235418875928,7.30746000004001
64,0.01,16,Tanh,1000,0.5,0.4961261020571734,0.9846235418875928,3.7830561000155285
64,0.01,16,Sigmoid,50,0.5,0.4961261020571734,0.9846235418875928,7.694346699980088
64,0.01,16,Sigmoid,100,0.5,0.4961261020571734,0.9846235418875928,6.3181944999378175
64,0.01,16,Sigmoid,300,0.5,0.4961261020571734,0.9846235418875928,13.054774000076577
64,0.01,16,Sigmoid,500,0.5,0.4961261020571734,0.9846235418875928,14.904719299986027
64,0.01,16,Sigmoid,1000,0.5,0.4961261020571734,0.9846235418875928,12.03970790002495
64,0.01,16,GELU,50,0.5515895121905929,0.5887644378619108,0.985949098621421,10.191518299980089
64,0.01,16,GELU,100,0.5515895121905929,0.5887644378619108,0.985949098621421,8.788494799984619
64,0.01,16,GELU,300,0.5515895121905929,0.5887644378619108,0.985949098621421,5.91771950002294
64,0.01,16,GELU,500,0.5515895121905929,0.5887644378619108,0.985949098621421,3.914339500013739
64,0.01,16,GELU,1000,0.5515895121905929,0.5887644378619108,0.985949098621421,4.125302799977362
64,0.01,16,Softmax,50,0.5,0.4961261020571734,0.9846235418875928,13.593716599978507
64,0.01,16,Softmax,100,0.5,0.4961261020571734,0.9846235418875928,11.090542400022969
64,0.01,16,Softmax,300,0.5,0.4961261020571734,0.9846235418875928,14.53424399998039
64,0.01,16,Softmax,500,0.5,0.4961261020571734,0.9846235418875928,12.32987110002432
64,0.01,16,Softmax,1000,0.5,0.4961261020571734,0.9846235418875928,16.127356000011787
64,0.01,32,ReLU,50,0.5340788813993649,0.5577277916628097,0.9848886532343585,7.407734200009145
64,0.01,32,ReLU,100,0.5340788813993649,0.5577277916628097,0.9848886532343585,10.048307099961676
64,0.01,32,ReLU,300,0.5340788813993649,0.5577277916628097,0.9848886532343585,19.437644899939187
64,0.01,32,ReLU,500,0.5340788813993649,0.5577277916628097,0.9848886532343585,19.398969699977897
64,0.01,32,ReLU,1000,0.5340788813993649,0.5577277916628097,0.9848886532343585,8.491287700016983
64,0.01,32,Tanh,50,0.5,0.4961261020571734,0.9846235418875928,8.761964600067586
64,0.01,32,Tanh,100,0.5,0.4961261020571734,0.9846235418875928,9.68798019993119
64,0.01,32,Tanh,300,0.5,0.4961261020571734,0.9846235418875928,6.244372900109738
64,0.01,32,Tanh,500,0.5,0.4961261020571734,0.9846235418875928,8.8362939999206
64,0.01,32,Tanh,1000,0.5,0.4961261020571734,0.9846235418875928,8.645063400035724
64,0.01,32,Sigmoid,50,0.5,0.4961261020571734,0.9846235418875928,7.809058700106107
64,0.01,32,Sigmoid,100,0.5,0.4961261020571734,0.9846235418875928,10.721325899939984
64,0.01,32,Sigmoid,300,0.5,0.4961261020571734,0.9846235418875928,11.300105100031942
64,0.01,32,Sigmoid,500,0.5,0.4961261020571734,0.9846235418875928,9.548656400060281
64,0.01,32,Sigmoid,1000,0.5,0.4961261020571734,0.9846235418875928,8.777273799991235
64,0.01,32,GELU,50,0.5340788813993649,0.5577277916628097,0.9848886532343585,10.468284100061283
64,0.01,32,GELU,100,0.5340788813993649,0.5577277916628097,0.9848886532343585,13.275187100050971
64,0.01,32,GELU,300,0.5340788813993649,0.5577277916628097,0.9848886532343585,9.29270260001067
64,0.01,32,GELU,500,0.5340788813993649,0.5577277916628097,0.9848886532343585,7.322022099979222
64,0.01,32,GELU,1000,0.5340788813993649,0.5577277916628097,0.9848886532343585,11.315412399941124
64,0.01,32,Softmax,50,0.5,0.4961261020571734,0.9846235418875928,6.271710000000894
64,0.01,32,Softmax,100,0.5,0.4961261020571734,0.9846235418875928,6.315736199961975
64,0.01,32,Softmax,300,0.5,0.4961261020571734,0.9846235418875928,6.748961300007068
64,0.01,32,Softmax,500,0.5,0.4961261020571734,0.9846235418875928,7.789662200026214
64,0.01,32,Softmax,1000,0.5,0.4961261020571734,0.9846235418875928,4.976931200013496
64,0.01,64,ReLU,50,0.5,0.4961261020571734,0.9846235418875928,4.335086399922147
64,0.01,64,ReLU,100,0.5,0.4961261020571734,0.9846235418875928,4.757193799945526
64,0.01,64,ReLU,300,0.5,0.4961261020571734,0.9846235418875928,3.3546609000768512
64,0.01,64,ReLU,500,0.5,0.4961261020571734,0.9846235418875928,5.805993299931288
64,0.01,64,ReLU,1000,0.5,0.4961261020571734,0.9846235418875928,5.264165000058711
64,0.01,64,Tanh,50,0.5,0.4961261020571734,0.9846235418875928,6.92402979999315
64,0.01,64,Tanh,100,0.5,0.4961261020571734,0.9846235418875928,7.180217299959622
64,0.01,64,Tanh,300,0.5,0.4961261020571734,0.9846235418875928,6.505782699910924
64,0.01,64,Tanh,500,0.5,0.4961261020571734,0.9846235418875928,4.781504199956544
64,0.01,64,Tanh,1000,0.5,0.4961261020571734,0.9846235418875928,4.383531600004062
64,0.01,64,Sigmoid,50,0.5,0.4961261020571734,0.9846235418875928,4.208631899906322
64,0.01,64,Sigmoid,100,0.5,0.4961261020571734,0.9846235418875928,3.5693905000807717
64,0.01,64,Sigmoid,300,0.5,0.4961261020571734,0.9846235418875928,2.371968600084074
64,0.01,64,Sigmoid,500,0.5,0.4961261020571734,0.9846235418875928,3.6057498001027852
64,0.01,64,Sigmoid,1000,0.5,0.4961261020571734,0.9846235418875928,2.8590345000848174
64,0.01,64,GELU,50,0.5,0.4961261020571734,0.9846235418875928,2.099665899993852
64,0.01,64,GELU,100,0.5,0.4961261020571734,0.9846235418875928,2.3867470000404865
64,0.01,64,GELU,300,0.5,0.4961261020571734,0.9846235418875928,2.1957124000182375
64,0.01,64,GELU,500,0.5,0.4961261020571734,0.9846235418875928,1.9773408999899402
64,0.01,64,GELU,1000,0.5,0.4961261020571734,0.9846235418875928,1.7089559000451118
64,0.01,64,Softmax,50,0.5,0.4961261020571734,0.9846235418875928,4.042907800059766
64,0.01,64,Softmax,100,0.5,0.4961261020571734,0.9846235418875928,4.988003900041804
64,0.01,64,Softmax,300,0.5,0.4961261020571734,0.9846235418875928,4.988603099947795
64,0.01,64,Softmax,500,0.5,0.4961261020571734,0.9846235418875928,6.109559000004083
64,0.01,64,Softmax,1000,0.5,0.4961261020571734,0.9846235418875928,8.884289599955082
64,0.01,128,ReLU,50,0.5,0.4961261020571734,0.9846235418875928,7.254724200000055
64,0.01,128,ReLU,100,0.5,0.4961261020571734,0.9846235418875928,5.845332200056873
64,0.01,128,ReLU,300,0.5,0.4961261020571734,0.9846235418875928,5.341033500037156
64,0.01,128,ReLU,500,0.5,0.4961261020571734,0.9846235418875928,5.732511900016107
64,0.01,128,ReLU,1000,0.5,0.4961261020571734,0.9846235418875928,5.603992799995467
64,0.01,128,Tanh,50,0.5,0.4961261020571734,0.9846235418875928,5.241959400009364
64,0.01,128,Tanh,100,0.5,0.4961261020571734,0.9846235418875928,5.686772000044584
64,0.01,128,Tanh,300,0.5,0.4961261020571734,0.9846235418875928,5.329169999924488
64,0.01,128,Tanh,500,0.5,0.4961261020571734,0.9846235418875928,5.617341699893586
64,0.01,128,Tanh,1000,0.5,0.4961261020571734,0.9846235418875928,5.38954779994674
64,0.01,128,Sigmoid,50,0.5,0.4961261020571734,0.9846235418875928,5.730006700032391
64,0.01,128,Sigmoid,100,0.5,0.4961261020571734,0.9846235418875928,5.61889419995714
64,0.01,128,Sigmoid,300,0.5,0.4961261020571734,0.9846235418875928,5.359819000004791
64,0.01,128,Sigmoid,500,0.5,0.4961261020571734,0.9846235418875928,4.828324600006454
64,0.01,128,Sigmoid,1000,0.5,0.4961261020571734,0.9846235418875928,5.414540599915199
64,0.01,128,GELU,50,0.5,0.4961261020571734,0.9846235418875928,3.3912780000828207
64,0.01,128,GELU,100,0.5,0.4961261020571734,0.9846235418875928,3.449667999986559
64,0.01,128,GELU,300,0.5,0.4961261020571734,0.9846235418875928,4.04447009996511
64,0.01,128,GELU,500,0.5,0.4961261020571734,0.9846235418875928,2.803256200044416
64,0.01,128,GELU,1000,0.5,0.4961261020571734,0.9846235418875928,3.117482400033623
64,0.01,128,Softmax,50,0.5,0.4961261020571734,0.9846235418875928,2.190311999991536
64,0.01,128,Softmax,100,0.5,0.4961261020571734,0.9846235418875928,2.792012899997644
64,0.01,128,Softmax,300,0.5,0.4961261020571734,0.9846235418875928,2.0805184000637382
64,0.01,128,Softmax,500,0.5,0.4961261020571734,0.9846235418875928,2.060980699956417
64,0.01,128,Softmax,1000,0.5,0.4961261020571734,0.9846235418875928,2.8374404000351205
64,0.001,8,ReLU,50,0.5,0.4961261020571734,0.9846235418875928,10.55619930010289
64,0.001,8,ReLU,100,0.5,0.4961261020571734,0.9846235418875928,7.909584499895573
64,0.001,8,ReLU,300,0.5,0.4961261020571734,0.9846235418875928,11.558691299986094
64,0.001,8,ReLU,500,0.5,0.4961261020571734,0.9846235418875928,11.838954500039108
64,0.001,8,ReLU,1000,0.5,0.4961261020571734,0.9846235418875928,30.090975400060415
64,0.001,8,Tanh,50,0.5,0.4961261020571734,0.9846235418875928,19.44402109994553
64,0.001,8,Tanh,100,0.5,0.4961261020571734,0.9846235418875928,14.79053910006769
64,0.001,8,Tanh,300,0.5,0.4961261020571734,0.9846235418875928,17.483523900038563
64,0.001,8,Tanh,500,0.5,0.4961261020571734,0.9846235418875928,16.269128900021315
64,0.001,8,Tanh,1000,0.5,0.4961261020571734,0.9846235418875928,14.977291099959984
64,0.001,8,Sigmoid,50,0.5,0.4961261020571734,0.9846235418875928,11.23081550002098
64,0.001,8,Sigmoid,100,0.5,0.4961261020571734,0.9846235418875928,17.73423649999313
64,0.001,8,Sigmoid,300,0.5,0.4961261020571734,0.9846235418875928,26.973795199999586
64,0.001,8,Sigmoid,500,0.5,0.4961261020571734,0.9846235418875928,22.98728859995026
64,0.001,8,Sigmoid,1000,0.5,0.4961261020571734,0.9846235418875928,24.321892600040883
64,0.001,8,GELU,50,0.5,0.4961261020571734,0.9846235418875928,23.35120349994395
64,0.001,8,GELU,100,0.5,0.4961261020571734,0.9846235418875928,17.542439299984835
64,0.001,8,GELU,300,0.5,0.4961261020571734,0.9846235418875928,25.592145000002347
64,0.001,8,GELU,500,0.5,0.4961261020571734,0.9846235418875928,17.430253900005482
64,0.001,8,GELU,1000,0.5,0.4961261020571734,0.9846235418875928,17.564753599930555
64,0.001,8,Softmax,50,0.5,0.4961261020571734,0.9846235418875928,11.44872630003374
64,0.001,8,Softmax,100,0.5,0.4961261020571734,0.9846235418875928,10.293998799985275
64,0.001,8,Softmax,300,0.5,0.4961261020571734,0.9846235418875928,8.139677099999972
64,0.001,8,Softmax,500,0.5,0.4961261020571734,0.9846235418875928,6.690230599953793
64,0.001,8,Softmax,1000,0.5,0.4961261020571734,0.9846235418875928,6.793737699976191
64,0.001,16,ReLU,50,0.5,0.4961261020571734,0.9846235418875928,4.2146142000565305
64,0.001,16,ReLU,100,0.5,0.4961261020571734,0.9846235418875928,4.518782499944791
64,0.001,16,ReLU,300,0.5,0.4961261020571734,0.9846235418875928,11.578093999996781
64,0.001,16,ReLU,500,0.5,0.4961261020571734,0.9846235418875928,20.877917199977674
64,0.001,16,ReLU,1000,0.5,0.4961261020571734,0.9846235418875928,16.311267499928363
64,0.001,16,Tanh,50,0.5,0.4961261020571734,0.9846235418875928,13.052164499997161
64,0.001,16,Tanh,100,0.5,0.4961261020571734,0.9846235418875928,9.980362199945375
64,0.001,16,Tanh,300,0.5,0.4961261020571734,0.9846235418875928,7.045437199994922
64,0.001,16,Tanh,500,0.5,0.4961261020571734,0.9846235418875928,11.244763499940746
64,0.001,16,Tanh,1000,0.5,0.4961261020571734,0.9846235418875928,18.643857799936086
64,0.001,16,Sigmoid,50,0.5,0.4961261020571734,0.9846235418875928,10.249477299978025
64,0.001,16,Sigmoid,100,0.5,0.4961261020571734,0.9846235418875928,12.394883200060576
64,0.001,16,Sigmoid,300,0.5,0.4961261020571734,0.9846235418875928,9.986835599993356
64,0.001,16,Sigmoid,500,0.5,0.4961261020571734,0.9846235418875928,10.581386199919507
64,0.001,16,Sigmoid,1000,0.5,0.4961261020571734,0.9846235418875928,10.140463599935174
64,0.001,16,GELU,50,0.5,0.4961261020571734,0.9846235418875928,6.75772680004593
64,0.001,16,GELU,100,0.5,0.4961261020571734,0.9846235418875928,6.863806600100361
64,0.001,16,GELU,300,0.5,0.4961261020571734,0.9846235418875928,8.131160699995235
64,0.001,16,GELU,500,0.5,0.4961261020571734,0.9846235418875928,11.192552499938756
64,0.001,16,GELU,1000,0.5,0.4961261020571734,0.9846235418875928,10.790642300038598
64,0.001,16,Softmax,50,0.5,0.4961261020571734,0.9846235418875928,11.96864499989897
64,0.001,16,Softmax,100,0.5,0.4961261020571734,0.9846235418875928,17.66161019995343
64,0.001,16,Softmax,300,0.5,0.4961261020571734,0.9846235418875928,13.017603900050744
64,0.001,16,Softmax,500,0.5,0.4961261020571734,0.9846235418875928,10.733319099992514
64,0.001,16,Softmax,1000,0.5,0.4961261020571734,0.9846235418875928,7.462384499958716
64,0.001,32,ReLU,50,0.5,0.4961261020571734,0.9846235418875928,4.149675699998625
64,0.001,32,ReLU,100,0.5,0.4961261020571734,0.9846235418875928,3.0235249999677762
64,0.001,32,ReLU,300,0.5,0.4961261020571734,0.9846235418875928,2.4079838999314234
64,0.001,32,ReLU,500,0.5,0.4961261020571734,0.9846235418875928,3.6190921999514103
64,0.001,32,ReLU,1000,0.5,0.4961261020571734,0.9846235418875928,3.153409000020474
64,0.001,32,Tanh,50,0.5,0.4961261020571734,0.9846235418875928,4.098052700050175
64,0.001,32,Tanh,100,0.5,0.4961261020571734,0.9846235418875928,7.172615499934182
64,0.001,32,Tanh,300,0.5,0.4961261020571734,0.9846235418875928,6.8238067999482155
64,0.001,32,Tanh,500,0.5,0.4961261020571734,0.9846235418875928,6.633453499991447
64,0.001,32,Tanh,1000,0.5,0.4961261020571734,0.9846235418875928,8.827969399979338
64,0.001,32,Sigmoid,50,0.5,0.4961261020571734,0.9846235418875928,7.993312699953094
64,0.001,32,Sigmoid,100,0.5,0.4961261020571734,0.9846235418875928,9.756305099930614
64,0.001,32,Sigmoid,300,0.5,0.4961261020571734,0.9846235418875928,10.325836400035769
64,0.001,32,Sigmoid,500,0.5,0.4961261020571734,0.9846235418875928,11.980160600040108
64,0.001,32,Sigmoid,1000,0.5,0.4961261020571734,0.9846235418875928,12.556532999966294
64,0.001,32,GELU,50,0.5,0.4961261020571734,0.9846235418875928,11.169268499943428
64,0.001,32,GELU,100,0.5,0.4961261020571734,0.9846235418875928,6.376435899990611
64,0.001,32,GELU,300,0.5,0.4961261020571734,0.9846235418875928,7.5882315000053495
64,0.001,32,GELU,500,0.5,0.4961261020571734,0.9846235418875928,8.385244900011458
64,0.001,32,GELU,1000,0.5,0.4961261020571734,0.9846235418875928,7.822582700056955
64,0.001,32,Softmax,50,0.5,0.4961261020571734,0.9846235418875928,7.5599443999817595
64,0.001,32,Softmax,100,0.5,0.4961261020571734,0.9846235418875928,5.908192100003362
64,0.001,32,Softmax,300,0.5,0.4961261020571734,0.9846235418875928,5.804668199969456
64,0.001,32,Softmax,500,0.5,0.4961261020571734,0.9846235418875928,10.85061070008669
64,0.001,32,Softmax,1000,0.5,0.4961261020571734,0.9846235418875928,11.222816599998623
64,0.001,64,ReLU,50,0.5,0.4961261020571734,0.9846235418875928,7.299094100017101
64,0.001,64,ReLU,100,0.5,0.4961261020571734,0.9846235418875928,6.566754100029357
64,0.001,64,ReLU,300,0.5,0.4961261020571734,0.9846235418875928,6.508292900049128
64,0.001,64,ReLU,500,0.5,0.4961261020571734,0.9846235418875928,5.726137900026515
64,0.001,64,ReLU,1000,0.5,0.4961261020571734,0.9846235418875928,6.553988000028767
64,0.001,64,Tanh,50,0.5,0.4961261020571734,0.9846235418875928,5.992112100007944
64,0.001,64,Tanh,100,0.5,0.4961261020571734,0.9846235418875928,5.147251700051129
64,0.001,64,Tanh,300,0.5,0.4961261020571734,0.9846235418875928,5.082017699955031
64,0.001,64,Tanh,500,0.5,0.4961261020571734,0.9846235418875928,5.216599800041877
64,0.001,64,Tanh,1000,0.5,0.4961261020571734,0.9846235418875928,6.003679499961436
64,0.001,64,Sigmoid,50,0.5,0.4961261020571734,0.9846235418875928,3.2426950000226498
64,0.001,64,Sigmoid,100,0.5,0.4961261020571734,0.9846235418875928,4.111280500073917
64,0.001,64,Sigmoid,300,0.5,0.4961261020571734,0.9846235418875928,2.127440399955958
64,0.001,64,Sigmoid,500,0.5,0.4961261020571734,0.9846235418875928,3.512764099985361
64,0.001,64,Sigmoid,1000,0.5,0.4961261020571734,0.9846235418875928,2.635361999971792
64,0.001,64,GELU,50,0.5,0.4961261020571734,0.9846235418875928,2.500198099995032
64,0.001,64,GELU,100,0.5,0.4961261020571734,0.9846235418875928,2.795085099991411
64,0.001,64,GELU,300,0.5,0.4961261020571734,0.9846235418875928,2.407678500050679
64,0.001,64,GELU,500,0.5,0.4961261020571734,0.9846235418875928,3.131288699922152
64,0.001,64,GELU,1000,0.5,0.4961261020571734,0.9846235418875928,2.1339564999798313
64,0.001,64,Softmax,50,0.5,0.4961261020571734,0.9846235418875928,2.127941200044006
64,0.001,64,Softmax,100,0.5,0.4961261020571734,0.9846235418875928,1.851996299927123
64,0.001,64,Softmax,300,0.5,0.4961261020571734,0.9846235418875928,1.465959700057283
64,0.001,64,Softmax,500,0.5,0.4961261020571734,0.9846235418875928,1.6200475000077859
64,0.001,64,Softmax,1000,0.5,0.4961261020571734,0.9846235418875928,4.2999044000171125
64,0.001,128,ReLU,50,0.5,0.4961261020571734,0.9846235418875928,3.170545000000857
64,0.001,128,ReLU,100,0.5,0.4961261020571734,0.9846235418875928,3.96657549997326
64,0.001,128,ReLU,300,0.5,0.4961261020571734,0.9846235418875928,3.08406909997575
64,0.001,128,ReLU,500,0.5,0.4961261020571734,0.9846235418875928,3.3462089999811724
64,0.001,128,ReLU,1000,0.5,0.4961261020571734,0.9846235418875928,3.5517743000527844
64,0.001,128,Tanh,50,0.4998653742595584,0.49605878423513694,0.9843584305408272,3.6934240999398753
64,0.001,128,Tanh,100,0.4998653742595584,0.49605878423513694,0.9843584305408272,3.6928644999861717
64,0.001,128,Tanh,300,0.4998653742595584,0.49605878423513694,0.9843584305408272,3.4816476999549195
64,0.001,128,Tanh,500,0.4998653742595584,0.49605878423513694,0.9843584305408272,3.7725184001028538
64,0.001,128,Tanh,1000,0.4998653742595584,0.49605878423513694,0.9843584305408272,3.272300999960862
64,0.001,128,Sigmoid,50,0.5,0.4961261020571734,0.9846235418875928,4.813145200023428
64,0.001,128,Sigmoid,100,0.5,0.4961261020571734,0.9846235418875928,3.2501183999702334
64,0.001,128,Sigmoid,300,0.5,0.4961261020571734,0.9846235418875928,2.9921268000034615
64,0.001,128,Sigmoid,500,0.5,0.4961261020571734,0.9846235418875928,3.017030799994245
64,0.001,128,Sigmoid,1000,0.5,0.4961261020571734,0.9846235418875928,3.158515500021167
64,0.001,128,GELU,50,0.5,0.4961261020571734,0.9846235418875928,1.995055100065656
64,0.001,128,GELU,100,0.5,0.4961261020571734,0.9846235418875928,2.0421398000326008
64,0.001,128,GELU,300,0.5,0.4961261020571734,0.9846235418875928,2.9964592999313027
64,0.001,128,GELU,500,0.5,0.4961261020571734,0.9846235418875928,1.75309280003421
64,0.001,128,GELU,1000,0.5,0.4961261020571734,0.9846235418875928,1.99069879995659
64,0.001,128,Softmax,50,0.5,0.4961261020571734,0.9846235418875928,4.74200229998678
64,0.001,128,Softmax,100,0.5,0.4961261020571734,0.9846235418875928,3.3130408000433818
64,0.001,128,Softmax,300,0.5,0.4961261020571734,0.9846235418875928,4.332189799984917
64,0.001,128,Softmax,500,0.5,0.4961261020571734,0.9846235418875928,4.482346499920823
64,0.001,128,Softmax,1000,0.5,0.4961261020571734,0.9846235418875928,3.723940800060518
64,0.0001,8,ReLU,50,0.4998653742595584,0.49605878423513694,0.9843584305408272,24.509469900047407
64,0.0001,8,ReLU,100,0.4998653742595584,0.49605878423513694,0.9843584305408272,20.861923500080593
64,0.0001,8,ReLU,300,0.4998653742595584,0.49605878423513694,0.9843584305408272,23.515843800036237
64,0.0001,8,ReLU,500,0.4998653742595584,0.49605878423513694,0.9843584305408272,14.522200999897905
64,0.0001,8,ReLU,1000,0.4998653742595584,0.49605878423513694,0.9843584305408272,24.034528500051238
64,0.0001,8,Tanh,50,0.4998653742595584,0.49605878423513694,0.9843584305408272,16.42959830001928
64,0.0001,8,Tanh,100,0.4998653742595584,0.49605878423513694,0.9843584305408272,9.319276199908927
64,0.0001,8,Tanh,300,0.4998653742595584,0.49605878423513694,0.9843584305408272,12.85600929998327
64,0.0001,8,Tanh,500,0.4998653742595584,0.49605878423513694,0.9843584305408272,14.923361499910243
64,0.0001,8,Tanh,1000,0.4998653742595584,0.49605878423513694,0.9843584305408272,29.548588100005873
64,0.0001,8,Sigmoid,50,0.5,0.4961261020571734,0.9846235418875928,28.375564499991015
64,0.0001,8,Sigmoid,100,0.5,0.4961261020571734,0.9846235418875928,23.419960099970922
64,0.0001,8,Sigmoid,300,0.5,0.4961261020571734,0.9846235418875928,26.98646279994864
64,0.0001,8,Sigmoid,500,0.5,0.4961261020571734,0.9846235418875928,19.174823199980892
64,0.0001,8,Sigmoid,1000,0.5,0.4961261020571734,0.9846235418875928,13.74469500000123
64,0.0001,8,GELU,50,0.4998653742595584,0.49605878423513694,0.9843584305408272,13.451628800015897
64,0.0001,8,GELU,100,0.4998653742595584,0.49605878423513694,0.9843584305408272,7.490365499979816
64,0.0001,8,GELU,300,0.4998653742595584,0.49605878423513694,0.9843584305408272,7.775954400072806
64,0.0001,8,GELU,500,0.4998653742595584,0.49605878423513694,0.9843584305408272,15.028971199993975
64,0.0001,8,GELU,1000,0.4998653742595584,0.49605878423513694,0.9843584305408272,14.48327289998997
64,0.0001,8,Softmax,50,0.5,0.4961261020571734,0.9846235418875928,9.904662199900486
64,0.0001,8,Softmax,100,0.5,0.4961261020571734,0.9846235418875928,7.663963999948464
64,0.0001,8,Softmax,300,0.5,0.4961261020571734,0.9846235418875928,4.385004499927163
64,0.0001,8,Softmax,500,0.5,0.4961261020571734,0.9846235418875928,7.605608700076118
64,0.0001,8,Softmax,1000,0.5,0.4961261020571734,0.9846235418875928,8.662809200002812
64,0.0001,16,ReLU,50,0.4998653742595584,0.49605878423513694,0.9843584305408272,5.827719100052491
64,0.0001,16,ReLU,100,0.4998653742595584,0.49605878423513694,0.9843584305408272,5.398085099994205
64,0.0001,16,ReLU,300,0.4998653742595584,0.49605878423513694,0.9843584305408272,7.462309499969706
64,0.0001,16,ReLU,500,0.4998653742595584,0.49605878423513694,0.9843584305408272,12.969338100054301
64,0.0001,16,ReLU,1000,0.4998653742595584,0.49605878423513694,0.9843584305408272,8.235354900010861
64,0.0001,16,Tanh,50,0.49959612277867527,0.49592409461445947,0.9838282078472959,15.31468280008994
64,0.0001,16,Tanh,100,0.49959612277867527,0.49592409461445947,0.9838282078472959,10.735890900017694
64,0.0001,16,Tanh,300,0.49959612277867527,0.49592409461445947,0.9838282078472959,13.388705200050026
64,0.0001,16,Tanh,500,0.49959612277867527,0.49592409461445947,0.9838282078472959,22.321832499932498
64,0.0001,16,Tanh,1000,0.49959612277867527,0.49592409461445947,0.9838282078472959,24.195296399993822
64,0.0001,16,Sigmoid,50,0.5,0.4961261020571734,0.9846235418875928,18.545211700024083
64,0.0001,16,Sigmoid,100,0.5,0.4961261020571734,0.9846235418875928,16.547567500034347
64,0.0001,16,Sigmoid,300,0.5,0.4961261020571734,0.9846235418875928,6.874895200016908
64,0.0001,16,Sigmoid,500,0.5,0.4961261020571734,0.9846235418875928,8.499656799947843
64,0.0001,16,Sigmoid,1000,0.5,0.4961261020571734,0.9846235418875928,6.656071600038558
64,0.0001,16,GELU,50,0.4998653742595584,0.49605878423513694,0.9843584305408272,10.384465700015426
64,0.0001,16,GELU,100,0.4998653742595584,0.49605878423513694,0.9843584305408272,14.524095100001432
64,0.0001,16,GELU,300,0.4998653742595584,0.49605878423513694,0.9843584305408272,19.10280860005878
64,0.0001,16,GELU,500,0.4998653742595584,0.49605878423513694,0.9843584305408272,17.464023599983193
64,0.0001,16,GELU,1000,0.4998653742595584,0.49605878423513694,0.9843584305408272,11.969861799967475
64,0.0001,16,Softmax,50,0.5,0.4961261020571734,0.9846235418875928,13.556080600013956
64,0.0001,16,Softmax,100,0.5,0.4961261020571734,0.9846235418875928,17.626562700024806
64,0.0001,16,Softmax,300,0.5,0.4961261020571734,0.9846235418875928,18.109273699927144
64,0.0001,16,Softmax,500,0.5,0.4961261020571734,0.9846235418875928,18.6552270000102
64,0.0001,16,Softmax,1000,0.5,0.4961261020571734,0.9846235418875928,16.368373699951917
64,0.0001,32,ReLU,50,0.49959612277867527,0.49592409461445947,0.9838282078472959,12.939374000066891
64,0.0001,32,ReLU,100,0.49959612277867527,0.49592409461445947,0.9838282078472959,12.618388699949719
64,0.0001,32,ReLU,300,0.49959612277867527,0.49592409461445947,0.9838282078472959,11.8497769999085
64,0.0001,32,ReLU,500,0.49959612277867527,0.49592409461445947,0.9838282078472959,13.007974000065587
64,0.0001,32,ReLU,1000,0.49959612277867527,0.49592409461445947,0.9838282078472959,8.111319400020875
64,0.0001,32,Tanh,50,0.49932687129779213,0.4957893329768748,0.9832979851537645,9.634402600000612
64,0.0001,32,Tanh,100,0.49932687129779213,0.4957893329768748,0.9832979851537645,13.542178399977274
64,0.0001,32,Tanh,300,0.49932687129779213,0.4957893329768748,0.9832979851537645,17.01778130000457
64,0.0001,32,Tanh,500,0.49932687129779213,0.4957893329768748,0.9832979851537645,16.503309500054456
64,0.0001,32,Tanh,1000,0.49932687129779213,0.4957893329768748,0.9832979851537645,16.0765640999889
64,0.0001,32,Sigmoid,50,0.5,0.4961261020571734,0.9846235418875928,10.884533099946566
64,0.0001,32,Sigmoid,100,0.5,0.4961261020571734,0.9846235418875928,12.123057799995877
64,0.0001,32,Sigmoid,300,0.5,0.4961261020571734,0.9846235418875928,9.252806899952702
64,0.0001,32,Sigmoid,500,0.5,0.4961261020571734,0.9846235418875928,8.217944599920884
64,0.0001,32,Sigmoid,1000,0.5,0.4961261020571734,0.9846235418875928,8.395730999996886
64,0.0001,32,GELU,50,0.49959612277867527,0.49592409461445947,0.9838282078472959,9.858121400000528
64,0.0001,32,GELU,100,0.49959612277867527,0.49592409461445947,0.9838282078472959,8.685308800078928
64,0.0001,32,GELU,300,0.49959612277867527,0.49592409461445947,0.9838282078472959,9.12795009999536
64,0.0001,32,GELU,500,0.49959612277867527,0.49592409461445947,0.9838282078472959,10.572594700031914
64,0.0001,32,GELU,1000,0.49959612277867527,0.49592409461445947,0.9838282078472959,14.929481300059706
64,0.0001,32,Softmax,50,0.5,0.4961261020571734,0.9846235418875928,14.535971899982542
64,0.0001,32,Softmax,100,0.5,0.4961261020571734,0.9846235418875928,10.010972999967635
64,0.0001,32,Softmax,300,0.5,0.4961261020571734,0.9846235418875928,12.029518899973482
64,0.0001,32,Softmax,500,0.5,0.4961261020571734,0.9846235418875928,12.719965200056322
64,0.0001,32,Softmax,1000,0.5,0.4961261020571734,0.9846235418875928,12.49980890005827
64,0.0001,64,ReLU,50,0.49932687129779213,0.4957893329768748,0.9832979851537645,7.57672269991599
64,0.0001,64,ReLU,100,0.49932687129779213,0.4957893329768748,0.9832979851537645,7.01882660004776
64,0.0001,64,ReLU,300,0.49932687129779213,0.4957893329768748,0.9832979851537645,9.71225479990244
64,0.0001,64,ReLU,500,0.49932687129779213,0.4957893329768748,0.9832979851537645,6.144641499966383
64,0.0001,64,ReLU,1000,0.49932687129779213,0.4957893329768748,0.9832979851537645,8.491719199926592
64,0.0001,64,Tanh,50,0.4991922455573506,0.49572192513368984,0.9830328738069989,8.469533799914643
64,0.0001,64,Tanh,100,0.4991922455573506,0.49572192513368984,0.9830328738069989,8.989472900051624
64,0.0001,64,Tanh,300,0.4991922455573506,0.49572192513368984,0.9830328738069989,6.661668199929409
64,0.0001,64,Tanh,500,0.4991922455573506,0.49572192513368984,0.9830328738069989,8.534027199959382
64,0.0001,64,Tanh,1000,0.4991922455573506,0.49572192513368984,0.9830328738069989,7.534020000020973
64,0.0001,64,Sigmoid,50,0.49959612277867527,0.49592409461445947,0.9838282078472959,5.96090780000668
64,0.0001,64,Sigmoid,100,0.49959612277867527,0.49592409461445947,0.9838282078472959,5.476060399902053
64,0.0001,64,Sigmoid,300,0.49959612277867527,0.49592409461445947,0.9838282078472959,5.156370299984701
64,0.0001,64,Sigmoid,500,0.49959612277867527,0.49592409461445947,0.9838282078472959,3.794758699950762
64,0.0001,64,Sigmoid,1000,0.49959612277867527,0.49592409461445947,0.9838282078472959,4.8535221000202
64,0.0001,64,GELU,50,0.49932687129779213,0.4957893329768748,0.9832979851537645,5.5728032001061365
64,0.0001,64,GELU,100,0.49932687129779213,0.4957893329768748,0.9832979851537645,6.669478900032118
64,0.0001,64,GELU,300,0.49932687129779213,0.4957893329768748,0.9832979851537645,6.732052800012752
64,0.0001,64,GELU,500,0.49932687129779213,0.4957893329768748,0.9832979851537645,6.569169999915175
64,0.0001,64,GELU,1000,0.49932687129779213,0.4957893329768748,0.9832979851537645,6.3086544999387115
64,0.0001,64,Softmax,50,0.49959612277867527,0.49592409461445947,0.9838282078472959,5.0700024999678135
64,0.0001,64,Softmax,100,0.49959612277867527,0.49592409461445947,0.9838282078472959,6.358945499989204
64,0.0001,64,Softmax,300,0.49959612277867527,0.49592409461445947,0.9838282078472959,4.782618299941532
64,0.0001,64,Softmax,500,0.49959612277867527,0.49592409461445947,0.9838282078472959,4.94723339995835
64,0.0001,64,Softmax,1000,0.49959612277867527,0.49592409461445947,0.9838282078472959,5.169333999976516
64,0.0001,128,ReLU,50,0.4989229940764674,0.4955870553623964,0.9825026511134677,5.70122860011179
64,0.0001,128,ReLU,100,0.4989229940764674,0.4955870553623964,0.9825026511134677,5.641179900034331
64,0.0001,128,ReLU,300,0.4989229940764674,0.4955870553623964,0.9825026511134677,5.045470200013369
64,0.0001,128,ReLU,500,0.4989229940764674,0.4955870553623964,0.9825026511134677,4.169756400049664
64,0.0001,128,ReLU,1000,0.4989229940764674,0.4955870553623964,0.9825026511134677,4.577285700011998
64,0.0001,128,Tanh,50,0.499057619816909,0.4956544992646076,0.9827677624602333,5.212189399986528
64,0.0001,128,Tanh,100,0.499057619816909,0.4956544992646076,0.9827677624602333,6.1775115000782534
64,0.0001,128,Tanh,300,0.499057619816909,0.4956544992646076,0.9827677624602333,3.9211535999784246
64,0.0001,128,Tanh,500,0.499057619816909,0.4956544992646076,0.9827677624602333,4.534363199956715
64,0.0001,128,Tanh,1000,0.499057619816909,0.4956544992646076,0.9827677624602333,7.781481700018048
64,0.0001,128,Sigmoid,50,0.4994614970382337,0.49585672280139,0.9835630965005302,4.634492199984379
64,0.0001,128,Sigmoid,100,0.4994614970382337,0.49585672280139,0.9835630965005302,5.860640799975954
64,0.0001,128,Sigmoid,300,0.4994614970382337,0.49585672280139,0.9835630965005302,6.483669399982318
64,0.0001,128,Sigmoid,500,0.4994614970382337,0.49585672280139,0.9835630965005302,6.873678999952972
64,0.0001,128,Sigmoid,1000,0.4994614970382337,0.49585672280139,0.9835630965005302,7.153364500030875
64,0.0001,128,GELU,50,0.4989229940764674,0.4955870553623964,0.9825026511134677,9.905335600022227
64,0.0001,128,GELU,100,0.4989229940764674,0.4955870553623964,0.9825026511134677,9.744419800001197
64,0.0001,128,GELU,300,0.4989229940764674,0.4955870553623964,0.9825026511134677,6.700276399962604
64,0.0001,128,GELU,500,0.4989229940764674,0.4955870553623964,0.9825026511134677,9.170442000031471
64,0.0001,128,GELU,1000,0.4989229940764674,0.4955870553623964,0.9825026511134677,8.954700400005095
64,0.0001,128,Softmax,50,0.4994614970382337,0.49585672280139,0.9835630965005302,5.736126199946739
64,0.0001,128,Softmax,100,0.4994614970382337,0.49585672280139,0.9835630965005302,5.566181099973619
64,0.0001,128,Softmax,300,0.4994614970382337,0.49585672280139,0.9835630965005302,5.538483200012706
64,0.0001,128,Softmax,500,0.4994614970382337,0.49585672280139,0.9835630965005302,5.541447299998254
64,0.0001,128,Softmax,1000,0.4994614970382337,0.49585672280139,0.9835630965005302,6.238983599934727
64,0.00025,8,ReLU,50,0.5,0.4961261020571734,0.9846235418875928,25.661748599959537
64,0.00025,8,ReLU,100,0.5,0.4961261020571734,0.9846235418875928,17.637147199944593
64,0.00025,8,ReLU,300,0.5,0.4961261020571734,0.9846235418875928,11.585947600076906
64,0.00025,8,ReLU,500,0.5,0.4961261020571734,0.9846235418875928,17.496007399982773
64,0.00025,8,ReLU,1000,0.5,0.4961261020571734,0.9846235418875928,14.99461940000765
64,0.00025,8,Tanh,50,0.5,0.4961261020571734,0.9846235418875928,8.187387099955231
64,0.00025,8,Tanh,100,0.5,0.4961261020571734,0.9846235418875928,7.470639900071546
64,0.00025,8,Tanh,300,0.5,0.4961261020571734,0.9846235418875928,5.987157900002785
64,0.00025,8,Tanh,500,0.5,0.4961261020571734,0.9846235418875928,5.473087700083852
64,0.00025,8,Tanh,1000,0.5,0.4961261020571734,0.9846235418875928,4.310661399969831
64,0.00025,8,Sigmoid,50,0.5,0.4961261020571734,0.9846235418875928,4.372506299987435
64,0.00025,8,Sigmoid,100,0.5,0.4961261020571734,0.9846235418875928,4.211042099981569
64,0.00025,8,Sigmoid,300,0.5,0.4961261020571734,0.9846235418875928,6.826732399989851
64,0.00025,8,Sigmoid,500,0.5,0.4961261020571734,0.9846235418875928,16.732866799924523
64,0.00025,8,Sigmoid,1000,0.5,0.4961261020571734,0.9846235418875928,10.758785600075498
64,0.00025,8,GELU,50,0.5,0.4961261020571734,0.9846235418875928,10.810694699990563
64,0.00025,8,GELU,100,0.5,0.4961261020571734,0.9846235418875928,10.452640900039114
64,0.00025,8,GELU,300,0.5,0.4961261020571734,0.9846235418875928,12.380162099958397
64,0.00025,8,GELU,500,0.5,0.4961261020571734,0.9846235418875928,20.90381280006841
64,0.00025,8,GELU,1000,0.5,0.4961261020571734,0.9846235418875928,16.784429699997418
64,0.00025,8,Softmax,50,0.5,0.4961261020571734,0.9846235418875928,28.64365840004757
64,0.00025,8,Softmax,100,0.5,0.4961261020571734,0.9846235418875928,12.854821999906562
64,0.00025,8,Softmax,300,0.5,0.4961261020571734,0.9846235418875928,9.281597099965438
64,0.00025,8,Softmax,500,0.5,0.4961261020571734,0.9846235418875928,19.131123100058176
64,0.00025,8,Softmax,1000,0.5,0.4961261020571734,0.9846235418875928,18.287204499938525
64,0.00025,16,ReLU,50,0.5,0.4961261020571734,0.9846235418875928,13.676312000025064
64,0.00025,16,ReLU,100,0.5,0.4961261020571734,0.9846235418875928,12.91048389999196
64,0.00025,16,ReLU,300,0.5,0.4961261020571734,0.9846235418875928,11.408840000047348
64,0.00025,16,ReLU,500,0.5,0.4961261020571734,0.9846235418875928,9.873196200001985
64,0.00025,16,ReLU,1000,0.5,0.4961261020571734,0.9846235418875928,9.555182000040077
64,0.00025,16,Tanh,50,0.5,0.4961261020571734,0.9846235418875928,9.984355699969456
64,0.00025,16,Tanh,100,0.5,0.4961261020571734,0.9846235418875928,8.35487259994261
64,0.00025,16,Tanh,300,0.5,0.4961261020571734,0.9846235418875928,6.798991199932061
64,0.00025,16,Tanh,500,0.5,0.4961261020571734,0.9846235418875928,7.2456904000137
64,0.00025,16,Tanh,1000,0.5,0.4961261020571734,0.9846235418875928,9.128696399973705
64,0.00025,16,Sigmoid,50,0.5,0.4961261020571734,0.9846235418875928,7.978373699937947
64,0.00025,16,Sigmoid,100,0.5,0.4961261020571734,0.9846235418875928,4.934173599933274
64,0.00025,16,Sigmoid,300,0.5,0.4961261020571734,0.9846235418875928,5.76200740004424
64,0.00025,16,Sigmoid,500,0.5,0.4961261020571734,0.9846235418875928,4.9267750000581145
64,0.00025,16,Sigmoid,1000,0.5,0.4961261020571734,0.9846235418875928,6.921628899988718
64,0.00025,16,GELU,50,0.5,0.4961261020571734,0.9846235418875928,6.7090665000723675
64,0.00025,16,GELU,100,0.5,0.4961261020571734,0.9846235418875928,4.48767060006503
64,0.00025,16,GELU,300,0.5,0.4961261020571734,0.9846235418875928,7.810014799935743
64,0.00025,16,GELU,500,0.5,0.4961261020571734,0.9846235418875928,6.074835199979134
64,0.00025,16,GELU,1000,0.5,0.4961261020571734,0.9846235418875928,9.132615699898452
64,0.00025,16,Softmax,50,0.5,0.4961261020571734,0.9846235418875928,13.648647299967706
64,0.00025,16,Softmax,100,0.5,0.4961261020571734,0.9846235418875928,11.83310970000457
64,0.00025,16,Softmax,300,0.5,0.4961261020571734,0.9846235418875928,23.823500699945726
64,0.00025,16,Softmax,500,0.5,0.4961261020571734,0.9846235418875928,19.445668400032446
64,0.00025,16,Softmax,1000,0.5,0.4961261020571734,0.9846235418875928,16.848755500046536
64,0.00025,32,ReLU,50,0.5,0.4961261020571734,0.9846235418875928,13.003096499945968
64,0.00025,32,ReLU,100,0.5,0.4961261020571734,0.9846235418875928,8.112070300034247
64,0.00025,32,ReLU,300,0.5,0.4961261020571734,0.9846235418875928,16.157013799995184
64,0.00025,32,ReLU,500,0.5,0.4961261020571734,0.9846235418875928,14.489709399989806
64,0.00025,32,ReLU,1000,0.5,0.4961261020571734,0.9846235418875928,10.63835820008535
64,0.00025,32,Tanh,50,0.5,0.4961261020571734,0.9846235418875928,15.909632399911061
64,0.00025,32,Tanh,100,0.5,0.4961261020571734,0.9846235418875928,12.822950400062837
64,0.00025,32,Tanh,300,0.5,0.4961261020571734,0.9846235418875928,11.142882600077428
64,0.00025,32,Tanh,500,0.5,0.4961261020571734,0.9846235418875928,9.429141700034961
64,0.00025,32,Tanh,1000,0.5,0.4961261020571734,0.9846235418875928,8.420445900061168
64,0.00025,32,Sigmoid,50,0.5,0.4961261020571734,0.9846235418875928,8.072950599947944
64,0.00025,32,Sigmoid,100,0.5,0.4961261020571734,0.9846235418875928,6.893526699976064
64,0.00025,32,Sigmoid,300,0.5,0.4961261020571734,0.9846235418875928,7.864448199979961
64,0.00025,32,Sigmoid,500,0.5,0.4961261020571734,0.9846235418875928,9.10726960003376
64,0.00025,32,Sigmoid,1000,0.5,0.4961261020571734,0.9846235418875928,14.850602300022729
64,0.00025,32,GELU,50,0.5,0.4961261020571734,0.9846235418875928,14.560831499984488
64,0.00025,32,GELU,100,0.5,0.4961261020571734,0.9846235418875928,13.687847399967723
64,0.00025,32,GELU,300,0.5,0.4961261020571734,0.9846235418875928,12.307702300022356
64,0.00025,32,GELU,500,0.5,0.4961261020571734,0.9846235418875928,6.770406699972227
64,0.00025,32,GELU,1000,0.5,0.4961261020571734,0.9846235418875928,12.1975139999995
64,0.00025,32,Softmax,50,0.5,0.4961261020571734,0.9846235418875928,8.29868849995546
64,0.00025,32,Softmax,100,0.5,0.4961261020571734,0.9846235418875928,8.325285799917765
64,0.00025,32,Softmax,300,0.5,0.4961261020571734,0.9846235418875928,12.7420575999422
64,0.00025,32,Softmax,500,0.5,0.4961261020571734,0.9846235418875928,15.958583600004204
64,0.00025,32,Softmax,1000,0.5,0.4961261020571734,0.9846235418875928,14.279326599906199
64,0.00025,64,ReLU,50,0.49973074851911686,0.49599144842330306,0.9840933191940615,9.633739400072955
64,0.00025,64,ReLU,100,0.49973074851911686,0.49599144842330306,0.9840933191940615,8.072005299967714
64,0.00025,64,ReLU,300,0.49973074851911686,0.49599144842330306,0.9840933191940615,9.637246300000697
64,0.00025,64,ReLU,500,0.49973074851911686,0.49599144842330306,0.9840933191940615,8.004261800087988
64,0.00025,64,ReLU,1000,0.49973074851911686,0.49599144842330306,0.9840933191940615,6.177925800089724
64,0.00025,64,Tanh,50,0.49973074851911686,0.49599144842330306,0.9840933191940615,5.1013582000741735
64,0.00025,64,Tanh,100,0.49973074851911686,0.49599144842330306,0.9840933191940615,5.938234900007956
64,0.00025,64,Tanh,300,0.49973074851911686,0.49599144842330306,0.9840933191940615,5.065053700003773
64,0.00025,64,Tanh,500,0.49973074851911686,0.49599144842330306,0.9840933191940615,6.859604199999012
64,0.00025,64,Tanh,1000,0.49973074851911686,0.49599144842330306,0.9840933191940615,5.798552900087088
64,0.00025,64,Sigmoid,50,0.5,0.4961261020571734,0.9846235418875928,8.185975800035521
64,0.00025,64,Sigmoid,100,0.5,0.4961261020571734,0.9846235418875928,9.823930599959567
64,0.00025,64,Sigmoid,300,0.5,0.4961261020571734,0.9846235418875928,6.4551099999807775
64,0.00025,64,Sigmoid,500,0.5,0.4961261020571734,0.9846235418875928,7.466157200047746
64,0.00025,64,Sigmoid,1000,0.5,0.4961261020571734,0.9846235418875928,6.77639040001668
64,0.00025,64,GELU,50,0.49973074851911686,0.49599144842330306,0.9840933191940615,6.6296075999271125
64,0.00025,64,GELU,100,0.49973074851911686,0.49599144842330306,0.9840933191940615,7.051238700048998
64,0.00025,64,GELU,300,0.49973074851911686,0.49599144842330306,0.9840933191940615,7.063996999990195
64,0.00025,64,GELU,500,0.49973074851911686,0.49599144842330306,0.9840933191940615,4.063909400021657
64,0.00025,64,GELU,1000,0.49973074851911686,0.49599144842330306,0.9840933191940615,3.944078400032595
64,0.00025,64,Softmax,50,0.5,0.4961261020571734,0.9846235418875928,3.6873686999315396
64,0.00025,64,Softmax,100,0.5,0.4961261020571734,0.9846235418875928,3.840060699963942
64,0.00025,64,Softmax,300,0.5,0.4961261020571734,0.9846235418875928,2.9723708000965416
64,0.00025,64,Softmax,500,0.5,0.4961261020571734,0.9846235418875928,3.163930100039579
64,0.00025,64,Softmax,1000,0.5,0.4961261020571734,0.9846235418875928,3.32714589999523
64,0.00025,128,ReLU,50,0.4994614970382337,0.49585672280139,0.9835630965005302,5.1137853999389336
64,0.00025,128,ReLU,100,0.4994614970382337,0.49585672280139,0.9835630965005302,4.487537999986671
64,0.00025,128,ReLU,300,0.4994614970382337,0.49585672280139,0.9835630965005302,4.540467499988154
64,0.00025,128,ReLU,500,0.4994614970382337,0.49585672280139,0.9835630965005302,6.005615100031719
64,0.00025,128,ReLU,1000,0.4994614970382337,0.49585672280139,0.9835630965005302,5.317437399993651
64,0.00025,128,Tanh,50,0.4994614970382337,0.49585672280139,0.9835630965005302,4.489730499917641
64,0.00025,128,Tanh,100,0.4994614970382337,0.49585672280139,0.9835630965005302,4.370772499940358
64,0.00025,128,Tanh,300,0.4994614970382337,0.49585672280139,0.9835630965005302,3.5053751000668854
64,0.00025,128,Tanh,500,0.4994614970382337,0.49585672280139,0.9835630965005302,3.450650900020264
64,0.00025,128,Tanh,1000,0.4994614970382337,0.49585672280139,0.9835630965005302,2.2187658000038937
64,0.00025,128,Sigmoid,50,0.5,0.4961261020571734,0.9846235418875928,2.0797059999313205
64,0.00025,128,Sigmoid,100,0.5,0.4961261020571734,0.9846235418875928,1.5475151999853551
64,0.00025,128,Sigmoid,300,0.5,0.4961261020571734,0.9846235418875928,1.6488691000267863
64,0.00025,128,Sigmoid,500,0.5,0.4961261020571734,0.9846235418875928,2.333366599981673
64,0.00025,128,Sigmoid,1000,0.5,0.4961261020571734,0.9846235418875928,1.6406042999587953
64,0.00025,128,GELU,50,0.4994614970382337,0.49585672280139,0.9835630965005302,2.0880336000118405
64,0.00025,128,GELU,100,0.4994614970382337,0.49585672280139,0.9835630965005302,3.1844943000469357
64,0.00025,128,GELU,300,0.4994614970382337,0.49585672280139,0.9835630965005302,4.712325800093822
64,0.00025,128,GELU,500,0.4994614970382337,0.49585672280139,0.9835630965005302,4.691013799980283
64,0.00025,128,GELU,1000,0.4994614970382337,0.49585672280139,0.9835630965005302,5.071948299999349
64,0.00025,128,Softmax,50,0.5,0.4961261020571734,0.9846235418875928,4.077056400012225
64,0.00025,128,Softmax,100,0.5,0.4961261020571734,0.9846235418875928,4.759099500020966
64,0.00025,128,Softmax,300,0.5,0.4961261020571734,0.9846235418875928,1.311727900058031
64,0.00025,128,Softmax,500,0.5,0.4961261020571734,0.9846235418875928,4.12071010004729
64,0.00025,128,Softmax,1000,0.5,0.4961261020571734,0.9846235418875928,3.0344253999646753
128,0.01,8,ReLU,50,0.576239949492136,0.6129324003972457,0.9843584305408272,34.53679039992858
128,0.01,8,ReLU,100,0.576239949492136,0.6129324003972457,0.9843584305408272,35.92100189998746
128,0.01,8,ReLU,300,0.576239949492136,0.6129324003972457,0.9843584305408272,29.995447600027546
128,0.01,8,ReLU,500,0.576239949492136,0.6129324003972457,0.9843584305408272,31.304945299983956
128,0.01,8,ReLU,1000,0.576239949492136,0.6129324003972457,0.9843584305408272,32.3466391999973
128,0.01,8,Tanh,50,0.5,0.4961261020571734,0.9846235418875928,22.94917609996628
128,0.01,8,Tanh,100,0.5,0.4961261020571734,0.9846235418875928,15.096451199962758
128,0.01,8,Tanh,300,0.5,0.4961261020571734,0.9846235418875928,14.10289949993603
128,0.01,8,Tanh,500,0.5,0.4961261020571734,0.9846235418875928,11.617060699965805
128,0.01,8,Tanh,1000,0.5,0.4961261020571734,0.9846235418875928,21.32227490004152
128,0.01,8,Sigmoid,50,0.5,0.4961261020571734,0.9846235418875928,30.677719400031492
128,0.01,8,Sigmoid,100,0.5,0.4961261020571734,0.9846235418875928,24.736442600027658
128,0.01,8,Sigmoid,300,0.5,0.4961261020571734,0.9846235418875928,24.013305299915373
128,0.01,8,Sigmoid,500,0.5,0.4961261020571734,0.9846235418875928,14.698186800000258
128,0.01,8,Sigmoid,1000,0.5,0.4961261020571734,0.9846235418875928,18.49359149998054
128,0.01,8,GELU,50,0.576239949492136,0.6129324003972457,0.9843584305408272,21.028554199961945
128,0.01,8,GELU,100,0.576239949492136,0.6129324003972457,0.9843584305408272,13.320896600023843
128,0.01,8,GELU,300,0.576239949492136,0.6129324003972457,0.9843584305408272,32.64599550003186
128,0.01,8,GELU,500,0.576239949492136,0.6129324003972457,0.9843584305408272,28.356291300035082
128,0.01,8,GELU,1000,0.576239949492136,0.6129324003972457,0.9843584305408272,31.106206199969165
128,0.01,8,Softmax,50,0.5,0.4961261020571734,0.9846235418875928,15.463540300028399
128,0.01,8,Softmax,100,0.5,0.4961261020571734,0.9846235418875928,13.58201619994361
128,0.01,8,Softmax,300,0.5,0.4961261020571734,0.9846235418875928,12.451756299939007
128,0.01,8,Softmax,500,0.5,0.4961261020571734,0.9846235418875928,11.484699199907482
128,0.01,8,Softmax,1000,0.5,0.4961261020571734,0.9846235418875928,28.637678000028245
128,0.01,16,ReLU,50,0.5250543145228679,0.5406969432628219,0.9838282078472959,11.882720900001004
128,0.01,16,ReLU,100,0.5250543145228679,0.5406969432628219,0.9838282078472959,13.200139899970964
128,0.01,16,ReLU,300,0.5250543145228679,0.5406969432628219,0.9838282078472959,7.735780499991961
128,0.01,16,ReLU,500,0.5250543145228679,0.5406969432628219,0.9838282078472959,8.43472300004214
128,0.01,16,ReLU,1000,0.5250543145228679,0.5406969432628219,0.9838282078472959,14.00143790000584
128,0.01,16,Tanh,50,0.5,0.4961261020571734,0.9846235418875928,16.451014199992642
128,0.01,16,Tanh,100,0.5,0.4961261020571734,0.9846235418875928,11.393478699959815
128,0.01,16,Tanh,300,0.5,0.4961261020571734,0.9846235418875928,17.912428799900226
128,0.01,16,Tanh,500,0.5,0.4961261020571734,0.9846235418875928,10.751766599947587
128,0.01,16,Tanh,1000,0.5,0.4961261020571734,0.9846235418875928,9.312470500008203
128,0.01,16,Sigmoid,50,0.5,0.4961261020571734,0.9846235418875928,6.687785900081508
128,0.01,16,Sigmoid,100,0.5,0.4961261020571734,0.9846235418875928,5.932919200044125
128,0.01,16,Sigmoid,300,0.5,0.4961261020571734,0.9846235418875928,5.176937200012617
128,0.01,16,Sigmoid,500,0.5,0.4961261020571734,0.9846235418875928,5.391575399902649
128,0.01,16,Sigmoid,1000,0.5,0.4961261020571734,0.9846235418875928,12.559162299963646
128,0.01,16,GELU,50,0.5250543145228679,0.5406969432628219,0.9838282078472959,13.187761400011368
128,0.01,16,GELU,100,0.5250543145228679,0.5406969432628219,0.9838282078472959,15.795810700044967
128,0.01,16,GELU,300,0.5250543145228679,0.5406969432628219,0.9838282078472959,28.95014580001589
128,0.01,16,GELU,500,0.5250543145228679,0.5406969432628219,0.9838282078472959,12.591849299962632
128,0.01,16,GELU,1000,0.5250543145228679,0.5406969432628219,0.9838282078472959,26.00525819999166
128,0.01,16,Softmax,50,0.5,0.4961261020571734,0.9846235418875928,12.407782000023872
128,0.01,16,Softmax,100,0.5,0.4961261020571734,0.9846235418875928,6.791534600080922
128,0.01,16,Softmax,300,0.5,0.4961261020571734,0.9846235418875928,13.528966899961233
128,0.01,16,Softmax,500,0.5,0.4961261020571734,0.9846235418875928,13.596825100015849
128,0.01,16,Softmax,1000,0.5,0.4961261020571734,0.9846235418875928,12.168367899954319
128,0.01,32,ReLU,50,0.5084860639147308,0.5127917334758596,0.9846235418875928,15.414160199929029
128,0.01,32,ReLU,100,0.5084860639147308,0.5127917334758596,0.9846235418875928,15.300057300017215
128,0.01,32,ReLU,300,0.5084860639147308,0.5127917334758596,0.9846235418875928,29.644850099924952
128,0.01,32,ReLU,500,0.5084860639147308,0.5127917334758596,0.9846235418875928,17.99503879994154
128,0.01,32,ReLU,1000,0.5084860639147308,0.5127917334758596,0.9846235418875928,10.49639559991192
128,0.01,32,Tanh,50,0.5,0.4961261020571734,0.9846235418875928,6.816022599930875
128,0.01,32,Tanh,100,0.5,0.4961261020571734,0.9846235418875928,5.621950899949297
128,0.01,32,Tanh,300,0.5,0.4961261020571734,0.9846235418875928,7.537850600085221
128,0.01,32,Tanh,500,0.5,0.4961261020571734,0.9846235418875928,6.42469760007225
128,0.01,32,Tanh,1000,0.5,0.4961261020571734,0.9846235418875928,7.660150999901816
128,0.01,32,Sigmoid,50,0.5,0.4961261020571734,0.9846235418875928,6.044249499915168
128,0.01,32,Sigmoid,100,0.5,0.4961261020571734,0.9846235418875928,4.299784899922088
128,0.01,32,Sigmoid,300,0.5,0.4961261020571734,0.9846235418875928,4.255115399952047
128,0.01,32,Sigmoid,500,0.5,0.4961261020571734,0.9846235418875928,5.1631554999621585
128,0.01,32,Sigmoid,1000,0.5,0.4961261020571734,0.9846235418875928,11.650823000003584
128,0.01,32,GELU,50,0.5084860639147308,0.5127917334758596,0.9846235418875928,10.216760399984196
128,0.01,32,GELU,100,0.5084860639147308,0.5127917334758596,0.9846235418875928,10.759822300053202
128,0.01,32,GELU,300,0.5084860639147308,0.5127917334758596,0.9846235418875928,8.586603399948217
128,0.01,32,GELU,500,0.5084860639147308,0.5127917334758596,0.9846235418875928,16.545672600041144
128,0.01,32,GELU,1000,0.5084860639147308,0.5127917334758596,0.9846235418875928,8.909147800062783
128,0.01,32,Softmax,50,0.5,0.4961261020571734,0.9846235418875928,10.38470029993914
128,0.01,32,Softmax,100,0.5,0.4961261020571734,0.9846235418875928,7.649768800009042
128,0.01,32,Softmax,300,0.5,0.4961261020571734,0.9846235418875928,6.411489600082859
128,0.01,32,Softmax,500,0.5,0.4961261020571734,0.9846235418875928,6.32140110002365
128,0.01,32,Softmax,1000,0.5,0.4961261020571734,0.9846235418875928,7.249263699981384
128,0.01,64,ReLU,50,0.5,0.4961261020571734,0.9846235418875928,3.173852099920623
128,0.01,64,ReLU,100,0.5,0.4961261020571734,0.9846235418875928,5.270995500031859
128,0.01,64,ReLU,300,0.5,0.4961261020571734,0.9846235418875928,3.976664000074379
128,0.01,64,ReLU,500,0.5,0.4961261020571734,0.9846235418875928,3.075213099946268
128,0.01,64,ReLU,1000,0.5,0.4961261020571734,0.9846235418875928,3.8839035999262705
128,0.01,64,Tanh,50,0.5,0.4961261020571734,0.9846235418875928,4.675834099994972
128,0.01,64,Tanh,100,0.5,0.4961261020571734,0.9846235418875928,3.190890400088392
128,0.01,64,Tanh,300,0.5,0.4961261020571734,0.9846235418875928,3.1027928999392316
128,0.01,64,Tanh,500,0.5,0.4961261020571734,0.9846235418875928,3.142328899935819
128,0.01,64,Tanh,1000,0.5,0.4961261020571734,0.9846235418875928,3.0669687999179587
128,0.01,64,Sigmoid,50,0.5,0.4961261020571734,0.9846235418875928,3.07930690003559
128,0.01,64,Sigmoid,100,0.5,0.4961261020571734,0.9846235418875928,5.426038400037214
128,0.01,64,Sigmoid,300,0.5,0.4961261020571734,0.9846235418875928,7.460655799950473
128,0.01,64,Sigmoid,500,0.5,0.4961261020571734,0.9846235418875928,8.11031090002507
128,0.01,64,Sigmoid,1000,0.5,0.4961261020571734,0.9846235418875928,5.309015500009991
128,0.01,64,GELU,50,0.5,0.4961261020571734,0.9846235418875928,4.66471169993747
128,0.01,64,GELU,100,0.5,0.4961261020571734,0.9846235418875928,3.446828500018455
128,0.01,64,GELU,300,0.5,0.4961261020571734,0.9846235418875928,3.623800899949856
128,0.01,64,GELU,500,0.5,0.4961261020571734,0.9846235418875928,2.533201500074938
128,0.01,64,GELU,1000,0.5,0.4961261020571734,0.9846235418875928,3.438689799979329
128,0.01,64,Softmax,50,0.5,0.4961261020571734,0.9846235418875928,3.1002071999246255
128,0.01,64,Softmax,100,0.5,0.4961261020571734,0.9846235418875928,7.464129799976945
128,0.01,64,Softmax,300,0.5,0.4961261020571734,0.9846235418875928,9.68345400004182
128,0.01,64,Softmax,500,0.5,0.4961261020571734,0.9846235418875928,9.221627400023863
128,0.01,64,Softmax,1000,0.5,0.4961261020571734,0.9846235418875928,9.164108600001782
128,0.01,128,ReLU,50,0.5,0.4961261020571734,0.9846235418875928,4.8055551999714226
128,0.01,128,ReLU,100,0.5,0.4961261020571734,0.9846235418875928,5.292121599894017
128,0.01,128,ReLU,300,0.5,0.4961261020571734,0.9846235418875928,4.310464099980891
128,0.01,128,ReLU,500,0.5,0.4961261020571734,0.9846235418875928,5.343520199996419
128,0.01,128,ReLU,1000,0.5,0.4961261020571734,0.9846235418875928,6.4604403000557795
128,0.01,128,Tanh,50,0.5,0.4961261020571734,0.9846235418875928,4.611648999969475
128,0.01,128,Tanh,100,0.5,0.4961261020571734,0.9846235418875928,5.895320000010543
128,0.01,128,Tanh,300,0.5,0.4961261020571734,0.9846235418875928,7.2418976000044495
128,0.01,128,Tanh,500,0.5,0.4961261020571734,0.9846235418875928,7.004874899983406
128,0.01,128,Tanh,1000,0.5,0.4961261020571734,0.9846235418875928,7.550311799976043
128,0.01,128,Sigmoid,50,0.5,0.4961261020571734,0.9846235418875928,5.4170979000627995
128,0.01,128,Sigmoid,100,0.5,0.4961261020571734,0.9846235418875928,5.891432499978691
128,0.01,128,Sigmoid,300,0.5,0.4961261020571734,0.9846235418875928,4.524312400026247
128,0.01,128,Sigmoid,500,0.5,0.4961261020571734,0.9846235418875928,3.113228700007312
128,0.01,128,Sigmoid,1000,0.5,0.4961261020571734,0.9846235418875928,4.712574500008486
128,0.01,128,GELU,50,0.5,0.4961261020571734,0.9846235418875928,4.061654099961743
128,0.01,128,GELU,100,0.5,0.4961261020571734,0.9846235418875928,3.261628899956122
128,0.01,128,GELU,300,0.5,0.4961261020571734,0.9846235418875928,3.5425827000290155
128,0.01,128,GELU,500,0.5,0.4961261020571734,0.9846235418875928,3.7112877999898046
128,0.01,128,GELU,1000,0.5,0.4961261020571734,0.9846235418875928,4.959413300035521
128,0.01,128,Softmax,50,0.5,0.4961261020571734,0.9846235418875928,4.929503899998963
128,0.01,128,Softmax,100,0.5,0.4961261020571734,0.9846235418875928,4.3808185999514535
128,0.01,128,Softmax,300,0.5,0.4961261020571734,0.9846235418875928,5.2670898999786
128,0.01,128,Softmax,500,0.5,0.4961261020571734,0.9846235418875928,7.746151900035329
128,0.01,128,Softmax,1000,0.5,0.4961261020571734,0.9846235418875928,8.686238099937327
128,0.001,8,ReLU,50,0.5,0.4961261020571734,0.9846235418875928,23.009373000008054
128,0.001,8,ReLU,100,0.5,0.4961261020571734,0.9846235418875928,18.428618200006895
128,0.001,8,ReLU,300,0.5,0.4961261020571734,0.9846235418875928,18.080792600056157
128,0.001,8,ReLU,500,0.5,0.4961261020571734,0.9846235418875928,31.873876800062135
128,0.001,8,ReLU,1000,0.5,0.4961261020571734,0.9846235418875928,29.34544810000807
128,0.001,8,Tanh,50,0.5,0.4961261020571734,0.9846235418875928,16.017855299985968
128,0.001,8,Tanh,100,0.5,0.4961261020571734,0.9846235418875928,27.077773500001058
128,0.001,8,Tanh,300,0.5,0.4961261020571734,0.9846235418875928,19.821690800017677
128,0.001,8,Tanh,500,0.5,0.4961261020571734,0.9846235418875928,17.66221800004132
128,0.001,8,Tanh,1000,0.5,0.4961261020571734,0.9846235418875928,15.456807899987325
128,0.001,8,Sigmoid,50,0.5,0.4961261020571734,0.9846235418875928,20.288859399966896
128,0.001,8,Sigmoid,100,0.5,0.4961261020571734,0.9846235418875928,28.515117099974304
128,0.001,8,Sigmoid,300,0.5,0.4961261020571734,0.9846235418875928,20.93774070008658
128,0.001,8,Sigmoid,500,0.5,0.4961261020571734,0.9846235418875928,15.319812400033697
128,0.001,8,Sigmoid,1000,0.5,0.4961261020571734,0.9846235418875928,18.344842400052585
128,0.001,8,GELU,50,0.5,0.4961261020571734,0.9846235418875928,26.71665680001024
128,0.001,8,GELU,100,0.5,0.4961261020571734,0.9846235418875928,18.48944640008267
128,0.001,8,GELU,300,0.5,0.4961261020571734,0.9846235418875928,19.00686899991706
128,0.001,8,GELU,500,0.5,0.4961261020571734,0.9846235418875928,15.585615399992093
128,0.001,8,GELU,1000,0.5,0.4961261020571734,0.9846235418875928,14.731840200023726
128,0.001,8,Softmax,50,0.5,0.4961261020571734,0.9846235418875928,13.13444429996889
128,0.001,8,Softmax,100,0.5,0.4961261020571734,0.9846235418875928,13.630731399985962
128,0.001,8,Softmax,300,0.5,0.4961261020571734,0.9846235418875928,12.683493799995631
128,0.001,8,Softmax,500,0.5,0.4961261020571734,0.9846235418875928,10.326954099931754
128,0.001,8,Softmax,1000,0.5,0.4961261020571734,0.9846235418875928,23.099256000015885
128,0.001,16,ReLU,50,0.5,0.4961261020571734,0.9846235418875928,14.125553900026716
128,0.001,16,ReLU,100,0.5,0.4961261020571734,0.9846235418875928,8.615930699976161
128,0.001,16,ReLU,300,0.5,0.4961261020571734,0.9846235418875928,10.830262800096534
128,0.001,16,ReLU,500,0.5,0.4961261020571734,0.9846235418875928,7.196027599973604
128,0.001,16,ReLU,1000,0.5,0.4961261020571734,0.9846235418875928,7.884122799965553
128,0.001,16,Tanh,50,0.5,0.4961261020571734,0.9846235418875928,6.430359499994665
128,0.001,16,Tanh,100,0.5,0.4961261020571734,0.9846235418875928,9.663429099950008
128,0.001,16,Tanh,300,0.5,0.4961261020571734,0.9846235418875928,4.998628500034101
128,0.001,16,Tanh,500,0.5,0.4961261020571734,0.9846235418875928,4.75069579994306
128,0.001,16,Tanh,1000,0.5,0.4961261020571734,0.9846235418875928,4.493332399986684
128,0.001,16,Sigmoid,50,0.5,0.4961261020571734,0.9846235418875928,3.621661400073208
128,0.001,16,Sigmoid,100,0.5,0.4961261020571734,0.9846235418875928,3.8534059000667185
128,0.001,16,Sigmoid,300,0.5,0.4961261020571734,0.9846235418875928,3.257648100028746
128,0.001,16,Sigmoid,500,0.5,0.4961261020571734,0.9846235418875928,3.720032799988985
128,0.001,16,Sigmoid,1000,0.5,0.4961261020571734,0.9846235418875928,6.828997500007972
128,0.001,16,GELU,50,0.5,0.4961261020571734,0.9846235418875928,10.34868179995101
128,0.001,16,GELU,100,0.5,0.4961261020571734,0.9846235418875928,10.699813700048253
128,0.001,16,GELU,300,0.5,0.4961261020571734,0.9846235418875928,13.115342999924906
128,0.001,16,GELU,500,0.5,0.4961261020571734,0.9846235418875928,7.12487110006623
128,0.001,16,GELU,1000,0.5,0.4961261020571734,0.9846235418875928,10.03585949994158
128,0.001,16,Softmax,50,0.5,0.4961261020571734,0.9846235418875928,9.65902569994796
128,0.001,16,Softmax,100,0.5,0.4961261020571734,0.9846235418875928,10.634436800028197
128,0.001,16,Softmax,300,0.5,0.4961261020571734,0.9846235418875928,16.408890000078827
128,0.001,16,Softmax,500,0.5,0.4961261020571734,0.9846235418875928,10.805144499987364
128,0.001,16,Softmax,1000,0.5,0.4961261020571734,0.9846235418875928,7.821906999917701
128,0.001,32,ReLU,50,0.5,0.4961261020571734,0.9846235418875928,5.896160800009966
128,0.001,32,ReLU,100,0.5,0.4961261020571734,0.9846235418875928,5.318546100053936
128,0.001,32,ReLU,300,0.5,0.4961261020571734,0.9846235418875928,5.127987500047311
128,0.001,32,ReLU,500,0.5,0.4961261020571734,0.9846235418875928,4.739016300067306
128,0.001,32,ReLU,1000,0.5,0.4961261020571734,0.9846235418875928,5.7951417999574915
128,0.001,32,Tanh,50,0.5,0.4961261020571734,0.9846235418875928,8.37773730000481
128,0.001,32,Tanh,100,0.5,0.4961261020571734,0.9846235418875928,10.303342500003055
128,0.001,32,Tanh,300,0.5,0.4961261020571734,0.9846235418875928,10.852961299940944
128,0.001,32,Tanh,500,0.5,0.4961261020571734,0.9846235418875928,9.681056499946862
128,0.001,32,Tanh,1000,0.5,0.4961261020571734,0.9846235418875928,7.103285400080495
128,0.001,32,Sigmoid,50,0.5,0.4961261020571734,0.9846235418875928,6.512219100026414
128,0.001,32,Sigmoid,100,0.5,0.4961261020571734,0.9846235418875928,4.787826500018127
128,0.001,32,Sigmoid,300,0.5,0.4961261020571734,0.9846235418875928,3.8674546000547707
128,0.001,32,Sigmoid,500,0.5,0.4961261020571734,0.9846235418875928,13.498571599950083
128,0.001,32,Sigmoid,1000,0.5,0.4961261020571734,0.9846235418875928,7.377765399985947
128,0.001,32,GELU,50,0.5,0.4961261020571734,0.9846235418875928,10.431281000026502
128,0.001,32,GELU,100,0.5,0.4961261020571734,0.9846235418875928,6.06307040003594
128,0.001,32,GELU,300,0.5,0.4961261020571734,0.9846235418875928,5.603531499975361
128,0.001,32,GELU,500,0.5,0.4961261020571734,0.9846235418875928,6.74921160005033
128,0.001,32,GELU,1000,0.5,0.4961261020571734,0.9846235418875928,3.9559245000127703
128,0.001,32,Softmax,50,0.5,0.4961261020571734,0.9846235418875928,4.964064999949187
128,0.001,32,Softmax,100,0.5,0.4961261020571734,0.9846235418875928,4.353905300027691
128,0.001,32,Softmax,300,0.5,0.4961261020571734,0.9846235418875928,11.278313799994066
128,0.001,32,Softmax,500,0.5,0.4961261020571734,0.9846235418875928,7.738834600080736
128,0.001,32,Softmax,1000,0.5,0.4961261020571734,0.9846235418875928,9.84140070003923
128,0.001,64,ReLU,50,0.5,0.4961261020571734,0.9846235418875928,4.661070300033316
128,0.001,64,ReLU,100,0.5,0.4961261020571734,0.9846235418875928,5.004950400092639
128,0.001,64,ReLU,300,0.5,0.4961261020571734,0.9846235418875928,3.2243673000484705
128,0.001,64,ReLU,500,0.5,0.4961261020571734,0.9846235418875928,3.878357900073752
128,0.001,64,ReLU,1000,0.5,0.4961261020571734,0.9846235418875928,4.958828300004825
128,0.001,64,Tanh,50,0.4998653742595584,0.49605878423513694,0.9843584305408272,9.18892440001946
128,0.001,64,Tanh,100,0.4998653742595584,0.49605878423513694,0.9843584305408272,7.311265099910088
128,0.001,64,Tanh,300,0.4998653742595584,0.49605878423513694,0.9843584305408272,6.438490200089291
128,0.001,64,Tanh,500,0.4998653742595584,0.49605878423513694,0.9843584305408272,7.025725799961947
128,0.001,64,Tanh,1000,0.4998653742595584,0.49605878423513694,0.9843584305408272,4.743053699960001
128,0.001,64,Sigmoid,50,0.5,0.4961261020571734,0.9846235418875928,6.004618900013156
128,0.001,64,Sigmoid,100,0.5,0.4961261020571734,0.9846235418875928,7.951008299947716
128,0.001,64,Sigmoid,300,0.5,0.4961261020571734,0.9846235418875928,3.5688989999471232
128,0.001,64,Sigmoid,500,0.5,0.4961261020571734,0.9846235418875928,2.5237755000125617
128,0.001,64,Sigmoid,1000,0.5,0.4961261020571734,0.9846235418875928,2.2453367999987677
128,0.001,64,GELU,50,0.5,0.4961261020571734,0.9846235418875928,2.092657200060785
128,0.001,64,GELU,100,0.5,0.4961261020571734,0.9846235418875928,6.175526899984106
128,0.001,64,GELU,300,0.5,0.4961261020571734,0.9846235418875928,6.59226440009661
128,0.001,64,GELU,500,0.5,0.4961261020571734,0.9846235418875928,6.982241400051862
128,0.001,64,GELU,1000,0.5,0.4961261020571734,0.9846235418875928,7.417654999997467
128,0.001,64,Softmax,50,0.5,0.4961261020571734,0.9846235418875928,6.779761699959636
128,0.001,64,Softmax,100,0.5,0.4961261020571734,0.9846235418875928,1.926062099984847
128,0.001,64,Softmax,300,0.5,0.4961261020571734,0.9846235418875928,1.7953126000938937
128,0.001,64,Softmax,500,0.5,0.4961261020571734,0.9846235418875928,3.9448860000120476
128,0.001,64,Softmax,1000,0.5,0.4961261020571734,0.9846235418875928,6.0551293999888
128,0.001,128,ReLU,50,0.4998653742595584,0.49605878423513694,0.9843584305408272,3.7570465999888256
128,0.001,128,ReLU,100,0.4998653742595584,0.49605878423513694,0.9843584305408272,3.6523048999952152
128,0.001,128,ReLU,300,0.4998653742595584,0.49605878423513694,0.9843584305408272,2.6869764000875875
128,0.001,128,ReLU,500,0.4998653742595584,0.49605878423513694,0.9843584305408272,1.482459699967876
128,0.001,128,ReLU,1000,0.4998653742595584,0.49605878423513694,0.9843584305408272,1.0102782000321895
128,0.001,128,Tanh,50,0.49959612277867527,0.49592409461445947,0.9838282078472959,1.0823014000197873
128,0.001,128,Tanh,100,0.49959612277867527,0.49592409461445947,0.9838282078472959,0.8126922999508679
128,0.001,128,Tanh,300,0.49959612277867527,0.49592409461445947,0.9838282078472959,4.240737599902786
128,0.001,128,Tanh,500,0.49959612277867527,0.49592409461445947,0.9838282078472959,3.8081021000398323
128,0.001,128,Tanh,1000,0.49959612277867527,0.49592409461445947,0.9838282078472959,3.181240599951707
128,0.001,128,Sigmoid,50,0.5,0.4961261020571734,0.9846235418875928,2.7435743999667466
128,0.001,128,Sigmoid,100,0.5,0.4961261020571734,0.9846235418875928,2.7024863000260666
128,0.001,128,Sigmoid,300,0.5,0.4961261020571734,0.9846235418875928,2.2955884999828413
128,0.001,128,Sigmoid,500,0.5,0.4961261020571734,0.9846235418875928,2.5305212000384927
128,0.001,128,Sigmoid,1000,0.5,0.4961261020571734,0.9846235418875928,1.9410802000202239
128,0.001,128,GELU,50,0.4998653742595584,0.49605878423513694,0.9843584305408272,1.2691650999477133
128,0.001,128,GELU,100,0.4998653742595584,0.49605878423513694,0.9843584305408272,1.4283039999427274
128,0.001,128,GELU,300,0.4998653742595584,0.49605878423513694,0.9843584305408272,1.4257455000188202
128,0.001,128,GELU,500,0.4998653742595584,0.49605878423513694,0.9843584305408272,1.05561789998319
128,0.001,128,GELU,1000,0.4998653742595584,0.49605878423513694,0.9843584305408272,0.9673460000194609
128,0.001,128,Softmax,50,0.5,0.4961261020571734,0.9846235418875928,0.8101313000079244
128,0.001,128,Softmax,100,0.5,0.4961261020571734,0.9846235418875928,1.0215931999264285
128,0.001,128,Softmax,300,0.5,0.4961261020571734,0.9846235418875928,0.7988555000629276
128,0.001,128,Softmax,500,0.5,0.4961261020571734,0.9846235418875928,0.7330938999075443
128,0.001,128,Softmax,1000,0.5,0.4961261020571734,0.9846235418875928,0.8525662999600172
128,0.0001,8,ReLU,50,0.5,0.4961261020571734,0.9846235418875928,10.454215500038117
128,0.0001,8,ReLU,100,0.5,0.4961261020571734,0.9846235418875928,26.092875500093214
128,0.0001,8,ReLU,300,0.5,0.4961261020571734,0.9846235418875928,24.36912399996072
128,0.0001,8,ReLU,500,0.5,0.4961261020571734,0.9846235418875928,20.081471399986185
128,0.0001,8,ReLU,1000,0.5,0.4961261020571734,0.9846235418875928,36.057165700010955
128,0.0001,8,Tanh,50,0.4998653742595584,0.49605878423513694,0.9843584305408272,60.63656460004859
128,0.0001,8,Tanh,100,0.4998653742595584,0.49605878423513694,0.9843584305408272,16.86205869994592
128,0.0001,8,Tanh,300,0.4998653742595584,0.49605878423513694,0.9843584305408272,36.01450360007584
128,0.0001,8,Tanh,500,0.4998653742595584,0.49605878423513694,0.9843584305408272,33.471759099978954
128,0.0001,8,Tanh,1000,0.4998653742595584,0.49605878423513694,0.9843584305408272,37.62140129995532
128,0.0001,8,Sigmoid,50,0.5,0.4961261020571734,0.9846235418875928,36.91774980002083
128,0.0001,8,Sigmoid,100,0.5,0.4961261020571734,0.9846235418875928,22.881741799996234
128,0.0001,8,Sigmoid,300,0.5,0.4961261020571734,0.9846235418875928,22.093285199953243
128,0.0001,8,Sigmoid,500,0.5,0.4961261020571734,0.9846235418875928,30.713444699998945
128,0.0001,8,Sigmoid,1000,0.5,0.4961261020571734,0.9846235418875928,17.022937400033697
128,0.0001,8,GELU,50,0.5,0.4961261020571734,0.9846235418875928,34.66366740001831
128,0.0001,8,GELU,100,0.5,0.4961261020571734,0.9846235418875928,37.793409800040536
128,0.0001,8,GELU,300,0.5,0.4961261020571734,0.9846235418875928,32.06055719999131
128,0.0001,8,GELU,500,0.5,0.4961261020571734,0.9846235418875928,52.64599599991925
128,0.0001,8,GELU,1000,0.5,0.4961261020571734,0.9846235418875928,32.53383540001232
128,0.0001,8,Softmax,50,0.5,0.4961261020571734,0.9846235418875928,16.761777699925005
128,0.0001,8,Softmax,100,0.5,0.4961261020571734,0.9846235418875928,17.344619299983606
128,0.0001,8,Softmax,300,0.5,0.4961261020571734,0.9846235418875928,32.66745230008382
128,0.0001,8,Softmax,500,0.5,0.4961261020571734,0.9846235418875928,20.072159499977715
128,0.0001,8,Softmax,1000,0.5,0.4961261020571734,0.9846235418875928,26.06926639995072
128,0.0001,16,ReLU,50,0.4998653742595584,0.49605878423513694,0.9843584305408272,12.682951000053436
128,0.0001,16,ReLU,100,0.4998653742595584,0.49605878423513694,0.9843584305408272,14.650208099978045
128,0.0001,16,ReLU,300,0.4998653742595584,0.49605878423513694,0.9843584305408272,22.80944039998576
128,0.0001,16,ReLU,500,0.4998653742595584,0.49605878423513694,0.9843584305408272,27.934830800048076
128,0.0001,16,ReLU,1000,0.4998653742595584,0.49605878423513694,0.9843584305408272,17.992116800043732
128,0.0001,16,Tanh,50,0.49959612277867527,0.49592409461445947,0.9838282078472959,24.221035399939865
128,0.0001,16,Tanh,100,0.49959612277867527,0.49592409461445947,0.9838282078472959,17.818270200048573
128,0.0001,16,Tanh,300,0.49959612277867527,0.49592409461445947,0.9838282078472959,19.365795099991374
128,0.0001,16,Tanh,500,0.49959612277867527,0.49592409461445947,0.9838282078472959,20.554882499971427
128,0.0001,16,Tanh,1000,0.49959612277867527,0.49592409461445947,0.9838282078472959,18.568372400011867
128,0.0001,16,Sigmoid,50,0.5,0.4961261020571734,0.9846235418875928,14.485140100005083
128,0.0001,16,Sigmoid,100,0.5,0.4961261020571734,0.9846235418875928,18.55994509998709
128,0.0001,16,Sigmoid,300,0.5,0.4961261020571734,0.9846235418875928,11.033346300013363
128,0.0001,16,Sigmoid,500,0.5,0.4961261020571734,0.9846235418875928,6.465243599959649
128,0.0001,16,Sigmoid,1000,0.5,0.4961261020571734,0.9846235418875928,7.45528120000381
128,0.0001,16,GELU,50,0.4998653742595584,0.49605878423513694,0.9843584305408272,13.29808909993153
128,0.0001,16,GELU,100,0.4998653742595584,0.49605878423513694,0.9843584305408272,9.075859399978071
128,0.0001,16,GELU,300,0.4998653742595584,0.49605878423513694,0.9843584305408272,6.056870799977332
128,0.0001,16,GELU,500,0.4998653742595584,0.49605878423513694,0.9843584305408272,4.086454199976288
128,0.0001,16,GELU,1000,0.4998653742595584,0.49605878423513694,0.9843584305408272,3.835341199999675
128,0.0001,16,Softmax,50,0.5,0.4961261020571734,0.9846235418875928,8.641620500013232
128,0.0001,16,Softmax,100,0.5,0.4961261020571734,0.9846235418875928,6.1271325999405235
128,0.0001,16,Softmax,300,0.5,0.4961261020571734,0.9846235418875928,4.900600200053304
128,0.0001,16,Softmax,500,0.5,0.4961261020571734,0.9846235418875928,2.8030868999194354
128,0.0001,16,Softmax,1000,0.5,0.4961261020571734,0.9846235418875928,2.650524399941787
128,0.0001,32,ReLU,50,0.49973074851911686,0.49599144842330306,0.9840933191940615,4.431546500069089
128,0.0001,32,ReLU,100,0.49973074851911686,0.49599144842330306,0.9840933191940615,5.346953799948096
128,0.0001,32,ReLU,300,0.49973074851911686,0.49599144842330306,0.9840933191940615,4.780003800056875
128,0.0001,32,ReLU,500,0.49973074851911686,0.49599144842330306,0.9840933191940615,2.933620100026019
128,0.0001,32,ReLU,1000,0.49973074851911686,0.49599144842330306,0.9840933191940615,1.7106348000233993
128,0.0001,32,Tanh,50,0.49959612277867527,0.49592409461445947,0.9838282078472959,1.7322809000033885
128,0.0001,32,Tanh,100,0.49959612277867527,0.49592409461445947,0.9838282078472959,5.612161899916828
128,0.0001,32,Tanh,300,0.49959612277867527,0.49592409461445947,0.9838282078472959,5.283937499974854
128,0.0001,32,Tanh,500,0.49959612277867527,0.49592409461445947,0.9838282078472959,3.7647551000118256
128,0.0001,32,Tanh,1000,0.49959612277867527,0.49592409461445947,0.9838282078472959,2.000824899994768
128,0.0001,32,Sigmoid,50,0.5,0.4961261020571734,0.9846235418875928,1.3839572999859229
128,0.0001,32,Sigmoid,100,0.5,0.4961261020571734,0.9846235418875928,1.7558158000465482
128,0.0001,32,Sigmoid,300,0.5,0.4961261020571734,0.9846235418875928,9.637866200064309
128,0.0001,32,Sigmoid,500,0.5,0.4961261020571734,0.9846235418875928,11.627164999954402
128,0.0001,32,Sigmoid,1000,0.5,0.4961261020571734,0.9846235418875928,10.232673200080171
128,0.0001,32,GELU,50,0.49973074851911686,0.49599144842330306,0.9840933191940615,6.154618600034155
128,0.0001,32,GELU,100,0.49973074851911686,0.49599144842330306,0.9840933191940615,4.820128099992871
128,0.0001,32,GELU,300,0.49973074851911686,0.49599144842330306,0.9840933191940615,5.319080000044778
128,0.0001,32,GELU,500,0.49973074851911686,0.49599144842330306,0.9840933191940615,8.554539900040254
128,0.0001,32,GELU,1000,0.49973074851911686,0.49599144842330306,0.9840933191940615,11.617061800090596
128,0.0001,32,Softmax,50,0.5,0.4961261020571734,0.9846235418875928,10.757592199952342
128,0.0001,32,Softmax,100,0.5,0.4961261020571734,0.9846235418875928,9.083006900036708
128,0.0001,32,Softmax,300,0.5,0.4961261020571734,0.9846235418875928,8.674584400025196
128,0.0001,32,Softmax,500,0.5,0.4961261020571734,0.9846235418875928,9.891499199904501
128,0.0001,32,Softmax,1000,0.5,0.4961261020571734,0.9846235418875928,8.030128799960949
128,0.0001,64,ReLU,50,0.49959612277867527,0.49592409461445947,0.9838282078472959,3.6226589999860153
128,0.0001,64,ReLU,100,0.49959612277867527,0.49592409461445947,0.9838282078472959,3.0308222000021487
128,0.0001,64,ReLU,300,0.49959612277867527,0.49592409461445947,0.9838282078472959,2.9410551000619307
128,0.0001,64,ReLU,500,0.49959612277867527,0.49592409461445947,0.9838282078472959,2.748088499996811
128,0.0001,64,ReLU,1000,0.49959612277867527,0.49592409461445947,0.9838282078472959,2.929996700026095
128,0.0001,64,Tanh,50,0.49959612277867527,0.49592409461445947,0.9838282078472959,3.2166820999700576
128,0.0001,64,Tanh,100,0.49959612277867527,0.49592409461445947,0.9838282078472959,3.165787599980831
128,0.0001,64,Tanh,300,0.49959612277867527,0.49592409461445947,0.9838282078472959,3.121196800027974
128,0.0001,64,Tanh,500,0.49959612277867527,0.49592409461445947,0.9838282078472959,8.888377499999478
128,0.0001,64,Tanh,1000,0.49959612277867527,0.49592409461445947,0.9838282078472959,7.844538500066847
128,0.0001,64,Sigmoid,50,0.5,0.4961261020571734,0.9846235418875928,4.466577699990012
128,0.0001,64,Sigmoid,100,0.5,0.4961261020571734,0.9846235418875928,5.676943200058304
128,0.0001,64,Sigmoid,300,0.5,0.4961261020571734,0.9846235418875928,5.643198800040409
128,0.0001,64,Sigmoid,500,0.5,0.4961261020571734,0.9846235418875928,5.296452099923044
128,0.0001,64,Sigmoid,1000,0.5,0.4961261020571734,0.9846235418875928,5.39225949998945
128,0.0001,64,GELU,50,0.49959612277867527,0.49592409461445947,0.9838282078472959,5.4471700000576675
128,0.0001,64,GELU,100,0.49959612277867527,0.49592409461445947,0.9838282078472959,4.9419731999514624
128,0.0001,64,GELU,300,0.49959612277867527,0.49592409461445947,0.9838282078472959,4.035067800083198
128,0.0001,64,GELU,500,0.49959612277867527,0.49592409461445947,0.9838282078472959,4.535475599928759
128,0.0001,64,GELU,1000,0.49959612277867527,0.49592409461445947,0.9838282078472959,6.000156000023708
128,0.0001,64,Softmax,50,0.5,0.4961261020571734,0.9846235418875928,4.318234100006521
128,0.0001,64,Softmax,100,0.5,0.4961261020571734,0.9846235418875928,1.983726599952206
128,0.0001,64,Softmax,300,0.5,0.4961261020571734,0.9846235418875928,1.8639762999955565
128,0.0001,64,Softmax,500,0.5,0.4961261020571734,0.9846235418875928,1.8668586000567302
128,0.0001,64,Softmax,1000,0.5,0.4961261020571734,0.9846235418875928,2.042861699941568
128,0.0001,128,ReLU,50,0.4994614970382337,0.49585672280139,0.9835630965005302,3.084906299947761
128,0.0001,128,ReLU,100,0.4994614970382337,0.49585672280139,0.9835630965005302,6.796019200002775
128,0.0001,128,ReLU,300,0.4994614970382337,0.49585672280139,0.9835630965005302,4.077316600014456
128,0.0001,128,ReLU,500,0.4994614970382337,0.49585672280139,0.9835630965005302,4.781985100009479
128,0.0001,128,ReLU,1000,0.4994614970382337,0.49585672280139,0.9835630965005302,3.945758300018497
128,0.0001,128,Tanh,50,0.49865374259558426,0.4954521134296415,0.9819724284199364,6.171159300021827
128,0.0001,128,Tanh,100,0.49865374259558426,0.4954521134296415,0.9819724284199364,7.318773799925111
128,0.0001,128,Tanh,300,0.49865374259558426,0.4954521134296415,0.9819724284199364,4.799678799929097
128,0.0001,128,Tanh,500,0.49865374259558426,0.4954521134296415,0.9819724284199364,5.7385832000290975
128,0.0001,128,Tanh,1000,0.49865374259558426,0.4954521134296415,0.9819724284199364,4.6003923000535
128,0.0001,128,Sigmoid,50,0.5,0.4961261020571734,0.9846235418875928,3.0476503999670967
128,0.0001,128,Sigmoid,100,0.5,0.4961261020571734,0.9846235418875928,2.5797606001142412
128,0.0001,128,Sigmoid,300,0.5,0.4961261020571734,0.9846235418875928,5.112031499971636
128,0.0001,128,Sigmoid,500,0.5,0.4961261020571734,0.9846235418875928,4.461682199966162
128,0.0001,128,Sigmoid,1000,0.5,0.4961261020571734,0.9846235418875928,2.843536900007166
128,0.0001,128,GELU,50,0.4994614970382337,0.49585672280139,0.9835630965005302,3.9215481999563053
128,0.0001,128,GELU,100,0.4994614970382337,0.49585672280139,0.9835630965005302,5.081141600036062
128,0.0001,128,GELU,300,0.4994614970382337,0.49585672280139,0.9835630965005302,6.589757699985057
128,0.0001,128,GELU,500,0.4994614970382337,0.49585672280139,0.9835630965005302,6.524166900082491
128,0.0001,128,GELU,1000,0.4994614970382337,0.49585672280139,0.9835630965005302,6.725042300065979
128,0.0001,128,Softmax,50,0.5,0.4961261020571734,0.9846235418875928,6.067118899896741
128,0.0001,128,Softmax,100,0.5,0.4961261020571734,0.9846235418875928,5.350036200019531
128,0.0001,128,Softmax,300,0.5,0.4961261020571734,0.9846235418875928,6.414359899936244
128,0.0001,128,Softmax,500,0.5,0.4961261020571734,0.9846235418875928,5.762693400029093
128,0.0001,128,Softmax,1000,0.5,0.4961261020571734,0.9846235418875928,6.168088100035675
128,0.00025,8,ReLU,50,0.5,0.4961261020571734,0.9846235418875928,30.733725799946114
128,0.00025,8,ReLU,100,0.5,0.4961261020571734,0.9846235418875928,12.564778200001456
128,0.00025,8,ReLU,300,0.5,0.4961261020571734,0.9846235418875928,16.910070899990387
128,0.00025,8,ReLU,500,0.5,0.4961261020571734,0.9846235418875928,32.79759930004366
128,0.00025,8,ReLU,1000,0.5,0.4961261020571734,0.9846235418875928,20.85002159990836
128,0.00025,8,Tanh,50,0.5,0.4961261020571734,0.9846235418875928,29.022539900033735
128,0.00025,8,Tanh,100,0.5,0.4961261020571734,0.9846235418875928,30.578090299968608
128,0.00025,8,Tanh,300,0.5,0.4961261020571734,0.9846235418875928,38.555882500018924
128,0.00025,8,Tanh,500,0.5,0.4961261020571734,0.9846235418875928,30.06779420003295
128,0.00025,8,Tanh,1000,0.5,0.4961261020571734,0.9846235418875928,18.549902300001122
128,0.00025,8,Sigmoid,50,0.5,0.4961261020571734,0.9846235418875928,15.28135469998233
128,0.00025,8,Sigmoid,100,0.5,0.4961261020571734,0.9846235418875928,24.29821679997258
128,0.00025,8,Sigmoid,300,0.5,0.4961261020571734,0.9846235418875928,14.922818200080656
128,0.00025,8,Sigmoid,500,0.5,0.4961261020571734,0.9846235418875928,18.425786399981007
128,0.00025,8,Sigmoid,1000,0.5,0.4961261020571734,0.9846235418875928,25.718036400037818
128,0.00025,8,GELU,50,0.5,0.4961261020571734,0.9846235418875928,16.803729600040242
128,0.00025,8,GELU,100,0.5,0.4961261020571734,0.9846235418875928,22.552081999951042
128,0.00025,8,GELU,300,0.5,0.4961261020571734,0.9846235418875928,15.384003499988467
128,0.00025,8,GELU,500,0.5,0.4961261020571734,0.9846235418875928,14.87434670003131
128,0.00025,8,GELU,1000,0.5,0.4961261020571734,0.9846235418875928,26.669665800058283
128,0.00025,8,Softmax,50,0.5,0.4961261020571734,0.9846235418875928,15.174667199957184
128,0.00025,8,Softmax,100,0.5,0.4961261020571734,0.9846235418875928,13.578720199991949
128,0.00025,8,Softmax,300,0.5,0.4961261020571734,0.9846235418875928,9.830054499907419
128,0.00025,8,Softmax,500,0.5,0.4961261020571734,0.9846235418875928,16.7415887999814
128,0.00025,8,Softmax,1000,0.5,0.4961261020571734,0.9846235418875928,10.78749980009161
128,0.00025,16,ReLU,50,0.5,0.4961261020571734,0.9846235418875928,10.534864900051616
128,0.00025,16,ReLU,100,0.5,0.4961261020571734,0.9846235418875928,19.786176300025545
128,0.00025,16,ReLU,300,0.5,0.4961261020571734,0.9846235418875928,15.864864900009707
128,0.00025,16,ReLU,500,0.5,0.4961261020571734,0.9846235418875928,8.437103000003844
128,0.00025,16,ReLU,1000,0.5,0.4961261020571734,0.9846235418875928,20.386259600054473
128,0.00025,16,Tanh,50,0.5,0.4961261020571734,0.9846235418875928,9.950909200008027
128,0.00025,16,Tanh,100,0.5,0.4961261020571734,0.9846235418875928,16.30520200007595
128,0.00025,16,Tanh,300,0.5,0.4961261020571734,0.9846235418875928,13.630716999992728
128,0.00025,16,Tanh,500,0.5,0.4961261020571734,0.9846235418875928,11.79437819996383
128,0.00025,16,Tanh,1000,0.5,0.4961261020571734,0.9846235418875928,8.942402199958451
128,0.00025,16,Sigmoid,50,0.5,0.4961261020571734,0.9846235418875928,10.68210769991856
128,0.00025,16,Sigmoid,100,0.5,0.4961261020571734,0.9846235418875928,14.031995999976061
128,0.00025,16,Sigmoid,300,0.5,0.4961261020571734,0.9846235418875928,22.2630481000524
128,0.00025,16,Sigmoid,500,0.5,0.4961261020571734,0.9846235418875928,14.312395299901254
128,0.00025,16,Sigmoid,1000,0.5,0.4961261020571734,0.9846235418875928,6.676905700005591
128,0.00025,16,GELU,50,0.5,0.4961261020571734,0.9846235418875928,19.419050400028937
128,0.00025,16,GELU,100,0.5,0.4961261020571734,0.9846235418875928,18.772119200089946
128,0.00025,16,GELU,300,0.5,0.4961261020571734,0.9846235418875928,12.063967299996875
128,0.00025,16,GELU,500,0.5,0.4961261020571734,0.9846235418875928,10.042639299994335
128,0.00025,16,GELU,1000,0.5,0.4961261020571734,0.9846235418875928,13.550640500034206
128,0.00025,16,Softmax,50,0.5,0.4961261020571734,0.9846235418875928,16.966577299986966
128,0.00025,16,Softmax,100,0.5,0.4961261020571734,0.9846235418875928,12.641112899989821
128,0.00025,16,Softmax,300,0.5,0.4961261020571734,0.9846235418875928,12.028165000025183
128,0.00025,16,Softmax,500,0.5,0.4961261020571734,0.9846235418875928,11.619513400015421
128,0.00025,16,Softmax,1000,0.5,0.4961261020571734,0.9846235418875928,11.51919010002166
128,0.00025,32,ReLU,50,0.4998653742595584,0.49605878423513694,0.9843584305408272,5.909030799986795
128,0.00025,32,ReLU,100,0.4998653742595584,0.49605878423513694,0.9843584305408272,11.102591899922118
128,0.00025,32,ReLU,300,0.4998653742595584,0.49605878423513694,0.9843584305408272,8.924007800058462
128,0.00025,32,ReLU,500,0.4998653742595584,0.49605878423513694,0.9843584305408272,12.820025100023486
128,0.00025,32,ReLU,1000,0.4998653742595584,0.49605878423513694,0.9843584305408272,8.65418990002945
128,0.00025,32,Tanh,50,0.49973074851911686,0.49599144842330306,0.9840933191940615,11.742791899945587
128,0.00025,32,Tanh,100,0.49973074851911686,0.49599144842330306,0.9840933191940615,3.60647360002622
128,0.00025,32,Tanh,300,0.49973074851911686,0.49599144842330306,0.9840933191940615,9.569595700013451
128,0.00025,32,Tanh,500,0.49973074851911686,0.49599144842330306,0.9840933191940615,6.116313499980606
128,0.00025,32,Tanh,1000,0.49973074851911686,0.49599144842330306,0.9840933191940615,9.652200700016692
128,0.00025,32,Sigmoid,50,0.5,0.4961261020571734,0.9846235418875928,8.555100500001572
128,0.00025,32,Sigmoid,100,0.5,0.4961261020571734,0.9846235418875928,6.1953993999632075
128,0.00025,32,Sigmoid,300,0.5,0.4961261020571734,0.9846235418875928,6.143834799993783
128,0.00025,32,Sigmoid,500,0.5,0.4961261020571734,0.9846235418875928,11.467577299918048
128,0.00025,32,Sigmoid,1000,0.5,0.4961261020571734,0.9846235418875928,11.101147799985483
128,0.00025,32,GELU,50,0.4998653742595584,0.49605878423513694,0.9843584305408272,11.698277099989355
128,0.00025,32,GELU,100,0.4998653742595584,0.49605878423513694,0.9843584305408272,7.733237999957055
128,0.00025,32,GELU,300,0.4998653742595584,0.49605878423513694,0.9843584305408272,7.937531000003219
128,0.00025,32,GELU,500,0.4998653742595584,0.49605878423513694,0.9843584305408272,13.569466099957936
128,0.00025,32,GELU,1000,0.4998653742595584,0.49605878423513694,0.9843584305408272,8.720416399999522
128,0.00025,32,Softmax,50,0.5,0.4961261020571734,0.9846235418875928,12.146375400014222
128,0.00025,32,Softmax,100,0.5,0.4961261020571734,0.9846235418875928,4.174000700004399
128,0.00025,32,Softmax,300,0.5,0.4961261020571734,0.9846235418875928,8.737821399932727
128,0.00025,32,Softmax,500,0.5,0.4961261020571734,0.9846235418875928,4.65152820001822
128,0.00025,32,Softmax,1000,0.5,0.4961261020571734,0.9846235418875928,8.219784200075082
128,0.00025,64,ReLU,50,0.49959612277867527,0.49592409461445947,0.9838282078472959,3.0398711999878287
128,0.00025,64,ReLU,100,0.49959612277867527,0.49592409461445947,0.9838282078472959,4.518639899906702
128,0.00025,64,ReLU,300,0.49959612277867527,0.49592409461445947,0.9838282078472959,2.726643400033936
128,0.00025,64,ReLU,500,0.49959612277867527,0.49592409461445947,0.9838282078472959,2.6387489999178797
128,0.00025,64,ReLU,1000,0.49959612277867527,0.49592409461445947,0.9838282078472959,5.639713899930939
128,0.00025,64,Tanh,50,0.49973074851911686,0.49599144842330306,0.9840933191940615,8.695230800076388
128,0.00025,64,Tanh,100,0.49973074851911686,0.49599144842330306,0.9840933191940615,7.096559599973261
128,0.00025,64,Tanh,300,0.49973074851911686,0.49599144842330306,0.9840933191940615,7.316060999990441
128,0.00025,64,Tanh,500,0.49973074851911686,0.49599144842330306,0.9840933191940615,8.349144699983299
128,0.00025,64,Tanh,1000,0.49973074851911686,0.49599144842330306,0.9840933191940615,4.074119500000961
128,0.00025,64,Sigmoid,50,0.5,0.4961261020571734,0.9846235418875928,5.5471042999997735
128,0.00025,64,Sigmoid,100,0.5,0.4961261020571734,0.9846235418875928,2.8955010999925435
128,0.00025,64,Sigmoid,300,0.5,0.4961261020571734,0.9846235418875928,4.604284600005485
128,0.00025,64,Sigmoid,500,0.5,0.4961261020571734,0.9846235418875928,2.9140737999696285
128,0.00025,64,Sigmoid,1000,0.5,0.4961261020571734,0.9846235418875928,2.594270800007507
128,0.00025,64,GELU,50,0.49959612277867527,0.49592409461445947,0.9838282078472959,3.2084572999738157
128,0.00025,64,GELU,100,0.49959612277867527,0.49592409461445947,0.9838282078472959,5.692442600033246
128,0.00025,64,GELU,300,0.49959612277867527,0.49592409461445947,0.9838282078472959,5.450449299998581
128,0.00025,64,GELU,500,0.49959612277867527,0.49592409461445947,0.9838282078472959,6.251027199905366
128,0.00025,64,GELU,1000,0.49959612277867527,0.49592409461445947,0.9838282078472959,5.291834799922071
128,0.00025,64,Softmax,50,0.5,0.4961261020571734,0.9846235418875928,5.255953300045803
128,0.00025,64,Softmax,100,0.5,0.4961261020571734,0.9846235418875928,5.011873599956743
128,0.00025,64,Softmax,300,0.5,0.4961261020571734,0.9846235418875928,6.276777500053868
128,0.00025,64,Softmax,500,0.5,0.4961261020571734,0.9846235418875928,3.822197900037281
128,0.00025,64,Softmax,1000,0.5,0.4961261020571734,0.9846235418875928,4.940012800041586
128,0.00025,128,ReLU,50,0.49959612277867527,0.49592409461445947,0.9838282078472959,2.109547200030647
128,0.00025,128,ReLU,100,0.49959612277867527,0.49592409461445947,0.9838282078472959,2.207688699942082
128,0.00025,128,ReLU,300,0.49959612277867527,0.49592409461445947,0.9838282078472959,2.1227305999491364
128,0.00025,128,ReLU,500,0.49959612277867527,0.49592409461445947,0.9838282078472959,1.7075056999456137
128,0.00025,128,ReLU,1000,0.49959612277867527,0.49592409461445947,0.9838282078472959,1.5875518000684679
128,0.00025,128,Tanh,50,0.49973074851911686,0.49599144842330306,0.9840933191940615,5.3292777999304235
128,0.00025,128,Tanh,100,0.49973074851911686,0.49599144842330306,0.9840933191940615,2.3631756000686437
128,0.00025,128,Tanh,300,0.49973074851911686,0.49599144842330306,0.9840933191940615,1.543572900001891
128,0.00025,128,Tanh,500,0.49973074851911686,0.49599144842330306,0.9840933191940615,3.7575729000382125
128,0.00025,128,Tanh,1000,0.49973074851911686,0.49599144842330306,0.9840933191940615,2.1701534000458196
128,0.00025,128,Sigmoid,50,0.5,0.4961261020571734,0.9846235418875928,4.048767899977975
128,0.00025,128,Sigmoid,100,0.5,0.4961261020571734,0.9846235418875928,2.5955357999773696
128,0.00025,128,Sigmoid,300,0.5,0.4961261020571734,0.9846235418875928,1.63338739995379
128,0.00025,128,Sigmoid,500,0.5,0.4961261020571734,0.9846235418875928,1.5449282999616116
128,0.00025,128,Sigmoid,1000,0.5,0.4961261020571734,0.9846235418875928,4.128219000063837
128,0.00025,128,GELU,50,0.49959612277867527,0.49592409461445947,0.9838282078472959,2.349150800029747
128,0.00025,128,GELU,100,0.49959612277867527,0.49592409461445947,0.9838282078472959,1.6344727999530733
128,0.00025,128,GELU,300,0.49959612277867527,0.49592409461445947,0.9838282078472959,4.10669229994528
128,0.00025,128,GELU,500,0.49959612277867527,0.49592409461445947,0.9838282078472959,2.6675594999687746
128,0.00025,128,GELU,1000,0.49959612277867527,0.49592409461445947,0.9838282078472959,1.6017694999463856
128,0.00025,128,Softmax,50,0.5,0.4961261020571734,0.9846235418875928,2.540430999943055
128,0.00025,128,Softmax,100,0.5,0.4961261020571734,0.9846235418875928,4.340115099912509
128,0.00025,128,Softmax,300,0.5,0.4961261020571734,0.9846235418875928,3.7514454999472946
128,0.00025,128,Softmax,500,0.5,0.4961261020571734,0.9846235418875928,3.6335294999880716
128,0.00025,128,Softmax,1000,0.5,0.4961261020571734,0.9846235418875928,3.697101900004782
