Hidden_Neurons,Learning_Rate,Batch_Size,Activation_Function,Epochs,Balanced_Accuracy,Macro F1 Score,Accuracy,Time(s)
8,0.01,8,ReLU,50,0.69875,0.698542276787599,0.69875,2.1321605001576245
8,0.01,8,ReLU,100,0.69875,0.698542276787599,0.69875,2.7774370999541134
8,0.01,8,ReLU,300,0.69875,0.698542276787599,0.69875,2.2956768998410553
8,0.01,8,ReLU,500,0.69875,0.698542276787599,0.69875,2.142554699908942
8,0.01,8,ReLU,1000,0.69875,0.698542276787599,0.69875,3.259222900029272
8,0.01,8,Tanh,50,0.69,0.6899825615190854,0.69,2.10542369983159
8,0.01,8,Tanh,100,0.69,0.6899825615190854,0.69,3.5678669000044465
8,0.01,8,Tanh,300,0.69,0.6899825615190854,0.69,1.9553805999457836
8,0.01,8,Tanh,500,0.69,0.6899825615190854,0.69,2.599544500000775
8,0.01,8,Tanh,1000,0.69,0.6899825615190854,0.69,2.785514800110832
8,0.01,8,Sigmoid,50,0.7125,0.712196007032428,0.7125,2.529423600062728
8,0.01,8,Sigmoid,100,0.7125,0.712196007032428,0.7125,3.5348527000751346
8,0.01,8,Sigmoid,300,0.7125,0.712196007032428,0.7125,2.2742407000623643
8,0.01,8,Sigmoid,500,0.7125,0.712196007032428,0.7125,3.7686559001449496
8,0.01,8,Sigmoid,1000,0.7125,0.712196007032428,0.7125,2.5046478998847306
8,0.01,8,GELU,50,0.69875,0.698542276787599,0.69875,2.4128874000161886
8,0.01,8,GELU,100,0.69875,0.698542276787599,0.69875,2.3887824998237193
8,0.01,8,GELU,300,0.69875,0.698542276787599,0.69875,2.0887985001318157
8,0.01,8,GELU,500,0.69875,0.698542276787599,0.69875,2.880775700090453
8,0.01,8,GELU,1000,0.69875,0.698542276787599,0.69875,2.0784104000777006
8,0.01,8,Softmax,50,0.7125,0.712196007032428,0.7125,2.9348238001111895
8,0.01,8,Softmax,100,0.7125,0.712196007032428,0.7125,3.4795398998539895
8,0.01,8,Softmax,300,0.7125,0.712196007032428,0.7125,3.1618212000466883
8,0.01,8,Softmax,500,0.7125,0.712196007032428,0.7125,3.198158700019121
8,0.01,8,Softmax,1000,0.7125,0.712196007032428,0.7125,2.935892099980265
8,0.01,16,ReLU,50,0.7012499999999999,0.7012495332023956,0.70125,1.6720976000651717
8,0.01,16,ReLU,100,0.7012499999999999,0.7012495332023956,0.70125,1.1087458000984043
8,0.01,16,ReLU,300,0.7012499999999999,0.7012495332023956,0.70125,1.0801546999718994
8,0.01,16,ReLU,500,0.7012499999999999,0.7012495332023956,0.70125,1.8557190001010895
8,0.01,16,ReLU,1000,0.7012499999999999,0.7012495332023956,0.70125,1.6556917999405414
8,0.01,16,Tanh,50,0.679375,0.6793388003567591,0.679375,1.0974020001012832
8,0.01,16,Tanh,100,0.679375,0.6793388003567591,0.679375,1.032464199932292
8,0.01,16,Tanh,300,0.679375,0.6793388003567591,0.679375,1.7925246998202056
8,0.01,16,Tanh,500,0.679375,0.6793388003567591,0.679375,1.5557428000029176
8,0.01,16,Tanh,1000,0.679375,0.6793388003567591,0.679375,1.1661717998795211
8,0.01,16,Sigmoid,50,0.7106250000000001,0.710146628713404,0.710625,1.189762899884954
8,0.01,16,Sigmoid,100,0.7106250000000001,0.710146628713404,0.710625,2.17125659994781
8,0.01,16,Sigmoid,300,0.7106250000000001,0.710146628713404,0.710625,1.7977483000140637
8,0.01,16,Sigmoid,500,0.7106250000000001,0.710146628713404,0.710625,1.1505108000710607
8,0.01,16,Sigmoid,1000,0.7106250000000001,0.710146628713404,0.710625,1.371010100003332
8,0.01,16,GELU,50,0.7012499999999999,0.7012495332023956,0.70125,1.5477223000489175
8,0.01,16,GELU,100,0.7012499999999999,0.7012495332023956,0.70125,1.6138734999112785
8,0.01,16,GELU,300,0.7012499999999999,0.7012495332023956,0.70125,1.100503500085324
8,0.01,16,GELU,500,0.7012499999999999,0.7012495332023956,0.70125,1.883982399944216
8,0.01,16,GELU,1000,0.7012499999999999,0.7012495332023956,0.70125,1.3212421999778599
8,0.01,16,Softmax,50,0.7106250000000001,0.710146628713404,0.710625,1.569675800157711
8,0.01,16,Softmax,100,0.7106250000000001,0.710146628713404,0.710625,1.7617351999506354
8,0.01,16,Softmax,300,0.7106250000000001,0.710146628713404,0.710625,1.2646383000537753
8,0.01,16,Softmax,500,0.7106250000000001,0.710146628713404,0.710625,2.029065900016576
8,0.01,16,Softmax,1000,0.7106250000000001,0.710146628713404,0.710625,1.2923936999868602
8,0.01,32,ReLU,50,0.70375,0.703360196758553,0.70375,1.2608477000612766
8,0.01,32,ReLU,100,0.70375,0.703360196758553,0.70375,0.7747374998871237
8,0.01,32,ReLU,300,0.70375,0.703360196758553,0.70375,1.3353987000882626
8,0.01,32,ReLU,500,0.70375,0.703360196758553,0.70375,0.7801091000437737
8,0.01,32,ReLU,1000,0.70375,0.703360196758553,0.70375,1.0502859998960048
8,0.01,32,Tanh,50,0.68875,0.6884457478005865,0.68875,0.8872515999246389
8,0.01,32,Tanh,100,0.68875,0.6884457478005865,0.68875,0.6323726000264287
8,0.01,32,Tanh,300,0.68875,0.6884457478005865,0.68875,0.6049077999778092
8,0.01,32,Tanh,500,0.68875,0.6884457478005865,0.68875,0.9873276001308113
8,0.01,32,Tanh,1000,0.68875,0.6884457478005865,0.68875,0.7137006998527795
8,0.01,32,Sigmoid,50,0.59625,0.5941898795604561,0.59625,0.7867932000663131
8,0.01,32,Sigmoid,100,0.59625,0.5941898795604561,0.59625,1.0825923001393676
8,0.01,32,Sigmoid,300,0.59625,0.5941898795604561,0.59625,1.0328671000897884
8,0.01,32,Sigmoid,500,0.59625,0.5941898795604561,0.59625,0.6255723000504076
8,0.01,32,Sigmoid,1000,0.59625,0.5941898795604561,0.59625,1.1232496001757681
8,0.01,32,GELU,50,0.70375,0.703360196758553,0.70375,1.0946335999760777
8,0.01,32,GELU,100,0.70375,0.703360196758553,0.70375,0.7695973000954837
8,0.01,32,GELU,300,0.70375,0.703360196758553,0.70375,0.7725314998533577
8,0.01,32,GELU,500,0.70375,0.703360196758553,0.70375,1.292156299808994
8,0.01,32,GELU,1000,0.70375,0.703360196758553,0.70375,1.1855981000699103
8,0.01,32,Softmax,50,0.59625,0.5941898795604561,0.59625,0.6151608999352902
8,0.01,32,Softmax,100,0.59625,0.5941898795604561,0.59625,0.8763085000682622
8,0.01,32,Softmax,300,0.59625,0.5941898795604561,0.59625,1.2702691000886261
8,0.01,32,Softmax,500,0.59625,0.5941898795604561,0.59625,0.8592898000497371
8,0.01,32,Softmax,1000,0.59625,0.5941898795604561,0.59625,0.606084099970758
8,0.01,64,ReLU,50,0.698125,0.6977678702372921,0.698125,0.5850851000286639
8,0.01,64,ReLU,100,0.698125,0.6977678702372921,0.698125,0.7543420000001788
8,0.01,64,ReLU,300,0.698125,0.6977678702372921,0.698125,0.592481599887833
8,0.01,64,ReLU,500,0.698125,0.6977678702372921,0.698125,0.556895500048995
8,0.01,64,ReLU,1000,0.698125,0.6977678702372921,0.698125,0.46536619984544814
8,0.01,64,Tanh,50,0.674375,0.6738367031526641,0.674375,0.3428065001498908
8,0.01,64,Tanh,100,0.674375,0.6738367031526641,0.674375,0.34062270005233586
8,0.01,64,Tanh,300,0.674375,0.6738367031526641,0.674375,0.3722004001028836
8,0.01,64,Tanh,500,0.674375,0.6738367031526641,0.674375,0.8332900998648256
8,0.01,64,Tanh,1000,0.674375,0.6738367031526641,0.674375,0.6137502000201494
8,0.01,64,Sigmoid,50,0.588125,0.5880076787491438,0.588125,0.4164001001045108
8,0.01,64,Sigmoid,100,0.5862499999999999,0.5861232502453877,0.58625,0.5531508999411017
8,0.01,64,Sigmoid,300,0.5862499999999999,0.5861232502453877,0.58625,0.7639028001576662
8,0.01,64,Sigmoid,500,0.5862499999999999,0.5861232502453877,0.58625,0.7269661000464112
8,0.01,64,Sigmoid,1000,0.5862499999999999,0.5861232502453877,0.58625,0.5405063000507653
8,0.01,64,GELU,50,0.698125,0.6977678702372921,0.698125,0.6028185999020934
8,0.01,64,GELU,100,0.698125,0.6977678702372921,0.698125,0.6331229000352323
8,0.01,64,GELU,300,0.698125,0.6977678702372921,0.698125,0.41137530002743006
8,0.01,64,GELU,500,0.698125,0.6977678702372921,0.698125,0.39287299988791347
8,0.01,64,GELU,1000,0.698125,0.6977678702372921,0.698125,0.7803036000113934
8,0.01,64,Softmax,50,0.588125,0.5880076787491438,0.588125,0.7191921002231538
8,0.01,64,Softmax,100,0.5862499999999999,0.5861232502453877,0.58625,0.479378700023517
8,0.01,64,Softmax,300,0.5862499999999999,0.5861232502453877,0.58625,0.6698175000492483
8,0.01,64,Softmax,500,0.5862499999999999,0.5861232502453877,0.58625,0.9953036000952125
8,0.01,64,Softmax,1000,0.5862499999999999,0.5861232502453877,0.58625,0.5076665000524372
8,0.01,128,ReLU,50,0.66125,0.6612161216121613,0.66125,0.3485753999557346
8,0.01,128,ReLU,100,0.66125,0.6612161216121613,0.66125,0.4894278000574559
8,0.01,128,ReLU,300,0.66125,0.6612161216121613,0.66125,0.5998025999870151
8,0.01,128,ReLU,500,0.66125,0.6612161216121613,0.66125,0.5043224999681115
8,0.01,128,ReLU,1000,0.66125,0.6612161216121613,0.66125,0.48812029999680817
8,0.01,128,Tanh,50,0.55125,0.5490402974575419,0.55125,0.356136100133881
8,0.01,128,Tanh,100,0.55125,0.5490402974575419,0.55125,0.23899600002914667
8,0.01,128,Tanh,300,0.55125,0.5490402974575419,0.55125,0.2136646998114884
8,0.01,128,Tanh,500,0.55125,0.5490402974575419,0.55125,0.2247434000018984
8,0.01,128,Tanh,1000,0.55125,0.5490402974575419,0.55125,0.3947431999258697
8,0.01,128,Sigmoid,50,0.494375,0.4938607546182664,0.494375,0.4246452001389116
8,0.01,128,Sigmoid,100,0.494375,0.4938607546182664,0.494375,0.3673387998715043
8,0.01,128,Sigmoid,300,0.494375,0.4938607546182664,0.494375,0.2825284998398274
8,0.01,128,Sigmoid,500,0.494375,0.4938607546182664,0.494375,0.2755883999634534
8,0.01,128,Sigmoid,1000,0.494375,0.4938607546182664,0.494375,0.27201810013502836
8,0.01,128,GELU,50,0.66125,0.6612161216121613,0.66125,0.400197200011462
8,0.01,128,GELU,100,0.66125,0.6612161216121613,0.66125,0.3340397998690605
8,0.01,128,GELU,300,0.66125,0.6612161216121613,0.66125,0.3246516000945121
8,0.01,128,GELU,500,0.66125,0.6612161216121613,0.66125,0.2687273002229631
8,0.01,128,GELU,1000,0.66125,0.6612161216121613,0.66125,0.3360852000769228
8,0.01,128,Softmax,50,0.494375,0.4938607546182664,0.494375,0.3453794999513775
8,0.01,128,Softmax,100,0.494375,0.4938607546182664,0.494375,0.36317229992710054
8,0.01,128,Softmax,300,0.494375,0.4938607546182664,0.494375,0.2650800000410527
8,0.01,128,Softmax,500,0.494375,0.4938607546182664,0.494375,0.29744300013408065
8,0.01,128,Softmax,1000,0.494375,0.4938607546182664,0.494375,0.32416469999589026
8,0.001,8,ReLU,50,0.588125,0.5871688766678765,0.588125,3.3417549000587314
8,0.001,8,ReLU,100,0.5900000000000001,0.5892137294039372,0.59,4.474272399907932
8,0.001,8,ReLU,300,0.5900000000000001,0.5892137294039372,0.59,3.9280926999635994
8,0.001,8,ReLU,500,0.5900000000000001,0.5892137294039372,0.59,4.138163400115445
8,0.001,8,ReLU,1000,0.5900000000000001,0.5892137294039372,0.59,4.281666500028223
8,0.001,8,Tanh,50,0.518125,0.515165806927045,0.518125,3.0706907000858337
8,0.001,8,Tanh,100,0.518125,0.515165806927045,0.518125,3.1406763000413775
8,0.001,8,Tanh,300,0.518125,0.515165806927045,0.518125,3.2466356998775154
8,0.001,8,Tanh,500,0.518125,0.515165806927045,0.518125,3.3087025999557227
8,0.001,8,Tanh,1000,0.518125,0.515165806927045,0.518125,3.7070035999640822
8,0.001,8,Sigmoid,50,0.50125,0.4993718622519797,0.50125,2.269613199867308
8,0.001,8,Sigmoid,100,0.50125,0.4993718622519797,0.50125,1.9428846999071538
8,0.001,8,Sigmoid,300,0.50125,0.4993718622519797,0.50125,1.9749394000973552
8,0.001,8,Sigmoid,500,0.50125,0.4993718622519797,0.50125,1.98525429982692
8,0.001,8,Sigmoid,1000,0.50125,0.4993718622519797,0.50125,1.8543491000309587
8,0.001,8,GELU,50,0.588125,0.5871688766678765,0.588125,3.281482899794355
8,0.001,8,GELU,100,0.5900000000000001,0.5892137294039372,0.59,4.3573108001146466
8,0.001,8,GELU,300,0.5900000000000001,0.5892137294039372,0.59,4.051282900152728
8,0.001,8,GELU,500,0.5900000000000001,0.5892137294039372,0.59,4.444116600090638
8,0.001,8,GELU,1000,0.5900000000000001,0.5892137294039372,0.59,4.0428838999941945
8,0.001,8,Softmax,50,0.50125,0.4993718622519797,0.50125,2.1635061998385936
8,0.001,8,Softmax,100,0.50125,0.4993718622519797,0.50125,2.1478915999177843
8,0.001,8,Softmax,300,0.50125,0.4993718622519797,0.50125,2.062673999927938
8,0.001,8,Softmax,500,0.50125,0.4993718622519797,0.50125,2.033345399890095
8,0.001,8,Softmax,1000,0.50125,0.4993718622519797,0.50125,1.9418637999333441
8,0.001,16,ReLU,50,0.535625,0.5318857546078027,0.535625,1.3278633998706937
8,0.001,16,ReLU,100,0.535625,0.5318857546078027,0.535625,1.3638683001045138
8,0.001,16,ReLU,300,0.535625,0.5318857546078027,0.535625,1.2702847002074122
8,0.001,16,ReLU,500,0.535625,0.5318857546078027,0.535625,1.2698463001288474
8,0.001,16,ReLU,1000,0.535625,0.5318857546078027,0.535625,1.364018299849704
8,0.001,16,Tanh,50,0.478125,0.46992519835153085,0.478125,0.6020726000424474
8,0.001,16,Tanh,100,0.478125,0.46992519835153085,0.478125,0.7938806000165641
8,0.001,16,Tanh,300,0.478125,0.46992519835153085,0.478125,0.7645170998293906
8,0.001,16,Tanh,500,0.478125,0.46992519835153085,0.478125,0.6216766000725329
8,0.001,16,Tanh,1000,0.478125,0.46992519835153085,0.478125,0.6533283998724073
8,0.001,16,Sigmoid,50,0.500625,0.4927787227339798,0.500625,1.325041800038889
8,0.001,16,Sigmoid,100,0.500625,0.4927787227339798,0.500625,1.310708099976182
8,0.001,16,Sigmoid,300,0.500625,0.4927787227339798,0.500625,1.3551753000356257
8,0.001,16,Sigmoid,500,0.500625,0.4927787227339798,0.500625,0.99968870007433
8,0.001,16,Sigmoid,1000,0.500625,0.4927787227339798,0.500625,0.8067651998717338
8,0.001,16,GELU,50,0.535625,0.5318857546078027,0.535625,1.0757927000522614
8,0.001,16,GELU,100,0.535625,0.5318857546078027,0.535625,1.7643077000975609
8,0.001,16,GELU,300,0.535625,0.5318857546078027,0.535625,1.591723000165075
8,0.001,16,GELU,500,0.535625,0.5318857546078027,0.535625,1.4589518001303077
8,0.001,16,GELU,1000,0.535625,0.5318857546078027,0.535625,1.0336472999770194
8,0.001,16,Softmax,50,0.500625,0.4927787227339798,0.500625,0.6354922999162227
8,0.001,16,Softmax,100,0.500625,0.4927787227339798,0.500625,0.6896302001550794
8,0.001,16,Softmax,300,0.500625,0.4927787227339798,0.500625,1.4110082001425326
8,0.001,16,Softmax,500,0.500625,0.4927787227339798,0.500625,1.0926226999145001
8,0.001,16,Softmax,1000,0.500625,0.4927787227339798,0.500625,1.41453510010615
8,0.001,32,ReLU,50,0.526875,0.5215369598082356,0.526875,0.9289430999197066
8,0.001,32,ReLU,100,0.526875,0.5215369598082356,0.526875,0.8141973000019789
8,0.001,32,ReLU,300,0.526875,0.5215369598082356,0.526875,0.6507632997818291
8,0.001,32,ReLU,500,0.526875,0.5215369598082356,0.526875,0.5582981999032199
8,0.001,32,ReLU,1000,0.526875,0.5215369598082356,0.526875,0.5295398999005556
8,0.001,32,Tanh,50,0.481875,0.4677109121269532,0.481875,0.5598293000366539
8,0.001,32,Tanh,100,0.481875,0.4677109121269532,0.481875,0.658736500190571
8,0.001,32,Tanh,300,0.481875,0.4677109121269532,0.481875,0.5033142999745905
8,0.001,32,Tanh,500,0.481875,0.4677109121269532,0.481875,0.5594802999403328
8,0.001,32,Tanh,1000,0.481875,0.4677109121269532,0.481875,0.6399395000189543
8,0.001,32,Sigmoid,50,0.494375,0.4936389963693321,0.494375,0.7758184999693185
8,0.001,32,Sigmoid,100,0.494375,0.4936389963693321,0.494375,0.745282500050962
8,0.001,32,Sigmoid,300,0.494375,0.4936389963693321,0.494375,0.5442597998771816
8,0.001,32,Sigmoid,500,0.494375,0.4936389963693321,0.494375,0.5630083999130875
8,0.001,32,Sigmoid,1000,0.494375,0.4936389963693321,0.494375,0.5384836001321673
8,0.001,32,GELU,50,0.526875,0.5215369598082356,0.526875,0.5669919000938535
8,0.001,32,GELU,100,0.526875,0.5215369598082356,0.526875,0.5834061000496149
8,0.001,32,GELU,300,0.526875,0.5215369598082356,0.526875,0.5510306998621672
8,0.001,32,GELU,500,0.526875,0.5215369598082356,0.526875,1.1208099001087248
8,0.001,32,GELU,1000,0.526875,0.5215369598082356,0.526875,0.9628147000912577
8,0.001,32,Softmax,50,0.494375,0.4936389963693321,0.494375,0.8237989000044763
8,0.001,32,Softmax,100,0.494375,0.4936389963693321,0.494375,0.7486115999054164
8,0.001,32,Softmax,300,0.494375,0.4936389963693321,0.494375,0.7365315000060946
8,0.001,32,Softmax,500,0.494375,0.4936389963693321,0.494375,0.6185029000043869
8,0.001,32,Softmax,1000,0.494375,0.4936389963693321,0.494375,0.5097297001630068
8,0.001,64,ReLU,50,0.521875,0.5159512645180018,0.521875,0.2618095998186618
8,0.001,64,ReLU,100,0.521875,0.5159512645180018,0.521875,0.28345150011591613
8,0.001,64,ReLU,300,0.521875,0.5159512645180018,0.521875,0.24636980006471276
8,0.001,64,ReLU,500,0.521875,0.5159512645180018,0.521875,0.22621150012128055
8,0.001,64,ReLU,1000,0.521875,0.5159512645180018,0.521875,0.20526439999230206
8,0.001,64,Tanh,50,0.478125,0.4627113211470148,0.478125,0.18259410001337528
8,0.001,64,Tanh,100,0.478125,0.4627113211470148,0.478125,0.1725342001300305
8,0.001,64,Tanh,300,0.478125,0.4627113211470148,0.478125,0.19413159997202456
8,0.001,64,Tanh,500,0.478125,0.4627113211470148,0.478125,0.19347900012508035
8,0.001,64,Tanh,1000,0.478125,0.4627113211470148,0.478125,0.21554520004428923
8,0.001,64,Sigmoid,50,0.505,0.49987291593981426,0.505,0.4624517001211643
8,0.001,64,Sigmoid,100,0.505,0.49987291593981426,0.505,0.46598479989916086
8,0.001,64,Sigmoid,300,0.505,0.49987291593981426,0.505,0.5752566999290138
8,0.001,64,Sigmoid,500,0.505,0.49987291593981426,0.505,0.3986504999920726
8,0.001,64,Sigmoid,1000,0.505,0.49987291593981426,0.505,0.42716800002381206
8,0.001,64,GELU,50,0.521875,0.5159512645180018,0.521875,0.4944627999793738
8,0.001,64,GELU,100,0.521875,0.5159512645180018,0.521875,0.45595289999619126
8,0.001,64,GELU,300,0.521875,0.5159512645180018,0.521875,0.399150799959898
8,0.001,64,GELU,500,0.521875,0.5159512645180018,0.521875,0.42917699995450675
8,0.001,64,GELU,1000,0.521875,0.5159512645180018,0.521875,0.467435099883005
8,0.001,64,Softmax,50,0.505,0.49987291593981426,0.505,0.38402069988660514
8,0.001,64,Softmax,100,0.505,0.49987291593981426,0.505,0.3622586000710726
8,0.001,64,Softmax,300,0.505,0.49987291593981426,0.505,0.39393360004760325
8,0.001,64,Softmax,500,0.505,0.49987291593981426,0.505,0.4214696001727134
8,0.001,64,Softmax,1000,0.505,0.49987291593981426,0.505,0.3435634998604655
8,0.001,128,ReLU,50,0.52125,0.5159129401653226,0.52125,0.20914830011315644
8,0.001,128,ReLU,100,0.52125,0.5159129401653226,0.52125,0.2030809000134468
8,0.001,128,ReLU,300,0.52125,0.5159129401653226,0.52125,0.1960869999602437
8,0.001,128,ReLU,500,0.52125,0.5159129401653226,0.52125,0.3143725998234004
8,0.001,128,ReLU,1000,0.52125,0.5159129401653226,0.52125,0.38203589990735054
8,0.001,128,Tanh,50,0.48312499999999997,0.4537556159099456,0.483125,0.2792855000589043
8,0.001,128,Tanh,100,0.48312499999999997,0.4537556159099456,0.483125,0.2736029999796301
8,0.001,128,Tanh,300,0.48312499999999997,0.4537556159099456,0.483125,0.26983050000853837
8,0.001,128,Tanh,500,0.48312499999999997,0.4537556159099456,0.483125,0.475459799868986
8,0.001,128,Tanh,1000,0.48312499999999997,0.4537556159099456,0.483125,0.3648016999941319
8,0.001,128,Sigmoid,50,0.504375,0.5023921493419677,0.504375,0.3170894000213593
8,0.001,128,Sigmoid,100,0.504375,0.5023921493419677,0.504375,0.3284565000794828
8,0.001,128,Sigmoid,300,0.504375,0.5023921493419677,0.504375,0.27687769988551736
8,0.001,128,Sigmoid,500,0.504375,0.5023921493419677,0.504375,0.3398718999233097
8,0.001,128,Sigmoid,1000,0.504375,0.5023921493419677,0.504375,0.2994285000022501
8,0.001,128,GELU,50,0.52125,0.5159129401653226,0.52125,0.2586964999791235
8,0.001,128,GELU,100,0.52125,0.5159129401653226,0.52125,0.24836759991012514
8,0.001,128,GELU,300,0.52125,0.5159129401653226,0.52125,0.2576236999593675
8,0.001,128,GELU,500,0.52125,0.5159129401653226,0.52125,0.22552430001087487
8,0.001,128,GELU,1000,0.52125,0.5159129401653226,0.52125,0.2565783001482487
8,0.001,128,Softmax,50,0.504375,0.5023921493419677,0.504375,0.3027860000729561
8,0.001,128,Softmax,100,0.504375,0.5023921493419677,0.504375,0.26534090004861355
8,0.001,128,Softmax,300,0.504375,0.5023921493419677,0.504375,0.25819900003261864
8,0.001,128,Softmax,500,0.504375,0.5023921493419677,0.504375,0.2273188999388367
8,0.001,128,Softmax,1000,0.504375,0.5023921493419677,0.504375,0.22971639991737902
8,0.0001,8,ReLU,50,0.5175,0.5136693865273191,0.5175,2.1870833998546004
8,0.0001,8,ReLU,100,0.5175,0.5136693865273191,0.5175,3.294737200019881
8,0.0001,8,ReLU,300,0.5175,0.5136693865273191,0.5175,3.022322200005874
8,0.0001,8,ReLU,500,0.5175,0.5136693865273191,0.5175,2.422058100113645
8,0.0001,8,ReLU,1000,0.5175,0.5136693865273191,0.5175,2.9431477999314666
8,0.0001,8,Tanh,50,0.479375,0.4497925369443588,0.479375,2.4943359999451786
8,0.0001,8,Tanh,100,0.479375,0.4497925369443588,0.479375,1.5623250000644475
8,0.0001,8,Tanh,300,0.479375,0.4497925369443588,0.479375,2.897023799829185
8,0.0001,8,Tanh,500,0.479375,0.4497925369443588,0.479375,2.6751671000383794
8,0.0001,8,Tanh,1000,0.479375,0.4497925369443588,0.479375,2.182124499930069
8,0.0001,8,Sigmoid,50,0.49375,0.46800126103404793,0.49375,3.010694900061935
8,0.0001,8,Sigmoid,100,0.49375,0.46800126103404793,0.49375,3.5226648999378085
8,0.0001,8,Sigmoid,300,0.49375,0.46800126103404793,0.49375,2.6167024997994304
8,0.0001,8,Sigmoid,500,0.49375,0.46800126103404793,0.49375,3.5926013998687267
8,0.0001,8,Sigmoid,1000,0.49375,0.46800126103404793,0.49375,2.9682720000855625
8,0.0001,8,GELU,50,0.5175,0.5136693865273191,0.5175,2.7857182000298053
8,0.0001,8,GELU,100,0.5175,0.5136693865273191,0.5175,2.8771283999085426
8,0.0001,8,GELU,300,0.5175,0.5136693865273191,0.5175,2.3195380999241024
8,0.0001,8,GELU,500,0.5175,0.5136693865273191,0.5175,3.161450299900025
8,0.0001,8,GELU,1000,0.5175,0.5136693865273191,0.5175,2.2083384001161903
8,0.0001,8,Softmax,50,0.49375,0.46800126103404793,0.49375,3.6145880001131445
8,0.0001,8,Softmax,100,0.49375,0.46800126103404793,0.49375,3.0819647999014705
8,0.0001,8,Softmax,300,0.49375,0.46800126103404793,0.49375,2.783120700158179
8,0.0001,8,Softmax,500,0.49375,0.46800126103404793,0.49375,3.84868560009636
8,0.0001,8,Softmax,1000,0.49375,0.46800126103404793,0.49375,2.351754300063476
8,0.0001,16,ReLU,50,0.515,0.5130980392156863,0.515,1.689722599927336
8,0.0001,16,ReLU,100,0.515,0.5130980392156863,0.515,1.702894899994135
8,0.0001,16,ReLU,300,0.515,0.5130980392156863,0.515,1.185375199886039
8,0.0001,16,ReLU,500,0.515,0.5130980392156863,0.515,0.8172017000615597
8,0.0001,16,ReLU,1000,0.515,0.5130980392156863,0.515,0.7293418000917882
8,0.0001,16,Tanh,50,0.485,0.4488063882269326,0.485,1.2866409998387098
8,0.0001,16,Tanh,100,0.485,0.4488063882269326,0.485,1.9536720998585224
8,0.0001,16,Tanh,300,0.485,0.4488063882269326,0.485,1.6458809999749064
8,0.0001,16,Tanh,500,0.485,0.4488063882269326,0.485,1.3534510000608861
8,0.0001,16,Tanh,1000,0.485,0.4488063882269326,0.485,0.9933539999183267
8,0.0001,16,Sigmoid,50,0.489375,0.40742755470936887,0.489375,0.9808972000610083
8,0.0001,16,Sigmoid,100,0.489375,0.40742755470936887,0.489375,1.7936990999151021
8,0.0001,16,Sigmoid,300,0.489375,0.40742755470936887,0.489375,1.9806466000154614
8,0.0001,16,Sigmoid,500,0.489375,0.40742755470936887,0.489375,1.4923362000845373
8,0.0001,16,Sigmoid,1000,0.489375,0.40742755470936887,0.489375,0.962517200037837
8,0.0001,16,GELU,50,0.515,0.5130980392156863,0.515,0.784643999999389
8,0.0001,16,GELU,100,0.515,0.5130980392156863,0.515,1.1247125999070704
8,0.0001,16,GELU,300,0.515,0.5130980392156863,0.515,1.1948477001860738
8,0.0001,16,GELU,500,0.515,0.5130980392156863,0.515,1.1872856998816133
8,0.0001,16,GELU,1000,0.515,0.5130980392156863,0.515,1.230831999797374
8,0.0001,16,Softmax,50,0.489375,0.40742755470936887,0.489375,1.296671399846673
8,0.0001,16,Softmax,100,0.489375,0.40742755470936887,0.489375,0.8654230001848191
8,0.0001,16,Softmax,300,0.489375,0.40742755470936887,0.489375,1.0913851999212056
8,0.0001,16,Softmax,500,0.489375,0.40742755470936887,0.489375,1.7316275001503527
8,0.0001,16,Softmax,1000,0.489375,0.40742755470936887,0.489375,1.6100930999964476
8,0.0001,32,ReLU,50,0.5137499999999999,0.512274630758043,0.51375,0.6704331999644637
8,0.0001,32,ReLU,100,0.5137499999999999,0.512274630758043,0.51375,0.8398144000675529
8,0.0001,32,ReLU,300,0.5137499999999999,0.512274630758043,0.51375,0.5756604999769479
8,0.0001,32,ReLU,500,0.5137499999999999,0.512274630758043,0.51375,0.5471047000028193
8,0.0001,32,ReLU,1000,0.5137499999999999,0.512274630758043,0.51375,0.7379523001145571
8,0.0001,32,Tanh,50,0.49437499999999995,0.4481655469253263,0.494375,1.0441552000120282
8,0.0001,32,Tanh,100,0.49437499999999995,0.4481655469253263,0.494375,0.9911764999851584
8,0.0001,32,Tanh,300,0.49437499999999995,0.4481655469253263,0.494375,1.0333852998446673
8,0.0001,32,Tanh,500,0.49437499999999995,0.4481655469253263,0.494375,0.8043323999736458
8,0.0001,32,Tanh,1000,0.49437499999999995,0.4481655469253263,0.494375,0.9015313000418246
8,0.0001,32,Sigmoid,50,0.5,0.3333333333333333,0.5,0.34590620012022555
8,0.0001,32,Sigmoid,100,0.5,0.3333333333333333,0.5,0.28405879996716976
8,0.0001,32,Sigmoid,300,0.5,0.3333333333333333,0.5,0.2928383001126349
8,0.0001,32,Sigmoid,500,0.5,0.3333333333333333,0.5,0.31294080009683967
8,0.0001,32,Sigmoid,1000,0.5,0.3333333333333333,0.5,0.259028899949044
8,0.0001,32,GELU,50,0.5137499999999999,0.512274630758043,0.51375,0.603855200111866
8,0.0001,32,GELU,100,0.5137499999999999,0.512274630758043,0.51375,0.8221959001384676
8,0.0001,32,GELU,300,0.5137499999999999,0.512274630758043,0.51375,0.790391799993813
8,0.0001,32,GELU,500,0.5137499999999999,0.512274630758043,0.51375,0.882935700006783
8,0.0001,32,GELU,1000,0.5137499999999999,0.512274630758043,0.51375,0.6827666000463068
8,0.0001,32,Softmax,50,0.5,0.3333333333333333,0.5,0.4053303999826312
8,0.0001,32,Softmax,100,0.5,0.3333333333333333,0.5,0.5035069999285042
8,0.0001,32,Softmax,300,0.5,0.3333333333333333,0.5,0.36877740011550486
8,0.0001,32,Softmax,500,0.5,0.3333333333333333,0.5,0.3920444000978023
8,0.0001,32,Softmax,1000,0.5,0.3333333333333333,0.5,0.35753910010680556
8,0.0001,64,ReLU,50,0.50875,0.5076391107436152,0.50875,0.31846179999411106
8,0.0001,64,ReLU,100,0.50875,0.5076391107436152,0.50875,0.3045641998760402
8,0.0001,64,ReLU,300,0.50875,0.5076391107436152,0.50875,0.2691353000700474
8,0.0001,64,ReLU,500,0.50875,0.5076391107436152,0.50875,0.22637119982391596
8,0.0001,64,ReLU,1000,0.50875,0.5076391107436152,0.50875,0.39094529999420047
8,0.0001,64,Tanh,50,0.498125,0.41758179489794767,0.498125,0.6829262000974268
8,0.0001,64,Tanh,100,0.498125,0.41758179489794767,0.498125,0.5871403999626637
8,0.0001,64,Tanh,300,0.498125,0.41758179489794767,0.498125,0.6756599999498576
8,0.0001,64,Tanh,500,0.498125,0.41758179489794767,0.498125,0.5627637000288814
8,0.0001,64,Tanh,1000,0.498125,0.41758179489794767,0.498125,0.5102375000715256
8,0.0001,64,Sigmoid,50,0.5,0.3333333333333333,0.5,0.39911699993535876
8,0.0001,64,Sigmoid,100,0.5,0.3333333333333333,0.5,0.35499250004068017
8,0.0001,64,Sigmoid,300,0.5,0.3333333333333333,0.5,0.24162650015205145
8,0.0001,64,Sigmoid,500,0.5,0.3333333333333333,0.5,0.272904799785465
8,0.0001,64,Sigmoid,1000,0.5,0.3333333333333333,0.5,0.3005170999094844
8,0.0001,64,GELU,50,0.50875,0.5076391107436152,0.50875,0.3184765998739749
8,0.0001,64,GELU,100,0.50875,0.5076391107436152,0.50875,0.34735889988951385
8,0.0001,64,GELU,300,0.50875,0.5076391107436152,0.50875,0.3176731001585722
8,0.0001,64,GELU,500,0.50875,0.5076391107436152,0.50875,0.28013470000587404
8,0.0001,64,GELU,1000,0.50875,0.5076391107436152,0.50875,0.28010670002549887
8,0.0001,64,Softmax,50,0.5,0.3333333333333333,0.5,0.16313769994303584
8,0.0001,64,Softmax,100,0.5,0.3333333333333333,0.5,0.1422264000866562
8,0.0001,64,Softmax,300,0.5,0.3333333333333333,0.5,0.2755847000516951
8,0.0001,64,Softmax,500,0.5,0.3333333333333333,0.5,0.33905650000087917
8,0.0001,64,Softmax,1000,0.5,0.3333333333333333,0.5,0.34854130004532635
8,0.0001,128,ReLU,50,0.51125,0.5106069068885832,0.51125,0.29268519999459386
8,0.0001,128,ReLU,100,0.51125,0.5106069068885832,0.51125,0.2752280000131577
8,0.0001,128,ReLU,300,0.51125,0.5106069068885832,0.51125,0.2691069000866264
8,0.0001,128,ReLU,500,0.51125,0.5106069068885832,0.51125,0.34778450010344386
8,0.0001,128,ReLU,1000,0.51125,0.5106069068885832,0.51125,0.32258339994587004
8,0.0001,128,Tanh,50,0.503125,0.4045498570123851,0.503125,0.39865170000121
8,0.0001,128,Tanh,100,0.503125,0.4045498570123851,0.503125,0.32406040001660585
8,0.0001,128,Tanh,300,0.503125,0.4045498570123851,0.503125,0.3413025001063943
8,0.0001,128,Tanh,500,0.503125,0.4045498570123851,0.503125,0.4125088998116553
8,0.0001,128,Tanh,1000,0.503125,0.4045498570123851,0.503125,0.37813760014250875
8,0.0001,128,Sigmoid,50,0.5,0.3333333333333333,0.5,0.15936450008302927
8,0.0001,128,Sigmoid,100,0.5,0.3333333333333333,0.5,0.15569020016118884
8,0.0001,128,Sigmoid,300,0.5,0.3333333333333333,0.5,0.17055969987995923
8,0.0001,128,Sigmoid,500,0.5,0.3333333333333333,0.5,0.15228400006890297
8,0.0001,128,Sigmoid,1000,0.5,0.3333333333333333,0.5,0.17554029985331
8,0.0001,128,GELU,50,0.51125,0.5106069068885832,0.51125,0.2598997000604868
8,0.0001,128,GELU,100,0.51125,0.5106069068885832,0.51125,0.21728670014999807
8,0.0001,128,GELU,300,0.51125,0.5106069068885832,0.51125,0.2067764000967145
8,0.0001,128,GELU,500,0.51125,0.5106069068885832,0.51125,0.20565320015884936
8,0.0001,128,GELU,1000,0.51125,0.5106069068885832,0.51125,0.19525589980185032
8,0.0001,128,Softmax,50,0.5,0.3333333333333333,0.5,0.10936199990101159
8,0.0001,128,Softmax,100,0.5,0.3333333333333333,0.5,0.11055459990166128
8,0.0001,128,Softmax,300,0.5,0.3333333333333333,0.5,0.11130200000479817
8,0.0001,128,Softmax,500,0.5,0.3333333333333333,0.5,0.22529730014503002
8,0.0001,128,Softmax,1000,0.5,0.3333333333333333,0.5,0.25734709994867444
8,0.00025,8,ReLU,50,0.5175,0.5122498266496712,0.5175,2.6311445999890566
8,0.00025,8,ReLU,100,0.5175,0.5122498266496712,0.5175,2.0006107999943197
8,0.00025,8,ReLU,300,0.5175,0.5122498266496712,0.5175,2.5411664999555796
8,0.00025,8,ReLU,500,0.5175,0.5122498266496712,0.5175,1.9420966000761837
8,0.00025,8,ReLU,1000,0.5175,0.5122498266496712,0.5175,2.379428199958056
8,0.00025,8,Tanh,50,0.485,0.46409641061661433,0.485,1.3866949998773634
8,0.00025,8,Tanh,100,0.485,0.46409641061661433,0.485,2.260772299952805
8,0.00025,8,Tanh,300,0.485,0.46409641061661433,0.485,1.3830824999604374
8,0.00025,8,Tanh,500,0.485,0.46409641061661433,0.485,2.2940559000708163
8,0.00025,8,Tanh,1000,0.485,0.46409641061661433,0.485,1.5454776000697166
8,0.00025,8,Sigmoid,50,0.49625,0.4865424430641822,0.49625,2.4766522999852896
8,0.00025,8,Sigmoid,100,0.49625,0.4865424430641822,0.49625,2.7121487997937948
8,0.00025,8,Sigmoid,300,0.49625,0.4865424430641822,0.49625,2.6878347999881953
8,0.00025,8,Sigmoid,500,0.49625,0.4865424430641822,0.49625,3.052509899949655
8,0.00025,8,Sigmoid,1000,0.49625,0.4865424430641822,0.49625,2.2761482999194413
8,0.00025,8,GELU,50,0.5175,0.5122498266496712,0.5175,2.2595011999364942
8,0.00025,8,GELU,100,0.5175,0.5122498266496712,0.5175,2.1850961002055556
8,0.00025,8,GELU,300,0.5175,0.5122498266496712,0.5175,2.1194877999369055
8,0.00025,8,GELU,500,0.5175,0.5122498266496712,0.5175,1.8722611998673528
8,0.00025,8,GELU,1000,0.5175,0.5122498266496712,0.5175,2.130428500007838
8,0.00025,8,Softmax,50,0.49625,0.4865424430641822,0.49625,2.2862512001302093
8,0.00025,8,Softmax,100,0.49625,0.4865424430641822,0.49625,2.0511606000363827
8,0.00025,8,Softmax,300,0.49625,0.4865424430641822,0.49625,2.216067200060934
8,0.00025,8,Softmax,500,0.49625,0.4865424430641822,0.49625,2.2947096000425518
8,0.00025,8,Softmax,1000,0.49625,0.4865424430641822,0.49625,2.2308706999756396
8,0.00025,16,ReLU,50,0.515,0.5103452192404041,0.515,1.2874892998952419
8,0.00025,16,ReLU,100,0.515,0.5103452192404041,0.515,1.0503954999148846
8,0.00025,16,ReLU,300,0.515,0.5103452192404041,0.515,1.3732479000464082
8,0.00025,16,ReLU,500,0.515,0.5103452192404041,0.515,1.4222740000113845
8,0.00025,16,ReLU,1000,0.515,0.5103452192404041,0.515,1.0284316998440772
8,0.00025,16,Tanh,50,0.48,0.46052495072102917,0.48,0.9995096002239734
8,0.00025,16,Tanh,100,0.48,0.46052495072102917,0.48,1.3746452999766916
8,0.00025,16,Tanh,300,0.48,0.46052495072102917,0.48,1.2821885999292135
8,0.00025,16,Tanh,500,0.48,0.46052495072102917,0.48,1.0432537999004126
8,0.00025,16,Tanh,1000,0.48,0.46052495072102917,0.48,1.5515475000720471
8,0.00025,16,Sigmoid,50,0.503125,0.4931008717310087,0.503125,1.4434037001337856
8,0.00025,16,Sigmoid,100,0.503125,0.4931008717310087,0.503125,1.17041669995524
8,0.00025,16,Sigmoid,300,0.503125,0.4931008717310087,0.503125,1.8797747001517564
8,0.00025,16,Sigmoid,500,0.503125,0.4931008717310087,0.503125,1.292426100000739
8,0.00025,16,Sigmoid,1000,0.503125,0.4931008717310087,0.503125,1.1999345000367612
8,0.00025,16,GELU,50,0.515,0.5103452192404041,0.515,1.5400274000130594
8,0.00025,16,GELU,100,0.515,0.5103452192404041,0.515,1.3522628999780864
8,0.00025,16,GELU,300,0.515,0.5103452192404041,0.515,1.203002099879086
8,0.00025,16,GELU,500,0.515,0.5103452192404041,0.515,1.7763465999159962
8,0.00025,16,GELU,1000,0.515,0.5103452192404041,0.515,1.1794507000595331
8,0.00025,16,Softmax,50,0.503125,0.4931008717310087,0.503125,1.566774999955669
8,0.00025,16,Softmax,100,0.503125,0.4931008717310087,0.503125,1.5760543998330832
8,0.00025,16,Softmax,300,0.503125,0.4931008717310087,0.503125,1.0499810001347214
8,0.00025,16,Softmax,500,0.503125,0.4931008717310087,0.503125,1.9222454000264406
8,0.00025,16,Softmax,1000,0.503125,0.4931008717310087,0.503125,1.1545637999661267
8,0.00025,32,ReLU,50,0.514375,0.5096536929206252,0.514375,0.521152000175789
8,0.00025,32,ReLU,100,0.514375,0.5096536929206252,0.514375,0.5738007999025285
8,0.00025,32,ReLU,300,0.514375,0.5096536929206252,0.514375,0.9734498001635075
8,0.00025,32,ReLU,500,0.514375,0.5096536929206252,0.514375,0.8595234998501837
8,0.00025,32,ReLU,1000,0.514375,0.5096536929206252,0.514375,0.7282300000078976
8,0.00025,32,Tanh,50,0.48687499999999995,0.4430119754969367,0.486875,0.46350099984556437
8,0.00025,32,Tanh,100,0.48687499999999995,0.4430119754969367,0.486875,0.4141846999991685
8,0.00025,32,Tanh,300,0.48687499999999995,0.4430119754969367,0.486875,0.477859899867326
8,0.00025,32,Tanh,500,0.48687499999999995,0.4430119754969367,0.486875,0.7711714999750257
8,0.00025,32,Tanh,1000,0.48687499999999995,0.4430119754969367,0.486875,0.6991161000914872
8,0.00025,32,Sigmoid,50,0.49375,0.47478991596638653,0.49375,0.9694272000342607
8,0.00025,32,Sigmoid,100,0.49375,0.47478991596638653,0.49375,0.7780869000125676
8,0.00025,32,Sigmoid,300,0.49375,0.47478991596638653,0.49375,0.7052166000939906
8,0.00025,32,Sigmoid,500,0.49375,0.47478991596638653,0.49375,1.2226889999583364
8,0.00025,32,Sigmoid,1000,0.49375,0.47478991596638653,0.49375,1.0821853999514133
8,0.00025,32,GELU,50,0.514375,0.5096536929206252,0.514375,0.7665784999262542
8,0.00025,32,GELU,100,0.514375,0.5096536929206252,0.514375,0.574490699917078
8,0.00025,32,GELU,300,0.514375,0.5096536929206252,0.514375,0.5112491000909358
8,0.00025,32,GELU,500,0.514375,0.5096536929206252,0.514375,0.7339949999004602
8,0.00025,32,GELU,1000,0.514375,0.5096536929206252,0.514375,0.9480065000243485
8,0.00025,32,Softmax,50,0.49375,0.47478991596638653,0.49375,0.8210771998856217
8,0.00025,32,Softmax,100,0.49375,0.47478991596638653,0.49375,1.248462799936533
8,0.00025,32,Softmax,300,0.49375,0.47478991596638653,0.49375,0.7404263999778777
8,0.00025,32,Softmax,500,0.49375,0.47478991596638653,0.49375,0.9477884999942034
8,0.00025,32,Softmax,1000,0.49375,0.47478991596638653,0.49375,0.9577085999771953
8,0.00025,64,ReLU,50,0.516875,0.5136145072495741,0.516875,0.3770140998531133
8,0.00025,64,ReLU,100,0.516875,0.5136145072495741,0.516875,0.3414667001925409
8,0.00025,64,ReLU,300,0.516875,0.5136145072495741,0.516875,0.40143819991499186
8,0.00025,64,ReLU,500,0.516875,0.5136145072495741,0.516875,0.5905015000607818
8,0.00025,64,ReLU,1000,0.516875,0.5136145072495741,0.516875,0.5223014000803232
8,0.00025,64,Tanh,50,0.48875,0.44136271983964787,0.48875,0.4987472998909652
8,0.00025,64,Tanh,100,0.48875,0.44136271983964787,0.48875,0.32017010007984936
8,0.00025,64,Tanh,300,0.48875,0.44136271983964787,0.48875,0.4134888001717627
8,0.00025,64,Tanh,500,0.48875,0.44136271983964787,0.48875,0.5421270998194814
8,0.00025,64,Tanh,1000,0.48875,0.44136271983964787,0.48875,0.5650725001469254
8,0.00025,64,Sigmoid,50,0.491875,0.43160740011509424,0.491875,0.615165599854663
8,0.00025,64,Sigmoid,100,0.491875,0.43160740011509424,0.491875,0.37812589993700385
8,0.00025,64,Sigmoid,300,0.491875,0.43160740011509424,0.491875,0.3221136999782175
8,0.00025,64,Sigmoid,500,0.491875,0.43160740011509424,0.491875,0.7192728000227362
8,0.00025,64,Sigmoid,1000,0.491875,0.43160740011509424,0.491875,0.6120951999910176
8,0.00025,64,GELU,50,0.516875,0.5136145072495741,0.516875,0.5489468998275697
8,0.00025,64,GELU,100,0.516875,0.5136145072495741,0.516875,0.43338129995390773
8,0.00025,64,GELU,300,0.516875,0.5136145072495741,0.516875,0.48332199989818037
8,0.00025,64,GELU,500,0.516875,0.5136145072495741,0.516875,0.4543628999963403
8,0.00025,64,GELU,1000,0.516875,0.5136145072495741,0.516875,0.4692440000362694
8,0.00025,64,Softmax,50,0.491875,0.43160740011509424,0.491875,0.5123919998295605
8,0.00025,64,Softmax,100,0.491875,0.43160740011509424,0.491875,0.31996729993261397
8,0.00025,64,Softmax,300,0.491875,0.43160740011509424,0.491875,0.6029815999791026
8,0.00025,64,Softmax,500,0.491875,0.43160740011509424,0.491875,0.610247999895364
8,0.00025,64,Softmax,1000,0.491875,0.43160740011509424,0.491875,0.5971597000025213
8,0.00025,128,ReLU,50,0.514375,0.5128677442978842,0.514375,0.19170160009525716
8,0.00025,128,ReLU,100,0.514375,0.5128677442978842,0.514375,0.1526119001209736
8,0.00025,128,ReLU,300,0.514375,0.5128677442978842,0.514375,0.17290859995409846
8,0.00025,128,ReLU,500,0.514375,0.5128677442978842,0.514375,0.19565779995173216
8,0.00025,128,ReLU,1000,0.514375,0.5128677442978842,0.514375,0.3102426000405103
8,0.00025,128,Tanh,50,0.49,0.4307996010016811,0.49,0.36931549990549684
8,0.00025,128,Tanh,100,0.49,0.4307996010016811,0.49,0.3509577000513673
8,0.00025,128,Tanh,300,0.49,0.4307996010016811,0.49,0.3796316001098603
8,0.00025,128,Tanh,500,0.49,0.4307996010016811,0.49,0.3900482999160886
8,0.00025,128,Tanh,1000,0.49,0.4307996010016811,0.49,0.2690997999161482
8,0.00025,128,Sigmoid,50,0.5,0.3333333333333333,0.5,0.11085539986379445
8,0.00025,128,Sigmoid,100,0.5,0.3333333333333333,0.5,0.09925269987434149
8,0.00025,128,Sigmoid,300,0.5,0.3333333333333333,0.5,0.1011937998700887
8,0.00025,128,Sigmoid,500,0.5,0.3333333333333333,0.5,0.1521918000653386
8,0.00025,128,Sigmoid,1000,0.5,0.3333333333333333,0.5,0.17064079991541803
8,0.00025,128,GELU,50,0.514375,0.5128677442978842,0.514375,0.36567259998992085
8,0.00025,128,GELU,100,0.514375,0.5128677442978842,0.514375,0.3279554999899119
8,0.00025,128,GELU,300,0.514375,0.5128677442978842,0.514375,0.22969709988683462
8,0.00025,128,GELU,500,0.514375,0.5128677442978842,0.514375,0.2650812999345362
8,0.00025,128,GELU,1000,0.514375,0.5128677442978842,0.514375,0.24065129994414747
8,0.00025,128,Softmax,50,0.5,0.3333333333333333,0.5,0.1422510000411421
8,0.00025,128,Softmax,100,0.5,0.3333333333333333,0.5,0.15382210002280772
8,0.00025,128,Softmax,300,0.5,0.3333333333333333,0.5,0.1263568999711424
8,0.00025,128,Softmax,500,0.5,0.3333333333333333,0.5,0.11066529992967844
8,0.00025,128,Softmax,1000,0.5,0.3333333333333333,0.5,0.1092024000827223
16,0.01,8,ReLU,50,0.7012499999999999,0.7003843917818824,0.70125,2.076227300101891
16,0.01,8,ReLU,100,0.7012499999999999,0.7003843917818824,0.70125,2.0423770998604596
16,0.01,8,ReLU,300,0.7012499999999999,0.7003843917818824,0.70125,1.8067836000118405
16,0.01,8,ReLU,500,0.7012499999999999,0.7003843917818824,0.70125,2.06453699991107
16,0.01,8,ReLU,1000,0.7012499999999999,0.7003843917818824,0.70125,1.8073790001217276
16,0.01,8,Tanh,50,0.7025,0.7016777492964985,0.7025,2.3661932998802513
16,0.01,8,Tanh,100,0.7025,0.7016777492964985,0.7025,2.286236200015992
16,0.01,8,Tanh,300,0.7025,0.7016777492964985,0.7025,1.6775432999711484
16,0.01,8,Tanh,500,0.7025,0.7016777492964985,0.7025,2.4010262000374496
16,0.01,8,Tanh,1000,0.7025,0.7016777492964985,0.7025,2.698816099902615
16,0.01,8,Sigmoid,50,0.7150000000000001,0.713970293054998,0.715,3.0855393998790532
16,0.01,8,Sigmoid,100,0.7150000000000001,0.713970293054998,0.715,3.0992680999916047
16,0.01,8,Sigmoid,300,0.7150000000000001,0.713970293054998,0.715,2.8946972000412643
16,0.01,8,Sigmoid,500,0.7150000000000001,0.713970293054998,0.715,2.8407487000804394
16,0.01,8,Sigmoid,1000,0.7150000000000001,0.713970293054998,0.715,2.799002100015059
16,0.01,8,GELU,50,0.7012499999999999,0.7003843917818824,0.70125,1.8042988998349756
16,0.01,8,GELU,100,0.7012499999999999,0.7003843917818824,0.70125,2.5608365999069065
16,0.01,8,GELU,300,0.7012499999999999,0.7003843917818824,0.70125,2.3649194999597967
16,0.01,8,GELU,500,0.7012499999999999,0.7003843917818824,0.70125,1.5604716001544148
16,0.01,8,GELU,1000,0.7012499999999999,0.7003843917818824,0.70125,2.173434700118378
16,0.01,8,Softmax,50,0.7150000000000001,0.713970293054998,0.715,2.640247599920258
16,0.01,8,Softmax,100,0.7150000000000001,0.713970293054998,0.715,2.826740500051528
16,0.01,8,Softmax,300,0.7150000000000001,0.713970293054998,0.715,2.77321539982222
16,0.01,8,Softmax,500,0.7150000000000001,0.713970293054998,0.715,2.91499980003573
16,0.01,8,Softmax,1000,0.7150000000000001,0.713970293054998,0.715,2.621901299804449
16,0.01,16,ReLU,50,0.70375,0.7028916353652976,0.70375,0.975600500125438
16,0.01,16,ReLU,100,0.70375,0.7028916353652976,0.70375,0.8027331000193954
16,0.01,16,ReLU,300,0.70375,0.7028916353652976,0.70375,0.9327352000400424
16,0.01,16,ReLU,500,0.70375,0.7028916353652976,0.70375,1.1409710999578238
16,0.01,16,ReLU,1000,0.70375,0.7028916353652976,0.70375,0.7383991999085993
16,0.01,16,Tanh,50,0.70875,0.7076532428689506,0.70875,1.140822899993509
16,0.01,16,Tanh,100,0.70875,0.7076532428689506,0.70875,0.8456842000596225
16,0.01,16,Tanh,300,0.70875,0.7076532428689506,0.70875,0.9738584000151604
16,0.01,16,Tanh,500,0.70875,0.7076532428689506,0.70875,1.18447110010311
16,0.01,16,Tanh,1000,0.70875,0.7076532428689506,0.70875,0.8702243000734597
16,0.01,16,Sigmoid,50,0.715625,0.7139892643827452,0.715625,1.6002428999636322
16,0.01,16,Sigmoid,100,0.715625,0.7139892643827452,0.715625,1.784050399903208
16,0.01,16,Sigmoid,300,0.715625,0.7139892643827452,0.715625,1.6098759002052248
16,0.01,16,Sigmoid,500,0.715625,0.7139892643827452,0.715625,1.8039685001131147
16,0.01,16,Sigmoid,1000,0.715625,0.7139892643827452,0.715625,1.9055578000843525
16,0.01,16,GELU,50,0.70375,0.7028916353652976,0.70375,0.9005554998293519
16,0.01,16,GELU,100,0.70375,0.7028916353652976,0.70375,1.0427866999525577
16,0.01,16,GELU,300,0.70375,0.7028916353652976,0.70375,1.0679736000020057
16,0.01,16,GELU,500,0.70375,0.7028916353652976,0.70375,0.9522832001093775
16,0.01,16,GELU,1000,0.70375,0.7028916353652976,0.70375,1.1492184000089765
16,0.01,16,Softmax,50,0.715625,0.7139892643827452,0.715625,1.7870607001241297
16,0.01,16,Softmax,100,0.715625,0.7139892643827452,0.715625,1.5257275998592377
16,0.01,16,Softmax,300,0.715625,0.7139892643827452,0.715625,1.4171905999537557
16,0.01,16,Softmax,500,0.715625,0.7139892643827452,0.715625,1.7580249002203345
16,0.01,16,Softmax,1000,0.715625,0.7139892643827452,0.715625,1.3707278000656515
16,0.01,32,ReLU,50,0.70625,0.7055137844611529,0.70625,0.6425882000476122
16,0.01,32,ReLU,100,0.70625,0.7055137844611529,0.70625,0.4485171001870185
16,0.01,32,ReLU,300,0.70625,0.7055137844611529,0.70625,0.7641517999581993
16,0.01,32,ReLU,500,0.70625,0.7055137844611529,0.70625,0.42429710016585886
16,0.01,32,ReLU,1000,0.70625,0.7055137844611529,0.70625,0.6821675999090075
16,0.01,32,Tanh,50,0.7137500000000001,0.7127157767964674,0.71375,0.6074101999402046
16,0.01,32,Tanh,100,0.7137500000000001,0.7127157767964674,0.71375,0.7227316000498831
16,0.01,32,Tanh,300,0.7137500000000001,0.7127157767964674,0.71375,0.5716359000653028
16,0.01,32,Tanh,500,0.7137500000000001,0.7127157767964674,0.71375,0.6858167999889702
16,0.01,32,Tanh,1000,0.7137500000000001,0.7127157767964674,0.71375,0.6259749000892043
16,0.01,32,Sigmoid,50,0.671875,0.6716994361437816,0.671875,0.9088818999007344
16,0.01,32,Sigmoid,100,0.671875,0.6716994361437816,0.671875,0.9280473999679089
16,0.01,32,Sigmoid,300,0.671875,0.6716994361437816,0.671875,0.9532188000157475
16,0.01,32,Sigmoid,500,0.671875,0.6716994361437816,0.671875,1.000939500052482
16,0.01,32,Sigmoid,1000,0.671875,0.6716994361437816,0.671875,0.8672666000202298
16,0.01,32,GELU,50,0.70625,0.7055137844611529,0.70625,0.7957574999891222
16,0.01,32,GELU,100,0.70625,0.7055137844611529,0.70625,0.45847780001349747
16,0.01,32,GELU,300,0.70625,0.7055137844611529,0.70625,0.5888970999512821
16,0.01,32,GELU,500,0.70625,0.7055137844611529,0.70625,0.6368248998187482
16,0.01,32,GELU,1000,0.70625,0.7055137844611529,0.70625,0.5945510999299586
16,0.01,32,Softmax,50,0.671875,0.6716994361437816,0.671875,1.0203736999537796
16,0.01,32,Softmax,100,0.671875,0.6716994361437816,0.671875,0.8049844999331981
16,0.01,32,Softmax,300,0.671875,0.6716994361437816,0.671875,0.9532395999412984
16,0.01,32,Softmax,500,0.671875,0.6716994361437816,0.671875,0.8841168000362813
16,0.01,32,Softmax,1000,0.671875,0.6716994361437816,0.671875,0.8713358999229968
16,0.01,64,ReLU,50,0.711875,0.7109807337468785,0.711875,0.4080717000178993
16,0.01,64,ReLU,100,0.711875,0.7109807337468785,0.711875,0.4880188999231905
16,0.01,64,ReLU,300,0.711875,0.7109807337468785,0.711875,0.5662445998750627
16,0.01,64,ReLU,500,0.711875,0.7109807337468785,0.711875,0.39661050005815923
16,0.01,64,ReLU,1000,0.711875,0.7109807337468785,0.711875,0.597933900076896
16,0.01,64,Tanh,50,0.715625,0.7150951437419357,0.715625,0.35479629994370043
16,0.01,64,Tanh,100,0.715625,0.7150951437419357,0.715625,0.5550337000750005
16,0.01,64,Tanh,300,0.715625,0.7150951437419357,0.715625,0.35906810010783374
16,0.01,64,Tanh,500,0.715625,0.7150951437419357,0.715625,0.7003629999235272
16,0.01,64,Tanh,1000,0.715625,0.7150951437419357,0.715625,0.3628038000315428
16,0.01,64,Sigmoid,50,0.598125,0.5926794746167018,0.598125,0.6584107000380754
16,0.01,64,Sigmoid,100,0.598125,0.5926794746167018,0.598125,0.4948841000441462
16,0.01,64,Sigmoid,300,0.598125,0.5926794746167018,0.598125,0.647487899987027
16,0.01,64,Sigmoid,500,0.598125,0.5926794746167018,0.598125,0.42991039995104074
16,0.01,64,Sigmoid,1000,0.598125,0.5926794746167018,0.598125,0.7737662999425083
16,0.01,64,GELU,50,0.711875,0.7109807337468785,0.711875,0.40047869994305074
16,0.01,64,GELU,100,0.711875,0.7109807337468785,0.711875,0.7234521000646055
16,0.01,64,GELU,300,0.711875,0.7109807337468785,0.711875,0.7358023000415415
16,0.01,64,GELU,500,0.711875,0.7109807337468785,0.711875,0.6494682999327779
16,0.01,64,GELU,1000,0.711875,0.7109807337468785,0.711875,0.7264719000086188
16,0.01,64,Softmax,50,0.598125,0.5926794746167018,0.598125,0.625430999789387
16,0.01,64,Softmax,100,0.598125,0.5926794746167018,0.598125,0.564805299974978
16,0.01,64,Softmax,300,0.598125,0.5926794746167018,0.598125,0.6953459999058396
16,0.01,64,Softmax,500,0.598125,0.5926794746167018,0.598125,0.6033630000893027
16,0.01,64,Softmax,1000,0.598125,0.5926794746167018,0.598125,0.6099025998264551
16,0.01,128,ReLU,50,0.7112499999999999,0.7108433734939759,0.71125,0.3741736002266407
16,0.01,128,ReLU,100,0.7112499999999999,0.7108433734939759,0.71125,0.3073489998932928
16,0.01,128,ReLU,300,0.7112499999999999,0.7108433734939759,0.71125,0.317427400033921
16,0.01,128,ReLU,500,0.7112499999999999,0.7108433734939759,0.71125,0.22552430001087487
16,0.01,128,ReLU,1000,0.7112499999999999,0.7108433734939759,0.71125,0.23897020006552339
16,0.01,128,Tanh,50,0.709375,0.7088945623147578,0.709375,0.6142808001022786
16,0.01,128,Tanh,100,0.709375,0.7088945623147578,0.709375,0.4629146000370383
16,0.01,128,Tanh,300,0.709375,0.7088945623147578,0.709375,0.504331500036642
16,0.01,128,Tanh,500,0.709375,0.7088945623147578,0.709375,0.5310390999075025
16,0.01,128,Tanh,1000,0.709375,0.7088945623147578,0.709375,0.43424660013988614
16,0.01,128,Sigmoid,50,0.535,0.5336526934847708,0.535,0.45342419994995
16,0.01,128,Sigmoid,100,0.535625,0.5339119443297652,0.535625,0.5697468998841941
16,0.01,128,Sigmoid,300,0.535625,0.5339119443297652,0.535625,0.5727472000289708
16,0.01,128,Sigmoid,500,0.535625,0.5339119443297652,0.535625,0.5053989000152797
16,0.01,128,Sigmoid,1000,0.535625,0.5339119443297652,0.535625,0.5398458000272512
16,0.01,128,GELU,50,0.7112499999999999,0.7108433734939759,0.71125,0.42255389993079007
16,0.01,128,GELU,100,0.7112499999999999,0.7108433734939759,0.71125,0.3618415000382811
16,0.01,128,GELU,300,0.7112499999999999,0.7108433734939759,0.71125,0.3334945999085903
16,0.01,128,GELU,500,0.7112499999999999,0.7108433734939759,0.71125,0.34520149999298155
16,0.01,128,GELU,1000,0.7112499999999999,0.7108433734939759,0.71125,0.34620429994538426
16,0.01,128,Softmax,50,0.535,0.5336526934847708,0.535,0.37120719999074936
16,0.01,128,Softmax,100,0.535625,0.5339119443297652,0.535625,0.3256443999707699
16,0.01,128,Softmax,300,0.535625,0.5339119443297652,0.535625,0.3483827000018209
16,0.01,128,Softmax,500,0.535625,0.5339119443297652,0.535625,0.35163900000043213
16,0.01,128,Softmax,1000,0.535625,0.5339119443297652,0.535625,0.3420179998502135
16,0.001,8,ReLU,50,0.703125,0.7027477450874176,0.703125,2.901517199818045
16,0.001,8,ReLU,100,0.703125,0.7027477450874176,0.703125,4.350988500053063
16,0.001,8,ReLU,300,0.703125,0.7027477450874176,0.703125,5.134388700127602
16,0.001,8,ReLU,500,0.703125,0.7027477450874176,0.703125,3.438415199983865
16,0.001,8,ReLU,1000,0.703125,0.7027477450874176,0.703125,2.9805030999705195
16,0.001,8,Tanh,50,0.6125,0.6124509508234636,0.6125,4.792673800140619
16,0.001,8,Tanh,100,0.6125,0.6124509508234636,0.6125,3.4951075999997556
16,0.001,8,Tanh,300,0.6125,0.6124509508234636,0.6125,2.8331770000513643
16,0.001,8,Tanh,500,0.6125,0.6124509508234636,0.6125,3.355461100116372
16,0.001,8,Tanh,1000,0.6125,0.6124509508234636,0.6125,4.364286900032312
16,0.001,8,Sigmoid,50,0.485,0.48436835123025707,0.485,1.508752099936828
16,0.001,8,Sigmoid,100,0.485,0.48436835123025707,0.485,1.2939468999393284
16,0.001,8,Sigmoid,300,0.485,0.48436835123025707,0.485,1.1555040997918695
16,0.001,8,Sigmoid,500,0.485,0.48436835123025707,0.485,1.2361615002155304
16,0.001,8,Sigmoid,1000,0.485,0.48436835123025707,0.485,1.1670780999120325
16,0.001,8,GELU,50,0.703125,0.7027477450874176,0.703125,4.4715330000035465
16,0.001,8,GELU,100,0.703125,0.7027477450874176,0.703125,4.525270299986005
16,0.001,8,GELU,300,0.703125,0.7027477450874176,0.703125,3.9508731001988053
16,0.001,8,GELU,500,0.703125,0.7027477450874176,0.703125,5.630652700085193
16,0.001,8,GELU,1000,0.703125,0.7027477450874176,0.703125,3.640033100033179
16,0.001,8,Softmax,50,0.485,0.48436835123025707,0.485,1.2810714000370353
16,0.001,8,Softmax,100,0.485,0.48436835123025707,0.485,2.305875200079754
16,0.001,8,Softmax,300,0.485,0.48436835123025707,0.485,1.8742875999305397
16,0.001,8,Softmax,500,0.485,0.48436835123025707,0.485,1.7004718999378383
16,0.001,8,Softmax,1000,0.485,0.48436835123025707,0.485,1.9103256999514997
16,0.001,16,ReLU,50,0.669375,0.6691980985144008,0.669375,1.7707197999116033
16,0.001,16,ReLU,100,0.670625,0.6705311786051575,0.670625,1.7702887998893857
16,0.001,16,ReLU,300,0.670625,0.6705311786051575,0.670625,2.1111585998442024
16,0.001,16,ReLU,500,0.670625,0.6705311786051575,0.670625,3.230926000047475
16,0.001,16,ReLU,1000,0.670625,0.6705311786051575,0.670625,2.9319675997830927
16,0.001,16,Tanh,50,0.548125,0.5480316049683704,0.548125,1.5960280001163483
16,0.001,16,Tanh,100,0.555625,0.5555484362735925,0.555625,1.7046809000894427
16,0.001,16,Tanh,300,0.555625,0.5555484362735925,0.555625,2.2706624001730233
16,0.001,16,Tanh,500,0.555625,0.5555484362735925,0.555625,3.015524599933997
16,0.001,16,Tanh,1000,0.555625,0.5555484362735925,0.555625,2.566967000020668
16,0.001,16,Sigmoid,50,0.490625,0.48973023399234045,0.490625,1.00236799987033
16,0.001,16,Sigmoid,100,0.490625,0.48973023399234045,0.490625,0.8288609001319855
16,0.001,16,Sigmoid,300,0.490625,0.48973023399234045,0.490625,0.6928140998352319
16,0.001,16,Sigmoid,500,0.490625,0.48973023399234045,0.490625,0.6831938999239355
16,0.001,16,Sigmoid,1000,0.490625,0.48973023399234045,0.490625,0.7020514998584986
16,0.001,16,GELU,50,0.669375,0.6691980985144008,0.669375,1.5922813001088798
16,0.001,16,GELU,100,0.670625,0.6705311786051575,0.670625,3.149961000075564
16,0.001,16,GELU,300,0.670625,0.6705311786051575,0.670625,3.53497749986127
16,0.001,16,GELU,500,0.670625,0.6705311786051575,0.670625,2.329596599796787
16,0.001,16,GELU,1000,0.670625,0.6705311786051575,0.670625,3.225306099979207
16,0.001,16,Softmax,50,0.490625,0.48973023399234045,0.490625,1.172034300165251
16,0.001,16,Softmax,100,0.490625,0.48973023399234045,0.490625,1.2550293998792768
16,0.001,16,Softmax,300,0.490625,0.48973023399234045,0.490625,1.203278600005433
16,0.001,16,Softmax,500,0.490625,0.48973023399234045,0.490625,1.264344499912113
16,0.001,16,Softmax,1000,0.490625,0.48973023399234045,0.490625,0.8975740999449044
16,0.001,32,ReLU,50,0.676875,0.6767203056149915,0.676875,1.0142783999908715
16,0.001,32,ReLU,100,0.681875,0.681739615015919,0.681875,1.2207657999824733
16,0.001,32,ReLU,300,0.681875,0.681739615015919,0.681875,1.3503902000375092
16,0.001,32,ReLU,500,0.681875,0.681739615015919,0.681875,2.198959199944511
16,0.001,32,ReLU,1000,0.681875,0.681739615015919,0.681875,2.125521200010553
16,0.001,32,Tanh,50,0.486875,0.4868170664578931,0.486875,0.9862218000926077
16,0.001,32,Tanh,100,0.5018750000000001,0.5017331107178568,0.501875,1.539367200108245
16,0.001,32,Tanh,300,0.5018750000000001,0.5017331107178568,0.501875,1.4946296999696642
16,0.001,32,Tanh,500,0.5018750000000001,0.5017331107178568,0.501875,1.0454786999616772
16,0.001,32,Tanh,1000,0.5018750000000001,0.5017331107178568,0.501875,0.9285903999116272
16,0.001,32,Sigmoid,50,0.49875,0.49095444454846804,0.49875,0.36999549996107817
16,0.001,32,Sigmoid,100,0.49875,0.49095444454846804,0.49875,0.3696349000092596
16,0.001,32,Sigmoid,300,0.49875,0.49095444454846804,0.49875,0.372515199938789
16,0.001,32,Sigmoid,500,0.49875,0.49095444454846804,0.49875,0.5127250000368804
16,0.001,32,Sigmoid,1000,0.49875,0.49095444454846804,0.49875,0.7298624000977725
16,0.001,32,GELU,50,0.676875,0.6767203056149915,0.676875,1.7218310998287052
16,0.001,32,GELU,100,0.681875,0.681739615015919,0.681875,2.2209210998844355
16,0.001,32,GELU,300,0.681875,0.681739615015919,0.681875,2.0931150000542402
16,0.001,32,GELU,500,0.681875,0.681739615015919,0.681875,2.1614209001418203
16,0.001,32,GELU,1000,0.681875,0.681739615015919,0.681875,1.5552642999682575
16,0.001,32,Softmax,50,0.49875,0.49095444454846804,0.49875,0.4621510000433773
16,0.001,32,Softmax,100,0.49875,0.49095444454846804,0.49875,0.45910850004293025
16,0.001,32,Softmax,300,0.49875,0.49095444454846804,0.49875,0.373601800063625
16,0.001,32,Softmax,500,0.49875,0.49095444454846804,0.49875,0.34009880013763905
16,0.001,32,Softmax,1000,0.49875,0.49095444454846804,0.49875,0.4021989998873323
16,0.001,64,ReLU,50,0.58125,0.581102731429018,0.58125,0.46479379991069436
16,0.001,64,ReLU,100,0.59375,0.5935442317673323,0.59375,0.6228542001917958
16,0.001,64,ReLU,300,0.59375,0.5935442317673323,0.59375,1.0321168000809848
16,0.001,64,ReLU,500,0.59375,0.5935442317673323,0.59375,1.244827999966219
16,0.001,64,ReLU,1000,0.59375,0.5935442317673323,0.59375,1.014543800149113
16,0.001,64,Tanh,50,0.480625,0.4805355141256755,0.480625,0.7792552998289466
16,0.001,64,Tanh,100,0.5025,0.5024222534771058,0.5025,1.10528580006212
16,0.001,64,Tanh,300,0.5025,0.5024222534771058,0.5025,1.226109400158748
16,0.001,64,Tanh,500,0.5025,0.5024222534771058,0.5025,1.4059274999890476
16,0.001,64,Tanh,1000,0.5025,0.5024222534771058,0.5025,1.0491009999532253
16,0.001,64,Sigmoid,50,0.506875,0.49542730999684637,0.506875,0.32105849985964596
16,0.001,64,Sigmoid,100,0.506875,0.49542730999684637,0.506875,0.2967302999459207
16,0.001,64,Sigmoid,300,0.506875,0.49542730999684637,0.506875,0.26694880006834865
16,0.001,64,Sigmoid,500,0.506875,0.49542730999684637,0.506875,0.3114257000852376
16,0.001,64,Sigmoid,1000,0.506875,0.49542730999684637,0.506875,0.2691329999361187
16,0.001,64,GELU,50,0.58125,0.581102731429018,0.58125,0.453815900022164
16,0.001,64,GELU,100,0.59375,0.5935442317673323,0.59375,0.6565024999435991
16,0.001,64,GELU,300,0.59375,0.5935442317673323,0.59375,0.6792402998544276
16,0.001,64,GELU,500,0.59375,0.5935442317673323,0.59375,0.5350669000763446
16,0.001,64,GELU,1000,0.59375,0.5935442317673323,0.59375,1.0367725000251085
16,0.001,64,Softmax,50,0.506875,0.49542730999684637,0.506875,0.5195553998928517
16,0.001,64,Softmax,100,0.506875,0.49542730999684637,0.506875,0.6397526999935508
16,0.001,64,Softmax,300,0.506875,0.49542730999684637,0.506875,0.5292062000371516
16,0.001,64,Softmax,500,0.506875,0.49542730999684637,0.506875,0.4952513000462204
16,0.001,64,Softmax,1000,0.506875,0.49542730999684637,0.506875,0.5654098000377417
16,0.001,128,ReLU,50,0.53125,0.531085147122035,0.53125,0.4496111001353711
16,0.001,128,ReLU,100,0.53125,0.531085147122035,0.53125,0.5558199998922646
16,0.001,128,ReLU,300,0.53125,0.531085147122035,0.53125,0.68690439988859
16,0.001,128,ReLU,500,0.53125,0.531085147122035,0.53125,0.4403794000390917
16,0.001,128,ReLU,1000,0.53125,0.531085147122035,0.53125,0.42299490002915263
16,0.001,128,Tanh,50,0.48625,0.4855265216711,0.48625,0.24656370002776384
16,0.001,128,Tanh,100,0.48625,0.4855265216711,0.48625,0.20072109997272491
16,0.001,128,Tanh,300,0.48625,0.4855265216711,0.48625,0.19845950021408498
16,0.001,128,Tanh,500,0.48625,0.4855265216711,0.48625,0.17545340000651777
16,0.001,128,Tanh,1000,0.48625,0.4855265216711,0.48625,0.14260930009186268
16,0.001,128,Sigmoid,50,0.49124999999999996,0.4867389162561576,0.49125,0.28955470002256334
16,0.001,128,Sigmoid,100,0.49124999999999996,0.4867389162561576,0.49125,0.4319693997967988
16,0.001,128,Sigmoid,300,0.49124999999999996,0.4867389162561576,0.49125,0.48432080005295575
16,0.001,128,Sigmoid,500,0.49124999999999996,0.4867389162561576,0.49125,0.3588631001766771
16,0.001,128,Sigmoid,1000,0.49124999999999996,0.4867389162561576,0.49125,0.36479899985715747
16,0.001,128,GELU,50,0.53125,0.531085147122035,0.53125,0.5537914000451565
16,0.001,128,GELU,100,0.53125,0.531085147122035,0.53125,0.5716605999041349
16,0.001,128,GELU,300,0.53125,0.531085147122035,0.53125,0.649566600099206
16,0.001,128,GELU,500,0.53125,0.531085147122035,0.53125,0.6419194000773132
16,0.001,128,GELU,1000,0.53125,0.531085147122035,0.53125,0.48911959980614483
16,0.001,128,Softmax,50,0.49124999999999996,0.4867389162561576,0.49125,0.383103400003165
16,0.001,128,Softmax,100,0.49124999999999996,0.4867389162561576,0.49125,0.33603270002640784
16,0.001,128,Softmax,300,0.49124999999999996,0.4867389162561576,0.49125,0.40030550002120435
16,0.001,128,Softmax,500,0.49124999999999996,0.4867389162561576,0.49125,0.292094900039956
16,0.001,128,Softmax,1000,0.49124999999999996,0.4867389162561576,0.49125,0.26845249999314547
16,0.0001,8,ReLU,50,0.49124999999999996,0.49107107967644875,0.49125,2.3886324998456985
16,0.0001,8,ReLU,100,0.49124999999999996,0.49107107967644875,0.49125,1.877880800049752
16,0.0001,8,ReLU,300,0.49124999999999996,0.49107107967644875,0.49125,2.6125989998690784
16,0.0001,8,ReLU,500,0.49124999999999996,0.49107107967644875,0.49125,3.602192400023341
16,0.0001,8,ReLU,1000,0.49124999999999996,0.49107107967644875,0.49125,2.909005200024694
16,0.0001,8,Tanh,50,0.48,0.47863059066078245,0.48,1.2397125998977572
16,0.0001,8,Tanh,100,0.48,0.47863059066078245,0.48,1.1196796998847276
16,0.0001,8,Tanh,300,0.48,0.47863059066078245,0.48,1.1211379000451416
16,0.0001,8,Tanh,500,0.48,0.47863059066078245,0.48,1.5195639000739902
16,0.0001,8,Tanh,1000,0.48,0.47863059066078245,0.48,2.2237283000722528
16,0.0001,8,Sigmoid,50,0.5037499999999999,0.47101843940446264,0.50375,2.370224899845198
16,0.0001,8,Sigmoid,100,0.5037499999999999,0.47101843940446264,0.50375,2.0565452000591904
16,0.0001,8,Sigmoid,300,0.5037499999999999,0.47101843940446264,0.50375,1.6559853998478502
16,0.0001,8,Sigmoid,500,0.5037499999999999,0.47101843940446264,0.50375,1.4376778998412192
16,0.0001,8,Sigmoid,1000,0.5037499999999999,0.47101843940446264,0.50375,1.3591957001481205
16,0.0001,8,GELU,50,0.49124999999999996,0.49107107967644875,0.49125,2.491738800192252
16,0.0001,8,GELU,100,0.49124999999999996,0.49107107967644875,0.49125,3.4376642999704927
16,0.0001,8,GELU,300,0.49124999999999996,0.49107107967644875,0.49125,2.614845500094816
16,0.0001,8,GELU,500,0.49124999999999996,0.49107107967644875,0.49125,1.9389862001407892
16,0.0001,8,GELU,1000,0.49124999999999996,0.49107107967644875,0.49125,1.902104200096801
16,0.0001,8,Softmax,50,0.5037499999999999,0.47101843940446264,0.50375,1.981797199929133
16,0.0001,8,Softmax,100,0.5037499999999999,0.47101843940446264,0.50375,3.307163199875504
16,0.0001,8,Softmax,300,0.5037499999999999,0.47101843940446264,0.50375,2.5940056999679655
16,0.0001,8,Softmax,500,0.5037499999999999,0.47101843940446264,0.50375,1.7666844001505524
16,0.0001,8,Softmax,1000,0.5037499999999999,0.47101843940446264,0.50375,2.597448700107634
16,0.0001,16,ReLU,50,0.49875,0.4985494197679071,0.49875,1.7950405001174659
16,0.0001,16,ReLU,100,0.49875,0.4985494197679071,0.49875,1.9890126001555473
16,0.0001,16,ReLU,300,0.49875,0.4985494197679071,0.49875,1.7839383000973612
16,0.0001,16,ReLU,500,0.49875,0.4985494197679071,0.49875,1.179311899933964
16,0.0001,16,ReLU,1000,0.49875,0.4985494197679071,0.49875,1.173579900059849
16,0.0001,16,Tanh,50,0.484375,0.48284596135997404,0.484375,0.6443637998308986
16,0.0001,16,Tanh,100,0.484375,0.48284596135997404,0.484375,1.0813768999651074
16,0.0001,16,Tanh,300,0.484375,0.48284596135997404,0.484375,1.3182378001511097
16,0.0001,16,Tanh,500,0.484375,0.48284596135997404,0.484375,1.2368353998754174
16,0.0001,16,Tanh,1000,0.484375,0.48284596135997404,0.484375,1.261420700000599
16,0.0001,16,Sigmoid,50,0.505,0.4637016772865472,0.505,1.4477113999892026
16,0.0001,16,Sigmoid,100,0.505,0.4637016772865472,0.505,1.617112800013274
16,0.0001,16,Sigmoid,300,0.505,0.4637016772865472,0.505,1.4956940000411123
16,0.0001,16,Sigmoid,500,0.505,0.4637016772865472,0.505,1.0067246998660266
16,0.0001,16,Sigmoid,1000,0.505,0.4637016772865472,0.505,0.894835100043565
16,0.0001,16,GELU,50,0.49875,0.4985494197679071,0.49875,1.0946326998528093
16,0.0001,16,GELU,100,0.49875,0.4985494197679071,0.49875,0.9882747000083327
16,0.0001,16,GELU,300,0.49875,0.4985494197679071,0.49875,1.502911499934271
16,0.0001,16,GELU,500,0.49875,0.4985494197679071,0.49875,1.8051128999795765
16,0.0001,16,GELU,1000,0.49875,0.4985494197679071,0.49875,1.4954701999668032
16,0.0001,16,Softmax,50,0.505,0.4637016772865472,0.505,1.3840332000982016
16,0.0001,16,Softmax,100,0.505,0.4637016772865472,0.505,1.4055856000632048
16,0.0001,16,Softmax,300,0.505,0.4637016772865472,0.505,1.5172703999560326
16,0.0001,16,Softmax,500,0.505,0.4637016772865472,0.505,1.0467654999811202
16,0.0001,16,Softmax,1000,0.505,0.4637016772865472,0.505,0.9235767000354826
16,0.0001,32,ReLU,50,0.5018750000000001,0.5017113043777273,0.501875,0.45842209993861616
16,0.0001,32,ReLU,100,0.5018750000000001,0.5017113043777273,0.501875,0.44515080004930496
16,0.0001,32,ReLU,300,0.5018750000000001,0.5017113043777273,0.501875,0.4562591998837888
16,0.0001,32,ReLU,500,0.5018750000000001,0.5017113043777273,0.501875,0.48626989987678826
16,0.0001,32,ReLU,1000,0.5018750000000001,0.5017113043777273,0.501875,0.4962313000578433
16,0.0001,32,Tanh,50,0.4825,0.4805512555697233,0.4825,0.9485254001338035
16,0.0001,32,Tanh,100,0.4825,0.4805512555697233,0.4825,0.7530353998299688
16,0.0001,32,Tanh,300,0.4825,0.4805512555697233,0.4825,0.9216819000430405
16,0.0001,32,Tanh,500,0.4825,0.4805512555697233,0.4825,0.9561093000229448
16,0.0001,32,Tanh,1000,0.4825,0.4805512555697233,0.4825,0.8802672000601888
16,0.0001,32,Sigmoid,50,0.505,0.453769559032717,0.505,0.9630026000086218
16,0.0001,32,Sigmoid,100,0.505,0.453769559032717,0.505,0.9677100998815149
16,0.0001,32,Sigmoid,300,0.505,0.453769559032717,0.505,0.9356969001237303
16,0.0001,32,Sigmoid,500,0.505,0.453769559032717,0.505,0.9150339001789689
16,0.0001,32,Sigmoid,1000,0.505,0.453769559032717,0.505,0.9997892000246793
16,0.0001,32,GELU,50,0.5018750000000001,0.5017113043777273,0.501875,0.6062741000205278
16,0.0001,32,GELU,100,0.5018750000000001,0.5017113043777273,0.501875,0.525746300118044
16,0.0001,32,GELU,300,0.5018750000000001,0.5017113043777273,0.501875,0.532852099975571
16,0.0001,32,GELU,500,0.5018750000000001,0.5017113043777273,0.501875,0.4995403001084924
16,0.0001,32,GELU,1000,0.5018750000000001,0.5017113043777273,0.501875,0.4676798000000417
16,0.0001,32,Softmax,50,0.505,0.453769559032717,0.505,0.48733070003800094
16,0.0001,32,Softmax,100,0.505,0.453769559032717,0.505,0.44747649994678795
16,0.0001,32,Softmax,300,0.505,0.453769559032717,0.505,0.46672630007378757
16,0.0001,32,Softmax,500,0.505,0.453769559032717,0.505,0.5825734999962151
16,0.0001,32,Softmax,1000,0.505,0.453769559032717,0.505,0.9189064998645335
16,0.0001,64,ReLU,50,0.5,0.49986793387628925,0.5,0.5993145999964327
16,0.0001,64,ReLU,100,0.5,0.49986793387628925,0.5,0.5364000999834388
16,0.0001,64,ReLU,300,0.5,0.49986793387628925,0.5,0.6188091998919845
16,0.0001,64,ReLU,500,0.5,0.49986793387628925,0.5,0.5927085999865085
16,0.0001,64,ReLU,1000,0.5,0.49986793387628925,0.5,0.3766234000213444
16,0.0001,64,Tanh,50,0.48375,0.48010341284415214,0.48375,0.41182900010608137
16,0.0001,64,Tanh,100,0.48375,0.48010341284415214,0.48375,0.6026267998386174
16,0.0001,64,Tanh,300,0.48375,0.48010341284415214,0.48375,0.5666089002043009
16,0.0001,64,Tanh,500,0.48375,0.48010341284415214,0.48375,0.4917222000658512
16,0.0001,64,Tanh,1000,0.48375,0.48010341284415214,0.48375,0.5820015000645071
16,0.0001,64,Sigmoid,50,0.50625,0.42793419070791333,0.50625,0.4763898001983762
16,0.0001,64,Sigmoid,100,0.50625,0.42793419070791333,0.50625,0.4681603000499308
16,0.0001,64,Sigmoid,300,0.50625,0.42793419070791333,0.50625,0.561303400201723
16,0.0001,64,Sigmoid,500,0.50625,0.42793419070791333,0.50625,0.42040059994906187
16,0.0001,64,Sigmoid,1000,0.50625,0.42793419070791333,0.50625,0.35356589988805354
16,0.0001,64,GELU,50,0.5,0.49986793387628925,0.5,0.375141000142321
16,0.0001,64,GELU,100,0.5,0.49986793387628925,0.5,0.31158750015310943
16,0.0001,64,GELU,300,0.5,0.49986793387628925,0.5,0.30869209999218583
16,0.0001,64,GELU,500,0.5,0.49986793387628925,0.5,0.29001029999926686
16,0.0001,64,GELU,1000,0.5,0.49986793387628925,0.5,0.26463679992593825
16,0.0001,64,Softmax,50,0.50625,0.42793419070791333,0.50625,0.38156879995949566
16,0.0001,64,Softmax,100,0.50625,0.42793419070791333,0.50625,0.5146200999151915
16,0.0001,64,Softmax,300,0.50625,0.42793419070791333,0.50625,0.4073220998980105
16,0.0001,64,Softmax,500,0.50625,0.42793419070791333,0.50625,0.4044003998860717
16,0.0001,64,Softmax,1000,0.50625,0.42793419070791333,0.50625,0.5465144999325275
16,0.0001,128,ReLU,50,0.49624999999999997,0.49623032149693347,0.49625,0.38404460018500686
16,0.0001,128,ReLU,100,0.49624999999999997,0.49623032149693347,0.49625,0.3865361998323351
16,0.0001,128,ReLU,300,0.49624999999999997,0.49623032149693347,0.49625,0.31664289999753237
16,0.0001,128,ReLU,500,0.49624999999999997,0.49623032149693347,0.49625,0.35060680005699396
16,0.0001,128,ReLU,1000,0.49624999999999997,0.49623032149693347,0.49625,0.4501998999621719
16,0.0001,128,Tanh,50,0.480625,0.47476514346188076,0.480625,0.2946993000805378
16,0.0001,128,Tanh,100,0.480625,0.47476514346188076,0.480625,0.25034749996848404
16,0.0001,128,Tanh,300,0.480625,0.47476514346188076,0.480625,0.27169100008904934
16,0.0001,128,Tanh,500,0.480625,0.47476514346188076,0.480625,0.24399900017306209
16,0.0001,128,Tanh,1000,0.480625,0.47476514346188076,0.480625,0.20871759997680783
16,0.0001,128,Sigmoid,50,0.50625,0.3834759858043395,0.50625,0.1737738000229001
16,0.0001,128,Sigmoid,100,0.50625,0.3834759858043395,0.50625,0.15292149991728365
16,0.0001,128,Sigmoid,300,0.50625,0.3834759858043395,0.50625,0.16165679995901883
16,0.0001,128,Sigmoid,500,0.50625,0.3834759858043395,0.50625,0.15250969980843365
16,0.0001,128,Sigmoid,1000,0.50625,0.3834759858043395,0.50625,0.1315790000371635
16,0.0001,128,GELU,50,0.49624999999999997,0.49623032149693347,0.49625,0.21168399997986853
16,0.0001,128,GELU,100,0.49624999999999997,0.49623032149693347,0.49625,0.35154880001209676
16,0.0001,128,GELU,300,0.49624999999999997,0.49623032149693347,0.49625,0.4596156000625342
16,0.0001,128,GELU,500,0.49624999999999997,0.49623032149693347,0.49625,0.32341820001602173
16,0.0001,128,GELU,1000,0.49624999999999997,0.49623032149693347,0.49625,0.3670937998685986
16,0.0001,128,Softmax,50,0.50625,0.3834759858043395,0.50625,0.28785820002667606
16,0.0001,128,Softmax,100,0.50625,0.3834759858043395,0.50625,0.29626059997826815
16,0.0001,128,Softmax,300,0.50625,0.3834759858043395,0.50625,0.305665299994871
16,0.0001,128,Softmax,500,0.50625,0.3834759858043395,0.50625,0.3535539999138564
16,0.0001,128,Softmax,1000,0.50625,0.3834759858043395,0.50625,0.24698789999820292
16,0.00025,8,ReLU,50,0.5393749999999999,0.5393100355167271,0.539375,3.8955434998497367
16,0.00025,8,ReLU,100,0.5431250000000001,0.5430462825822729,0.543125,5.636657899944112
16,0.00025,8,ReLU,300,0.5431250000000001,0.5430462825822729,0.543125,6.078517099842429
16,0.00025,8,ReLU,500,0.5431250000000001,0.5430462825822729,0.543125,4.713994600111619
16,0.00025,8,ReLU,1000,0.5431250000000001,0.5430462825822729,0.543125,4.814293300034478
16,0.00025,8,Tanh,50,0.47375,0.4731935606984878,0.47375,2.496538900071755
16,0.00025,8,Tanh,100,0.47375,0.4731935606984878,0.47375,1.8096273001283407
16,0.00025,8,Tanh,300,0.47375,0.4731935606984878,0.47375,1.4608754999935627
16,0.00025,8,Tanh,500,0.47375,0.4731935606984878,0.47375,1.977512100012973
16,0.00025,8,Tanh,1000,0.47375,0.4731935606984878,0.47375,2.4765832000412047
16,0.00025,8,Sigmoid,50,0.516875,0.49687560892167115,0.516875,1.6030667999293655
16,0.00025,8,Sigmoid,100,0.516875,0.49687560892167115,0.516875,1.6961050999816507
16,0.00025,8,Sigmoid,300,0.516875,0.49687560892167115,0.516875,2.216872999910265
16,0.00025,8,Sigmoid,500,0.516875,0.49687560892167115,0.516875,2.051395099842921
16,0.00025,8,Sigmoid,1000,0.516875,0.49687560892167115,0.516875,2.536569300107658
16,0.00025,8,GELU,50,0.5393749999999999,0.5393100355167271,0.539375,4.023243699921295
16,0.00025,8,GELU,100,0.5431250000000001,0.5430462825822729,0.543125,5.793106900062412
16,0.00025,8,GELU,300,0.5431250000000001,0.5430462825822729,0.543125,4.5054317999165505
16,0.00025,8,GELU,500,0.5431250000000001,0.5430462825822729,0.543125,4.740758700063452
16,0.00025,8,GELU,1000,0.5431250000000001,0.5430462825822729,0.543125,6.311592100188136
16,0.00025,8,Softmax,50,0.516875,0.49687560892167115,0.516875,1.732118699932471
16,0.00025,8,Softmax,100,0.516875,0.49687560892167115,0.516875,2.2199228999670595
16,0.00025,8,Softmax,300,0.516875,0.49687560892167115,0.516875,2.039146900177002
16,0.00025,8,Softmax,500,0.516875,0.49687560892167115,0.516875,2.841982299927622
16,0.00025,8,Softmax,1000,0.516875,0.49687560892167115,0.516875,1.860536300111562
16,0.00025,16,ReLU,50,0.5075,0.5073029211684674,0.5075,1.8486669999547303
16,0.00025,16,ReLU,100,0.5075,0.5073029211684674,0.5075,2.4180797000881284
16,0.00025,16,ReLU,300,0.5075,0.5073029211684674,0.5075,1.6680599998217076
16,0.00025,16,ReLU,500,0.5075,0.5073029211684674,0.5075,1.8695223000831902
16,0.00025,16,ReLU,1000,0.5075,0.5073029211684674,0.5075,2.3172057000920177
16,0.00025,16,Tanh,50,0.48625,0.4853203599000695,0.48625,0.9234148000832647
16,0.00025,16,Tanh,100,0.48625,0.4853203599000695,0.48625,0.7444994999095798
16,0.00025,16,Tanh,300,0.48625,0.4853203599000695,0.48625,0.7583325998857617
16,0.00025,16,Tanh,500,0.48625,0.4853203599000695,0.48625,1.3749895999208093
16,0.00025,16,Tanh,1000,0.48625,0.4853203599000695,0.48625,1.023144899867475
16,0.00025,16,Sigmoid,50,0.5,0.48982113447836606,0.5,1.434580200118944
16,0.00025,16,Sigmoid,100,0.5,0.48982113447836606,0.5,1.0707398001104593
16,0.00025,16,Sigmoid,300,0.5,0.48982113447836606,0.5,0.7371563001070172
16,0.00025,16,Sigmoid,500,0.5,0.48982113447836606,0.5,0.6205217000097036
16,0.00025,16,Sigmoid,1000,0.5,0.48982113447836606,0.5,1.010495499940589
16,0.00025,16,GELU,50,0.5075,0.5073029211684674,0.5075,2.1608470000792295
16,0.00025,16,GELU,100,0.5075,0.5073029211684674,0.5075,2.1456100998912007
16,0.00025,16,GELU,300,0.5075,0.5073029211684674,0.5075,2.327607899904251
16,0.00025,16,GELU,500,0.5075,0.5073029211684674,0.5075,2.166220699902624
16,0.00025,16,GELU,1000,0.5075,0.5073029211684674,0.5075,1.9271978999022394
16,0.00025,16,Softmax,50,0.5,0.48982113447836606,0.5,1.4050710999872535
16,0.00025,16,Softmax,100,0.5,0.48982113447836606,0.5,1.1780641998630017
16,0.00025,16,Softmax,300,0.5,0.48982113447836606,0.5,1.292291000019759
16,0.00025,16,Softmax,500,0.5,0.48982113447836606,0.5,0.9338570998515934
16,0.00025,16,Softmax,1000,0.5,0.48982113447836606,0.5,0.8407266000285745
16,0.00025,32,ReLU,50,0.493125,0.4930202373849909,0.493125,0.6720642999280244
16,0.00025,32,ReLU,100,0.495625,0.4954813304257345,0.495625,0.9259564001113176
16,0.00025,32,ReLU,300,0.495625,0.4954813304257345,0.495625,1.35128160007298
16,0.00025,32,ReLU,500,0.495625,0.4954813304257345,0.495625,1.4584367000497878
16,0.00025,32,ReLU,1000,0.495625,0.4954813304257345,0.495625,1.2346991000231355
16,0.00025,32,Tanh,50,0.4825,0.48063026896828587,0.4825,0.430360300000757
16,0.00025,32,Tanh,100,0.4825,0.48063026896828587,0.4825,0.45505500002764165
16,0.00025,32,Tanh,300,0.4825,0.48063026896828587,0.4825,0.36236790008842945
16,0.00025,32,Tanh,500,0.4825,0.48063026896828587,0.4825,0.35448039998300374
16,0.00025,32,Tanh,1000,0.4825,0.48063026896828587,0.4825,0.38650429993867874
16,0.00025,32,Sigmoid,50,0.5037499999999999,0.47101843940446264,0.50375,0.4398741000331938
16,0.00025,32,Sigmoid,100,0.5037499999999999,0.47101843940446264,0.50375,0.39213090017437935
16,0.00025,32,Sigmoid,300,0.5037499999999999,0.47101843940446264,0.50375,0.52380680013448
16,0.00025,32,Sigmoid,500,0.5037499999999999,0.47101843940446264,0.50375,0.7778000999242067
16,0.00025,32,Sigmoid,1000,0.5037499999999999,0.47101843940446264,0.50375,0.6912851000670344
16,0.00025,32,GELU,50,0.493125,0.4930202373849909,0.493125,1.345053899800405
16,0.00025,32,GELU,100,0.495625,0.4954813304257345,0.495625,1.271928999805823
16,0.00025,32,GELU,300,0.495625,0.4954813304257345,0.495625,1.0916316001676023
16,0.00025,32,GELU,500,0.495625,0.4954813304257345,0.495625,0.9787751000840217
16,0.00025,32,GELU,1000,0.495625,0.4954813304257345,0.495625,0.7611982999369502
16,0.00025,32,Softmax,50,0.5037499999999999,0.47101843940446264,0.50375,0.49936329992488027
16,0.00025,32,Softmax,100,0.5037499999999999,0.47101843940446264,0.50375,0.6607384001836181
16,0.00025,32,Softmax,300,0.5037499999999999,0.47101843940446264,0.50375,0.6599596000742167
16,0.00025,32,Softmax,500,0.5037499999999999,0.47101843940446264,0.50375,0.4353312999010086
16,0.00025,32,Softmax,1000,0.5037499999999999,0.47101843940446264,0.50375,0.8141606000717729
16,0.00025,64,ReLU,50,0.495,0.49471498767273414,0.495,0.6255421000532806
16,0.00025,64,ReLU,100,0.495,0.49471498767273414,0.495,0.4418166000396013
16,0.00025,64,ReLU,300,0.495,0.49471498767273414,0.495,0.4860415000002831
16,0.00025,64,ReLU,500,0.495,0.49471498767273414,0.495,0.44262610003352165
16,0.00025,64,ReLU,1000,0.495,0.49471498767273414,0.495,0.373440699884668
16,0.00025,64,Tanh,50,0.485625,0.48285971352281787,0.485625,0.21802339982241392
16,0.00025,64,Tanh,100,0.485625,0.48285971352281787,0.485625,0.2675384997855872
16,0.00025,64,Tanh,300,0.485625,0.48285971352281787,0.485625,0.3925207001157105
16,0.00025,64,Tanh,500,0.485625,0.48285971352281787,0.485625,0.3310012000147253
16,0.00025,64,Tanh,1000,0.485625,0.48285971352281787,0.485625,0.34215379995293915
16,0.00025,64,Sigmoid,50,0.51,0.47870954014734435,0.51,0.5341791999526322
16,0.00025,64,Sigmoid,100,0.51,0.47870954014734435,0.51,0.6404466999229044
16,0.00025,64,Sigmoid,300,0.51,0.47870954014734435,0.51,0.3958916999399662
16,0.00025,64,Sigmoid,500,0.51,0.47870954014734435,0.51,0.44833109993487597
16,0.00025,64,Sigmoid,1000,0.51,0.47870954014734435,0.51,0.3376785998698324
16,0.00025,64,GELU,50,0.495,0.49471498767273414,0.495,0.4043727000243962
16,0.00025,64,GELU,100,0.495,0.49471498767273414,0.495,0.5299465998541564
16,0.00025,64,GELU,300,0.495,0.49471498767273414,0.495,0.5361119001172483
16,0.00025,64,GELU,500,0.495,0.49471498767273414,0.495,0.7952101000119001
16,0.00025,64,GELU,1000,0.495,0.49471498767273414,0.495,0.4557789000682533
16,0.00025,64,Softmax,50,0.51,0.47870954014734435,0.51,0.40604480006732047
16,0.00025,64,Softmax,100,0.51,0.47870954014734435,0.51,0.3600041000172496
16,0.00025,64,Softmax,300,0.51,0.47870954014734435,0.51,0.33124909992329776
16,0.00025,64,Softmax,500,0.51,0.47870954014734435,0.51,0.2987939999438822
16,0.00025,64,Softmax,1000,0.51,0.47870954014734435,0.51,0.5547237999271601
16,0.00025,128,ReLU,50,0.5,0.4998468280911029,0.5,0.3446340002119541
16,0.00025,128,ReLU,100,0.5,0.4998468280911029,0.5,0.43199419998563826
16,0.00025,128,ReLU,300,0.5,0.4998468280911029,0.5,0.35537120001390576
16,0.00025,128,ReLU,500,0.5,0.4998468280911029,0.5,0.32851010002195835
16,0.00025,128,ReLU,1000,0.5,0.4998468280911029,0.5,0.2875049998983741
16,0.00025,128,Tanh,50,0.489375,0.4866298735700392,0.489375,0.21123430016450584
16,0.00025,128,Tanh,100,0.489375,0.4866298735700392,0.489375,0.24543410004116595
16,0.00025,128,Tanh,300,0.489375,0.4866298735700392,0.489375,0.19744889996945858
16,0.00025,128,Tanh,500,0.489375,0.4866298735700392,0.489375,0.18589939991943538
16,0.00025,128,Tanh,1000,0.489375,0.4866298735700392,0.489375,0.1636471999809146
16,0.00025,128,Sigmoid,50,0.5025000000000001,0.4645418755497106,0.5025,0.18468639999628067
16,0.00025,128,Sigmoid,100,0.5025000000000001,0.4645418755497106,0.5025,0.16301069990731776
16,0.00025,128,Sigmoid,300,0.5025000000000001,0.4645418755497106,0.5025,0.27102310000918806
16,0.00025,128,Sigmoid,500,0.5025000000000001,0.4645418755497106,0.5025,0.41957760020159185
16,0.00025,128,Sigmoid,1000,0.5025000000000001,0.4645418755497106,0.5025,0.3549484999384731
16,0.00025,128,GELU,50,0.5,0.4998468280911029,0.5,0.3205467998050153
16,0.00025,128,GELU,100,0.5,0.4998468280911029,0.5,0.27486720005981624
16,0.00025,128,GELU,300,0.5,0.4998468280911029,0.5,0.3072375999763608
16,0.00025,128,GELU,500,0.5,0.4998468280911029,0.5,0.22116729989647865
16,0.00025,128,GELU,1000,0.5,0.4998468280911029,0.5,0.2875628999900073
16,0.00025,128,Softmax,50,0.5025000000000001,0.4645418755497106,0.5025,0.30990709993056953
16,0.00025,128,Softmax,100,0.5025000000000001,0.4645418755497106,0.5025,0.3186637000180781
16,0.00025,128,Softmax,300,0.5025000000000001,0.4645418755497106,0.5025,0.33929180004633963
16,0.00025,128,Softmax,500,0.5025000000000001,0.4645418755497106,0.5025,0.3740823999978602
16,0.00025,128,Softmax,1000,0.5025000000000001,0.4645418755497106,0.5025,0.3624269999563694
32,0.01,8,ReLU,50,0.690625,0.6887857970011053,0.690625,1.7677772999741137
32,0.01,8,ReLU,100,0.690625,0.6887857970011053,0.690625,2.108765200013295
32,0.01,8,ReLU,300,0.690625,0.6887857970011053,0.690625,1.858447500038892
32,0.01,8,ReLU,500,0.690625,0.6887857970011053,0.690625,1.4319334998726845
32,0.01,8,ReLU,1000,0.690625,0.6887857970011053,0.690625,2.374166299821809
32,0.01,8,Tanh,50,0.7124999999999999,0.7119486517161755,0.7125,1.6978211000096053
32,0.01,8,Tanh,100,0.7124999999999999,0.7119486517161755,0.7125,2.4854290999937803
32,0.01,8,Tanh,300,0.7124999999999999,0.7119486517161755,0.7125,1.5148201999254525
32,0.01,8,Tanh,500,0.7124999999999999,0.7119486517161755,0.7125,1.6717287001665682
32,0.01,8,Tanh,1000,0.7124999999999999,0.7119486517161755,0.7125,1.9023001999594271
32,0.01,8,Sigmoid,50,0.71875,0.7176470588235294,0.71875,2.915990100009367
32,0.01,8,Sigmoid,100,0.71875,0.7176470588235294,0.71875,2.731680099852383
32,0.01,8,Sigmoid,300,0.71875,0.7176470588235294,0.71875,1.9741374999284744
32,0.01,8,Sigmoid,500,0.71875,0.7176470588235294,0.71875,2.9868409999180585
32,0.01,8,Sigmoid,1000,0.71875,0.7176470588235294,0.71875,1.601487600011751
32,0.01,8,GELU,50,0.690625,0.6887857970011053,0.690625,2.1094003000762314
32,0.01,8,GELU,100,0.690625,0.6887857970011053,0.690625,1.6169121998827904
32,0.01,8,GELU,300,0.690625,0.6887857970011053,0.690625,1.702389599988237
32,0.01,8,GELU,500,0.690625,0.6887857970011053,0.690625,2.1900506000965834
32,0.01,8,GELU,1000,0.690625,0.6887857970011053,0.690625,1.4982820998411626
32,0.01,8,Softmax,50,0.71875,0.7176470588235294,0.71875,2.2858976998832077
32,0.01,8,Softmax,100,0.71875,0.7176470588235294,0.71875,2.296305699972436
32,0.01,8,Softmax,300,0.71875,0.7176470588235294,0.71875,2.5721317999996245
32,0.01,8,Softmax,500,0.71875,0.7176470588235294,0.71875,2.700938699999824
32,0.01,8,Softmax,1000,0.71875,0.7176470588235294,0.71875,2.097071500029415
32,0.01,16,ReLU,50,0.703125,0.702823063589217,0.703125,1.4338826001621783
32,0.01,16,ReLU,100,0.703125,0.702823063589217,0.703125,0.9788288997951895
32,0.01,16,ReLU,300,0.703125,0.702823063589217,0.703125,1.0334922999609262
32,0.01,16,ReLU,500,0.703125,0.702823063589217,0.703125,1.3722757000941783
32,0.01,16,ReLU,1000,0.703125,0.702823063589217,0.703125,0.8824958999175578
32,0.01,16,Tanh,50,0.7175,0.7163013733022018,0.7175,0.9844221000093967
32,0.01,16,Tanh,100,0.7175,0.7163013733022018,0.7175,1.1489351000636816
32,0.01,16,Tanh,300,0.7175,0.7163013733022018,0.7175,1.3945319999475032
32,0.01,16,Tanh,500,0.7175,0.7163013733022018,0.7175,0.8540696001145989
32,0.01,16,Tanh,1000,0.7175,0.7163013733022018,0.7175,1.379664999898523
32,0.01,16,Sigmoid,50,0.7124999999999999,0.7106481481481481,0.7125,1.4462228000629693
32,0.01,16,Sigmoid,100,0.7124999999999999,0.7106481481481481,0.7125,1.5050673999357969
32,0.01,16,Sigmoid,300,0.7124999999999999,0.7106481481481481,0.7125,1.691791000077501
32,0.01,16,Sigmoid,500,0.7124999999999999,0.7106481481481481,0.7125,1.5673014000058174
32,0.01,16,Sigmoid,1000,0.7124999999999999,0.7106481481481481,0.7125,1.794967900030315
32,0.01,16,GELU,50,0.703125,0.702823063589217,0.703125,1.1127293000463396
32,0.01,16,GELU,100,0.703125,0.702823063589217,0.703125,0.9188637998886406
32,0.01,16,GELU,300,0.703125,0.702823063589217,0.703125,1.0966260000132024
32,0.01,16,GELU,500,0.703125,0.702823063589217,0.703125,0.9757048999890685
32,0.01,16,GELU,1000,0.703125,0.702823063589217,0.703125,1.2412149999290705
32,0.01,16,Softmax,50,0.7124999999999999,0.7106481481481481,0.7125,1.3757551999296993
32,0.01,16,Softmax,100,0.7124999999999999,0.7106481481481481,0.7125,1.73996080015786
32,0.01,16,Softmax,300,0.7124999999999999,0.7106481481481481,0.7125,1.1267950998153538
32,0.01,16,Softmax,500,0.7124999999999999,0.7106481481481481,0.7125,1.8681045998819172
32,0.01,16,Softmax,1000,0.7124999999999999,0.7106481481481481,0.7125,1.2753918000962585
32,0.01,32,ReLU,50,0.68875,0.6886677888379901,0.68875,0.3717348000500351
32,0.01,32,ReLU,100,0.68875,0.6886677888379901,0.68875,0.46006940002553165
32,0.01,32,ReLU,300,0.68875,0.6886677888379901,0.68875,0.8360594999976456
32,0.01,32,ReLU,500,0.68875,0.6886677888379901,0.68875,0.7377220001071692
32,0.01,32,ReLU,1000,0.68875,0.6886677888379901,0.68875,0.7120250000152737
32,0.01,32,Tanh,50,0.7150000000000001,0.7133333019005813,0.715,0.5993888999801129
32,0.01,32,Tanh,100,0.7150000000000001,0.7133333019005813,0.715,0.629672400187701
32,0.01,32,Tanh,300,0.7150000000000001,0.7133333019005813,0.715,0.687134200008586
32,0.01,32,Tanh,500,0.7150000000000001,0.7133333019005813,0.715,0.6692129999864846
32,0.01,32,Tanh,1000,0.7150000000000001,0.7133333019005813,0.715,0.7495106998831034
32,0.01,32,Sigmoid,50,0.72,0.7185204732374544,0.72,0.9502828000113368
32,0.01,32,Sigmoid,100,0.72,0.7185204732374544,0.72,1.0959447000641376
32,0.01,32,Sigmoid,300,0.72,0.7185204732374544,0.72,1.1738038000185043
32,0.01,32,Sigmoid,500,0.72,0.7185204732374544,0.72,0.6879147998988628
32,0.01,32,Sigmoid,1000,0.72,0.7185204732374544,0.72,0.8071971000172198
32,0.01,32,GELU,50,0.68875,0.6886677888379901,0.68875,0.5780210001394153
32,0.01,32,GELU,100,0.68875,0.6886677888379901,0.68875,0.566970800049603
32,0.01,32,GELU,300,0.68875,0.6886677888379901,0.68875,0.394992999965325
32,0.01,32,GELU,500,0.68875,0.6886677888379901,0.68875,0.36290539987385273
32,0.01,32,GELU,1000,0.68875,0.6886677888379901,0.68875,0.4774803000036627
32,0.01,32,Softmax,50,0.72,0.7185204732374544,0.72,1.2196884001605213
32,0.01,32,Softmax,100,0.72,0.7185204732374544,0.72,0.6885233998764306
32,0.01,32,Softmax,300,0.72,0.7185204732374544,0.72,0.9510742998681962
32,0.01,32,Softmax,500,0.72,0.7185204732374544,0.72,1.1734364000149071
32,0.01,32,Softmax,1000,0.72,0.7185204732374544,0.72,0.7605713000521064
32,0.01,64,ReLU,50,0.7075,0.7073349186025242,0.7075,0.6117418000940233
32,0.01,64,ReLU,100,0.7075,0.7073349186025242,0.7075,0.4557723000179976
32,0.01,64,ReLU,300,0.7075,0.7073349186025242,0.7075,0.36654990003444254
32,0.01,64,ReLU,500,0.7075,0.7073349186025242,0.7075,0.29623880004510283
32,0.01,64,ReLU,1000,0.7075,0.7073349186025242,0.7075,0.25819020019844174
32,0.01,64,Tanh,50,0.7193750000000001,0.7183821872029322,0.719375,0.47072570002637804
32,0.01,64,Tanh,100,0.7193750000000001,0.7183821872029322,0.719375,0.5780638998840004
32,0.01,64,Tanh,300,0.7193750000000001,0.7183821872029322,0.719375,0.5850555000361055
32,0.01,64,Tanh,500,0.7193750000000001,0.7183821872029322,0.719375,0.34152689995244145
32,0.01,64,Tanh,1000,0.7193750000000001,0.7183821872029322,0.719375,0.29734809999354184
32,0.01,64,Sigmoid,50,0.686875,0.6828159109605383,0.686875,0.6389184000436217
32,0.01,64,Sigmoid,100,0.686875,0.6828159109605383,0.686875,0.9170545998495072
32,0.01,64,Sigmoid,300,0.686875,0.6828159109605383,0.686875,0.5480615999549627
32,0.01,64,Sigmoid,500,0.686875,0.6828159109605383,0.686875,0.599473400041461
32,0.01,64,Sigmoid,1000,0.686875,0.6828159109605383,0.686875,0.5976172001101077
32,0.01,64,GELU,50,0.7075,0.7073349186025242,0.7075,0.3826029999181628
32,0.01,64,GELU,100,0.7075,0.7073349186025242,0.7075,0.5138578000478446
32,0.01,64,GELU,300,0.7075,0.7073349186025242,0.7075,0.24605859979055822
32,0.01,64,GELU,500,0.7075,0.7073349186025242,0.7075,0.3901098999194801
32,0.01,64,GELU,1000,0.7075,0.7073349186025242,0.7075,0.4333871998824179
32,0.01,64,Softmax,50,0.686875,0.6828159109605383,0.686875,0.7190719000063837
32,0.01,64,Softmax,100,0.686875,0.6828159109605383,0.686875,0.7515183999203146
32,0.01,64,Softmax,300,0.686875,0.6828159109605383,0.686875,0.8358541999477893
32,0.01,64,Softmax,500,0.686875,0.6828159109605383,0.686875,0.4841847999487072
32,0.01,64,Softmax,1000,0.686875,0.6828159109605383,0.686875,0.5547889000736177
32,0.01,128,ReLU,50,0.68625,0.6862009689013908,0.68625,0.3541796999052167
32,0.01,128,ReLU,100,0.68625,0.6862009689013908,0.68625,0.36521489988081157
32,0.01,128,ReLU,300,0.68625,0.6862009689013908,0.68625,0.31731999991461635
32,0.01,128,ReLU,500,0.68625,0.6862009689013908,0.68625,0.2819982999935746
32,0.01,128,ReLU,1000,0.68625,0.6862009689013908,0.68625,0.24967529997229576
32,0.01,128,Tanh,50,0.7,0.6988235294117647,0.7,0.3486830999609083
32,0.01,128,Tanh,100,0.7,0.6988235294117647,0.7,0.28705440019257367
32,0.01,128,Tanh,300,0.7,0.6988235294117647,0.7,0.3683770999778062
32,0.01,128,Tanh,500,0.7,0.6988235294117647,0.7,0.4730699001811445
32,0.01,128,Tanh,1000,0.7,0.6988235294117647,0.7,0.5154171998146921
32,0.01,128,Sigmoid,50,0.558125,0.5580861599163989,0.558125,0.36704770009964705
32,0.01,128,Sigmoid,100,0.559375,0.5593541725995643,0.559375,0.3414786998182535
32,0.01,128,Sigmoid,300,0.559375,0.5593541725995643,0.559375,0.3633854000363499
32,0.01,128,Sigmoid,500,0.559375,0.5593541725995643,0.559375,0.4744516001082957
32,0.01,128,Sigmoid,1000,0.559375,0.5593541725995643,0.559375,0.46221649996005
32,0.01,128,GELU,50,0.68625,0.6862009689013908,0.68625,0.2788663001265377
32,0.01,128,GELU,100,0.68625,0.6862009689013908,0.68625,0.44629970006644726
32,0.01,128,GELU,300,0.68625,0.6862009689013908,0.68625,0.45894209994003177
32,0.01,128,GELU,500,0.68625,0.6862009689013908,0.68625,0.3817201000638306
32,0.01,128,GELU,1000,0.68625,0.6862009689013908,0.68625,0.411484100157395
32,0.01,128,Softmax,50,0.558125,0.5580861599163989,0.558125,0.5674970999825746
32,0.01,128,Softmax,100,0.559375,0.5593541725995643,0.559375,0.6228586998768151
32,0.01,128,Softmax,300,0.559375,0.5593541725995643,0.559375,0.5830989999230951
32,0.01,128,Softmax,500,0.559375,0.5593541725995643,0.559375,0.6608456000685692
32,0.01,128,Softmax,1000,0.559375,0.5593541725995643,0.559375,0.5655641998164356
32,0.001,8,ReLU,50,0.698125,0.6980116363994453,0.698125,3.348528099944815
32,0.001,8,ReLU,100,0.698125,0.6980116363994453,0.698125,5.251124999951571
32,0.001,8,ReLU,300,0.698125,0.6980116363994453,0.698125,4.086463900050148
32,0.001,8,ReLU,500,0.698125,0.6980116363994453,0.698125,2.6965188002213836
32,0.001,8,ReLU,1000,0.698125,0.6980116363994453,0.698125,3.67569989990443
32,0.001,8,Tanh,50,0.669375,0.6682052940542342,0.669375,5.253577800001949
32,0.001,8,Tanh,100,0.669375,0.6682052940542342,0.669375,4.139455000171438
32,0.001,8,Tanh,300,0.669375,0.6682052940542342,0.669375,5.234469500137493
32,0.001,8,Tanh,500,0.669375,0.6682052940542342,0.669375,5.298405800014734
32,0.001,8,Tanh,1000,0.669375,0.6682052940542342,0.669375,3.8239680000115186
32,0.001,8,Sigmoid,50,0.495625,0.49200853734103134,0.495625,3.3261261000297964
32,0.001,8,Sigmoid,100,0.495625,0.49200853734103134,0.495625,2.9425067000556737
32,0.001,8,Sigmoid,300,0.495625,0.49200853734103134,0.495625,2.6144487001001835
32,0.001,8,Sigmoid,500,0.495625,0.49200853734103134,0.495625,2.0356997000053525
32,0.001,8,Sigmoid,1000,0.495625,0.49200853734103134,0.495625,2.7625263000372797
32,0.001,8,GELU,50,0.698125,0.6980116363994453,0.698125,3.423943599918857
32,0.001,8,GELU,100,0.698125,0.6980116363994453,0.698125,2.9972717000637203
32,0.001,8,GELU,300,0.698125,0.6980116363994453,0.698125,3.961975400103256
32,0.001,8,GELU,500,0.698125,0.6980116363994453,0.698125,2.9345378999132663
32,0.001,8,GELU,1000,0.698125,0.6980116363994453,0.698125,2.7918978000525385
32,0.001,8,Softmax,50,0.495625,0.49200853734103134,0.495625,2.6947141001001
32,0.001,8,Softmax,100,0.495625,0.49200853734103134,0.495625,2.6312114000320435
32,0.001,8,Softmax,300,0.495625,0.49200853734103134,0.495625,2.3859632001258433
32,0.001,8,Softmax,500,0.495625,0.49200853734103134,0.495625,2.8356652001384646
32,0.001,8,Softmax,1000,0.495625,0.49200853734103134,0.495625,2.6305171998683363
32,0.001,16,ReLU,50,0.6975,0.6974697469746974,0.6975,1.9235815999563783
32,0.001,16,ReLU,100,0.6975,0.6974697469746974,0.6975,2.232560999924317
32,0.001,16,ReLU,300,0.6975,0.6974697469746974,0.6975,3.2227084001060575
32,0.001,16,ReLU,500,0.6975,0.6974697469746974,0.6975,2.601487400010228
32,0.001,16,ReLU,1000,0.6975,0.6974697469746974,0.6975,1.9376801000908017
32,0.001,16,Tanh,50,0.596875,0.595787257193283,0.596875,2.481986300088465
32,0.001,16,Tanh,100,0.599375,0.5983959332106124,0.599375,3.1777466000057757
32,0.001,16,Tanh,300,0.599375,0.5983959332106124,0.599375,2.666846300009638
32,0.001,16,Tanh,500,0.599375,0.5983959332106124,0.599375,3.043416399974376
32,0.001,16,Tanh,1000,0.599375,0.5983959332106124,0.599375,2.89550570002757
32,0.001,16,Sigmoid,50,0.50125,0.498705145339387,0.50125,1.1665041998494416
32,0.001,16,Sigmoid,100,0.50125,0.498705145339387,0.50125,1.0750692998990417
32,0.001,16,Sigmoid,300,0.50125,0.498705145339387,0.50125,1.2842908999882638
32,0.001,16,Sigmoid,500,0.50125,0.498705145339387,0.50125,1.5316612999886274
32,0.001,16,Sigmoid,1000,0.50125,0.498705145339387,0.50125,1.874424499925226
32,0.001,16,GELU,50,0.6975,0.6974697469746974,0.6975,2.6777695000637323
32,0.001,16,GELU,100,0.6975,0.6974697469746974,0.6975,2.1957700999919325
32,0.001,16,GELU,300,0.6975,0.6974697469746974,0.6975,2.033268499886617
32,0.001,16,GELU,500,0.6975,0.6974697469746974,0.6975,3.2401783999521285
32,0.001,16,GELU,1000,0.6975,0.6974697469746974,0.6975,2.9474182999692857
32,0.001,16,Softmax,50,0.50125,0.498705145339387,0.50125,1.2310799001716077
32,0.001,16,Softmax,100,0.50125,0.498705145339387,0.50125,1.1402573001105338
32,0.001,16,Softmax,300,0.50125,0.498705145339387,0.50125,1.072413699934259
32,0.001,16,Softmax,500,0.50125,0.498705145339387,0.50125,1.7312205999623984
32,0.001,16,Softmax,1000,0.50125,0.498705145339387,0.50125,1.698469900060445
32,0.001,32,ReLU,50,0.67875,0.6786048700116146,0.67875,1.7380689999554306
32,0.001,32,ReLU,100,0.6775,0.6773865812199602,0.6775,1.3866399000398815
32,0.001,32,ReLU,300,0.6775,0.6773865812199602,0.6775,1.2284365000668913
32,0.001,32,ReLU,500,0.6775,0.6773865812199602,0.6775,1.1307648001238704
32,0.001,32,ReLU,1000,0.6775,0.6773865812199602,0.6775,0.95076569984667
32,0.001,32,Tanh,50,0.521875,0.521874813232349,0.521875,1.1562367998994887
32,0.001,32,Tanh,100,0.5393749999999999,0.5393100355167271,0.539375,2.239488699939102
32,0.001,32,Tanh,300,0.5393749999999999,0.5393100355167271,0.539375,2.2638685000129044
32,0.001,32,Tanh,500,0.5393749999999999,0.5393100355167271,0.539375,1.7812726001720876
32,0.001,32,Tanh,1000,0.5393749999999999,0.5393100355167271,0.539375,1.9670277000404894
32,0.001,32,Sigmoid,50,0.489375,0.48867972426569095,0.489375,0.6837722000200301
32,0.001,32,Sigmoid,100,0.489375,0.48867972426569095,0.489375,0.8719913000240922
32,0.001,32,Sigmoid,300,0.489375,0.48867972426569095,0.489375,0.8166066000703722
32,0.001,32,Sigmoid,500,0.489375,0.48867972426569095,0.489375,0.7499861000105739
32,0.001,32,Sigmoid,1000,0.489375,0.48867972426569095,0.489375,0.6645326998550445
32,0.001,32,GELU,50,0.67875,0.6786048700116146,0.67875,1.4205871999729425
32,0.001,32,GELU,100,0.6775,0.6773865812199602,0.6775,1.4215884001459926
32,0.001,32,GELU,300,0.6775,0.6773865812199602,0.6775,1.4354367998894304
32,0.001,32,GELU,500,0.6775,0.6773865812199602,0.6775,1.1863134999293834
32,0.001,32,GELU,1000,0.6775,0.6773865812199602,0.6775,1.2283658999949694
32,0.001,32,Softmax,50,0.489375,0.48867972426569095,0.489375,0.9054590000305325
32,0.001,32,Softmax,100,0.489375,0.48867972426569095,0.489375,0.7848795000463724
32,0.001,32,Softmax,300,0.489375,0.48867972426569095,0.489375,0.8679987001232803
32,0.001,32,Softmax,500,0.489375,0.48867972426569095,0.489375,0.7658747001551092
32,0.001,32,Softmax,1000,0.489375,0.48867972426569095,0.489375,0.7810263000428677
32,0.001,64,ReLU,50,0.6,0.5998399359743898,0.6,0.8656383999623358
32,0.001,64,ReLU,100,0.6031249999999999,0.6029126513358121,0.603125,1.129848200129345
32,0.001,64,ReLU,300,0.6031249999999999,0.6029126513358121,0.603125,0.9153521999251097
32,0.001,64,ReLU,500,0.6031249999999999,0.6029126513358121,0.603125,0.7791478000581264
32,0.001,64,ReLU,1000,0.6031249999999999,0.6029126513358121,0.603125,0.8851987000089139
32,0.001,64,Tanh,50,0.48812500000000003,0.48764446654850896,0.488125,0.3762910000514239
32,0.001,64,Tanh,100,0.48812500000000003,0.48764446654850896,0.488125,0.36253280006349087
32,0.001,64,Tanh,300,0.48812500000000003,0.48764446654850896,0.488125,0.38336470001377165
32,0.001,64,Tanh,500,0.48812500000000003,0.48764446654850896,0.488125,0.33027089992538095
32,0.001,64,Tanh,1000,0.48812500000000003,0.48764446654850896,0.488125,0.33378530014306307
32,0.001,64,Sigmoid,50,0.48875,0.487654060012746,0.48875,0.24700909992679954
32,0.001,64,Sigmoid,100,0.48875,0.487654060012746,0.48875,0.2446959000080824
32,0.001,64,Sigmoid,300,0.48875,0.487654060012746,0.48875,0.31025120010599494
32,0.001,64,Sigmoid,500,0.48875,0.487654060012746,0.48875,0.48575189989060163
32,0.001,64,Sigmoid,1000,0.48875,0.487654060012746,0.48875,0.4559734999202192
32,0.001,64,GELU,50,0.6,0.5998399359743898,0.6,0.9394993002060801
32,0.001,64,GELU,100,0.6031249999999999,0.6029126513358121,0.603125,1.0074438001029193
32,0.001,64,GELU,300,0.6031249999999999,0.6029126513358121,0.603125,1.1583684999495745
32,0.001,64,GELU,500,0.6031249999999999,0.6029126513358121,0.603125,1.1829351000487804
32,0.001,64,GELU,1000,0.6031249999999999,0.6029126513358121,0.603125,0.9802083999384195
32,0.001,64,Softmax,50,0.48875,0.487654060012746,0.48875,0.5189404999837279
32,0.001,64,Softmax,100,0.48875,0.487654060012746,0.48875,0.5627973000518978
32,0.001,64,Softmax,300,0.48875,0.487654060012746,0.48875,0.41334429988637567
32,0.001,64,Softmax,500,0.48875,0.487654060012746,0.48875,0.5117653000634164
32,0.001,64,Softmax,1000,0.48875,0.487654060012746,0.48875,0.39960970007814467
32,0.001,128,ReLU,50,0.52625,0.5262492597644683,0.52625,0.39629669999703765
32,0.001,128,ReLU,100,0.53125,0.53125,0.53125,0.5476415997836739
32,0.001,128,ReLU,300,0.53125,0.53125,0.53125,0.5016813999973238
32,0.001,128,ReLU,500,0.53125,0.53125,0.53125,0.42835470009595156
32,0.001,128,ReLU,1000,0.53125,0.53125,0.53125,0.38439529994502664
32,0.001,128,Tanh,50,0.49124999999999996,0.4912110458456976,0.49125,0.18286920012906194
32,0.001,128,Tanh,100,0.49124999999999996,0.4912110458456976,0.49125,0.18334879982285202
32,0.001,128,Tanh,300,0.49124999999999996,0.4912110458456976,0.49125,0.23001170018687844
32,0.001,128,Tanh,500,0.49124999999999996,0.4912110458456976,0.49125,0.32383779995143414
32,0.001,128,Tanh,1000,0.49124999999999996,0.4912110458456976,0.49125,0.2933136001229286
32,0.001,128,Sigmoid,50,0.503125,0.5011371484575843,0.503125,0.46479350002482533
32,0.001,128,Sigmoid,100,0.503125,0.5011371484575843,0.503125,0.3638446000404656
32,0.001,128,Sigmoid,300,0.503125,0.5011371484575843,0.503125,0.3779732999391854
32,0.001,128,Sigmoid,500,0.503125,0.5011371484575843,0.503125,0.3718489999882877
32,0.001,128,Sigmoid,1000,0.503125,0.5011371484575843,0.503125,0.3654122001025826
32,0.001,128,GELU,50,0.52625,0.5262492597644683,0.52625,0.5508518998976797
32,0.001,128,GELU,100,0.53125,0.53125,0.53125,0.6086850999854505
32,0.001,128,GELU,300,0.53125,0.53125,0.53125,0.713642799993977
32,0.001,128,GELU,500,0.53125,0.53125,0.53125,0.6219222000800073
32,0.001,128,GELU,1000,0.53125,0.53125,0.53125,0.5744448998011649
32,0.001,128,Softmax,50,0.503125,0.5011371484575843,0.503125,0.4162228999193758
32,0.001,128,Softmax,100,0.503125,0.5011371484575843,0.503125,0.353192700073123
32,0.001,128,Softmax,300,0.503125,0.5011371484575843,0.503125,0.2961993000935763
32,0.001,128,Softmax,500,0.503125,0.5011371484575843,0.503125,0.3236338999122381
32,0.001,128,Softmax,1000,0.503125,0.5011371484575843,0.503125,0.37539910012856126
32,0.0001,8,ReLU,50,0.500625,0.4942955957750897,0.500625,2.8270934999454767
32,0.0001,8,ReLU,100,0.500625,0.4942955957750897,0.500625,2.312850800110027
32,0.0001,8,ReLU,300,0.500625,0.4942955957750897,0.500625,3.2321176000405103
32,0.0001,8,ReLU,500,0.500625,0.4942955957750897,0.500625,2.7827524000313133
32,0.0001,8,ReLU,1000,0.500625,0.4942955957750897,0.500625,3.164131100056693
32,0.0001,8,Tanh,50,0.491875,0.491858922098707,0.491875,3.063665699912235
32,0.0001,8,Tanh,100,0.491875,0.491858922098707,0.491875,2.280674200039357
32,0.0001,8,Tanh,300,0.491875,0.491858922098707,0.491875,1.8836658999789506
32,0.0001,8,Tanh,500,0.491875,0.491858922098707,0.491875,2.5758296998683363
32,0.0001,8,Tanh,1000,0.491875,0.491858922098707,0.491875,3.1689021999482065
32,0.0001,8,Sigmoid,50,0.489375,0.48102085484663076,0.489375,2.3309137001633644
32,0.0001,8,Sigmoid,100,0.489375,0.48102085484663076,0.489375,1.86738789989613
32,0.0001,8,Sigmoid,300,0.489375,0.48102085484663076,0.489375,2.1490162999834865
32,0.0001,8,Sigmoid,500,0.489375,0.48102085484663076,0.489375,2.9391920999623835
32,0.0001,8,Sigmoid,1000,0.489375,0.48102085484663076,0.489375,2.7821948998607695
32,0.0001,8,GELU,50,0.500625,0.4942955957750897,0.500625,2.3190998998470604
32,0.0001,8,GELU,100,0.500625,0.4942955957750897,0.500625,2.528169200057164
32,0.0001,8,GELU,300,0.500625,0.4942955957750897,0.500625,3.4513135999441147
32,0.0001,8,GELU,500,0.500625,0.4942955957750897,0.500625,2.9745275999885052
32,0.0001,8,GELU,1000,0.500625,0.4942955957750897,0.500625,2.171823700191453
32,0.0001,8,Softmax,50,0.489375,0.48102085484663076,0.489375,2.8749842001125216
32,0.0001,8,Softmax,100,0.489375,0.48102085484663076,0.489375,2.810282099992037
32,0.0001,8,Softmax,300,0.489375,0.48102085484663076,0.489375,2.436457599978894
32,0.0001,8,Softmax,500,0.489375,0.48102085484663076,0.489375,2.167695299955085
32,0.0001,8,Softmax,1000,0.489375,0.48102085484663076,0.489375,2.9405698000919074
32,0.0001,16,ReLU,50,0.49750000000000005,0.49242424242424243,0.4975,1.7038225000724196
32,0.0001,16,ReLU,100,0.49750000000000005,0.49242424242424243,0.4975,1.4347301998641342
32,0.0001,16,ReLU,300,0.49750000000000005,0.49242424242424243,0.4975,1.993979600025341
32,0.0001,16,ReLU,500,0.49750000000000005,0.49242424242424243,0.4975,1.7963411998935044
32,0.0001,16,ReLU,1000,0.49750000000000005,0.49242424242424243,0.4975,1.3437340001109987
32,0.0001,16,Tanh,50,0.49250000000000005,0.4923659528844335,0.4925,1.3774001998826861
32,0.0001,16,Tanh,100,0.49250000000000005,0.4923659528844335,0.4925,2.060910400003195
32,0.0001,16,Tanh,300,0.49250000000000005,0.4923659528844335,0.4925,1.504588200012222
32,0.0001,16,Tanh,500,0.49250000000000005,0.4923659528844335,0.4925,1.2227181000635028
32,0.0001,16,Tanh,1000,0.49250000000000005,0.4923659528844335,0.4925,1.003311799839139
32,0.0001,16,Sigmoid,50,0.495,0.4771038803033833,0.495,1.7536606998182833
32,0.0001,16,Sigmoid,100,0.495,0.4771038803033833,0.495,1.6030886000953615
32,0.0001,16,Sigmoid,300,0.495,0.4771038803033833,0.495,1.4498467000667006
32,0.0001,16,Sigmoid,500,0.495,0.4771038803033833,0.495,2.1060627000406384
32,0.0001,16,Sigmoid,1000,0.495,0.4771038803033833,0.495,1.3559944999869913
32,0.0001,16,GELU,50,0.49750000000000005,0.49242424242424243,0.4975,1.1293307999148965
32,0.0001,16,GELU,100,0.49750000000000005,0.49242424242424243,0.4975,1.7277635000646114
32,0.0001,16,GELU,300,0.49750000000000005,0.49242424242424243,0.4975,2.0282888000365347
32,0.0001,16,GELU,500,0.49750000000000005,0.49242424242424243,0.4975,1.3975766999647021
32,0.0001,16,GELU,1000,0.49750000000000005,0.49242424242424243,0.4975,1.394328200025484
32,0.0001,16,Softmax,50,0.495,0.4771038803033833,0.495,1.7238431998994201
32,0.0001,16,Softmax,100,0.495,0.4771038803033833,0.495,1.5328235998749733
32,0.0001,16,Softmax,300,0.495,0.4771038803033833,0.495,1.2250603998545557
32,0.0001,16,Softmax,500,0.495,0.4771038803033833,0.495,0.9973564997781068
32,0.0001,16,Softmax,1000,0.495,0.4771038803033833,0.495,1.3365178999956697
32,0.0001,32,ReLU,50,0.49250000000000005,0.4804164347097179,0.4925,1.0399582998361439
32,0.0001,32,ReLU,100,0.49250000000000005,0.4804164347097179,0.4925,0.9523926000110805
32,0.0001,32,ReLU,300,0.49250000000000005,0.4804164347097179,0.4925,0.8462741998955607
32,0.0001,32,ReLU,500,0.49250000000000005,0.4804164347097179,0.4925,0.632759700063616
32,0.0001,32,ReLU,1000,0.49250000000000005,0.4804164347097179,0.4925,0.5406574001535773
32,0.0001,32,Tanh,50,0.49125,0.4909628712445614,0.49125,0.6369703998789191
32,0.0001,32,Tanh,100,0.49125,0.4909628712445614,0.49125,0.8024148000404239
32,0.0001,32,Tanh,300,0.49125,0.4909628712445614,0.49125,1.2453564000315964
32,0.0001,32,Tanh,500,0.49125,0.4909628712445614,0.49125,1.2630926000420004
32,0.0001,32,Tanh,1000,0.49125,0.4909628712445614,0.49125,0.9650521001312882
32,0.0001,32,Sigmoid,50,0.5018750000000001,0.4407407553596043,0.501875,0.9659230001270771
32,0.0001,32,Sigmoid,100,0.5018750000000001,0.4407407553596043,0.501875,1.113810099894181
32,0.0001,32,Sigmoid,300,0.5018750000000001,0.4407407553596043,0.501875,0.819354800041765
32,0.0001,32,Sigmoid,500,0.5018750000000001,0.4407407553596043,0.501875,0.8621813000645489
32,0.0001,32,Sigmoid,1000,0.5018750000000001,0.4407407553596043,0.501875,0.6126950001344085
32,0.0001,32,GELU,50,0.49250000000000005,0.4804164347097179,0.4925,0.704823600128293
32,0.0001,32,GELU,100,0.49250000000000005,0.4804164347097179,0.4925,0.6139884998556226
32,0.0001,32,GELU,300,0.49250000000000005,0.4804164347097179,0.4925,0.667896999977529
32,0.0001,32,GELU,500,0.49250000000000005,0.4804164347097179,0.4925,1.118846100056544
32,0.0001,32,GELU,1000,0.49250000000000005,0.4804164347097179,0.4925,1.1316180999856442
32,0.0001,32,Softmax,50,0.5018750000000001,0.4407407553596043,0.501875,0.9535885001532733
32,0.0001,32,Softmax,100,0.5018750000000001,0.4407407553596043,0.501875,0.75281019997783
32,0.0001,32,Softmax,300,0.5018750000000001,0.4407407553596043,0.501875,0.5640607001259923
32,0.0001,32,Softmax,500,0.5018750000000001,0.4407407553596043,0.501875,0.555873499950394
32,0.0001,32,Softmax,1000,0.5018750000000001,0.4407407553596043,0.501875,0.5205961000174284
32,0.0001,64,ReLU,50,0.4925,0.45455675179141497,0.4925,0.38324210001155734
32,0.0001,64,ReLU,100,0.4925,0.45455675179141497,0.4925,0.43625440006144345
32,0.0001,64,ReLU,300,0.4925,0.45455675179141497,0.4925,0.6802771999500692
32,0.0001,64,ReLU,500,0.4925,0.45455675179141497,0.4925,0.8551129999104887
32,0.0001,64,ReLU,1000,0.4925,0.45455675179141497,0.4925,0.731175199849531
32,0.0001,64,Tanh,50,0.48812500000000003,0.4874280222443096,0.488125,0.622233800124377
32,0.0001,64,Tanh,100,0.48812500000000003,0.4874280222443096,0.488125,0.5928734000772238
32,0.0001,64,Tanh,300,0.48812500000000003,0.4874280222443096,0.488125,0.4577838000841439
32,0.0001,64,Tanh,500,0.48812500000000003,0.4874280222443096,0.488125,0.4199109999462962
32,0.0001,64,Tanh,1000,0.48812500000000003,0.4874280222443096,0.488125,0.4383006999269128
32,0.0001,64,Sigmoid,50,0.495,0.3812589618857818,0.495,0.3819303000345826
32,0.0001,64,Sigmoid,100,0.495,0.3812589618857818,0.495,0.31049880012869835
32,0.0001,64,Sigmoid,300,0.495,0.3812589618857818,0.495,0.3202434000559151
32,0.0001,64,Sigmoid,500,0.495,0.3812589618857818,0.495,0.3439134999644011
32,0.0001,64,Sigmoid,1000,0.495,0.3812589618857818,0.495,0.31944460002705455
32,0.0001,64,GELU,50,0.4925,0.45455675179141497,0.4925,0.38398650009185076
32,0.0001,64,GELU,100,0.4925,0.45455675179141497,0.4925,0.6982772999908775
32,0.0001,64,GELU,300,0.4925,0.45455675179141497,0.4925,0.852993399836123
32,0.0001,64,GELU,500,0.4925,0.45455675179141497,0.4925,0.7489165000151843
32,0.0001,64,GELU,1000,0.4925,0.45455675179141497,0.4925,0.7436139001511037
32,0.0001,64,Softmax,50,0.495,0.3812589618857818,0.495,0.46113640000112355
32,0.0001,64,Softmax,100,0.495,0.3812589618857818,0.495,0.39095010003075004
32,0.0001,64,Softmax,300,0.495,0.3812589618857818,0.495,0.40328970015980303
32,0.0001,64,Softmax,500,0.495,0.3812589618857818,0.495,0.3567387000657618
32,0.0001,64,Softmax,1000,0.495,0.3812589618857818,0.495,0.31953509990125895
32,0.0001,128,ReLU,50,0.495625,0.43266674311956843,0.495625,0.20540810003876686
32,0.0001,128,ReLU,100,0.495625,0.43266674311956843,0.495625,0.1939159999601543
32,0.0001,128,ReLU,300,0.495625,0.43266674311956843,0.495625,0.21590689988806844
32,0.0001,128,ReLU,500,0.495625,0.43266674311956843,0.495625,0.19407649990171194
32,0.0001,128,ReLU,1000,0.495625,0.43266674311956843,0.495625,0.3239849000237882
32,0.0001,128,Tanh,50,0.48750000000000004,0.4863410570098785,0.4875,0.32934030005708337
32,0.0001,128,Tanh,100,0.48750000000000004,0.4863410570098785,0.4875,0.36135519994422793
32,0.0001,128,Tanh,300,0.48750000000000004,0.4863410570098785,0.4875,0.3473231999669224
32,0.0001,128,Tanh,500,0.48750000000000004,0.4863410570098785,0.4875,0.33963760011829436
32,0.0001,128,Tanh,1000,0.48750000000000004,0.4863410570098785,0.4875,0.3867767001502216
32,0.0001,128,Sigmoid,50,0.5,0.3333333333333333,0.5,0.21725070010870695
32,0.0001,128,Sigmoid,100,0.5,0.3333333333333333,0.5,0.2327614000532776
32,0.0001,128,Sigmoid,300,0.5,0.3333333333333333,0.5,0.27338889986276627
32,0.0001,128,Sigmoid,500,0.5,0.3333333333333333,0.5,0.22799089993350208
32,0.0001,128,Sigmoid,1000,0.5,0.3333333333333333,0.5,0.21579859987832606
32,0.0001,128,GELU,50,0.495625,0.43266674311956843,0.495625,0.2702409999910742
32,0.0001,128,GELU,100,0.495625,0.43266674311956843,0.495625,0.23113389988429844
32,0.0001,128,GELU,300,0.495625,0.43266674311956843,0.495625,0.36680540000088513
32,0.0001,128,GELU,500,0.495625,0.43266674311956843,0.495625,0.4210848999209702
32,0.0001,128,GELU,1000,0.495625,0.43266674311956843,0.495625,0.40969479992054403
32,0.0001,128,Softmax,50,0.5,0.3333333333333333,0.5,0.24638630007393658
32,0.0001,128,Softmax,100,0.5,0.3333333333333333,0.5,0.258040799992159
32,0.0001,128,Softmax,300,0.5,0.3333333333333333,0.5,0.2344571000430733
32,0.0001,128,Softmax,500,0.5,0.3333333333333333,0.5,0.23438100004568696
32,0.0001,128,Softmax,1000,0.5,0.3333333333333333,0.5,0.27713580010458827
32,0.00025,8,ReLU,50,0.54125,0.5412435487374041,0.54125,3.5251372999046
32,0.00025,8,ReLU,100,0.545625,0.5456205627008076,0.545625,4.546424099942669
32,0.00025,8,ReLU,300,0.545625,0.5456205627008076,0.545625,4.193629999877885
32,0.00025,8,ReLU,500,0.545625,0.5456205627008076,0.545625,4.8934142999351025
32,0.00025,8,ReLU,1000,0.545625,0.5456205627008076,0.545625,4.5207982999272645
32,0.00025,8,Tanh,50,0.49625,0.49622166246851385,0.49625,1.9217724001500756
32,0.00025,8,Tanh,100,0.49625,0.49622166246851385,0.49625,2.3083959000650793
32,0.00025,8,Tanh,300,0.49625,0.49622166246851385,0.49625,2.664117000065744
32,0.00025,8,Tanh,500,0.49625,0.49622166246851385,0.49625,2.0207064000423998
32,0.00025,8,Tanh,1000,0.49625,0.49622166246851385,0.49625,1.5177716000471264
32,0.00025,8,Sigmoid,50,0.49187499999999995,0.48875460574797347,0.491875,1.9466570001095533
32,0.00025,8,Sigmoid,100,0.49187499999999995,0.48875460574797347,0.491875,2.734863799996674
32,0.00025,8,Sigmoid,300,0.49187499999999995,0.48875460574797347,0.491875,1.8157012001611292
32,0.00025,8,Sigmoid,500,0.49187499999999995,0.48875460574797347,0.491875,1.5117218000814319
32,0.00025,8,Sigmoid,1000,0.49187499999999995,0.48875460574797347,0.491875,2.621731499908492
32,0.00025,8,GELU,50,0.54125,0.5412435487374041,0.54125,3.0560254000592977
32,0.00025,8,GELU,100,0.545625,0.5456205627008076,0.545625,4.58772090007551
32,0.00025,8,GELU,300,0.545625,0.5456205627008076,0.545625,3.901203199988231
32,0.00025,8,GELU,500,0.545625,0.5456205627008076,0.545625,4.761902299942449
32,0.00025,8,GELU,1000,0.545625,0.5456205627008076,0.545625,4.577470900025219
32,0.00025,8,Softmax,50,0.49187499999999995,0.48875460574797347,0.491875,1.7653538000304252
32,0.00025,8,Softmax,100,0.49187499999999995,0.48875460574797347,0.491875,2.1855939000379294
32,0.00025,8,Softmax,300,0.49187499999999995,0.48875460574797347,0.491875,2.083555300021544
32,0.00025,8,Softmax,500,0.49187499999999995,0.48875460574797347,0.491875,2.094727900112048
32,0.00025,8,Softmax,1000,0.49187499999999995,0.48875460574797347,0.491875,1.8726494999136776
32,0.00025,16,ReLU,50,0.525625,0.5244656993866688,0.525625,2.259447099873796
32,0.00025,16,ReLU,100,0.53625,0.5350877192982456,0.53625,3.1348335000220686
32,0.00025,16,ReLU,300,0.535625,0.5344901378712713,0.535625,3.737625500187278
32,0.00025,16,ReLU,500,0.535625,0.5344901378712713,0.535625,4.038937599863857
32,0.00025,16,ReLU,1000,0.535625,0.5344901378712713,0.535625,3.540603500092402
32,0.00025,16,Tanh,50,0.489375,0.4893748005370314,0.489375,1.5585473000537604
32,0.00025,16,Tanh,100,0.489375,0.4893748005370314,0.489375,1.2055667999666184
32,0.00025,16,Tanh,300,0.489375,0.4893748005370314,0.489375,1.6705261000897735
32,0.00025,16,Tanh,500,0.489375,0.4893748005370314,0.489375,1.5699933001305908
32,0.00025,16,Tanh,1000,0.489375,0.4893748005370314,0.489375,1.1403908000793308
32,0.00025,16,Sigmoid,50,0.4925,0.49249682810517564,0.4925,1.5006033999379724
32,0.00025,16,Sigmoid,100,0.4925,0.49249682810517564,0.4925,1.6741212999913841
32,0.00025,16,Sigmoid,300,0.4925,0.49249682810517564,0.4925,1.0610064999200404
32,0.00025,16,Sigmoid,500,0.4925,0.49249682810517564,0.4925,1.0761731998063624
32,0.00025,16,Sigmoid,1000,0.4925,0.49249682810517564,0.4925,1.5776553000323474
32,0.00025,16,GELU,50,0.525625,0.5244656993866688,0.525625,1.5097999998833984
32,0.00025,16,GELU,100,0.53625,0.5350877192982456,0.53625,3.33670139987953
32,0.00025,16,GELU,300,0.535625,0.5344901378712713,0.535625,3.856336599914357
32,0.00025,16,GELU,500,0.535625,0.5344901378712713,0.535625,3.612031599972397
32,0.00025,16,GELU,1000,0.535625,0.5344901378712713,0.535625,4.055643599946052
32,0.00025,16,Softmax,50,0.4925,0.49249682810517564,0.4925,1.4948638998903334
32,0.00025,16,Softmax,100,0.4925,0.49249682810517564,0.4925,1.2137422999367118
32,0.00025,16,Softmax,300,0.4925,0.49249682810517564,0.4925,1.7104378000367433
32,0.00025,16,Softmax,500,0.4925,0.49249682810517564,0.4925,1.2112217000685632
32,0.00025,16,Softmax,1000,0.4925,0.49249682810517564,0.4925,1.4161778001580387
32,0.00025,32,ReLU,50,0.503125,0.5023036065381342,0.503125,1.271161099895835
32,0.00025,32,ReLU,100,0.503125,0.5023036065381342,0.503125,0.7497262000106275
32,0.00025,32,ReLU,300,0.503125,0.5023036065381342,0.503125,0.9623302000109106
32,0.00025,32,ReLU,500,0.503125,0.5023036065381342,0.503125,0.8257610001601279
32,0.00025,32,ReLU,1000,0.503125,0.5023036065381342,0.503125,0.7849131999537349
32,0.00025,32,Tanh,50,0.4875,0.48747117025332676,0.4875,1.0111360000446439
32,0.00025,32,Tanh,100,0.4875,0.48747117025332676,0.4875,0.7498916999902576
32,0.00025,32,Tanh,300,0.4875,0.48747117025332676,0.4875,0.970590400043875
32,0.00025,32,Tanh,500,0.4875,0.48747117025332676,0.4875,0.6141341999173164
32,0.00025,32,Tanh,1000,0.4875,0.48747117025332676,0.4875,1.0286594999488443
32,0.00025,32,Sigmoid,50,0.489375,0.4865346944563266,0.489375,0.7938847998157144
32,0.00025,32,Sigmoid,100,0.489375,0.4865346944563266,0.489375,1.048200299963355
32,0.00025,32,Sigmoid,300,0.489375,0.4865346944563266,0.489375,0.6167204999364913
32,0.00025,32,Sigmoid,500,0.489375,0.4865346944563266,0.489375,1.1971283999737352
32,0.00025,32,Sigmoid,1000,0.489375,0.4865346944563266,0.489375,0.5839591999538243
32,0.00025,32,GELU,50,0.503125,0.5023036065381342,0.503125,0.7960669999010861
32,0.00025,32,GELU,100,0.503125,0.5023036065381342,0.503125,0.9999013000633568
32,0.00025,32,GELU,300,0.503125,0.5023036065381342,0.503125,0.6248508000280708
32,0.00025,32,GELU,500,0.503125,0.5023036065381342,0.503125,0.7580579000059515
32,0.00025,32,GELU,1000,0.503125,0.5023036065381342,0.503125,1.15849390020594
32,0.00025,32,Softmax,50,0.489375,0.4865346944563266,0.489375,0.5837142998352647
32,0.00025,32,Softmax,100,0.489375,0.4865346944563266,0.489375,0.8546455001924187
32,0.00025,32,Softmax,300,0.489375,0.4865346944563266,0.489375,0.9715134999714792
32,0.00025,32,Softmax,500,0.489375,0.4865346944563266,0.489375,1.114209600025788
32,0.00025,32,Softmax,1000,0.489375,0.4865346944563266,0.489375,0.7564066001214087
32,0.00025,64,ReLU,50,0.49875,0.48779440246139694,0.49875,0.48306380002759397
32,0.00025,64,ReLU,100,0.49875,0.48779440246139694,0.49875,0.5447786001022905
32,0.00025,64,ReLU,300,0.49875,0.48779440246139694,0.49875,0.4080442001577467
32,0.00025,64,ReLU,500,0.49875,0.48779440246139694,0.49875,0.29000500007532537
32,0.00025,64,ReLU,1000,0.49875,0.48779440246139694,0.49875,0.2811568998731673
32,0.00025,64,Tanh,50,0.5,0.4999218627910611,0.5,0.41674829996190965
32,0.00025,64,Tanh,100,0.5,0.4999218627910611,0.5,0.5976939001120627
32,0.00025,64,Tanh,300,0.5,0.4999218627910611,0.5,0.5686600999906659
32,0.00025,64,Tanh,500,0.5,0.4999218627910611,0.5,0.3963196000549942
32,0.00025,64,Tanh,1000,0.5,0.4999218627910611,0.5,0.3429529999848455
32,0.00025,64,Sigmoid,50,0.491875,0.4855795791544254,0.491875,0.3135474999435246
32,0.00025,64,Sigmoid,100,0.491875,0.4855795791544254,0.491875,0.3742897000629455
32,0.00025,64,Sigmoid,300,0.491875,0.4855795791544254,0.491875,0.6135283000767231
32,0.00025,64,Sigmoid,500,0.491875,0.4855795791544254,0.491875,0.6521581998094916
32,0.00025,64,Sigmoid,1000,0.491875,0.4855795791544254,0.491875,0.39944930002093315
32,0.00025,64,GELU,50,0.49875,0.48779440246139694,0.49875,0.3339435001835227
32,0.00025,64,GELU,100,0.49875,0.48779440246139694,0.49875,0.30342809995636344
32,0.00025,64,GELU,300,0.49875,0.48779440246139694,0.49875,0.3931285000871867
32,0.00025,64,GELU,500,0.49875,0.48779440246139694,0.49875,0.4919183999300003
32,0.00025,64,GELU,1000,0.49875,0.48779440246139694,0.49875,0.4142452999949455
32,0.00025,64,Softmax,50,0.491875,0.4855795791544254,0.491875,0.5495771998539567
32,0.00025,64,Softmax,100,0.491875,0.4855795791544254,0.491875,0.6301394999027252
32,0.00025,64,Softmax,300,0.491875,0.4855795791544254,0.491875,0.5653814000543207
32,0.00025,64,Softmax,500,0.491875,0.4855795791544254,0.491875,0.3955363999120891
32,0.00025,64,Softmax,1000,0.491875,0.4855795791544254,0.491875,0.43823270010761917
32,0.00025,128,ReLU,50,0.49625,0.4786470048884929,0.49625,0.3841170999221504
32,0.00025,128,ReLU,100,0.49625,0.4786470048884929,0.49625,0.4075382000301033
32,0.00025,128,ReLU,300,0.49625,0.4786470048884929,0.49625,0.3597297000233084
32,0.00025,128,ReLU,500,0.49625,0.4786470048884929,0.49625,0.21097999997437
32,0.00025,128,ReLU,1000,0.49625,0.4786470048884929,0.49625,0.20493340003304183
32,0.00025,128,Tanh,50,0.49,0.48957810440191973,0.49,0.27933789999224246
32,0.00025,128,Tanh,100,0.49,0.48957810440191973,0.49,0.3936709000263363
32,0.00025,128,Tanh,300,0.49,0.48957810440191973,0.49,0.4355103000998497
32,0.00025,128,Tanh,500,0.49,0.48957810440191973,0.49,0.37812220002524555
32,0.00025,128,Tanh,1000,0.49,0.48957810440191973,0.49,0.25805169995874166
32,0.00025,128,Sigmoid,50,0.48562500000000003,0.4694940976786741,0.485625,0.2404612998943776
32,0.00025,128,Sigmoid,100,0.48562500000000003,0.4694940976786741,0.485625,0.24466779991053045
32,0.00025,128,Sigmoid,300,0.48562500000000003,0.4694940976786741,0.485625,0.41894309991039336
32,0.00025,128,Sigmoid,500,0.48562500000000003,0.4694940976786741,0.485625,0.4185732000041753
32,0.00025,128,Sigmoid,1000,0.48562500000000003,0.4694940976786741,0.485625,0.38751720008440316
32,0.00025,128,GELU,50,0.49625,0.4786470048884929,0.49625,0.2486864000093192
32,0.00025,128,GELU,100,0.49625,0.4786470048884929,0.49625,0.23876970005221665
32,0.00025,128,GELU,300,0.49625,0.4786470048884929,0.49625,0.19378430000506341
32,0.00025,128,GELU,500,0.49625,0.4786470048884929,0.49625,0.22506340011022985
32,0.00025,128,GELU,1000,0.49625,0.4786470048884929,0.49625,0.3134395000524819
32,0.00025,128,Softmax,50,0.48562500000000003,0.4694940976786741,0.485625,0.4718392000067979
32,0.00025,128,Softmax,100,0.48562500000000003,0.4694940976786741,0.485625,0.3257301999256015
32,0.00025,128,Softmax,300,0.48562500000000003,0.4694940976786741,0.485625,0.4736903999000788
32,0.00025,128,Softmax,500,0.48562500000000003,0.4694940976786741,0.485625,0.43118249997496605
32,0.00025,128,Softmax,1000,0.48562500000000003,0.4694940976786741,0.485625,0.3881194000132382
64,0.01,8,ReLU,50,0.6950000000000001,0.6949523363025473,0.695,1.802958199987188
64,0.01,8,ReLU,100,0.6950000000000001,0.6949523363025473,0.695,1.7293154001235962
64,0.01,8,ReLU,300,0.6950000000000001,0.6949523363025473,0.695,2.080432399874553
64,0.01,8,ReLU,500,0.6950000000000001,0.6949523363025473,0.695,1.749141699867323
64,0.01,8,ReLU,1000,0.6950000000000001,0.6949523363025473,0.695,1.8481159000657499
64,0.01,8,Tanh,50,0.699375,0.6990692496556071,0.699375,2.2941163000650704
64,0.01,8,Tanh,100,0.699375,0.6990692496556071,0.699375,2.120697299949825
64,0.01,8,Tanh,300,0.699375,0.6990692496556071,0.699375,2.137635099934414
64,0.01,8,Tanh,500,0.699375,0.6990692496556071,0.699375,2.6217926000244915
64,0.01,8,Tanh,1000,0.699375,0.6990692496556071,0.699375,2.6340614000800997
64,0.01,8,Sigmoid,50,0.6912499999999999,0.6912495175773712,0.69125,2.3637612001039088
64,0.01,8,Sigmoid,100,0.6912499999999999,0.6912495175773712,0.69125,3.0651295001152903
64,0.01,8,Sigmoid,300,0.6912499999999999,0.6912495175773712,0.69125,2.4112951001152396
64,0.01,8,Sigmoid,500,0.6912499999999999,0.6912495175773712,0.69125,2.3577159999404103
64,0.01,8,Sigmoid,1000,0.6912499999999999,0.6912495175773712,0.69125,2.8510673998389393
64,0.01,8,GELU,50,0.6950000000000001,0.6949523363025473,0.695,1.981774799991399
64,0.01,8,GELU,100,0.6950000000000001,0.6949523363025473,0.695,2.3470868000295013
64,0.01,8,GELU,300,0.6950000000000001,0.6949523363025473,0.695,1.8460566001012921
64,0.01,8,GELU,500,0.6950000000000001,0.6949523363025473,0.695,1.8653785998467356
64,0.01,8,GELU,1000,0.6950000000000001,0.6949523363025473,0.695,2.012218000134453
64,0.01,8,Softmax,50,0.6912499999999999,0.6912495175773712,0.69125,2.242653700057417
64,0.01,8,Softmax,100,0.6912499999999999,0.6912495175773712,0.69125,2.4851263999007642
64,0.01,8,Softmax,300,0.6912499999999999,0.6912495175773712,0.69125,3.2513967000413686
64,0.01,8,Softmax,500,0.6912499999999999,0.6912495175773712,0.69125,2.3619167001452297
64,0.01,8,Softmax,1000,0.6912499999999999,0.6912495175773712,0.69125,2.9850304999854416
64,0.01,16,ReLU,50,0.7050000000000001,0.7045272435897436,0.705,1.4096411999780685
64,0.01,16,ReLU,100,0.7050000000000001,0.7045272435897436,0.705,1.1664902998600155
64,0.01,16,ReLU,300,0.7050000000000001,0.7045272435897436,0.705,0.7769606001675129
64,0.01,16,ReLU,500,0.7050000000000001,0.7045272435897436,0.705,0.9239850998856127
64,0.01,16,ReLU,1000,0.7050000000000001,0.7045272435897436,0.705,1.2074323000852019
64,0.01,16,Tanh,50,0.6956249999999999,0.6954792820783382,0.695625,1.730952100129798
64,0.01,16,Tanh,100,0.6956249999999999,0.6954792820783382,0.695625,1.0576649000868201
64,0.01,16,Tanh,300,0.6956249999999999,0.6954792820783382,0.695625,1.4772587998304516
64,0.01,16,Tanh,500,0.6956249999999999,0.6954792820783382,0.695625,1.807837000116706
64,0.01,16,Tanh,1000,0.6956249999999999,0.6954792820783382,0.695625,1.2319825000595301
64,0.01,16,Sigmoid,50,0.698125,0.6980984656854606,0.698125,1.5159096999559551
64,0.01,16,Sigmoid,100,0.698125,0.6980984656854606,0.698125,2.4036120001692325
64,0.01,16,Sigmoid,300,0.698125,0.6980984656854606,0.698125,1.506392999785021
64,0.01,16,Sigmoid,500,0.698125,0.6980984656854606,0.698125,2.307384100044146
64,0.01,16,Sigmoid,1000,0.698125,0.6980984656854606,0.698125,1.760556599823758
64,0.01,16,GELU,50,0.7050000000000001,0.7045272435897436,0.705,0.6941631000954658
64,0.01,16,GELU,100,0.7050000000000001,0.7045272435897436,0.705,1.048684500157833
64,0.01,16,GELU,300,0.7050000000000001,0.7045272435897436,0.705,1.2733006998896599
64,0.01,16,GELU,500,0.7050000000000001,0.7045272435897436,0.705,1.3001242000609636
64,0.01,16,GELU,1000,0.7050000000000001,0.7045272435897436,0.705,1.0944902999326587
64,0.01,16,Softmax,50,0.698125,0.6980984656854606,0.698125,1.461450400063768
64,0.01,16,Softmax,100,0.698125,0.6980984656854606,0.698125,2.6628449000418186
64,0.01,16,Softmax,300,0.698125,0.6980984656854606,0.698125,2.17961739981547
64,0.01,16,Softmax,500,0.698125,0.6980984656854606,0.698125,1.6570462000090629
64,0.01,16,Softmax,1000,0.698125,0.6980984656854606,0.698125,2.338862500153482
64,0.01,32,ReLU,50,0.680625,0.6805340270725531,0.680625,0.6941297000739723
64,0.01,32,ReLU,100,0.680625,0.6805340270725531,0.680625,0.6497996000107378
64,0.01,32,ReLU,300,0.680625,0.6805340270725531,0.680625,0.5266786001157016
64,0.01,32,ReLU,500,0.680625,0.6805340270725531,0.680625,0.4474263999145478
64,0.01,32,ReLU,1000,0.680625,0.6805340270725531,0.680625,0.4086325999815017
64,0.01,32,Tanh,50,0.698125,0.6974242297884437,0.698125,0.9036183001007885
64,0.01,32,Tanh,100,0.698125,0.6974242297884437,0.698125,1.2810424000490457
64,0.01,32,Tanh,300,0.698125,0.6974242297884437,0.698125,1.196249600034207
64,0.01,32,Tanh,500,0.698125,0.6974242297884437,0.698125,1.0355309001170099
64,0.01,32,Tanh,1000,0.698125,0.6974242297884437,0.698125,0.8533840000163764
64,0.01,32,Sigmoid,50,0.715625,0.7141994581567199,0.715625,0.9156021999660879
64,0.01,32,Sigmoid,100,0.715625,0.7141994581567199,0.715625,1.577662599971518
64,0.01,32,Sigmoid,300,0.715625,0.7141994581567199,0.715625,1.5574153000488877
64,0.01,32,Sigmoid,500,0.715625,0.7141994581567199,0.715625,1.2326048000250012
64,0.01,32,Sigmoid,1000,0.715625,0.7141994581567199,0.715625,0.9043654999695718
64,0.01,32,GELU,50,0.680625,0.6805340270725531,0.680625,0.39192690001800656
64,0.01,32,GELU,100,0.680625,0.6805340270725531,0.680625,0.4808235999662429
64,0.01,32,GELU,300,0.680625,0.6805340270725531,0.680625,0.8122855999972671
64,0.01,32,GELU,500,0.680625,0.6805340270725531,0.680625,0.7505198998842388
64,0.01,32,GELU,1000,0.680625,0.6805340270725531,0.680625,0.8145348001271486
64,0.01,32,Softmax,50,0.715625,0.7141994581567199,0.715625,0.8871005999390036
64,0.01,32,Softmax,100,0.715625,0.7141994581567199,0.715625,1.0741506000049412
64,0.01,32,Softmax,300,0.715625,0.7141994581567199,0.715625,1.5266927999909967
64,0.01,32,Softmax,500,0.715625,0.7141994581567199,0.715625,1.2283701000269502
64,0.01,32,Softmax,1000,0.715625,0.7141994581567199,0.715625,1.0008211999665946
64,0.01,64,ReLU,50,0.7025,0.7021085520191377,0.7025,0.8544544000178576
64,0.01,64,ReLU,100,0.7025,0.7021085520191377,0.7025,0.6296074998099357
64,0.01,64,ReLU,300,0.7025,0.7021085520191377,0.7025,0.5525795000139624
64,0.01,64,ReLU,500,0.7025,0.7021085520191377,0.7025,0.42475639982149005
64,0.01,64,ReLU,1000,0.7025,0.7021085520191377,0.7025,0.341083399951458
64,0.01,64,Tanh,50,0.704375,0.7039993335291548,0.704375,0.41657400014810264
64,0.01,64,Tanh,100,0.704375,0.7039993335291548,0.704375,0.4673351999372244
64,0.01,64,Tanh,300,0.704375,0.7039993335291548,0.704375,0.7805495001375675
64,0.01,64,Tanh,500,0.704375,0.7039993335291548,0.704375,0.8884242000058293
64,0.01,64,Tanh,1000,0.704375,0.7039993335291548,0.704375,0.7214905999135226
64,0.01,64,Sigmoid,50,0.64,0.6392695207795787,0.64,0.6732236999087036
64,0.01,64,Sigmoid,100,0.64,0.6392695207795787,0.64,0.4879197000991553
64,0.01,64,Sigmoid,300,0.64,0.6392695207795787,0.64,0.6422325000166893
64,0.01,64,Sigmoid,500,0.64,0.6392695207795787,0.64,0.9485397997777909
64,0.01,64,Sigmoid,1000,0.64,0.6392695207795787,0.64,0.9025395000353456
64,0.01,64,GELU,50,0.7025,0.7021085520191377,0.7025,0.48088810010813177
64,0.01,64,GELU,100,0.7025,0.7021085520191377,0.7025,0.34178760019131005
64,0.01,64,GELU,300,0.7025,0.7021085520191377,0.7025,0.2773139998316765
64,0.01,64,GELU,500,0.7025,0.7021085520191377,0.7025,0.2985038000624627
64,0.01,64,GELU,1000,0.7025,0.7021085520191377,0.7025,0.3754445998929441
64,0.01,64,Softmax,50,0.64,0.6392695207795787,0.64,0.9265571001451463
64,0.01,64,Softmax,100,0.64,0.6392695207795787,0.64,1.057948299916461
64,0.01,64,Softmax,300,0.64,0.6392695207795787,0.64,1.014626800082624
64,0.01,64,Softmax,500,0.64,0.6392695207795787,0.64,0.9279300000052899
64,0.01,64,Softmax,1000,0.64,0.6392695207795787,0.64,0.7086368999443948
64,0.01,128,ReLU,50,0.6893750000000001,0.6891290962577821,0.689375,0.3397631000261754
64,0.01,128,ReLU,100,0.6893750000000001,0.6891290962577821,0.689375,0.2893247997853905
64,0.01,128,ReLU,300,0.6893750000000001,0.6891290962577821,0.689375,0.3308301998768002
64,0.01,128,ReLU,500,0.6893750000000001,0.6891290962577821,0.689375,0.4919376000761986
64,0.01,128,ReLU,1000,0.6893750000000001,0.6891290962577821,0.689375,0.5750108999200165
64,0.01,128,Tanh,50,0.643125,0.6406419198909968,0.643125,0.552685100119561
64,0.01,128,Tanh,100,0.643125,0.6406419198909968,0.643125,0.6261398999486119
64,0.01,128,Tanh,300,0.643125,0.6406419198909968,0.643125,0.5842133001424372
64,0.01,128,Tanh,500,0.643125,0.6406419198909968,0.643125,0.5086956999730319
64,0.01,128,Tanh,1000,0.643125,0.6406419198909968,0.643125,0.4811892001889646
64,0.01,128,Sigmoid,50,0.5181250000000001,0.5158781830832861,0.518125,0.4281448000110686
64,0.01,128,Sigmoid,100,0.519375,0.5167911539478092,0.519375,0.43494379986077547
64,0.01,128,Sigmoid,300,0.519375,0.5167911539478092,0.519375,0.416498800041154
64,0.01,128,Sigmoid,500,0.519375,0.5167911539478092,0.519375,0.7539892999920994
64,0.01,128,Sigmoid,1000,0.519375,0.5167911539478092,0.519375,0.6517876000143588
64,0.01,128,GELU,50,0.6893750000000001,0.6891290962577821,0.689375,0.5168691999278963
64,0.01,128,GELU,100,0.6893750000000001,0.6891290962577821,0.689375,0.4546138998121023
64,0.01,128,GELU,300,0.6893750000000001,0.6891290962577821,0.689375,0.4901437000371516
64,0.01,128,GELU,500,0.6893750000000001,0.6891290962577821,0.689375,0.4406865001656115
64,0.01,128,GELU,1000,0.6893750000000001,0.6891290962577821,0.689375,0.4508201000280678
64,0.01,128,Softmax,50,0.5181250000000001,0.5158781830832861,0.518125,0.379574199905619
64,0.01,128,Softmax,100,0.519375,0.5167911539478092,0.519375,0.422226499998942
64,0.01,128,Softmax,300,0.519375,0.5167911539478092,0.519375,0.4442467000335455
64,0.01,128,Softmax,500,0.519375,0.5167911539478092,0.519375,0.6633704998530447
64,0.01,128,Softmax,1000,0.519375,0.5167911539478092,0.519375,0.6149565998930484
64,0.001,8,ReLU,50,0.6875,0.6872845194892105,0.6875,3.9227894998621196
64,0.001,8,ReLU,100,0.6875,0.6872845194892105,0.6875,3.570862299995497
64,0.001,8,ReLU,300,0.6875,0.6872845194892105,0.6875,3.2105162998195738
64,0.001,8,ReLU,500,0.6875,0.6872845194892105,0.6875,2.966206300072372
64,0.001,8,ReLU,1000,0.6875,0.6872845194892105,0.6875,2.8753438000567257
64,0.001,8,Tanh,50,0.598125,0.5978068589411547,0.598125,3.58142269984819
64,0.001,8,Tanh,100,0.598125,0.5978068589411547,0.598125,4.3950905001256615
64,0.001,8,Tanh,300,0.598125,0.5978068589411547,0.598125,3.884691399987787
64,0.001,8,Tanh,500,0.598125,0.5978068589411547,0.598125,4.5904417999554425
64,0.001,8,Tanh,1000,0.598125,0.5978068589411547,0.598125,3.980562600074336
64,0.001,8,Sigmoid,50,0.47875,0.4775712701783399,0.47875,2.085235199891031
64,0.001,8,Sigmoid,100,0.47875,0.4775712701783399,0.47875,1.5840621998067945
64,0.001,8,Sigmoid,300,0.47875,0.4775712701783399,0.47875,2.1926585000474006
64,0.001,8,Sigmoid,500,0.47875,0.4775712701783399,0.47875,1.7898479998111725
64,0.001,8,Sigmoid,1000,0.47875,0.4775712701783399,0.47875,1.8854714999906719
64,0.001,8,GELU,50,0.6875,0.6872845194892105,0.6875,3.1240790002048016
64,0.001,8,GELU,100,0.6875,0.6872845194892105,0.6875,3.003369600046426
64,0.001,8,GELU,300,0.6875,0.6872845194892105,0.6875,3.5420554999727756
64,0.001,8,GELU,500,0.6875,0.6872845194892105,0.6875,3.4222187001723796
64,0.001,8,GELU,1000,0.6875,0.6872845194892105,0.6875,3.211140099912882
64,0.001,8,Softmax,50,0.47875,0.4775712701783399,0.47875,1.617284899810329
64,0.001,8,Softmax,100,0.47875,0.4775712701783399,0.47875,2.0645650001242757
64,0.001,8,Softmax,300,0.47875,0.4775712701783399,0.47875,2.3887676000595093
64,0.001,8,Softmax,500,0.47875,0.4775712701783399,0.47875,2.0273032998666167
64,0.001,8,Softmax,1000,0.47875,0.4775712701783399,0.47875,1.6203236000146717
64,0.001,16,ReLU,50,0.694375,0.6941540980184516,0.694375,2.347948200069368
64,0.001,16,ReLU,100,0.694375,0.6941540980184516,0.694375,2.2112839999608696
64,0.001,16,ReLU,300,0.694375,0.6941540980184516,0.694375,1.8242038998287171
64,0.001,16,ReLU,500,0.694375,0.6941540980184516,0.694375,2.651190700009465
64,0.001,16,ReLU,1000,0.694375,0.6941540980184516,0.694375,1.989290100056678
64,0.001,16,Tanh,50,0.5531250000000001,0.5524745147145519,0.553125,2.2239992001559585
64,0.001,16,Tanh,100,0.5543750000000001,0.5537263342538119,0.554375,3.163079199846834
64,0.001,16,Tanh,300,0.5543750000000001,0.5537263342538119,0.554375,3.447684400016442
64,0.001,16,Tanh,500,0.5543750000000001,0.5537263342538119,0.554375,3.3096078999806195
64,0.001,16,Tanh,1000,0.5543750000000001,0.5537263342538119,0.554375,3.1893009000923485
64,0.001,16,Sigmoid,50,0.47375,0.4662229089900551,0.47375,1.014594100182876
64,0.001,16,Sigmoid,100,0.47375,0.4662229089900551,0.47375,0.9092512999195606
64,0.001,16,Sigmoid,300,0.47375,0.4662229089900551,0.47375,1.044378099963069
64,0.001,16,Sigmoid,500,0.47375,0.4662229089900551,0.47375,0.7952977002132684
64,0.001,16,Sigmoid,1000,0.47375,0.4662229089900551,0.47375,0.9819097998552024
64,0.001,16,GELU,50,0.694375,0.6941540980184516,0.694375,1.8494339999742806
64,0.001,16,GELU,100,0.694375,0.6941540980184516,0.694375,1.865320600103587
64,0.001,16,GELU,300,0.694375,0.6941540980184516,0.694375,1.992845900123939
64,0.001,16,GELU,500,0.694375,0.6941540980184516,0.694375,2.0137270998675376
64,0.001,16,GELU,1000,0.694375,0.6941540980184516,0.694375,1.965321899857372
64,0.001,16,Softmax,50,0.47375,0.4662229089900551,0.47375,0.9621343999169767
64,0.001,16,Softmax,100,0.47375,0.4662229089900551,0.47375,1.026176800020039
64,0.001,16,Softmax,300,0.47375,0.4662229089900551,0.47375,1.0069460000377148
64,0.001,16,Softmax,500,0.47375,0.4662229089900551,0.47375,1.043446300085634
64,0.001,16,Softmax,1000,0.47375,0.4662229089900551,0.47375,0.8930522000882775
64,0.001,32,ReLU,50,0.6893750000000001,0.6892262899238893,0.689375,1.3112558000721037
64,0.001,32,ReLU,100,0.6893750000000001,0.6892262899238893,0.689375,1.3917155000381172
64,0.001,32,ReLU,300,0.6893750000000001,0.6892262899238893,0.689375,1.5400230998639017
64,0.001,32,ReLU,500,0.6893750000000001,0.6892262899238893,0.689375,1.3684591001365334
64,0.001,32,ReLU,1000,0.6893750000000001,0.6892262899238893,0.689375,1.2375582999084145
64,0.001,32,Tanh,50,0.5081249999999999,0.5069229320386144,0.508125,0.9780226000584662
64,0.001,32,Tanh,100,0.51625,0.514976054292603,0.51625,1.652021000161767
64,0.001,32,Tanh,300,0.51625,0.514976054292603,0.51625,1.853217199910432
64,0.001,32,Tanh,500,0.51625,0.514976054292603,0.51625,1.9733771998435259
64,0.001,32,Tanh,1000,0.51625,0.514976054292603,0.51625,1.7914871000684798
64,0.001,32,Sigmoid,50,0.48624999999999996,0.4861143020578872,0.48625,0.5540555999614298
64,0.001,32,Sigmoid,100,0.48624999999999996,0.4861143020578872,0.48625,0.6264585999306291
64,0.001,32,Sigmoid,300,0.48624999999999996,0.4861143020578872,0.48625,0.6228243000805378
64,0.001,32,Sigmoid,500,0.48624999999999996,0.4861143020578872,0.48625,0.4610826000571251
64,0.001,32,Sigmoid,1000,0.48624999999999996,0.4861143020578872,0.48625,0.6984544999431819
64,0.001,32,GELU,50,0.6893750000000001,0.6892262899238893,0.689375,1.2728727001231164
64,0.001,32,GELU,100,0.6893750000000001,0.6892262899238893,0.689375,1.156692499993369
64,0.001,32,GELU,300,0.6893750000000001,0.6892262899238893,0.689375,1.1828057998791337
64,0.001,32,GELU,500,0.6893750000000001,0.6892262899238893,0.689375,1.2504589001182467
64,0.001,32,GELU,1000,0.6893750000000001,0.6892262899238893,0.689375,1.1991379999089986
64,0.001,32,Softmax,50,0.48624999999999996,0.4861143020578872,0.48625,0.6145053999498487
64,0.001,32,Softmax,100,0.48624999999999996,0.4861143020578872,0.48625,0.6886405998375267
64,0.001,32,Softmax,300,0.48624999999999996,0.4861143020578872,0.48625,0.7453306000679731
64,0.001,32,Softmax,500,0.48624999999999996,0.4861143020578872,0.48625,0.6826537998858839
64,0.001,32,Softmax,1000,0.48624999999999996,0.4861143020578872,0.48625,0.5917626000009477
64,0.001,64,ReLU,50,0.619375,0.6191487207829339,0.619375,0.9011914001312107
64,0.001,64,ReLU,100,0.615,0.6148260698971879,0.615,0.8340734001249075
64,0.001,64,ReLU,300,0.615,0.6148260698971879,0.615,0.8816556998062879
64,0.001,64,ReLU,500,0.615,0.6148260698971879,0.615,0.857920499984175
64,0.001,64,ReLU,1000,0.615,0.6148260698971879,0.615,0.7929616998881102
64,0.001,64,Tanh,50,0.485625,0.4855910409710641,0.485625,0.6631718999706209
64,0.001,64,Tanh,100,0.49125,0.4912372809320233,0.49125,0.952454499900341
64,0.001,64,Tanh,300,0.49125,0.4912372809320233,0.49125,0.9018701000604779
64,0.001,64,Tanh,500,0.49125,0.4912372809320233,0.49125,1.0866398001089692
64,0.001,64,Tanh,1000,0.49125,0.4912372809320233,0.49125,1.1022078001406044
64,0.001,64,Sigmoid,50,0.478125,0.47726227856521014,0.478125,0.412644499912858
64,0.001,64,Sigmoid,100,0.478125,0.47726227856521014,0.478125,0.37184750009328127
64,0.001,64,Sigmoid,300,0.478125,0.47726227856521014,0.478125,0.48830770002678037
64,0.001,64,Sigmoid,500,0.478125,0.47726227856521014,0.478125,0.4443045000080019
64,0.001,64,Sigmoid,1000,0.478125,0.47726227856521014,0.478125,0.38101749983616173
64,0.001,64,GELU,50,0.619375,0.6191487207829339,0.619375,0.8611282000783831
64,0.001,64,GELU,100,0.615,0.6148260698971879,0.615,0.8681918000802398
64,0.001,64,GELU,300,0.615,0.6148260698971879,0.615,0.9609323001932353
64,0.001,64,GELU,500,0.615,0.6148260698971879,0.615,0.9117886000312865
64,0.001,64,GELU,1000,0.615,0.6148260698971879,0.615,0.8986758000683039
64,0.001,64,Softmax,50,0.478125,0.47726227856521014,0.478125,0.5007813998963684
64,0.001,64,Softmax,100,0.478125,0.47726227856521014,0.478125,0.47899190010502934
64,0.001,64,Softmax,300,0.478125,0.47726227856521014,0.478125,0.45495350006967783
64,0.001,64,Softmax,500,0.478125,0.47726227856521014,0.478125,0.4604144999757409
64,0.001,64,Softmax,1000,0.478125,0.47726227856521014,0.478125,0.4820809999946505
64,0.001,128,ReLU,50,0.50625,0.5058763189662182,0.50625,0.3442630998324603
64,0.001,128,ReLU,100,0.50625,0.5058763189662182,0.50625,0.36737589980475605
64,0.001,128,ReLU,300,0.50625,0.5058763189662182,0.50625,0.29962379997596145
64,0.001,128,ReLU,500,0.50625,0.5058763189662182,0.50625,0.39340890012681484
64,0.001,128,ReLU,1000,0.50625,0.5058763189662182,0.50625,0.45246850000694394
64,0.001,128,Tanh,50,0.473125,0.47235806420191223,0.473125,0.3091639999765903
64,0.001,128,Tanh,100,0.473125,0.47235806420191223,0.473125,0.3353272001259029
64,0.001,128,Tanh,300,0.473125,0.47235806420191223,0.473125,0.3280152000952512
64,0.001,128,Tanh,500,0.473125,0.47235806420191223,0.473125,0.521395499818027
64,0.001,128,Tanh,1000,0.473125,0.47235806420191223,0.473125,0.46225770004093647
64,0.001,128,Sigmoid,50,0.47,0.46636796697522515,0.47,0.3613370999228209
64,0.001,128,Sigmoid,100,0.47,0.46636796697522515,0.47,0.37634860002435744
64,0.001,128,Sigmoid,300,0.47,0.46636796697522515,0.47,0.4440937000326812
64,0.001,128,Sigmoid,500,0.47,0.46636796697522515,0.47,0.4167778000701219
64,0.001,128,Sigmoid,1000,0.47,0.46636796697522515,0.47,0.3140149998944253
64,0.001,128,GELU,50,0.50625,0.5058763189662182,0.50625,0.4113890998996794
64,0.001,128,GELU,100,0.50625,0.5058763189662182,0.50625,0.4330919000785798
64,0.001,128,GELU,300,0.50625,0.5058763189662182,0.50625,0.3972713998518884
64,0.001,128,GELU,500,0.50625,0.5058763189662182,0.50625,0.3418771999422461
64,0.001,128,GELU,1000,0.50625,0.5058763189662182,0.50625,0.3348350999876857
64,0.001,128,Softmax,50,0.47,0.46636796697522515,0.47,0.25032310001552105
64,0.001,128,Softmax,100,0.47,0.46636796697522515,0.47,0.24306269991211593
64,0.001,128,Softmax,300,0.47,0.46636796697522515,0.47,0.2153644000645727
64,0.001,128,Softmax,500,0.47,0.46636796697522515,0.47,0.2010969000402838
64,0.001,128,Softmax,1000,0.47,0.46636796697522515,0.47,0.20377460005693138
64,0.0001,8,ReLU,50,0.49375,0.4930370833985292,0.49375,4.268482800107449
64,0.0001,8,ReLU,100,0.49375,0.4930370833985292,0.49375,3.5459733000025153
64,0.0001,8,ReLU,300,0.49375,0.4930370833985292,0.49375,4.26082480000332
64,0.0001,8,ReLU,500,0.49375,0.4930370833985292,0.49375,3.923076300183311
64,0.0001,8,ReLU,1000,0.49375,0.4930370833985292,0.49375,3.5649290001019835
64,0.0001,8,Tanh,50,0.485,0.4835078218164667,0.485,3.321357100037858
64,0.0001,8,Tanh,100,0.485,0.4835078218164667,0.485,2.9130289999302477
64,0.0001,8,Tanh,300,0.485,0.4835078218164667,0.485,3.3197757001034915
64,0.0001,8,Tanh,500,0.485,0.4835078218164667,0.485,2.706713299965486
64,0.0001,8,Tanh,1000,0.485,0.4835078218164667,0.485,3.8217525999061763
64,0.0001,8,Sigmoid,50,0.47562499999999996,0.47470388505469163,0.475625,2.1275880001485348
64,0.0001,8,Sigmoid,100,0.47562499999999996,0.47470388505469163,0.475625,3.649369499878958
64,0.0001,8,Sigmoid,300,0.47562499999999996,0.47470388505469163,0.475625,1.992446199990809
64,0.0001,8,Sigmoid,500,0.47562499999999996,0.47470388505469163,0.475625,3.3365386999212205
64,0.0001,8,Sigmoid,1000,0.47562499999999996,0.47470388505469163,0.475625,2.086030500009656
64,0.0001,8,GELU,50,0.49375,0.4930370833985292,0.49375,4.125851799966767
64,0.0001,8,GELU,100,0.49375,0.4930370833985292,0.49375,3.515081600053236
64,0.0001,8,GELU,300,0.49375,0.4930370833985292,0.49375,5.087519200053066
64,0.0001,8,GELU,500,0.49375,0.4930370833985292,0.49375,4.327113599982113
64,0.0001,8,GELU,1000,0.49375,0.4930370833985292,0.49375,4.832738799974322
64,0.0001,8,Softmax,50,0.47562499999999996,0.47470388505469163,0.475625,3.65999160008505
64,0.0001,8,Softmax,100,0.47562499999999996,0.47470388505469163,0.475625,3.5523561001755297
64,0.0001,8,Softmax,300,0.47562499999999996,0.47470388505469163,0.475625,3.827705099945888
64,0.0001,8,Softmax,500,0.47562499999999996,0.47470388505469163,0.475625,2.7622463000006974
64,0.0001,8,Softmax,1000,0.47562499999999996,0.47470388505469163,0.475625,3.718665699940175
64,0.0001,16,ReLU,50,0.48624999999999996,0.48520754527919036,0.48625,1.0874330000951886
64,0.0001,16,ReLU,100,0.48624999999999996,0.48520754527919036,0.48625,1.5428414000198245
64,0.0001,16,ReLU,300,0.48624999999999996,0.48520754527919036,0.48625,1.9943464999087155
64,0.0001,16,ReLU,500,0.48624999999999996,0.48520754527919036,0.48625,1.4899711001198739
64,0.0001,16,ReLU,1000,0.48624999999999996,0.48520754527919036,0.48625,1.2034469998907298
64,0.0001,16,Tanh,50,0.48250000000000004,0.4807833399176026,0.4825,0.9277340001426637
64,0.0001,16,Tanh,100,0.48250000000000004,0.4807833399176026,0.4825,1.6787769999355078
64,0.0001,16,Tanh,300,0.48250000000000004,0.4807833399176026,0.4825,1.8504819998051971
64,0.0001,16,Tanh,500,0.48250000000000004,0.4807833399176026,0.4825,1.350454700179398
64,0.0001,16,Tanh,1000,0.48250000000000004,0.4807833399176026,0.4825,0.9852091001812369
64,0.0001,16,Sigmoid,50,0.481875,0.47936926119813367,0.481875,0.6370509001426399
64,0.0001,16,Sigmoid,100,0.481875,0.47936926119813367,0.481875,0.9796606998424977
64,0.0001,16,Sigmoid,300,0.481875,0.47936926119813367,0.481875,1.1149089999962598
64,0.0001,16,Sigmoid,500,0.481875,0.47936926119813367,0.481875,1.3808547998778522
64,0.0001,16,Sigmoid,1000,0.481875,0.47936926119813367,0.481875,1.0637288999278098
64,0.0001,16,GELU,50,0.48624999999999996,0.48520754527919036,0.48625,1.302699699997902
64,0.0001,16,GELU,100,0.48624999999999996,0.48520754527919036,0.48625,1.050038600107655
64,0.0001,16,GELU,300,0.48624999999999996,0.48520754527919036,0.48625,1.4768236000090837
64,0.0001,16,GELU,500,0.48624999999999996,0.48520754527919036,0.48625,1.7520919998642057
64,0.0001,16,GELU,1000,0.48624999999999996,0.48520754527919036,0.48625,1.8777338000945747
64,0.0001,16,Softmax,50,0.481875,0.47936926119813367,0.481875,0.7904016999527812
64,0.0001,16,Softmax,100,0.481875,0.47936926119813367,0.481875,0.909401600016281
64,0.0001,16,Softmax,300,0.481875,0.47936926119813367,0.481875,1.4875457000453025
64,0.0001,16,Softmax,500,0.481875,0.47936926119813367,0.481875,1.6459355000406504
64,0.0001,16,Softmax,1000,0.481875,0.47936926119813367,0.481875,1.1067620997782797
64,0.0001,32,ReLU,50,0.479375,0.47816642528731584,0.479375,0.885449499823153
64,0.0001,32,ReLU,100,0.479375,0.47816642528731584,0.479375,1.1873387999366969
64,0.0001,32,ReLU,300,0.479375,0.47816642528731584,0.479375,1.206395500106737
64,0.0001,32,ReLU,500,0.479375,0.47816642528731584,0.479375,1.0401000999845564
64,0.0001,32,ReLU,1000,0.479375,0.47816642528731584,0.479375,0.7349392999894917
64,0.0001,32,Tanh,50,0.483125,0.4808030131631661,0.483125,0.6270003998652101
64,0.0001,32,Tanh,100,0.483125,0.4808030131631661,0.483125,0.7960956997703761
64,0.0001,32,Tanh,300,0.483125,0.4808030131631661,0.483125,0.6303808002267033
64,0.0001,32,Tanh,500,0.483125,0.4808030131631661,0.483125,0.8747855999972671
64,0.0001,32,Tanh,1000,0.483125,0.4808030131631661,0.483125,0.7562595999334008
64,0.0001,32,Sigmoid,50,0.48562500000000003,0.48276383541928614,0.485625,0.7889977998565882
64,0.0001,32,Sigmoid,100,0.48562500000000003,0.48276383541928614,0.485625,0.5174016999080777
64,0.0001,32,Sigmoid,300,0.48562500000000003,0.48276383541928614,0.485625,0.5590747001115233
64,0.0001,32,Sigmoid,500,0.48562500000000003,0.48276383541928614,0.485625,0.933930299943313
64,0.0001,32,Sigmoid,1000,0.48562500000000003,0.48276383541928614,0.485625,0.8288024999201298
64,0.0001,32,GELU,50,0.479375,0.47816642528731584,0.479375,1.4096227998379618
64,0.0001,32,GELU,100,0.479375,0.47816642528731584,0.479375,1.003026599995792
64,0.0001,32,GELU,300,0.479375,0.47816642528731584,0.479375,0.8129642999265343
64,0.0001,32,GELU,500,0.479375,0.47816642528731584,0.479375,1.2769359999801964
64,0.0001,32,GELU,1000,0.479375,0.47816642528731584,0.479375,0.9665041998960078
64,0.0001,32,Softmax,50,0.48562500000000003,0.48276383541928614,0.485625,0.4565808998886496
64,0.0001,32,Softmax,100,0.48562500000000003,0.48276383541928614,0.485625,0.40845709992572665
64,0.0001,32,Softmax,300,0.48562500000000003,0.48276383541928614,0.485625,0.7419550998602062
64,0.0001,32,Softmax,500,0.48562500000000003,0.48276383541928614,0.485625,0.7775230999104679
64,0.0001,32,Softmax,1000,0.48562500000000003,0.48276383541928614,0.485625,0.7702738998923451
64,0.0001,64,ReLU,50,0.48250000000000004,0.48139066221339083,0.4825,0.5797820999287069
64,0.0001,64,ReLU,100,0.48250000000000004,0.48139066221339083,0.4825,0.5067814001813531
64,0.0001,64,ReLU,300,0.48250000000000004,0.48139066221339083,0.4825,0.5215574998874217
64,0.0001,64,ReLU,500,0.48250000000000004,0.48139066221339083,0.4825,0.4217215001117438
64,0.0001,64,ReLU,1000,0.48250000000000004,0.48139066221339083,0.4825,0.6258099998813123
64,0.0001,64,Tanh,50,0.48250000000000004,0.4801313484564045,0.4825,0.5948445999529213
64,0.0001,64,Tanh,100,0.48250000000000004,0.4801313484564045,0.4825,0.6060525001958013
64,0.0001,64,Tanh,300,0.48250000000000004,0.4801313484564045,0.4825,0.5394870000891387
64,0.0001,64,Tanh,500,0.48250000000000004,0.4801313484564045,0.4825,0.4487350999843329
64,0.0001,64,Tanh,1000,0.48250000000000004,0.4801313484564045,0.4825,0.3920928000006825
64,0.0001,64,Sigmoid,50,0.490625,0.48889823469996874,0.490625,0.2991732000373304
64,0.0001,64,Sigmoid,100,0.490625,0.48889823469996874,0.490625,0.30243830010294914
64,0.0001,64,Sigmoid,300,0.490625,0.48889823469996874,0.490625,0.30881499988026917
64,0.0001,64,Sigmoid,500,0.490625,0.48889823469996874,0.490625,0.27903880015946925
64,0.0001,64,Sigmoid,1000,0.490625,0.48889823469996874,0.490625,0.22290749987587333
64,0.0001,64,GELU,50,0.48250000000000004,0.48139066221339083,0.4825,0.48766149999573827
64,0.0001,64,GELU,100,0.48250000000000004,0.48139066221339083,0.4825,0.8632328000385314
64,0.0001,64,GELU,300,0.48250000000000004,0.48139066221339083,0.4825,0.8157003000378609
64,0.0001,64,GELU,500,0.48250000000000004,0.48139066221339083,0.4825,0.7703984000254422
64,0.0001,64,GELU,1000,0.48250000000000004,0.48139066221339083,0.4825,0.5295235998928547
64,0.0001,64,Softmax,50,0.490625,0.48889823469996874,0.490625,0.2635757001116872
64,0.0001,64,Softmax,100,0.490625,0.48889823469996874,0.490625,0.2553778998553753
64,0.0001,64,Softmax,300,0.490625,0.48889823469996874,0.490625,0.2472724001854658
64,0.0001,64,Softmax,500,0.490625,0.48889823469996874,0.490625,0.2685942999087274
64,0.0001,64,Softmax,1000,0.490625,0.48889823469996874,0.490625,0.23360979999415576
64,0.0001,128,ReLU,50,0.48375,0.4826433417732619,0.48375,0.29742510011419654
64,0.0001,128,ReLU,100,0.48375,0.4826433417732619,0.48375,0.27583459997549653
64,0.0001,128,ReLU,300,0.48375,0.4826433417732619,0.48375,0.308277599979192
64,0.0001,128,ReLU,500,0.48375,0.4826433417732619,0.48375,0.399502000072971
64,0.0001,128,ReLU,1000,0.48375,0.4826433417732619,0.48375,0.328436000039801
64,0.0001,128,Tanh,50,0.48,0.4765443749754237,0.48,0.4127742999698967
64,0.0001,128,Tanh,100,0.48,0.4765443749754237,0.48,0.3843690000940114
64,0.0001,128,Tanh,300,0.48,0.4765443749754237,0.48,0.3241641998756677
64,0.0001,128,Tanh,500,0.48,0.4765443749754237,0.48,0.2718639001250267
64,0.0001,128,Tanh,1000,0.48,0.4765443749754237,0.48,0.25205200002528727
64,0.0001,128,Sigmoid,50,0.49312500000000004,0.49117696305268727,0.493125,0.2474076000507921
64,0.0001,128,Sigmoid,100,0.49312500000000004,0.49117696305268727,0.493125,0.22571599995717406
64,0.0001,128,Sigmoid,300,0.49312500000000004,0.49117696305268727,0.493125,0.22112559992820024
64,0.0001,128,Sigmoid,500,0.49312500000000004,0.49117696305268727,0.493125,0.21422900003381073
64,0.0001,128,Sigmoid,1000,0.49312500000000004,0.49117696305268727,0.493125,0.2051097999792546
64,0.0001,128,GELU,50,0.48375,0.4826433417732619,0.48375,0.16306880000047386
64,0.0001,128,GELU,100,0.48375,0.4826433417732619,0.48375,0.2442586999386549
64,0.0001,128,GELU,300,0.48375,0.4826433417732619,0.48375,0.3142303000204265
64,0.0001,128,GELU,500,0.48375,0.4826433417732619,0.48375,0.3469768001232296
64,0.0001,128,GELU,1000,0.48375,0.4826433417732619,0.48375,0.35311220004223287
64,0.0001,128,Softmax,50,0.49312500000000004,0.49117696305268727,0.493125,0.32311190012842417
64,0.0001,128,Softmax,100,0.49312500000000004,0.49117696305268727,0.493125,0.32103649992495775
64,0.0001,128,Softmax,300,0.49312500000000004,0.49117696305268727,0.493125,0.2679085999261588
64,0.0001,128,Softmax,500,0.49312500000000004,0.49117696305268727,0.493125,0.2356670000590384
64,0.0001,128,Softmax,1000,0.49312500000000004,0.49117696305268727,0.493125,0.23587729991413653
64,0.00025,8,ReLU,50,0.558125,0.5575233354416689,0.558125,3.456694799941033
64,0.00025,8,ReLU,100,0.56875,0.5682210708117443,0.56875,4.781795399961993
64,0.00025,8,ReLU,300,0.56875,0.5682210708117443,0.56875,4.575058599933982
64,0.00025,8,ReLU,500,0.56875,0.5682210708117443,0.56875,5.332078599836677
64,0.00025,8,ReLU,1000,0.56875,0.5682210708117443,0.56875,5.6847697999328375
64,0.00025,8,Tanh,50,0.47,0.468671679197995,0.47,2.9992378000169992
64,0.00025,8,Tanh,100,0.47,0.468671679197995,0.47,2.8375470000319183
64,0.00025,8,Tanh,300,0.47,0.468671679197995,0.47,2.515483100200072
64,0.00025,8,Tanh,500,0.47,0.468671679197995,0.47,3.253676699940115
64,0.00025,8,Tanh,1000,0.47,0.468671679197995,0.47,3.0906152999959886
64,0.00025,8,Sigmoid,50,0.475,0.4748818484158936,0.475,2.266960200155154
64,0.00025,8,Sigmoid,100,0.475,0.4748818484158936,0.475,2.6985675001051277
64,0.00025,8,Sigmoid,300,0.475,0.4748818484158936,0.475,2.269451400032267
64,0.00025,8,Sigmoid,500,0.475,0.4748818484158936,0.475,2.703028199961409
64,0.00025,8,Sigmoid,1000,0.475,0.4748818484158936,0.475,2.1506850998848677
64,0.00025,8,GELU,50,0.558125,0.5575233354416689,0.558125,4.075698399916291
64,0.00025,8,GELU,100,0.56875,0.5682210708117443,0.56875,5.357680099783465
64,0.00025,8,GELU,300,0.56875,0.5682210708117443,0.56875,5.407870600000024
64,0.00025,8,GELU,500,0.56875,0.5682210708117443,0.56875,5.339345599990338
64,0.00025,8,GELU,1000,0.56875,0.5682210708117443,0.56875,5.620142600033432
64,0.00025,8,Softmax,50,0.475,0.4748818484158936,0.475,2.7303541000001132
64,0.00025,8,Softmax,100,0.475,0.4748818484158936,0.475,2.4746830000076443
64,0.00025,8,Softmax,300,0.475,0.4748818484158936,0.475,2.4160092999227345
64,0.00025,8,Softmax,500,0.475,0.4748818484158936,0.475,2.6077889997977763
64,0.00025,8,Softmax,1000,0.475,0.4748818484158936,0.475,2.964283099863678
64,0.00025,16,ReLU,50,0.511875,0.5115221892687336,0.511875,2.1213078000582755
64,0.00025,16,ReLU,100,0.524375,0.523812317288984,0.524375,2.955971699906513
64,0.00025,16,ReLU,300,0.524375,0.523812317288984,0.524375,2.614892499987036
64,0.00025,16,ReLU,500,0.524375,0.523812317288984,0.524375,3.2434337998274714
64,0.00025,16,ReLU,1000,0.524375,0.523812317288984,0.524375,2.966683200094849
64,0.00025,16,Tanh,50,0.48562500000000003,0.48348448707946334,0.485625,1.5200094999745488
64,0.00025,16,Tanh,100,0.48562500000000003,0.48348448707946334,0.485625,1.7520195997785777
64,0.00025,16,Tanh,300,0.48562500000000003,0.48348448707946334,0.485625,1.9172712999861687
64,0.00025,16,Tanh,500,0.48562500000000003,0.48348448707946334,0.485625,1.6196234000381082
64,0.00025,16,Tanh,1000,0.48562500000000003,0.48348448707946334,0.485625,1.7818210998084396
64,0.00025,16,Sigmoid,50,0.48,0.47931578840319855,0.48,0.9724242000374943
64,0.00025,16,Sigmoid,100,0.48,0.47931578840319855,0.48,1.4389176000840962
64,0.00025,16,Sigmoid,300,0.48,0.47931578840319855,0.48,0.9934352000709623
64,0.00025,16,Sigmoid,500,0.48,0.47931578840319855,0.48,1.4500677997712046
64,0.00025,16,Sigmoid,1000,0.48,0.47931578840319855,0.48,0.9404374998994172
64,0.00025,16,GELU,50,0.511875,0.5115221892687336,0.511875,2.0976941001135856
64,0.00025,16,GELU,100,0.524375,0.523812317288984,0.524375,2.5319536000024527
64,0.00025,16,GELU,300,0.524375,0.523812317288984,0.524375,2.616940600099042
64,0.00025,16,GELU,500,0.524375,0.523812317288984,0.524375,2.963579799979925
64,0.00025,16,GELU,1000,0.524375,0.523812317288984,0.524375,2.7154945000074804
64,0.00025,16,Softmax,50,0.48,0.47931578840319855,0.48,1.2376272999681532
64,0.00025,16,Softmax,100,0.48,0.47931578840319855,0.48,1.1922285000327975
64,0.00025,16,Softmax,300,0.48,0.47931578840319855,0.48,1.1017436999827623
64,0.00025,16,Softmax,500,0.48,0.47931578840319855,0.48,1.023470299784094
64,0.00025,16,Softmax,1000,0.48,0.47931578840319855,0.48,1.1598652000539005
64,0.00025,32,ReLU,50,0.485,0.48432236736086015,0.485,1.1239675998222083
64,0.00025,32,ReLU,100,0.485,0.4844127138568776,0.485,1.3988367998972535
64,0.00025,32,ReLU,300,0.485,0.4844127138568776,0.485,1.3584547999780625
64,0.00025,32,ReLU,500,0.485,0.4844127138568776,0.485,1.5510202997829765
64,0.00025,32,ReLU,1000,0.485,0.4844127138568776,0.485,1.2685076999478042
64,0.00025,32,Tanh,50,0.47750000000000004,0.4757667538298499,0.4775,0.973580300109461
64,0.00025,32,Tanh,100,0.47750000000000004,0.4757667538298499,0.4775,1.0895795000251383
64,0.00025,32,Tanh,300,0.47750000000000004,0.4757667538298499,0.4775,1.0451024998910725
64,0.00025,32,Tanh,500,0.47750000000000004,0.4757667538298499,0.4775,1.1459204000420868
64,0.00025,32,Tanh,1000,0.47750000000000004,0.4757667538298499,0.4775,0.9325164000038058
64,0.00025,32,Sigmoid,50,0.47625,0.47518725418973423,0.47625,0.7986696001607925
64,0.00025,32,Sigmoid,100,0.47625,0.47518725418973423,0.47625,0.7684339000843465
64,0.00025,32,Sigmoid,300,0.47625,0.47518725418973423,0.47625,0.7718740000855178
64,0.00025,32,Sigmoid,500,0.47625,0.47518725418973423,0.47625,0.6471476000733674
64,0.00025,32,Sigmoid,1000,0.47625,0.47518725418973423,0.47625,0.8585230000317097
64,0.00025,32,GELU,50,0.485,0.48432236736086015,0.485,0.9991174000315368
64,0.00025,32,GELU,100,0.485,0.4844127138568776,0.485,1.3966169999912381
64,0.00025,32,GELU,300,0.485,0.4844127138568776,0.485,1.386402599979192
64,0.00025,32,GELU,500,0.485,0.4844127138568776,0.485,1.3944621998816729
64,0.00025,32,GELU,1000,0.485,0.4844127138568776,0.485,1.3388047001790255
64,0.00025,32,Softmax,50,0.47625,0.47518725418973423,0.47625,0.764083500020206
64,0.00025,32,Softmax,100,0.47625,0.47518725418973423,0.47625,0.7422975001391023
64,0.00025,32,Softmax,300,0.47625,0.47518725418973423,0.47625,0.87771139992401
64,0.00025,32,Softmax,500,0.47625,0.47518725418973423,0.47625,0.7094941001851112
64,0.00025,32,Softmax,1000,0.47625,0.47518725418973423,0.47625,0.8245306999888271
64,0.00025,64,ReLU,50,0.491875,0.4904368775156448,0.491875,0.4058568000327796
64,0.00025,64,ReLU,100,0.491875,0.4904368775156448,0.491875,0.6590225999243557
64,0.00025,64,ReLU,300,0.491875,0.4904368775156448,0.491875,0.5430319998413324
64,0.00025,64,ReLU,500,0.491875,0.4904368775156448,0.491875,0.5971033999230713
64,0.00025,64,ReLU,1000,0.491875,0.4904368775156448,0.491875,0.45307939988560975
64,0.00025,64,Tanh,50,0.47562499999999996,0.47360970653662715,0.475625,0.6364500999916345
64,0.00025,64,Tanh,100,0.47562499999999996,0.47360970653662715,0.475625,0.6443634999450296
64,0.00025,64,Tanh,300,0.47562499999999996,0.47360970653662715,0.475625,0.715883799828589
64,0.00025,64,Tanh,500,0.47562499999999996,0.47360970653662715,0.475625,0.5409425999969244
64,0.00025,64,Tanh,1000,0.47562499999999996,0.47360970653662715,0.475625,0.5746957000810653
64,0.00025,64,Sigmoid,50,0.48624999999999996,0.486134380235553,0.48625,0.6581991000566632
64,0.00025,64,Sigmoid,100,0.48624999999999996,0.486134380235553,0.48625,0.32694839988835156
64,0.00025,64,Sigmoid,300,0.48624999999999996,0.486134380235553,0.48625,0.5525867000687867
64,0.00025,64,Sigmoid,500,0.48624999999999996,0.486134380235553,0.48625,0.4077594999689609
64,0.00025,64,Sigmoid,1000,0.48624999999999996,0.486134380235553,0.48625,0.5055633999872953
64,0.00025,64,GELU,50,0.491875,0.4904368775156448,0.491875,0.4864935998339206
64,0.00025,64,GELU,100,0.491875,0.4904368775156448,0.491875,0.5794931999407709
64,0.00025,64,GELU,300,0.491875,0.4904368775156448,0.491875,0.43412830005399883
64,0.00025,64,GELU,500,0.491875,0.4904368775156448,0.491875,0.4582682999316603
64,0.00025,64,GELU,1000,0.491875,0.4904368775156448,0.491875,0.5768027999438345
64,0.00025,64,Softmax,50,0.48624999999999996,0.486134380235553,0.48625,0.3901088999118656
64,0.00025,64,Softmax,100,0.48624999999999996,0.486134380235553,0.48625,0.38324819994159043
64,0.00025,64,Softmax,300,0.48624999999999996,0.486134380235553,0.48625,0.5402694998774678
64,0.00025,64,Softmax,500,0.48624999999999996,0.486134380235553,0.48625,0.44064679997973144
64,0.00025,64,Softmax,1000,0.48624999999999996,0.486134380235553,0.48625,0.3733218000270426
64,0.00025,128,ReLU,50,0.48624999999999996,0.48508823031965875,0.48625,0.4997262000106275
64,0.00025,128,ReLU,100,0.486875,0.48568383572735446,0.486875,0.5517667999956757
64,0.00025,128,ReLU,300,0.486875,0.48568383572735446,0.486875,0.5655823000706732
64,0.00025,128,ReLU,500,0.486875,0.48568383572735446,0.486875,0.5529790001455694
64,0.00025,128,ReLU,1000,0.486875,0.48568383572735446,0.486875,0.5539150999393314
64,0.00025,128,Tanh,50,0.49062500000000003,0.4891144951616714,0.490625,0.33836719999089837
64,0.00025,128,Tanh,100,0.49062500000000003,0.4891144951616714,0.490625,0.41887570009566844
64,0.00025,128,Tanh,300,0.49062500000000003,0.4891144951616714,0.490625,0.2919018999673426
64,0.00025,128,Tanh,500,0.49062500000000003,0.4891144951616714,0.490625,0.5216846000403166
64,0.00025,128,Tanh,1000,0.49062500000000003,0.4891144951616714,0.490625,0.3572424999438226
64,0.00025,128,Sigmoid,50,0.4825,0.4820719000548891,0.4825,0.24797670007683337
64,0.00025,128,Sigmoid,100,0.4825,0.4820719000548891,0.4825,0.30501200002618134
64,0.00025,128,Sigmoid,300,0.4825,0.4820719000548891,0.4825,0.22235099994577467
64,0.00025,128,Sigmoid,500,0.4825,0.4820719000548891,0.4825,0.19476940017193556
64,0.00025,128,Sigmoid,1000,0.4825,0.4820719000548891,0.4825,0.2239938999991864
64,0.00025,128,GELU,50,0.48624999999999996,0.48508823031965875,0.48625,0.576145299943164
64,0.00025,128,GELU,100,0.486875,0.48568383572735446,0.486875,0.5552801000885665
64,0.00025,128,GELU,300,0.486875,0.48568383572735446,0.486875,0.4971222998574376
64,0.00025,128,GELU,500,0.486875,0.48568383572735446,0.486875,0.43760680011473596
64,0.00025,128,GELU,1000,0.486875,0.48568383572735446,0.486875,0.513844900066033
64,0.00025,128,Softmax,50,0.4825,0.4820719000548891,0.4825,0.24979339982382953
64,0.00025,128,Softmax,100,0.4825,0.4820719000548891,0.4825,0.20647539990022779
64,0.00025,128,Softmax,300,0.4825,0.4820719000548891,0.4825,0.18245560000650585
64,0.00025,128,Softmax,500,0.4825,0.4820719000548891,0.4825,0.3075209001544863
64,0.00025,128,Softmax,1000,0.4825,0.4820719000548891,0.4825,0.3032401001546532
128,0.01,8,ReLU,50,0.691875,0.6915104762463458,0.691875,1.8415991999208927
128,0.01,8,ReLU,100,0.691875,0.6915104762463458,0.691875,1.7206627000123262
128,0.01,8,ReLU,300,0.691875,0.6915104762463458,0.691875,2.787195899989456
128,0.01,8,ReLU,500,0.691875,0.6915104762463458,0.691875,2.3599247001111507
128,0.01,8,ReLU,1000,0.691875,0.6915104762463458,0.691875,1.5773969998117536
128,0.01,8,Tanh,50,0.70625,0.7048549786098355,0.70625,4.999073100043461
128,0.01,8,Tanh,100,0.70625,0.7048549786098355,0.70625,2.732239000033587
128,0.01,8,Tanh,300,0.70625,0.7048549786098355,0.70625,2.423406600020826
128,0.01,8,Tanh,500,0.70625,0.7048549786098355,0.70625,4.4819386000745
128,0.01,8,Tanh,1000,0.70625,0.7048549786098355,0.70625,3.1324841000605375
128,0.01,8,Sigmoid,50,0.718125,0.7161637580925386,0.718125,2.274468499934301
128,0.01,8,Sigmoid,100,0.718125,0.7161637580925386,0.718125,3.101835599867627
128,0.01,8,Sigmoid,300,0.718125,0.7161637580925386,0.718125,4.007473299978301
128,0.01,8,Sigmoid,500,0.718125,0.7161637580925386,0.718125,2.6817385000176728
128,0.01,8,Sigmoid,1000,0.718125,0.7161637580925386,0.718125,2.870005000149831
128,0.01,8,GELU,50,0.691875,0.6915104762463458,0.691875,3.027451500063762
128,0.01,8,GELU,100,0.691875,0.6915104762463458,0.691875,2.0337679001968354
128,0.01,8,GELU,300,0.691875,0.6915104762463458,0.691875,1.3849305999465287
128,0.01,8,GELU,500,0.691875,0.6915104762463458,0.691875,1.2978741999249905
128,0.01,8,GELU,1000,0.691875,0.6915104762463458,0.691875,1.270903600146994
128,0.01,8,Softmax,50,0.718125,0.7161637580925386,0.718125,3.067106100032106
128,0.01,8,Softmax,100,0.718125,0.7161637580925386,0.718125,4.602264799876139
128,0.01,8,Softmax,300,0.718125,0.7161637580925386,0.718125,3.174261000007391
128,0.01,8,Softmax,500,0.718125,0.7161637580925386,0.718125,4.397490000119433
128,0.01,8,Softmax,1000,0.718125,0.7161637580925386,0.718125,3.4710500999353826
128,0.01,16,ReLU,50,0.6975,0.6972914148655558,0.6975,0.8721140001434833
128,0.01,16,ReLU,100,0.6975,0.6972914148655558,0.6975,1.5161322001367807
128,0.01,16,ReLU,300,0.6975,0.6972914148655558,0.6975,1.3962449999526143
128,0.01,16,ReLU,500,0.6975,0.6972914148655558,0.6975,1.5340712999459356
128,0.01,16,ReLU,1000,0.6975,0.6972914148655558,0.6975,1.1437576001044363
128,0.01,16,Tanh,50,0.715,0.7132778752381491,0.715,1.5029490001033992
128,0.01,16,Tanh,100,0.715,0.7132778752381491,0.715,1.438865500036627
128,0.01,16,Tanh,300,0.715,0.7132778752381491,0.715,1.1471462999470532
128,0.01,16,Tanh,500,0.715,0.7132778752381491,0.715,1.0156135999131948
128,0.01,16,Tanh,1000,0.715,0.7132778752381491,0.715,2.1293021000456065
128,0.01,16,Sigmoid,50,0.719375,0.7172409422835391,0.719375,2.6107338999863714
128,0.01,16,Sigmoid,100,0.719375,0.7172409422835391,0.719375,2.1089270999655128
128,0.01,16,Sigmoid,300,0.719375,0.7172409422835391,0.719375,1.9216066000517458
128,0.01,16,Sigmoid,500,0.719375,0.7172409422835391,0.719375,1.43224100000225
128,0.01,16,Sigmoid,1000,0.719375,0.7172409422835391,0.719375,2.4431032000575215
128,0.01,16,GELU,50,0.6975,0.6972914148655558,0.6975,1.4256988998968154
128,0.01,16,GELU,100,0.6975,0.6972914148655558,0.6975,1.346515600103885
128,0.01,16,GELU,300,0.6975,0.6972914148655558,0.6975,1.150718200020492
128,0.01,16,GELU,500,0.6975,0.6972914148655558,0.6975,1.0431198000442237
128,0.01,16,GELU,1000,0.6975,0.6972914148655558,0.6975,0.9229474000167102
128,0.01,16,Softmax,50,0.719375,0.7172409422835391,0.719375,1.4937672999221832
128,0.01,16,Softmax,100,0.719375,0.7172409422835391,0.719375,1.5957138000521809
128,0.01,16,Softmax,300,0.719375,0.7172409422835391,0.719375,2.550770200090483
128,0.01,16,Softmax,500,0.719375,0.7172409422835391,0.719375,2.8201945000328124
128,0.01,16,Softmax,1000,0.719375,0.7172409422835391,0.719375,2.21285909996368
128,0.01,32,ReLU,50,0.68125,0.6805667122328857,0.68125,0.4582644999027252
128,0.01,32,ReLU,100,0.68125,0.6805667122328857,0.68125,0.9191348000895232
128,0.01,32,ReLU,300,0.68125,0.6805667122328857,0.68125,0.9340053999330848
128,0.01,32,ReLU,500,0.68125,0.6805667122328857,0.68125,0.8932614999357611
128,0.01,32,ReLU,1000,0.68125,0.6805667122328857,0.68125,0.8125225999392569
128,0.01,32,Tanh,50,0.70625,0.704175065419796,0.70625,1.450807400047779
128,0.01,32,Tanh,100,0.70625,0.704175065419796,0.70625,1.4801009998191148
128,0.01,32,Tanh,300,0.70625,0.704175065419796,0.70625,1.516536199953407
128,0.01,32,Tanh,500,0.70625,0.704175065419796,0.70625,1.3066908998880535
128,0.01,32,Tanh,1000,0.70625,0.704175065419796,0.70625,1.1986014998983592
128,0.01,32,Sigmoid,50,0.71875,0.7161886021342617,0.71875,1.2051362001802772
128,0.01,32,Sigmoid,100,0.71875,0.7161886021342617,0.71875,1.0450477001722902
128,0.01,32,Sigmoid,300,0.71875,0.7161886021342617,0.71875,0.8648226000368595
128,0.01,32,Sigmoid,500,0.71875,0.7161886021342617,0.71875,1.3003166001290083
128,0.01,32,Sigmoid,1000,0.71875,0.7161886021342617,0.71875,1.827624199911952
128,0.01,32,GELU,50,0.68125,0.6805667122328857,0.68125,0.9503717001061887
128,0.01,32,GELU,100,0.68125,0.6805667122328857,0.68125,0.8262046999298036
128,0.01,32,GELU,300,0.68125,0.6805667122328857,0.68125,1.0599418999627233
128,0.01,32,GELU,500,0.68125,0.6805667122328857,0.68125,0.8440916000399739
128,0.01,32,GELU,1000,0.68125,0.6805667122328857,0.68125,1.0070767998695374
128,0.01,32,Softmax,50,0.71875,0.7161886021342617,0.71875,1.6746336000505835
128,0.01,32,Softmax,100,0.71875,0.7161886021342617,0.71875,1.5075418001506478
128,0.01,32,Softmax,300,0.71875,0.7161886021342617,0.71875,1.1444336997810751
128,0.01,32,Softmax,500,0.71875,0.7161886021342617,0.71875,0.9700821998994797
128,0.01,32,Softmax,1000,0.71875,0.7161886021342617,0.71875,0.9415916001889855
128,0.01,64,ReLU,50,0.681875,0.6818738815878649,0.681875,0.4830754001159221
128,0.01,64,ReLU,100,0.681875,0.6818738815878649,0.681875,0.5871125999838114
128,0.01,64,ReLU,300,0.681875,0.6818738815878649,0.681875,0.6940876999869943
128,0.01,64,ReLU,500,0.681875,0.6818738815878649,0.681875,0.5286971000023186
128,0.01,64,ReLU,1000,0.681875,0.6818738815878649,0.681875,0.5598594001494348
128,0.01,64,Tanh,50,0.7093750000000001,0.707164895683398,0.709375,0.9273435999639332
128,0.01,64,Tanh,100,0.7093750000000001,0.707164895683398,0.709375,0.9380386001430452
128,0.01,64,Tanh,300,0.7093750000000001,0.707164895683398,0.709375,0.8858904999215156
128,0.01,64,Tanh,500,0.7093750000000001,0.707164895683398,0.709375,0.906827799975872
128,0.01,64,Tanh,1000,0.7093750000000001,0.707164895683398,0.709375,0.9143285001628101
128,0.01,64,Sigmoid,50,0.6681250000000001,0.6584713457217868,0.668125,1.2748668999411166
128,0.01,64,Sigmoid,100,0.6681250000000001,0.6584713457217868,0.668125,1.2356267001014203
128,0.01,64,Sigmoid,300,0.6681250000000001,0.6584713457217868,0.668125,0.9256728000473231
128,0.01,64,Sigmoid,500,0.6681250000000001,0.6584713457217868,0.668125,0.9748283999506384
128,0.01,64,Sigmoid,1000,0.6681250000000001,0.6584713457217868,0.668125,0.8603246998973191
128,0.01,64,GELU,50,0.681875,0.6818738815878649,0.681875,0.349012500140816
128,0.01,64,GELU,100,0.681875,0.6818738815878649,0.681875,0.2875316001009196
128,0.01,64,GELU,300,0.681875,0.6818738815878649,0.681875,0.30844860011711717
128,0.01,64,GELU,500,0.681875,0.6818738815878649,0.681875,0.6909319998230785
128,0.01,64,GELU,1000,0.681875,0.6818738815878649,0.681875,0.6299227001145482
128,0.01,64,Softmax,50,0.6681250000000001,0.6584713457217868,0.668125,1.2825452000834048
128,0.01,64,Softmax,100,0.6681250000000001,0.6584713457217868,0.668125,1.2056375001557171
128,0.01,64,Softmax,300,0.6681250000000001,0.6584713457217868,0.668125,1.4082206001039594
128,0.01,64,Softmax,500,0.6681250000000001,0.6584713457217868,0.668125,1.3747016000561416
128,0.01,64,Softmax,1000,0.6681250000000001,0.6584713457217868,0.668125,1.3199537999462336
128,0.01,128,ReLU,50,0.68125,0.68124551751509,0.68125,0.4669331999029964
128,0.01,128,ReLU,100,0.68125,0.68124551751509,0.68125,0.5874022000934929
128,0.01,128,ReLU,300,0.68125,0.68124551751509,0.68125,0.44974910002201796
128,0.01,128,ReLU,500,0.68125,0.68124551751509,0.68125,0.39791620010510087
128,0.01,128,ReLU,1000,0.68125,0.68124551751509,0.68125,0.3752721000928432
128,0.01,128,Tanh,50,0.660625,0.6591004064662626,0.660625,0.6756521000061184
128,0.01,128,Tanh,100,0.660625,0.6591004064662626,0.660625,0.5817183998879045
128,0.01,128,Tanh,300,0.660625,0.6591004064662626,0.660625,0.500821600202471
128,0.01,128,Tanh,500,0.660625,0.6591004064662626,0.660625,0.5232216001022607
128,0.01,128,Tanh,1000,0.660625,0.6591004064662626,0.660625,0.49778900016099215
128,0.01,128,Sigmoid,50,0.5062500000000001,0.49264577202134097,0.50625,0.47056309995241463
128,0.01,128,Sigmoid,100,0.5062500000000001,0.49264577202134097,0.50625,0.6498939001467079
128,0.01,128,Sigmoid,300,0.5062500000000001,0.49264577202134097,0.50625,0.6416289999615401
128,0.01,128,Sigmoid,500,0.5062500000000001,0.49264577202134097,0.50625,0.6723713998217136
128,0.01,128,Sigmoid,1000,0.5062500000000001,0.49264577202134097,0.50625,0.7746021000202745
128,0.01,128,GELU,50,0.68125,0.68124551751509,0.68125,0.6258139999117702
128,0.01,128,GELU,100,0.68125,0.68124551751509,0.68125,0.7271485000383109
128,0.01,128,GELU,300,0.68125,0.68124551751509,0.68125,0.5139393999706954
128,0.01,128,GELU,500,0.68125,0.68124551751509,0.68125,0.3374280999414623
128,0.01,128,GELU,1000,0.68125,0.68124551751509,0.68125,0.37551079993136227
128,0.01,128,Softmax,50,0.5062500000000001,0.49264577202134097,0.50625,0.4269302000757307
128,0.01,128,Softmax,100,0.5062500000000001,0.49264577202134097,0.50625,0.3599590000230819
128,0.01,128,Softmax,300,0.5062500000000001,0.49264577202134097,0.50625,0.38232950004749
128,0.01,128,Softmax,500,0.5062500000000001,0.49264577202134097,0.50625,0.6119922001380473
128,0.01,128,Softmax,1000,0.5062500000000001,0.49264577202134097,0.50625,0.6467173998244107
128,0.001,8,ReLU,50,0.6925,0.692199413489736,0.6925,4.226773899979889
128,0.001,8,ReLU,100,0.6925,0.692199413489736,0.6925,2.3046542999800295
128,0.001,8,ReLU,300,0.6925,0.692199413489736,0.6925,2.1539684999734163
128,0.001,8,ReLU,500,0.6925,0.692199413489736,0.6925,2.7998210000805557
128,0.001,8,ReLU,1000,0.6925,0.692199413489736,0.6925,4.099140299949795
128,0.001,8,Tanh,50,0.57,0.5665861890295278,0.57,2.9330096000339836
128,0.001,8,Tanh,100,0.57,0.5665861890295278,0.57,3.7167207000311464
128,0.001,8,Tanh,300,0.57,0.5665861890295278,0.57,4.57490020012483
128,0.001,8,Tanh,500,0.57,0.5665861890295278,0.57,2.971151900012046
128,0.001,8,Tanh,1000,0.57,0.5665861890295278,0.57,5.255625799996778
128,0.001,8,Sigmoid,50,0.505625,0.4846215148527633,0.505625,1.6235058999154717
128,0.001,8,Sigmoid,100,0.505625,0.4846215148527633,0.505625,1.6523295000661165
128,0.001,8,Sigmoid,300,0.505625,0.4846215148527633,0.505625,2.4579156001564115
128,0.001,8,Sigmoid,500,0.505625,0.4846215148527633,0.505625,3.6454183999449015
128,0.001,8,Sigmoid,1000,0.505625,0.4846215148527633,0.505625,2.8297639999073
128,0.001,8,GELU,50,0.6925,0.692199413489736,0.6925,3.1427574998233467
128,0.001,8,GELU,100,0.6925,0.692199413489736,0.6925,4.39822639990598
128,0.001,8,GELU,300,0.6925,0.692199413489736,0.6925,4.208058499963954
128,0.001,8,GELU,500,0.6925,0.692199413489736,0.6925,2.4362641000188887
128,0.001,8,GELU,1000,0.6925,0.692199413489736,0.6925,2.744264699984342
128,0.001,8,Softmax,50,0.505625,0.4846215148527633,0.505625,3.34998119994998
128,0.001,8,Softmax,100,0.505625,0.4846215148527633,0.505625,3.312281500082463
128,0.001,8,Softmax,300,0.505625,0.4846215148527633,0.505625,2.7950993000995368
128,0.001,8,Softmax,500,0.505625,0.4846215148527633,0.505625,1.8964757001958787
128,0.001,8,Softmax,1000,0.505625,0.4846215148527633,0.505625,2.5551287000998855
128,0.001,16,ReLU,50,0.694375,0.6942602281559601,0.694375,3.1308970998506993
128,0.001,16,ReLU,100,0.69625,0.6961431753350786,0.69625,3.739589500008151
128,0.001,16,ReLU,300,0.69625,0.6961431753350786,0.69625,2.847404500003904
128,0.001,16,ReLU,500,0.69625,0.6961431753350786,0.69625,2.5719665000215173
128,0.001,16,ReLU,1000,0.69625,0.6961431753350786,0.69625,3.9378554997965693
128,0.001,16,Tanh,50,0.516875,0.5100383119298619,0.516875,2.4970778999850154
128,0.001,16,Tanh,100,0.516875,0.5104711596347691,0.516875,2.4329758000094444
128,0.001,16,Tanh,300,0.516875,0.5104711596347691,0.516875,2.351612800033763
128,0.001,16,Tanh,500,0.516875,0.5104711596347691,0.516875,3.1219788000453264
128,0.001,16,Tanh,1000,0.516875,0.5104711596347691,0.516875,2.7692136999685317
128,0.001,16,Sigmoid,50,0.506875,0.4887824932301341,0.506875,1.051259000087157
128,0.001,16,Sigmoid,100,0.506875,0.4887824932301341,0.506875,1.6005530999973416
128,0.001,16,Sigmoid,300,0.506875,0.4887824932301341,0.506875,1.5571002000942826
128,0.001,16,Sigmoid,500,0.506875,0.4887824932301341,0.506875,0.9006757999304682
128,0.001,16,Sigmoid,1000,0.506875,0.4887824932301341,0.506875,1.1153862001374364
128,0.001,16,GELU,50,0.694375,0.6942602281559601,0.694375,2.7466571999248117
128,0.001,16,GELU,100,0.69625,0.6961431753350786,0.69625,2.5437006999272853
128,0.001,16,GELU,300,0.69625,0.6961431753350786,0.69625,3.376135000027716
128,0.001,16,GELU,500,0.69625,0.6961431753350786,0.69625,3.5340992000419647
128,0.001,16,GELU,1000,0.69625,0.6961431753350786,0.69625,2.573451800039038
128,0.001,16,Softmax,50,0.506875,0.4887824932301341,0.506875,1.6257000002078712
128,0.001,16,Softmax,100,0.506875,0.4887824932301341,0.506875,1.1485212000552565
128,0.001,16,Softmax,300,0.506875,0.4887824932301341,0.506875,0.7963310000486672
128,0.001,16,Softmax,500,0.506875,0.4887824932301341,0.506875,1.047543300082907
128,0.001,16,Softmax,1000,0.506875,0.4887824932301341,0.506875,1.6192793999798596
128,0.001,32,ReLU,50,0.6925,0.6924418522876982,0.6925,1.8455231999978423
128,0.001,32,ReLU,100,0.6925,0.6924418522876982,0.6925,1.3197270999662578
128,0.001,32,ReLU,300,0.6925,0.6924418522876982,0.6925,1.3310396999586374
128,0.001,32,ReLU,500,0.6925,0.6924418522876982,0.6925,2.12379219988361
128,0.001,32,ReLU,1000,0.6925,0.6924418522876982,0.6925,1.7666015999857336
128,0.001,32,Tanh,50,0.50625,0.49963264168630134,0.50625,0.7299629999324679
128,0.001,32,Tanh,100,0.50625,0.49963264168630134,0.50625,0.49959599995054305
128,0.001,32,Tanh,300,0.50625,0.49963264168630134,0.50625,0.7302387999370694
128,0.001,32,Tanh,500,0.50625,0.49963264168630134,0.50625,1.0185528001748025
128,0.001,32,Tanh,1000,0.50625,0.49963264168630134,0.50625,1.1028330000117421
128,0.001,32,Sigmoid,50,0.5225,0.5116954999608526,0.5225,1.1651135000865906
128,0.001,32,Sigmoid,100,0.5225,0.5116954999608526,0.5225,0.7930481999646872
128,0.001,32,Sigmoid,300,0.5225,0.5116954999608526,0.5225,0.7129496999550611
128,0.001,32,Sigmoid,500,0.5225,0.5116954999608526,0.5225,0.917808499885723
128,0.001,32,Sigmoid,1000,0.5225,0.5116954999608526,0.5225,1.636297000106424
128,0.001,32,GELU,50,0.6925,0.6924418522876982,0.6925,1.803617199882865
128,0.001,32,GELU,100,0.6925,0.6924418522876982,0.6925,1.376939499983564
128,0.001,32,GELU,300,0.6925,0.6924418522876982,0.6925,1.9566854001022875
128,0.001,32,GELU,500,0.6925,0.6924418522876982,0.6925,1.8949876001570374
128,0.001,32,GELU,1000,0.6925,0.6924418522876982,0.6925,1.9316811999306083
128,0.001,32,Softmax,50,0.5225,0.5116954999608526,0.5225,0.8761520001571625
128,0.001,32,Softmax,100,0.5225,0.5116954999608526,0.5225,0.7992099998518825
128,0.001,32,Softmax,300,0.5225,0.5116954999608526,0.5225,1.4530094999354333
128,0.001,32,Softmax,500,0.5225,0.5116954999608526,0.5225,1.4525051000528038
128,0.001,32,Softmax,1000,0.5225,0.5116954999608526,0.5225,1.258801099844277
128,0.001,64,ReLU,50,0.670625,0.6705785464278361,0.670625,1.4391706001479179
128,0.001,64,ReLU,100,0.670625,0.6705785464278361,0.670625,0.9477516000624746
128,0.001,64,ReLU,300,0.670625,0.6705785464278361,0.670625,0.8116739999968559
128,0.001,64,ReLU,500,0.670625,0.6705785464278361,0.670625,0.6590026998892426
128,0.001,64,ReLU,1000,0.670625,0.6705785464278361,0.670625,0.7284908001311123
128,0.001,64,Tanh,50,0.49249999999999994,0.4869777969424003,0.4925,0.510071000084281
128,0.001,64,Tanh,100,0.49249999999999994,0.4869777969424003,0.4925,0.7550469001289457
128,0.001,64,Tanh,300,0.49249999999999994,0.4869777969424003,0.4925,0.611658199923113
128,0.001,64,Tanh,500,0.49249999999999994,0.4869777969424003,0.4925,0.7427858000155538
128,0.001,64,Tanh,1000,0.49249999999999994,0.4869777969424003,0.4925,0.7845521999988705
128,0.001,64,Sigmoid,50,0.500625,0.48697348466759416,0.500625,0.5847948999144137
128,0.001,64,Sigmoid,100,0.500625,0.48697348466759416,0.500625,0.8497065000701696
128,0.001,64,Sigmoid,300,0.500625,0.48697348466759416,0.500625,0.6354708999861032
128,0.001,64,Sigmoid,500,0.500625,0.48697348466759416,0.500625,0.6197928998153657
128,0.001,64,Sigmoid,1000,0.500625,0.48697348466759416,0.500625,0.604765199823305
128,0.001,64,GELU,50,0.670625,0.6705785464278361,0.670625,0.7520942001137882
128,0.001,64,GELU,100,0.670625,0.6705785464278361,0.670625,0.6620222998317331
128,0.001,64,GELU,300,0.670625,0.6705785464278361,0.670625,0.6444081000518054
128,0.001,64,GELU,500,0.670625,0.6705785464278361,0.670625,1.0379441999830306
128,0.001,64,GELU,1000,0.670625,0.6705785464278361,0.670625,1.2555239999201149
128,0.001,64,Softmax,50,0.500625,0.48697348466759416,0.500625,0.6186155998148024
128,0.001,64,Softmax,100,0.500625,0.48697348466759416,0.500625,0.7046378999948502
128,0.001,64,Softmax,300,0.500625,0.48697348466759416,0.500625,0.8329421000089496
128,0.001,64,Softmax,500,0.500625,0.48697348466759416,0.500625,0.698064599884674
128,0.001,64,Softmax,1000,0.500625,0.48697348466759416,0.500625,0.7285500001162291
128,0.001,128,ReLU,50,0.5562499999999999,0.5560252377766244,0.55625,0.6202557000797242
128,0.001,128,ReLU,100,0.5562499999999999,0.5560252377766244,0.55625,0.6572285001166165
128,0.001,128,ReLU,300,0.5562499999999999,0.5560252377766244,0.55625,0.4868431000504643
128,0.001,128,ReLU,500,0.5562499999999999,0.5560252377766244,0.55625,0.4590183000545949
128,0.001,128,ReLU,1000,0.5562499999999999,0.5560252377766244,0.55625,0.476388500072062
128,0.001,128,Tanh,50,0.50625,0.5022179655207178,0.50625,0.21366110001690686
128,0.001,128,Tanh,100,0.50625,0.5022179655207178,0.50625,0.26814719988033175
128,0.001,128,Tanh,300,0.50625,0.5022179655207178,0.50625,0.44034760002978146
128,0.001,128,Tanh,500,0.50625,0.5022179655207178,0.50625,0.5114657999947667
128,0.001,128,Tanh,1000,0.50625,0.5022179655207178,0.50625,0.4694858998991549
128,0.001,128,Sigmoid,50,0.5137499999999999,0.5011789296184628,0.51375,0.48595250002108514
128,0.001,128,Sigmoid,100,0.5137499999999999,0.5011789296184628,0.51375,0.5728376999031752
128,0.001,128,Sigmoid,300,0.5137499999999999,0.5011789296184628,0.51375,0.5761253000237048
128,0.001,128,Sigmoid,500,0.5137499999999999,0.5011789296184628,0.51375,0.3968422000762075
128,0.001,128,Sigmoid,1000,0.5137499999999999,0.5011789296184628,0.51375,0.31146420002914965
128,0.001,128,GELU,50,0.5562499999999999,0.5560252377766244,0.55625,0.7856842000037432
128,0.001,128,GELU,100,0.5562499999999999,0.5560252377766244,0.55625,0.7281343000940979
128,0.001,128,GELU,300,0.5562499999999999,0.5560252377766244,0.55625,0.6532447999343276
128,0.001,128,GELU,500,0.5562499999999999,0.5560252377766244,0.55625,0.6467346001882106
128,0.001,128,GELU,1000,0.5562499999999999,0.5560252377766244,0.55625,0.5849711000919342
128,0.001,128,Softmax,50,0.5137499999999999,0.5011789296184628,0.51375,0.36009450000710785
128,0.001,128,Softmax,100,0.5137499999999999,0.5011789296184628,0.51375,0.3210619001183659
128,0.001,128,Softmax,300,0.5137499999999999,0.5011789296184628,0.51375,0.2877434000838548
128,0.001,128,Softmax,500,0.5137499999999999,0.5011789296184628,0.51375,0.27847969997674227
128,0.001,128,Softmax,1000,0.5137499999999999,0.5011789296184628,0.51375,0.42997709987685084
128,0.0001,8,ReLU,50,0.50375,0.5034078169488663,0.50375,4.443159300135449
128,0.0001,8,ReLU,100,0.50875,0.5084427767354597,0.50875,6.036524700000882
128,0.0001,8,ReLU,300,0.50875,0.5084427767354597,0.50875,5.2077348998282105
128,0.0001,8,ReLU,500,0.50875,0.5084427767354597,0.50875,5.961503299884498
128,0.0001,8,ReLU,1000,0.50875,0.5084427767354597,0.50875,5.404504999984056
128,0.0001,8,Tanh,50,0.505,0.5037593984962406,0.505,1.963382399873808
128,0.0001,8,Tanh,100,0.505,0.5037593984962406,0.505,1.355930999852717
128,0.0001,8,Tanh,300,0.505,0.5037593984962406,0.505,1.3963721999898553
128,0.0001,8,Tanh,500,0.505,0.5037593984962406,0.505,2.6317787999287248
128,0.0001,8,Tanh,1000,0.505,0.5037593984962406,0.505,2.61253759986721
128,0.0001,8,Sigmoid,50,0.495,0.49471498767273414,0.495,2.259796899976209
128,0.0001,8,Sigmoid,100,0.495,0.49471498767273414,0.495,1.9872413000557572
128,0.0001,8,Sigmoid,300,0.495,0.49471498767273414,0.495,2.616884500021115
128,0.0001,8,Sigmoid,500,0.495,0.49471498767273414,0.495,2.6179149001836777
128,0.0001,8,Sigmoid,1000,0.495,0.49471498767273414,0.495,2.0338878000620753
128,0.0001,8,GELU,50,0.50375,0.5034078169488663,0.50375,3.452597900060937
128,0.0001,8,GELU,100,0.50875,0.5084427767354597,0.50875,5.083611400099471
128,0.0001,8,GELU,300,0.50875,0.5084427767354597,0.50875,4.974361599888653
128,0.0001,8,GELU,500,0.50875,0.5084427767354597,0.50875,5.765375199960545
128,0.0001,8,GELU,1000,0.50875,0.5084427767354597,0.50875,5.0914608000312
128,0.0001,8,Softmax,50,0.495,0.49471498767273414,0.495,2.4328662999905646
128,0.0001,8,Softmax,100,0.495,0.49471498767273414,0.495,2.144790999824181
128,0.0001,8,Softmax,300,0.495,0.49471498767273414,0.495,2.361576500115916
128,0.0001,8,Softmax,500,0.495,0.49471498767273414,0.495,2.174325899919495
128,0.0001,8,Softmax,1000,0.495,0.49471498767273414,0.495,2.3701702998951077
128,0.0001,16,ReLU,50,0.500625,0.500156201187129,0.500625,1.8982077999971807
128,0.0001,16,ReLU,100,0.500625,0.500156201187129,0.500625,2.104026700137183
128,0.0001,16,ReLU,300,0.500625,0.500156201187129,0.500625,1.9285439001396298
128,0.0001,16,ReLU,500,0.500625,0.500156201187129,0.500625,1.7705630999989808
128,0.0001,16,ReLU,1000,0.500625,0.500156201187129,0.500625,1.2989018999505788
128,0.0001,16,Tanh,50,0.506875,0.5036485215024697,0.506875,1.1810218999162316
128,0.0001,16,Tanh,100,0.506875,0.5036485215024697,0.506875,1.4167078000027686
128,0.0001,16,Tanh,300,0.506875,0.5036485215024697,0.506875,1.362209300044924
128,0.0001,16,Tanh,500,0.506875,0.5036485215024697,0.506875,0.9818649999797344
128,0.0001,16,Tanh,1000,0.506875,0.5036485215024697,0.506875,1.1743103000335395
128,0.0001,16,Sigmoid,50,0.485625,0.4799596068260831,0.485625,1.6767345999833196
128,0.0001,16,Sigmoid,100,0.485625,0.4799596068260831,0.485625,1.3833351000212133
128,0.0001,16,Sigmoid,300,0.485625,0.4799596068260831,0.485625,1.124676899984479
128,0.0001,16,Sigmoid,500,0.485625,0.4799596068260831,0.485625,1.1376275001093745
128,0.0001,16,Sigmoid,1000,0.485625,0.4799596068260831,0.485625,1.6458381998818368
128,0.0001,16,GELU,50,0.500625,0.500156201187129,0.500625,1.9912851001136005
128,0.0001,16,GELU,100,0.500625,0.500156201187129,0.500625,1.6143555000890046
128,0.0001,16,GELU,300,0.500625,0.500156201187129,0.500625,1.872676600003615
128,0.0001,16,GELU,500,0.500625,0.500156201187129,0.500625,1.5661476000677794
128,0.0001,16,GELU,1000,0.500625,0.500156201187129,0.500625,1.9744325000792742
128,0.0001,16,Softmax,50,0.485625,0.4799596068260831,0.485625,1.141786599997431
128,0.0001,16,Softmax,100,0.485625,0.4799596068260831,0.485625,1.8980644999537617
128,0.0001,16,Softmax,300,0.485625,0.4799596068260831,0.485625,1.2463020000141114
128,0.0001,16,Softmax,500,0.485625,0.4799596068260831,0.485625,1.458250200143084
128,0.0001,16,Softmax,1000,0.485625,0.4799596068260831,0.485625,1.4904690000694245
128,0.0001,32,ReLU,50,0.49625,0.4956755429231109,0.49625,1.3318791999481618
128,0.0001,32,ReLU,100,0.49625,0.4956755429231109,0.49625,1.1487235999666154
128,0.0001,32,ReLU,300,0.49625,0.4956755429231109,0.49625,0.9568833000957966
128,0.0001,32,ReLU,500,0.49625,0.4956755429231109,0.49625,1.423489899840206
128,0.0001,32,ReLU,1000,0.49625,0.4956755429231109,0.49625,1.3231241998728365
128,0.0001,32,Tanh,50,0.49875,0.49591451917033313,0.49875,0.659458399983123
128,0.0001,32,Tanh,100,0.49875,0.49591451917033313,0.49875,0.6383399001788348
128,0.0001,32,Tanh,300,0.49875,0.49591451917033313,0.49875,0.5470738001167774
128,0.0001,32,Tanh,500,0.49875,0.49591451917033313,0.49875,0.6290538001339883
128,0.0001,32,Tanh,1000,0.49875,0.49591451917033313,0.49875,1.0739865000359714
128,0.0001,32,Sigmoid,50,0.49312500000000004,0.4906736680719981,0.493125,1.277041600085795
128,0.0001,32,Sigmoid,100,0.49312500000000004,0.4906736680719981,0.493125,1.0401177001185715
128,0.0001,32,Sigmoid,300,0.49312500000000004,0.4906736680719981,0.493125,0.7606318001635373
128,0.0001,32,Sigmoid,500,0.49312500000000004,0.4906736680719981,0.493125,0.7161806998774409
128,0.0001,32,Sigmoid,1000,0.49312500000000004,0.4906736680719981,0.493125,1.279336999868974
128,0.0001,32,GELU,50,0.49625,0.4956755429231109,0.49625,1.3248302999418229
128,0.0001,32,GELU,100,0.49625,0.4956755429231109,0.49625,1.1502660000696778
128,0.0001,32,GELU,300,0.49625,0.4956755429231109,0.49625,0.7944209000561386
128,0.0001,32,GELU,500,0.49625,0.4956755429231109,0.49625,1.0887470999732614
128,0.0001,32,GELU,1000,0.49625,0.4956755429231109,0.49625,1.1519371999893337
128,0.0001,32,Softmax,50,0.49312500000000004,0.4906736680719981,0.493125,1.286195700056851
128,0.0001,32,Softmax,100,0.49312500000000004,0.4906736680719981,0.493125,1.086236499948427
128,0.0001,32,Softmax,300,0.49312500000000004,0.4906736680719981,0.493125,1.060814900090918
128,0.0001,32,Softmax,500,0.49312500000000004,0.4906736680719981,0.493125,0.7320478002075106
128,0.0001,32,Softmax,1000,0.49312500000000004,0.4906736680719981,0.493125,1.176358199911192
128,0.0001,64,ReLU,50,0.493125,0.4923379254789946,0.493125,0.9482050000224262
128,0.0001,64,ReLU,100,0.49375,0.4928871157328642,0.49375,0.6747763000894338
128,0.0001,64,ReLU,300,0.49375,0.4928871157328642,0.49375,1.0041934000328183
128,0.0001,64,ReLU,500,0.49375,0.4928871157328642,0.49375,0.9199683000333607
128,0.0001,64,ReLU,1000,0.49375,0.4928871157328642,0.49375,0.5911428001709282
128,0.0001,64,Tanh,50,0.5075,0.5027732380946371,0.5075,0.8804695999715477
128,0.0001,64,Tanh,100,0.5075,0.5027732380946371,0.5075,0.6343054999597371
128,0.0001,64,Tanh,300,0.5075,0.5027732380946371,0.5075,0.9185987999662757
128,0.0001,64,Tanh,500,0.5075,0.5027732380946371,0.5075,0.7987776000518352
128,0.0001,64,Tanh,1000,0.5075,0.5027732380946371,0.5075,0.6431168999988586
128,0.0001,64,Sigmoid,50,0.495,0.49339707668795796,0.495,0.6160477998200804
128,0.0001,64,Sigmoid,100,0.495,0.49339707668795796,0.495,0.5409117001108825
128,0.0001,64,Sigmoid,300,0.495,0.49339707668795796,0.495,0.5260735999327153
128,0.0001,64,Sigmoid,500,0.495,0.49339707668795796,0.495,0.31112700002267957
128,0.0001,64,Sigmoid,1000,0.495,0.49339707668795796,0.495,0.3496254999190569
128,0.0001,64,GELU,50,0.493125,0.4923379254789946,0.493125,0.9774547999259084
128,0.0001,64,GELU,100,0.49375,0.4928871157328642,0.49375,0.9446337998379022
128,0.0001,64,GELU,300,0.49375,0.4928871157328642,0.49375,0.7620336001273245
128,0.0001,64,GELU,500,0.49375,0.4928871157328642,0.49375,1.0588835999369621
128,0.0001,64,GELU,1000,0.49375,0.4928871157328642,0.49375,1.0334719000384212
128,0.0001,64,Softmax,50,0.495,0.49339707668795796,0.495,0.332163899904117
128,0.0001,64,Softmax,100,0.495,0.49339707668795796,0.495,0.5872396000195295
128,0.0001,64,Softmax,300,0.495,0.49339707668795796,0.495,0.48929419997148216
128,0.0001,64,Softmax,500,0.495,0.49339707668795796,0.495,0.46809619991108775
128,0.0001,64,Softmax,1000,0.495,0.49339707668795796,0.495,0.5837596000637859
128,0.0001,128,ReLU,50,0.49,0.48884671039031813,0.49,0.4603734998963773
128,0.0001,128,ReLU,100,0.49,0.48884671039031813,0.49,0.40865770005621016
128,0.0001,128,ReLU,300,0.49,0.48884671039031813,0.49,0.4887987000402063
128,0.0001,128,ReLU,500,0.49,0.48884671039031813,0.49,0.5101151999551803
128,0.0001,128,ReLU,1000,0.49,0.48884671039031813,0.49,0.43029910000041127
128,0.0001,128,Tanh,50,0.506875,0.4978070829728198,0.506875,0.2763282998930663
128,0.0001,128,Tanh,100,0.506875,0.4978070829728198,0.506875,0.260275200009346
128,0.0001,128,Tanh,300,0.506875,0.4978070829728198,0.506875,0.2457862999290228
128,0.0001,128,Tanh,500,0.506875,0.4978070829728198,0.506875,0.2840253999456763
128,0.0001,128,Tanh,1000,0.506875,0.4978070829728198,0.506875,0.4049593999516219
128,0.0001,128,Sigmoid,50,0.48875,0.48828946051446304,0.48875,0.46697329985909164
128,0.0001,128,Sigmoid,100,0.48875,0.48828946051446304,0.48875,0.33214690000750124
128,0.0001,128,Sigmoid,300,0.48875,0.48828946051446304,0.48875,0.3200608000624925
128,0.0001,128,Sigmoid,500,0.48875,0.48828946051446304,0.48875,0.2892551999539137
128,0.0001,128,Sigmoid,1000,0.48875,0.48828946051446304,0.48875,0.25698750000447035
128,0.0001,128,GELU,50,0.49,0.48884671039031813,0.49,0.49410939984954894
128,0.0001,128,GELU,100,0.49,0.48884671039031813,0.49,0.49242889997549355
128,0.0001,128,GELU,300,0.49,0.48884671039031813,0.49,0.42286060005426407
128,0.0001,128,GELU,500,0.49,0.48884671039031813,0.49,0.4030498000793159
128,0.0001,128,GELU,1000,0.49,0.48884671039031813,0.49,0.33828440005891025
128,0.0001,128,Softmax,50,0.48875,0.48828946051446304,0.48875,0.3362141998950392
128,0.0001,128,Softmax,100,0.48875,0.48828946051446304,0.48875,0.47456860006786883
128,0.0001,128,Softmax,300,0.48875,0.48828946051446304,0.48875,0.509535999968648
128,0.0001,128,Softmax,500,0.48875,0.48828946051446304,0.48875,0.31358459987677634
128,0.0001,128,Softmax,1000,0.48875,0.48828946051446304,0.48875,0.5139614001382142
128,0.00025,8,ReLU,50,0.5900000000000001,0.5899974374839843,0.59,4.39998840005137
128,0.00025,8,ReLU,100,0.5900000000000001,0.5899974374839843,0.59,3.685463299974799
128,0.00025,8,ReLU,300,0.5900000000000001,0.5899974374839843,0.59,4.200358000118285
128,0.00025,8,ReLU,500,0.5900000000000001,0.5899974374839843,0.59,3.66651130001992
128,0.00025,8,ReLU,1000,0.5900000000000001,0.5899974374839843,0.59,3.8142548999749124
128,0.00025,8,Tanh,50,0.505625,0.5050401353161451,0.505625,1.4234296998474747
128,0.00025,8,Tanh,100,0.505625,0.5050401353161451,0.505625,1.7835518000647426
128,0.00025,8,Tanh,300,0.505625,0.5050401353161451,0.505625,2.5131573998369277
128,0.00025,8,Tanh,500,0.505625,0.5050401353161451,0.505625,1.816659800009802
128,0.00025,8,Tanh,1000,0.505625,0.5050401353161451,0.505625,2.0733332000672817
128,0.00025,8,Sigmoid,50,0.5118750000000001,0.5082698109695656,0.511875,2.7808252000249922
128,0.00025,8,Sigmoid,100,0.5118750000000001,0.5082698109695656,0.511875,2.77284980006516
128,0.00025,8,Sigmoid,300,0.5118750000000001,0.5082698109695656,0.511875,3.439214800018817
128,0.00025,8,Sigmoid,500,0.5118750000000001,0.5082698109695656,0.511875,2.9582917999941856
128,0.00025,8,Sigmoid,1000,0.5118750000000001,0.5082698109695656,0.511875,3.3318775000516325
128,0.00025,8,GELU,50,0.5900000000000001,0.5899974374839843,0.59,4.39861230016686
128,0.00025,8,GELU,100,0.5900000000000001,0.5899974374839843,0.59,4.306492800125852
128,0.00025,8,GELU,300,0.5900000000000001,0.5899974374839843,0.59,4.562072000000626
128,0.00025,8,GELU,500,0.5900000000000001,0.5899974374839843,0.59,4.61585529986769
128,0.00025,8,GELU,1000,0.5900000000000001,0.5899974374839843,0.59,3.425570499850437
128,0.00025,8,Softmax,50,0.5118750000000001,0.5082698109695656,0.511875,2.30400410015136
128,0.00025,8,Softmax,100,0.5118750000000001,0.5082698109695656,0.511875,3.977094499859959
128,0.00025,8,Softmax,300,0.5118750000000001,0.5082698109695656,0.511875,2.550170599948615
128,0.00025,8,Softmax,500,0.5118750000000001,0.5082698109695656,0.511875,2.408993700053543
128,0.00025,8,Softmax,1000,0.5118750000000001,0.5082698109695656,0.511875,3.911064699990675
128,0.00025,16,ReLU,50,0.54125,0.5410886639834317,0.54125,1.7275386000983417
128,0.00025,16,ReLU,100,0.540625,0.540452490173069,0.540625,1.8729109999258071
128,0.00025,16,ReLU,300,0.540625,0.540452490173069,0.540625,2.710374299902469
128,0.00025,16,ReLU,500,0.540625,0.540452490173069,0.540625,2.681067999918014
128,0.00025,16,ReLU,1000,0.540625,0.540452490173069,0.540625,1.8271825001575053
128,0.00025,16,Tanh,50,0.50125,0.5008007206485837,0.50125,0.7072409000247717
128,0.00025,16,Tanh,100,0.50125,0.5008007206485837,0.50125,1.27501290012151
128,0.00025,16,Tanh,300,0.50125,0.5008007206485837,0.50125,1.334876999957487
128,0.00025,16,Tanh,500,0.50125,0.5008007206485837,0.50125,1.7266216001007706
128,0.00025,16,Tanh,1000,0.50125,0.5008007206485837,0.50125,1.1762242000550032
128,0.00025,16,Sigmoid,50,0.501875,0.49963724485011285,0.501875,0.9961226000450552
128,0.00025,16,Sigmoid,100,0.501875,0.49963724485011285,0.501875,1.36468859994784
128,0.00025,16,Sigmoid,300,0.501875,0.49963724485011285,0.501875,1.9023910001851618
128,0.00025,16,Sigmoid,500,0.501875,0.49963724485011285,0.501875,1.742142500123009
128,0.00025,16,Sigmoid,1000,0.501875,0.49963724485011285,0.501875,1.0930715000722557
128,0.00025,16,GELU,50,0.54125,0.5410886639834317,0.54125,1.6629348997958004
128,0.00025,16,GELU,100,0.540625,0.540452490173069,0.540625,3.2013906999491155
128,0.00025,16,GELU,300,0.540625,0.540452490173069,0.540625,2.136331700021401
128,0.00025,16,GELU,500,0.540625,0.540452490173069,0.540625,2.616810199804604
128,0.00025,16,GELU,1000,0.540625,0.540452490173069,0.540625,2.735748999984935
128,0.00025,16,Softmax,50,0.501875,0.49963724485011285,0.501875,1.0526191000826657
128,0.00025,16,Softmax,100,0.501875,0.49963724485011285,0.501875,0.8972807000391185
128,0.00025,16,Softmax,300,0.501875,0.49963724485011285,0.501875,1.4890435000415891
128,0.00025,16,Softmax,500,0.501875,0.49963724485011285,0.501875,1.7611312998924404
128,0.00025,16,Softmax,1000,0.501875,0.49963724485011285,0.501875,1.6211995999328792
128,0.00025,32,ReLU,50,0.5231250000000001,0.5228966986155484,0.523125,0.9497704000677913
128,0.00025,32,ReLU,100,0.5249999999999999,0.5248329490836623,0.525,0.9465896000619978
128,0.00025,32,ReLU,300,0.5249999999999999,0.5248329490836623,0.525,1.6191930000204593
128,0.00025,32,ReLU,500,0.5249999999999999,0.5248329490836623,0.525,1.730661700014025
128,0.00025,32,ReLU,1000,0.5249999999999999,0.5248329490836623,0.525,1.798107499955222
128,0.00025,32,Tanh,50,0.509375,0.508914415434163,0.509375,0.7841866000089794
128,0.00025,32,Tanh,100,0.509375,0.508914415434163,0.509375,0.5067631001584232
128,0.00025,32,Tanh,300,0.509375,0.508914415434163,0.509375,0.4914516999851912
128,0.00025,32,Tanh,500,0.509375,0.508914415434163,0.509375,0.37601020000874996
128,0.00025,32,Tanh,1000,0.509375,0.508914415434163,0.509375,0.4775859999936074
128,0.00025,32,Sigmoid,50,0.503125,0.4962438084918561,0.503125,0.8044947998132557
128,0.00025,32,Sigmoid,100,0.503125,0.4962438084918561,0.503125,0.8117519998922944
128,0.00025,32,Sigmoid,300,0.503125,0.4962438084918561,0.503125,0.7924561998806894
128,0.00025,32,Sigmoid,500,0.503125,0.4962438084918561,0.503125,0.8339639999903738
128,0.00025,32,Sigmoid,1000,0.503125,0.4962438084918561,0.503125,0.7399907000362873
128,0.00025,32,GELU,50,0.5231250000000001,0.5228966986155484,0.523125,1.549495300045237
128,0.00025,32,GELU,100,0.5249999999999999,0.5248329490836623,0.525,1.2476264999713749
128,0.00025,32,GELU,300,0.5249999999999999,0.5248329490836623,0.525,1.052976599894464
128,0.00025,32,GELU,500,0.5249999999999999,0.5248329490836623,0.525,0.9810196999460459
128,0.00025,32,GELU,1000,0.5249999999999999,0.5248329490836623,0.525,1.5235845998395234
128,0.00025,32,Softmax,50,0.503125,0.4962438084918561,0.503125,0.7435254999436438
128,0.00025,32,Softmax,100,0.503125,0.4962438084918561,0.503125,0.8896035000216216
128,0.00025,32,Softmax,300,0.503125,0.4962438084918561,0.503125,0.9531753999181092
128,0.00025,32,Softmax,500,0.503125,0.4962438084918561,0.503125,1.0297374001238495
128,0.00025,32,Softmax,1000,0.503125,0.4962438084918561,0.503125,0.7965272001456469
128,0.00025,64,ReLU,50,0.503125,0.5026196537966895,0.503125,0.70427479990758
128,0.00025,64,ReLU,100,0.503125,0.5026196537966895,0.503125,0.5641487999819219
128,0.00025,64,ReLU,300,0.503125,0.5026196537966895,0.503125,0.5723136998713017
128,0.00025,64,ReLU,500,0.503125,0.5026196537966895,0.503125,0.5724886998068541
128,0.00025,64,ReLU,1000,0.503125,0.5026196537966895,0.503125,0.42541310004889965
128,0.00025,64,Tanh,50,0.5,0.49855128331695786,0.5,0.37931489991024137
128,0.00025,64,Tanh,100,0.5,0.49855128331695786,0.5,0.36210200004279613
128,0.00025,64,Tanh,300,0.5,0.49855128331695786,0.5,0.5613120999187231
128,0.00025,64,Tanh,500,0.5,0.49855128331695786,0.5,0.5980523000471294
128,0.00025,64,Tanh,1000,0.5,0.49855128331695786,0.5,0.5977221000939608
128,0.00025,64,Sigmoid,50,0.49375,0.49325513196480936,0.49375,0.48981980001553893
128,0.00025,64,Sigmoid,100,0.49375,0.49325513196480936,0.49375,0.6590058000292629
128,0.00025,64,Sigmoid,300,0.49375,0.49325513196480936,0.49375,0.5084587000310421
128,0.00025,64,Sigmoid,500,0.49375,0.49325513196480936,0.49375,0.4859643999952823
128,0.00025,64,Sigmoid,1000,0.49375,0.49325513196480936,0.49375,0.5138683998957276
128,0.00025,64,GELU,50,0.503125,0.5026196537966895,0.503125,0.9714844000991434
128,0.00025,64,GELU,100,0.503125,0.5026196537966895,0.503125,0.6705684000626206
128,0.00025,64,GELU,300,0.503125,0.5026196537966895,0.503125,0.6516189000103623
128,0.00025,64,GELU,500,0.503125,0.5026196537966895,0.503125,0.6173882000148296
128,0.00025,64,GELU,1000,0.503125,0.5026196537966895,0.503125,0.6079098999034613
128,0.00025,64,Softmax,50,0.49375,0.49325513196480936,0.49375,0.34139580000191927
128,0.00025,64,Softmax,100,0.49375,0.49325513196480936,0.49375,0.3180691997986287
128,0.00025,64,Softmax,300,0.49375,0.49325513196480936,0.49375,0.2986373999156058
128,0.00025,64,Softmax,500,0.49375,0.49325513196480936,0.49375,0.3397683999501169
128,0.00025,64,Softmax,1000,0.49375,0.49325513196480936,0.49375,0.3299982000607997
128,0.00025,128,ReLU,50,0.49812500000000004,0.497653854259405,0.498125,0.5928120999597013
128,0.00025,128,ReLU,100,0.49812500000000004,0.497653854259405,0.498125,0.7573770000599325
128,0.00025,128,ReLU,300,0.49812500000000004,0.497653854259405,0.498125,0.5782055000308901
128,0.00025,128,ReLU,500,0.49812500000000004,0.497653854259405,0.498125,0.5336566001642495
128,0.00025,128,ReLU,1000,0.49812500000000004,0.497653854259405,0.498125,0.5684680000413209
128,0.00025,128,Tanh,50,0.5,0.49779579435365534,0.5,0.4514546000864357
128,0.00025,128,Tanh,100,0.5,0.49779579435365534,0.5,0.45747250015847385
128,0.00025,128,Tanh,300,0.5,0.49779579435365534,0.5,0.5881070999894291
128,0.00025,128,Tanh,500,0.5,0.49779579435365534,0.5,0.6032471000216901
128,0.00025,128,Tanh,1000,0.5,0.49779579435365534,0.5,0.5249111999291927
128,0.00025,128,Sigmoid,50,0.5018750000000001,0.4998021096018618,0.501875,0.3191654998809099
128,0.00025,128,Sigmoid,100,0.5018750000000001,0.4998021096018618,0.501875,0.370902800001204
128,0.00025,128,Sigmoid,300,0.5018750000000001,0.4998021096018618,0.501875,0.31220189994201064
128,0.00025,128,Sigmoid,500,0.5018750000000001,0.4998021096018618,0.501875,0.30058229994028807
128,0.00025,128,Sigmoid,1000,0.5018750000000001,0.4998021096018618,0.501875,0.28870059992186725
128,0.00025,128,GELU,50,0.49812500000000004,0.497653854259405,0.498125,0.4162891998421401
128,0.00025,128,GELU,100,0.49812500000000004,0.497653854259405,0.498125,0.43778559984639287
128,0.00025,128,GELU,300,0.49812500000000004,0.497653854259405,0.498125,0.35023460001684725
128,0.00025,128,GELU,500,0.49812500000000004,0.497653854259405,0.498125,0.33032980002462864
128,0.00025,128,GELU,1000,0.49812500000000004,0.497653854259405,0.498125,0.35103549994528294
128,0.00025,128,Softmax,50,0.5018750000000001,0.4998021096018618,0.501875,0.3528364000376314
128,0.00025,128,Softmax,100,0.5018750000000001,0.4998021096018618,0.501875,0.35086130001582205
128,0.00025,128,Softmax,300,0.5018750000000001,0.4998021096018618,0.501875,0.414270699955523
128,0.00025,128,Softmax,500,0.5018750000000001,0.4998021096018618,0.501875,0.4816690001171082
128,0.00025,128,Softmax,1000,0.5018750000000001,0.4998021096018618,0.501875,0.6141575998626649
