Hidden_Neurons,Learning_Rate,Batch_Size,Activation_Function,Epochs,Balanced_Accuracy,Macro F1 Score,Accuracy,Time(s)
8,0.01,8,ReLU,50,0.9920000000000001,0.9919972896947137,0.992,7.779919199994765
8,0.01,8,ReLU,100,0.9920000000000001,0.9919972896947137,0.992,7.832477700008894
8,0.01,8,ReLU,300,0.9920000000000001,0.9919972896947137,0.992,7.951671899994835
8,0.01,8,ReLU,500,0.9920000000000001,0.9919972896947137,0.992,7.872320299997227
8,0.01,8,ReLU,1000,0.9920000000000001,0.9919972896947137,0.992,7.675422300002538
8,0.01,8,Tanh,50,0.9916363636363635,0.9916319896656429,0.9916363636363636,7.473264200001722
8,0.01,8,Tanh,100,0.9916363636363635,0.9916319896656429,0.9916363636363636,7.303018399994471
8,0.01,8,Tanh,300,0.9916363636363635,0.9916319896656429,0.9916363636363636,7.279056800005492
8,0.01,8,Tanh,500,0.9916363636363635,0.9916319896656429,0.9916363636363636,7.431079300004058
8,0.01,8,Tanh,1000,0.9916363636363635,0.9916319896656429,0.9916363636363636,7.228432799995062
8,0.01,8,Sigmoid,50,0.9943636363636362,0.9943608825042518,0.9943636363636363,7.557520800008206
8,0.01,8,Sigmoid,100,0.9943636363636362,0.9943608825042518,0.9943636363636363,7.9460533000092255
8,0.01,8,Sigmoid,300,0.9943636363636362,0.9943608825042518,0.9943636363636363,8.042033499994432
8,0.01,8,Sigmoid,500,0.9943636363636362,0.9943608825042518,0.9943636363636363,7.779037500004051
8,0.01,8,Sigmoid,1000,0.9943636363636362,0.9943608825042518,0.9943636363636363,8.001896999994642
8,0.01,8,GELU,50,0.9920000000000001,0.9919972896947137,0.992,7.709703299988178
8,0.01,8,GELU,100,0.9920000000000001,0.9919972896947137,0.992,8.249021900002845
8,0.01,8,GELU,300,0.9920000000000001,0.9919972896947137,0.992,7.519354100004421
8,0.01,8,GELU,500,0.9920000000000001,0.9919972896947137,0.992,7.479141700008768
8,0.01,8,GELU,1000,0.9920000000000001,0.9919972896947137,0.992,7.44163450000633
8,0.01,8,Softmax,50,0.9943636363636362,0.9943608825042518,0.9943636363636363,8.03061919999891
8,0.01,8,Softmax,100,0.9943636363636362,0.9943608825042518,0.9943636363636363,7.905469599994831
8,0.01,8,Softmax,300,0.9943636363636362,0.9943608825042518,0.9943636363636363,7.794422599996324
8,0.01,8,Softmax,500,0.9943636363636362,0.9943608825042518,0.9943636363636363,8.015505799994571
8,0.01,8,Softmax,1000,0.9943636363636362,0.9943608825042518,0.9943636363636363,7.915377500001341
8,0.01,16,ReLU,50,0.9921818181818183,0.9921830249782804,0.9921818181818182,3.9257725000061328
8,0.01,16,ReLU,100,0.9921818181818183,0.9921830249782804,0.9921818181818182,3.7767474000138463
8,0.01,16,ReLU,300,0.9921818181818183,0.9921830249782804,0.9921818181818182,3.823725399997784
8,0.01,16,ReLU,500,0.9921818181818183,0.9921830249782804,0.9921818181818182,4.05693410000822
8,0.01,16,ReLU,1000,0.9921818181818183,0.9921830249782804,0.9921818181818182,3.869715200009523
8,0.01,16,Tanh,50,0.993090909090909,0.993090267156908,0.9930909090909091,4.14002080001228
8,0.01,16,Tanh,100,0.993090909090909,0.993090267156908,0.9930909090909091,4.3559516000095755
8,0.01,16,Tanh,300,0.993090909090909,0.993090267156908,0.9930909090909091,4.104402900004061
8,0.01,16,Tanh,500,0.993090909090909,0.993090267156908,0.9930909090909091,4.242534199991496
8,0.01,16,Tanh,1000,0.993090909090909,0.993090267156908,0.9930909090909091,4.043341900003725
8,0.01,16,Sigmoid,50,0.9932727272727273,0.9932708081907542,0.9932727272727273,4.2583793999947375
8,0.01,16,Sigmoid,100,0.9932727272727273,0.9932708081907542,0.9932727272727273,4.092368700003135
8,0.01,16,Sigmoid,300,0.9932727272727273,0.9932708081907542,0.9932727272727273,4.302246899998863
8,0.01,16,Sigmoid,500,0.9932727272727273,0.9932708081907542,0.9932727272727273,4.0499316999921575
8,0.01,16,Sigmoid,1000,0.9932727272727273,0.9932708081907542,0.9932727272727273,4.276462800000445
8,0.01,16,GELU,50,0.9921818181818183,0.9921830249782804,0.9921818181818182,3.9183251000067685
8,0.01,16,GELU,100,0.9921818181818183,0.9921830249782804,0.9921818181818182,3.9428653000068152
8,0.01,16,GELU,300,0.9921818181818183,0.9921830249782804,0.9921818181818182,3.9337471000035293
8,0.01,16,GELU,500,0.9921818181818183,0.9921830249782804,0.9921818181818182,3.8932105999992928
8,0.01,16,GELU,1000,0.9921818181818183,0.9921830249782804,0.9921818181818182,3.9974493000045186
8,0.01,16,Softmax,50,0.9932727272727273,0.9932708081907542,0.9932727272727273,4.27994690000196
8,0.01,16,Softmax,100,0.9932727272727273,0.9932708081907542,0.9932727272727273,4.051236599989352
8,0.01,16,Softmax,300,0.9932727272727273,0.9932708081907542,0.9932727272727273,4.155841800005874
8,0.01,16,Softmax,500,0.9932727272727273,0.9932708081907542,0.9932727272727273,4.188756200004718
8,0.01,16,Softmax,1000,0.9932727272727273,0.9932708081907542,0.9932727272727273,4.380573999995249
8,0.01,32,ReLU,50,0.992909090909091,0.9929109025472662,0.992909090909091,2.5897460999985924
8,0.01,32,ReLU,100,0.992909090909091,0.9929109025472662,0.992909090909091,2.609812700000475
8,0.01,32,ReLU,300,0.992909090909091,0.9929109025472662,0.992909090909091,2.472713000010117
8,0.01,32,ReLU,500,0.992909090909091,0.9929109025472662,0.992909090909091,2.6311446000036085
8,0.01,32,ReLU,1000,0.992909090909091,0.9929109025472662,0.992909090909091,2.327646799996728
8,0.01,32,Tanh,50,0.9938181818181817,0.9938214423734117,0.9938181818181818,2.6381118000135757
8,0.01,32,Tanh,100,0.9938181818181817,0.9938214423734117,0.9938181818181818,2.820390299995779
8,0.01,32,Tanh,300,0.9938181818181817,0.9938214423734117,0.9938181818181818,2.858951699992758
8,0.01,32,Tanh,500,0.9938181818181817,0.9938214423734117,0.9938181818181818,2.7019156999886036
8,0.01,32,Tanh,1000,0.9938181818181817,0.9938214423734117,0.9938181818181818,2.8754597999941325
8,0.01,32,Sigmoid,50,0.9940000000000001,0.9939926185268722,0.994,2.8770501000108197
8,0.01,32,Sigmoid,100,0.9940000000000001,0.9939926185268722,0.994,2.9545527000009315
8,0.01,32,Sigmoid,300,0.9940000000000001,0.9939926185268722,0.994,2.7048807999963174
8,0.01,32,Sigmoid,500,0.9940000000000001,0.9939926185268722,0.994,3.0327710999990813
8,0.01,32,Sigmoid,1000,0.9940000000000001,0.9939926185268722,0.994,2.9795244999986608
8,0.01,32,GELU,50,0.992909090909091,0.9929109025472662,0.992909090909091,2.552025800003321
8,0.01,32,GELU,100,0.992909090909091,0.9929109025472662,0.992909090909091,2.3778358999988995
8,0.01,32,GELU,300,0.992909090909091,0.9929109025472662,0.992909090909091,2.4558709999982966
8,0.01,32,GELU,500,0.992909090909091,0.9929109025472662,0.992909090909091,2.4991790000058245
8,0.01,32,GELU,1000,0.992909090909091,0.9929109025472662,0.992909090909091,2.4723433000035584
8,0.01,32,Softmax,50,0.9940000000000001,0.9939926185268722,0.994,2.7936139999947045
8,0.01,32,Softmax,100,0.9940000000000001,0.9939926185268722,0.994,2.8832286999968346
8,0.01,32,Softmax,300,0.9940000000000001,0.9939926185268722,0.994,2.8436748999956762
8,0.01,32,Softmax,500,0.9940000000000001,0.9939926185268722,0.994,2.795507799994084
8,0.01,32,Softmax,1000,0.9940000000000001,0.9939926185268722,0.994,2.742854599986458
8,0.01,64,ReLU,50,0.9912727272727273,0.9912671807986562,0.9912727272727273,1.4219365999888396
8,0.01,64,ReLU,100,0.9912727272727273,0.9912671807986562,0.9912727272727273,1.5526880999968853
8,0.01,64,ReLU,300,0.9912727272727273,0.9912671807986562,0.9912727272727273,1.4830553000065265
8,0.01,64,ReLU,500,0.9912727272727273,0.9912671807986562,0.9912727272727273,1.4849562000017613
8,0.01,64,ReLU,1000,0.9912727272727273,0.9912671807986562,0.9912727272727273,1.3732642000104534
8,0.01,64,Tanh,50,0.9936363636363637,0.993637777890577,0.9936363636363637,1.7227959000010742
8,0.01,64,Tanh,100,0.9936363636363637,0.993637777890577,0.9936363636363637,1.7487155000126222
8,0.01,64,Tanh,300,0.9936363636363637,0.993637777890577,0.9936363636363637,1.737585399998352
8,0.01,64,Tanh,500,0.9936363636363637,0.993637777890577,0.9936363636363637,1.7371299999940675
8,0.01,64,Tanh,1000,0.9936363636363637,0.993637777890577,0.9936363636363637,1.7941129999962868
8,0.01,64,Sigmoid,50,0.9920000000000001,0.9920062774107749,0.992,1.6790468000108376
8,0.01,64,Sigmoid,100,0.9920000000000001,0.9920062774107749,0.992,1.7404354000027524
8,0.01,64,Sigmoid,300,0.9920000000000001,0.9920062774107749,0.992,1.708952799992403
8,0.01,64,Sigmoid,500,0.9920000000000001,0.9920062774107749,0.992,1.7305204999865964
8,0.01,64,Sigmoid,1000,0.9920000000000001,0.9920062774107749,0.992,1.7427263999998104
8,0.01,64,GELU,50,0.9912727272727273,0.9912671807986562,0.9912727272727273,1.4290671000053408
8,0.01,64,GELU,100,0.9912727272727273,0.9912671807986562,0.9912727272727273,1.487707299995236
8,0.01,64,GELU,300,0.9912727272727273,0.9912671807986562,0.9912727272727273,1.4621830999967642
8,0.01,64,GELU,500,0.9912727272727273,0.9912671807986562,0.9912727272727273,1.424433299995144
8,0.01,64,GELU,1000,0.9912727272727273,0.9912671807986562,0.9912727272727273,1.4645523999934085
8,0.01,64,Softmax,50,0.9920000000000001,0.9920062774107749,0.992,1.655054700007895
8,0.01,64,Softmax,100,0.9920000000000001,0.9920062774107749,0.992,1.7933215999946697
8,0.01,64,Softmax,300,0.9920000000000001,0.9920062774107749,0.992,1.8486142000037944
8,0.01,64,Softmax,500,0.9920000000000001,0.9920062774107749,0.992,1.8760173000046052
8,0.01,64,Softmax,1000,0.9920000000000001,0.9920062774107749,0.992,1.8269015999976546
8,0.01,128,ReLU,50,0.9927272727272729,0.9927281462608633,0.9927272727272727,0.9739816999936011
8,0.01,128,ReLU,100,0.9927272727272729,0.9927281462608633,0.9927272727272727,0.9411494999949355
8,0.01,128,ReLU,300,0.9927272727272729,0.9927281462608633,0.9927272727272727,1.0035888999991585
8,0.01,128,ReLU,500,0.9927272727272729,0.9927281462608633,0.9927272727272727,0.9309913000033703
8,0.01,128,ReLU,1000,0.9927272727272729,0.9927281462608633,0.9927272727272727,0.9702943000011146
8,0.01,128,Tanh,50,0.9894545454545455,0.9894640529333686,0.9894545454545455,1.084664400012116
8,0.01,128,Tanh,100,0.9898181818181819,0.98982420069328,0.9898181818181818,1.2233465000026627
8,0.01,128,Tanh,300,0.9898181818181819,0.98982420069328,0.9898181818181818,1.2793608999927528
8,0.01,128,Tanh,500,0.9898181818181819,0.98982420069328,0.9898181818181818,1.2158066999982111
8,0.01,128,Tanh,1000,0.9898181818181819,0.98982420069328,0.9898181818181818,1.2446655000094324
8,0.01,128,Sigmoid,50,0.9879999999999999,0.9879970168645749,0.988,1.1256352999916999
8,0.01,128,Sigmoid,100,0.9881818181818182,0.9881790063868304,0.9881818181818182,1.3064599999925122
8,0.01,128,Sigmoid,300,0.9881818181818182,0.9881790063868304,0.9881818181818182,1.2964858999912394
8,0.01,128,Sigmoid,500,0.9881818181818182,0.9881790063868304,0.9881818181818182,1.50403969999752
8,0.01,128,Sigmoid,1000,0.9881818181818182,0.9881790063868304,0.9881818181818182,1.3679802999977255
8,0.01,128,GELU,50,0.9927272727272729,0.9927281462608633,0.9927272727272727,0.9860456000023987
8,0.01,128,GELU,100,0.9927272727272729,0.9927281462608633,0.9927272727272727,0.9332881000009365
8,0.01,128,GELU,300,0.9927272727272729,0.9927281462608633,0.9927272727272727,1.0215692000056151
8,0.01,128,GELU,500,0.9927272727272729,0.9927281462608633,0.9927272727272727,1.0384419000038179
8,0.01,128,GELU,1000,0.9927272727272729,0.9927281462608633,0.9927272727272727,0.9833065999991959
8,0.01,128,Softmax,50,0.9879999999999999,0.9879970168645749,0.988,1.0997717999998713
8,0.01,128,Softmax,100,0.9881818181818182,0.9881790063868304,0.9881818181818182,1.4805025000096066
8,0.01,128,Softmax,300,0.9881818181818182,0.9881790063868304,0.9881818181818182,1.3793098000023747
8,0.01,128,Softmax,500,0.9881818181818182,0.9881790063868304,0.9881818181818182,1.41430269999546
8,0.01,128,Softmax,1000,0.9881818181818182,0.9881790063868304,0.9881818181818182,1.3246203000016976
8,0.001,8,ReLU,50,0.993090909090909,0.9930920958863819,0.9930909090909091,10.619444299998577
8,0.001,8,ReLU,100,0.993090909090909,0.9930920958863819,0.9930909090909091,11.46629799999937
8,0.001,8,ReLU,300,0.993090909090909,0.9930920958863819,0.9930909090909091,11.48852739999711
8,0.001,8,ReLU,500,0.993090909090909,0.9930920958863819,0.9930909090909091,11.279573600011645
8,0.001,8,ReLU,1000,0.993090909090909,0.9930920958863819,0.9930909090909091,11.188372599994182
8,0.001,8,Tanh,50,0.9918181818181817,0.9918224953351512,0.9918181818181818,10.33269989999826
8,0.001,8,Tanh,100,0.9925454545454545,0.9925476950506337,0.9925454545454545,13.218279099994106
8,0.001,8,Tanh,300,0.9925454545454545,0.9925476950506337,0.9925454545454545,13.291763999994146
8,0.001,8,Tanh,500,0.9925454545454545,0.9925476950506337,0.9925454545454545,13.291379600006621
8,0.001,8,Tanh,1000,0.9925454545454545,0.9925476950506337,0.9925454545454545,12.818005499997525
8,0.001,8,Sigmoid,50,0.9887272727272728,0.9887312666424312,0.9887272727272727,10.863248900001054
8,0.001,8,Sigmoid,100,0.9903636363636362,0.9903629057388041,0.9903636363636363,14.281990899995435
8,0.001,8,Sigmoid,300,0.9903636363636362,0.9903629057388041,0.9903636363636363,14.759786700000404
8,0.001,8,Sigmoid,500,0.9903636363636362,0.9903629057388041,0.9903636363636363,14.937286200001836
8,0.001,8,Sigmoid,1000,0.9903636363636362,0.9903629057388041,0.9903636363636363,14.49413460001233
8,0.001,8,GELU,50,0.993090909090909,0.9930920958863819,0.9930909090909091,10.476755099996808
8,0.001,8,GELU,100,0.993090909090909,0.9930920958863819,0.9930909090909091,11.289867799991043
8,0.001,8,GELU,300,0.993090909090909,0.9930920958863819,0.9930909090909091,11.347428000008222
8,0.001,8,GELU,500,0.993090909090909,0.9930920958863819,0.9930909090909091,11.390707099999418
8,0.001,8,GELU,1000,0.993090909090909,0.9930920958863819,0.9930909090909091,11.401252800002112
8,0.001,8,Softmax,50,0.9887272727272728,0.9887312666424312,0.9887272727272727,10.791534100004355
8,0.001,8,Softmax,100,0.9903636363636362,0.9903629057388041,0.9903636363636363,14.496116900001653
8,0.001,8,Softmax,300,0.9903636363636362,0.9903629057388041,0.9903636363636363,14.283328699995764
8,0.001,8,Softmax,500,0.9903636363636362,0.9903629057388041,0.9903636363636363,14.745709100010572
8,0.001,8,Softmax,1000,0.9903636363636362,0.9903629057388041,0.9903636363636363,14.202286700005061
8,0.001,16,ReLU,50,0.9927272727272727,0.9927263367098049,0.9927272727272727,5.587822699992103
8,0.001,16,ReLU,100,0.9925454545454545,0.992545980735361,0.9925454545454545,6.789518699995824
8,0.001,16,ReLU,300,0.9925454545454545,0.992545980735361,0.9925454545454545,6.865906499995617
8,0.001,16,ReLU,500,0.9925454545454545,0.992545980735361,0.9925454545454545,6.702900700009195
8,0.001,16,ReLU,1000,0.9925454545454545,0.992545980735361,0.9925454545454545,6.638307500004885
8,0.001,16,Tanh,50,0.9858181818181818,0.9858351595026065,0.9858181818181818,5.415953999996418
8,0.001,16,Tanh,100,0.9860000000000002,0.986009031184354,0.986,7.8989750999899115
8,0.001,16,Tanh,300,0.9860000000000002,0.986009031184354,0.986,7.7760398000100395
8,0.001,16,Tanh,500,0.9860000000000002,0.986009031184354,0.986,7.9441789999982575
8,0.001,16,Tanh,1000,0.9860000000000002,0.986009031184354,0.986,7.968089499991038
8,0.001,16,Sigmoid,50,0.9830909090909091,0.9830973551751327,0.9830909090909091,5.594540400008555
8,0.001,16,Sigmoid,100,0.9847272727272728,0.9847216397088393,0.9847272727272727,8.02448639999784
8,0.001,16,Sigmoid,300,0.9847272727272728,0.9847216397088393,0.9847272727272727,8.395056399996975
8,0.001,16,Sigmoid,500,0.9847272727272728,0.9847216397088393,0.9847272727272727,8.123149700011709
8,0.001,16,Sigmoid,1000,0.9847272727272728,0.9847216397088393,0.9847272727272727,8.026495300000533
8,0.001,16,GELU,50,0.9927272727272727,0.9927263367098049,0.9927272727272727,5.6630826000036905
8,0.001,16,GELU,100,0.9925454545454545,0.992545980735361,0.9925454545454545,6.761822300002677
8,0.001,16,GELU,300,0.9925454545454545,0.992545980735361,0.9925454545454545,6.612039200001163
8,0.001,16,GELU,500,0.9925454545454545,0.992545980735361,0.9925454545454545,6.753287700004876
8,0.001,16,GELU,1000,0.9925454545454545,0.992545980735361,0.9925454545454545,6.936722500002361
8,0.001,16,Softmax,50,0.9830909090909091,0.9830973551751327,0.9830909090909091,5.565773599999375
8,0.001,16,Softmax,100,0.9847272727272728,0.9847216397088393,0.9847272727272727,8.210497000007308
8,0.001,16,Softmax,300,0.9847272727272728,0.9847216397088393,0.9847272727272727,8.157698900002288
8,0.001,16,Softmax,500,0.9847272727272728,0.9847216397088393,0.9847272727272727,8.191785499991965
8,0.001,16,Softmax,1000,0.9847272727272728,0.9847216397088393,0.9847272727272727,8.204770199998165
8,0.001,32,ReLU,50,0.9881818181818182,0.9881779794812879,0.9881818181818182,3.0389028000063263
8,0.001,32,ReLU,100,0.9892727272727272,0.9892666345339882,0.9892727272727273,4.397608499988564
8,0.001,32,ReLU,300,0.9892727272727272,0.9892666345339882,0.9892727272727273,4.866688599999179
8,0.001,32,ReLU,500,0.9892727272727272,0.9892666345339882,0.9892727272727273,4.416057700000238
8,0.001,32,ReLU,1000,0.9892727272727272,0.9892666345339882,0.9892727272727273,4.492739099994651
8,0.001,32,Tanh,50,0.982,0.9820124445831634,0.982,2.9628835000039544
8,0.001,32,Tanh,100,0.9854545454545456,0.9854660986571205,0.9854545454545455,5.129004800008261
8,0.001,32,Tanh,300,0.9854545454545456,0.9854660986571205,0.9854545454545455,5.197891300005722
8,0.001,32,Tanh,500,0.9854545454545456,0.9854660986571205,0.9854545454545455,5.040221399991424
8,0.001,32,Tanh,1000,0.9854545454545456,0.9854660986571205,0.9854545454545455,5.134634200003347
8,0.001,32,Sigmoid,50,0.9712727272727272,0.9711529028274211,0.9712727272727273,2.9935389000020223
8,0.001,32,Sigmoid,100,0.9845454545454545,0.9845432114583565,0.9845454545454545,5.751907800004119
8,0.001,32,Sigmoid,300,0.9847272727272728,0.9847248586424808,0.9847272727272727,6.236363300005905
8,0.001,32,Sigmoid,500,0.9847272727272728,0.9847248586424808,0.9847272727272727,6.200876500006416
8,0.001,32,Sigmoid,1000,0.9847272727272728,0.9847248586424808,0.9847272727272727,6.112229700011085
8,0.001,32,GELU,50,0.9881818181818182,0.9881779794812879,0.9881818181818182,3.056378199995379
8,0.001,32,GELU,100,0.9892727272727272,0.9892666345339882,0.9892727272727273,4.525172900001053
8,0.001,32,GELU,300,0.9892727272727272,0.9892666345339882,0.9892727272727273,4.536720300005982
8,0.001,32,GELU,500,0.9892727272727272,0.9892666345339882,0.9892727272727273,4.396048099995824
8,0.001,32,GELU,1000,0.9892727272727272,0.9892666345339882,0.9892727272727273,4.526460900000529
8,0.001,32,Softmax,50,0.9712727272727272,0.9711529028274211,0.9712727272727273,3.1181141000124626
8,0.001,32,Softmax,100,0.9845454545454545,0.9845432114583565,0.9845454545454545,5.843113199996878
8,0.001,32,Softmax,300,0.9847272727272728,0.9847248586424808,0.9847272727272727,6.196362500006217
8,0.001,32,Softmax,500,0.9847272727272728,0.9847248586424808,0.9847272727272727,5.982665899995482
8,0.001,32,Softmax,1000,0.9847272727272728,0.9847248586424808,0.9847272727272727,6.0587609999929555
8,0.001,64,ReLU,50,0.9787272727272728,0.9787194110353078,0.9787272727272728,1.8325161000102526
8,0.001,64,ReLU,100,0.9872727272727272,0.987277506824163,0.9872727272727273,3.2437362000055145
8,0.001,64,ReLU,300,0.9872727272727272,0.987277506824163,0.9872727272727273,3.288715599992429
8,0.001,64,ReLU,500,0.9872727272727272,0.987277506824163,0.9872727272727273,3.292699099998572
8,0.001,64,ReLU,1000,0.9872727272727272,0.987277506824163,0.9872727272727273,3.14703519998875
8,0.001,64,Tanh,50,0.9763636363636365,0.9763585862828138,0.9763636363636363,1.7956829000031576
8,0.001,64,Tanh,100,0.9832727272727273,0.9832859721266994,0.9832727272727273,2.830975299992133
8,0.001,64,Tanh,300,0.9832727272727273,0.9832859721266994,0.9832727272727273,2.8206604000006337
8,0.001,64,Tanh,500,0.9832727272727273,0.9832859721266994,0.9832727272727273,2.733956500000204
8,0.001,64,Tanh,1000,0.9832727272727273,0.9832859721266994,0.9832727272727273,2.883649899988086
8,0.001,64,Sigmoid,50,0.9503636363636364,0.9497288944459438,0.9503636363636364,1.8478834999987157
8,0.001,64,Sigmoid,100,0.9776363636363637,0.977552481866529,0.9776363636363636,3.2181837999960408
8,0.001,64,Sigmoid,300,0.9785454545454546,0.9784634732253964,0.9785454545454545,3.5713288000115426
8,0.001,64,Sigmoid,500,0.9785454545454546,0.9784634732253964,0.9785454545454545,3.817322399991099
8,0.001,64,Sigmoid,1000,0.9785454545454546,0.9784634732253964,0.9785454545454545,3.7051891000010073
8,0.001,64,GELU,50,0.9787272727272728,0.9787194110353078,0.9787272727272728,1.730085400005919
8,0.001,64,GELU,100,0.9872727272727272,0.987277506824163,0.9872727272727273,3.164295199996559
8,0.001,64,GELU,300,0.9872727272727272,0.987277506824163,0.9872727272727273,3.201855599996634
8,0.001,64,GELU,500,0.9872727272727272,0.987277506824163,0.9872727272727273,3.229291800002102
8,0.001,64,GELU,1000,0.9872727272727272,0.987277506824163,0.9872727272727273,3.377027000009548
8,0.001,64,Softmax,50,0.9503636363636364,0.9497288944459438,0.9503636363636364,1.8365975000051549
8,0.001,64,Softmax,100,0.9776363636363637,0.977552481866529,0.9776363636363636,3.2999253000016324
8,0.001,64,Softmax,300,0.9785454545454546,0.9784634732253964,0.9785454545454545,3.8626507000008132
8,0.001,64,Softmax,500,0.9785454545454546,0.9784634732253964,0.9785454545454545,3.7454847999906633
8,0.001,64,Softmax,1000,0.9785454545454546,0.9784634732253964,0.9785454545454545,3.654415600001812
8,0.001,128,ReLU,50,0.9603636363636362,0.9602817686758178,0.9603636363636363,1.1990813000011258
8,0.001,128,ReLU,100,0.9809090909090908,0.9809115455575682,0.980909090909091,2.029769100001431
8,0.001,128,ReLU,300,0.9809090909090908,0.9809115455575682,0.980909090909091,2.315480299992487
8,0.001,128,ReLU,500,0.9809090909090908,0.9809115455575682,0.980909090909091,2.3191148999903817
8,0.001,128,ReLU,1000,0.9809090909090908,0.9809115455575682,0.980909090909091,2.216622899999493
8,0.001,128,Tanh,50,0.9605454545454546,0.9604715078741546,0.9605454545454546,1.1319662000023527
8,0.001,128,Tanh,100,0.9785454545454545,0.9785431416178276,0.9785454545454545,2.0833285999979125
8,0.001,128,Tanh,300,0.9790909090909092,0.9790856670497061,0.9790909090909091,2.3115531999937957
8,0.001,128,Tanh,500,0.9790909090909092,0.9790856670497061,0.9790909090909091,2.371250100011821
8,0.001,128,Tanh,1000,0.9790909090909092,0.9790856670497061,0.9790909090909091,2.3618851999926846
8,0.001,128,Sigmoid,50,0.8794545454545454,0.8730582746198912,0.8794545454545455,1.1537398000073154
8,0.001,128,Sigmoid,100,0.9629090909090909,0.9626110606123351,0.9629090909090909,2.0916204000095604
8,0.001,128,Sigmoid,300,0.9703636363636364,0.9701791244784391,0.9703636363636363,2.7822089999972377
8,0.001,128,Sigmoid,500,0.9703636363636364,0.9701791244784391,0.9703636363636363,2.844251099988469
8,0.001,128,Sigmoid,1000,0.9703636363636364,0.9701791244784391,0.9703636363636363,2.88807000000088
8,0.001,128,GELU,50,0.9603636363636362,0.9602817686758178,0.9603636363636363,1.0986598999879789
8,0.001,128,GELU,100,0.9809090909090908,0.9809115455575682,0.980909090909091,2.101291899991338
8,0.001,128,GELU,300,0.9809090909090908,0.9809115455575682,0.980909090909091,2.1954132999962894
8,0.001,128,GELU,500,0.9809090909090908,0.9809115455575682,0.980909090909091,2.2663080000056652
8,0.001,128,GELU,1000,0.9809090909090908,0.9809115455575682,0.980909090909091,2.2357966999989003
8,0.001,128,Softmax,50,0.8794545454545454,0.8730582746198912,0.8794545454545455,1.1857599999930244
8,0.001,128,Softmax,100,0.9629090909090909,0.9626110606123351,0.9629090909090909,2.1615586999978404
8,0.001,128,Softmax,300,0.9703636363636364,0.9701791244784391,0.9703636363636363,2.807868400006555
8,0.001,128,Softmax,500,0.9703636363636364,0.9701791244784391,0.9703636363636363,2.8690663000015775
8,0.001,128,Softmax,1000,0.9703636363636364,0.9701791244784391,0.9703636363636363,2.891615600005025
8,0.0001,8,ReLU,50,0.934909090909091,0.934543682128295,0.9349090909090909,10.69308889999229
8,0.0001,8,ReLU,100,0.9683636363636363,0.9683127530025615,0.9683636363636363,21.012256300004083
8,0.0001,8,ReLU,300,0.970181818181818,0.970138522192887,0.9701818181818181,25.834619200002635
8,0.0001,8,ReLU,500,0.970181818181818,0.970138522192887,0.9701818181818181,25.571302299998933
8,0.0001,8,ReLU,1000,0.970181818181818,0.970138522192887,0.9701818181818181,24.69044869999925
8,0.0001,8,Tanh,50,0.9470909090909089,0.9468448962452105,0.9470909090909091,10.494670800006134
8,0.0001,8,Tanh,100,0.964181818181818,0.9641653043231105,0.9641818181818181,20.0392514999985
8,0.0001,8,Tanh,300,0.9645454545454547,0.9645238901290608,0.9645454545454546,21.879610899995896
8,0.0001,8,Tanh,500,0.9645454545454547,0.9645238901290608,0.9645454545454546,21.747201699996367
8,0.0001,8,Tanh,1000,0.9645454545454547,0.9645238901290608,0.9645454545454546,21.85422930000641
8,0.0001,8,Sigmoid,50,0.8147272727272727,0.7959005310032442,0.8147272727272727,10.658996700003627
8,0.0001,8,Sigmoid,100,0.9369090909090908,0.9356014135459554,0.9369090909090909,21.106139800001984
8,0.0001,8,Sigmoid,300,0.9581818181818181,0.9577792268071914,0.9581818181818181,36.78107949999685
8,0.0001,8,Sigmoid,500,0.9581818181818181,0.9577792268071914,0.9581818181818181,37.296236399997724
8,0.0001,8,Sigmoid,1000,0.9581818181818181,0.9577792268071914,0.9581818181818181,37.52524170000106
8,0.0001,8,GELU,50,0.934909090909091,0.934543682128295,0.9349090909090909,10.626211299997522
8,0.0001,8,GELU,100,0.9683636363636363,0.9683127530025615,0.9683636363636363,20.668301700003212
8,0.0001,8,GELU,300,0.970181818181818,0.970138522192887,0.9701818181818181,25.126507099994342
8,0.0001,8,GELU,500,0.970181818181818,0.970138522192887,0.9701818181818181,24.972845800002688
8,0.0001,8,GELU,1000,0.970181818181818,0.970138522192887,0.9701818181818181,25.024024099999224
8,0.0001,8,Softmax,50,0.8147272727272727,0.7959005310032442,0.8147272727272727,10.570444999990286
8,0.0001,8,Softmax,100,0.9369090909090908,0.9356014135459554,0.9369090909090909,20.911266399998567
8,0.0001,8,Softmax,300,0.9581818181818181,0.9577792268071914,0.9581818181818181,37.173380899999756
8,0.0001,8,Softmax,500,0.9581818181818181,0.9577792268071914,0.9581818181818181,37.506937400001334
8,0.0001,8,Softmax,1000,0.9581818181818181,0.9577792268071914,0.9581818181818181,37.0182313999976
8,0.0001,16,ReLU,50,0.8905454545454546,0.8893458313282863,0.8905454545454545,5.650960999992094
8,0.0001,16,ReLU,100,0.9569090909090909,0.9568055127994632,0.9569090909090909,11.108660700003384
8,0.0001,16,ReLU,300,0.9656363636363637,0.9655701247433133,0.9656363636363636,16.400144200000796
8,0.0001,16,ReLU,500,0.9656363636363637,0.9655701247433133,0.9656363636363636,16.35154849999526
8,0.0001,16,ReLU,1000,0.9656363636363637,0.9655701247433133,0.9656363636363636,16.462761300004786
8,0.0001,16,Tanh,50,0.9243636363636363,0.9233096375184101,0.9243636363636364,5.580944300003466
8,0.0001,16,Tanh,100,0.9538181818181819,0.9537368731286151,0.9538181818181818,10.776601400008076
8,0.0001,16,Tanh,300,0.9554545454545452,0.9553674881692877,0.9554545454545454,13.515736899993499
8,0.0001,16,Tanh,500,0.9554545454545452,0.9553674881692877,0.9554545454545454,13.859902800002601
8,0.0001,16,Tanh,1000,0.9554545454545452,0.9553674881692877,0.9554545454545454,13.498831799995969
8,0.0001,16,Sigmoid,50,0.7419999999999999,0.6982867099604075,0.742,5.656981799998903
8,0.0001,16,Sigmoid,100,0.8772727272727273,0.8702912816452624,0.8772727272727273,10.943292999989353
8,0.0001,16,Sigmoid,300,0.9461818181818181,0.94535835112894,0.9461818181818182,21.57226260000607
8,0.0001,16,Sigmoid,500,0.9461818181818181,0.94535835112894,0.9461818181818182,21.34952630000771
8,0.0001,16,Sigmoid,1000,0.9461818181818181,0.94535835112894,0.9461818181818182,21.428709399988293
8,0.0001,16,GELU,50,0.8905454545454546,0.8893458313282863,0.8905454545454545,5.7480519999953685
8,0.0001,16,GELU,100,0.9569090909090909,0.9568055127994632,0.9569090909090909,11.256426199994166
8,0.0001,16,GELU,300,0.9656363636363637,0.9655701247433133,0.9656363636363636,16.66381859999092
8,0.0001,16,GELU,500,0.9656363636363637,0.9655701247433133,0.9656363636363636,16.901062599994475
8,0.0001,16,GELU,1000,0.9656363636363637,0.9655701247433133,0.9656363636363636,16.98951520000992
8,0.0001,16,Softmax,50,0.7419999999999999,0.6982867099604075,0.742,5.637362600013148
8,0.0001,16,Softmax,100,0.8772727272727273,0.8702912816452624,0.8772727272727273,10.886739900000975
8,0.0001,16,Softmax,300,0.9461818181818181,0.94535835112894,0.9461818181818182,21.480305100005353
8,0.0001,16,Softmax,500,0.9461818181818181,0.94535835112894,0.9461818181818182,21.249101199995494
8,0.0001,16,Softmax,1000,0.9461818181818181,0.94535835112894,0.9461818181818182,21.363202300010016
8,0.0001,32,ReLU,50,0.8243636363636363,0.8174838737473188,0.8243636363636364,3.1195664999977453
8,0.0001,32,ReLU,100,0.920909090909091,0.920308976568728,0.9209090909090909,6.027260899994872
8,0.0001,32,ReLU,300,0.9520000000000001,0.9519400858634041,0.952,10.80680229999416
8,0.0001,32,ReLU,500,0.9520000000000001,0.9519400858634041,0.952,10.859315000008792
8,0.0001,32,ReLU,1000,0.9520000000000001,0.9519400858634041,0.952,11.115616100010811
8,0.0001,32,Tanh,50,0.8887272727272727,0.884868968734044,0.8887272727272727,3.1067864000069676
8,0.0001,32,Tanh,100,0.9383636363636363,0.9378101605545678,0.9383636363636364,6.102457799992408
8,0.0001,32,Tanh,300,0.9458181818181818,0.9455855148596212,0.9458181818181818,8.362865600007353
8,0.0001,32,Tanh,500,0.9458181818181818,0.9455855148596212,0.9458181818181818,8.21920580000733
8,0.0001,32,Tanh,1000,0.9458181818181818,0.9455855148596212,0.9458181818181818,8.385724300009315
8,0.0001,32,Sigmoid,50,0.6594545454545455,0.5965684648130835,0.6594545454545454,3.118212199988193
8,0.0001,32,Sigmoid,100,0.7647272727272726,0.7348793165166893,0.7647272727272727,6.01686069999414
8,0.0001,32,Sigmoid,300,0.9225454545454546,0.9205234247220763,0.9225454545454546,15.448335799999768
8,0.0001,32,Sigmoid,500,0.9225454545454546,0.9205234247220763,0.9225454545454546,14.822481499999412
8,0.0001,32,Sigmoid,1000,0.9225454545454546,0.9205234247220763,0.9225454545454546,14.73776010000438
8,0.0001,32,GELU,50,0.8243636363636363,0.8174838737473188,0.8243636363636364,3.0958663999917917
8,0.0001,32,GELU,100,0.920909090909091,0.920308976568728,0.9209090909090909,6.079075500005274
8,0.0001,32,GELU,300,0.9520000000000001,0.9519400858634041,0.952,10.92464120000659
8,0.0001,32,GELU,500,0.9520000000000001,0.9519400858634041,0.952,10.683739100000821
8,0.0001,32,GELU,1000,0.9520000000000001,0.9519400858634041,0.952,10.714526199997636
8,0.0001,32,Softmax,50,0.6594545454545455,0.5965684648130835,0.6594545454545454,3.1107757999998285
8,0.0001,32,Softmax,100,0.7647272727272726,0.7348793165166893,0.7647272727272727,6.002001400003792
8,0.0001,32,Softmax,300,0.9225454545454546,0.9205234247220763,0.9225454545454546,15.421219100011513
8,0.0001,32,Softmax,500,0.9225454545454546,0.9205234247220763,0.9225454545454546,14.740170999997645
8,0.0001,32,Softmax,1000,0.9225454545454546,0.9205234247220763,0.9225454545454546,15.233915299992077
8,0.0001,64,ReLU,50,0.6914545454545454,0.6460183425325842,0.6914545454545454,1.8374918999907095
8,0.0001,64,ReLU,100,0.8501818181818183,0.8462853792199474,0.8501818181818181,3.433277599993744
8,0.0001,64,ReLU,300,0.9496363636363636,0.9494950046908194,0.9496363636363636,8.247348199991393
8,0.0001,64,ReLU,500,0.9496363636363636,0.9494950046908194,0.9496363636363636,8.312599500000942
8,0.0001,64,ReLU,1000,0.9496363636363636,0.9494950046908194,0.9496363636363636,8.166221899999073
8,0.0001,64,Tanh,50,0.7816363636363636,0.7710163357152983,0.7816363636363637,1.7954076000023633
8,0.0001,64,Tanh,100,0.9014545454545455,0.898938969789846,0.9014545454545455,3.4615768999938155
8,0.0001,64,Tanh,300,0.9298181818181818,0.9289410704174393,0.9298181818181818,6.295440300003975
8,0.0001,64,Tanh,500,0.9298181818181818,0.9289410704174393,0.9298181818181818,6.3068800999899395
8,0.0001,64,Tanh,1000,0.9298181818181818,0.9289410704174393,0.9298181818181818,6.057442500008619
8,0.0001,64,Sigmoid,50,0.4910909090909091,0.39709305783337195,0.4910909090909091,1.7548796000046423
8,0.0001,64,Sigmoid,100,0.6754545454545455,0.6202775740254057,0.6754545454545454,3.45868419999897
8,0.0001,64,Sigmoid,300,0.8600000000000001,0.8541667600586792,0.86,9.734127300005639
8,0.0001,64,Sigmoid,500,0.8705454545454544,0.8656377110373848,0.8705454545454545,12.168406400000094
8,0.0001,64,Sigmoid,1000,0.8705454545454544,0.8656377110373848,0.8705454545454545,11.800470399990445
8,0.0001,64,GELU,50,0.6914545454545454,0.6460183425325842,0.6914545454545454,1.8055256999941776
8,0.0001,64,GELU,100,0.8501818181818183,0.8462853792199474,0.8501818181818181,3.50959599998896
8,0.0001,64,GELU,300,0.9496363636363636,0.9494950046908194,0.9496363636363636,8.268891800005804
8,0.0001,64,GELU,500,0.9496363636363636,0.9494950046908194,0.9496363636363636,8.162606100013363
8,0.0001,64,GELU,1000,0.9496363636363636,0.9494950046908194,0.9496363636363636,8.227912899994408
8,0.0001,64,Softmax,50,0.4910909090909091,0.39709305783337195,0.4910909090909091,1.7858713000023272
8,0.0001,64,Softmax,100,0.6754545454545455,0.6202775740254057,0.6754545454545454,3.5070306999987224
8,0.0001,64,Softmax,300,0.8600000000000001,0.8541667600586792,0.86,9.613977300003171
8,0.0001,64,Softmax,500,0.8705454545454544,0.8656377110373848,0.8705454545454545,12.059762100005173
8,0.0001,64,Softmax,1000,0.8705454545454544,0.8656377110373848,0.8705454545454545,11.944314699998358
8,0.0001,128,ReLU,50,0.48727272727272736,0.3927361514153829,0.48727272727272725,1.1652800000010757
8,0.0001,128,ReLU,100,0.721090909090909,0.6853969223688927,0.7210909090909091,2.0998354999901494
8,0.0001,128,ReLU,300,0.8934545454545454,0.8917668758501107,0.8934545454545455,5.3110354999953415
8,0.0001,128,ReLU,500,0.8934545454545454,0.8917668758501107,0.8934545454545455,5.43257900000026
8,0.0001,128,ReLU,1000,0.8934545454545454,0.8917668758501107,0.8934545454545455,5.586948099997244
8,0.0001,128,Tanh,50,0.5921818181818183,0.5293381833132957,0.5921818181818181,1.1398726999905193
8,0.0001,128,Tanh,100,0.8194545454545455,0.8126340787446665,0.8194545454545454,2.1216901000007056
8,0.0001,128,Tanh,300,0.91,0.9082402075289416,0.91,5.161641400001827
8,0.0001,128,Tanh,500,0.91,0.9082402075289416,0.91,4.881812399995397
8,0.0001,128,Tanh,1000,0.91,0.9082402075289416,0.91,5.114750599997933
8,0.0001,128,Sigmoid,50,0.2529090909090909,0.1295937808654729,0.2529090909090909,0.4846984000032535
8,0.0001,128,Sigmoid,100,0.2529090909090909,0.1295937808654729,0.2529090909090909,0.5216983999998774
8,0.0001,128,Sigmoid,300,0.2529090909090909,0.1295937808654729,0.2529090909090909,0.5102416999870911
8,0.0001,128,Sigmoid,500,0.2529090909090909,0.1295937808654729,0.2529090909090909,0.5206104999961099
8,0.0001,128,Sigmoid,1000,0.2529090909090909,0.1295937808654729,0.2529090909090909,0.5153458999993745
8,0.0001,128,GELU,50,0.48727272727272736,0.3927361514153829,0.48727272727272725,1.1043090000021039
8,0.0001,128,GELU,100,0.721090909090909,0.6853969223688927,0.7210909090909091,2.1629510000057053
8,0.0001,128,GELU,300,0.8934545454545454,0.8917668758501107,0.8934545454545455,5.378224100000807
8,0.0001,128,GELU,500,0.8934545454545454,0.8917668758501107,0.8934545454545455,5.514171599992551
8,0.0001,128,GELU,1000,0.8934545454545454,0.8917668758501107,0.8934545454545455,5.306268700005603
8,0.0001,128,Softmax,50,0.2529090909090909,0.1295937808654729,0.2529090909090909,0.4863476000027731
8,0.0001,128,Softmax,100,0.2529090909090909,0.1295937808654729,0.2529090909090909,0.5222983000130625
8,0.0001,128,Softmax,300,0.2529090909090909,0.1295937808654729,0.2529090909090909,0.5382632999971975
8,0.0001,128,Softmax,500,0.2529090909090909,0.1295937808654729,0.2529090909090909,0.508042999994359
8,0.0001,128,Softmax,1000,0.2529090909090909,0.1295937808654729,0.2529090909090909,0.5419053999939933
8,0.00025,8,ReLU,50,0.9767272727272727,0.9766875366879287,0.9767272727272728,10.734200999999302
8,0.00025,8,ReLU,100,0.9834545454545455,0.9834406842152373,0.9834545454545455,20.66507420000562
8,0.00025,8,ReLU,300,0.9836363636363635,0.9836252692529613,0.9836363636363636,23.023379899997963
8,0.00025,8,ReLU,500,0.9836363636363635,0.9836252692529613,0.9836363636363636,21.358420499993372
8,0.00025,8,ReLU,1000,0.9836363636363635,0.9836252692529613,0.9836363636363636,21.05342369999562
8,0.00025,8,Tanh,50,0.9716363636363635,0.9716123385773909,0.9716363636363636,10.687619200005429
8,0.00025,8,Tanh,100,0.9747272727272727,0.9747252556499134,0.9747272727272728,16.42728740000166
8,0.00025,8,Tanh,300,0.9747272727272727,0.9747252556499134,0.9747272727272728,16.22229019999213
8,0.00025,8,Tanh,500,0.9747272727272727,0.9747252556499134,0.9747272727272728,15.860046000001603
8,0.00025,8,Tanh,1000,0.9747272727272727,0.9747252556499134,0.9747272727272728,16.022507899993798
8,0.00025,8,Sigmoid,50,0.952909090909091,0.9524106130521683,0.9529090909090909,10.5362688999885
8,0.00025,8,Sigmoid,100,0.9687272727272727,0.9685958250934839,0.9687272727272728,19.3458365000115
8,0.00025,8,Sigmoid,300,0.9687272727272727,0.9685958250934839,0.9687272727272728,20.75519660000282
8,0.00025,8,Sigmoid,500,0.9687272727272727,0.9685958250934839,0.9687272727272728,20.78919809999934
8,0.00025,8,Sigmoid,1000,0.9687272727272727,0.9685958250934839,0.9687272727272728,21.011813499993877
8,0.00025,8,GELU,50,0.9767272727272727,0.9766875366879287,0.9767272727272728,10.780005200009327
8,0.00025,8,GELU,100,0.9834545454545455,0.9834406842152373,0.9834545454545455,19.432771399995545
8,0.00025,8,GELU,300,0.9836363636363635,0.9836252692529613,0.9836363636363636,21.202388000005158
8,0.00025,8,GELU,500,0.9836363636363635,0.9836252692529613,0.9836363636363636,20.768400300003123
8,0.00025,8,GELU,1000,0.9836363636363635,0.9836252692529613,0.9836363636363636,20.680082899998524
8,0.00025,8,Softmax,50,0.952909090909091,0.9524106130521683,0.9529090909090909,10.41314040000725
8,0.00025,8,Softmax,100,0.9687272727272727,0.9685958250934839,0.9687272727272728,19.29276569999638
8,0.00025,8,Softmax,300,0.9687272727272727,0.9685958250934839,0.9687272727272728,20.94223879999481
8,0.00025,8,Softmax,500,0.9687272727272727,0.9685958250934839,0.9687272727272728,21.420314299990423
8,0.00025,8,Softmax,1000,0.9687272727272727,0.9685958250934839,0.9687272727272728,20.777510200001416
8,0.00025,16,ReLU,50,0.966,0.9659373041272024,0.966,5.546074600002612
8,0.00025,16,ReLU,100,0.9778181818181818,0.9778002671980428,0.9778181818181818,10.199082899998757
8,0.00025,16,ReLU,300,0.9779999999999999,0.977981601817124,0.978,11.294814199995017
8,0.00025,16,ReLU,500,0.9779999999999999,0.977981601817124,0.978,11.54696469999908
8,0.00025,16,ReLU,1000,0.9779999999999999,0.977981601817124,0.978,11.43497619999107
8,0.00025,16,Tanh,50,0.9621818181818181,0.962123523259281,0.9621818181818181,5.572420600001351
8,0.00025,16,Tanh,100,0.9754545454545455,0.9754250878046282,0.9754545454545455,10.292260500005796
8,0.00025,16,Tanh,300,0.9754545454545455,0.9754215595071138,0.9754545454545455,11.63707379999687
8,0.00025,16,Tanh,500,0.9754545454545455,0.9754215595071138,0.9754545454545455,11.731904400003259
8,0.00025,16,Tanh,1000,0.9754545454545455,0.9754215595071138,0.9754545454545455,11.423978699996951
8,0.00025,16,Sigmoid,50,0.9099999999999998,0.9065725284202114,0.91,5.538867700000992
8,0.00025,16,Sigmoid,100,0.9625454545454546,0.9622948205603309,0.9625454545454546,10.925545200007036
8,0.00025,16,Sigmoid,300,0.9672727272727272,0.9671165045269837,0.9672727272727273,14.180751700012479
8,0.00025,16,Sigmoid,500,0.9672727272727272,0.9671165045269837,0.9672727272727273,14.272379900008673
8,0.00025,16,Sigmoid,1000,0.9672727272727272,0.9671165045269837,0.9672727272727273,14.396461800002726
8,0.00025,16,GELU,50,0.966,0.9659373041272024,0.966,5.682688300003065
8,0.00025,16,GELU,100,0.9778181818181818,0.9778002671980428,0.9778181818181818,10.48692409999785
8,0.00025,16,GELU,300,0.9779999999999999,0.977981601817124,0.978,12.041821500009974
8,0.00025,16,GELU,500,0.9779999999999999,0.977981601817124,0.978,11.58776909999142
8,0.00025,16,GELU,1000,0.9779999999999999,0.977981601817124,0.978,11.881041199987521
8,0.00025,16,Softmax,50,0.9099999999999998,0.9065725284202114,0.91,5.480498899996746
8,0.00025,16,Softmax,100,0.9625454545454546,0.9622948205603309,0.9625454545454546,10.91687460000685
8,0.00025,16,Softmax,300,0.9672727272727272,0.9671165045269837,0.9672727272727273,14.221567600005073
8,0.00025,16,Softmax,500,0.9672727272727272,0.9671165045269837,0.9672727272727273,14.129159300005995
8,0.00025,16,Softmax,1000,0.9672727272727272,0.9671165045269837,0.9672727272727273,14.445079800003441
8,0.00025,32,ReLU,50,0.9358181818181819,0.9354759374761799,0.9358181818181818,3.025470499997027
8,0.00025,32,ReLU,100,0.9736363636363635,0.9736086516371659,0.9736363636363636,5.8585541999927955
8,0.00025,32,ReLU,300,0.9759999999999999,0.97598072618086,0.976,7.51151640000171
8,0.00025,32,ReLU,500,0.9759999999999999,0.97598072618086,0.976,7.6454955999943195
8,0.00025,32,ReLU,1000,0.9759999999999999,0.97598072618086,0.976,7.4027714999974705
8,0.00025,32,Tanh,50,0.9469090909090908,0.9466908963964868,0.9469090909090909,3.03221809999377
8,0.00025,32,Tanh,100,0.9685454545454547,0.9684869748314486,0.9685454545454546,5.696865099991555
8,0.00025,32,Tanh,300,0.9718181818181816,0.971756447922801,0.9718181818181818,7.535162100000889
8,0.00025,32,Tanh,500,0.9718181818181816,0.971756447922801,0.9718181818181818,7.739468700005091
8,0.00025,32,Tanh,1000,0.9718181818181816,0.971756447922801,0.9718181818181818,7.494974100001855
8,0.00025,32,Sigmoid,50,0.8203636363636364,0.8062324736057819,0.8203636363636364,3.0143626000062795
8,0.00025,32,Sigmoid,100,0.9363636363636363,0.9352277993578508,0.9363636363636364,5.8339104000042425
8,0.00025,32,Sigmoid,300,0.9603636363636364,0.9600661994707239,0.9603636363636363,10.441918900003657
8,0.00025,32,Sigmoid,500,0.9603636363636364,0.9600661994707239,0.9603636363636363,10.379893099991023
8,0.00025,32,Sigmoid,1000,0.9603636363636364,0.9600661994707239,0.9603636363636363,10.365724500006763
8,0.00025,32,GELU,50,0.9358181818181819,0.9354759374761799,0.9358181818181818,3.087997800001176
8,0.00025,32,GELU,100,0.9736363636363635,0.9736086516371659,0.9736363636363636,5.9474974000040675
8,0.00025,32,GELU,300,0.9759999999999999,0.97598072618086,0.976,7.459737099998165
8,0.00025,32,GELU,500,0.9759999999999999,0.97598072618086,0.976,7.226892199993017
8,0.00025,32,GELU,1000,0.9759999999999999,0.97598072618086,0.976,7.505787100002635
8,0.00025,32,Softmax,50,0.8203636363636364,0.8062324736057819,0.8203636363636364,3.0121886000124505
8,0.00025,32,Softmax,100,0.9363636363636363,0.9352277993578508,0.9363636363636364,6.0803753999935
8,0.00025,32,Softmax,300,0.9603636363636364,0.9600661994707239,0.9603636363636363,10.502881599997636
8,0.00025,32,Softmax,500,0.9603636363636364,0.9600661994707239,0.9603636363636363,10.319895799999358
8,0.00025,32,Softmax,1000,0.9603636363636364,0.9600661994707239,0.9603636363636363,10.479788099997677
8,0.00025,64,ReLU,50,0.8798181818181819,0.8776769203393748,0.8798181818181818,1.8419711000024108
8,0.00025,64,ReLU,100,0.9572727272727274,0.9571944638222493,0.9572727272727273,3.552062799994019
8,0.00025,64,ReLU,300,0.9672727272727273,0.9672405655662139,0.9672727272727273,4.756049900010112
8,0.00025,64,ReLU,500,0.9672727272727273,0.9672405655662139,0.9672727272727273,5.026674599997932
8,0.00025,64,ReLU,1000,0.9672727272727273,0.9672405655662139,0.9672727272727273,5.1223781000007875
8,0.00025,64,Tanh,50,0.918,0.9169873561064456,0.918,1.8098488000105135
8,0.00025,64,Tanh,100,0.9572727272727274,0.95712134945803,0.9572727272727273,3.3852459999907296
8,0.00025,64,Tanh,300,0.9609090909090908,0.9607992201264214,0.9609090909090909,4.664561900004628
8,0.00025,64,Tanh,500,0.9609090909090908,0.9607992201264214,0.9609090909090909,4.507520300001488
8,0.00025,64,Tanh,1000,0.9609090909090908,0.9607992201264214,0.9609090909090909,4.588018499998725
8,0.00025,64,Sigmoid,50,0.7038181818181819,0.6589459170763763,0.7038181818181818,1.755770300005679
8,0.00025,64,Sigmoid,100,0.8663636363636364,0.8577622764421888,0.8663636363636363,3.4597362999920733
8,0.00025,64,Sigmoid,300,0.9481818181818181,0.9475945119318183,0.9481818181818182,7.102513899997575
8,0.00025,64,Sigmoid,500,0.9481818181818181,0.9475945119318183,0.9481818181818182,7.346903800003929
8,0.00025,64,Sigmoid,1000,0.9481818181818181,0.9475945119318183,0.9481818181818182,7.376220899997861
8,0.00025,64,GELU,50,0.8798181818181819,0.8776769203393748,0.8798181818181818,1.7999408000032417
8,0.00025,64,GELU,100,0.9572727272727274,0.9571944638222493,0.9572727272727273,3.5090752999967663
8,0.00025,64,GELU,300,0.9672727272727273,0.9672405655662139,0.9672727272727273,4.97120939999877
8,0.00025,64,GELU,500,0.9672727272727273,0.9672405655662139,0.9672727272727273,4.9502112999907695
8,0.00025,64,GELU,1000,0.9672727272727273,0.9672405655662139,0.9672727272727273,4.8125086999934865
8,0.00025,64,Softmax,50,0.7038181818181819,0.6589459170763763,0.7038181818181818,1.8355420000007143
8,0.00025,64,Softmax,100,0.8663636363636364,0.8577622764421888,0.8663636363636363,3.3610702000005404
8,0.00025,64,Softmax,300,0.9481818181818181,0.9475945119318183,0.9481818181818182,7.3654493000067305
8,0.00025,64,Softmax,500,0.9481818181818181,0.9475945119318183,0.9481818181818182,7.296739500001422
8,0.00025,64,Softmax,1000,0.9481818181818181,0.9475945119318183,0.9481818181818182,7.128102800008492
8,0.00025,128,ReLU,50,0.7919999999999999,0.7809332666188774,0.792,1.1931679999979679
8,0.00025,128,ReLU,100,0.9065454545454545,0.9052687466539079,0.9065454545454545,2.0773413999995682
8,0.00025,128,ReLU,300,0.9665454545454545,0.9664818441974163,0.9665454545454546,4.543120699992869
8,0.00025,128,ReLU,500,0.9665454545454545,0.9664818441974163,0.9665454545454546,4.569290800005547
8,0.00025,128,ReLU,1000,0.9665454545454545,0.9664818441974163,0.9665454545454546,4.605300199997146
8,0.00025,128,Tanh,50,0.8581818181818182,0.8534853154495017,0.8581818181818182,1.1567779000033624
8,0.00025,128,Tanh,100,0.9218181818181819,0.9210487775674575,0.9218181818181819,2.0848467000032542
8,0.00025,128,Tanh,300,0.9423636363636363,0.9419611069225848,0.9423636363636364,3.3113407000055304
8,0.00025,128,Tanh,500,0.9423636363636363,0.9419611069225848,0.9423636363636364,3.2845655000128318
8,0.00025,128,Tanh,1000,0.9423636363636363,0.9419611069225848,0.9423636363636364,3.325730199998361
8,0.00025,128,Sigmoid,50,0.6174545454545455,0.5482424503766222,0.6174545454545455,1.1545274999953108
8,0.00025,128,Sigmoid,100,0.7270909090909092,0.6952635445417484,0.7270909090909091,2.169765800004825
8,0.00025,128,Sigmoid,300,0.9329090909090909,0.931602372832545,0.9329090909090909,5.893912200001068
8,0.00025,128,Sigmoid,500,0.9330909090909092,0.9317759629468668,0.9330909090909091,5.831669799998053
8,0.00025,128,Sigmoid,1000,0.9330909090909092,0.9317759629468668,0.9330909090909091,5.888264099994558
8,0.00025,128,GELU,50,0.7919999999999999,0.7809332666188774,0.792,1.149301600002218
8,0.00025,128,GELU,100,0.9065454545454545,0.9052687466539079,0.9065454545454545,2.1148575999977766
8,0.00025,128,GELU,300,0.9665454545454545,0.9664818441974163,0.9665454545454546,4.534548899988295
8,0.00025,128,GELU,500,0.9665454545454545,0.9664818441974163,0.9665454545454546,4.492959699986386
8,0.00025,128,GELU,1000,0.9665454545454545,0.9664818441974163,0.9665454545454546,4.550627699994948
8,0.00025,128,Softmax,50,0.6174545454545455,0.5482424503766222,0.6174545454545455,1.134316800002125
8,0.00025,128,Softmax,100,0.7270909090909092,0.6952635445417484,0.7270909090909091,2.1093679000041448
8,0.00025,128,Softmax,300,0.9329090909090909,0.931602372832545,0.9329090909090909,5.649269799992908
8,0.00025,128,Softmax,500,0.9330909090909092,0.9317759629468668,0.9330909090909091,5.9579117000103
8,0.00025,128,Softmax,1000,0.9330909090909092,0.9317759629468668,0.9330909090909091,6.072603700013133
16,0.01,8,ReLU,50,0.9954545454545454,0.9954567460692608,0.9954545454545455,6.458758000007947
16,0.01,8,ReLU,100,0.9954545454545454,0.9954567460692608,0.9954545454545455,6.47623040000326
16,0.01,8,ReLU,300,0.9954545454545454,0.9954567460692608,0.9954545454545455,6.536926000000676
16,0.01,8,ReLU,500,0.9954545454545454,0.9954567460692608,0.9954545454545455,6.3438354000099935
16,0.01,8,ReLU,1000,0.9954545454545454,0.9954567460692608,0.9954545454545455,6.487152899993816
16,0.01,8,Tanh,50,0.988909090909091,0.9889018343427605,0.988909090909091,7.905342300000484
16,0.01,8,Tanh,100,0.988909090909091,0.9889018343427605,0.988909090909091,8.251585999998497
16,0.01,8,Tanh,300,0.988909090909091,0.9889018343427605,0.988909090909091,7.902723499995773
16,0.01,8,Tanh,500,0.988909090909091,0.9889018343427605,0.988909090909091,8.093346399997245
16,0.01,8,Tanh,1000,0.988909090909091,0.9889018343427605,0.988909090909091,8.137433700001566
16,0.01,8,Sigmoid,50,0.9945454545454545,0.9945466608200486,0.9945454545454545,5.20576459998847
16,0.01,8,Sigmoid,100,0.9945454545454545,0.9945466608200486,0.9945454545454545,5.217160500003956
16,0.01,8,Sigmoid,300,0.9945454545454545,0.9945466608200486,0.9945454545454545,5.087945099992794
16,0.01,8,Sigmoid,500,0.9945454545454545,0.9945466608200486,0.9945454545454545,5.233801800000947
16,0.01,8,Sigmoid,1000,0.9945454545454545,0.9945466608200486,0.9945454545454545,5.216829600001802
16,0.01,8,GELU,50,0.9954545454545454,0.9954567460692608,0.9954545454545455,6.2918898000061745
16,0.01,8,GELU,100,0.9954545454545454,0.9954567460692608,0.9954545454545455,6.350252299991553
16,0.01,8,GELU,300,0.9954545454545454,0.9954567460692608,0.9954545454545455,6.456187899995712
16,0.01,8,GELU,500,0.9954545454545454,0.9954567460692608,0.9954545454545455,6.378023800003575
16,0.01,8,GELU,1000,0.9954545454545454,0.9954567460692608,0.9954545454545455,6.399637499998789
16,0.01,8,Softmax,50,0.9945454545454545,0.9945466608200486,0.9945454545454545,5.225316299998667
16,0.01,8,Softmax,100,0.9945454545454545,0.9945466608200486,0.9945454545454545,5.209766400002991
16,0.01,8,Softmax,300,0.9945454545454545,0.9945466608200486,0.9945454545454545,5.200989400007529
16,0.01,8,Softmax,500,0.9945454545454545,0.9945466608200486,0.9945454545454545,5.204457200001343
16,0.01,8,Softmax,1000,0.9945454545454545,0.9945466608200486,0.9945454545454545,5.190483499987749
16,0.01,16,ReLU,50,0.9941818181818182,0.9941843436715054,0.9941818181818182,3.0872331999999005
16,0.01,16,ReLU,100,0.9941818181818182,0.9941843436715054,0.9941818181818182,3.3063378000078956
16,0.01,16,ReLU,300,0.9941818181818182,0.9941843436715054,0.9941818181818182,3.095643900000141
16,0.01,16,ReLU,500,0.9941818181818182,0.9941843436715054,0.9941818181818182,3.2143958000087878
16,0.01,16,ReLU,1000,0.9941818181818182,0.9941843436715054,0.9941818181818182,3.185982499999227
16,0.01,16,Tanh,50,0.9900000000000001,0.9899957379536052,0.99,3.1319399000058183
16,0.01,16,Tanh,100,0.9900000000000001,0.9899957379536052,0.99,2.857995700003812
16,0.01,16,Tanh,300,0.9900000000000001,0.9899957379536052,0.99,2.9006369999988237
16,0.01,16,Tanh,500,0.9900000000000001,0.9899957379536052,0.99,2.9641082000016468
16,0.01,16,Tanh,1000,0.9900000000000001,0.9899957379536052,0.99,2.884334399990621
16,0.01,16,Sigmoid,50,0.9945454545454546,0.9945422966788967,0.9945454545454545,3.623432000007597
16,0.01,16,Sigmoid,100,0.9945454545454546,0.9945422966788967,0.9945454545454545,3.327404399999068
16,0.01,16,Sigmoid,300,0.9945454545454546,0.9945422966788967,0.9945454545454545,3.5684755999973277
16,0.01,16,Sigmoid,500,0.9945454545454546,0.9945422966788967,0.9945454545454545,3.4830720000027213
16,0.01,16,Sigmoid,1000,0.9945454545454546,0.9945422966788967,0.9945454545454545,3.629370900001959
16,0.01,16,GELU,50,0.9941818181818182,0.9941843436715054,0.9941818181818182,3.314130300001125
16,0.01,16,GELU,100,0.9941818181818182,0.9941843436715054,0.9941818181818182,3.1184739000018453
16,0.01,16,GELU,300,0.9941818181818182,0.9941843436715054,0.9941818181818182,2.916078700000071
16,0.01,16,GELU,500,0.9941818181818182,0.9941843436715054,0.9941818181818182,3.1484366999939084
16,0.01,16,GELU,1000,0.9941818181818182,0.9941843436715054,0.9941818181818182,3.09560820000479
16,0.01,16,Softmax,50,0.9945454545454546,0.9945422966788967,0.9945454545454545,3.732362800001283
16,0.01,16,Softmax,100,0.9945454545454546,0.9945422966788967,0.9945454545454545,3.386607100008405
16,0.01,16,Softmax,300,0.9945454545454546,0.9945422966788967,0.9945454545454545,3.5542362999985926
16,0.01,16,Softmax,500,0.9945454545454546,0.9945422966788967,0.9945454545454545,3.5017154999950435
16,0.01,16,Softmax,1000,0.9945454545454546,0.9945422966788967,0.9945454545454545,3.468233500010683
16,0.01,32,ReLU,50,0.9949090909090909,0.9949085301735554,0.9949090909090909,1.9187736000021687
16,0.01,32,ReLU,100,0.9949090909090909,0.9949085301735554,0.9949090909090909,1.816295299999183
16,0.01,32,ReLU,300,0.9949090909090909,0.9949085301735554,0.9949090909090909,1.862473900007899
16,0.01,32,ReLU,500,0.9949090909090909,0.9949085301735554,0.9949090909090909,1.8383156999916537
16,0.01,32,ReLU,1000,0.9949090909090909,0.9949085301735554,0.9949090909090909,1.895534299997962
16,0.01,32,Tanh,50,0.990909090909091,0.990912020122977,0.990909090909091,1.4051340999867534
16,0.01,32,Tanh,100,0.990909090909091,0.990912020122977,0.990909090909091,1.5327344999968773
16,0.01,32,Tanh,300,0.990909090909091,0.990912020122977,0.990909090909091,1.4666672000021208
16,0.01,32,Tanh,500,0.990909090909091,0.990912020122977,0.990909090909091,1.4981996999995317
16,0.01,32,Tanh,1000,0.990909090909091,0.990912020122977,0.990909090909091,1.600081800002954
16,0.01,32,Sigmoid,50,0.9958181818181818,0.995818535439576,0.9958181818181818,2.0795717000000877
16,0.01,32,Sigmoid,100,0.9958181818181818,0.995818535439576,0.9958181818181818,2.0516545999998925
16,0.01,32,Sigmoid,300,0.9958181818181818,0.995818535439576,0.9958181818181818,2.013263500004541
16,0.01,32,Sigmoid,500,0.9958181818181818,0.995818535439576,0.9958181818181818,1.9646770000108518
16,0.01,32,Sigmoid,1000,0.9958181818181818,0.995818535439576,0.9958181818181818,1.9447374000010313
16,0.01,32,GELU,50,0.9949090909090909,0.9949085301735554,0.9949090909090909,1.880235899996478
16,0.01,32,GELU,100,0.9949090909090909,0.9949085301735554,0.9949090909090909,1.8160014000022784
16,0.01,32,GELU,300,0.9949090909090909,0.9949085301735554,0.9949090909090909,1.8671035000006668
16,0.01,32,GELU,500,0.9949090909090909,0.9949085301735554,0.9949090909090909,1.8708290999929886
16,0.01,32,GELU,1000,0.9949090909090909,0.9949085301735554,0.9949090909090909,1.862603699992178
16,0.01,32,Softmax,50,0.9958181818181818,0.995818535439576,0.9958181818181818,1.958759300003294
16,0.01,32,Softmax,100,0.9958181818181818,0.995818535439576,0.9958181818181818,2.0136398000031477
16,0.01,32,Softmax,300,0.9958181818181818,0.995818535439576,0.9958181818181818,2.0350877000018954
16,0.01,32,Softmax,500,0.9958181818181818,0.995818535439576,0.9958181818181818,1.944428600007086
16,0.01,32,Softmax,1000,0.9958181818181818,0.995818535439576,0.9958181818181818,2.05888359999517
16,0.01,64,ReLU,50,0.9938181818181817,0.9938155559371631,0.9938181818181818,1.056880900010583
16,0.01,64,ReLU,100,0.9938181818181817,0.9938155559371631,0.9938181818181818,1.102947099992889
16,0.01,64,ReLU,300,0.9938181818181817,0.9938155559371631,0.9938181818181818,1.1019515999942087
16,0.01,64,ReLU,500,0.9938181818181817,0.9938155559371631,0.9938181818181818,1.178926100008539
16,0.01,64,ReLU,1000,0.9938181818181817,0.9938155559371631,0.9938181818181818,1.1343902000080561
16,0.01,64,Tanh,50,0.9925454545454545,0.9925429319696598,0.9925454545454545,1.1211859000031836
16,0.01,64,Tanh,100,0.9925454545454545,0.9925429319696598,0.9925454545454545,1.1507043999881716
16,0.01,64,Tanh,300,0.9925454545454545,0.9925429319696598,0.9925454545454545,1.1387103000015486
16,0.01,64,Tanh,500,0.9925454545454545,0.9925429319696598,0.9925454545454545,1.1843779999908293
16,0.01,64,Tanh,1000,0.9925454545454545,0.9925429319696598,0.9925454545454545,1.11040389999107
16,0.01,64,Sigmoid,50,0.9938181818181818,0.9938217959958752,0.9938181818181818,1.6431562999932794
16,0.01,64,Sigmoid,100,0.9938181818181818,0.9938217959958752,0.9938181818181818,1.759562499995809
16,0.01,64,Sigmoid,300,0.9938181818181818,0.9938217959958752,0.9938181818181818,1.7326087999972515
16,0.01,64,Sigmoid,500,0.9938181818181818,0.9938217959958752,0.9938181818181818,1.6643386999930954
16,0.01,64,Sigmoid,1000,0.9938181818181818,0.9938217959958752,0.9938181818181818,1.7355964000016684
16,0.01,64,GELU,50,0.9938181818181817,0.9938155559371631,0.9938181818181818,1.079907599996659
16,0.01,64,GELU,100,0.9938181818181817,0.9938155559371631,0.9938181818181818,1.1323373999912292
16,0.01,64,GELU,300,0.9938181818181817,0.9938155559371631,0.9938181818181818,1.1214809000084642
16,0.01,64,GELU,500,0.9938181818181817,0.9938155559371631,0.9938181818181818,1.1117709999962244
16,0.01,64,GELU,1000,0.9938181818181817,0.9938155559371631,0.9938181818181818,1.1892862999957288
16,0.01,64,Softmax,50,0.9938181818181818,0.9938217959958752,0.9938181818181818,1.5769224000105169
16,0.01,64,Softmax,100,0.9938181818181818,0.9938217959958752,0.9938181818181818,1.7180675999989035
16,0.01,64,Softmax,300,0.9938181818181818,0.9938217959958752,0.9938181818181818,1.6950716999999713
16,0.01,64,Softmax,500,0.9938181818181818,0.9938217959958752,0.9938181818181818,1.7003357000066899
16,0.01,64,Softmax,1000,0.9938181818181818,0.9938217959958752,0.9938181818181818,1.509191799996188
16,0.01,128,ReLU,50,0.9930909090909092,0.9930895618415941,0.9930909090909091,0.8359272999950917
16,0.01,128,ReLU,100,0.9930909090909092,0.9930895618415941,0.9930909090909091,0.836972400007653
16,0.01,128,ReLU,300,0.9930909090909092,0.9930895618415941,0.9930909090909091,0.8999639999965439
16,0.01,128,ReLU,500,0.9930909090909092,0.9930895618415941,0.9930909090909091,0.7872371999983443
16,0.01,128,ReLU,1000,0.9930909090909092,0.9930895618415941,0.9930909090909091,0.8081556999968598
16,0.01,128,Tanh,50,0.9936363636363637,0.9936353663817351,0.9936363636363637,0.8615007999906084
16,0.01,128,Tanh,100,0.9936363636363637,0.9936353663817351,0.9936363636363637,0.8367588999972213
16,0.01,128,Tanh,300,0.9936363636363637,0.9936353663817351,0.9936363636363637,0.7721393999963766
16,0.01,128,Tanh,500,0.9936363636363637,0.9936353663817351,0.9936363636363637,0.8891976000013528
16,0.01,128,Tanh,1000,0.9936363636363637,0.9936353663817351,0.9936363636363637,0.7722242999880109
16,0.01,128,Sigmoid,50,0.9910909090909091,0.9910964852984148,0.9910909090909091,1.124961000008625
16,0.01,128,Sigmoid,100,0.9910909090909091,0.9910964852984148,0.9910909090909091,1.1147804999927757
16,0.01,128,Sigmoid,300,0.9910909090909091,0.9910964852984148,0.9910909090909091,1.0867665999976452
16,0.01,128,Sigmoid,500,0.9910909090909091,0.9910964852984148,0.9910909090909091,1.0159196000022348
16,0.01,128,Sigmoid,1000,0.9910909090909091,0.9910964852984148,0.9910909090909091,1.0737167000042973
16,0.01,128,GELU,50,0.9930909090909092,0.9930895618415941,0.9930909090909091,0.7702672999876086
16,0.01,128,GELU,100,0.9930909090909092,0.9930895618415941,0.9930909090909091,0.8788679999997839
16,0.01,128,GELU,300,0.9930909090909092,0.9930895618415941,0.9930909090909091,0.836286999998265
16,0.01,128,GELU,500,0.9930909090909092,0.9930895618415941,0.9930909090909091,0.8330047999916133
16,0.01,128,GELU,1000,0.9930909090909092,0.9930895618415941,0.9930909090909091,0.8253374999912921
16,0.01,128,Softmax,50,0.9910909090909091,0.9910964852984148,0.9910909090909091,1.0811318999913055
16,0.01,128,Softmax,100,0.9910909090909091,0.9910964852984148,0.9910909090909091,1.0705052999983309
16,0.01,128,Softmax,300,0.9910909090909091,0.9910964852984148,0.9910909090909091,1.0679883000120753
16,0.01,128,Softmax,500,0.9910909090909091,0.9910964852984148,0.9910909090909091,1.0895234999916283
16,0.01,128,Softmax,1000,0.9910909090909091,0.9910964852984148,0.9910909090909091,1.0654270999948494
16,0.001,8,ReLU,50,0.9920000000000001,0.9919980682672723,0.992,8.674662900011754
16,0.001,8,ReLU,100,0.9920000000000001,0.9919980682672723,0.992,8.916544499996235
16,0.001,8,ReLU,300,0.9920000000000001,0.9919980682672723,0.992,8.505371499995817
16,0.001,8,ReLU,500,0.9920000000000001,0.9919980682672723,0.992,9.036987600004068
16,0.001,8,ReLU,1000,0.9920000000000001,0.9919980682672723,0.992,8.622497100004693
16,0.001,8,Tanh,50,0.993090909090909,0.9930908281872355,0.9930909090909091,7.9826984999963315
16,0.001,8,Tanh,100,0.993090909090909,0.9930908281872355,0.9930909090909091,7.802870800005621
16,0.001,8,Tanh,300,0.993090909090909,0.9930908281872355,0.9930909090909091,7.8584610000107205
16,0.001,8,Tanh,500,0.993090909090909,0.9930908281872355,0.9930909090909091,7.964847100010957
16,0.001,8,Tanh,1000,0.993090909090909,0.9930908281872355,0.9930909090909091,7.986725299997488
16,0.001,8,Sigmoid,50,0.9920000000000001,0.9920034238563166,0.992,10.22052979998989
16,0.001,8,Sigmoid,100,0.9920000000000001,0.9920034238563166,0.992,10.632631300002686
16,0.001,8,Sigmoid,300,0.9920000000000001,0.9920034238563166,0.992,10.582163799990667
16,0.001,8,Sigmoid,500,0.9920000000000001,0.9920034238563166,0.992,10.678532900012215
16,0.001,8,Sigmoid,1000,0.9920000000000001,0.9920034238563166,0.992,10.3660319000046
16,0.001,8,GELU,50,0.9920000000000001,0.9919980682672723,0.992,8.928745999990497
16,0.001,8,GELU,100,0.9920000000000001,0.9919980682672723,0.992,8.632300199999008
16,0.001,8,GELU,300,0.9920000000000001,0.9919980682672723,0.992,8.776175699997111
16,0.001,8,GELU,500,0.9920000000000001,0.9919980682672723,0.992,8.829662000003736
16,0.001,8,GELU,1000,0.9920000000000001,0.9919980682672723,0.992,8.833102999997209
16,0.001,8,Softmax,50,0.9920000000000001,0.9920034238563166,0.992,10.268570400003227
16,0.001,8,Softmax,100,0.9920000000000001,0.9920034238563166,0.992,10.52204929999425
16,0.001,8,Softmax,300,0.9920000000000001,0.9920034238563166,0.992,10.374594299995806
16,0.001,8,Softmax,500,0.9920000000000001,0.9920034238563166,0.992,10.385051599994767
16,0.001,8,Softmax,1000,0.9920000000000001,0.9920034238563166,0.992,10.16007769999851
16,0.001,16,ReLU,50,0.9927272727272729,0.9927233330700126,0.9927272727272727,4.864490399995702
16,0.001,16,ReLU,100,0.9927272727272729,0.9927233330700126,0.9927272727272727,4.907399499992607
16,0.001,16,ReLU,300,0.9927272727272729,0.9927233330700126,0.9927272727272727,4.855756000004476
16,0.001,16,ReLU,500,0.9927272727272729,0.9927233330700126,0.9927272727272727,4.854139300005045
16,0.001,16,ReLU,1000,0.9927272727272729,0.9927233330700126,0.9927272727272727,4.763627899999847
16,0.001,16,Tanh,50,0.9947272727272728,0.9947317776032416,0.9947272727272727,4.671277300003567
16,0.001,16,Tanh,100,0.9947272727272728,0.9947317776032416,0.9947272727272727,4.506148700005724
16,0.001,16,Tanh,300,0.9947272727272728,0.9947317776032416,0.9947272727272727,4.682204800003092
16,0.001,16,Tanh,500,0.9947272727272728,0.9947317776032416,0.9947272727272727,4.703957299992908
16,0.001,16,Tanh,1000,0.9947272727272728,0.9947317776032416,0.9947272727272727,4.621757400003844
16,0.001,16,Sigmoid,50,0.9878181818181818,0.987818944648911,0.9878181818181818,5.528265500004636
16,0.001,16,Sigmoid,100,0.9878181818181818,0.987818944648911,0.9878181818181818,6.35798000000068
16,0.001,16,Sigmoid,300,0.9878181818181818,0.987818944648911,0.9878181818181818,6.446615600012592
16,0.001,16,Sigmoid,500,0.9878181818181818,0.987818944648911,0.9878181818181818,6.174602200000663
16,0.001,16,Sigmoid,1000,0.9878181818181818,0.987818944648911,0.9878181818181818,6.314900600002147
16,0.001,16,GELU,50,0.9927272727272729,0.9927233330700126,0.9927272727272727,4.7904383999994025
16,0.001,16,GELU,100,0.9927272727272729,0.9927233330700126,0.9927272727272727,4.810213199991267
16,0.001,16,GELU,300,0.9927272727272729,0.9927233330700126,0.9927272727272727,4.775212400010787
16,0.001,16,GELU,500,0.9927272727272729,0.9927233330700126,0.9927272727272727,4.917106099994271
16,0.001,16,GELU,1000,0.9927272727272729,0.9927233330700126,0.9927272727272727,4.787470800001756
16,0.001,16,Softmax,50,0.9878181818181818,0.987818944648911,0.9878181818181818,5.559942100007902
16,0.001,16,Softmax,100,0.9878181818181818,0.987818944648911,0.9878181818181818,6.225190900004236
16,0.001,16,Softmax,300,0.9878181818181818,0.987818944648911,0.9878181818181818,6.328889899989008
16,0.001,16,Softmax,500,0.9878181818181818,0.987818944648911,0.9878181818181818,6.388012499999604
16,0.001,16,Softmax,1000,0.9878181818181818,0.987818944648911,0.9878181818181818,6.364286399999401
16,0.001,32,ReLU,50,0.991090909090909,0.9910932203629095,0.9910909090909091,3.0113542000035523
16,0.001,32,ReLU,100,0.991090909090909,0.9910932203629095,0.9910909090909091,3.374869999999646
16,0.001,32,ReLU,300,0.991090909090909,0.9910932203629095,0.9910909090909091,3.4322873999917647
16,0.001,32,ReLU,500,0.991090909090909,0.9910932203629095,0.9910909090909091,3.5357703999907244
16,0.001,32,ReLU,1000,0.991090909090909,0.9910932203629095,0.9910909090909091,3.4307490000064718
16,0.001,32,Tanh,50,0.989090909090909,0.9890938526416342,0.9890909090909091,3.0047677000111435
16,0.001,32,Tanh,100,0.989090909090909,0.9890938526416342,0.9890909090909091,3.224164999992354
16,0.001,32,Tanh,300,0.989090909090909,0.9890938526416342,0.9890909090909091,3.217930700004217
16,0.001,32,Tanh,500,0.989090909090909,0.9890938526416342,0.9890909090909091,3.189373400004115
16,0.001,32,Tanh,1000,0.989090909090909,0.9890938526416342,0.9890909090909091,3.165121400001226
16,0.001,32,Sigmoid,50,0.9849090909090911,0.9849134642698621,0.984909090909091,3.189855600008741
16,0.001,32,Sigmoid,100,0.9858181818181818,0.9858302942605022,0.9858181818181818,4.617528999995557
16,0.001,32,Sigmoid,300,0.9858181818181818,0.9858302942605022,0.9858181818181818,4.502779000002192
16,0.001,32,Sigmoid,500,0.9858181818181818,0.9858302942605022,0.9858181818181818,4.514464799998677
16,0.001,32,Sigmoid,1000,0.9858181818181818,0.9858302942605022,0.9858181818181818,4.4677398999920115
16,0.001,32,GELU,50,0.991090909090909,0.9910932203629095,0.9910909090909091,3.081820199993672
16,0.001,32,GELU,100,0.991090909090909,0.9910932203629095,0.9910909090909091,3.46220949999406
16,0.001,32,GELU,300,0.991090909090909,0.9910932203629095,0.9910909090909091,3.342615700006718
16,0.001,32,GELU,500,0.991090909090909,0.9910932203629095,0.9910909090909091,3.6332151999959024
16,0.001,32,GELU,1000,0.991090909090909,0.9910932203629095,0.9910909090909091,3.4444998999970267
16,0.001,32,Softmax,50,0.9849090909090911,0.9849134642698621,0.984909090909091,3.1512347999960184
16,0.001,32,Softmax,100,0.9858181818181818,0.9858302942605022,0.9858181818181818,4.518320800008951
16,0.001,32,Softmax,300,0.9858181818181818,0.9858302942605022,0.9858181818181818,4.503671999991639
16,0.001,32,Softmax,500,0.9858181818181818,0.9858302942605022,0.9858181818181818,4.533122000008007
16,0.001,32,Softmax,1000,0.9858181818181818,0.9858302942605022,0.9858181818181818,4.334533299988834
16,0.001,64,ReLU,50,0.9878181818181819,0.9878118748926383,0.9878181818181818,1.866929900003015
16,0.001,64,ReLU,100,0.9889090909090911,0.9889027466395578,0.988909090909091,2.3039397000102326
16,0.001,64,ReLU,300,0.9889090909090911,0.9889027466395578,0.988909090909091,2.2918564999999944
16,0.001,64,ReLU,500,0.9889090909090911,0.9889027466395578,0.988909090909091,2.247495899995556
16,0.001,64,ReLU,1000,0.9889090909090911,0.9889027466395578,0.988909090909091,2.2711092000099597
16,0.001,64,Tanh,50,0.9867272727272727,0.9867305298740727,0.9867272727272727,1.7592926000070293
16,0.001,64,Tanh,100,0.9867272727272727,0.9867305298740727,0.9867272727272727,1.9829997999913758
16,0.001,64,Tanh,300,0.9867272727272727,0.9867305298740727,0.9867272727272727,1.9991916999861132
16,0.001,64,Tanh,500,0.9867272727272727,0.9867305298740727,0.9867272727272727,1.933985900002881
16,0.001,64,Tanh,1000,0.9867272727272727,0.9867305298740727,0.9867272727272727,1.9339507999975467
16,0.001,64,Sigmoid,50,0.977090909090909,0.9770964072410936,0.9770909090909091,1.857489700007136
16,0.001,64,Sigmoid,100,0.9823636363636363,0.9823521583848962,0.9823636363636363,2.9245875000051456
16,0.001,64,Sigmoid,300,0.9823636363636363,0.9823521583848962,0.9823636363636363,2.7377772999898298
16,0.001,64,Sigmoid,500,0.9823636363636363,0.9823521583848962,0.9823636363636363,2.9155927000101656
16,0.001,64,Sigmoid,1000,0.9823636363636363,0.9823521583848962,0.9823636363636363,2.9181277999887243
16,0.001,64,GELU,50,0.9878181818181819,0.9878118748926383,0.9878181818181818,1.826398999997764
16,0.001,64,GELU,100,0.9889090909090911,0.9889027466395578,0.988909090909091,2.212120900003356
16,0.001,64,GELU,300,0.9889090909090911,0.9889027466395578,0.988909090909091,2.2146409999986645
16,0.001,64,GELU,500,0.9889090909090911,0.9889027466395578,0.988909090909091,2.3313551000028383
16,0.001,64,GELU,1000,0.9889090909090911,0.9889027466395578,0.988909090909091,2.286513599989121
16,0.001,64,Softmax,50,0.977090909090909,0.9770964072410936,0.9770909090909091,1.8701733000052627
16,0.001,64,Softmax,100,0.9823636363636363,0.9823521583848962,0.9823636363636363,2.870276300003752
16,0.001,64,Softmax,300,0.9823636363636363,0.9823521583848962,0.9823636363636363,2.9835950000124285
16,0.001,64,Softmax,500,0.9823636363636363,0.9823521583848962,0.9823636363636363,2.8342545999912545
16,0.001,64,Softmax,1000,0.9823636363636363,0.9823521583848962,0.9823636363636363,3.0357528000022285
16,0.001,128,ReLU,50,0.9827272727272728,0.9827306508649286,0.9827272727272728,1.1618683000124292
16,0.001,128,ReLU,100,0.9881818181818182,0.9881842679871004,0.9881818181818182,1.975111099993228
16,0.001,128,ReLU,300,0.9881818181818182,0.9881842679871004,0.9881818181818182,2.1799625999992713
16,0.001,128,ReLU,500,0.9881818181818182,0.9881842679871004,0.9881818181818182,2.0823740000050748
16,0.001,128,ReLU,1000,0.9881818181818182,0.9881842679871004,0.9881818181818182,2.123760800008313
16,0.001,128,Tanh,50,0.9850909090909091,0.9850930192155485,0.9850909090909091,1.1975296000018716
16,0.001,128,Tanh,100,0.9852727272727274,0.98527232120097,0.9852727272727273,1.5316364000027534
16,0.001,128,Tanh,300,0.9852727272727274,0.98527232120097,0.9852727272727273,1.5380930999963311
16,0.001,128,Tanh,500,0.9852727272727274,0.98527232120097,0.9852727272727273,1.5966850999975577
16,0.001,128,Tanh,1000,0.9852727272727274,0.98527232120097,0.9852727272727273,1.4582359000050928
16,0.001,128,Sigmoid,50,0.9612727272727271,0.9612037164206417,0.9612727272727273,1.2271425999933854
16,0.001,128,Sigmoid,100,0.9785454545454543,0.9785470814016886,0.9785454545454545,2.0451112000009743
16,0.001,128,Sigmoid,300,0.9785454545454543,0.9785470814016886,0.9785454545454545,2.4256490000116173
16,0.001,128,Sigmoid,500,0.9785454545454543,0.9785470814016886,0.9785454545454545,2.4132136999978684
16,0.001,128,Sigmoid,1000,0.9785454545454543,0.9785470814016886,0.9785454545454545,2.4372071999969194
16,0.001,128,GELU,50,0.9827272727272728,0.9827306508649286,0.9827272727272728,1.187249900001916
16,0.001,128,GELU,100,0.9881818181818182,0.9881842679871004,0.9881818181818182,2.0677513999980874
16,0.001,128,GELU,300,0.9881818181818182,0.9881842679871004,0.9881818181818182,2.1746605999942403
16,0.001,128,GELU,500,0.9881818181818182,0.9881842679871004,0.9881818181818182,2.1515012000018032
16,0.001,128,GELU,1000,0.9881818181818182,0.9881842679871004,0.9881818181818182,2.205482600009418
16,0.001,128,Softmax,50,0.9612727272727271,0.9612037164206417,0.9612727272727273,1.2055643000057898
16,0.001,128,Softmax,100,0.9785454545454543,0.9785470814016886,0.9785454545454545,2.1516298999922583
16,0.001,128,Softmax,300,0.9785454545454543,0.9785470814016886,0.9785454545454545,2.5340691000019433
16,0.001,128,Softmax,500,0.9785454545454543,0.9785470814016886,0.9785454545454545,2.3489781000098446
16,0.001,128,Softmax,1000,0.9785454545454543,0.9785470814016886,0.9785454545454545,2.465959599998314
16,0.0001,8,ReLU,50,0.974909090909091,0.9749239616086325,0.974909090909091,11.065311899990775
16,0.0001,8,ReLU,100,0.9818181818181817,0.9818332127950562,0.9818181818181818,18.507310599990888
16,0.0001,8,ReLU,300,0.9818181818181817,0.9818332127950562,0.9818181818181818,18.321120100008557
16,0.0001,8,ReLU,500,0.9818181818181817,0.9818332127950562,0.9818181818181818,19.083324300008826
16,0.0001,8,ReLU,1000,0.9818181818181817,0.9818332127950562,0.9818181818181818,18.635400300001493
16,0.0001,8,Tanh,50,0.9810909090909091,0.9810978144980145,0.9810909090909091,10.902818600006867
16,0.0001,8,Tanh,100,0.9849090909090911,0.9849142330209193,0.984909090909091,17.4429436000064
16,0.0001,8,Tanh,300,0.9849090909090911,0.9849142330209193,0.984909090909091,17.38808569998946
16,0.0001,8,Tanh,500,0.9849090909090911,0.9849142330209193,0.984909090909091,17.805139899995993
16,0.0001,8,Tanh,1000,0.9849090909090911,0.9849142330209193,0.984909090909091,17.407284500004607
16,0.0001,8,Sigmoid,50,0.9405454545454544,0.940327256168011,0.9405454545454546,10.80580440000631
16,0.0001,8,Sigmoid,100,0.9727272727272728,0.972769752052212,0.9727272727272728,21.333691200008616
16,0.0001,8,Sigmoid,300,0.9738181818181818,0.9738526151422335,0.9738181818181818,28.904806400008965
16,0.0001,8,Sigmoid,500,0.9738181818181818,0.9738526151422335,0.9738181818181818,28.230727800008026
16,0.0001,8,Sigmoid,1000,0.9738181818181818,0.9738526151422335,0.9738181818181818,30.372468399989884
16,0.0001,8,GELU,50,0.974909090909091,0.9749239616086325,0.974909090909091,11.396734599999036
16,0.0001,8,GELU,100,0.9818181818181817,0.9818332127950562,0.9818181818181818,19.196851800006698
16,0.0001,8,GELU,300,0.9818181818181817,0.9818332127950562,0.9818181818181818,19.404856099994504
16,0.0001,8,GELU,500,0.9818181818181817,0.9818332127950562,0.9818181818181818,19.29846130000078
16,0.0001,8,GELU,1000,0.9818181818181817,0.9818332127950562,0.9818181818181818,19.285133000012138
16,0.0001,8,Softmax,50,0.9405454545454544,0.940327256168011,0.9405454545454546,11.260826099998667
16,0.0001,8,Softmax,100,0.9727272727272728,0.972769752052212,0.9727272727272728,22.31248200000846
16,0.0001,8,Softmax,300,0.9738181818181818,0.9738526151422335,0.9738181818181818,30.42504450000706
16,0.0001,8,Softmax,500,0.9738181818181818,0.9738526151422335,0.9738181818181818,29.888554300006945
16,0.0001,8,Softmax,1000,0.9738181818181818,0.9738526151422335,0.9738181818181818,30.66278610000154
16,0.0001,16,ReLU,50,0.9576363636363635,0.957634901722662,0.9576363636363636,5.998729899991304
16,0.0001,16,ReLU,100,0.9787272727272728,0.9787397111226824,0.9787272727272728,11.572801699992851
16,0.0001,16,ReLU,300,0.978909090909091,0.9789191986677676,0.978909090909091,14.636174500003108
16,0.0001,16,ReLU,500,0.978909090909091,0.9789191986677676,0.978909090909091,14.287984499998856
16,0.0001,16,ReLU,1000,0.978909090909091,0.9789191986677676,0.978909090909091,14.302777499993681
16,0.0001,16,Tanh,50,0.9707272727272728,0.9707329136703108,0.9707272727272728,5.972223599994322
16,0.0001,16,Tanh,100,0.9816363636363636,0.9816385115636028,0.9816363636363636,11.15600029999041
16,0.0001,16,Tanh,300,0.9816363636363636,0.9816385115636028,0.9816363636363636,11.6082150000002
16,0.0001,16,Tanh,500,0.9816363636363636,0.9816385115636028,0.9816363636363636,11.389378199994098
16,0.0001,16,Tanh,1000,0.9816363636363636,0.9816385115636028,0.9816363636363636,11.421944000001531
16,0.0001,16,Sigmoid,50,0.8741818181818182,0.8717656761832938,0.8741818181818182,5.926831499993568
16,0.0001,16,Sigmoid,100,0.9585454545454546,0.9584689244689476,0.9585454545454546,11.878478099999484
16,0.0001,16,Sigmoid,300,0.9692727272727274,0.9692797023282526,0.9692727272727273,18.84505899999931
16,0.0001,16,Sigmoid,500,0.9692727272727274,0.9692797023282526,0.9692727272727273,18.994049999993877
16,0.0001,16,Sigmoid,1000,0.9692727272727274,0.9692797023282526,0.9692727272727273,18.899261500002467
16,0.0001,16,GELU,50,0.9576363636363635,0.957634901722662,0.9576363636363636,6.064852499999688
16,0.0001,16,GELU,100,0.9787272727272728,0.9787397111226824,0.9787272727272728,11.713060199996107
16,0.0001,16,GELU,300,0.978909090909091,0.9789191986677676,0.978909090909091,14.100352499997825
16,0.0001,16,GELU,500,0.978909090909091,0.9789191986677676,0.978909090909091,13.9644879999978
16,0.0001,16,GELU,1000,0.978909090909091,0.9789191986677676,0.978909090909091,14.038845900009619
16,0.0001,16,Softmax,50,0.8741818181818182,0.8717656761832938,0.8741818181818182,6.022833600000013
16,0.0001,16,Softmax,100,0.9585454545454546,0.9584689244689476,0.9585454545454546,11.853502600002685
16,0.0001,16,Softmax,300,0.9692727272727274,0.9692797023282526,0.9692727272727273,18.81840010000451
16,0.0001,16,Softmax,500,0.9692727272727274,0.9692797023282526,0.9692727272727273,19.156877500005066
16,0.0001,16,Softmax,1000,0.9692727272727274,0.9692797023282526,0.9692727272727273,18.7440043999959
16,0.0001,32,ReLU,50,0.9270909090909091,0.9266598485617831,0.9270909090909091,3.3173274000000674
16,0.0001,32,ReLU,100,0.9698181818181819,0.9698214525002395,0.9698181818181818,6.4987866999872494
16,0.0001,32,ReLU,300,0.9743636363636363,0.9743749595485902,0.9743636363636363,8.311122999992222
16,0.0001,32,ReLU,500,0.9743636363636363,0.9743749595485902,0.9743636363636363,8.470054799996433
16,0.0001,32,ReLU,1000,0.9743636363636363,0.9743749595485902,0.9743636363636363,8.273292500001844
16,0.0001,32,Tanh,50,0.9429090909090907,0.942578466078993,0.9429090909090909,3.3170432999904733
16,0.0001,32,Tanh,100,0.9741818181818183,0.974200749308163,0.9741818181818181,6.363483499997528
16,0.0001,32,Tanh,300,0.9752727272727273,0.9752902938409433,0.9752727272727273,7.834136099991156
16,0.0001,32,Tanh,500,0.9752727272727273,0.9752902938409433,0.9752727272727273,8.038929300004384
16,0.0001,32,Tanh,1000,0.9752727272727273,0.9752902938409433,0.9752727272727273,7.944275000001653
16,0.0001,32,Sigmoid,50,0.7636363636363637,0.7497449165124089,0.7636363636363637,3.3633641000051284
16,0.0001,32,Sigmoid,100,0.9070909090909091,0.9061047171014401,0.9070909090909091,6.586408900009701
16,0.0001,32,Sigmoid,300,0.9601818181818182,0.960142009807459,0.9601818181818181,13.091098799995962
16,0.0001,32,Sigmoid,500,0.9601818181818182,0.960142009807459,0.9601818181818181,13.105078499997035
16,0.0001,32,Sigmoid,1000,0.9601818181818182,0.960142009807459,0.9601818181818181,13.040812799998093
16,0.0001,32,GELU,50,0.9270909090909091,0.9266598485617831,0.9270909090909091,3.380875900009414
16,0.0001,32,GELU,100,0.9698181818181819,0.9698214525002395,0.9698181818181818,6.484406499992474
16,0.0001,32,GELU,300,0.9743636363636363,0.9743749595485902,0.9743636363636363,8.482485299988184
16,0.0001,32,GELU,500,0.9743636363636363,0.9743749595485902,0.9743636363636363,8.250210099999094
16,0.0001,32,GELU,1000,0.9743636363636363,0.9743749595485902,0.9743636363636363,8.325498499994865
16,0.0001,32,Softmax,50,0.7636363636363637,0.7497449165124089,0.7636363636363637,3.2547472000005655
16,0.0001,32,Softmax,100,0.9070909090909091,0.9061047171014401,0.9070909090909091,6.4421391999931075
16,0.0001,32,Softmax,300,0.9601818181818182,0.960142009807459,0.9601818181818181,13.177871899999445
16,0.0001,32,Softmax,500,0.9601818181818182,0.960142009807459,0.9601818181818181,13.151514500001213
16,0.0001,32,Softmax,1000,0.9601818181818182,0.960142009807459,0.9601818181818181,13.004123299993807
16,0.0001,64,ReLU,50,0.8478181818181819,0.8441855676649584,0.8478181818181818,1.9701897999912035
16,0.0001,64,ReLU,100,0.9425454545454546,0.9423534026666541,0.9425454545454546,3.7972450999950524
16,0.0001,64,ReLU,300,0.9621818181818184,0.9621709217671538,0.9621818181818181,6.777652399992803
16,0.0001,64,ReLU,500,0.9621818181818184,0.9621709217671538,0.9621818181818181,6.452764200003003
16,0.0001,64,ReLU,1000,0.9621818181818184,0.9621709217671538,0.9621818181818181,6.457383999993908
16,0.0001,64,Tanh,50,0.8739999999999999,0.8694561294000366,0.874,1.9412791000067955
16,0.0001,64,Tanh,100,0.9532727272727272,0.9531559997861528,0.9532727272727273,3.6714483999967342
16,0.0001,64,Tanh,300,0.9723636363636363,0.9723578504221908,0.9723636363636363,5.582503900004667
16,0.0001,64,Tanh,500,0.9723636363636363,0.9723578504221908,0.9723636363636363,5.6451256000000285
16,0.0001,64,Tanh,1000,0.9723636363636363,0.9723578504221908,0.9723636363636363,5.535321399991517
16,0.0001,64,Sigmoid,50,0.6454545454545455,0.6051557905245112,0.6454545454545455,2.0138931999972556
16,0.0001,64,Sigmoid,100,0.7954545454545453,0.7854809565804062,0.7954545454545454,3.801634900009958
16,0.0001,64,Sigmoid,300,0.9425454545454546,0.9423136629959646,0.9425454545454546,9.746314900010475
16,0.0001,64,Sigmoid,500,0.9425454545454546,0.9423136629959646,0.9425454545454546,9.545120999988285
16,0.0001,64,Sigmoid,1000,0.9425454545454546,0.9423136629959646,0.9425454545454546,9.7609863000107
16,0.0001,64,GELU,50,0.8478181818181819,0.8441855676649584,0.8478181818181818,1.9540980999881867
16,0.0001,64,GELU,100,0.9425454545454546,0.9423534026666541,0.9425454545454546,3.787370000005467
16,0.0001,64,GELU,300,0.9621818181818184,0.9621709217671538,0.9621818181818181,6.503599599993322
16,0.0001,64,GELU,500,0.9621818181818184,0.9621709217671538,0.9621818181818181,6.223356800008332
16,0.0001,64,GELU,1000,0.9621818181818184,0.9621709217671538,0.9621818181818181,6.440321700007189
16,0.0001,64,Softmax,50,0.6454545454545455,0.6051557905245112,0.6454545454545455,1.961705500012613
16,0.0001,64,Softmax,100,0.7954545454545453,0.7854809565804062,0.7954545454545454,3.689012400005595
16,0.0001,64,Softmax,300,0.9425454545454546,0.9423136629959646,0.9425454545454546,9.789259500001208
16,0.0001,64,Softmax,500,0.9425454545454546,0.9423136629959646,0.9425454545454546,9.68479300000763
16,0.0001,64,Softmax,1000,0.9425454545454546,0.9423136629959646,0.9425454545454546,9.699404200000572
16,0.0001,128,ReLU,50,0.7414545454545455,0.7249132832660898,0.7414545454545455,1.246693699999014
16,0.0001,128,ReLU,100,0.8665454545454545,0.8637628712831952,0.8665454545454545,2.3137515999987954
16,0.0001,128,ReLU,300,0.9478181818181818,0.9477000517112603,0.9478181818181818,5.419606399998884
16,0.0001,128,ReLU,500,0.9478181818181818,0.9477000517112603,0.9478181818181818,5.485419599994202
16,0.0001,128,ReLU,1000,0.9478181818181818,0.9477000517112603,0.9478181818181818,5.197578699997393
16,0.0001,128,Tanh,50,0.7623636363636365,0.7379875069970151,0.7623636363636364,1.2408184999949299
16,0.0001,128,Tanh,100,0.8956363636363635,0.8929615982945225,0.8956363636363637,2.304362199996831
16,0.0001,128,Tanh,300,0.9554545454545454,0.9553609555570457,0.9554545454545454,4.590263000005507
16,0.0001,128,Tanh,500,0.9554545454545454,0.9553609555570457,0.9554545454545454,4.645103699993342
16,0.0001,128,Tanh,1000,0.9554545454545454,0.9553609555570457,0.9554545454545454,4.465467799993348
16,0.0001,128,Sigmoid,50,0.4272727272727272,0.3764410982121999,0.42727272727272725,1.2566595999960555
16,0.0001,128,Sigmoid,100,0.6672727272727271,0.6318653134987092,0.6672727272727272,2.278080999996746
16,0.0001,128,Sigmoid,300,0.9078181818181817,0.9067099800494856,0.9078181818181819,6.6695787999924505
16,0.0001,128,Sigmoid,500,0.9201818181818182,0.9195019657361254,0.9201818181818182,8.373833600009675
16,0.0001,128,Sigmoid,1000,0.9201818181818182,0.9195019657361254,0.9201818181818182,8.172087099999771
16,0.0001,128,GELU,50,0.7414545454545455,0.7249132832660898,0.7414545454545455,1.2060082999960287
16,0.0001,128,GELU,100,0.8665454545454545,0.8637628712831952,0.8665454545454545,2.364779199997429
16,0.0001,128,GELU,300,0.9478181818181818,0.9477000517112603,0.9478181818181818,5.531484699997236
16,0.0001,128,GELU,500,0.9478181818181818,0.9477000517112603,0.9478181818181818,5.519496099994285
16,0.0001,128,GELU,1000,0.9478181818181818,0.9477000517112603,0.9478181818181818,5.49678159999894
16,0.0001,128,Softmax,50,0.4272727272727272,0.3764410982121999,0.42727272727272725,1.2156795000046259
16,0.0001,128,Softmax,100,0.6672727272727271,0.6318653134987092,0.6672727272727272,2.310464600013802
16,0.0001,128,Softmax,300,0.9078181818181817,0.9067099800494856,0.9078181818181819,6.626978800006327
16,0.0001,128,Softmax,500,0.9201818181818182,0.9195019657361254,0.9201818181818182,8.12032800000452
16,0.0001,128,Softmax,1000,0.9201818181818182,0.9195019657361254,0.9201818181818182,8.058278999989852
16,0.00025,8,ReLU,50,0.9878181818181818,0.9878159507546544,0.9878181818181818,11.262406100009684
16,0.00025,8,ReLU,100,0.9879999999999999,0.9879961095084261,0.988,13.889214599999832
16,0.00025,8,ReLU,300,0.9879999999999999,0.9879961095084261,0.988,13.680638699996052
16,0.00025,8,ReLU,500,0.9879999999999999,0.9879961095084261,0.988,13.670597300006193
16,0.00025,8,ReLU,1000,0.9879999999999999,0.9879961095084261,0.988,13.490396000008332
16,0.00025,8,Tanh,50,0.9885454545454546,0.9885527396194381,0.9885454545454545,10.9804421000008
16,0.00025,8,Tanh,100,0.9885454545454546,0.9885527396194381,0.9885454545454545,12.371904700004961
16,0.00025,8,Tanh,300,0.9885454545454546,0.9885527396194381,0.9885454545454545,12.696410000004107
16,0.00025,8,Tanh,500,0.9885454545454546,0.9885527396194381,0.9885454545454545,12.279038299995591
16,0.00025,8,Tanh,1000,0.9885454545454546,0.9885527396194381,0.9885454545454545,12.607667799995397
16,0.00025,8,Sigmoid,50,0.978909090909091,0.9789304670246988,0.978909090909091,11.182522999995854
16,0.00025,8,Sigmoid,100,0.9816363636363636,0.981641947785972,0.9816363636363636,18.417266299991752
16,0.00025,8,Sigmoid,300,0.9816363636363636,0.981641947785972,0.9816363636363636,18.249717700004112
16,0.00025,8,Sigmoid,500,0.9816363636363636,0.981641947785972,0.9816363636363636,18.846824399995967
16,0.00025,8,Sigmoid,1000,0.9816363636363636,0.981641947785972,0.9816363636363636,18.352864399988903
16,0.00025,8,GELU,50,0.9878181818181818,0.9878159507546544,0.9878181818181818,11.158551800006535
16,0.00025,8,GELU,100,0.9879999999999999,0.9879961095084261,0.988,13.584742999999435
16,0.00025,8,GELU,300,0.9879999999999999,0.9879961095084261,0.988,13.57333679999283
16,0.00025,8,GELU,500,0.9879999999999999,0.9879961095084261,0.988,13.62232560000848
16,0.00025,8,GELU,1000,0.9879999999999999,0.9879961095084261,0.988,13.629321200001868
16,0.00025,8,Softmax,50,0.978909090909091,0.9789304670246988,0.978909090909091,11.317239900003187
16,0.00025,8,Softmax,100,0.9816363636363636,0.981641947785972,0.9816363636363636,18.369367799998145
16,0.00025,8,Softmax,300,0.9816363636363636,0.981641947785972,0.9816363636363636,17.940594300001976
16,0.00025,8,Softmax,500,0.9816363636363636,0.981641947785972,0.9816363636363636,18.093800100003136
16,0.00025,8,Softmax,1000,0.9816363636363636,0.981641947785972,0.9816363636363636,18.461734799988335
16,0.00025,16,ReLU,50,0.9839999999999999,0.9840091062236518,0.984,5.931861000004574
16,0.00025,16,ReLU,100,0.9863636363636363,0.9863658081337647,0.9863636363636363,10.25452000000223
16,0.00025,16,ReLU,300,0.9863636363636363,0.9863658081337647,0.9863636363636363,9.949722400007886
16,0.00025,16,ReLU,500,0.9863636363636363,0.9863658081337647,0.9863636363636363,10.267235799998161
16,0.00025,16,ReLU,1000,0.9863636363636363,0.9863658081337647,0.9863636363636363,10.101139799997327
16,0.00025,16,Tanh,50,0.9869090909090908,0.9869157236089062,0.986909090909091,5.780410999999731
16,0.00025,16,Tanh,100,0.9870909090909091,0.9870961819625692,0.9870909090909091,7.2249628999998095
16,0.00025,16,Tanh,300,0.9870909090909091,0.9870961819625692,0.9870909090909091,7.412959000008414
16,0.00025,16,Tanh,500,0.9870909090909091,0.9870961819625692,0.9870909090909091,7.233642400009558
16,0.00025,16,Tanh,1000,0.9870909090909091,0.9870961819625692,0.9870909090909091,7.19796970000607
16,0.00025,16,Sigmoid,50,0.9678181818181817,0.9678037904265644,0.9678181818181818,5.886891200003447
16,0.00025,16,Sigmoid,100,0.9800000000000001,0.9800278159457926,0.98,11.135991200004355
16,0.00025,16,Sigmoid,300,0.9801818181818182,0.9802070272199036,0.9801818181818182,12.256259799993131
16,0.00025,16,Sigmoid,500,0.9801818181818182,0.9802070272199036,0.9801818181818182,12.213380300003337
16,0.00025,16,Sigmoid,1000,0.9801818181818182,0.9802070272199036,0.9801818181818182,12.427660100001958
16,0.00025,16,GELU,50,0.9839999999999999,0.9840091062236518,0.984,5.932958699995652
16,0.00025,16,GELU,100,0.9863636363636363,0.9863658081337647,0.9863636363636363,10.230646199997864
16,0.00025,16,GELU,300,0.9863636363636363,0.9863658081337647,0.9863636363636363,10.050881699993624
16,0.00025,16,GELU,500,0.9863636363636363,0.9863658081337647,0.9863636363636363,10.008581799993408
16,0.00025,16,GELU,1000,0.9863636363636363,0.9863658081337647,0.9863636363636363,9.932338600003277
16,0.00025,16,Softmax,50,0.9678181818181817,0.9678037904265644,0.9678181818181818,5.8069825999991735
16,0.00025,16,Softmax,100,0.9800000000000001,0.9800278159457926,0.98,11.07234790000075
16,0.00025,16,Softmax,300,0.9801818181818182,0.9802070272199036,0.9801818181818182,11.956913500005612
16,0.00025,16,Softmax,500,0.9801818181818182,0.9802070272199036,0.9801818181818182,11.871001699997578
16,0.00025,16,Softmax,1000,0.9801818181818182,0.9802070272199036,0.9801818181818182,12.426147299993318
16,0.00025,32,ReLU,50,0.9745454545454545,0.9745522486533656,0.9745454545454545,3.2595631000003777
16,0.00025,32,ReLU,100,0.9825454545454545,0.9825453866308422,0.9825454545454545,5.985630299997865
16,0.00025,32,ReLU,300,0.9825454545454545,0.9825453866308422,0.9825454545454545,6.142216899999767
16,0.00025,32,ReLU,500,0.9825454545454545,0.9825453866308422,0.9825454545454545,6.10323109998717
16,0.00025,32,ReLU,1000,0.9825454545454545,0.9825453866308422,0.9825454545454545,6.228383800000302
16,0.00025,32,Tanh,50,0.979090909090909,0.9791077812723291,0.9790909090909091,3.204388199999812
16,0.00025,32,Tanh,100,0.9821818181818184,0.9821902157709754,0.9821818181818182,4.652516599991941
16,0.00025,32,Tanh,300,0.9821818181818184,0.9821902157709754,0.9821818181818182,4.644436700007645
16,0.00025,32,Tanh,500,0.9821818181818184,0.9821902157709754,0.9821818181818182,4.611170899996068
16,0.00025,32,Tanh,1000,0.9821818181818184,0.9821902157709754,0.9821818181818182,4.769158800001605
16,0.00025,32,Sigmoid,50,0.9314545454545455,0.9310176284961365,0.9314545454545454,3.2624510000023292
16,0.00025,32,Sigmoid,100,0.9732727272727274,0.9733009269054207,0.9732727272727273,6.326917899990804
16,0.00025,32,Sigmoid,300,0.9747272727272727,0.9747496739183766,0.9747272727272728,8.324733900008141
16,0.00025,32,Sigmoid,500,0.9747272727272727,0.9747496739183766,0.9747272727272728,8.263369800013606
16,0.00025,32,Sigmoid,1000,0.9747272727272727,0.9747496739183766,0.9747272727272728,8.181275099996128
16,0.00025,32,GELU,50,0.9745454545454545,0.9745522486533656,0.9745454545454545,3.2985432999994373
16,0.00025,32,GELU,100,0.9825454545454545,0.9825453866308422,0.9825454545454545,6.044123899991973
16,0.00025,32,GELU,300,0.9825454545454545,0.9825453866308422,0.9825454545454545,6.049119599992991
16,0.00025,32,GELU,500,0.9825454545454545,0.9825453866308422,0.9825454545454545,6.27469820000988
16,0.00025,32,GELU,1000,0.9825454545454545,0.9825453866308422,0.9825454545454545,6.028532200012705
16,0.00025,32,Softmax,50,0.9314545454545455,0.9310176284961365,0.9314545454545454,3.216276999999536
16,0.00025,32,Softmax,100,0.9732727272727274,0.9733009269054207,0.9732727272727273,6.390006200002972
16,0.00025,32,Softmax,300,0.9747272727272727,0.9747496739183766,0.9747272727272728,8.379714800001238
16,0.00025,32,Softmax,500,0.9747272727272727,0.9747496739183766,0.9747272727272728,8.206591599999228
16,0.00025,32,Softmax,1000,0.9747272727272727,0.9747496739183766,0.9747272727272728,8.16971210000338
16,0.00025,64,ReLU,50,0.9529090909090907,0.9528645660202609,0.9529090909090909,1.9072113000001991
16,0.00025,64,ReLU,100,0.9783636363636364,0.9783677148791334,0.9783636363636363,3.6554483999934746
16,0.00025,64,ReLU,300,0.9783636363636364,0.9783677148791334,0.9783636363636363,3.9155507999967085
16,0.00025,64,ReLU,500,0.9783636363636364,0.9783677148791334,0.9783636363636363,3.888167199998861
16,0.00025,64,ReLU,1000,0.9783636363636364,0.9783677148791334,0.9783636363636363,3.907759599998826
16,0.00025,64,Tanh,50,0.9623636363636362,0.9622845836077222,0.9623636363636363,1.9603854000015417
16,0.00025,64,Tanh,100,0.979090909090909,0.9790925035263061,0.9790909090909091,3.4928559999971185
16,0.00025,64,Tanh,300,0.979090909090909,0.9790925035263061,0.9790909090909091,3.6660344999982044
16,0.00025,64,Tanh,500,0.979090909090909,0.9790925035263061,0.9790909090909091,3.6738394999993034
16,0.00025,64,Tanh,1000,0.979090909090909,0.9790925035263061,0.9790909090909091,3.736788100010017
16,0.00025,64,Sigmoid,50,0.838,0.8330851972740774,0.838,1.9393526000058046
16,0.00025,64,Sigmoid,100,0.9483636363636362,0.9482064405758959,0.9483636363636364,3.671546199999284
16,0.00025,64,Sigmoid,300,0.9634545454545453,0.9634069810583135,0.9634545454545455,5.575648400001228
16,0.00025,64,Sigmoid,500,0.9634545454545453,0.9634069810583135,0.9634545454545455,5.544037200001185
16,0.00025,64,Sigmoid,1000,0.9634545454545453,0.9634069810583135,0.9634545454545455,5.406957900006091
16,0.00025,64,GELU,50,0.9529090909090907,0.9528645660202609,0.9529090909090909,1.9491279999929247
16,0.00025,64,GELU,100,0.9783636363636364,0.9783677148791334,0.9783636363636363,3.630326500002411
16,0.00025,64,GELU,300,0.9783636363636364,0.9783677148791334,0.9783636363636363,3.811978800003999
16,0.00025,64,GELU,500,0.9783636363636364,0.9783677148791334,0.9783636363636363,3.905287199988379
16,0.00025,64,GELU,1000,0.9783636363636364,0.9783677148791334,0.9783636363636363,3.919137899996713
16,0.00025,64,Softmax,50,0.838,0.8330851972740774,0.838,1.9203969000081997
16,0.00025,64,Softmax,100,0.9483636363636362,0.9482064405758959,0.9483636363636364,3.661879899998894
16,0.00025,64,Softmax,300,0.9634545454545453,0.9634069810583135,0.9634545454545455,5.568799999993644
16,0.00025,64,Softmax,500,0.9634545454545453,0.9634069810583135,0.9634545454545455,5.46834900000249
16,0.00025,64,Softmax,1000,0.9634545454545453,0.9634069810583135,0.9634545454545455,5.616927899987786
16,0.00025,128,ReLU,50,0.8987272727272727,0.8972892672794454,0.8987272727272727,1.1824735999980476
16,0.00025,128,ReLU,100,0.9598181818181818,0.9597812290729574,0.9598181818181818,2.218423199999961
16,0.00025,128,ReLU,300,0.9698181818181818,0.9697855084539154,0.9698181818181818,3.338296800007811
16,0.00025,128,ReLU,500,0.9698181818181818,0.9697855084539154,0.9698181818181818,3.1379625999979908
16,0.00025,128,ReLU,1000,0.9698181818181818,0.9697855084539154,0.9698181818181818,3.413239199988311
16,0.00025,128,Tanh,50,0.9203636363636363,0.9192863488338084,0.9203636363636364,1.215711900003953
16,0.00025,128,Tanh,100,0.9694545454545456,0.9694271101608236,0.9694545454545455,2.2971204000059515
16,0.00025,128,Tanh,300,0.9765454545454546,0.9765270444895648,0.9765454545454545,3.4091385999927297
16,0.00025,128,Tanh,500,0.9765454545454546,0.9765270444895648,0.9765454545454545,3.2831995000015013
16,0.00025,128,Tanh,1000,0.9765454545454546,0.9765270444895648,0.9765454545454545,3.328870299999835
16,0.00025,128,Sigmoid,50,0.7145454545454545,0.6920068174936405,0.7145454545454546,1.2392928000044776
16,0.00025,128,Sigmoid,100,0.8725454545454546,0.8703604754414112,0.8725454545454545,2.290078399993945
16,0.00025,128,Sigmoid,300,0.9625454545454545,0.9624784121496003,0.9625454545454546,4.702235999997356
16,0.00025,128,Sigmoid,500,0.9625454545454545,0.9624784121496003,0.9625454545454546,4.7864027000032365
16,0.00025,128,Sigmoid,1000,0.9625454545454545,0.9624784121496003,0.9625454545454546,4.711447800000315
16,0.00025,128,GELU,50,0.8987272727272727,0.8972892672794454,0.8987272727272727,1.1724716999888187
16,0.00025,128,GELU,100,0.9598181818181818,0.9597812290729574,0.9598181818181818,2.259912199995597
16,0.00025,128,GELU,300,0.9698181818181818,0.9697855084539154,0.9698181818181818,3.3619478999899
16,0.00025,128,GELU,500,0.9698181818181818,0.9697855084539154,0.9698181818181818,3.341895100005786
16,0.00025,128,GELU,1000,0.9698181818181818,0.9697855084539154,0.9698181818181818,3.429965599993011
16,0.00025,128,Softmax,50,0.7145454545454545,0.6920068174936405,0.7145454545454546,1.201694299990777
16,0.00025,128,Softmax,100,0.8725454545454546,0.8703604754414112,0.8725454545454545,2.254388100001961
16,0.00025,128,Softmax,300,0.9625454545454545,0.9624784121496003,0.9625454545454546,4.742045499995584
16,0.00025,128,Softmax,500,0.9625454545454545,0.9624784121496003,0.9625454545454546,4.5762332000012975
16,0.00025,128,Softmax,1000,0.9625454545454545,0.9624784121496003,0.9625454545454546,4.681700700006331
32,0.01,8,ReLU,50,0.993090909090909,0.99309132212185,0.9930909090909091,7.238608999992721
32,0.01,8,ReLU,100,0.993090909090909,0.99309132212185,0.9930909090909091,7.3279724000021815
32,0.01,8,ReLU,300,0.993090909090909,0.99309132212185,0.9930909090909091,7.4598147999931825
32,0.01,8,ReLU,500,0.993090909090909,0.99309132212185,0.9930909090909091,7.506500700008473
32,0.01,8,ReLU,1000,0.993090909090909,0.99309132212185,0.9930909090909091,7.417879999993602
32,0.01,8,Tanh,50,0.9932727272727274,0.9932814530873373,0.9932727272727273,7.000623700005235
32,0.01,8,Tanh,100,0.9932727272727274,0.9932814530873373,0.9932727272727273,7.1401264000014635
32,0.01,8,Tanh,300,0.9932727272727274,0.9932814530873373,0.9932727272727273,6.890094299989869
32,0.01,8,Tanh,500,0.9932727272727274,0.9932814530873373,0.9932727272727273,7.033800600009272
32,0.01,8,Tanh,1000,0.9932727272727274,0.9932814530873373,0.9932727272727273,7.001797999997507
32,0.01,8,Sigmoid,50,0.9932727272727273,0.9932736169359384,0.9932727272727273,6.075436900006025
32,0.01,8,Sigmoid,100,0.9932727272727273,0.9932736169359384,0.9932727272727273,5.905409999992116
32,0.01,8,Sigmoid,300,0.9932727272727273,0.9932736169359384,0.9932727272727273,6.204850800000713
32,0.01,8,Sigmoid,500,0.9932727272727273,0.9932736169359384,0.9932727272727273,6.039334999994026
32,0.01,8,Sigmoid,1000,0.9932727272727273,0.9932736169359384,0.9932727272727273,6.0597602000052575
32,0.01,8,GELU,50,0.993090909090909,0.99309132212185,0.9930909090909091,7.410241900011897
32,0.01,8,GELU,100,0.993090909090909,0.99309132212185,0.9930909090909091,7.4944449000031454
32,0.01,8,GELU,300,0.993090909090909,0.99309132212185,0.9930909090909091,7.423950099997455
32,0.01,8,GELU,500,0.993090909090909,0.99309132212185,0.9930909090909091,7.480710799994995
32,0.01,8,GELU,1000,0.993090909090909,0.99309132212185,0.9930909090909091,7.279258900001878
32,0.01,8,Softmax,50,0.9932727272727273,0.9932736169359384,0.9932727272727273,5.9860169000021415
32,0.01,8,Softmax,100,0.9932727272727273,0.9932736169359384,0.9932727272727273,5.9888117000082275
32,0.01,8,Softmax,300,0.9932727272727273,0.9932736169359384,0.9932727272727273,6.090714199992362
32,0.01,8,Softmax,500,0.9932727272727273,0.9932736169359384,0.9932727272727273,5.982983000008971
32,0.01,8,Softmax,1000,0.9932727272727273,0.9932736169359384,0.9932727272727273,6.299331100002746
32,0.01,16,ReLU,50,0.9898181818181819,0.9898265064221108,0.9898181818181818,4.128333999993629
32,0.01,16,ReLU,100,0.9898181818181819,0.9898265064221108,0.9898181818181818,3.9504902999906335
32,0.01,16,ReLU,300,0.9898181818181819,0.9898265064221108,0.9898181818181818,3.975183600006858
32,0.01,16,ReLU,500,0.9898181818181819,0.9898265064221108,0.9898181818181818,4.1366975999990245
32,0.01,16,ReLU,1000,0.9898181818181819,0.9898265064221108,0.9898181818181818,3.862111399997957
32,0.01,16,Tanh,50,0.9943636363636362,0.9943624580405725,0.9943636363636363,3.882184400004917
32,0.01,16,Tanh,100,0.9943636363636362,0.9943624580405725,0.9943636363636363,3.727920000004815
32,0.01,16,Tanh,300,0.9943636363636362,0.9943624580405725,0.9943636363636363,3.765760299997055
32,0.01,16,Tanh,500,0.9943636363636362,0.9943624580405725,0.9943636363636363,3.8331085000099847
32,0.01,16,Tanh,1000,0.9943636363636362,0.9943624580405725,0.9943636363636363,3.868185800005449
32,0.01,16,Sigmoid,50,0.9958181818181817,0.9958167241814493,0.9958181818181818,3.432343199994648
32,0.01,16,Sigmoid,100,0.9958181818181817,0.9958167241814493,0.9958181818181818,3.3367638000054285
32,0.01,16,Sigmoid,300,0.9958181818181817,0.9958167241814493,0.9958181818181818,3.3851449000067078
32,0.01,16,Sigmoid,500,0.9958181818181817,0.9958167241814493,0.9958181818181818,3.323626900004456
32,0.01,16,Sigmoid,1000,0.9958181818181817,0.9958167241814493,0.9958181818181818,3.3465753000054974
32,0.01,16,GELU,50,0.9898181818181819,0.9898265064221108,0.9898181818181818,3.8311252999992575
32,0.01,16,GELU,100,0.9898181818181819,0.9898265064221108,0.9898181818181818,4.079009900000528
32,0.01,16,GELU,300,0.9898181818181819,0.9898265064221108,0.9898181818181818,3.9227590000082273
32,0.01,16,GELU,500,0.9898181818181819,0.9898265064221108,0.9898181818181818,3.916417000000365
32,0.01,16,GELU,1000,0.9898181818181819,0.9898265064221108,0.9898181818181818,4.0572443999990355
32,0.01,16,Softmax,50,0.9958181818181817,0.9958167241814493,0.9958181818181818,3.304058499998064
32,0.01,16,Softmax,100,0.9958181818181817,0.9958167241814493,0.9958181818181818,3.189334199996665
32,0.01,16,Softmax,300,0.9958181818181817,0.9958167241814493,0.9958181818181818,3.299055600000429
32,0.01,16,Softmax,500,0.9958181818181817,0.9958167241814493,0.9958181818181818,3.310114399995655
32,0.01,16,Softmax,1000,0.9958181818181817,0.9958167241814493,0.9958181818181818,3.360976199997822
32,0.01,32,ReLU,50,0.9952727272727272,0.9952754467332497,0.9952727272727273,1.9034340000071097
32,0.01,32,ReLU,100,0.9952727272727272,0.9952754467332497,0.9952727272727273,1.8782389000116382
32,0.01,32,ReLU,300,0.9952727272727272,0.9952754467332497,0.9952727272727273,1.9089368999993894
32,0.01,32,ReLU,500,0.9952727272727272,0.9952754467332497,0.9952727272727273,1.872618199995486
32,0.01,32,ReLU,1000,0.9952727272727272,0.9952754467332497,0.9952727272727273,1.8572589999967022
32,0.01,32,Tanh,50,0.9938181818181818,0.9938205134924784,0.9938181818181818,1.9814498000050662
32,0.01,32,Tanh,100,0.9938181818181818,0.9938205134924784,0.9938181818181818,1.7817288000078406
32,0.01,32,Tanh,300,0.9938181818181818,0.9938205134924784,0.9938181818181818,1.8714366000058362
32,0.01,32,Tanh,500,0.9938181818181818,0.9938205134924784,0.9938181818181818,1.9368414000055054
32,0.01,32,Tanh,1000,0.9938181818181818,0.9938205134924784,0.9938181818181818,1.9326340999978129
32,0.01,32,Sigmoid,50,0.9947272727272728,0.9947255736240382,0.9947272727272727,2.3469035000016447
32,0.01,32,Sigmoid,100,0.9947272727272728,0.9947255736240382,0.9947272727272727,2.4234835999959614
32,0.01,32,Sigmoid,300,0.9947272727272728,0.9947255736240382,0.9947272727272727,2.2111552999995183
32,0.01,32,Sigmoid,500,0.9947272727272728,0.9947255736240382,0.9947272727272727,2.332860199996503
32,0.01,32,Sigmoid,1000,0.9947272727272728,0.9947255736240382,0.9947272727272727,2.330625099988538
32,0.01,32,GELU,50,0.9952727272727272,0.9952754467332497,0.9952727272727273,2.016583400007221
32,0.01,32,GELU,100,0.9952727272727272,0.9952754467332497,0.9952727272727273,1.9725914000009652
32,0.01,32,GELU,300,0.9952727272727272,0.9952754467332497,0.9952727272727273,1.9191749000019627
32,0.01,32,GELU,500,0.9952727272727272,0.9952754467332497,0.9952727272727273,1.9007286999985809
32,0.01,32,GELU,1000,0.9952727272727272,0.9952754467332497,0.9952727272727273,1.8825145999871893
32,0.01,32,Softmax,50,0.9947272727272728,0.9947255736240382,0.9947272727272727,2.318712799999048
32,0.01,32,Softmax,100,0.9947272727272728,0.9947255736240382,0.9947272727272727,2.359132800003863
32,0.01,32,Softmax,300,0.9947272727272728,0.9947255736240382,0.9947272727272727,2.3290333000040846
32,0.01,32,Softmax,500,0.9947272727272728,0.9947255736240382,0.9947272727272727,2.440527099999599
32,0.01,32,Softmax,1000,0.9947272727272728,0.9947255736240382,0.9947272727272727,2.329243799991673
32,0.01,64,ReLU,50,0.9949090909090909,0.9949132478385564,0.9949090909090909,1.0617683000018587
32,0.01,64,ReLU,100,0.9949090909090909,0.9949132478385564,0.9949090909090909,1.1498886999906972
32,0.01,64,ReLU,300,0.9949090909090909,0.9949132478385564,0.9949090909090909,1.1017638000048464
32,0.01,64,ReLU,500,0.9949090909090909,0.9949132478385564,0.9949090909090909,1.0418799000035506
32,0.01,64,ReLU,1000,0.9949090909090909,0.9949132478385564,0.9949090909090909,1.1355237999960082
32,0.01,64,Tanh,50,0.995090909090909,0.9950883492799182,0.9950909090909091,1.2777541000104975
32,0.01,64,Tanh,100,0.995090909090909,0.9950883492799182,0.9950909090909091,1.309875099992496
32,0.01,64,Tanh,300,0.995090909090909,0.9950883492799182,0.9950909090909091,1.3618310000019846
32,0.01,64,Tanh,500,0.995090909090909,0.9950883492799182,0.9950909090909091,1.2625697999901604
32,0.01,64,Tanh,1000,0.995090909090909,0.9950883492799182,0.9950909090909091,1.242835400000331
32,0.01,64,Sigmoid,50,0.9958181818181818,0.995815943131636,0.9958181818181818,1.5506905000074767
32,0.01,64,Sigmoid,100,0.9958181818181818,0.995815943131636,0.9958181818181818,1.520392999998876
32,0.01,64,Sigmoid,300,0.9958181818181818,0.995815943131636,0.9958181818181818,1.5078330999967875
32,0.01,64,Sigmoid,500,0.9958181818181818,0.995815943131636,0.9958181818181818,1.5919391000061296
32,0.01,64,Sigmoid,1000,0.9958181818181818,0.995815943131636,0.9958181818181818,1.4995888999983435
32,0.01,64,GELU,50,0.9949090909090909,0.9949132478385564,0.9949090909090909,1.0682786999968812
32,0.01,64,GELU,100,0.9949090909090909,0.9949132478385564,0.9949090909090909,1.1276127000019187
32,0.01,64,GELU,300,0.9949090909090909,0.9949132478385564,0.9949090909090909,1.0803376000112621
32,0.01,64,GELU,500,0.9949090909090909,0.9949132478385564,0.9949090909090909,1.1173995999997715
32,0.01,64,GELU,1000,0.9949090909090909,0.9949132478385564,0.9949090909090909,1.0695740999944974
32,0.01,64,Softmax,50,0.9958181818181818,0.995815943131636,0.9958181818181818,1.5289245000021765
32,0.01,64,Softmax,100,0.9958181818181818,0.995815943131636,0.9958181818181818,1.5177277000038885
32,0.01,64,Softmax,300,0.9958181818181818,0.995815943131636,0.9958181818181818,1.5784717000060482
32,0.01,64,Softmax,500,0.9958181818181818,0.995815943131636,0.9958181818181818,1.5745008999947459
32,0.01,64,Softmax,1000,0.9958181818181818,0.995815943131636,0.9958181818181818,1.473617000010563
32,0.01,128,ReLU,50,0.9954545454545454,0.9954554245570246,0.9954545454545455,0.9513744999858318
32,0.01,128,ReLU,100,0.9954545454545454,0.9954554245570246,0.9954545454545455,1.0734833000024082
32,0.01,128,ReLU,300,0.9954545454545454,0.9954554245570246,0.9954545454545455,0.9444304999924498
32,0.01,128,ReLU,500,0.9954545454545454,0.9954554245570246,0.9954545454545455,0.9349548000027426
32,0.01,128,ReLU,1000,0.9954545454545454,0.9954554245570246,0.9954545454545455,0.9622961999994004
32,0.01,128,Tanh,50,0.9958181818181817,0.9958187066926915,0.9958181818181818,0.9204652999906102
32,0.01,128,Tanh,100,0.9958181818181817,0.9958187066926915,0.9958181818181818,0.8741898999869591
32,0.01,128,Tanh,300,0.9958181818181817,0.9958187066926915,0.9958181818181818,0.9647172999975737
32,0.01,128,Tanh,500,0.9958181818181817,0.9958187066926915,0.9958181818181818,0.9398638999991817
32,0.01,128,Tanh,1000,0.9958181818181817,0.9958187066926915,0.9958181818181818,0.9296640000102343
32,0.01,128,Sigmoid,50,0.994909090909091,0.9949064563956732,0.9949090909090909,1.097778000010294
32,0.01,128,Sigmoid,100,0.994909090909091,0.9949064563956732,0.9949090909090909,1.0550682000030065
32,0.01,128,Sigmoid,300,0.994909090909091,0.9949064563956732,0.9949090909090909,1.136765999995987
32,0.01,128,Sigmoid,500,0.994909090909091,0.9949064563956732,0.9949090909090909,1.0794590000004973
32,0.01,128,Sigmoid,1000,0.994909090909091,0.9949064563956732,0.9949090909090909,1.0726417999976547
32,0.01,128,GELU,50,0.9954545454545454,0.9954554245570246,0.9954545454545455,0.9441990999912377
32,0.01,128,GELU,100,0.9954545454545454,0.9954554245570246,0.9954545454545455,0.9572273999947356
32,0.01,128,GELU,300,0.9954545454545454,0.9954554245570246,0.9954545454545455,1.0206757999985712
32,0.01,128,GELU,500,0.9954545454545454,0.9954554245570246,0.9954545454545455,0.9536403000092832
32,0.01,128,GELU,1000,0.9954545454545454,0.9954554245570246,0.9954545454545455,0.9091420000040671
32,0.01,128,Softmax,50,0.994909090909091,0.9949064563956732,0.9949090909090909,1.0588827000028687
32,0.01,128,Softmax,100,0.994909090909091,0.9949064563956732,0.9949090909090909,1.0452226000052178
32,0.01,128,Softmax,300,0.994909090909091,0.9949064563956732,0.9949090909090909,1.1081694000022253
32,0.01,128,Softmax,500,0.994909090909091,0.9949064563956732,0.9949090909090909,1.1023732000030577
32,0.01,128,Softmax,1000,0.994909090909091,0.9949064563956732,0.9949090909090909,1.0852927999949316
32,0.001,8,ReLU,50,0.9939999999999998,0.9940003385227528,0.994,7.369024500003434
32,0.001,8,ReLU,100,0.9939999999999998,0.9940003385227528,0.994,7.288217399996938
32,0.001,8,ReLU,300,0.9939999999999998,0.9940003385227528,0.994,7.4319957999978215
32,0.001,8,ReLU,500,0.9939999999999998,0.9940003385227528,0.994,7.129857399995672
32,0.001,8,ReLU,1000,0.9939999999999998,0.9940003385227528,0.994,7.4699094999959925
32,0.001,8,Tanh,50,0.9963636363636362,0.9963634507281715,0.9963636363636363,8.12401420000242
32,0.001,8,Tanh,100,0.9963636363636362,0.9963634507281715,0.9963636363636363,8.070590500006801
32,0.001,8,Tanh,300,0.9963636363636362,0.9963634507281715,0.9963636363636363,8.172955100002582
32,0.001,8,Tanh,500,0.9963636363636362,0.9963634507281715,0.9963636363636363,7.973204800000531
32,0.001,8,Tanh,1000,0.9963636363636362,0.9963634507281715,0.9963636363636363,8.272145899987663
32,0.001,8,Sigmoid,50,0.9945454545454545,0.9945474068494945,0.9945454545454545,9.952432200007024
32,0.001,8,Sigmoid,100,0.9945454545454545,0.9945474068494945,0.9945454545454545,9.880594899994321
32,0.001,8,Sigmoid,300,0.9945454545454545,0.9945474068494945,0.9945454545454545,9.854063999999198
32,0.001,8,Sigmoid,500,0.9945454545454545,0.9945474068494945,0.9945454545454545,9.946271799999522
32,0.001,8,Sigmoid,1000,0.9945454545454545,0.9945474068494945,0.9945454545454545,9.968150500004413
32,0.001,8,GELU,50,0.9939999999999998,0.9940003385227528,0.994,7.456042600009823
32,0.001,8,GELU,100,0.9939999999999998,0.9940003385227528,0.994,7.4825514999974985
32,0.001,8,GELU,300,0.9939999999999998,0.9940003385227528,0.994,7.276215400008368
32,0.001,8,GELU,500,0.9939999999999998,0.9940003385227528,0.994,7.4203575999999885
32,0.001,8,GELU,1000,0.9939999999999998,0.9940003385227528,0.994,7.303135599999223
32,0.001,8,Softmax,50,0.9945454545454545,0.9945474068494945,0.9945454545454545,9.975072100001853
32,0.001,8,Softmax,100,0.9945454545454545,0.9945474068494945,0.9945454545454545,9.951365800006897
32,0.001,8,Softmax,300,0.9945454545454545,0.9945474068494945,0.9945454545454545,10.066446400000132
32,0.001,8,Softmax,500,0.9945454545454545,0.9945474068494945,0.9945454545454545,9.972431000001961
32,0.001,8,Softmax,1000,0.9945454545454545,0.9945474068494945,0.9945454545454545,9.971810700008064
32,0.001,16,ReLU,50,0.9930909090909092,0.9930882497683878,0.9930909090909091,5.063336499995785
32,0.001,16,ReLU,100,0.9930909090909092,0.9930882497683878,0.9930909090909091,4.865634300003876
32,0.001,16,ReLU,300,0.9930909090909092,0.9930882497683878,0.9930909090909091,4.9145687999989605
32,0.001,16,ReLU,500,0.9930909090909092,0.9930882497683878,0.9930909090909091,4.918062499986263
32,0.001,16,ReLU,1000,0.9930909090909092,0.9930882497683878,0.9930909090909091,5.034687100007432
32,0.001,16,Tanh,50,0.996,0.9959999707094938,0.996,4.716852500001551
32,0.001,16,Tanh,100,0.996,0.9959999707094938,0.996,4.762207500010845
32,0.001,16,Tanh,300,0.996,0.9959999707094938,0.996,4.780285900007584
32,0.001,16,Tanh,500,0.996,0.9959999707094938,0.996,4.802431300005992
32,0.001,16,Tanh,1000,0.996,0.9959999707094938,0.996,4.7006967999914195
32,0.001,16,Sigmoid,50,0.9919999999999999,0.9919988226509251,0.992,6.120204000006197
32,0.001,16,Sigmoid,100,0.9925454545454545,0.9925433595320424,0.9925454545454545,7.089405799997621
32,0.001,16,Sigmoid,300,0.9925454545454545,0.9925433595320424,0.9925454545454545,7.0646827000018675
32,0.001,16,Sigmoid,500,0.9925454545454545,0.9925433595320424,0.9925454545454545,7.215222300001187
32,0.001,16,Sigmoid,1000,0.9925454545454545,0.9925433595320424,0.9925454545454545,7.240476400009356
32,0.001,16,GELU,50,0.9930909090909092,0.9930882497683878,0.9930909090909091,4.9960175000014715
32,0.001,16,GELU,100,0.9930909090909092,0.9930882497683878,0.9930909090909091,5.0715033000014955
32,0.001,16,GELU,300,0.9930909090909092,0.9930882497683878,0.9930909090909091,5.134495899998001
32,0.001,16,GELU,500,0.9930909090909092,0.9930882497683878,0.9930909090909091,4.8747944999922765
32,0.001,16,GELU,1000,0.9930909090909092,0.9930882497683878,0.9930909090909091,4.8944875999877695
32,0.001,16,Softmax,50,0.9919999999999999,0.9919988226509251,0.992,6.03645550001238
32,0.001,16,Softmax,100,0.9925454545454545,0.9925433595320424,0.9925454545454545,7.028083800003515
32,0.001,16,Softmax,300,0.9925454545454545,0.9925433595320424,0.9925454545454545,7.180822299997089
32,0.001,16,Softmax,500,0.9925454545454545,0.9925433595320424,0.9925454545454545,7.223964699995122
32,0.001,16,Softmax,1000,0.9925454545454545,0.9925433595320424,0.9925454545454545,7.102362400008133
32,0.001,32,ReLU,50,0.9923636363636362,0.9923652173345462,0.9923636363636363,3.192881499999203
32,0.001,32,ReLU,100,0.9923636363636362,0.9923652173345462,0.9923636363636363,3.182929900009185
32,0.001,32,ReLU,300,0.9923636363636362,0.9923652173345462,0.9923636363636363,3.063904700000421
32,0.001,32,ReLU,500,0.9923636363636362,0.9923652173345462,0.9923636363636363,3.228007899990189
32,0.001,32,ReLU,1000,0.9923636363636362,0.9923652173345462,0.9923636363636363,3.1659130999905756
32,0.001,32,Tanh,50,0.9927272727272729,0.9927242167363601,0.9927272727272727,3.2352627999935066
32,0.001,32,Tanh,100,0.9927272727272729,0.9927242167363601,0.9927272727272727,3.3165867000061553
32,0.001,32,Tanh,300,0.9927272727272729,0.9927242167363601,0.9927272727272727,3.375089000008302
32,0.001,32,Tanh,500,0.9927272727272729,0.9927242167363601,0.9927272727272727,3.2667946000001393
32,0.001,32,Tanh,1000,0.9927272727272729,0.9927242167363601,0.9927272727272727,3.4031606999924406
32,0.001,32,Sigmoid,50,0.9901818181818182,0.990182827682898,0.9901818181818182,3.450423000002047
32,0.001,32,Sigmoid,100,0.9909090909090907,0.9909099307477192,0.990909090909091,4.861374200001592
32,0.001,32,Sigmoid,300,0.9909090909090907,0.9909099307477192,0.990909090909091,5.041756099992199
32,0.001,32,Sigmoid,500,0.9909090909090907,0.9909099307477192,0.990909090909091,5.038066800014349
32,0.001,32,Sigmoid,1000,0.9909090909090907,0.9909099307477192,0.990909090909091,4.917440400007763
32,0.001,32,GELU,50,0.9923636363636362,0.9923652173345462,0.9923636363636363,3.1464758000074653
32,0.001,32,GELU,100,0.9923636363636362,0.9923652173345462,0.9923636363636363,3.232836800001678
32,0.001,32,GELU,300,0.9923636363636362,0.9923652173345462,0.9923636363636363,3.253810100010014
32,0.001,32,GELU,500,0.9923636363636362,0.9923652173345462,0.9923636363636363,3.1418346999998903
32,0.001,32,GELU,1000,0.9923636363636362,0.9923652173345462,0.9923636363636363,3.216063599989866
32,0.001,32,Softmax,50,0.9901818181818182,0.990182827682898,0.9901818181818182,3.5320765000069514
32,0.001,32,Softmax,100,0.9909090909090907,0.9909099307477192,0.990909090909091,4.972180000011576
32,0.001,32,Softmax,300,0.9909090909090907,0.9909099307477192,0.990909090909091,4.969362599993474
32,0.001,32,Softmax,500,0.9909090909090907,0.9909099307477192,0.990909090909091,4.813155600000755
32,0.001,32,Softmax,1000,0.9909090909090907,0.9909099307477192,0.990909090909091,4.93604499999492
32,0.001,64,ReLU,50,0.988909090909091,0.988907528745608,0.988909090909091,2.0386369000043487
32,0.001,64,ReLU,100,0.988909090909091,0.988907528745608,0.988909090909091,2.1717772999982117
32,0.001,64,ReLU,300,0.988909090909091,0.988907528745608,0.988909090909091,2.2542447000014363
32,0.001,64,ReLU,500,0.988909090909091,0.988907528745608,0.988909090909091,2.301168600009987
32,0.001,64,ReLU,1000,0.988909090909091,0.988907528745608,0.988909090909091,2.2042822999937925
32,0.001,64,Tanh,50,0.9916363636363638,0.9916316917651341,0.9916363636363636,2.067680599997402
32,0.001,64,Tanh,100,0.9914545454545455,0.9914504156044743,0.9914545454545455,2.4323144999943906
32,0.001,64,Tanh,300,0.9914545454545455,0.9914504156044743,0.9914545454545455,2.422165700001642
32,0.001,64,Tanh,500,0.9914545454545455,0.9914504156044743,0.9914545454545455,2.363943399992422
32,0.001,64,Tanh,1000,0.9914545454545455,0.9914504156044743,0.9914545454545455,2.349177000010968
32,0.001,64,Sigmoid,50,0.9854545454545455,0.9854570273455057,0.9854545454545455,2.111262499995064
32,0.001,64,Sigmoid,100,0.988,0.9880117148011446,0.988,3.0928943999897456
32,0.001,64,Sigmoid,300,0.988,0.9880117148011446,0.988,3.114086199988378
32,0.001,64,Sigmoid,500,0.988,0.9880117148011446,0.988,3.0195474000065587
32,0.001,64,Sigmoid,1000,0.988,0.9880117148011446,0.988,3.0873151999985566
32,0.001,64,GELU,50,0.988909090909091,0.988907528745608,0.988909090909091,1.9781715999997687
32,0.001,64,GELU,100,0.988909090909091,0.988907528745608,0.988909090909091,2.1991743999969913
32,0.001,64,GELU,300,0.988909090909091,0.988907528745608,0.988909090909091,2.222109800000908
32,0.001,64,GELU,500,0.988909090909091,0.988907528745608,0.988909090909091,2.2829538000078173
32,0.001,64,GELU,1000,0.988909090909091,0.988907528745608,0.988909090909091,2.226170700014336
32,0.001,64,Softmax,50,0.9854545454545455,0.9854570273455057,0.9854545454545455,2.1141133999917656
32,0.001,64,Softmax,100,0.988,0.9880117148011446,0.988,3.0150995000003604
32,0.001,64,Softmax,300,0.988,0.9880117148011446,0.988,3.180102500002249
32,0.001,64,Softmax,500,0.988,0.9880117148011446,0.988,3.064397599999211
32,0.001,64,Softmax,1000,0.988,0.9880117148011446,0.988,3.174357500000042
32,0.001,128,ReLU,50,0.9861818181818184,0.9861690234757332,0.9861818181818182,1.3241885999887018
32,0.001,128,ReLU,100,0.9872727272727272,0.9872633383914343,0.9872727272727273,1.8662536999909207
32,0.001,128,ReLU,300,0.9872727272727272,0.9872633383914343,0.9872727272727273,1.8630635000008624
32,0.001,128,ReLU,500,0.9872727272727272,0.9872633383914343,0.9872727272727273,1.8486409000033746
32,0.001,128,ReLU,1000,0.9872727272727272,0.9872633383914343,0.9872727272727273,1.8688201000040863
32,0.001,128,Tanh,50,0.9865454545454546,0.9865391884338357,0.9865454545454545,1.3642408000014257
32,0.001,128,Tanh,100,0.9878181818181818,0.9878129468712659,0.9878181818181818,2.146510499995202
32,0.001,128,Tanh,300,0.9878181818181818,0.9878129468712659,0.9878181818181818,2.003869299995131
32,0.001,128,Tanh,500,0.9878181818181818,0.9878129468712659,0.9878181818181818,2.093977399999858
32,0.001,128,Tanh,1000,0.9878181818181818,0.9878129468712659,0.9878181818181818,2.086586500008707
32,0.001,128,Sigmoid,50,0.9730909090909091,0.9730491165577777,0.9730909090909091,1.3506552999897394
32,0.001,128,Sigmoid,100,0.9798181818181818,0.9797972272082016,0.9798181818181818,2.3775550999998813
32,0.001,128,Sigmoid,300,0.9800000000000001,0.9799828104970524,0.98,2.6074433000030695
32,0.001,128,Sigmoid,500,0.9800000000000001,0.9799828104970524,0.98,2.593212300009327
32,0.001,128,Sigmoid,1000,0.9800000000000001,0.9799828104970524,0.98,2.432634099997813
32,0.001,128,GELU,50,0.9861818181818184,0.9861690234757332,0.9861818181818182,1.2891916999942623
32,0.001,128,GELU,100,0.9872727272727272,0.9872633383914343,0.9872727272727273,1.8834716999990633
32,0.001,128,GELU,300,0.9872727272727272,0.9872633383914343,0.9872727272727273,1.8347460999939358
32,0.001,128,GELU,500,0.9872727272727272,0.9872633383914343,0.9872727272727273,1.8982821000099648
32,0.001,128,GELU,1000,0.9872727272727272,0.9872633383914343,0.9872727272727273,1.8399185000016587
32,0.001,128,Softmax,50,0.9730909090909091,0.9730491165577777,0.9730909090909091,1.36423669999931
32,0.001,128,Softmax,100,0.9798181818181818,0.9797972272082016,0.9798181818181818,2.2341346999892266
32,0.001,128,Softmax,300,0.9800000000000001,0.9799828104970524,0.98,2.66615869999805
32,0.001,128,Softmax,500,0.9800000000000001,0.9799828104970524,0.98,2.6751935000065714
32,0.001,128,Softmax,1000,0.9800000000000001,0.9799828104970524,0.98,2.460934600007022
32,0.0001,8,ReLU,50,0.9843636363636363,0.9843574604325017,0.9843636363636363,11.805340300008538
32,0.0001,8,ReLU,100,0.9863636363636364,0.9863641237605446,0.9863636363636363,19.1746531999961
32,0.0001,8,ReLU,300,0.9863636363636364,0.9863641237605446,0.9863636363636363,19.250516800006153
32,0.0001,8,ReLU,500,0.9863636363636364,0.9863641237605446,0.9863636363636363,19.70534349999798
32,0.0001,8,ReLU,1000,0.9863636363636364,0.9863641237605446,0.9863636363636363,19.546320900000865
32,0.0001,8,Tanh,50,0.984,0.9839923494771892,0.984,11.597883700000239
32,0.0001,8,Tanh,100,0.986181818181818,0.986186441387229,0.9861818181818182,19.790473200002452
32,0.0001,8,Tanh,300,0.986181818181818,0.986186441387229,0.9861818181818182,19.2403204000002
32,0.0001,8,Tanh,500,0.986181818181818,0.986186441387229,0.9861818181818182,19.648821299997508
32,0.0001,8,Tanh,1000,0.986181818181818,0.986186441387229,0.9861818181818182,19.43888909999805
32,0.0001,8,Sigmoid,50,0.9652727272727275,0.9652343897422061,0.9652727272727273,11.717922700001509
32,0.0001,8,Sigmoid,100,0.9761818181818182,0.9761904320371406,0.9761818181818182,21.235952899995027
32,0.0001,8,Sigmoid,300,0.9765454545454545,0.9765593005455403,0.9765454545454545,24.443232199992053
32,0.0001,8,Sigmoid,500,0.9765454545454545,0.9765593005455403,0.9765454545454545,24.027984400003334
32,0.0001,8,Sigmoid,1000,0.9765454545454545,0.9765593005455403,0.9765454545454545,24.03774539999722
32,0.0001,8,GELU,50,0.9843636363636363,0.9843574604325017,0.9843636363636363,11.481195699991076
32,0.0001,8,GELU,100,0.9863636363636364,0.9863641237605446,0.9863636363636363,19.276062099990668
32,0.0001,8,GELU,300,0.9863636363636364,0.9863641237605446,0.9863636363636363,18.75325110000267
32,0.0001,8,GELU,500,0.9863636363636364,0.9863641237605446,0.9863636363636363,19.245575200009625
32,0.0001,8,GELU,1000,0.9863636363636364,0.9863641237605446,0.9863636363636363,19.07736309999018
32,0.0001,8,Softmax,50,0.9652727272727275,0.9652343897422061,0.9652727272727273,11.452938600006746
32,0.0001,8,Softmax,100,0.9761818181818182,0.9761904320371406,0.9761818181818182,21.243383699998958
32,0.0001,8,Softmax,300,0.9765454545454545,0.9765593005455403,0.9765454545454545,24.141474799995194
32,0.0001,8,Softmax,500,0.9765454545454545,0.9765593005455403,0.9765454545454545,23.898630399999092
32,0.0001,8,Softmax,1000,0.9765454545454545,0.9765593005455403,0.9765454545454545,24.092001299999538
32,0.0001,16,ReLU,50,0.9761818181818182,0.9761411580733719,0.9761818181818182,6.244267500005662
32,0.0001,16,ReLU,100,0.9823636363636364,0.9823506916128397,0.9823636363636363,9.743753999995533
32,0.0001,16,ReLU,300,0.9823636363636364,0.9823506916128397,0.9823636363636363,9.62596420000773
32,0.0001,16,ReLU,500,0.9823636363636364,0.9823506916128397,0.9823636363636363,9.500478000001749
32,0.0001,16,ReLU,1000,0.9823636363636364,0.9823506916128397,0.9823636363636363,9.765785300012794
32,0.0001,16,Tanh,50,0.9781818181818184,0.9781547455015854,0.9781818181818182,6.217917400004808
32,0.0001,16,Tanh,100,0.9827272727272728,0.9827154129382328,0.9827272727272728,10.8977836999984
32,0.0001,16,Tanh,300,0.9827272727272728,0.9827154129382328,0.9827272727272728,10.723864600004163
32,0.0001,16,Tanh,500,0.9827272727272728,0.9827154129382328,0.9827272727272728,10.655055700000958
32,0.0001,16,Tanh,1000,0.9827272727272728,0.9827154129382328,0.9827272727272728,10.735865700000431
32,0.0001,16,Sigmoid,50,0.9425454545454546,0.9422912242201515,0.9425454545454546,6.19824100000551
32,0.0001,16,Sigmoid,100,0.9721818181818181,0.9722043032727149,0.9721818181818181,11.87815249999403
32,0.0001,16,Sigmoid,300,0.9729090909090911,0.9729239765319027,0.972909090909091,15.178966100007528
32,0.0001,16,Sigmoid,500,0.9729090909090911,0.9729239765319027,0.972909090909091,14.65435240000079
32,0.0001,16,Sigmoid,1000,0.9729090909090911,0.9729239765319027,0.972909090909091,15.418642199991154
32,0.0001,16,GELU,50,0.9761818181818182,0.9761411580733719,0.9761818181818182,6.210488199998508
32,0.0001,16,GELU,100,0.9823636363636364,0.9823506916128397,0.9823636363636363,9.477392999993754
32,0.0001,16,GELU,300,0.9823636363636364,0.9823506916128397,0.9823636363636363,9.641582500000368
32,0.0001,16,GELU,500,0.9823636363636364,0.9823506916128397,0.9823636363636363,9.606810600002063
32,0.0001,16,GELU,1000,0.9823636363636364,0.9823506916128397,0.9823636363636363,9.700954500003718
32,0.0001,16,Softmax,50,0.9425454545454546,0.9422912242201515,0.9425454545454546,6.264411099997233
32,0.0001,16,Softmax,100,0.9721818181818181,0.9722043032727149,0.9721818181818181,12.036816899999394
32,0.0001,16,Softmax,300,0.9729090909090911,0.9729239765319027,0.972909090909091,15.327322500001173
32,0.0001,16,Softmax,500,0.9729090909090911,0.9729239765319027,0.972909090909091,15.328400800004601
32,0.0001,16,Softmax,1000,0.9729090909090911,0.9729239765319027,0.972909090909091,15.003550200010068
32,0.0001,32,ReLU,50,0.9610909090909092,0.9609578159536928,0.9610909090909091,3.331543200009037
32,0.0001,32,ReLU,100,0.9718181818181819,0.9717644902380923,0.9718181818181818,5.983457000009366
32,0.0001,32,ReLU,300,0.9730909090909091,0.9730451929266632,0.9730909090909091,7.16922959999647
32,0.0001,32,ReLU,500,0.9730909090909091,0.9730451929266632,0.9730909090909091,7.030317800003104
32,0.0001,32,ReLU,1000,0.9730909090909091,0.9730451929266632,0.9730909090909091,7.276125200005481
32,0.0001,32,Tanh,50,0.9667272727272728,0.9666658791326932,0.9667272727272728,3.3797499999927823
32,0.0001,32,Tanh,100,0.9807272727272728,0.980705404634337,0.9807272727272728,6.316440499998862
32,0.0001,32,Tanh,300,0.9807272727272728,0.980705404634337,0.9807272727272728,6.556639999995241
32,0.0001,32,Tanh,500,0.9807272727272728,0.980705404634337,0.9807272727272728,6.545497300001443
32,0.0001,32,Tanh,1000,0.9807272727272728,0.980705404634337,0.9807272727272728,6.695039899990661
32,0.0001,32,Sigmoid,50,0.8718181818181818,0.8689071020576289,0.8718181818181818,3.4659815000050003
32,0.0001,32,Sigmoid,100,0.9530909090909089,0.9530193085418411,0.9530909090909091,6.809539499998209
32,0.0001,32,Sigmoid,300,0.9621818181818181,0.9621803692657628,0.9621818181818181,10.045301400008611
32,0.0001,32,Sigmoid,500,0.9621818181818181,0.9621803692657628,0.9621818181818181,10.061164899991127
32,0.0001,32,Sigmoid,1000,0.9621818181818181,0.9621803692657628,0.9621818181818181,9.943481000009342
32,0.0001,32,GELU,50,0.9610909090909092,0.9609578159536928,0.9610909090909091,3.419949400005862
32,0.0001,32,GELU,100,0.9718181818181819,0.9717644902380923,0.9718181818181818,6.093943399988348
32,0.0001,32,GELU,300,0.9730909090909091,0.9730451929266632,0.9730909090909091,7.3279995000048075
32,0.0001,32,GELU,500,0.9730909090909091,0.9730451929266632,0.9730909090909091,7.245809299987741
32,0.0001,32,GELU,1000,0.9730909090909091,0.9730451929266632,0.9730909090909091,7.3195219000044744
32,0.0001,32,Softmax,50,0.8718181818181818,0.8689071020576289,0.8718181818181818,3.403931000008015
32,0.0001,32,Softmax,100,0.9530909090909089,0.9530193085418411,0.9530909090909091,6.739220099989325
32,0.0001,32,Softmax,300,0.9621818181818181,0.9621803692657628,0.9621818181818181,10.074429000000237
32,0.0001,32,Softmax,500,0.9621818181818181,0.9621803692657628,0.9621818181818181,10.171520999996574
32,0.0001,32,Softmax,1000,0.9621818181818181,0.9621803692657628,0.9621818181818181,10.54328969999915
32,0.0001,64,ReLU,50,0.9230909090909091,0.9227296178880017,0.9230909090909091,2.0633121999999275
32,0.0001,64,ReLU,100,0.9665454545454545,0.9664497930132616,0.9665454545454546,3.86369630000263
32,0.0001,64,ReLU,300,0.9689090909090908,0.9688249077445064,0.9689090909090909,5.184864200011361
32,0.0001,64,ReLU,500,0.9689090909090908,0.9688249077445064,0.9689090909090909,5.042016700012027
32,0.0001,64,ReLU,1000,0.9689090909090908,0.9688249077445064,0.9689090909090909,5.039975100007723
32,0.0001,64,Tanh,50,0.9394545454545454,0.9391000139561645,0.9394545454545454,2.0625719999952707
32,0.0001,64,Tanh,100,0.970181818181818,0.9701217936510936,0.9701818181818181,3.987221599993063
32,0.0001,64,Tanh,300,0.9712727272727272,0.9712221501445871,0.9712727272727273,4.436054999998305
32,0.0001,64,Tanh,500,0.9712727272727272,0.9712221501445871,0.9712727272727273,4.735356100005447
32,0.0001,64,Tanh,1000,0.9712727272727272,0.9712221501445871,0.9712727272727273,4.763385799989919
32,0.0001,64,Sigmoid,50,0.7825454545454545,0.7726974246816094,0.7825454545454545,2.097811899991939
32,0.0001,64,Sigmoid,100,0.902909090909091,0.9014471847934401,0.9029090909090909,4.00984349999635
32,0.0001,64,Sigmoid,300,0.950909090909091,0.9508373607277103,0.9509090909090909,7.9311682999978075
32,0.0001,64,Sigmoid,500,0.950909090909091,0.9508373607277103,0.9509090909090909,8.311775500013027
32,0.0001,64,Sigmoid,1000,0.950909090909091,0.9508373607277103,0.9509090909090909,7.785882700001821
32,0.0001,64,GELU,50,0.9230909090909091,0.9227296178880017,0.9230909090909091,2.2629071999981534
32,0.0001,64,GELU,100,0.9665454545454545,0.9664497930132616,0.9665454545454546,3.884092399996007
32,0.0001,64,GELU,300,0.9689090909090908,0.9688249077445064,0.9689090909090909,5.543372300002375
32,0.0001,64,GELU,500,0.9689090909090908,0.9688249077445064,0.9689090909090909,5.121288900001673
32,0.0001,64,GELU,1000,0.9689090909090908,0.9688249077445064,0.9689090909090909,4.992290199996205
32,0.0001,64,Softmax,50,0.7825454545454545,0.7726974246816094,0.7825454545454545,2.0436532000021543
32,0.0001,64,Softmax,100,0.902909090909091,0.9014471847934401,0.9029090909090909,4.075624999997672
32,0.0001,64,Softmax,300,0.950909090909091,0.9508373607277103,0.9509090909090909,7.74163019999105
32,0.0001,64,Softmax,500,0.950909090909091,0.9508373607277103,0.9509090909090909,7.769527600001311
32,0.0001,64,Softmax,1000,0.950909090909091,0.9508373607277103,0.9509090909090909,7.858660999991116
32,0.0001,128,ReLU,50,0.8354545454545456,0.8319499723658001,0.8354545454545454,1.3424075999937486
32,0.0001,128,ReLU,100,0.9350909090909092,0.9348144194765037,0.9350909090909091,2.4996058999968227
32,0.0001,128,ReLU,300,0.9550909090909091,0.9549356167241367,0.9550909090909091,4.047455499996431
32,0.0001,128,ReLU,500,0.9550909090909091,0.9549356167241367,0.9550909090909091,3.9282348999986425
32,0.0001,128,ReLU,1000,0.9550909090909091,0.9549356167241367,0.9550909090909091,4.163653199997498
32,0.0001,128,Tanh,50,0.874909090909091,0.8717784258860214,0.8749090909090909,1.3983968999964418
32,0.0001,128,Tanh,100,0.9485454545454545,0.9482799505276559,0.9485454545454546,2.5447884000022896
32,0.0001,128,Tanh,300,0.9625454545454546,0.9624896633173745,0.9625454545454546,4.243157499993686
32,0.0001,128,Tanh,500,0.9625454545454546,0.9624896633173745,0.9625454545454546,4.3369435999920825
32,0.0001,128,Tanh,1000,0.9625454545454546,0.9624896633173745,0.9625454545454546,4.111842099999194
32,0.0001,128,Sigmoid,50,0.6676363636363637,0.6387397711515532,0.6676363636363636,1.378580000004149
32,0.0001,128,Sigmoid,100,0.8083636363636363,0.8010921568768364,0.8083636363636364,2.563328199990792
32,0.0001,128,Sigmoid,300,0.9367272727272727,0.9363376910187973,0.9367272727272727,6.47940519999247
32,0.0001,128,Sigmoid,500,0.9367272727272727,0.9363376910187973,0.9367272727272727,6.4093110999965575
32,0.0001,128,Sigmoid,1000,0.9367272727272727,0.9363376910187973,0.9367272727272727,6.624587099999189
32,0.0001,128,GELU,50,0.8354545454545456,0.8319499723658001,0.8354545454545454,1.3133764999947743
32,0.0001,128,GELU,100,0.9350909090909092,0.9348144194765037,0.9350909090909091,2.535311100000399
32,0.0001,128,GELU,300,0.9550909090909091,0.9549356167241367,0.9550909090909091,4.0496523000038
32,0.0001,128,GELU,500,0.9550909090909091,0.9549356167241367,0.9550909090909091,4.129250099998899
32,0.0001,128,GELU,1000,0.9550909090909091,0.9549356167241367,0.9550909090909091,3.941031499998644
32,0.0001,128,Softmax,50,0.6676363636363637,0.6387397711515532,0.6676363636363636,1.3843677999975625
32,0.0001,128,Softmax,100,0.8083636363636363,0.8010921568768364,0.8083636363636364,2.626661600006628
32,0.0001,128,Softmax,300,0.9367272727272727,0.9363376910187973,0.9367272727272727,6.557731299995794
32,0.0001,128,Softmax,500,0.9367272727272727,0.9363376910187973,0.9367272727272727,6.42529879999347
32,0.0001,128,Softmax,1000,0.9367272727272727,0.9363376910187973,0.9367272727272727,6.536885800000164
32,0.00025,8,ReLU,50,0.9905454545454545,0.9905527256743638,0.9905454545454545,11.324466099991696
32,0.00025,8,ReLU,100,0.9905454545454545,0.9905527256743638,0.9905454545454545,12.540915799996583
32,0.00025,8,ReLU,300,0.9905454545454545,0.9905527256743638,0.9905454545454545,12.6246175999986
32,0.00025,8,ReLU,500,0.9905454545454545,0.9905527256743638,0.9905454545454545,12.514291999992565
32,0.00025,8,ReLU,1000,0.9905454545454545,0.9905527256743638,0.9905454545454545,12.370998200000031
32,0.00025,8,Tanh,50,0.9943636363636364,0.9943651749113047,0.9943636363636363,11.402961300002062
32,0.00025,8,Tanh,100,0.9943636363636364,0.9943651749113047,0.9943636363636363,12.393491800001357
32,0.00025,8,Tanh,300,0.9943636363636364,0.9943651749113047,0.9943636363636363,12.168142800001078
32,0.00025,8,Tanh,500,0.9943636363636364,0.9943651749113047,0.9943636363636363,12.597442300000694
32,0.00025,8,Tanh,1000,0.9943636363636364,0.9943651749113047,0.9943636363636363,12.175998599996092
32,0.00025,8,Sigmoid,50,0.9827272727272728,0.9827248176032767,0.9827272727272728,11.681168999988586
32,0.00025,8,Sigmoid,100,0.9845454545454545,0.9845490040525902,0.9845454545454545,17.544896899999003
32,0.00025,8,Sigmoid,300,0.9845454545454545,0.9845490040525902,0.9845454545454545,17.591921100000036
32,0.00025,8,Sigmoid,500,0.9845454545454545,0.9845490040525902,0.9845454545454545,17.324733600005857
32,0.00025,8,Sigmoid,1000,0.9845454545454545,0.9845490040525902,0.9845454545454545,17.73774150000827
32,0.00025,8,GELU,50,0.9905454545454545,0.9905527256743638,0.9905454545454545,11.039792099996703
32,0.00025,8,GELU,100,0.9905454545454545,0.9905527256743638,0.9905454545454545,12.581818099992233
32,0.00025,8,GELU,300,0.9905454545454545,0.9905527256743638,0.9905454545454545,12.528413100008038
32,0.00025,8,GELU,500,0.9905454545454545,0.9905527256743638,0.9905454545454545,12.777134200005094
32,0.00025,8,GELU,1000,0.9905454545454545,0.9905527256743638,0.9905454545454545,12.728776700008893
32,0.00025,8,Softmax,50,0.9827272727272728,0.9827248176032767,0.9827272727272728,11.707491799999843
32,0.00025,8,Softmax,100,0.9845454545454545,0.9845490040525902,0.9845454545454545,17.608073099996545
32,0.00025,8,Softmax,300,0.9845454545454545,0.9845490040525902,0.9845454545454545,17.626136500010034
32,0.00025,8,Softmax,500,0.9845454545454545,0.9845490040525902,0.9845454545454545,17.41278899999452
32,0.00025,8,Softmax,1000,0.9845454545454545,0.9845490040525902,0.9845454545454545,17.49742630000401
32,0.00025,16,ReLU,50,0.9870909090909091,0.9870993119218766,0.9870909090909091,6.352178199987975
32,0.00025,16,ReLU,100,0.9874545454545455,0.9874570090414015,0.9874545454545455,8.506202499993378
32,0.00025,16,ReLU,300,0.9874545454545455,0.9874570090414015,0.9874545454545455,8.58426010000403
32,0.00025,16,ReLU,500,0.9874545454545455,0.9874570090414015,0.9874545454545455,8.467634699991322
32,0.00025,16,ReLU,1000,0.9874545454545455,0.9874570090414015,0.9874545454545455,8.585536600003252
32,0.00025,16,Tanh,50,0.9914545454545455,0.9914572800702625,0.9914545454545455,6.460016400000313
32,0.00025,16,Tanh,100,0.9934545454545455,0.9934590258458137,0.9934545454545455,9.163136999995913
32,0.00025,16,Tanh,300,0.9934545454545455,0.9934590258458137,0.9934545454545455,9.13183770001342
32,0.00025,16,Tanh,500,0.9934545454545455,0.9934590258458137,0.9934545454545455,8.955662400010624
32,0.00025,16,Tanh,1000,0.9934545454545455,0.9934590258458137,0.9934545454545455,9.088013100001263
32,0.00025,16,Sigmoid,50,0.9783636363636364,0.9783762398334873,0.9783636363636363,6.2033650999946985
32,0.00025,16,Sigmoid,100,0.9832727272727273,0.9832814771700136,0.9832727272727273,10.37759950000327
32,0.00025,16,Sigmoid,300,0.9832727272727273,0.9832814771700136,0.9832727272727273,10.809748599989689
32,0.00025,16,Sigmoid,500,0.9832727272727273,0.9832814771700136,0.9832727272727273,10.740951700005098
32,0.00025,16,Sigmoid,1000,0.9832727272727273,0.9832814771700136,0.9832727272727273,10.453959600010421
32,0.00025,16,GELU,50,0.9870909090909091,0.9870993119218766,0.9870909090909091,6.196039500006009
32,0.00025,16,GELU,100,0.9874545454545455,0.9874570090414015,0.9874545454545455,8.4555124000035
32,0.00025,16,GELU,300,0.9874545454545455,0.9874570090414015,0.9874545454545455,8.450235099997371
32,0.00025,16,GELU,500,0.9874545454545455,0.9874570090414015,0.9874545454545455,8.575326499994844
32,0.00025,16,GELU,1000,0.9874545454545455,0.9874570090414015,0.9874545454545455,8.528706900004181
32,0.00025,16,Softmax,50,0.9783636363636364,0.9783762398334873,0.9783636363636363,6.194648199991207
32,0.00025,16,Softmax,100,0.9832727272727273,0.9832814771700136,0.9832727272727273,10.810407199998735
32,0.00025,16,Softmax,300,0.9832727272727273,0.9832814771700136,0.9832727272727273,10.533324799995171
32,0.00025,16,Softmax,500,0.9832727272727273,0.9832814771700136,0.9832727272727273,10.921434899995802
32,0.00025,16,Softmax,1000,0.9832727272727273,0.9832814771700136,0.9832727272727273,10.547248899994884
32,0.00025,32,ReLU,50,0.9827272727272726,0.9827060841878428,0.9827272727272728,3.442246899998281
32,0.00025,32,ReLU,100,0.9849090909090908,0.9849042487701793,0.984909090909091,4.788054200005718
32,0.00025,32,ReLU,300,0.9849090909090908,0.9849042487701793,0.984909090909091,4.79033449999406
32,0.00025,32,ReLU,500,0.9849090909090908,0.9849042487701793,0.984909090909091,4.620938299995032
32,0.00025,32,ReLU,1000,0.9849090909090908,0.9849042487701793,0.984909090909091,4.679659899993567
32,0.00025,32,Tanh,50,0.9847272727272727,0.9847173760225889,0.9847272727272727,3.4302331999933813
32,0.00025,32,Tanh,100,0.9874545454545453,0.987441080656654,0.9874545454545455,5.540690900001209
32,0.00025,32,Tanh,300,0.9874545454545453,0.987441080656654,0.9874545454545455,6.00894580000022
32,0.00025,32,Tanh,500,0.9874545454545453,0.987441080656654,0.9874545454545455,5.988920600007987
32,0.00025,32,Tanh,1000,0.9874545454545453,0.987441080656654,0.9874545454545455,5.5436539000074845
32,0.00025,32,Sigmoid,50,0.9621818181818184,0.9621483118725916,0.9621818181818181,3.422556400008034
32,0.00025,32,Sigmoid,100,0.9787272727272729,0.9787231171005563,0.9787272727272728,6.604988199993386
32,0.00025,32,Sigmoid,300,0.9798181818181818,0.9798131549724495,0.9798181818181818,7.412258199998178
32,0.00025,32,Sigmoid,500,0.9798181818181818,0.9798131549724495,0.9798181818181818,7.3869745999982115
32,0.00025,32,Sigmoid,1000,0.9798181818181818,0.9798131549724495,0.9798181818181818,7.34618860000046
32,0.00025,32,GELU,50,0.9827272727272726,0.9827060841878428,0.9827272727272728,3.4240136000007624
32,0.00025,32,GELU,100,0.9849090909090908,0.9849042487701793,0.984909090909091,4.9564769999997225
32,0.00025,32,GELU,300,0.9849090909090908,0.9849042487701793,0.984909090909091,4.971970400001737
32,0.00025,32,GELU,500,0.9849090909090908,0.9849042487701793,0.984909090909091,4.970073399992543
32,0.00025,32,GELU,1000,0.9849090909090908,0.9849042487701793,0.984909090909091,4.989096900011646
32,0.00025,32,Softmax,50,0.9621818181818184,0.9621483118725916,0.9621818181818181,3.4624591000028886
32,0.00025,32,Softmax,100,0.9787272727272729,0.9787231171005563,0.9787272727272728,6.5031280999974115
32,0.00025,32,Softmax,300,0.9798181818181818,0.9798131549724495,0.9798181818181818,7.449244200004614
32,0.00025,32,Softmax,500,0.9798181818181818,0.9798131549724495,0.9798181818181818,7.37043260000064
32,0.00025,32,Softmax,1000,0.9798181818181818,0.9798131549724495,0.9798181818181818,7.36682130000554
32,0.00025,64,ReLU,50,0.9743636363636363,0.9743021158780313,0.9743636363636363,2.054466499990667
32,0.00025,64,ReLU,100,0.9810909090909091,0.9810767260993924,0.9810909090909091,3.6468461000040406
32,0.00025,64,ReLU,300,0.9812727272727275,0.9812608054755962,0.9812727272727273,3.7734304000041448
32,0.00025,64,ReLU,500,0.9812727272727275,0.9812608054755962,0.9812727272727273,3.7402172000001883
32,0.00025,64,ReLU,1000,0.9812727272727275,0.9812608054755962,0.9812727272727273,3.992239699990023
32,0.00025,64,Tanh,50,0.9752727272727271,0.9752251824790608,0.9752727272727273,2.047939600000973
32,0.00025,64,Tanh,100,0.9830909090909092,0.9830827613238345,0.9830909090909091,3.5111259000113932
32,0.00025,64,Tanh,300,0.9830909090909092,0.9830827613238345,0.9830909090909091,3.7509278999932576
32,0.00025,64,Tanh,500,0.9830909090909092,0.9830827613238345,0.9830909090909091,3.5709675999969477
32,0.00025,64,Tanh,1000,0.9830909090909092,0.9830827613238345,0.9830909090909091,3.66964989999542
32,0.00025,64,Sigmoid,50,0.9283636363636364,0.9278137766053015,0.9283636363636364,2.043449500008137
32,0.00025,64,Sigmoid,100,0.9661818181818181,0.9661569728174555,0.9661818181818181,3.9364005999959772
32,0.00025,64,Sigmoid,300,0.9681818181818183,0.968169216547018,0.9681818181818181,4.9451643000065815
32,0.00025,64,Sigmoid,500,0.9681818181818183,0.968169216547018,0.9681818181818181,4.99193409999134
32,0.00025,64,Sigmoid,1000,0.9681818181818183,0.968169216547018,0.9681818181818181,4.979174799998873
32,0.00025,64,GELU,50,0.9743636363636363,0.9743021158780313,0.9743636363636363,2.085092599998461
32,0.00025,64,GELU,100,0.9810909090909091,0.9810767260993924,0.9810909090909091,3.479062400001567
32,0.00025,64,GELU,300,0.9812727272727275,0.9812608054755962,0.9812727272727273,3.818178199988324
32,0.00025,64,GELU,500,0.9812727272727275,0.9812608054755962,0.9812727272727273,3.9138444000127492
32,0.00025,64,GELU,1000,0.9812727272727275,0.9812608054755962,0.9812727272727273,3.9590345000033267
32,0.00025,64,Softmax,50,0.9283636363636364,0.9278137766053015,0.9283636363636364,2.0519538999942597
32,0.00025,64,Softmax,100,0.9661818181818181,0.9661569728174555,0.9661818181818181,3.9729226999916136
32,0.00025,64,Softmax,300,0.9681818181818183,0.968169216547018,0.9681818181818181,4.832540699993842
32,0.00025,64,Softmax,500,0.9681818181818183,0.968169216547018,0.9681818181818181,4.687672500003828
32,0.00025,64,Softmax,1000,0.9681818181818183,0.968169216547018,0.9681818181818181,4.7570152999978745
32,0.00025,128,ReLU,50,0.9469090909090909,0.9467251422269372,0.9469090909090909,1.3528581999999005
32,0.00025,128,ReLU,100,0.9767272727272729,0.9766698253749732,0.9767272727272728,2.440097999991849
32,0.00025,128,ReLU,300,0.9774545454545455,0.9774061801214546,0.9774545454545455,2.8695892999967327
32,0.00025,128,ReLU,500,0.9774545454545455,0.9774061801214546,0.9774545454545455,2.7383053000085056
32,0.00025,128,ReLU,1000,0.9774545454545455,0.9774061801214546,0.9774545454545455,2.766511800000444
32,0.00025,128,Tanh,50,0.9581818181818181,0.9580526849809335,0.9581818181818181,1.3245217999938177
32,0.00025,128,Tanh,100,0.9767272727272726,0.9766776184176625,0.9767272727272728,2.423440300000948
32,0.00025,128,Tanh,300,0.9772727272727271,0.9772299408950939,0.9772727272727273,2.741560999987996
32,0.00025,128,Tanh,500,0.9772727272727271,0.9772299408950939,0.9772727272727273,2.684812499996042
32,0.00025,128,Tanh,1000,0.9772727272727271,0.9772299408950939,0.9772727272727273,2.5735857999970904
32,0.00025,128,Sigmoid,50,0.8401818181818183,0.8358453239848291,0.8401818181818181,1.3633146999927703
32,0.00025,128,Sigmoid,100,0.9403636363636363,0.9400831626260628,0.9403636363636364,2.6124776000069687
32,0.00025,128,Sigmoid,300,0.9567272727272728,0.9566674297430151,0.9567272727272728,4.079181100009009
32,0.00025,128,Sigmoid,500,0.9567272727272728,0.9566674297430151,0.9567272727272728,4.066754200001014
32,0.00025,128,Sigmoid,1000,0.9567272727272728,0.9566674297430151,0.9567272727272728,4.072299700012081
32,0.00025,128,GELU,50,0.9469090909090909,0.9467251422269372,0.9469090909090909,1.3196793999959482
32,0.00025,128,GELU,100,0.9767272727272729,0.9766698253749732,0.9767272727272728,2.51203820000228
32,0.00025,128,GELU,300,0.9774545454545455,0.9774061801214546,0.9774545454545455,2.851062499990803
32,0.00025,128,GELU,500,0.9774545454545455,0.9774061801214546,0.9774545454545455,2.790556599997217
32,0.00025,128,GELU,1000,0.9774545454545455,0.9774061801214546,0.9774545454545455,2.7838151000032667
32,0.00025,128,Softmax,50,0.8401818181818183,0.8358453239848291,0.8401818181818181,1.3548357999970904
32,0.00025,128,Softmax,100,0.9403636363636363,0.9400831626260628,0.9403636363636364,2.605909800011432
32,0.00025,128,Softmax,300,0.9567272727272728,0.9566674297430151,0.9567272727272728,4.089846999995643
32,0.00025,128,Softmax,500,0.9567272727272728,0.9566674297430151,0.9567272727272728,4.081894000002649
32,0.00025,128,Softmax,1000,0.9567272727272728,0.9566674297430151,0.9567272727272728,4.031130200004554
64,0.01,8,ReLU,50,0.9952727272727272,0.995273198529215,0.9952727272727273,8.595852499987814
64,0.01,8,ReLU,100,0.9952727272727272,0.995273198529215,0.9952727272727273,8.150960799990571
64,0.01,8,ReLU,300,0.9952727272727272,0.995273198529215,0.9952727272727273,8.294833499996457
64,0.01,8,ReLU,500,0.9952727272727272,0.995273198529215,0.9952727272727273,8.64444220000587
64,0.01,8,ReLU,1000,0.9952727272727272,0.995273198529215,0.9952727272727273,8.716421499993885
64,0.01,8,Tanh,50,0.9892727272727274,0.989275171666685,0.9892727272727273,8.036239499997464
64,0.01,8,Tanh,100,0.9892727272727274,0.989275171666685,0.9892727272727273,8.180438900002628
64,0.01,8,Tanh,300,0.9892727272727274,0.989275171666685,0.9892727272727273,7.968033099998138
64,0.01,8,Tanh,500,0.9892727272727274,0.989275171666685,0.9892727272727273,8.19745310000144
64,0.01,8,Tanh,1000,0.9892727272727274,0.989275171666685,0.9892727272727273,8.08763789999648
64,0.01,8,Sigmoid,50,0.9930909090909092,0.9930951812459881,0.9930909090909091,7.608552000005147
64,0.01,8,Sigmoid,100,0.9930909090909092,0.9930951812459881,0.9930909090909091,7.599125099994126
64,0.01,8,Sigmoid,300,0.9930909090909092,0.9930951812459881,0.9930909090909091,7.852559400009341
64,0.01,8,Sigmoid,500,0.9930909090909092,0.9930951812459881,0.9930909090909091,7.72754310000164
64,0.01,8,Sigmoid,1000,0.9930909090909092,0.9930951812459881,0.9930909090909091,7.614166799990926
64,0.01,8,GELU,50,0.9952727272727272,0.995273198529215,0.9952727272727273,8.54637549999461
64,0.01,8,GELU,100,0.9952727272727272,0.995273198529215,0.9952727272727273,8.551922400001786
64,0.01,8,GELU,300,0.9952727272727272,0.995273198529215,0.9952727272727273,8.586966100003337
64,0.01,8,GELU,500,0.9952727272727272,0.995273198529215,0.9952727272727273,8.428003799999715
64,0.01,8,GELU,1000,0.9952727272727272,0.995273198529215,0.9952727272727273,8.399115900014294
64,0.01,8,Softmax,50,0.9930909090909092,0.9930951812459881,0.9930909090909091,7.846840500002145
64,0.01,8,Softmax,100,0.9930909090909092,0.9930951812459881,0.9930909090909091,8.579391199993552
64,0.01,8,Softmax,300,0.9930909090909092,0.9930951812459881,0.9930909090909091,7.765803000002052
64,0.01,8,Softmax,500,0.9930909090909092,0.9930951812459881,0.9930909090909091,7.730050900005153
64,0.01,8,Softmax,1000,0.9930909090909092,0.9930951812459881,0.9930909090909091,7.653539599996293
64,0.01,16,ReLU,50,0.9949090909090909,0.9949075816655281,0.9949090909090909,4.972523100004764
64,0.01,16,ReLU,100,0.9949090909090909,0.9949075816655281,0.9949090909090909,4.529423300002236
64,0.01,16,ReLU,300,0.9949090909090909,0.9949075816655281,0.9949090909090909,3.8460484000097495
64,0.01,16,ReLU,500,0.9949090909090909,0.9949075816655281,0.9949090909090909,3.6396691000118153
64,0.01,16,ReLU,1000,0.9949090909090909,0.9949075816655281,0.9949090909090909,3.7365767000010237
64,0.01,16,Tanh,50,0.9932727272727271,0.9932720701936951,0.9932727272727273,3.401505300003919
64,0.01,16,Tanh,100,0.9932727272727271,0.9932720701936951,0.9932727272727273,3.8215557000075933
64,0.01,16,Tanh,300,0.9932727272727271,0.9932720701936951,0.9932727272727273,3.4822577000013553
64,0.01,16,Tanh,500,0.9932727272727271,0.9932720701936951,0.9932727272727273,3.7550706999900285
64,0.01,16,Tanh,1000,0.9932727272727271,0.9932720701936951,0.9932727272727273,3.4183660999988206
64,0.01,16,Sigmoid,50,0.9943636363636362,0.9943630751380568,0.9943636363636363,3.0183356999914395
64,0.01,16,Sigmoid,100,0.9943636363636362,0.9943630751380568,0.9943636363636363,3.195884999993723
64,0.01,16,Sigmoid,300,0.9943636363636362,0.9943630751380568,0.9943636363636363,3.1689888999972027
64,0.01,16,Sigmoid,500,0.9943636363636362,0.9943630751380568,0.9943636363636363,3.121387000006507
64,0.01,16,Sigmoid,1000,0.9943636363636362,0.9943630751380568,0.9943636363636363,3.05925340000249
64,0.01,16,GELU,50,0.9949090909090909,0.9949075816655281,0.9949090909090909,4.06101160000253
64,0.01,16,GELU,100,0.9949090909090909,0.9949075816655281,0.9949090909090909,4.042577000000165
64,0.01,16,GELU,300,0.9949090909090909,0.9949075816655281,0.9949090909090909,3.8030378999974346
64,0.01,16,GELU,500,0.9949090909090909,0.9949075816655281,0.9949090909090909,4.059471100001247
64,0.01,16,GELU,1000,0.9949090909090909,0.9949075816655281,0.9949090909090909,3.8778963000077056
64,0.01,16,Softmax,50,0.9943636363636362,0.9943630751380568,0.9943636363636363,3.042226400008076
64,0.01,16,Softmax,100,0.9943636363636362,0.9943630751380568,0.9943636363636363,3.0792639999999665
64,0.01,16,Softmax,300,0.9943636363636362,0.9943630751380568,0.9943636363636363,3.267058099998394
64,0.01,16,Softmax,500,0.9943636363636362,0.9943630751380568,0.9943636363636363,3.152761500008637
64,0.01,16,Softmax,1000,0.9943636363636362,0.9943630751380568,0.9943636363636363,3.1630501999898115
64,0.01,32,ReLU,50,0.9956363636363637,0.9956359563611497,0.9956363636363637,1.8772579999931622
64,0.01,32,ReLU,100,0.9956363636363637,0.9956359563611497,0.9956363636363637,1.9381368000031216
64,0.01,32,ReLU,300,0.9956363636363637,0.9956359563611497,0.9956363636363637,1.97285560000455
64,0.01,32,ReLU,500,0.9956363636363637,0.9956359563611497,0.9956363636363637,1.9186666000023251
64,0.01,32,ReLU,1000,0.9956363636363637,0.9956359563611497,0.9956363636363637,1.899682200004463
64,0.01,32,Tanh,50,0.993090909090909,0.9930925083452518,0.9930909090909091,1.8201372000039555
64,0.01,32,Tanh,100,0.993090909090909,0.9930925083452518,0.9930909090909091,1.858745399993495
64,0.01,32,Tanh,300,0.993090909090909,0.9930925083452518,0.9930909090909091,1.8631195000052685
64,0.01,32,Tanh,500,0.993090909090909,0.9930925083452518,0.9930909090909091,1.906595299995388
64,0.01,32,Tanh,1000,0.993090909090909,0.9930925083452518,0.9930909090909091,1.816357200004859
64,0.01,32,Sigmoid,50,0.9956363636363637,0.9956373552568464,0.9956363636363637,1.7948408999945968
64,0.01,32,Sigmoid,100,0.9956363636363637,0.9956373552568464,0.9956363636363637,1.9147941000119317
64,0.01,32,Sigmoid,300,0.9956363636363637,0.9956373552568464,0.9956363636363637,1.8480772999901092
64,0.01,32,Sigmoid,500,0.9956363636363637,0.9956373552568464,0.9956363636363637,1.8644951000023866
64,0.01,32,Sigmoid,1000,0.9956363636363637,0.9956373552568464,0.9956363636363637,1.8606339000107255
64,0.01,32,GELU,50,0.9956363636363637,0.9956359563611497,0.9956363636363637,1.874380299996119
64,0.01,32,GELU,100,0.9956363636363637,0.9956359563611497,0.9956363636363637,1.9611545999941882
64,0.01,32,GELU,300,0.9956363636363637,0.9956359563611497,0.9956363636363637,1.884533400007058
64,0.01,32,GELU,500,0.9956363636363637,0.9956359563611497,0.9956363636363637,1.9630074000015156
64,0.01,32,GELU,1000,0.9956363636363637,0.9956359563611497,0.9956363636363637,2.0358761999959825
64,0.01,32,Softmax,50,0.9956363636363637,0.9956373552568464,0.9956363636363637,1.8571633999963524
64,0.01,32,Softmax,100,0.9956363636363637,0.9956373552568464,0.9956363636363637,1.8168082000047434
64,0.01,32,Softmax,300,0.9956363636363637,0.9956373552568464,0.9956363636363637,1.8465637000044808
64,0.01,32,Softmax,500,0.9956363636363637,0.9956373552568464,0.9956363636363637,1.7934097999968799
64,0.01,32,Softmax,1000,0.9956363636363637,0.9956373552568464,0.9956363636363637,1.8400913999939803
64,0.01,64,ReLU,50,0.9943636363636362,0.994361420566666,0.9943636363636363,1.1977302000013879
64,0.01,64,ReLU,100,0.9943636363636362,0.994361420566666,0.9943636363636363,1.1436584000039147
64,0.01,64,ReLU,300,0.9943636363636362,0.994361420566666,0.9943636363636363,1.101502999998047
64,0.01,64,ReLU,500,0.9943636363636362,0.994361420566666,0.9943636363636363,1.1320414999936474
64,0.01,64,ReLU,1000,0.9943636363636362,0.994361420566666,0.9943636363636363,1.1337382000056095
64,0.01,64,Tanh,50,0.9941818181818181,0.9941839813063571,0.9941818181818182,1.2152657999977237
64,0.01,64,Tanh,100,0.9941818181818181,0.9941839813063571,0.9941818181818182,1.113675600005081
64,0.01,64,Tanh,300,0.9941818181818181,0.9941839813063571,0.9941818181818182,1.122646400006488
64,0.01,64,Tanh,500,0.9941818181818181,0.9941839813063571,0.9941818181818182,1.0749027999991085
64,0.01,64,Tanh,1000,0.9941818181818181,0.9941839813063571,0.9941818181818182,1.1286359999940032
64,0.01,64,Sigmoid,50,0.9952727272727272,0.9952745312766389,0.9952727272727273,1.2766572999971686
64,0.01,64,Sigmoid,100,0.9952727272727272,0.9952745312766389,0.9952727272727273,1.1638185000047088
64,0.01,64,Sigmoid,300,0.9952727272727272,0.9952745312766389,0.9952727272727273,1.1840707999945153
64,0.01,64,Sigmoid,500,0.9952727272727272,0.9952745312766389,0.9952727272727273,1.1527765999926487
64,0.01,64,Sigmoid,1000,0.9952727272727272,0.9952745312766389,0.9952727272727273,1.2319412999931956
64,0.01,64,GELU,50,0.9943636363636362,0.994361420566666,0.9943636363636363,1.2054119000094943
64,0.01,64,GELU,100,0.9943636363636362,0.994361420566666,0.9943636363636363,1.129974499999662
64,0.01,64,GELU,300,0.9943636363636362,0.994361420566666,0.9943636363636363,1.1537218000012217
64,0.01,64,GELU,500,0.9943636363636362,0.994361420566666,0.9943636363636363,1.1307333999866387
64,0.01,64,GELU,1000,0.9943636363636362,0.994361420566666,0.9943636363636363,1.2442099999898346
64,0.01,64,Softmax,50,0.9952727272727272,0.9952745312766389,0.9952727272727273,1.2133605999988504
64,0.01,64,Softmax,100,0.9952727272727272,0.9952745312766389,0.9952727272727273,1.164589399995748
64,0.01,64,Softmax,300,0.9952727272727272,0.9952745312766389,0.9952727272727273,1.2415708000044106
64,0.01,64,Softmax,500,0.9952727272727272,0.9952745312766389,0.9952727272727273,1.1902018999971915
64,0.01,64,Softmax,1000,0.9952727272727272,0.9952745312766389,0.9952727272727273,1.2508620000007795
64,0.01,128,ReLU,50,0.995090909090909,0.9950877467546306,0.9950909090909091,0.8998839000123553
64,0.01,128,ReLU,100,0.995090909090909,0.9950877467546306,0.9950909090909091,0.7950198000035016
64,0.01,128,ReLU,300,0.995090909090909,0.9950877467546306,0.9950909090909091,0.8471174000005703
64,0.01,128,ReLU,500,0.995090909090909,0.9950877467546306,0.9950909090909091,0.7957095000019763
64,0.01,128,ReLU,1000,0.995090909090909,0.9950877467546306,0.9950909090909091,0.8633154999988619
64,0.01,128,Tanh,50,0.9943636363636364,0.9943619875602163,0.9943636363636363,0.876561999990372
64,0.01,128,Tanh,100,0.9943636363636364,0.9943619875602163,0.9943636363636363,0.807897699996829
64,0.01,128,Tanh,300,0.9943636363636364,0.9943619875602163,0.9943636363636363,0.7950381999980891
64,0.01,128,Tanh,500,0.9943636363636364,0.9943619875602163,0.9943636363636363,0.8262535999965621
64,0.01,128,Tanh,1000,0.9943636363636364,0.9943619875602163,0.9943636363636363,0.818757299988647
64,0.01,128,Sigmoid,50,0.9936363636363637,0.9936385220466595,0.9936363636363637,1.0172335999959614
64,0.01,128,Sigmoid,100,0.9936363636363637,0.9936385220466595,0.9936363636363637,1.037713600002462
64,0.01,128,Sigmoid,300,0.9936363636363637,0.9936385220466595,0.9936363636363637,1.0069889000005787
64,0.01,128,Sigmoid,500,0.9936363636363637,0.9936385220466595,0.9936363636363637,0.9203935999976238
64,0.01,128,Sigmoid,1000,0.9936363636363637,0.9936385220466595,0.9936363636363637,0.9634934000059729
64,0.01,128,GELU,50,0.995090909090909,0.9950877467546306,0.9950909090909091,0.8174901000020327
64,0.01,128,GELU,100,0.995090909090909,0.9950877467546306,0.9950909090909091,0.8147311000066111
64,0.01,128,GELU,300,0.995090909090909,0.9950877467546306,0.9950909090909091,0.8789730999997118
64,0.01,128,GELU,500,0.995090909090909,0.9950877467546306,0.9950909090909091,0.8579314000089653
64,0.01,128,GELU,1000,0.995090909090909,0.9950877467546306,0.9950909090909091,0.7735149000072852
64,0.01,128,Softmax,50,0.9936363636363637,0.9936385220466595,0.9936363636363637,0.9529278999980306
64,0.01,128,Softmax,100,0.9936363636363637,0.9936385220466595,0.9936363636363637,0.9671278999885544
64,0.01,128,Softmax,300,0.9936363636363637,0.9936385220466595,0.9936363636363637,0.9422134999913396
64,0.01,128,Softmax,500,0.9936363636363637,0.9936385220466595,0.9936363636363637,1.090092200000072
64,0.01,128,Softmax,1000,0.9936363636363637,0.9936385220466595,0.9936363636363637,0.9640424999961397
64,0.001,8,ReLU,50,0.9947272727272726,0.9947319348438941,0.9947272727272727,6.916396500004339
64,0.001,8,ReLU,100,0.9947272727272726,0.9947319348438941,0.9947272727272727,6.694320000009611
64,0.001,8,ReLU,300,0.9947272727272726,0.9947319348438941,0.9947272727272727,6.525171399989631
64,0.001,8,ReLU,500,0.9947272727272726,0.9947319348438941,0.9947272727272727,6.71895239999867
64,0.001,8,ReLU,1000,0.9947272727272726,0.9947319348438941,0.9947272727272727,6.5887148000038
64,0.001,8,Tanh,50,0.9932727272727273,0.9932730130942885,0.9932727272727273,5.976786700004595
64,0.001,8,Tanh,100,0.9932727272727273,0.9932730130942885,0.9932727272727273,6.091552800004138
64,0.001,8,Tanh,300,0.9932727272727273,0.9932730130942885,0.9932727272727273,6.041255400006776
64,0.001,8,Tanh,500,0.9932727272727273,0.9932730130942885,0.9932727272727273,6.121829300012905
64,0.001,8,Tanh,1000,0.9932727272727273,0.9932730130942885,0.9932727272727273,6.029462200007401
64,0.001,8,Sigmoid,50,0.9930909090909092,0.9930925173676368,0.9930909090909091,8.374127700008103
64,0.001,8,Sigmoid,100,0.9930909090909092,0.9930925173676368,0.9930909090909091,8.282067299995106
64,0.001,8,Sigmoid,300,0.9930909090909092,0.9930925173676368,0.9930909090909091,8.346807300011278
64,0.001,8,Sigmoid,500,0.9930909090909092,0.9930925173676368,0.9930909090909091,8.23991560000286
64,0.001,8,Sigmoid,1000,0.9930909090909092,0.9930925173676368,0.9930909090909091,8.236952699997346
64,0.001,8,GELU,50,0.9947272727272726,0.9947319348438941,0.9947272727272727,6.592623400007142
64,0.001,8,GELU,100,0.9947272727272726,0.9947319348438941,0.9947272727272727,6.5535876999929314
64,0.001,8,GELU,300,0.9947272727272726,0.9947319348438941,0.9947272727272727,6.69915050000418
64,0.001,8,GELU,500,0.9947272727272726,0.9947319348438941,0.9947272727272727,6.458603800012497
64,0.001,8,GELU,1000,0.9947272727272726,0.9947319348438941,0.9947272727272727,6.583249400006025
64,0.001,8,Softmax,50,0.9930909090909092,0.9930925173676368,0.9930909090909091,8.452633200009586
64,0.001,8,Softmax,100,0.9930909090909092,0.9930925173676368,0.9930909090909091,8.402397300000302
64,0.001,8,Softmax,300,0.9930909090909092,0.9930925173676368,0.9930909090909091,8.328883199996199
64,0.001,8,Softmax,500,0.9930909090909092,0.9930925173676368,0.9930909090909091,8.194291200008593
64,0.001,8,Softmax,1000,0.9930909090909092,0.9930925173676368,0.9930909090909091,8.152386300003855
64,0.001,16,ReLU,50,0.9949090909090909,0.994913233950368,0.9949090909090909,4.316011400005664
64,0.001,16,ReLU,100,0.9949090909090909,0.994913233950368,0.9949090909090909,4.322039400009089
64,0.001,16,ReLU,300,0.9949090909090909,0.994913233950368,0.9949090909090909,4.2485700999968685
64,0.001,16,ReLU,500,0.9949090909090909,0.994913233950368,0.9949090909090909,4.189742799993837
64,0.001,16,ReLU,1000,0.9949090909090909,0.994913233950368,0.9949090909090909,4.177775799995288
64,0.001,16,Tanh,50,0.9949090909090909,0.9949095936625381,0.9949090909090909,3.8402136000077007
64,0.001,16,Tanh,100,0.9949090909090909,0.9949095936625381,0.9949090909090909,4.137105699992389
64,0.001,16,Tanh,300,0.9949090909090909,0.9949095936625381,0.9949090909090909,3.901831299997866
64,0.001,16,Tanh,500,0.9949090909090909,0.9949095936625381,0.9949090909090909,3.797067799998331
64,0.001,16,Tanh,1000,0.9949090909090909,0.9949095936625381,0.9949090909090909,3.8182483999989927
64,0.001,16,Sigmoid,50,0.9938181818181818,0.9938210520309724,0.9938181818181818,5.1718318999919575
64,0.001,16,Sigmoid,100,0.9938181818181818,0.9938210520309724,0.9938181818181818,5.450753400000394
64,0.001,16,Sigmoid,300,0.9938181818181818,0.9938210520309724,0.9938181818181818,5.476240800009691
64,0.001,16,Sigmoid,500,0.9938181818181818,0.9938210520309724,0.9938181818181818,5.351222099998267
64,0.001,16,Sigmoid,1000,0.9938181818181818,0.9938210520309724,0.9938181818181818,5.461226600004011
64,0.001,16,GELU,50,0.9949090909090909,0.994913233950368,0.9949090909090909,4.070730500010541
64,0.001,16,GELU,100,0.9949090909090909,0.994913233950368,0.9949090909090909,4.130734400008805
64,0.001,16,GELU,300,0.9949090909090909,0.994913233950368,0.9949090909090909,4.235000000000582
64,0.001,16,GELU,500,0.9949090909090909,0.994913233950368,0.9949090909090909,4.101479600009043
64,0.001,16,GELU,1000,0.9949090909090909,0.994913233950368,0.9949090909090909,4.227889300003881
64,0.001,16,Softmax,50,0.9938181818181818,0.9938210520309724,0.9938181818181818,5.1781386000075145
64,0.001,16,Softmax,100,0.9938181818181818,0.9938210520309724,0.9938181818181818,5.429376400003093
64,0.001,16,Softmax,300,0.9938181818181818,0.9938210520309724,0.9938181818181818,5.537464299995918
64,0.001,16,Softmax,500,0.9938181818181818,0.9938210520309724,0.9938181818181818,5.436345699999947
64,0.001,16,Softmax,1000,0.9938181818181818,0.9938210520309724,0.9938181818181818,5.571265899998252
64,0.001,32,ReLU,50,0.9950909090909092,0.9950926797450484,0.9950909090909091,2.7866598999971757
64,0.001,32,ReLU,100,0.9950909090909092,0.9950926797450484,0.9950909090909091,2.696802199992817
64,0.001,32,ReLU,300,0.9950909090909092,0.9950926797450484,0.9950909090909091,2.844855799994548
64,0.001,32,ReLU,500,0.9950909090909092,0.9950926797450484,0.9950909090909091,2.6253919000009773
64,0.001,32,ReLU,1000,0.9950909090909092,0.9950926797450484,0.9950909090909091,2.6344300999917323
64,0.001,32,Tanh,50,0.9936363636363638,0.9936392489369169,0.9936363636363637,2.6235665999993216
64,0.001,32,Tanh,100,0.9936363636363638,0.9936392489369169,0.9936363636363637,2.696916999993846
64,0.001,32,Tanh,300,0.9936363636363638,0.9936392489369169,0.9936363636363637,2.6614153000118677
64,0.001,32,Tanh,500,0.9936363636363638,0.9936392489369169,0.9936363636363637,2.7763874999945983
64,0.001,32,Tanh,1000,0.9936363636363638,0.9936392489369169,0.9936363636363637,2.65686000000278
64,0.001,32,Sigmoid,50,0.9916363636363635,0.9916379232288162,0.9916363636363636,3.1504391000053147
64,0.001,32,Sigmoid,100,0.9919999999999999,0.9920017434173594,0.992,3.8309864000038942
64,0.001,32,Sigmoid,300,0.9919999999999999,0.9920017434173594,0.992,3.7103778000018792
64,0.001,32,Sigmoid,500,0.9919999999999999,0.9920017434173594,0.992,3.8914063000120223
64,0.001,32,Sigmoid,1000,0.9919999999999999,0.9920017434173594,0.992,3.7476132000010693
64,0.001,32,GELU,50,0.9950909090909092,0.9950926797450484,0.9950909090909091,2.563556900000549
64,0.001,32,GELU,100,0.9950909090909092,0.9950926797450484,0.9950909090909091,2.7420496999984607
64,0.001,32,GELU,300,0.9950909090909092,0.9950926797450484,0.9950909090909091,2.6993048999866005
64,0.001,32,GELU,500,0.9950909090909092,0.9950926797450484,0.9950909090909091,2.653562100007548
64,0.001,32,GELU,1000,0.9950909090909092,0.9950926797450484,0.9950909090909091,2.50129869999364
64,0.001,32,Softmax,50,0.9916363636363635,0.9916379232288162,0.9916363636363636,3.172042899997905
64,0.001,32,Softmax,100,0.9919999999999999,0.9920017434173594,0.992,3.8817051999940304
64,0.001,32,Softmax,300,0.9919999999999999,0.9920017434173594,0.992,3.868002000002889
64,0.001,32,Softmax,500,0.9919999999999999,0.9920017434173594,0.992,3.9476144000072964
64,0.001,32,Softmax,1000,0.9919999999999999,0.9920017434173594,0.992,3.636778100000811
64,0.001,64,ReLU,50,0.9927272727272729,0.9927290576640668,0.9927272727272727,1.8067934999999125
64,0.001,64,ReLU,100,0.9927272727272729,0.9927290576640668,0.9927272727272727,1.8710502999892924
64,0.001,64,ReLU,300,0.9927272727272729,0.9927290576640668,0.9927272727272727,1.9975693000014871
64,0.001,64,ReLU,500,0.9927272727272729,0.9927290576640668,0.9927272727272727,2.0306176000012783
64,0.001,64,ReLU,1000,0.9927272727272729,0.9927290576640668,0.9927272727272727,1.9655459999921732
64,0.001,64,Tanh,50,0.9901818181818182,0.9901673633412429,0.9901818181818182,1.8192462000006344
64,0.001,64,Tanh,100,0.9901818181818182,0.9901673633412429,0.9901818181818182,2.01136669999687
64,0.001,64,Tanh,300,0.9901818181818182,0.9901673633412429,0.9901818181818182,1.8924294999887934
64,0.001,64,Tanh,500,0.9901818181818182,0.9901673633412429,0.9901818181818182,1.9959195999981603
64,0.001,64,Tanh,1000,0.9901818181818182,0.9901673633412429,0.9901818181818182,1.97202629999083
64,0.001,64,Sigmoid,50,0.9856363636363636,0.9856253796223641,0.9856363636363636,1.9626232000009622
64,0.001,64,Sigmoid,100,0.9861818181818183,0.9861757335599356,0.9861818181818182,2.608032300006016
64,0.001,64,Sigmoid,300,0.9861818181818183,0.9861757335599356,0.9861818181818182,2.491554099993664
64,0.001,64,Sigmoid,500,0.9861818181818183,0.9861757335599356,0.9861818181818182,2.6883355000027223
64,0.001,64,Sigmoid,1000,0.9861818181818183,0.9861757335599356,0.9861818181818182,2.4891568000020925
64,0.001,64,GELU,50,0.9927272727272729,0.9927290576640668,0.9927272727272727,1.8520272000023397
64,0.001,64,GELU,100,0.9927272727272729,0.9927290576640668,0.9927272727272727,2.032539000007091
64,0.001,64,GELU,300,0.9927272727272729,0.9927290576640668,0.9927272727272727,2.0375867999973707
64,0.001,64,GELU,500,0.9927272727272729,0.9927290576640668,0.9927272727272727,1.9740832000097726
64,0.001,64,GELU,1000,0.9927272727272729,0.9927290576640668,0.9927272727272727,1.9840970000077505
64,0.001,64,Softmax,50,0.9856363636363636,0.9856253796223641,0.9856363636363636,2.018199199999799
64,0.001,64,Softmax,100,0.9861818181818183,0.9861757335599356,0.9861818181818182,2.6133303999959026
64,0.001,64,Softmax,300,0.9861818181818183,0.9861757335599356,0.9861818181818182,2.3852383000048576
64,0.001,64,Softmax,500,0.9861818181818183,0.9861757335599356,0.9861818181818182,2.4454680000053486
64,0.001,64,Softmax,1000,0.9861818181818183,0.9861757335599356,0.9861818181818182,2.623406500002602
64,0.001,128,ReLU,50,0.988909090909091,0.988904356113033,0.988909090909091,1.2531673000048613
64,0.001,128,ReLU,100,0.989090909090909,0.9890861634994067,0.9890909090909091,1.6565427000023192
64,0.001,128,ReLU,300,0.989090909090909,0.9890861634994067,0.9890909090909091,1.6170836000092095
64,0.001,128,ReLU,500,0.989090909090909,0.9890861634994067,0.9890909090909091,1.530777300009504
64,0.001,128,ReLU,1000,0.989090909090909,0.9890861634994067,0.9890909090909091,1.627061399995
64,0.001,128,Tanh,50,0.9885454545454547,0.9885308137834024,0.9885454545454545,1.383725300009246
64,0.001,128,Tanh,100,0.9885454545454547,0.9885311990422249,0.9885454545454545,1.6047851000039373
64,0.001,128,Tanh,300,0.9885454545454547,0.9885311990422249,0.9885454545454545,1.5857917000103043
64,0.001,128,Tanh,500,0.9885454545454547,0.9885311990422249,0.9885454545454545,1.5927566000027582
64,0.001,128,Tanh,1000,0.9885454545454547,0.9885311990422249,0.9885454545454545,1.5732779000099981
64,0.001,128,Sigmoid,50,0.98,0.979978044990908,0.98,1.4478039999958128
64,0.001,128,Sigmoid,100,0.9830909090909092,0.983087789100918,0.9830909090909091,2.0919294000050286
64,0.001,128,Sigmoid,300,0.9830909090909092,0.983087789100918,0.9830909090909091,2.074574799989932
64,0.001,128,Sigmoid,500,0.9830909090909092,0.983087789100918,0.9830909090909091,2.060730199998943
64,0.001,128,Sigmoid,1000,0.9830909090909092,0.983087789100918,0.9830909090909091,2.079347199993208
64,0.001,128,GELU,50,0.988909090909091,0.988904356113033,0.988909090909091,1.2668842999992194
64,0.001,128,GELU,100,0.989090909090909,0.9890861634994067,0.9890909090909091,1.5610016999999061
64,0.001,128,GELU,300,0.989090909090909,0.9890861634994067,0.9890909090909091,1.6056710000120802
64,0.001,128,GELU,500,0.989090909090909,0.9890861634994067,0.9890909090909091,1.705721899998025
64,0.001,128,GELU,1000,0.989090909090909,0.9890861634994067,0.9890909090909091,1.5848010999907274
64,0.001,128,Softmax,50,0.98,0.979978044990908,0.98,1.4565910000092117
64,0.001,128,Softmax,100,0.9830909090909092,0.983087789100918,0.9830909090909091,2.0608712999965064
64,0.001,128,Softmax,300,0.9830909090909092,0.983087789100918,0.9830909090909091,1.9960413000080734
64,0.001,128,Softmax,500,0.9830909090909092,0.983087789100918,0.9830909090909091,2.087390200002119
64,0.001,128,Softmax,1000,0.9830909090909092,0.983087789100918,0.9830909090909091,2.1322298999875784
64,0.0001,8,ReLU,50,0.986181818181818,0.9861840845470747,0.9861818181818182,10.281070500001078
64,0.0001,8,ReLU,100,0.986181818181818,0.9861840845470747,0.9861818181818182,11.307058399994276
64,0.0001,8,ReLU,300,0.986181818181818,0.9861840845470747,0.9861818181818182,11.070132299995748
64,0.0001,8,ReLU,500,0.986181818181818,0.9861840845470747,0.9861818181818182,11.207335600003717
64,0.0001,8,ReLU,1000,0.986181818181818,0.9861840845470747,0.9861818181818182,11.171710800001165
64,0.0001,8,Tanh,50,0.9885454545454544,0.9885483463362778,0.9885454545454545,10.374949799996102
64,0.0001,8,Tanh,100,0.9887272727272728,0.9887294663376917,0.9887272727272727,12.497466000000713
64,0.0001,8,Tanh,300,0.9887272727272728,0.9887294663376917,0.9887272727272727,12.612270700003137
64,0.0001,8,Tanh,500,0.9887272727272728,0.9887294663376917,0.9887272727272727,12.301981399999931
64,0.0001,8,Tanh,1000,0.9887272727272728,0.9887294663376917,0.9887272727272727,12.388342999998713
64,0.0001,8,Sigmoid,50,0.9765454545454546,0.9765364799314494,0.9765454545454545,10.767530999990413
64,0.0001,8,Sigmoid,100,0.9814545454545454,0.9814600121412159,0.9814545454545455,17.034372100009932
64,0.0001,8,Sigmoid,300,0.9814545454545454,0.9814600121412159,0.9814545454545455,17.008950400006142
64,0.0001,8,Sigmoid,500,0.9814545454545454,0.9814600121412159,0.9814545454545455,16.833692600004724
64,0.0001,8,Sigmoid,1000,0.9814545454545454,0.9814600121412159,0.9814545454545455,16.784826799994335
64,0.0001,8,GELU,50,0.986181818181818,0.9861840845470747,0.9861818181818182,10.447446699996362
64,0.0001,8,GELU,100,0.986181818181818,0.9861840845470747,0.9861818181818182,11.307259399996838
64,0.0001,8,GELU,300,0.986181818181818,0.9861840845470747,0.9861818181818182,11.275917599996319
64,0.0001,8,GELU,500,0.986181818181818,0.9861840845470747,0.9861818181818182,11.315662399996654
64,0.0001,8,GELU,1000,0.986181818181818,0.9861840845470747,0.9861818181818182,11.430173899992951
64,0.0001,8,Softmax,50,0.9765454545454546,0.9765364799314494,0.9765454545454545,11.245202300007804
64,0.0001,8,Softmax,100,0.9814545454545454,0.9814600121412159,0.9814545454545455,17.173250899999402
64,0.0001,8,Softmax,300,0.9814545454545454,0.9814600121412159,0.9814545454545455,17.294184700003825
64,0.0001,8,Softmax,500,0.9814545454545454,0.9814600121412159,0.9814545454545455,17.14574179999181
64,0.0001,8,Softmax,1000,0.9814545454545454,0.9814600121412159,0.9814545454545455,16.795930899999803
64,0.0001,16,ReLU,50,0.9807272727272728,0.9807076499275243,0.9807272727272728,5.7362926000059815
64,0.0001,16,ReLU,100,0.982181818181818,0.9821718554668812,0.9821818181818182,7.595652900010464
64,0.0001,16,ReLU,300,0.982181818181818,0.9821718554668812,0.9821818181818182,7.602544399996987
64,0.0001,16,ReLU,500,0.982181818181818,0.9821718554668812,0.9821818181818182,7.787063800002215
64,0.0001,16,ReLU,1000,0.982181818181818,0.9821718554668812,0.9821818181818182,7.510932200006209
64,0.0001,16,Tanh,50,0.9852727272727274,0.9852575669076141,0.9852727272727273,5.811390000002575
64,0.0001,16,Tanh,100,0.9870909090909091,0.9870822081449522,0.9870909090909091,7.6513070999935735
64,0.0001,16,Tanh,300,0.9870909090909091,0.9870822081449522,0.9870909090909091,7.774334600006114
64,0.0001,16,Tanh,500,0.9870909090909091,0.9870822081449522,0.9870909090909091,7.749467999994522
64,0.0001,16,Tanh,1000,0.9870909090909091,0.9870822081449522,0.9870909090909091,7.996989699997357
64,0.0001,16,Sigmoid,50,0.9565454545454547,0.9564736908704091,0.9565454545454546,5.883280499998364
64,0.0001,16,Sigmoid,100,0.9745454545454545,0.9745276817470878,0.9745454545454545,10.210832700002356
64,0.0001,16,Sigmoid,300,0.974909090909091,0.9748975387335217,0.974909090909091,11.940841599993291
64,0.0001,16,Sigmoid,500,0.974909090909091,0.9748975387335217,0.974909090909091,11.969133399994462
64,0.0001,16,Sigmoid,1000,0.974909090909091,0.9748975387335217,0.974909090909091,12.006769200001145
64,0.0001,16,GELU,50,0.9807272727272728,0.9807076499275243,0.9807272727272728,5.7505807999987155
64,0.0001,16,GELU,100,0.982181818181818,0.9821718554668812,0.9821818181818182,7.755703499991796
64,0.0001,16,GELU,300,0.982181818181818,0.9821718554668812,0.9821818181818182,7.492496399994707
64,0.0001,16,GELU,500,0.982181818181818,0.9821718554668812,0.9821818181818182,7.720994100003736
64,0.0001,16,GELU,1000,0.982181818181818,0.9821718554668812,0.9821818181818182,7.651150699995924
64,0.0001,16,Softmax,50,0.9565454545454547,0.9564736908704091,0.9565454545454546,5.970093500000075
64,0.0001,16,Softmax,100,0.9745454545454545,0.9745276817470878,0.9745454545454545,10.252941099999589
64,0.0001,16,Softmax,300,0.974909090909091,0.9748975387335217,0.974909090909091,11.726201499986928
64,0.0001,16,Softmax,500,0.974909090909091,0.9748975387335217,0.974909090909091,11.807510200000252
64,0.0001,16,Softmax,1000,0.974909090909091,0.9748975387335217,0.974909090909091,12.058354700013297
64,0.0001,32,ReLU,50,0.9723636363636365,0.9723410979537715,0.9723636363636363,3.4154124000051524
64,0.0001,32,ReLU,100,0.976909090909091,0.9768836204869945,0.976909090909091,5.259947800004738
64,0.0001,32,ReLU,300,0.976909090909091,0.9768836204869945,0.976909090909091,5.2655553999939
64,0.0001,32,ReLU,500,0.976909090909091,0.9768836204869945,0.976909090909091,5.244510300006368
64,0.0001,32,ReLU,1000,0.976909090909091,0.9768836204869945,0.976909090909091,5.173974000004819
64,0.0001,32,Tanh,50,0.9750909090909091,0.9750494079187224,0.9750909090909091,3.394147200000589
64,0.0001,32,Tanh,100,0.978181818181818,0.9781492991796987,0.9781818181818182,4.633564900010242
64,0.0001,32,Tanh,300,0.978181818181818,0.9781492991796987,0.9781818181818182,4.700371400002041
64,0.0001,32,Tanh,500,0.978181818181818,0.9781492991796987,0.9781818181818182,4.4433709000004455
64,0.0001,32,Tanh,1000,0.978181818181818,0.9781492991796987,0.9781818181818182,4.474214400004712
64,0.0001,32,Sigmoid,50,0.9221818181818182,0.9216144934791763,0.9221818181818182,3.4468124999984866
64,0.0001,32,Sigmoid,100,0.9663636363636364,0.9663202044208024,0.9663636363636363,6.625835599988932
64,0.0001,32,Sigmoid,300,0.9696363636363636,0.9696040397937357,0.9696363636363636,7.987400400001206
64,0.0001,32,Sigmoid,500,0.9696363636363636,0.9696040397937357,0.9696363636363636,7.921677499994985
64,0.0001,32,Sigmoid,1000,0.9696363636363636,0.9696040397937357,0.9696363636363636,7.864175099995919
64,0.0001,32,GELU,50,0.9723636363636365,0.9723410979537715,0.9723636363636363,3.4323125000082655
64,0.0001,32,GELU,100,0.976909090909091,0.9768836204869945,0.976909090909091,5.235402599995723
64,0.0001,32,GELU,300,0.976909090909091,0.9768836204869945,0.976909090909091,5.342580399999861
64,0.0001,32,GELU,500,0.976909090909091,0.9768836204869945,0.976909090909091,5.142308399998001
64,0.0001,32,GELU,1000,0.976909090909091,0.9768836204869945,0.976909090909091,5.460943499987479
64,0.0001,32,Softmax,50,0.9221818181818182,0.9216144934791763,0.9221818181818182,3.4247111000004224
64,0.0001,32,Softmax,100,0.9663636363636364,0.9663202044208024,0.9663636363636363,6.530980499999714
64,0.0001,32,Softmax,300,0.9696363636363636,0.9696040397937357,0.9696363636363636,7.833150500009651
64,0.0001,32,Softmax,500,0.9696363636363636,0.9696040397937357,0.9696363636363636,8.002897600003053
64,0.0001,32,Softmax,1000,0.9696363636363636,0.9696040397937357,0.9696363636363636,7.98229739999806
64,0.0001,64,ReLU,50,0.9561818181818181,0.9560606325462135,0.9561818181818181,2.143347500008531
64,0.0001,64,ReLU,100,0.9721818181818183,0.9721532275006339,0.9721818181818181,3.4090885000041453
64,0.0001,64,ReLU,300,0.9721818181818183,0.9721532275006339,0.9721818181818181,3.7193287999980384
64,0.0001,64,ReLU,500,0.9721818181818183,0.9721532275006339,0.9721818181818181,3.741997299992363
64,0.0001,64,ReLU,1000,0.9721818181818183,0.9721532275006339,0.9721818181818181,3.6897165999980643
64,0.0001,64,Tanh,50,0.9592727272727273,0.9591470248371411,0.9592727272727273,2.1427075999963563
64,0.0001,64,Tanh,100,0.9692727272727272,0.9691820709118718,0.9692727272727273,3.3441634999908274
64,0.0001,64,Tanh,300,0.9692727272727272,0.9691820709118718,0.9692727272727273,3.52814729999227
64,0.0001,64,Tanh,500,0.9692727272727272,0.9691820709118718,0.9692727272727273,3.4639536999893608
64,0.0001,64,Tanh,1000,0.9692727272727272,0.9691820709118718,0.9692727272727273,3.447979199991096
64,0.0001,64,Sigmoid,50,0.8454545454545453,0.8423123253935476,0.8454545454545455,2.2022598999901675
64,0.0001,64,Sigmoid,100,0.9387272727272727,0.9384797359746895,0.9387272727272727,4.005900499993004
64,0.0001,64,Sigmoid,300,0.963090909090909,0.9630388947676007,0.9630909090909091,6.2360633999924175
64,0.0001,64,Sigmoid,500,0.963090909090909,0.9630388947676007,0.9630909090909091,6.364043399997172
64,0.0001,64,Sigmoid,1000,0.963090909090909,0.9630388947676007,0.9630909090909091,6.477652499990654
64,0.0001,64,GELU,50,0.9561818181818181,0.9560606325462135,0.9561818181818181,2.0494621000107145
64,0.0001,64,GELU,100,0.9721818181818183,0.9721532275006339,0.9721818181818181,3.5538077000092017
64,0.0001,64,GELU,300,0.9721818181818183,0.9721532275006339,0.9721818181818181,3.607868100007181
64,0.0001,64,GELU,500,0.9721818181818183,0.9721532275006339,0.9721818181818181,3.875210900005186
64,0.0001,64,GELU,1000,0.9721818181818183,0.9721532275006339,0.9721818181818181,3.6925606000004336
64,0.0001,64,Softmax,50,0.8454545454545453,0.8423123253935476,0.8454545454545455,2.0875041999970563
64,0.0001,64,Softmax,100,0.9387272727272727,0.9384797359746895,0.9387272727272727,4.021266199997626
64,0.0001,64,Softmax,300,0.963090909090909,0.9630388947676007,0.9630909090909091,6.380568699998548
64,0.0001,64,Softmax,500,0.963090909090909,0.9630388947676007,0.9630909090909091,6.226205500002834
64,0.0001,64,Softmax,1000,0.963090909090909,0.9630388947676007,0.9630909090909091,6.486764800007222
64,0.0001,128,ReLU,50,0.9136363636363636,0.9128136739024364,0.9136363636363637,1.4827608000050532
64,0.0001,128,ReLU,100,0.9607272727272727,0.9606265488433088,0.9607272727272728,2.6386850999988383
64,0.0001,128,ReLU,300,0.9612727272727271,0.9611841633238712,0.9612727272727273,3.0777554999949643
64,0.0001,128,ReLU,500,0.9612727272727271,0.9611841633238712,0.9612727272727273,3.0108700999990106
64,0.0001,128,ReLU,1000,0.9612727272727271,0.9611841633238712,0.9612727272727273,3.100935800001025
64,0.0001,128,Tanh,50,0.9316363636363636,0.9313704704588968,0.9316363636363636,1.4695031000010204
64,0.0001,128,Tanh,100,0.9594545454545454,0.9593309831027529,0.9594545454545454,2.5923973999888403
64,0.0001,128,Tanh,300,0.9609090909090909,0.9607908693303276,0.9609090909090909,2.9614244000113104
64,0.0001,128,Tanh,500,0.9609090909090909,0.9607908693303276,0.9609090909090909,3.0462944000028074
64,0.0001,128,Tanh,1000,0.9609090909090909,0.9607908693303276,0.9609090909090909,3.2141532999958145
64,0.0001,128,Sigmoid,50,0.7538181818181819,0.7408529313299446,0.7538181818181818,1.540938100006315
64,0.0001,128,Sigmoid,100,0.8734545454545455,0.8714350667846247,0.8734545454545455,2.7554438000079244
64,0.0001,128,Sigmoid,300,0.9445454545454545,0.9443720405379832,0.9445454545454546,5.799818700004835
64,0.0001,128,Sigmoid,500,0.9445454545454545,0.9443720405379832,0.9445454545454546,5.714909899994382
64,0.0001,128,Sigmoid,1000,0.9445454545454545,0.9443720405379832,0.9445454545454546,5.754025000002002
64,0.0001,128,GELU,50,0.9136363636363636,0.9128136739024364,0.9136363636363637,1.4064861999941058
64,0.0001,128,GELU,100,0.9607272727272727,0.9606265488433088,0.9607272727272728,2.6538774000073317
64,0.0001,128,GELU,300,0.9612727272727271,0.9611841633238712,0.9612727272727273,3.0552934000006644
64,0.0001,128,GELU,500,0.9612727272727271,0.9611841633238712,0.9612727272727273,3.1100643999961903
64,0.0001,128,GELU,1000,0.9612727272727271,0.9611841633238712,0.9612727272727273,3.0616450999950757
64,0.0001,128,Softmax,50,0.7538181818181819,0.7408529313299446,0.7538181818181818,1.4547905000072205
64,0.0001,128,Softmax,100,0.8734545454545455,0.8714350667846247,0.8734545454545455,2.749963900001603
64,0.0001,128,Softmax,300,0.9445454545454545,0.9443720405379832,0.9445454545454546,5.663041799998609
64,0.0001,128,Softmax,500,0.9445454545454545,0.9443720405379832,0.9445454545454546,5.74343640000734
64,0.0001,128,Softmax,1000,0.9445454545454545,0.9443720405379832,0.9445454545454546,5.70656500000041
64,0.00025,8,ReLU,50,0.9921818181818182,0.9921848770816819,0.9921818181818182,9.94992280000588
64,0.00025,8,ReLU,100,0.9921818181818182,0.9921848770816819,0.9921818181818182,10.77468869999575
64,0.00025,8,ReLU,300,0.9921818181818182,0.9921848770816819,0.9921818181818182,10.735568000003695
64,0.00025,8,ReLU,500,0.9921818181818182,0.9921848770816819,0.9921818181818182,10.976552699998138
64,0.00025,8,ReLU,1000,0.9921818181818182,0.9921848770816819,0.9921818181818182,10.926670999993803
64,0.00025,8,Tanh,50,0.9905454545454546,0.9905342512067427,0.9905454545454545,8.87177349999547
64,0.00025,8,Tanh,100,0.9905454545454546,0.9905342512067427,0.9905454545454545,8.766268500010483
64,0.00025,8,Tanh,300,0.9905454545454546,0.9905342512067427,0.9905454545454545,8.783692199998768
64,0.00025,8,Tanh,500,0.9905454545454546,0.9905342512067427,0.9905454545454545,8.717465999987326
64,0.00025,8,Tanh,1000,0.9905454545454546,0.9905342512067427,0.9905454545454545,8.869190800003707
64,0.00025,8,Sigmoid,50,0.9872727272727272,0.9872740315735807,0.9872727272727273,10.647453400000813
64,0.00025,8,Sigmoid,100,0.9874545454545453,0.9874567970972973,0.9874545454545455,13.955695399999968
64,0.00025,8,Sigmoid,300,0.9874545454545453,0.9874567970972973,0.9874545454545455,14.361065300006885
64,0.00025,8,Sigmoid,500,0.9874545454545453,0.9874567970972973,0.9874545454545455,13.924489099998027
64,0.00025,8,Sigmoid,1000,0.9874545454545453,0.9874567970972973,0.9874545454545455,13.782904099993175
64,0.00025,8,GELU,50,0.9921818181818182,0.9921848770816819,0.9921818181818182,9.784673800008022
64,0.00025,8,GELU,100,0.9921818181818182,0.9921848770816819,0.9921818181818182,10.765993499997421
64,0.00025,8,GELU,300,0.9921818181818182,0.9921848770816819,0.9921818181818182,10.707223699995666
64,0.00025,8,GELU,500,0.9921818181818182,0.9921848770816819,0.9921818181818182,10.671863700001268
64,0.00025,8,GELU,1000,0.9921818181818182,0.9921848770816819,0.9921818181818182,10.600977399997646
64,0.00025,8,Softmax,50,0.9872727272727272,0.9872740315735807,0.9872727272727273,10.340932900013286
64,0.00025,8,Softmax,100,0.9874545454545453,0.9874567970972973,0.9874545454545455,13.897669400001178
64,0.00025,8,Softmax,300,0.9874545454545453,0.9874567970972973,0.9874545454545455,13.837235200000578
64,0.00025,8,Softmax,500,0.9874545454545453,0.9874567970972973,0.9874545454545455,13.825955299995258
64,0.00025,8,Softmax,1000,0.9874545454545453,0.9874567970972973,0.9874545454545455,13.798414100005175
64,0.00025,16,ReLU,50,0.9898181818181819,0.9898217015023263,0.9898181818181818,5.013940399992862
64,0.00025,16,ReLU,100,0.9901818181818182,0.9901842556635064,0.9901818181818182,6.265128099999856
64,0.00025,16,ReLU,300,0.9901818181818182,0.9901842556635064,0.9901818181818182,6.056448000003002
64,0.00025,16,ReLU,500,0.9901818181818182,0.9901842556635064,0.9901818181818182,6.111629599996377
64,0.00025,16,ReLU,1000,0.9901818181818182,0.9901842556635064,0.9901818181818182,6.304426799993962
64,0.00025,16,Tanh,50,0.9925454545454546,0.9925488755024456,0.9925454545454545,5.473806900001364
64,0.00025,16,Tanh,100,0.9925454545454546,0.9925488755024456,0.9925454545454545,5.804189000002225
64,0.00025,16,Tanh,300,0.9925454545454546,0.9925488755024456,0.9925454545454545,5.740709399993648
64,0.00025,16,Tanh,500,0.9925454545454546,0.9925488755024456,0.9925454545454545,5.66913399999612
64,0.00025,16,Tanh,1000,0.9925454545454546,0.9925488755024456,0.9925454545454545,5.713474799995311
64,0.00025,16,Sigmoid,50,0.9829090909090908,0.9829150658163155,0.982909090909091,5.879123300008359
64,0.00025,16,Sigmoid,100,0.986181818181818,0.9861818148163213,0.9861818181818182,7.986425800001598
64,0.00025,16,Sigmoid,300,0.986181818181818,0.9861818148163213,0.9861818181818182,7.944364599999972
64,0.00025,16,Sigmoid,500,0.986181818181818,0.9861818148163213,0.9861818181818182,8.093368600006215
64,0.00025,16,Sigmoid,1000,0.986181818181818,0.9861818148163213,0.9861818181818182,8.014105900001596
64,0.00025,16,GELU,50,0.9898181818181819,0.9898217015023263,0.9898181818181818,5.114786999998614
64,0.00025,16,GELU,100,0.9901818181818182,0.9901842556635064,0.9901818181818182,6.136913599999389
64,0.00025,16,GELU,300,0.9901818181818182,0.9901842556635064,0.9901818181818182,6.213174699994852
64,0.00025,16,GELU,500,0.9901818181818182,0.9901842556635064,0.9901818181818182,6.095701800004463
64,0.00025,16,GELU,1000,0.9901818181818182,0.9901842556635064,0.9901818181818182,5.965538199990988
64,0.00025,16,Softmax,50,0.9829090909090908,0.9829150658163155,0.982909090909091,5.810792100004619
64,0.00025,16,Softmax,100,0.986181818181818,0.9861818148163213,0.9861818181818182,8.119910000008531
64,0.00025,16,Softmax,300,0.986181818181818,0.9861818148163213,0.9861818181818182,7.965801899990765
64,0.00025,16,Softmax,500,0.986181818181818,0.9861818148163213,0.9861818181818182,8.094475400008378
64,0.00025,16,Softmax,1000,0.986181818181818,0.9861818148163213,0.9861818181818182,8.02219220000552
64,0.00025,32,ReLU,50,0.9858181818181818,0.9858155848265713,0.9858181818181818,3.1075778999947943
64,0.00025,32,ReLU,100,0.9863636363636363,0.9863610383554814,0.9863636363636363,4.0633023000118556
64,0.00025,32,ReLU,300,0.9863636363636363,0.9863610383554814,0.9863636363636363,4.03139899999951
64,0.00025,32,ReLU,500,0.9863636363636363,0.9863610383554814,0.9863636363636363,4.143562800003565
64,0.00025,32,ReLU,1000,0.9863636363636363,0.9863610383554814,0.9863636363636363,4.118264000004274
64,0.00025,32,Tanh,50,0.9874545454545456,0.9874489953537214,0.9874545454545455,3.1956382999924244
64,0.00025,32,Tanh,100,0.9879999999999999,0.9879969142576811,0.988,3.876579200004926
64,0.00025,32,Tanh,300,0.9879999999999999,0.9879969142576811,0.988,3.856564800007618
64,0.00025,32,Tanh,500,0.9879999999999999,0.9879969142576811,0.988,3.9178030000039143
64,0.00025,32,Tanh,1000,0.9879999999999999,0.9879969142576811,0.988,3.8038102999998955
64,0.00025,32,Sigmoid,50,0.9721818181818181,0.9721450194999519,0.9721818181818181,3.3336586999939755
64,0.00025,32,Sigmoid,100,0.9789090909090908,0.9788976556424483,0.978909090909091,5.591706399995019
64,0.00025,32,Sigmoid,300,0.9789090909090908,0.9788976556424483,0.978909090909091,5.505047500002547
64,0.00025,32,Sigmoid,500,0.9789090909090908,0.9788976556424483,0.978909090909091,5.516903100011405
64,0.00025,32,Sigmoid,1000,0.9789090909090908,0.9788976556424483,0.978909090909091,5.55511960000149
64,0.00025,32,GELU,50,0.9858181818181818,0.9858155848265713,0.9858181818181818,3.077101599992602
64,0.00025,32,GELU,100,0.9863636363636363,0.9863610383554814,0.9863636363636363,4.161231999998563
64,0.00025,32,GELU,300,0.9863636363636363,0.9863610383554814,0.9863636363636363,4.079775200007134
64,0.00025,32,GELU,500,0.9863636363636363,0.9863610383554814,0.9863636363636363,3.982950500008883
64,0.00025,32,GELU,1000,0.9863636363636363,0.9863610383554814,0.9863636363636363,3.973233500000788
64,0.00025,32,Softmax,50,0.9721818181818181,0.9721450194999519,0.9721818181818181,3.374390000011772
64,0.00025,32,Softmax,100,0.9789090909090908,0.9788976556424483,0.978909090909091,5.227788799995324
64,0.00025,32,Softmax,300,0.9789090909090908,0.9788976556424483,0.978909090909091,5.4943333999981405
64,0.00025,32,Softmax,500,0.9789090909090908,0.9788976556424483,0.978909090909091,5.486844300001394
64,0.00025,32,Softmax,1000,0.9789090909090908,0.9788976556424483,0.978909090909091,5.698538399999961
64,0.00025,64,ReLU,50,0.9796363636363636,0.9796089539193321,0.9796363636363636,1.9664368999947328
64,0.00025,64,ReLU,100,0.9832727272727272,0.9832586072160868,0.9832727272727273,2.7259819000028074
64,0.00025,64,ReLU,300,0.9832727272727272,0.9832586072160868,0.9832727272727273,2.6156179000099655
64,0.00025,64,ReLU,500,0.9832727272727272,0.9832586072160868,0.9832727272727273,2.6719874999980675
64,0.00025,64,ReLU,1000,0.9832727272727272,0.9832586072160868,0.9832727272727273,2.60422729999118
64,0.00025,64,Tanh,50,0.9792727272727273,0.9792333335201827,0.9792727272727273,2.0373858000093605
64,0.00025,64,Tanh,100,0.9803636363636364,0.9803327738929297,0.9803636363636363,2.7358289000112563
64,0.00025,64,Tanh,300,0.9803636363636364,0.9803327738929297,0.9803636363636363,2.7482955000014044
64,0.00025,64,Tanh,500,0.9803636363636364,0.9803327738929297,0.9803636363636363,2.7358779000060167
64,0.00025,64,Tanh,1000,0.9803636363636364,0.9803327738929297,0.9803636363636363,2.7713143000000855
64,0.00025,64,Sigmoid,50,0.9525454545454544,0.9524657084522775,0.9525454545454546,2.028855399999884
64,0.00025,64,Sigmoid,100,0.972909090909091,0.9728818736176194,0.972909090909091,3.6660046000033617
64,0.00025,64,Sigmoid,300,0.972909090909091,0.9728818736176194,0.972909090909091,3.844104799994966
64,0.00025,64,Sigmoid,500,0.972909090909091,0.9728818736176194,0.972909090909091,3.9728784000035375
64,0.00025,64,Sigmoid,1000,0.972909090909091,0.9728818736176194,0.972909090909091,4.404563200005214
64,0.00025,64,GELU,50,0.9796363636363636,0.9796089539193321,0.9796363636363636,2.169996500000707
64,0.00025,64,GELU,100,0.9832727272727272,0.9832586072160868,0.9832727272727273,3.0392209999990882
64,0.00025,64,GELU,300,0.9832727272727272,0.9832586072160868,0.9832727272727273,3.0109012000029907
64,0.00025,64,GELU,500,0.9832727272727272,0.9832586072160868,0.9832727272727273,3.056428899988532
64,0.00025,64,GELU,1000,0.9832727272727272,0.9832586072160868,0.9832727272727273,2.925419699997292
64,0.00025,64,Softmax,50,0.9525454545454544,0.9524657084522775,0.9525454545454546,2.3544029999902705
64,0.00025,64,Softmax,100,0.972909090909091,0.9728818736176194,0.972909090909091,4.1230444999964675
64,0.00025,64,Softmax,300,0.972909090909091,0.9728818736176194,0.972909090909091,4.039206600005855
64,0.00025,64,Softmax,500,0.972909090909091,0.9728818736176194,0.972909090909091,3.7750116999959573
64,0.00025,64,Softmax,1000,0.972909090909091,0.9728818736176194,0.972909090909091,3.862518599999021
64,0.00025,128,ReLU,50,0.9687272727272727,0.968685236580664,0.9687272727272728,1.3971863000042504
64,0.00025,128,ReLU,100,0.9761818181818182,0.9761497444647304,0.9761818181818182,2.277270000005956
64,0.00025,128,ReLU,300,0.9761818181818182,0.9761497444647304,0.9761818181818182,2.3956684000004316
64,0.00025,128,ReLU,500,0.9761818181818182,0.9761497444647304,0.9761818181818182,2.3635363999928813
64,0.00025,128,ReLU,1000,0.9761818181818182,0.9761497444647304,0.9761818181818182,2.4030849999981
64,0.00025,128,Tanh,50,0.97,0.9699445110547472,0.97,1.4809329000127036
64,0.00025,128,Tanh,100,0.9730909090909091,0.9730383273460658,0.9730909090909091,2.1600784999900497
64,0.00025,128,Tanh,300,0.9730909090909091,0.9730383273460658,0.9730909090909091,2.2360843000060413
64,0.00025,128,Tanh,500,0.9730909090909091,0.9730383273460658,0.9730909090909091,2.277892600002815
64,0.00025,128,Tanh,1000,0.9730909090909091,0.9730383273460658,0.9730909090909091,2.8189796000078786
64,0.00025,128,Sigmoid,50,0.9016363636363635,0.9005628940210729,0.9016363636363637,1.7318259000021499
64,0.00025,128,Sigmoid,100,0.961090909090909,0.9610119987056941,0.9610909090909091,3.505177500002901
64,0.00025,128,Sigmoid,300,0.9678181818181816,0.9677721340206431,0.9678181818181818,4.76266609999584
64,0.00025,128,Sigmoid,500,0.9678181818181816,0.9677721340206431,0.9678181818181818,4.6018458000035025
64,0.00025,128,Sigmoid,1000,0.9678181818181816,0.9677721340206431,0.9678181818181818,5.110148599997046
64,0.00025,128,GELU,50,0.9687272727272727,0.968685236580664,0.9687272727272728,1.9201104000094347
64,0.00025,128,GELU,100,0.9761818181818182,0.9761497444647304,0.9761818181818182,3.2376032000029227
64,0.00025,128,GELU,300,0.9761818181818182,0.9761497444647304,0.9761818181818182,3.4676732999942033
64,0.00025,128,GELU,500,0.9761818181818182,0.9761497444647304,0.9761818181818182,3.0550877999921795
64,0.00025,128,GELU,1000,0.9761818181818182,0.9761497444647304,0.9761818181818182,3.0952011000044877
64,0.00025,128,Softmax,50,0.9016363636363635,0.9005628940210729,0.9016363636363637,1.7147173999983352
64,0.00025,128,Softmax,100,0.961090909090909,0.9610119987056941,0.9610909090909091,3.5721300000004703
64,0.00025,128,Softmax,300,0.9678181818181816,0.9677721340206431,0.9678181818181818,5.381170199994813
64,0.00025,128,Softmax,500,0.9678181818181816,0.9677721340206431,0.9678181818181818,6.0381063999957405
64,0.00025,128,Softmax,1000,0.9678181818181816,0.9677721340206431,0.9678181818181818,5.788380799989682
128,0.01,8,ReLU,50,0.9939999999999999,0.9939988774619564,0.994,13.154192100002547
128,0.01,8,ReLU,100,0.9939999999999999,0.9939988774619564,0.994,13.018260500000906
128,0.01,8,ReLU,300,0.9939999999999999,0.9939988774619564,0.994,13.01125320000574
128,0.01,8,ReLU,500,0.9939999999999999,0.9939988774619564,0.994,13.321038800000679
128,0.01,8,ReLU,1000,0.9939999999999999,0.9939988774619564,0.994,12.674887799992575
128,0.01,8,Tanh,50,0.9909090909090907,0.9909186465336389,0.990909090909091,9.281255699999747
128,0.01,8,Tanh,100,0.9909090909090907,0.9909186465336389,0.990909090909091,9.061794700013706
128,0.01,8,Tanh,300,0.9909090909090907,0.9909186465336389,0.990909090909091,9.149105299991788
128,0.01,8,Tanh,500,0.9909090909090907,0.9909186465336389,0.990909090909091,8.981833800004097
128,0.01,8,Tanh,1000,0.9909090909090907,0.9909186465336389,0.990909090909091,9.427118699997663
128,0.01,8,Sigmoid,50,0.9943636363636364,0.9943553112221687,0.9943636363636363,9.863406999997096
128,0.01,8,Sigmoid,100,0.9943636363636364,0.9943553112221687,0.9943636363636363,9.82307340000989
128,0.01,8,Sigmoid,300,0.9943636363636364,0.9943553112221687,0.9943636363636363,10.031937499996275
128,0.01,8,Sigmoid,500,0.9943636363636364,0.9943553112221687,0.9943636363636363,9.654019199995673
128,0.01,8,Sigmoid,1000,0.9943636363636364,0.9943553112221687,0.9943636363636363,9.848241200001212
128,0.01,8,GELU,50,0.9939999999999999,0.9939988774619564,0.994,11.636015399999451
128,0.01,8,GELU,100,0.9939999999999999,0.9939988774619564,0.994,11.51205309999932
128,0.01,8,GELU,300,0.9939999999999999,0.9939988774619564,0.994,11.18541499999992
128,0.01,8,GELU,500,0.9939999999999999,0.9939988774619564,0.994,12.145393799990416
128,0.01,8,GELU,1000,0.9939999999999999,0.9939988774619564,0.994,11.580314399994677
128,0.01,8,Softmax,50,0.9943636363636364,0.9943553112221687,0.9943636363636363,9.474034300001222
128,0.01,8,Softmax,100,0.9943636363636364,0.9943553112221687,0.9943636363636363,9.530203799993615
128,0.01,8,Softmax,300,0.9943636363636364,0.9943553112221687,0.9943636363636363,9.54527629999211
128,0.01,8,Softmax,500,0.9943636363636364,0.9943553112221687,0.9943636363636363,9.80358010000782
128,0.01,8,Softmax,1000,0.9943636363636364,0.9943553112221687,0.9943636363636363,9.736322299999301
128,0.01,16,ReLU,50,0.9941818181818182,0.9941810756377069,0.9941818181818182,5.6039507999958005
128,0.01,16,ReLU,100,0.9941818181818182,0.9941810756377069,0.9941818181818182,5.574777899993933
128,0.01,16,ReLU,300,0.9941818181818182,0.9941810756377069,0.9941818181818182,5.509934000001522
128,0.01,16,ReLU,500,0.9941818181818182,0.9941810756377069,0.9941818181818182,5.482344300005934
128,0.01,16,ReLU,1000,0.9941818181818182,0.9941810756377069,0.9941818181818182,5.654329400000279
128,0.01,16,Tanh,50,0.9918181818181818,0.991820046513314,0.9918181818181818,5.566633599999477
128,0.01,16,Tanh,100,0.9918181818181818,0.991820046513314,0.9918181818181818,5.60591270000441
128,0.01,16,Tanh,300,0.9918181818181818,0.991820046513314,0.9918181818181818,5.563615500010201
128,0.01,16,Tanh,500,0.9918181818181818,0.991820046513314,0.9918181818181818,5.384742800000822
128,0.01,16,Tanh,1000,0.9918181818181818,0.991820046513314,0.9918181818181818,5.545828500005882
128,0.01,16,Sigmoid,50,0.9945454545454545,0.9945472828325279,0.9945454545454545,5.757768499999656
128,0.01,16,Sigmoid,100,0.9945454545454545,0.9945472828325279,0.9945454545454545,5.578850400008378
128,0.01,16,Sigmoid,300,0.9945454545454545,0.9945472828325279,0.9945454545454545,5.584268000005977
128,0.01,16,Sigmoid,500,0.9945454545454545,0.9945472828325279,0.9945454545454545,5.5832938000094146
128,0.01,16,Sigmoid,1000,0.9945454545454545,0.9945472828325279,0.9945454545454545,5.809700799989514
128,0.01,16,GELU,50,0.9941818181818182,0.9941810756377069,0.9941818181818182,5.538056300007156
128,0.01,16,GELU,100,0.9941818181818182,0.9941810756377069,0.9941818181818182,6.0415956000069855
128,0.01,16,GELU,300,0.9941818181818182,0.9941810756377069,0.9941818181818182,6.34195550000004
128,0.01,16,GELU,500,0.9941818181818182,0.9941810756377069,0.9941818181818182,5.8722926000045845
128,0.01,16,GELU,1000,0.9941818181818182,0.9941810756377069,0.9941818181818182,5.779420500010019
128,0.01,16,Softmax,50,0.9945454545454545,0.9945472828325279,0.9945454545454545,5.9671458000084385
128,0.01,16,Softmax,100,0.9945454545454545,0.9945472828325279,0.9945454545454545,5.97949320000771
128,0.01,16,Softmax,300,0.9945454545454545,0.9945472828325279,0.9945454545454545,6.091015099998913
128,0.01,16,Softmax,500,0.9945454545454545,0.9945472828325279,0.9945454545454545,5.814935599992168
128,0.01,16,Softmax,1000,0.9945454545454545,0.9945472828325279,0.9945454545454545,6.016785299987532
128,0.01,32,ReLU,50,0.9947272727272726,0.994722305453988,0.9947272727272727,3.252477000001818
128,0.01,32,ReLU,100,0.9947272727272726,0.994722305453988,0.9947272727272727,3.3329604000027757
128,0.01,32,ReLU,300,0.9947272727272726,0.994722305453988,0.9947272727272727,3.405466800002614
128,0.01,32,ReLU,500,0.9947272727272726,0.994722305453988,0.9947272727272727,3.3693103000114206
128,0.01,32,ReLU,1000,0.9947272727272726,0.994722305453988,0.9947272727272727,3.3468221000075573
128,0.01,32,Tanh,50,0.9934545454545454,0.9934457444042799,0.9934545454545455,3.2153875999938464
128,0.01,32,Tanh,100,0.9934545454545454,0.9934457444042799,0.9934545454545455,3.284784400006174
128,0.01,32,Tanh,300,0.9934545454545454,0.9934457444042799,0.9934545454545455,3.182010000004084
128,0.01,32,Tanh,500,0.9934545454545454,0.9934457444042799,0.9934545454545455,3.264104600006249
128,0.01,32,Tanh,1000,0.9934545454545454,0.9934457444042799,0.9934545454545455,3.231518100001267
128,0.01,32,Sigmoid,50,0.9927272727272727,0.9927270355961714,0.9927272727272727,2.8962037000019336
128,0.01,32,Sigmoid,100,0.9927272727272727,0.9927270355961714,0.9927272727272727,3.1026528000074904
128,0.01,32,Sigmoid,300,0.9927272727272727,0.9927270355961714,0.9927272727272727,3.097394299998996
128,0.01,32,Sigmoid,500,0.9927272727272727,0.9927270355961714,0.9927272727272727,3.1062429000012344
128,0.01,32,Sigmoid,1000,0.9927272727272727,0.9927270355961714,0.9927272727272727,3.013572000010754
128,0.01,32,GELU,50,0.9947272727272726,0.994722305453988,0.9947272727272727,3.345867800002452
128,0.01,32,GELU,100,0.9947272727272726,0.994722305453988,0.9947272727272727,3.2726985000044806
128,0.01,32,GELU,300,0.9947272727272726,0.994722305453988,0.9947272727272727,3.346526499997708
128,0.01,32,GELU,500,0.9947272727272726,0.994722305453988,0.9947272727272727,3.345173599998816
128,0.01,32,GELU,1000,0.9947272727272726,0.994722305453988,0.9947272727272727,3.3898053000011714
128,0.01,32,Softmax,50,0.9927272727272727,0.9927270355961714,0.9927272727272727,3.0538040999963414
128,0.01,32,Softmax,100,0.9927272727272727,0.9927270355961714,0.9927272727272727,3.002395899995463
128,0.01,32,Softmax,300,0.9927272727272727,0.9927270355961714,0.9927272727272727,3.061071299991454
128,0.01,32,Softmax,500,0.9927272727272727,0.9927270355961714,0.9927272727272727,3.0308083000127226
128,0.01,32,Softmax,1000,0.9927272727272727,0.9927270355961714,0.9927272727272727,2.9504062999913003
128,0.01,64,ReLU,50,0.9963636363636362,0.9963647136569969,0.9963636363636363,1.896453900000779
128,0.01,64,ReLU,100,0.9963636363636362,0.9963647136569969,0.9963636363636363,1.895668700002716
128,0.01,64,ReLU,300,0.9963636363636362,0.9963647136569969,0.9963636363636363,1.8669751999987056
128,0.01,64,ReLU,500,0.9963636363636362,0.9963647136569969,0.9963636363636363,1.8324564999929862
128,0.01,64,ReLU,1000,0.9963636363636362,0.9963647136569969,0.9963636363636363,1.9254147000028752
128,0.01,64,Tanh,50,0.9961818181818182,0.9961821637812484,0.9961818181818182,1.7499332000006689
128,0.01,64,Tanh,100,0.9961818181818182,0.9961821637812484,0.9961818181818182,1.6583073000074364
128,0.01,64,Tanh,300,0.9961818181818182,0.9961821637812484,0.9961818181818182,1.7085016000055475
128,0.01,64,Tanh,500,0.9961818181818182,0.9961821637812484,0.9961818181818182,1.7278360000054818
128,0.01,64,Tanh,1000,0.9961818181818182,0.9961821637812484,0.9961818181818182,1.7247391999990214
128,0.01,64,Sigmoid,50,0.9934545454545455,0.993455425982156,0.9934545454545455,2.044854399995529
128,0.01,64,Sigmoid,100,0.9934545454545455,0.993455425982156,0.9934545454545455,2.138488199998392
128,0.01,64,Sigmoid,300,0.9934545454545455,0.993455425982156,0.9934545454545455,2.0244136999972397
128,0.01,64,Sigmoid,500,0.9934545454545455,0.993455425982156,0.9934545454545455,2.095255799998995
128,0.01,64,Sigmoid,1000,0.9934545454545455,0.993455425982156,0.9934545454545455,2.056851799992728
128,0.01,64,GELU,50,0.9963636363636362,0.9963647136569969,0.9963636363636363,1.9787567999883322
128,0.01,64,GELU,100,0.9963636363636362,0.9963647136569969,0.9963636363636363,2.027586700001848
128,0.01,64,GELU,300,0.9963636363636362,0.9963647136569969,0.9963636363636363,2.2446361999900546
128,0.01,64,GELU,500,0.9963636363636362,0.9963647136569969,0.9963636363636363,1.982707000002847
128,0.01,64,GELU,1000,0.9963636363636362,0.9963647136569969,0.9963636363636363,2.0890790999983437
128,0.01,64,Softmax,50,0.9934545454545455,0.993455425982156,0.9934545454545455,2.16290109998954
128,0.01,64,Softmax,100,0.9934545454545455,0.993455425982156,0.9934545454545455,2.1655815999984043
128,0.01,64,Softmax,300,0.9934545454545455,0.993455425982156,0.9934545454545455,2.175705300003756
128,0.01,64,Softmax,500,0.9934545454545455,0.993455425982156,0.9934545454545455,1.9114457999967271
128,0.01,64,Softmax,1000,0.9934545454545455,0.993455425982156,0.9934545454545455,2.077030000000377
128,0.01,128,ReLU,50,0.996,0.9960009041827136,0.996,1.4442006000026595
128,0.01,128,ReLU,100,0.996,0.9960009041827136,0.996,1.3793961000046693
128,0.01,128,ReLU,300,0.996,0.9960009041827136,0.996,1.3745713999960572
128,0.01,128,ReLU,500,0.996,0.9960009041827136,0.996,1.399896400005673
128,0.01,128,ReLU,1000,0.996,0.9960009041827136,0.996,1.3695803000009619
128,0.01,128,Tanh,50,0.9939999999999999,0.9939971799805299,0.994,1.4227095999958692
128,0.01,128,Tanh,100,0.9939999999999999,0.9939971799805299,0.994,1.5188875000021653
128,0.01,128,Tanh,300,0.9939999999999999,0.9939971799805299,0.994,1.4507814999960829
128,0.01,128,Tanh,500,0.9939999999999999,0.9939971799805299,0.994,1.4827958999958355
128,0.01,128,Tanh,1000,0.9939999999999999,0.9939971799805299,0.994,1.534751099999994
128,0.01,128,Sigmoid,50,0.9954545454545454,0.99545287556987,0.9954545454545455,1.8678671000088798
128,0.01,128,Sigmoid,100,0.9954545454545454,0.99545287556987,0.9954545454545455,2.0083596000040416
128,0.01,128,Sigmoid,300,0.9954545454545454,0.99545287556987,0.9954545454545455,1.9863342000026023
128,0.01,128,Sigmoid,500,0.9954545454545454,0.99545287556987,0.9954545454545455,2.117825900000753
128,0.01,128,Sigmoid,1000,0.9954545454545454,0.99545287556987,0.9954545454545455,1.931958700006362
128,0.01,128,GELU,50,0.996,0.9960009041827136,0.996,1.3944592000043485
128,0.01,128,GELU,100,0.996,0.9960009041827136,0.996,1.4901008000015281
128,0.01,128,GELU,300,0.996,0.9960009041827136,0.996,1.3746124000026612
128,0.01,128,GELU,500,0.996,0.9960009041827136,0.996,1.371815400008927
128,0.01,128,GELU,1000,0.996,0.9960009041827136,0.996,1.4014148999995086
128,0.01,128,Softmax,50,0.9954545454545454,0.99545287556987,0.9954545454545455,1.8639025000011316
128,0.01,128,Softmax,100,0.9954545454545454,0.99545287556987,0.9954545454545455,1.9477045000094222
128,0.01,128,Softmax,300,0.9954545454545454,0.99545287556987,0.9954545454545455,1.9598046000028262
128,0.01,128,Softmax,500,0.9954545454545454,0.99545287556987,0.9954545454545455,1.9200901000003796
128,0.01,128,Softmax,1000,0.9954545454545454,0.99545287556987,0.9954545454545455,1.8709444999985863
128,0.001,8,ReLU,50,0.9969090909090906,0.9969098081781215,0.9969090909090909,10.860670099995332
128,0.001,8,ReLU,100,0.9969090909090906,0.9969098081781215,0.9969090909090909,10.558607300001313
128,0.001,8,ReLU,300,0.9969090909090906,0.9969098081781215,0.9969090909090909,10.586539500000072
128,0.001,8,ReLU,500,0.9969090909090906,0.9969098081781215,0.9969090909090909,9.945626100001391
128,0.001,8,ReLU,1000,0.9969090909090906,0.9969098081781215,0.9969090909090909,9.90623309998773
128,0.001,8,Tanh,50,0.9961818181818181,0.9961825287464374,0.9961818181818182,9.183186499998556
128,0.001,8,Tanh,100,0.9961818181818181,0.9961825287464374,0.9961818181818182,9.15434940000705
128,0.001,8,Tanh,300,0.9961818181818181,0.9961825287464374,0.9961818181818182,9.219769600007567
128,0.001,8,Tanh,500,0.9961818181818181,0.9961825287464374,0.9961818181818182,9.174237200000789
128,0.001,8,Tanh,1000,0.9961818181818181,0.9961825287464374,0.9961818181818182,9.0900149000081
128,0.001,8,Sigmoid,50,0.9954545454545454,0.9954552525722217,0.9954545454545455,12.080229199986206
128,0.001,8,Sigmoid,100,0.9954545454545454,0.9954552525722217,0.9954545454545455,11.798545500001637
128,0.001,8,Sigmoid,300,0.9954545454545454,0.9954552525722217,0.9954545454545455,11.903149199992185
128,0.001,8,Sigmoid,500,0.9954545454545454,0.9954552525722217,0.9954545454545455,11.885985999993864
128,0.001,8,Sigmoid,1000,0.9954545454545454,0.9954552525722217,0.9954545454545455,11.963532399997348
128,0.001,8,GELU,50,0.9969090909090906,0.9969098081781215,0.9969090909090909,9.660553099995013
128,0.001,8,GELU,100,0.9969090909090906,0.9969098081781215,0.9969090909090909,9.735639099992113
128,0.001,8,GELU,300,0.9969090909090906,0.9969098081781215,0.9969090909090909,9.727747800003272
128,0.001,8,GELU,500,0.9969090909090906,0.9969098081781215,0.9969090909090909,9.82765950000612
128,0.001,8,GELU,1000,0.9969090909090906,0.9969098081781215,0.9969090909090909,9.703083600004902
128,0.001,8,Softmax,50,0.9954545454545454,0.9954552525722217,0.9954545454545455,11.944692099990789
128,0.001,8,Softmax,100,0.9954545454545454,0.9954552525722217,0.9954545454545455,12.2748614000011
128,0.001,8,Softmax,300,0.9954545454545454,0.9954552525722217,0.9954545454545455,11.891981099994155
128,0.001,8,Softmax,500,0.9954545454545454,0.9954552525722217,0.9954545454545455,11.979655899995123
128,0.001,8,Softmax,1000,0.9954545454545454,0.9954552525722217,0.9954545454545455,11.920949000006658
128,0.001,16,ReLU,50,0.9965454545454547,0.9965463416697343,0.9965454545454545,5.24646660000144
128,0.001,16,ReLU,100,0.9965454545454547,0.9965463416697343,0.9965454545454545,5.358056800003396
128,0.001,16,ReLU,300,0.9965454545454547,0.9965463416697343,0.9965454545454545,5.306290299995453
128,0.001,16,ReLU,500,0.9965454545454547,0.9965463416697343,0.9965454545454545,5.27703680000559
128,0.001,16,ReLU,1000,0.9965454545454547,0.9965463416697343,0.9965454545454545,5.356126500002574
128,0.001,16,Tanh,50,0.9958181818181818,0.9958194432794151,0.9958181818181818,5.261399600000004
128,0.001,16,Tanh,100,0.9958181818181818,0.9958194432794151,0.9958181818181818,5.353599400012172
128,0.001,16,Tanh,300,0.9958181818181818,0.9958194432794151,0.9958181818181818,5.2959815000067465
128,0.001,16,Tanh,500,0.9958181818181818,0.9958194432794151,0.9958181818181818,5.2680986000050325
128,0.001,16,Tanh,1000,0.9958181818181818,0.9958194432794151,0.9958181818181818,5.449213300002157
128,0.001,16,Sigmoid,50,0.9929090909090909,0.9929133471724491,0.992909090909091,8.178041599996504
128,0.001,16,Sigmoid,100,0.9929090909090909,0.9929133471724491,0.992909090909091,8.279237900002045
128,0.001,16,Sigmoid,300,0.9929090909090909,0.9929133471724491,0.992909090909091,8.188208899999154
128,0.001,16,Sigmoid,500,0.9929090909090909,0.9929133471724491,0.992909090909091,8.258184100006474
128,0.001,16,Sigmoid,1000,0.9929090909090909,0.9929133471724491,0.992909090909091,8.330609299999196
128,0.001,16,GELU,50,0.9965454545454547,0.9965463416697343,0.9965454545454545,5.392985700003919
128,0.001,16,GELU,100,0.9965454545454547,0.9965463416697343,0.9965454545454545,5.264049600009457
128,0.001,16,GELU,300,0.9965454545454547,0.9965463416697343,0.9965454545454545,5.378423900008784
128,0.001,16,GELU,500,0.9965454545454547,0.9965463416697343,0.9965454545454545,5.312812199990731
128,0.001,16,GELU,1000,0.9965454545454547,0.9965463416697343,0.9965454545454545,5.361269300003187
128,0.001,16,Softmax,50,0.9929090909090909,0.9929133471724491,0.992909090909091,8.140773000006448
128,0.001,16,Softmax,100,0.9929090909090909,0.9929133471724491,0.992909090909091,8.333781499997713
128,0.001,16,Softmax,300,0.9929090909090909,0.9929133471724491,0.992909090909091,8.216184200005955
128,0.001,16,Softmax,500,0.9929090909090909,0.9929133471724491,0.992909090909091,8.258342100001755
128,0.001,16,Softmax,1000,0.9929090909090909,0.9929133471724491,0.992909090909091,8.490401699993527
128,0.001,32,ReLU,50,0.9943636363636362,0.9943632492558149,0.9943636363636363,3.408148300004541
128,0.001,32,ReLU,100,0.9943636363636362,0.9943632492558149,0.9943636363636363,3.4759364999918034
128,0.001,32,ReLU,300,0.9943636363636362,0.9943632492558149,0.9943636363636363,3.413384799991036
128,0.001,32,ReLU,500,0.9943636363636362,0.9943632492558149,0.9943636363636363,3.4422110000014072
128,0.001,32,ReLU,1000,0.9943636363636362,0.9943632492558149,0.9943636363636363,3.5201654999982566
128,0.001,32,Tanh,50,0.9952727272727272,0.9952715653652888,0.9952727272727273,3.375993699999526
128,0.001,32,Tanh,100,0.9952727272727272,0.9952715653652888,0.9952727272727273,3.5056706000032136
128,0.001,32,Tanh,300,0.9952727272727272,0.9952715653652888,0.9952727272727273,3.4499595999950543
128,0.001,32,Tanh,500,0.9952727272727272,0.9952715653652888,0.9952727272727273,3.4071346999990055
128,0.001,32,Tanh,1000,0.9952727272727272,0.9952715653652888,0.9952727272727273,3.3854348000022583
128,0.001,32,Sigmoid,50,0.9910909090909091,0.9910908311665583,0.9910909090909091,4.948032200001762
128,0.001,32,Sigmoid,100,0.9910909090909091,0.9910908311665583,0.9910909090909091,5.448349800004507
128,0.001,32,Sigmoid,300,0.9910909090909091,0.9910908311665583,0.9910909090909091,5.481453500004136
128,0.001,32,Sigmoid,500,0.9910909090909091,0.9910908311665583,0.9910909090909091,5.419321099994704
128,0.001,32,Sigmoid,1000,0.9910909090909091,0.9910908311665583,0.9910909090909091,5.476869200007059
128,0.001,32,GELU,50,0.9943636363636362,0.9943632492558149,0.9943636363636363,3.3769522000075085
128,0.001,32,GELU,100,0.9943636363636362,0.9943632492558149,0.9943636363636363,3.510341099987272
128,0.001,32,GELU,300,0.9943636363636362,0.9943632492558149,0.9943636363636363,3.4707187000021804
128,0.001,32,GELU,500,0.9943636363636362,0.9943632492558149,0.9943636363636363,3.4241325999901164
128,0.001,32,GELU,1000,0.9943636363636362,0.9943632492558149,0.9943636363636363,3.3796613999875262
128,0.001,32,Softmax,50,0.9910909090909091,0.9910908311665583,0.9910909090909091,4.907250099990051
128,0.001,32,Softmax,100,0.9910909090909091,0.9910908311665583,0.9910909090909091,5.473191199998837
128,0.001,32,Softmax,300,0.9910909090909091,0.9910908311665583,0.9910909090909091,5.508331099990755
128,0.001,32,Softmax,500,0.9910909090909091,0.9910908311665583,0.9910909090909091,5.418378799993661
128,0.001,32,Softmax,1000,0.9910909090909091,0.9910908311665583,0.9910909090909091,5.4510635000042384
128,0.001,64,ReLU,50,0.995090909090909,0.995090881828824,0.9950909090909091,2.6990262000035727
128,0.001,64,ReLU,100,0.995090909090909,0.995090881828824,0.9950909090909091,2.7732914999942295
128,0.001,64,ReLU,300,0.995090909090909,0.995090881828824,0.9950909090909091,2.743874300009338
128,0.001,64,ReLU,500,0.995090909090909,0.995090881828824,0.9950909090909091,2.742834999997285
128,0.001,64,ReLU,1000,0.995090909090909,0.995090881828824,0.9950909090909091,2.7465605000033975
128,0.001,64,Tanh,50,0.9950909090909089,0.9950930284135091,0.9950909090909091,3.040871099990909
128,0.001,64,Tanh,100,0.9950909090909089,0.9950930284135091,0.9950909090909091,3.0057361999934074
128,0.001,64,Tanh,300,0.9950909090909089,0.9950930284135091,0.9950909090909091,2.946550100008608
128,0.001,64,Tanh,500,0.9950909090909089,0.9950930284135091,0.9950909090909091,2.9698797000019113
128,0.001,64,Tanh,1000,0.9950909090909089,0.9950930284135091,0.9950909090909091,2.986961299990071
128,0.001,64,Sigmoid,50,0.9863636363636363,0.9863548674896088,0.9863636363636363,3.1391268000006676
128,0.001,64,Sigmoid,100,0.9865454545454546,0.9865382059890652,0.9865454545454545,4.119397800008301
128,0.001,64,Sigmoid,300,0.9865454545454546,0.9865382059890652,0.9865454545454545,4.138229699994554
128,0.001,64,Sigmoid,500,0.9865454545454546,0.9865382059890652,0.9865454545454545,4.11465189998853
128,0.001,64,Sigmoid,1000,0.9865454545454546,0.9865382059890652,0.9865454545454545,4.119088300009025
128,0.001,64,GELU,50,0.995090909090909,0.995090881828824,0.9950909090909091,2.6566668000014033
128,0.001,64,GELU,100,0.995090909090909,0.995090881828824,0.9950909090909091,2.6990164000017103
128,0.001,64,GELU,300,0.995090909090909,0.995090881828824,0.9950909090909091,2.765207999997074
128,0.001,64,GELU,500,0.995090909090909,0.995090881828824,0.9950909090909091,2.7056350000057137
128,0.001,64,GELU,1000,0.995090909090909,0.995090881828824,0.9950909090909091,2.7001236000069184
128,0.001,64,Softmax,50,0.9863636363636363,0.9863548674896088,0.9863636363636363,3.162895600005868
128,0.001,64,Softmax,100,0.9865454545454546,0.9865382059890652,0.9865454545454545,4.11205229999905
128,0.001,64,Softmax,300,0.9865454545454546,0.9865382059890652,0.9865454545454545,4.139194899995346
128,0.001,64,Softmax,500,0.9865454545454546,0.9865382059890652,0.9865454545454545,4.1036717999959365
128,0.001,64,Softmax,1000,0.9865454545454546,0.9865382059890652,0.9865454545454545,4.007459200001904
128,0.001,128,ReLU,50,0.9923636363636364,0.992363846724599,0.9923636363636363,2.096451400007936
128,0.001,128,ReLU,100,0.9923636363636364,0.992363846724599,0.9923636363636363,2.561572899998282
128,0.001,128,ReLU,300,0.9923636363636364,0.992363846724599,0.9923636363636363,2.5830131999973673
128,0.001,128,ReLU,500,0.9923636363636364,0.992363846724599,0.9923636363636363,2.4317341999994824
128,0.001,128,ReLU,1000,0.9923636363636364,0.992363846724599,0.9923636363636363,2.56977280000865
128,0.001,128,Tanh,50,0.9910909090909091,0.9910902756667589,0.9910909090909091,2.077586900006281
128,0.001,128,Tanh,100,0.9910909090909091,0.9910902756667589,0.9910909090909091,2.3354122000018833
128,0.001,128,Tanh,300,0.9910909090909091,0.9910902756667589,0.9910909090909091,2.359458499995526
128,0.001,128,Tanh,500,0.9910909090909091,0.9910902756667589,0.9910909090909091,2.2939588999870466
128,0.001,128,Tanh,1000,0.9910909090909091,0.9910902756667589,0.9910909090909091,2.3647278000134975
128,0.001,128,Sigmoid,50,0.9810909090909091,0.9810768000368643,0.9810909090909091,2.2852394999936223
128,0.001,128,Sigmoid,100,0.9823636363636364,0.9823477063361529,0.9823636363636363,3.1951649999973597
128,0.001,128,Sigmoid,300,0.9823636363636364,0.9823477063361529,0.9823636363636363,2.9826490999985253
128,0.001,128,Sigmoid,500,0.9823636363636364,0.9823477063361529,0.9823636363636363,3.1994065000035334
128,0.001,128,Sigmoid,1000,0.9823636363636364,0.9823477063361529,0.9823636363636363,3.123105700011365
128,0.001,128,GELU,50,0.9923636363636364,0.992363846724599,0.9923636363636363,2.106191200000467
128,0.001,128,GELU,100,0.9923636363636364,0.992363846724599,0.9923636363636363,2.5177250999986427
128,0.001,128,GELU,300,0.9923636363636364,0.992363846724599,0.9923636363636363,2.589926300002844
128,0.001,128,GELU,500,0.9923636363636364,0.992363846724599,0.9923636363636363,2.5182182999997167
128,0.001,128,GELU,1000,0.9923636363636364,0.992363846724599,0.9923636363636363,2.5444810000044527
128,0.001,128,Softmax,50,0.9810909090909091,0.9810768000368643,0.9810909090909091,2.295014799994533
128,0.001,128,Softmax,100,0.9823636363636364,0.9823477063361529,0.9823636363636363,3.1922212000063155
128,0.001,128,Softmax,300,0.9823636363636364,0.9823477063361529,0.9823636363636363,3.01508310000645
128,0.001,128,Softmax,500,0.9823636363636364,0.9823477063361529,0.9823636363636363,3.0882185000082245
128,0.001,128,Softmax,1000,0.9823636363636364,0.9823477063361529,0.9823636363636363,3.0711423000029754
128,0.0001,8,ReLU,50,0.991090909090909,0.9910937610138749,0.9910909090909091,15.258368099996005
128,0.0001,8,ReLU,100,0.9912727272727273,0.9912755717411096,0.9912727272727273,18.978185600004508
128,0.0001,8,ReLU,300,0.9912727272727273,0.9912755717411096,0.9912727272727273,19.075178200000664
128,0.0001,8,ReLU,500,0.9912727272727273,0.9912755717411096,0.9912727272727273,19.133510999992723
128,0.0001,8,ReLU,1000,0.9912727272727273,0.9912755717411096,0.9912727272727273,19.504328299997724
128,0.0001,8,Tanh,50,0.9919999999999999,0.9920034147870141,0.992,14.754310600008466
128,0.0001,8,Tanh,100,0.9918181818181818,0.9918217782417412,0.9918181818181818,18.426793999999063
128,0.0001,8,Tanh,300,0.9918181818181818,0.9918217782417412,0.9918181818181818,17.994570700000622
128,0.0001,8,Tanh,500,0.9918181818181818,0.9918217782417412,0.9918181818181818,18.10960409999825
128,0.0001,8,Tanh,1000,0.9918181818181818,0.9918217782417412,0.9918181818181818,18.022629300001427
128,0.0001,8,Sigmoid,50,0.978909090909091,0.9789264857998632,0.978909090909091,14.922428400008357
128,0.0001,8,Sigmoid,100,0.9821818181818182,0.9821929141073359,0.9821818181818182,24.04246399999829
128,0.0001,8,Sigmoid,300,0.9821818181818182,0.9821929141073359,0.9821818181818182,24.109592399996473
128,0.0001,8,Sigmoid,500,0.9821818181818182,0.9821929141073359,0.9821818181818182,23.992550399998436
128,0.0001,8,Sigmoid,1000,0.9821818181818182,0.9821929141073359,0.9821818181818182,24.001255199997104
128,0.0001,8,GELU,50,0.991090909090909,0.9910937610138749,0.9910909090909091,14.659450299994205
128,0.0001,8,GELU,100,0.9912727272727273,0.9912755717411096,0.9912727272727273,19.07259409999824
128,0.0001,8,GELU,300,0.9912727272727273,0.9912755717411096,0.9912727272727273,19.288197700007004
128,0.0001,8,GELU,500,0.9912727272727273,0.9912755717411096,0.9912727272727273,19.116983800005983
128,0.0001,8,GELU,1000,0.9912727272727273,0.9912755717411096,0.9912727272727273,19.211428599999635
128,0.0001,8,Softmax,50,0.978909090909091,0.9789264857998632,0.978909090909091,15.327444000009564
128,0.0001,8,Softmax,100,0.9821818181818182,0.9821929141073359,0.9821818181818182,24.213060800000676
128,0.0001,8,Softmax,300,0.9821818181818182,0.9821929141073359,0.9821818181818182,23.870206999999937
128,0.0001,8,Softmax,500,0.9821818181818182,0.9821929141073359,0.9821818181818182,23.74296139999933
128,0.0001,8,Softmax,1000,0.9821818181818182,0.9821929141073359,0.9821818181818182,24.040638899998157
128,0.0001,16,ReLU,50,0.989090909090909,0.9890947628618169,0.9890909090909091,8.203386900000623
128,0.0001,16,ReLU,100,0.9901818181818182,0.9901845621174942,0.9901818181818182,13.530267299996922
128,0.0001,16,ReLU,300,0.9901818181818182,0.9901845621174942,0.9901818181818182,13.28628500000923
128,0.0001,16,ReLU,500,0.9901818181818182,0.9901845621174942,0.9901818181818182,13.446707299997797
128,0.0001,16,ReLU,1000,0.9901818181818182,0.9901845621174942,0.9901818181818182,13.255447699993965
128,0.0001,16,Tanh,50,0.9894545454545455,0.9894632187649272,0.9894545454545455,8.226790300002904
128,0.0001,16,Tanh,100,0.9896363636363635,0.9896443143885921,0.9896363636363636,11.989513599997736
128,0.0001,16,Tanh,300,0.9896363636363635,0.9896443143885921,0.9896363636363636,11.928990300002624
128,0.0001,16,Tanh,500,0.9896363636363635,0.9896443143885921,0.9896363636363636,11.792144399994868
128,0.0001,16,Tanh,1000,0.9896363636363635,0.9896443143885921,0.9896363636363636,11.82019759999821
128,0.0001,16,Sigmoid,50,0.9690909090909091,0.9691084570614961,0.9690909090909091,8.33766380000452
128,0.0001,16,Sigmoid,100,0.9738181818181816,0.9738209371671531,0.9738181818181818,13.779891400001361
128,0.0001,16,Sigmoid,300,0.9738181818181816,0.9738209371671531,0.9738181818181818,13.534206399999675
128,0.0001,16,Sigmoid,500,0.9738181818181816,0.9738209371671531,0.9738181818181818,13.895409999997355
128,0.0001,16,Sigmoid,1000,0.9738181818181816,0.9738209371671531,0.9738181818181818,14.061132300004829
128,0.0001,16,GELU,50,0.989090909090909,0.9890947628618169,0.9890909090909091,8.226167100001476
128,0.0001,16,GELU,100,0.9901818181818182,0.9901845621174942,0.9901818181818182,13.48218090001319
128,0.0001,16,GELU,300,0.9901818181818182,0.9901845621174942,0.9901818181818182,13.497128899995005
128,0.0001,16,GELU,500,0.9901818181818182,0.9901845621174942,0.9901818181818182,13.399739699991187
128,0.0001,16,GELU,1000,0.9901818181818182,0.9901845621174942,0.9901818181818182,13.172385800004122
128,0.0001,16,Softmax,50,0.9690909090909091,0.9691084570614961,0.9690909090909091,8.414545199993881
128,0.0001,16,Softmax,100,0.9738181818181816,0.9738209371671531,0.9738181818181818,13.869468300006702
128,0.0001,16,Softmax,300,0.9738181818181816,0.9738209371671531,0.9738181818181818,13.94733460000134
128,0.0001,16,Softmax,500,0.9738181818181816,0.9738209371671531,0.9738181818181818,13.991343799993047
128,0.0001,16,Softmax,1000,0.9738181818181816,0.9738209371671531,0.9738181818181818,13.762500600001658
128,0.0001,32,ReLU,50,0.9823636363636363,0.9823399700214943,0.9823636363636363,4.77653800000553
128,0.0001,32,ReLU,100,0.9860000000000002,0.9859851183452197,0.986,7.800636400002986
128,0.0001,32,ReLU,300,0.9860000000000002,0.9859851183452197,0.986,7.866315899998881
128,0.0001,32,ReLU,500,0.9860000000000002,0.9859851183452197,0.986,7.729026899993187
128,0.0001,32,ReLU,1000,0.9860000000000002,0.9859851183452197,0.986,7.581590400004643
128,0.0001,32,Tanh,50,0.9785454545454545,0.9785274070414357,0.9785454545454545,4.7750382000085665
128,0.0001,32,Tanh,100,0.9803636363636364,0.9803475825218416,0.9803636363636363,6.489344500005245
128,0.0001,32,Tanh,300,0.9803636363636364,0.9803475825218416,0.9803636363636363,6.64083559998835
128,0.0001,32,Tanh,500,0.9803636363636364,0.9803475825218416,0.9803636363636363,6.481395599999814
128,0.0001,32,Tanh,1000,0.9803636363636364,0.9803475825218416,0.9803636363636363,6.579533900003298
128,0.0001,32,Sigmoid,50,0.9514545454545456,0.9514197548075791,0.9514545454545454,4.990940400006366
128,0.0001,32,Sigmoid,100,0.9674545454545455,0.9674588066585237,0.9674545454545455,9.199258199994802
128,0.0001,32,Sigmoid,300,0.9676363636363635,0.9676411180188675,0.9676363636363636,10.130779099999927
128,0.0001,32,Sigmoid,500,0.9676363636363635,0.9676411180188675,0.9676363636363636,10.122529700005543
128,0.0001,32,Sigmoid,1000,0.9676363636363635,0.9676411180188675,0.9676363636363636,10.214445400008117
128,0.0001,32,GELU,50,0.9823636363636363,0.9823399700214943,0.9823636363636363,4.793077299997094
128,0.0001,32,GELU,100,0.9860000000000002,0.9859851183452197,0.986,7.69399759999942
128,0.0001,32,GELU,300,0.9860000000000002,0.9859851183452197,0.986,7.795204400012153
128,0.0001,32,GELU,500,0.9860000000000002,0.9859851183452197,0.986,7.828322399989702
128,0.0001,32,GELU,1000,0.9860000000000002,0.9859851183452197,0.986,7.971132299993769
128,0.0001,32,Softmax,50,0.9514545454545456,0.9514197548075791,0.9514545454545454,4.975143799994839
128,0.0001,32,Softmax,100,0.9674545454545455,0.9674588066585237,0.9674545454545455,9.256701999998768
128,0.0001,32,Softmax,300,0.9676363636363635,0.9676411180188675,0.9676363636363636,10.270053399988683
128,0.0001,32,Softmax,500,0.9676363636363635,0.9676411180188675,0.9676363636363636,10.164055600005668
128,0.0001,32,Softmax,1000,0.9676363636363635,0.9676411180188675,0.9676363636363636,10.255722500005504
128,0.0001,64,ReLU,50,0.9725454545454546,0.972518277266444,0.9725454545454545,3.0143981000001077
128,0.0001,64,ReLU,100,0.977090909090909,0.9770606797161787,0.9770909090909091,5.3535397999949055
128,0.0001,64,ReLU,300,0.977090909090909,0.9770606797161787,0.9770909090909091,5.437573000002885
128,0.0001,64,ReLU,500,0.977090909090909,0.9770606797161787,0.9770909090909091,5.685872699992615
128,0.0001,64,ReLU,1000,0.977090909090909,0.9770606797161787,0.9770909090909091,5.462125299993204
128,0.0001,64,Tanh,50,0.970909090909091,0.970878472138989,0.9709090909090909,3.091212200000882
128,0.0001,64,Tanh,100,0.9736363636363637,0.9736185225407471,0.9736363636363636,5.409091299996362
128,0.0001,64,Tanh,300,0.9738181818181818,0.9738037334918114,0.9738181818181818,6.423021900001913
128,0.0001,64,Tanh,500,0.9738181818181818,0.9738037334918114,0.9738181818181818,6.565035899999202
128,0.0001,64,Tanh,1000,0.9738181818181818,0.9738037334918114,0.9738181818181818,6.47336850001011
128,0.0001,64,Sigmoid,50,0.9001818181818181,0.8988298631719278,0.9001818181818182,3.2185865999927046
128,0.0001,64,Sigmoid,100,0.9561818181818182,0.9561370427069086,0.9561818181818181,6.297434899999644
128,0.0001,64,Sigmoid,300,0.9621818181818181,0.9621524738779786,0.9621818181818181,8.680598699997063
128,0.0001,64,Sigmoid,500,0.9621818181818181,0.9621524738779786,0.9621818181818181,8.733052800002042
128,0.0001,64,Sigmoid,1000,0.9621818181818181,0.9621524738779786,0.9621818181818181,8.659401199998683
128,0.0001,64,GELU,50,0.9725454545454546,0.972518277266444,0.9725454545454545,3.0118228000064846
128,0.0001,64,GELU,100,0.977090909090909,0.9770606797161787,0.9770909090909091,5.352375600006781
128,0.0001,64,GELU,300,0.977090909090909,0.9770606797161787,0.9770909090909091,5.651795599987963
128,0.0001,64,GELU,500,0.977090909090909,0.9770606797161787,0.9770909090909091,5.449635600001784
128,0.0001,64,GELU,1000,0.977090909090909,0.9770606797161787,0.9770909090909091,5.476562299998477
128,0.0001,64,Softmax,50,0.9001818181818181,0.8988298631719278,0.9001818181818182,3.2404424999986077
128,0.0001,64,Softmax,100,0.9561818181818182,0.9561370427069086,0.9561818181818181,6.321013100008713
128,0.0001,64,Softmax,300,0.9621818181818181,0.9621524738779786,0.9621818181818181,8.528471899990109
128,0.0001,64,Softmax,500,0.9621818181818181,0.9621524738779786,0.9621818181818181,8.46135320000758
128,0.0001,64,Softmax,1000,0.9621818181818181,0.9621524738779786,0.9621818181818181,8.730189599998994
128,0.0001,128,ReLU,50,0.9527272727272728,0.9525403375086434,0.9527272727272728,2.096900000004098
128,0.0001,128,ReLU,100,0.9705454545454546,0.9705073211805417,0.9705454545454546,3.9597633999946993
128,0.0001,128,ReLU,300,0.9714545454545455,0.9714144126830953,0.9714545454545455,4.646461999989697
128,0.0001,128,ReLU,500,0.9714545454545455,0.9714144126830953,0.9714545454545455,4.579268000001321
128,0.0001,128,ReLU,1000,0.9714545454545455,0.9714144126830953,0.9714545454545455,4.5268273999972735
128,0.0001,128,Tanh,50,0.9592727272727273,0.9591745535279771,0.9592727272727273,2.2358722999924794
128,0.0001,128,Tanh,100,0.963090909090909,0.9630189188723178,0.9630909090909091,3.793936100002611
128,0.0001,128,Tanh,300,0.963090909090909,0.9630189188723178,0.9630909090909091,3.884502999993856
128,0.0001,128,Tanh,500,0.963090909090909,0.9630189188723178,0.9630909090909091,3.9683737000013934
128,0.0001,128,Tanh,1000,0.963090909090909,0.9630189188723178,0.9630909090909091,3.822558300002129
128,0.0001,128,Sigmoid,50,0.8023636363636363,0.7951045406258072,0.8023636363636364,2.306365899989032
128,0.0001,128,Sigmoid,100,0.920909090909091,0.9202127490512254,0.9209090909090909,4.50808159999724
128,0.0001,128,Sigmoid,300,0.9552727272727272,0.955243826087186,0.9552727272727273,8.454967400000896
128,0.0001,128,Sigmoid,500,0.9552727272727272,0.955243826087186,0.9552727272727273,8.459696999998414
128,0.0001,128,Sigmoid,1000,0.9552727272727272,0.955243826087186,0.9552727272727273,8.33713980000175
128,0.0001,128,GELU,50,0.9527272727272728,0.9525403375086434,0.9527272727272728,2.1504905999900075
128,0.0001,128,GELU,100,0.9705454545454546,0.9705073211805417,0.9705454545454546,3.9851523999968776
128,0.0001,128,GELU,300,0.9714545454545455,0.9714144126830953,0.9714545454545455,4.600097000002279
128,0.0001,128,GELU,500,0.9714545454545455,0.9714144126830953,0.9714545454545455,4.714356800002861
128,0.0001,128,GELU,1000,0.9714545454545455,0.9714144126830953,0.9714545454545455,4.6521858000051
128,0.0001,128,Softmax,50,0.8023636363636363,0.7951045406258072,0.8023636363636364,2.3219348000129685
128,0.0001,128,Softmax,100,0.920909090909091,0.9202127490512254,0.9209090909090909,4.49713519999932
128,0.0001,128,Softmax,300,0.9552727272727272,0.955243826087186,0.9552727272727273,8.448092499995255
128,0.0001,128,Softmax,500,0.9552727272727272,0.955243826087186,0.9552727272727273,8.430738099996233
128,0.0001,128,Softmax,1000,0.9552727272727272,0.955243826087186,0.9552727272727273,8.566625799998292
128,0.00025,8,ReLU,50,0.995090909090909,0.9950908365265655,0.9950909090909091,12.418678200003342
128,0.00025,8,ReLU,100,0.995090909090909,0.9950908365265655,0.9950909090909091,12.51749359999667
128,0.00025,8,ReLU,300,0.995090909090909,0.9950908365265655,0.9950909090909091,12.365272299997741
128,0.00025,8,ReLU,500,0.995090909090909,0.9950908365265655,0.9950909090909091,12.644256400002632
128,0.00025,8,ReLU,1000,0.995090909090909,0.9950908365265655,0.9950909090909091,12.548613699997077
128,0.00025,8,Tanh,50,0.9947272727272726,0.9947311622456799,0.9947272727272727,12.651366999998572
128,0.00025,8,Tanh,100,0.9947272727272726,0.9947311622456799,0.9947272727272727,12.659628900000826
128,0.00025,8,Tanh,300,0.9947272727272726,0.9947311622456799,0.9947272727272727,12.839580999992904
128,0.00025,8,Tanh,500,0.9947272727272726,0.9947311622456799,0.9947272727272727,12.50224070000695
128,0.00025,8,Tanh,1000,0.9947272727272726,0.9947311622456799,0.9947272727272727,12.758467999999993
128,0.00025,8,Sigmoid,50,0.9872727272727272,0.9872760654279253,0.9872727272727273,14.891696300008334
128,0.00025,8,Sigmoid,100,0.9872727272727272,0.9872760654279253,0.9872727272727273,16.53000780000002
128,0.00025,8,Sigmoid,300,0.9872727272727272,0.9872760654279253,0.9872727272727273,16.423302000010153
128,0.00025,8,Sigmoid,500,0.9872727272727272,0.9872760654279253,0.9872727272727273,16.336087599993334
128,0.00025,8,Sigmoid,1000,0.9872727272727272,0.9872760654279253,0.9872727272727273,16.37161550000019
128,0.00025,8,GELU,50,0.995090909090909,0.9950908365265655,0.9950909090909091,12.549985499994364
128,0.00025,8,GELU,100,0.995090909090909,0.9950908365265655,0.9950909090909091,12.469291799992789
128,0.00025,8,GELU,300,0.995090909090909,0.9950908365265655,0.9950909090909091,12.439247999995132
128,0.00025,8,GELU,500,0.995090909090909,0.9950908365265655,0.9950909090909091,12.471534600001178
128,0.00025,8,GELU,1000,0.995090909090909,0.9950908365265655,0.9950909090909091,12.47943259999738
128,0.00025,8,Softmax,50,0.9872727272727272,0.9872760654279253,0.9872727272727273,15.099137299999711
128,0.00025,8,Softmax,100,0.9872727272727272,0.9872760654279253,0.9872727272727273,16.568421899995883
128,0.00025,8,Softmax,300,0.9872727272727272,0.9872760654279253,0.9872727272727273,16.508097400001134
128,0.00025,8,Softmax,500,0.9872727272727272,0.9872760654279253,0.9872727272727273,16.516863199998625
128,0.00025,8,Softmax,1000,0.9872727272727272,0.9872760654279253,0.9872727272727273,16.401475599996047
128,0.00025,16,ReLU,50,0.9918181818181818,0.9918194903580169,0.9918181818181818,7.998587699999916
128,0.00025,16,ReLU,100,0.9918181818181818,0.9918194903580169,0.9918181818181818,8.816247199996724
128,0.00025,16,ReLU,300,0.9918181818181818,0.9918194903580169,0.9918181818181818,8.473915900001884
128,0.00025,16,ReLU,500,0.9918181818181818,0.9918194903580169,0.9918181818181818,8.66419140000653
128,0.00025,16,ReLU,1000,0.9918181818181818,0.9918194903580169,0.9918181818181818,8.541314200003399
128,0.00025,16,Tanh,50,0.9947272727272726,0.9947277842452089,0.9947272727272727,8.169010600002366
128,0.00025,16,Tanh,100,0.9947272727272726,0.9947277842452089,0.9947272727272727,8.67571009999665
128,0.00025,16,Tanh,300,0.9947272727272726,0.9947277842452089,0.9947272727272727,8.710982200005674
128,0.00025,16,Tanh,500,0.9947272727272726,0.9947277842452089,0.9947272727272727,8.686532100007753
128,0.00025,16,Tanh,1000,0.9947272727272726,0.9947277842452089,0.9947272727272727,8.697813799997675
128,0.00025,16,Sigmoid,50,0.986,0.9860026793315124,0.986,8.445317000005161
128,0.00025,16,Sigmoid,100,0.987090909090909,0.9870930929793907,0.9870909090909091,12.387791500004823
128,0.00025,16,Sigmoid,300,0.987090909090909,0.9870930929793907,0.9870909090909091,12.186951900002896
128,0.00025,16,Sigmoid,500,0.987090909090909,0.9870930929793907,0.9870909090909091,12.593764099990949
128,0.00025,16,Sigmoid,1000,0.987090909090909,0.9870930929793907,0.9870909090909091,12.634739500004798
128,0.00025,16,GELU,50,0.9918181818181818,0.9918194903580169,0.9918181818181818,7.981072199996561
128,0.00025,16,GELU,100,0.9918181818181818,0.9918194903580169,0.9918181818181818,8.603410600000643
128,0.00025,16,GELU,300,0.9918181818181818,0.9918194903580169,0.9918181818181818,8.450939000002109
128,0.00025,16,GELU,500,0.9918181818181818,0.9918194903580169,0.9918181818181818,8.655449400001089
128,0.00025,16,GELU,1000,0.9918181818181818,0.9918194903580169,0.9918181818181818,8.683527400004095
128,0.00025,16,Softmax,50,0.986,0.9860026793315124,0.986,8.509975199995097
128,0.00025,16,Softmax,100,0.987090909090909,0.9870930929793907,0.9870909090909091,12.52227899999707
128,0.00025,16,Softmax,300,0.987090909090909,0.9870930929793907,0.9870909090909091,12.473173700011102
128,0.00025,16,Softmax,500,0.987090909090909,0.9870930929793907,0.9870909090909091,12.435943999997107
128,0.00025,16,Softmax,1000,0.987090909090909,0.9870930929793907,0.9870909090909091,12.407494600003702
128,0.00025,32,ReLU,50,0.9914545454545454,0.991455689378781,0.9914545454545455,4.794642399996519
128,0.00025,32,ReLU,100,0.9916363636363635,0.9916367732696127,0.9916363636363636,6.289712400001008
128,0.00025,32,ReLU,300,0.9916363636363635,0.9916367732696127,0.9916363636363636,5.9981308999995235
128,0.00025,32,ReLU,500,0.9916363636363635,0.9916367732696127,0.9916363636363636,6.157636999996612
128,0.00025,32,ReLU,1000,0.9916363636363635,0.9916367732696127,0.9916363636363636,6.180463500000769
128,0.00025,32,Tanh,50,0.9936363636363638,0.9936353799912152,0.9936363636363637,4.815736499993363
128,0.00025,32,Tanh,100,0.9936363636363638,0.9936355574524707,0.9936363636363637,5.996339800010901
128,0.00025,32,Tanh,300,0.9936363636363638,0.9936355574524707,0.9936363636363637,5.960439699993003
128,0.00025,32,Tanh,500,0.9936363636363638,0.9936355574524707,0.9936363636363637,5.995638599997619
128,0.00025,32,Tanh,1000,0.9936363636363638,0.9936355574524707,0.9936363636363637,6.026467599993339
128,0.00025,32,Sigmoid,50,0.9785454545454545,0.9785406726907747,0.9785454545454545,5.024119399997289
128,0.00025,32,Sigmoid,100,0.9820000000000001,0.9819861167442798,0.982,7.645420400003786
128,0.00025,32,Sigmoid,300,0.9820000000000001,0.9819861167442798,0.982,7.783705900001223
128,0.00025,32,Sigmoid,500,0.9820000000000001,0.9819861167442798,0.982,7.709649900003569
128,0.00025,32,Sigmoid,1000,0.9820000000000001,0.9819861167442798,0.982,7.775905699993018
128,0.00025,32,GELU,50,0.9914545454545454,0.991455689378781,0.9914545454545455,4.823900300005334
128,0.00025,32,GELU,100,0.9916363636363635,0.9916367732696127,0.9916363636363636,6.142841400011093
128,0.00025,32,GELU,300,0.9916363636363635,0.9916367732696127,0.9916363636363636,6.261559899998247
128,0.00025,32,GELU,500,0.9916363636363635,0.9916367732696127,0.9916363636363636,6.297516500009806
128,0.00025,32,GELU,1000,0.9916363636363635,0.9916367732696127,0.9916363636363636,6.150910700001987
128,0.00025,32,Softmax,50,0.9785454545454545,0.9785406726907747,0.9785454545454545,5.027660899999319
128,0.00025,32,Softmax,100,0.9820000000000001,0.9819861167442798,0.982,7.6252444999990985
128,0.00025,32,Softmax,300,0.9820000000000001,0.9819861167442798,0.982,7.655661600001622
128,0.00025,32,Softmax,500,0.9820000000000001,0.9819861167442798,0.982,7.603862500007381
128,0.00025,32,Softmax,1000,0.9820000000000001,0.9819861167442798,0.982,7.471721300011268
128,0.00025,64,ReLU,50,0.9874545454545456,0.9874498941355786,0.9874545454545455,2.987968000001274
128,0.00025,64,ReLU,100,0.9905454545454545,0.9905459418149664,0.9905454545454545,5.078237199995783
128,0.00025,64,ReLU,300,0.9905454545454545,0.9905459418149664,0.9905454545454545,4.957255400004215
128,0.00025,64,ReLU,500,0.9905454545454545,0.9905459418149664,0.9905454545454545,5.079339599993546
128,0.00025,64,ReLU,1000,0.9905454545454545,0.9905459418149664,0.9905454545454545,4.993169000008493
128,0.00025,64,Tanh,50,0.9829090909090911,0.9828930117276271,0.982909090909091,3.0785624999989523
128,0.00025,64,Tanh,100,0.9832727272727272,0.9832586747727159,0.9832727272727273,3.697401899989927
128,0.00025,64,Tanh,300,0.9832727272727272,0.9832586747727159,0.9832727272727273,3.731466500001261
128,0.00025,64,Tanh,500,0.9832727272727272,0.9832586747727159,0.9832727272727273,3.6952970000129426
128,0.00025,64,Tanh,1000,0.9832727272727272,0.9832586747727159,0.9832727272727273,3.753604400000768
128,0.00025,64,Sigmoid,50,0.9660000000000001,0.9659916539666494,0.966,3.3647203000000445
128,0.00025,64,Sigmoid,100,0.9732727272727271,0.9732583623694325,0.9732727272727273,5.956350500011467
128,0.00025,64,Sigmoid,300,0.9732727272727271,0.9732583623694325,0.9732727272727273,6.349288000012166
128,0.00025,64,Sigmoid,500,0.9732727272727271,0.9732583623694325,0.9732727272727273,6.294839099995443
128,0.00025,64,Sigmoid,1000,0.9732727272727271,0.9732583623694325,0.9732727272727273,6.385180299999774
128,0.00025,64,GELU,50,0.9874545454545456,0.9874498941355786,0.9874545454545455,3.0963598000089405
128,0.00025,64,GELU,100,0.9905454545454545,0.9905459418149664,0.9905454545454545,5.0163248000026215
128,0.00025,64,GELU,300,0.9905454545454545,0.9905459418149664,0.9905454545454545,4.960484399998677
128,0.00025,64,GELU,500,0.9905454545454545,0.9905459418149664,0.9905454545454545,4.897000800003298
128,0.00025,64,GELU,1000,0.9905454545454545,0.9905459418149664,0.9905454545454545,5.0490696000051685
128,0.00025,64,Softmax,50,0.9660000000000001,0.9659916539666494,0.966,3.2274239000107627
128,0.00025,64,Softmax,100,0.9732727272727271,0.9732583623694325,0.9732727272727273,5.834448699999484
128,0.00025,64,Softmax,300,0.9732727272727271,0.9732583623694325,0.9732727272727273,6.329356899994309
128,0.00025,64,Softmax,500,0.9732727272727271,0.9732583623694325,0.9732727272727273,6.382138499990106
128,0.00025,64,Softmax,1000,0.9732727272727271,0.9732583623694325,0.9732727272727273,6.265760399997816
128,0.00025,128,ReLU,50,0.9770909090909092,0.9770780875092026,0.9770909090909091,2.1783320999966236
128,0.00025,128,ReLU,100,0.979090909090909,0.9790771228375064,0.9790909090909091,3.02656769999885
128,0.00025,128,ReLU,300,0.979090909090909,0.9790771228375064,0.9790909090909091,3.04268189999857
128,0.00025,128,ReLU,500,0.979090909090909,0.9790771228375064,0.9790909090909091,3.0720080000028247
128,0.00025,128,ReLU,1000,0.979090909090909,0.9790771228375064,0.9790909090909091,3.0937771999888355
128,0.00025,128,Tanh,50,0.9734545454545455,0.9734116271262796,0.9734545454545455,2.1703678000048967
128,0.00025,128,Tanh,100,0.9754545454545455,0.9754275275873087,0.9754545454545455,3.1042066999943927
128,0.00025,128,Tanh,300,0.9754545454545455,0.9754275275873087,0.9754545454545455,3.1422912999987602
128,0.00025,128,Tanh,500,0.9754545454545455,0.9754275275873087,0.9754545454545455,2.977696499990998
128,0.00025,128,Tanh,1000,0.9754545454545455,0.9754275275873087,0.9754545454545455,3.0950340000126744
128,0.00025,128,Sigmoid,50,0.938,0.9377738499189019,0.938,2.32690279999224
128,0.00025,128,Sigmoid,100,0.9689090909090908,0.9688871798193192,0.9689090909090909,4.513075800001388
128,0.00025,128,Sigmoid,300,0.9698181818181818,0.9697930414077217,0.9698181818181818,5.42554559999553
128,0.00025,128,Sigmoid,500,0.9698181818181818,0.9697930414077217,0.9698181818181818,5.522161900007632
128,0.00025,128,Sigmoid,1000,0.9698181818181818,0.9697930414077217,0.9698181818181818,5.501095100000384
128,0.00025,128,GELU,50,0.9770909090909092,0.9770780875092026,0.9770909090909091,2.1140837000129977
128,0.00025,128,GELU,100,0.979090909090909,0.9790771228375064,0.9790909090909091,3.140397800001665
128,0.00025,128,GELU,300,0.979090909090909,0.9790771228375064,0.9790909090909091,3.0971599999902537
128,0.00025,128,GELU,500,0.979090909090909,0.9790771228375064,0.9790909090909091,3.0898008000076516
128,0.00025,128,GELU,1000,0.979090909090909,0.9790771228375064,0.9790909090909091,3.1412171999982093
128,0.00025,128,Softmax,50,0.938,0.9377738499189019,0.938,2.397106199990958
128,0.00025,128,Softmax,100,0.9689090909090908,0.9688871798193192,0.9689090909090909,4.514141699997708
128,0.00025,128,Softmax,300,0.9698181818181818,0.9697930414077217,0.9698181818181818,5.547304300009273
128,0.00025,128,Softmax,500,0.9698181818181818,0.9697930414077217,0.9698181818181818,5.555138099996839
128,0.00025,128,Softmax,1000,0.9698181818181818,0.9697930414077217,0.9698181818181818,5.41559010000492
