Hidden_Neurons,Learning_Rate,Batch_Size,Activation_Function,Epochs,Balanced_Accuracy,Macro F1 Score,Accuracy,Time(s)
8,0.01,8,ReLU,50,0.6403931707090487,0.693768084418573,0.946153846153846,5.241085999994539
8,0.01,8,ReLU,100,0.6403931707090487,0.693768084418573,0.946153846153846,5.2010905999923125
8,0.01,8,ReLU,300,0.6403931707090487,0.693768084418573,0.946153846153846,5.2490373000036925
8,0.01,8,ReLU,500,0.6403931707090487,0.693768084418573,0.946153846153846,5.252756600006251
8,0.01,8,ReLU,1000,0.6403931707090487,0.693768084418573,0.946153846153846,5.147683999995934
8,0.01,8,Tanh,50,0.577069281715292,0.6367660752672194,0.9395225464190982,4.100355100003071
8,0.01,8,Tanh,100,0.577069281715292,0.6367660752672194,0.9395225464190982,4.23598270000366
8,0.01,8,Tanh,300,0.577069281715292,0.6367660752672194,0.9395225464190982,4.1885914000013145
8,0.01,8,Tanh,500,0.577069281715292,0.6367660752672194,0.9395225464190982,4.15768350000144
8,0.01,8,Tanh,1000,0.577069281715292,0.6367660752672194,0.9395225464190982,3.8651351000007703
8,0.01,8,Sigmoid,50,0.5339671541487991,0.5968729763385676,0.9352785145888596,5.239517299996805
8,0.01,8,Sigmoid,100,0.5339671541487991,0.5968729763385676,0.9352785145888596,5.1536727000057
8,0.01,8,Sigmoid,300,0.5339671541487991,0.5968729763385676,0.9352785145888596,5.175230599998031
8,0.01,8,Sigmoid,500,0.5339671541487991,0.5968729763385676,0.9352785145888596,5.22603920000256
8,0.01,8,Sigmoid,1000,0.5339671541487991,0.5968729763385676,0.9352785145888596,5.253703299997142
8,0.01,8,GELU,50,0.6403931707090487,0.693768084418573,0.946153846153846,5.0811838999943575
8,0.01,8,GELU,100,0.6403931707090487,0.693768084418573,0.946153846153846,5.339894599994295
8,0.01,8,GELU,300,0.6403931707090487,0.693768084418573,0.946153846153846,5.183965700009139
8,0.01,8,GELU,500,0.6403931707090487,0.693768084418573,0.946153846153846,5.237967399996705
8,0.01,8,GELU,1000,0.6403931707090487,0.693768084418573,0.946153846153846,5.247863999989932
8,0.01,8,Softmax,50,0.6403931707090487,0.693768084418573,0.946153846153846,5.184632400007104
8,0.01,8,Softmax,100,0.6403931707090487,0.693768084418573,0.946153846153846,5.083636399998795
8,0.01,8,Softmax,300,0.6403931707090487,0.693768084418573,0.946153846153846,5.233829899996636
8,0.01,8,Softmax,500,0.6403931707090487,0.693768084418573,0.946153846153846,5.238943799995468
8,0.01,8,Softmax,1000,0.6403931707090487,0.693768084418573,0.946153846153846,5.1937387000070885
8,0.01,16,ReLU,50,0.5993646568257863,0.667801733681228,0.946419098143236,3.313996800003224
8,0.01,16,ReLU,100,0.5993646568257863,0.667801733681228,0.946419098143236,3.409343999999692
8,0.01,16,ReLU,300,0.5993646568257863,0.667801733681228,0.946419098143236,3.47416460000386
8,0.01,16,ReLU,500,0.5993646568257863,0.667801733681228,0.946419098143236,3.322500199996284
8,0.01,16,ReLU,1000,0.5993646568257863,0.667801733681228,0.946419098143236,3.617221699998481
8,0.01,16,Tanh,50,0.5501737229553357,0.6174759073440129,0.9392572944297082,2.168449499993585
8,0.01,16,Tanh,100,0.5501737229553357,0.6174759073440129,0.9392572944297082,2.160694700010936
8,0.01,16,Tanh,300,0.5501737229553357,0.6174759073440129,0.9392572944297082,2.236231200004113
8,0.01,16,Tanh,500,0.5501737229553357,0.6174759073440129,0.9392572944297082,2.1588687999901595
8,0.01,16,Tanh,1000,0.5501737229553357,0.6174759073440129,0.9392572944297082,2.2682181999989552
8,0.01,16,Sigmoid,50,0.5699559799316746,0.630933875800875,0.9387267904509284,3.514521799996146
8,0.01,16,Sigmoid,100,0.5697644640837382,0.6298558964456841,0.9381962864721486,4.41513059999852
8,0.01,16,Sigmoid,300,0.5697644640837382,0.6298558964456841,0.9381962864721486,4.4738481999957
8,0.01,16,Sigmoid,500,0.5697644640837382,0.6298558964456841,0.9381962864721486,4.4187100999988616
8,0.01,16,Sigmoid,1000,0.5697644640837382,0.6298558964456841,0.9381962864721486,4.635307000004104
8,0.01,16,GELU,50,0.5993646568257863,0.667801733681228,0.946419098143236,3.126998200008529
8,0.01,16,GELU,100,0.5993646568257863,0.667801733681228,0.946419098143236,3.3926123999990523
8,0.01,16,GELU,300,0.5993646568257863,0.667801733681228,0.946419098143236,3.4087356999953045
8,0.01,16,GELU,500,0.5993646568257863,0.667801733681228,0.946419098143236,3.2160169999988284
8,0.01,16,GELU,1000,0.5993646568257863,0.667801733681228,0.946419098143236,3.256697299992084
8,0.01,16,Softmax,50,0.5993646568257863,0.667801733681228,0.946419098143236,3.280830599993351
8,0.01,16,Softmax,100,0.5993646568257863,0.667801733681228,0.946419098143236,3.3312458000000333
8,0.01,16,Softmax,300,0.5993646568257863,0.667801733681228,0.946419098143236,3.403917599993292
8,0.01,16,Softmax,500,0.5993646568257863,0.667801733681228,0.946419098143236,3.5550954999926034
8,0.01,16,Softmax,1000,0.5993646568257863,0.667801733681228,0.946419098143236,3.327143200003775
8,0.01,32,ReLU,50,0.5946675046394273,0.66852323117467,0.9445623342175068,1.5450424000009662
8,0.01,32,ReLU,100,0.5946675046394273,0.66852323117467,0.9445623342175068,1.5033088000054704
8,0.01,32,ReLU,300,0.5946675046394273,0.66852323117467,0.9445623342175068,1.6068499999964845
8,0.01,32,ReLU,500,0.5946675046394273,0.66852323117467,0.9445623342175068,1.5287102999864146
8,0.01,32,ReLU,1000,0.5946675046394273,0.66852323117467,0.9445623342175068,1.5536668999993708
8,0.01,32,Tanh,50,0.5411272801543807,0.6041282550099621,0.9371352785145888,1.2459931999910625
8,0.01,32,Tanh,100,0.5411272801543807,0.6041282550099621,0.9371352785145888,1.4165391999995336
8,0.01,32,Tanh,300,0.5411272801543807,0.6041282550099621,0.9371352785145888,1.2820540999964578
8,0.01,32,Tanh,500,0.5411272801543807,0.6041282550099621,0.9371352785145888,1.2909168999904068
8,0.01,32,Tanh,1000,0.5411272801543807,0.6041282550099621,0.9371352785145888,1.277103900007205
8,0.01,32,Sigmoid,50,0.505472552365374,0.5731052860061526,0.9355437665782492,1.6573200999991968
8,0.01,32,Sigmoid,100,0.505472552365374,0.5731052860061526,0.9355437665782492,1.6490506999980423
8,0.01,32,Sigmoid,300,0.505472552365374,0.5731052860061526,0.9355437665782492,1.6939340999961132
8,0.01,32,Sigmoid,500,0.505472552365374,0.5731052860061526,0.9355437665782492,1.7124093000020366
8,0.01,32,Sigmoid,1000,0.505472552365374,0.5731052860061526,0.9355437665782492,1.6440197999909287
8,0.01,32,GELU,50,0.5946675046394273,0.66852323117467,0.9445623342175068,1.5032956000068225
8,0.01,32,GELU,100,0.5946675046394273,0.66852323117467,0.9445623342175068,1.4978244000085397
8,0.01,32,GELU,300,0.5946675046394273,0.66852323117467,0.9445623342175068,1.5286963999969885
8,0.01,32,GELU,500,0.5946675046394273,0.66852323117467,0.9445623342175068,1.544892699996126
8,0.01,32,GELU,1000,0.5946675046394273,0.66852323117467,0.9445623342175068,1.5007474000012735
8,0.01,32,Softmax,50,0.5946675046394273,0.66852323117467,0.9445623342175068,1.5164718000014543
8,0.01,32,Softmax,100,0.5946675046394273,0.66852323117467,0.9445623342175068,1.526543899992248
8,0.01,32,Softmax,300,0.5946675046394273,0.66852323117467,0.9445623342175068,1.5677734000055352
8,0.01,32,Softmax,500,0.5946675046394273,0.66852323117467,0.9445623342175068,1.5937417999957688
8,0.01,32,Softmax,1000,0.5946675046394273,0.66852323117467,0.9445623342175068,1.5036238999891791
8,0.01,64,ReLU,50,0.5896734301480756,0.6554092043856149,0.9411140583554376,0.7863052000029711
8,0.01,64,ReLU,100,0.5896734301480756,0.6554092043856149,0.9411140583554376,0.7438887999887811
8,0.01,64,ReLU,300,0.5896734301480756,0.6554092043856149,0.9411140583554376,0.786614999989979
8,0.01,64,ReLU,500,0.5896734301480756,0.6554092043856149,0.9411140583554376,0.7602172999904724
8,0.01,64,ReLU,1000,0.5896734301480756,0.6554092043856149,0.9411140583554376,0.7679474999895319
8,0.01,64,Tanh,50,0.5437052050484742,0.6126763889751333,0.9416445623342176,0.5009657999908086
8,0.01,64,Tanh,100,0.5437052050484742,0.6126763889751333,0.9416445623342176,0.5302510000037728
8,0.01,64,Tanh,300,0.5437052050484742,0.6126763889751333,0.9416445623342176,0.5610040000028675
8,0.01,64,Tanh,500,0.5437052050484742,0.6126763889751333,0.9416445623342176,0.5214027999900281
8,0.01,64,Tanh,1000,0.5437052050484742,0.6126763889751333,0.9416445623342176,0.4948546000086935
8,0.01,64,Sigmoid,50,0.3416371248535249,0.3366268284981197,0.9238726790450928,0.652093300013803
8,0.01,64,Sigmoid,100,0.3416371248535249,0.3366268284981197,0.9238726790450928,0.5773833999992348
8,0.01,64,Sigmoid,300,0.3416371248535249,0.3366268284981197,0.9238726790450928,0.6224439999932656
8,0.01,64,Sigmoid,500,0.3416371248535249,0.3366268284981197,0.9238726790450928,0.6503051000036066
8,0.01,64,Sigmoid,1000,0.3416371248535249,0.3366268284981197,0.9238726790450928,0.5752559999964433
8,0.01,64,GELU,50,0.5896734301480756,0.6554092043856149,0.9411140583554376,0.7710961000120733
8,0.01,64,GELU,100,0.5896734301480756,0.6554092043856149,0.9411140583554376,0.7418515000026673
8,0.01,64,GELU,300,0.5896734301480756,0.6554092043856149,0.9411140583554376,0.704214299999876
8,0.01,64,GELU,500,0.5896734301480756,0.6554092043856149,0.9411140583554376,0.7323613999906229
8,0.01,64,GELU,1000,0.5896734301480756,0.6554092043856149,0.9411140583554376,0.7759048000007169
8,0.01,64,Softmax,50,0.5896734301480756,0.6554092043856149,0.9411140583554376,0.713614599997527
8,0.01,64,Softmax,100,0.5896734301480756,0.6554092043856149,0.9411140583554376,0.7813730999914696
8,0.01,64,Softmax,300,0.5896734301480756,0.6554092043856149,0.9411140583554376,0.73672310000984
8,0.01,64,Softmax,500,0.5896734301480756,0.6554092043856149,0.9411140583554376,0.7460625000094296
8,0.01,64,Softmax,1000,0.5896734301480756,0.6554092043856149,0.9411140583554376,0.8404630000004545
8,0.01,128,ReLU,50,0.5992710083818579,0.6652701390222943,0.9442970822281168,0.5800764000014169
8,0.01,128,ReLU,100,0.5992710083818579,0.6652701390222943,0.9442970822281168,0.5921058999956585
8,0.01,128,ReLU,300,0.5992710083818579,0.6652701390222943,0.9442970822281168,0.6197338000056334
8,0.01,128,ReLU,500,0.5992710083818579,0.6652701390222943,0.9442970822281168,0.6298857999936445
8,0.01,128,ReLU,1000,0.5992710083818579,0.6652701390222943,0.9442970822281168,0.5861376999964705
8,0.01,128,Tanh,50,0.5350907276453958,0.608664432425043,0.939787798408488,0.4287435000005644
8,0.01,128,Tanh,100,0.5350907276453958,0.608664432425043,0.939787798408488,0.4270378000073833
8,0.01,128,Tanh,300,0.5350907276453958,0.608664432425043,0.939787798408488,0.3942860000097425
8,0.01,128,Tanh,500,0.5350907276453958,0.608664432425043,0.939787798408488,0.4257744999922579
8,0.01,128,Tanh,1000,0.5350907276453958,0.608664432425043,0.939787798408488,0.38998900000297
8,0.01,128,Sigmoid,50,0.3333333333333333,0.3200478094975406,0.923342175066313,0.2120872999948915
8,0.01,128,Sigmoid,100,0.3333333333333333,0.3200478094975406,0.923342175066313,0.205721899998025
8,0.01,128,Sigmoid,300,0.3333333333333333,0.3200478094975406,0.923342175066313,0.1857846999919274
8,0.01,128,Sigmoid,500,0.3333333333333333,0.3200478094975406,0.923342175066313,0.1974469999986468
8,0.01,128,Sigmoid,1000,0.3333333333333333,0.3200478094975406,0.923342175066313,0.2081175999919651
8,0.01,128,GELU,50,0.5992710083818579,0.6652701390222943,0.9442970822281168,0.613994699990144
8,0.01,128,GELU,100,0.5992710083818579,0.6652701390222943,0.9442970822281168,0.6200699999899371
8,0.01,128,GELU,300,0.5992710083818579,0.6652701390222943,0.9442970822281168,0.6227496999927098
8,0.01,128,GELU,500,0.5992710083818579,0.6652701390222943,0.9442970822281168,0.601901000001817
8,0.01,128,GELU,1000,0.5992710083818579,0.6652701390222943,0.9442970822281168,0.6195818999985931
8,0.01,128,Softmax,50,0.5992710083818579,0.6652701390222943,0.9442970822281168,0.6030036000011023
8,0.01,128,Softmax,100,0.5992710083818579,0.6652701390222943,0.9442970822281168,0.6265429000050062
8,0.01,128,Softmax,300,0.5992710083818579,0.6652701390222943,0.9442970822281168,0.5812602999940282
8,0.01,128,Softmax,500,0.5992710083818579,0.6652701390222943,0.9442970822281168,0.6177286000020104
8,0.01,128,Softmax,1000,0.5992710083818579,0.6652701390222943,0.9442970822281168,0.61387570000079
8,0.001,8,ReLU,50,0.5511078900840358,0.6258176252535396,0.9413793103448276,6.315139700003783
8,0.001,8,ReLU,100,0.5511078900840358,0.6258176252535396,0.9413793103448276,6.115856700009317
8,0.001,8,ReLU,300,0.5511078900840358,0.6258176252535396,0.9413793103448276,6.117615899987868
8,0.001,8,ReLU,500,0.5511078900840358,0.6258176252535396,0.9413793103448276,6.210849099996267
8,0.001,8,ReLU,1000,0.5511078900840358,0.6258176252535396,0.9413793103448276,6.139924899995094
8,0.001,8,Tanh,50,0.5022255326164322,0.5702519399001146,0.9374005305039788,4.995953399993596
8,0.001,8,Tanh,100,0.5022255326164322,0.5702519399001146,0.9374005305039788,4.804380899993703
8,0.001,8,Tanh,300,0.5022255326164322,0.5702519399001146,0.9374005305039788,4.770937799999956
8,0.001,8,Tanh,500,0.5022255326164322,0.5702519399001146,0.9374005305039788,4.669447699998273
8,0.001,8,Tanh,1000,0.5022255326164322,0.5702519399001146,0.9374005305039788,4.813740600002348
8,0.001,8,Sigmoid,50,0.3333333333333333,0.3200478094975406,0.923342175066313,1.863237300000037
8,0.001,8,Sigmoid,100,0.3333333333333333,0.3200478094975406,0.923342175066313,1.903844400003436
8,0.001,8,Sigmoid,300,0.3333333333333333,0.3200478094975406,0.923342175066313,1.9120265999954429
8,0.001,8,Sigmoid,500,0.3333333333333333,0.3200478094975406,0.923342175066313,1.92813839999144
8,0.001,8,Sigmoid,1000,0.3333333333333333,0.3200478094975406,0.923342175066313,1.9370905999967365
8,0.001,8,GELU,50,0.5511078900840358,0.6258176252535396,0.9413793103448276,6.191456899992772
8,0.001,8,GELU,100,0.5511078900840358,0.6258176252535396,0.9413793103448276,6.045878200005973
8,0.001,8,GELU,300,0.5511078900840358,0.6258176252535396,0.9413793103448276,6.314625699989847
8,0.001,8,GELU,500,0.5511078900840358,0.6258176252535396,0.9413793103448276,6.146483200005605
8,0.001,8,GELU,1000,0.5511078900840358,0.6258176252535396,0.9413793103448276,6.189773499994772
8,0.001,8,Softmax,50,0.5511078900840358,0.6258176252535396,0.9413793103448276,6.029721999992034
8,0.001,8,Softmax,100,0.5511078900840358,0.6258176252535396,0.9413793103448276,6.132426199998008
8,0.001,8,Softmax,300,0.5511078900840358,0.6258176252535396,0.9413793103448276,5.9908366999879945
8,0.001,8,Softmax,500,0.5511078900840358,0.6258176252535396,0.9413793103448276,6.164143700007116
8,0.001,8,Softmax,1000,0.5511078900840358,0.6258176252535396,0.9413793103448276,6.20698970000376
8,0.001,16,ReLU,50,0.5187938304878993,0.5941061598541106,0.940053050397878,3.224288600002182
8,0.001,16,ReLU,100,0.5187938304878993,0.5941061598541106,0.940053050397878,3.254775499997777
8,0.001,16,ReLU,300,0.5187938304878993,0.5941061598541106,0.940053050397878,3.2431756000005407
8,0.001,16,ReLU,500,0.5187938304878993,0.5941061598541106,0.940053050397878,3.2889520000026096
8,0.001,16,ReLU,1000,0.5187938304878993,0.5941061598541106,0.940053050397878,3.387644399990677
8,0.001,16,Tanh,50,0.5074993418266404,0.5756608139897625,0.9389920424403184,2.7519138000061503
8,0.001,16,Tanh,100,0.5074993418266404,0.5756608139897625,0.9389920424403184,2.8081358000054024
8,0.001,16,Tanh,300,0.5074993418266404,0.5756608139897625,0.9389920424403184,2.8907471999991685
8,0.001,16,Tanh,500,0.5074993418266404,0.5756608139897625,0.9389920424403184,2.824278099986259
8,0.001,16,Tanh,1000,0.5074993418266404,0.5756608139897625,0.9389920424403184,2.907180199996219
8,0.001,16,Sigmoid,50,0.3333333333333333,0.3200478094975406,0.923342175066313,0.9865460000000894
8,0.001,16,Sigmoid,100,0.3333333333333333,0.3200478094975406,0.923342175066313,1.0526112000079593
8,0.001,16,Sigmoid,300,0.3333333333333333,0.3200478094975406,0.923342175066313,1.039117799999076
8,0.001,16,Sigmoid,500,0.3333333333333333,0.3200478094975406,0.923342175066313,1.0597961000021314
8,0.001,16,Sigmoid,1000,0.3333333333333333,0.3200478094975406,0.923342175066313,1.026750899996841
8,0.001,16,GELU,50,0.5187938304878993,0.5941061598541106,0.940053050397878,3.343979900004342
8,0.001,16,GELU,100,0.5187938304878993,0.5941061598541106,0.940053050397878,3.3025179999967804
8,0.001,16,GELU,300,0.5187938304878993,0.5941061598541106,0.940053050397878,3.246187400000053
8,0.001,16,GELU,500,0.5187938304878993,0.5941061598541106,0.940053050397878,3.2698229999950854
8,0.001,16,GELU,1000,0.5187938304878993,0.5941061598541106,0.940053050397878,3.2006753999885404
8,0.001,16,Softmax,50,0.5187938304878993,0.5941061598541106,0.940053050397878,3.3574087000015425
8,0.001,16,Softmax,100,0.5187938304878993,0.5941061598541106,0.940053050397878,3.2802110000047837
8,0.001,16,Softmax,300,0.5187938304878993,0.5941061598541106,0.940053050397878,3.224175900002592
8,0.001,16,Softmax,500,0.5187938304878993,0.5941061598541106,0.940053050397878,3.296793000001344
8,0.001,16,Softmax,1000,0.5187938304878993,0.5941061598541106,0.940053050397878,3.2757844000007026
8,0.001,32,ReLU,50,0.3777940543733547,0.4025775001892099,0.9273209549071618,1.7954682999989018
8,0.001,32,ReLU,100,0.3777940543733547,0.4025775001892099,0.9273209549071618,1.782732899999246
8,0.001,32,ReLU,300,0.3777940543733547,0.4025775001892099,0.9273209549071618,1.7337374000053387
8,0.001,32,ReLU,500,0.3777940543733547,0.4025775001892099,0.9273209549071618,1.6964948999957414
8,0.001,32,ReLU,1000,0.3777940543733547,0.4025775001892099,0.9273209549071618,1.779552199994214
8,0.001,32,Tanh,50,0.4028011868578977,0.4389693525010504,0.9291777188328912,1.427960000000894
8,0.001,32,Tanh,100,0.4028011868578977,0.4389693525010504,0.9291777188328912,1.506446899991715
8,0.001,32,Tanh,300,0.4028011868578977,0.4389693525010504,0.9291777188328912,1.4294171999936225
8,0.001,32,Tanh,500,0.4028011868578977,0.4389693525010504,0.9291777188328912,1.4735419000062393
8,0.001,32,Tanh,1000,0.4028011868578977,0.4389693525010504,0.9291777188328912,1.482683199996245
8,0.001,32,Sigmoid,50,0.3333333333333333,0.3200478094975406,0.923342175066313,0.5457225000136532
8,0.001,32,Sigmoid,100,0.3333333333333333,0.3200478094975406,0.923342175066313,0.5601599999936298
8,0.001,32,Sigmoid,300,0.3333333333333333,0.3200478094975406,0.923342175066313,0.5859694999962812
8,0.001,32,Sigmoid,500,0.3333333333333333,0.3200478094975406,0.923342175066313,0.5519985999999335
8,0.001,32,Sigmoid,1000,0.3333333333333333,0.3200478094975406,0.923342175066313,0.5758175999944797
8,0.001,32,GELU,50,0.3777940543733547,0.4025775001892099,0.9273209549071618,1.765915900003165
8,0.001,32,GELU,100,0.3777940543733547,0.4025775001892099,0.9273209549071618,1.7858233000006294
8,0.001,32,GELU,300,0.3777940543733547,0.4025775001892099,0.9273209549071618,1.7816894999996291
8,0.001,32,GELU,500,0.3777940543733547,0.4025775001892099,0.9273209549071618,1.7355405999987852
8,0.001,32,GELU,1000,0.3777940543733547,0.4025775001892099,0.9273209549071618,1.885027399999672
8,0.001,32,Softmax,50,0.3777940543733547,0.4025775001892099,0.9273209549071618,1.769906900008209
8,0.001,32,Softmax,100,0.3777940543733547,0.4025775001892099,0.9273209549071618,1.7526884999970207
8,0.001,32,Softmax,300,0.3777940543733547,0.4025775001892099,0.9273209549071618,1.7183091000042623
8,0.001,32,Softmax,500,0.3777940543733547,0.4025775001892099,0.9273209549071618,1.836944599999697
8,0.001,32,Softmax,1000,0.3777940543733547,0.4025775001892099,0.9273209549071618,1.7798108999995748
8,0.001,64,ReLU,50,0.3331418174853969,0.3199521773118131,0.9228116710875331,0.3653305999905569
8,0.001,64,ReLU,100,0.3331418174853969,0.3199521773118131,0.9228116710875331,0.3278398999973433
8,0.001,64,ReLU,300,0.3331418174853969,0.3199521773118131,0.9228116710875331,0.529281399998581
8,0.001,64,ReLU,500,0.3331418174853969,0.3199521773118131,0.9228116710875331,0.3691268999973545
8,0.001,64,ReLU,1000,0.3331418174853969,0.3199521773118131,0.9228116710875331,0.3573834999988321
8,0.001,64,Tanh,50,0.3449777930463952,0.3429742013955572,0.9241379310344828,0.7570774999912828
8,0.001,64,Tanh,100,0.3449777930463952,0.3429742013955572,0.9241379310344828,0.8009451999969315
8,0.001,64,Tanh,300,0.3449777930463952,0.3429742013955572,0.9241379310344828,0.7875895000033779
8,0.001,64,Tanh,500,0.3449777930463952,0.3429742013955572,0.9241379310344828,0.7649755000020377
8,0.001,64,Tanh,1000,0.3449777930463952,0.3429742013955572,0.9241379310344828,0.7254450000036741
8,0.001,64,Sigmoid,50,0.3333333333333333,0.3200478094975406,0.923342175066313,0.3416273999901023
8,0.001,64,Sigmoid,100,0.3333333333333333,0.3200478094975406,0.923342175066313,0.3546228000050178
8,0.001,64,Sigmoid,300,0.3333333333333333,0.3200478094975406,0.923342175066313,0.3579967999976361
8,0.001,64,Sigmoid,500,0.3333333333333333,0.3200478094975406,0.923342175066313,0.3301835999882314
8,0.001,64,Sigmoid,1000,0.3333333333333333,0.3200478094975406,0.923342175066313,0.3416056999994907
8,0.001,64,GELU,50,0.3331418174853969,0.3199521773118131,0.9228116710875331,0.3716142000048421
8,0.001,64,GELU,100,0.3331418174853969,0.3199521773118131,0.9228116710875331,0.3620444000116549
8,0.001,64,GELU,300,0.3331418174853969,0.3199521773118131,0.9228116710875331,0.3718997999967541
8,0.001,64,GELU,500,0.3331418174853969,0.3199521773118131,0.9228116710875331,0.368574099993566
8,0.001,64,GELU,1000,0.3331418174853969,0.3199521773118131,0.9228116710875331,0.3754180000105407
8,0.001,64,Softmax,50,0.3331418174853969,0.3199521773118131,0.9228116710875331,0.3623159999988274
8,0.001,64,Softmax,100,0.3331418174853969,0.3199521773118131,0.9228116710875331,0.3731403999991016
8,0.001,64,Softmax,300,0.3331418174853969,0.3199521773118131,0.9228116710875331,0.3610187999875052
8,0.001,64,Softmax,500,0.3331418174853969,0.3199521773118131,0.9228116710875331,0.3668325999897206
8,0.001,64,Softmax,1000,0.3331418174853969,0.3199521773118131,0.9228116710875331,0.3734146999922814
8,0.001,128,ReLU,50,0.3325672699415876,0.3196649638731649,0.9212201591511936,0.2542845999996643
8,0.001,128,ReLU,100,0.3325672699415876,0.3196649638731649,0.9212201591511936,0.2510124000109499
8,0.001,128,ReLU,300,0.3325672699415876,0.3196649638731649,0.9212201591511936,0.2608622999978252
8,0.001,128,ReLU,500,0.3325672699415876,0.3196649638731649,0.9212201591511936,0.2672752000071341
8,0.001,128,ReLU,1000,0.3325672699415876,0.3196649638731649,0.9212201591511936,0.2648955000040587
8,0.001,128,Tanh,50,0.332758785789524,0.3197607545433632,0.9217506631299734,0.2393349000049056
8,0.001,128,Tanh,100,0.332758785789524,0.3197607545433632,0.9217506631299734,0.2750507999880938
8,0.001,128,Tanh,300,0.332758785789524,0.3197607545433632,0.9217506631299734,0.267060300000594
8,0.001,128,Tanh,500,0.332758785789524,0.3197607545433632,0.9217506631299734,0.26206860000093
8,0.001,128,Tanh,1000,0.332758785789524,0.3197607545433632,0.9217506631299734,0.2670177999971201
8,0.001,128,Sigmoid,50,0.3333333333333333,0.3200478094975406,0.923342175066313,0.2156611999962479
8,0.001,128,Sigmoid,100,0.3333333333333333,0.3200478094975406,0.923342175066313,0.2150640999898314
8,0.001,128,Sigmoid,300,0.3333333333333333,0.3200478094975406,0.923342175066313,0.2186287000076845
8,0.001,128,Sigmoid,500,0.3333333333333333,0.3200478094975406,0.923342175066313,0.231488100005663
8,0.001,128,Sigmoid,1000,0.3333333333333333,0.3200478094975406,0.923342175066313,0.2228140999941388
8,0.001,128,GELU,50,0.3325672699415876,0.3196649638731649,0.9212201591511936,0.2409948999993503
8,0.001,128,GELU,100,0.3325672699415876,0.3196649638731649,0.9212201591511936,0.2465671999962069
8,0.001,128,GELU,300,0.3325672699415876,0.3196649638731649,0.9212201591511936,0.2574269999895477
8,0.001,128,GELU,500,0.3325672699415876,0.3196649638731649,0.9212201591511936,0.2469052000087686
8,0.001,128,GELU,1000,0.3325672699415876,0.3196649638731649,0.9212201591511936,0.2660075000021606
8,0.001,128,Softmax,50,0.3325672699415876,0.3196649638731649,0.9212201591511936,0.2684420000005048
8,0.001,128,Softmax,100,0.3325672699415876,0.3196649638731649,0.9212201591511936,0.2629371999937575
8,0.001,128,Softmax,300,0.3325672699415876,0.3196649638731649,0.9212201591511936,0.2502615999983391
8,0.001,128,Softmax,500,0.3325672699415876,0.3196649638731649,0.9212201591511936,0.2527826000005007
8,0.001,128,Softmax,1000,0.3325672699415876,0.3196649638731649,0.9212201591511936,0.2503122999914922
8,0.0001,8,ReLU,50,0.3330460595614287,0.3199043414275202,0.9225464190981432,2.395837999996729
8,0.0001,8,ReLU,100,0.3330460595614287,0.3199043414275202,0.9225464190981432,2.407834599987837
8,0.0001,8,ReLU,300,0.3330460595614287,0.3199043414275202,0.9225464190981432,2.376503799998318
8,0.0001,8,ReLU,500,0.3330460595614287,0.3199043414275202,0.9225464190981432,2.315437500001281
8,0.0001,8,ReLU,1000,0.3330460595614287,0.3199043414275202,0.9225464190981432,2.357782799997949
8,0.0001,8,Tanh,50,0.332279996169683,0.3195211786372007,0.920424403183024,2.4822609999973797
8,0.0001,8,Tanh,100,0.332279996169683,0.3195211786372007,0.920424403183024,2.467853799986188
8,0.0001,8,Tanh,300,0.332279996169683,0.3195211786372007,0.920424403183024,2.445002199994633
8,0.0001,8,Tanh,500,0.332279996169683,0.3195211786372007,0.920424403183024,2.552175199991325
8,0.0001,8,Tanh,1000,0.332279996169683,0.3195211786372007,0.920424403183024,2.379452900000615
8,0.0001,8,Sigmoid,50,0.3333333333333333,0.3200478094975406,0.923342175066313,1.9775495000067167
8,0.0001,8,Sigmoid,100,0.3333333333333333,0.3200478094975406,0.923342175066313,1.9485409000044456
8,0.0001,8,Sigmoid,300,0.3333333333333333,0.3200478094975406,0.923342175066313,1.977911399997538
8,0.0001,8,Sigmoid,500,0.3333333333333333,0.3200478094975406,0.923342175066313,1.9515893000061624
8,0.0001,8,Sigmoid,1000,0.3333333333333333,0.3200478094975406,0.923342175066313,1.972675099998014
8,0.0001,8,GELU,50,0.3330460595614287,0.3199043414275202,0.9225464190981432,2.423982199994498
8,0.0001,8,GELU,100,0.3330460595614287,0.3199043414275202,0.9225464190981432,2.4010591999976896
8,0.0001,8,GELU,300,0.3330460595614287,0.3199043414275202,0.9225464190981432,2.3860047000052877
8,0.0001,8,GELU,500,0.3330460595614287,0.3199043414275202,0.9225464190981432,2.353619899993646
8,0.0001,8,GELU,1000,0.3330460595614287,0.3199043414275202,0.9225464190981432,2.3439693999971496
8,0.0001,8,Softmax,50,0.3330460595614287,0.3199043414275202,0.9225464190981432,2.3672994000080507
8,0.0001,8,Softmax,100,0.3330460595614287,0.3199043414275202,0.9225464190981432,2.4223663000011584
8,0.0001,8,Softmax,300,0.3330460595614287,0.3199043414275202,0.9225464190981432,2.3727553999924567
8,0.0001,8,Softmax,500,0.3330460595614287,0.3199043414275202,0.9225464190981432,2.4348328999913065
8,0.0001,8,Softmax,1000,0.3330460595614287,0.3199043414275202,0.9225464190981432,2.3913930999988224
8,0.0001,16,ReLU,50,0.3329503016374605,0.3198564923416586,0.9222811671087532,1.4504141999932472
8,0.0001,16,ReLU,100,0.3329503016374605,0.3198564923416586,0.9222811671087532,1.452724800008582
8,0.0001,16,ReLU,300,0.3329503016374605,0.3198564923416586,0.9222811671087532,1.3895603999990271
8,0.0001,16,ReLU,500,0.3329503016374605,0.3198564923416586,0.9222811671087532,1.4251271999964956
8,0.0001,16,ReLU,1000,0.3329503016374605,0.3198564923416586,0.9222811671087532,1.4095514999935403
8,0.0001,16,Tanh,50,0.3321842382457148,0.3194732237417691,0.920159151193634,1.5213334000000032
8,0.0001,16,Tanh,100,0.3321842382457148,0.3194732237417691,0.920159151193634,1.537615299996105
8,0.0001,16,Tanh,300,0.3321842382457148,0.3194732237417691,0.920159151193634,1.5221206999995047
8,0.0001,16,Tanh,500,0.3321842382457148,0.3194732237417691,0.920159151193634,1.5143215999996755
8,0.0001,16,Tanh,1000,0.3321842382457148,0.3194732237417691,0.920159151193634,1.5204170999932105
8,0.0001,16,Sigmoid,50,0.3333333333333333,0.3200478094975406,0.923342175066313,1.0173458000062965
8,0.0001,16,Sigmoid,100,0.3333333333333333,0.3200478094975406,0.923342175066313,1.0355347000004258
8,0.0001,16,Sigmoid,300,0.3333333333333333,0.3200478094975406,0.923342175066313,1.051109100008034
8,0.0001,16,Sigmoid,500,0.3333333333333333,0.3200478094975406,0.923342175066313,1.0445811999961734
8,0.0001,16,Sigmoid,1000,0.3333333333333333,0.3200478094975406,0.923342175066313,1.055108399988967
8,0.0001,16,GELU,50,0.3329503016374605,0.3198564923416586,0.9222811671087532,1.4322752000007313
8,0.0001,16,GELU,100,0.3329503016374605,0.3198564923416586,0.9222811671087532,1.4627143000107026
8,0.0001,16,GELU,300,0.3329503016374605,0.3198564923416586,0.9222811671087532,1.4038468999933684
8,0.0001,16,GELU,500,0.3329503016374605,0.3198564923416586,0.9222811671087532,1.4114574999985052
8,0.0001,16,GELU,1000,0.3329503016374605,0.3198564923416586,0.9222811671087532,1.500620099992375
8,0.0001,16,Softmax,50,0.3329503016374605,0.3198564923416586,0.9222811671087532,1.3990855000010924
8,0.0001,16,Softmax,100,0.3329503016374605,0.3198564923416586,0.9222811671087532,1.4432799000060186
8,0.0001,16,Softmax,300,0.3329503016374605,0.3198564923416586,0.9222811671087532,1.4581657999951858
8,0.0001,16,Softmax,500,0.3329503016374605,0.3198564923416586,0.9222811671087532,1.443395900001633
8,0.0001,16,Softmax,1000,0.3329503016374605,0.3198564923416586,0.9222811671087532,1.3701583000074606
8,0.0001,32,ReLU,50,0.3326630278655558,0.319712865819989,0.9214854111405836,0.9658108000003268
8,0.0001,32,ReLU,100,0.3326630278655558,0.319712865819989,0.9214854111405836,0.9681726999988314
8,0.0001,32,ReLU,300,0.3326630278655558,0.319712865819989,0.9214854111405836,0.997446099994704
8,0.0001,32,ReLU,500,0.3326630278655558,0.319712865819989,0.9214854111405836,0.9460755000036444
8,0.0001,32,ReLU,1000,0.3326630278655558,0.319712865819989,0.9214854111405836,0.9712400999997044
8,0.0001,32,Tanh,50,0.3318969644738102,0.3193292795282845,0.9193633952254642,1.025438299999223
8,0.0001,32,Tanh,100,0.3318969644738102,0.3193292795282845,0.9193633952254642,1.0376778000063496
8,0.0001,32,Tanh,300,0.3318969644738102,0.3193292795282845,0.9193633952254642,1.0529346999974225
8,0.0001,32,Tanh,500,0.3318969644738102,0.3193292795282845,0.9193633952254642,1.0345832000020891
8,0.0001,32,Tanh,1000,0.3318969644738102,0.3193292795282845,0.9193633952254642,1.0652240000054007
8,0.0001,32,Sigmoid,50,0.3333333333333333,0.3200478094975406,0.923342175066313,0.5738647999969544
8,0.0001,32,Sigmoid,100,0.3333333333333333,0.3200478094975406,0.923342175066313,0.5734884999983478
8,0.0001,32,Sigmoid,300,0.3333333333333333,0.3200478094975406,0.923342175066313,0.5710364999977173
8,0.0001,32,Sigmoid,500,0.3333333333333333,0.3200478094975406,0.923342175066313,0.6021438000025228
8,0.0001,32,Sigmoid,1000,0.3333333333333333,0.3200478094975406,0.923342175066313,0.603028199999244
8,0.0001,32,GELU,50,0.3326630278655558,0.319712865819989,0.9214854111405836,0.972563099989202
8,0.0001,32,GELU,100,0.3326630278655558,0.319712865819989,0.9214854111405836,0.9725208000018029
8,0.0001,32,GELU,300,0.3326630278655558,0.319712865819989,0.9214854111405836,0.9972131999966224
8,0.0001,32,GELU,500,0.3326630278655558,0.319712865819989,0.9214854111405836,0.9854367999942042
8,0.0001,32,GELU,1000,0.3326630278655558,0.319712865819989,0.9214854111405836,1.0139771999965888
8,0.0001,32,Softmax,50,0.3326630278655558,0.319712865819989,0.9214854111405836,0.9696282999939284
8,0.0001,32,Softmax,100,0.3326630278655558,0.319712865819989,0.9214854111405836,1.006473499990534
8,0.0001,32,Softmax,300,0.3326630278655558,0.319712865819989,0.9214854111405836,0.9827745000075084
8,0.0001,32,Softmax,500,0.3326630278655558,0.319712865819989,0.9214854111405836,0.9780850000097416
8,0.0001,32,Softmax,1000,0.3326630278655558,0.319712865819989,0.9214854111405836,0.9926497999986168
8,0.0001,64,ReLU,50,0.332279996169683,0.3195211786372007,0.920424403183024,0.7658655999985058
8,0.0001,64,ReLU,100,0.332279996169683,0.3195211786372007,0.920424403183024,0.8294769000058295
8,0.0001,64,ReLU,300,0.332279996169683,0.3195211786372007,0.920424403183024,0.7733580000058282
8,0.0001,64,ReLU,500,0.332279996169683,0.3195211786372007,0.920424403183024,0.8150392999959877
8,0.0001,64,ReLU,1000,0.332279996169683,0.3195211786372007,0.920424403183024,0.7698968000040622
8,0.0001,64,Tanh,50,0.3316096907019055,0.3191852159085672,0.9185676392572945,0.7650740999961272
8,0.0001,64,Tanh,100,0.3316096907019055,0.3191852159085672,0.9185676392572945,0.7752560999942943
8,0.0001,64,Tanh,300,0.3316096907019055,0.3191852159085672,0.9185676392572945,0.7764708999893628
8,0.0001,64,Tanh,500,0.3316096907019055,0.3191852159085672,0.9185676392572945,0.7556365000054939
8,0.0001,64,Tanh,1000,0.3316096907019055,0.3191852159085672,0.9185676392572945,0.7904266999976244
8,0.0001,64,Sigmoid,50,0.3333333333333333,0.3200478094975406,0.923342175066313,0.3591844000038691
8,0.0001,64,Sigmoid,100,0.3333333333333333,0.3200478094975406,0.923342175066313,0.3609997000021394
8,0.0001,64,Sigmoid,300,0.3333333333333333,0.3200478094975406,0.923342175066313,0.3404598999914014
8,0.0001,64,Sigmoid,500,0.3333333333333333,0.3200478094975406,0.923342175066313,0.3604856000019936
8,0.0001,64,Sigmoid,1000,0.3333333333333333,0.3200478094975406,0.923342175066313,0.3683019000018248
8,0.0001,64,GELU,50,0.332279996169683,0.3195211786372007,0.920424403183024,0.7794285000127275
8,0.0001,64,GELU,100,0.332279996169683,0.3195211786372007,0.920424403183024,0.7568654999922728
8,0.0001,64,GELU,300,0.332279996169683,0.3195211786372007,0.920424403183024,0.7751178000034997
8,0.0001,64,GELU,500,0.332279996169683,0.3195211786372007,0.920424403183024,0.7428416000038851
8,0.0001,64,GELU,1000,0.332279996169683,0.3195211786372007,0.920424403183024,0.798419600003399
8,0.0001,64,Softmax,50,0.332279996169683,0.3195211786372007,0.920424403183024,0.7729523000016343
8,0.0001,64,Softmax,100,0.332279996169683,0.3195211786372007,0.920424403183024,0.7684621999942465
8,0.0001,64,Softmax,300,0.332279996169683,0.3195211786372007,0.920424403183024,0.7950863000005484
8,0.0001,64,Softmax,500,0.332279996169683,0.3195211786372007,0.920424403183024,0.7676988000021083
8,0.0001,64,Softmax,1000,0.332279996169683,0.3195211786372007,0.920424403183024,0.8638655000104336
8,0.0001,128,ReLU,50,0.3319927223977784,0.3193772741928055,0.9196286472148542,0.7235637999983737
8,0.0001,128,ReLU,100,0.3319927223977784,0.3193772741928055,0.9196286472148542,0.7192628999910085
8,0.0001,128,ReLU,300,0.3319927223977784,0.3193772741928055,0.9196286472148542,0.715406699993764
8,0.0001,128,ReLU,500,0.3319927223977784,0.3193772741928055,0.9196286472148542,0.7260827999998583
8,0.0001,128,ReLU,1000,0.3319927223977784,0.3193772741928055,0.9196286472148542,0.7251928999903612
8,0.0001,128,Tanh,50,0.3314181748539692,0.3190891070852348,0.9180371352785146,0.705448200009414
8,0.0001,128,Tanh,100,0.3314181748539692,0.3190891070852348,0.9180371352785146,0.6877454999921611
8,0.0001,128,Tanh,300,0.3314181748539692,0.3190891070852348,0.9180371352785146,0.696978100007982
8,0.0001,128,Tanh,500,0.3314181748539692,0.3190891070852348,0.9180371352785146,0.7120114999997895
8,0.0001,128,Tanh,1000,0.3314181748539692,0.3190891070852348,0.9180371352785146,0.6696087000018451
8,0.0001,128,Sigmoid,50,0.3331418174853969,0.3199521773118131,0.9228116710875331,0.2328066999907605
8,0.0001,128,Sigmoid,100,0.3331418174853969,0.3199521773118131,0.9228116710875331,0.2588037000095937
8,0.0001,128,Sigmoid,300,0.3331418174853969,0.3199521773118131,0.9228116710875331,0.2565495000017108
8,0.0001,128,Sigmoid,500,0.3331418174853969,0.3199521773118131,0.9228116710875331,0.2276360999967437
8,0.0001,128,Sigmoid,1000,0.3331418174853969,0.3199521773118131,0.9228116710875331,0.2561054000107106
8,0.0001,128,GELU,50,0.3319927223977784,0.3193772741928055,0.9196286472148542,0.6945954999973765
8,0.0001,128,GELU,100,0.3319927223977784,0.3193772741928055,0.9196286472148542,0.7016039000009187
8,0.0001,128,GELU,300,0.3319927223977784,0.3193772741928055,0.9196286472148542,0.7055307999980869
8,0.0001,128,GELU,500,0.3319927223977784,0.3193772741928055,0.9196286472148542,0.7114774999936344
8,0.0001,128,GELU,1000,0.3319927223977784,0.3193772741928055,0.9196286472148542,0.7234593000030145
8,0.0001,128,Softmax,50,0.3319927223977784,0.3193772741928055,0.9196286472148542,0.734695199993439
8,0.0001,128,Softmax,100,0.3319927223977784,0.3193772741928055,0.9196286472148542,0.7085787999967579
8,0.0001,128,Softmax,300,0.3319927223977784,0.3193772741928055,0.9196286472148542,0.6788956000091275
8,0.0001,128,Softmax,500,0.3319927223977784,0.3193772741928055,0.9196286472148542,0.6968465999962064
8,0.0001,128,Softmax,1000,0.3319927223977784,0.3193772741928055,0.9196286472148542,0.7282320999947842
8,0.00025,8,ReLU,50,0.332758785789524,0.3197607545433632,0.9217506631299734,2.1507532999967225
8,0.00025,8,ReLU,100,0.332758785789524,0.3197607545433632,0.9217506631299734,2.126039299997501
8,0.00025,8,ReLU,300,0.332758785789524,0.3197607545433632,0.9217506631299734,2.1056196999998065
8,0.00025,8,ReLU,500,0.332758785789524,0.3197607545433632,0.9217506631299734,2.083153100000345
8,0.00025,8,ReLU,1000,0.332758785789524,0.3197607545433632,0.9217506631299734,2.0815985000081128
8,0.00025,8,Tanh,50,0.3647834621337162,0.3783732141515847,0.9241379310344828,4.832710500006215
8,0.00025,8,Tanh,100,0.3647834621337162,0.3783732141515847,0.9241379310344828,5.107104800001252
8,0.00025,8,Tanh,300,0.3647834621337162,0.3783732141515847,0.9241379310344828,4.866777999995975
8,0.00025,8,Tanh,500,0.3647834621337162,0.3783732141515847,0.9241379310344828,5.0182175999943865
8,0.00025,8,Tanh,1000,0.3647834621337162,0.3783732141515847,0.9241379310344828,5.10107770000468
8,0.00025,8,Sigmoid,50,0.3333333333333333,0.3200478094975406,0.923342175066313,1.957299100002274
8,0.00025,8,Sigmoid,100,0.3333333333333333,0.3200478094975406,0.923342175066313,1.9340131000062684
8,0.00025,8,Sigmoid,300,0.3333333333333333,0.3200478094975406,0.923342175066313,1.9471475000027567
8,0.00025,8,Sigmoid,500,0.3333333333333333,0.3200478094975406,0.923342175066313,1.974985099994228
8,0.00025,8,Sigmoid,1000,0.3333333333333333,0.3200478094975406,0.923342175066313,1.9595783000113445
8,0.00025,8,GELU,50,0.332758785789524,0.3197607545433632,0.9217506631299734,2.122366700001294
8,0.00025,8,GELU,100,0.332758785789524,0.3197607545433632,0.9217506631299734,2.184659799997462
8,0.00025,8,GELU,300,0.332758785789524,0.3197607545433632,0.9217506631299734,2.149033599998802
8,0.00025,8,GELU,500,0.332758785789524,0.3197607545433632,0.9217506631299734,2.1303592000040226
8,0.00025,8,GELU,1000,0.332758785789524,0.3197607545433632,0.9217506631299734,2.1034644000028493
8,0.00025,8,Softmax,50,0.332758785789524,0.3197607545433632,0.9217506631299734,2.11714609999035
8,0.00025,8,Softmax,100,0.332758785789524,0.3197607545433632,0.9217506631299734,2.137724900007015
8,0.00025,8,Softmax,300,0.332758785789524,0.3197607545433632,0.9217506631299734,2.097278000001097
8,0.00025,8,Softmax,500,0.332758785789524,0.3197607545433632,0.9217506631299734,2.142797399996198
8,0.00025,8,Softmax,1000,0.332758785789524,0.3197607545433632,0.9217506631299734,2.158213699993212
8,0.00025,16,ReLU,50,0.3329503016374605,0.3198564923416586,0.9222811671087532,1.191742200011504
8,0.00025,16,ReLU,100,0.3329503016374605,0.3198564923416586,0.9222811671087532,1.1939429999911226
8,0.00025,16,ReLU,300,0.3329503016374605,0.3198564923416586,0.9222811671087532,1.1863767000031658
8,0.00025,16,ReLU,500,0.3329503016374605,0.3198564923416586,0.9222811671087532,1.144040999992285
8,0.00025,16,ReLU,1000,0.3329503016374605,0.3198564923416586,0.9222811671087532,1.162708299991209
8,0.00025,16,Tanh,50,0.3329503016374605,0.3198564923416586,0.9222811671087532,1.1890788000018802
8,0.00025,16,Tanh,100,0.3329503016374605,0.3198564923416586,0.9222811671087532,1.1872682999965036
8,0.00025,16,Tanh,300,0.3329503016374605,0.3198564923416586,0.9222811671087532,1.195841200009454
8,0.00025,16,Tanh,500,0.3329503016374605,0.3198564923416586,0.9222811671087532,1.1943204999988666
8,0.00025,16,Tanh,1000,0.3329503016374605,0.3198564923416586,0.9222811671087532,1.1998913999996148
8,0.00025,16,Sigmoid,50,0.3333333333333333,0.3200478094975406,0.923342175066313,1.0612978999997722
8,0.00025,16,Sigmoid,100,0.3333333333333333,0.3200478094975406,0.923342175066313,1.059977799988701
8,0.00025,16,Sigmoid,300,0.3333333333333333,0.3200478094975406,0.923342175066313,1.0374400000000603
8,0.00025,16,Sigmoid,500,0.3333333333333333,0.3200478094975406,0.923342175066313,1.0660764999920502
8,0.00025,16,Sigmoid,1000,0.3333333333333333,0.3200478094975406,0.923342175066313,1.0528073000023142
8,0.00025,16,GELU,50,0.3329503016374605,0.3198564923416586,0.9222811671087532,1.194481900005485
8,0.00025,16,GELU,100,0.3329503016374605,0.3198564923416586,0.9222811671087532,1.176480900001479
8,0.00025,16,GELU,300,0.3329503016374605,0.3198564923416586,0.9222811671087532,1.1630800000129966
8,0.00025,16,GELU,500,0.3329503016374605,0.3198564923416586,0.9222811671087532,1.159034199998132
8,0.00025,16,GELU,1000,0.3329503016374605,0.3198564923416586,0.9222811671087532,1.181274200003827
8,0.00025,16,Softmax,50,0.3329503016374605,0.3198564923416586,0.9222811671087532,1.1616023000096902
8,0.00025,16,Softmax,100,0.3329503016374605,0.3198564923416586,0.9222811671087532,1.1843958999961617
8,0.00025,16,Softmax,300,0.3329503016374605,0.3198564923416586,0.9222811671087532,1.1866273999912664
8,0.00025,16,Softmax,500,0.3329503016374605,0.3198564923416586,0.9222811671087532,1.1747060000052445
8,0.00025,16,Softmax,1000,0.3329503016374605,0.3198564923416586,0.9222811671087532,1.194269100000383
8,0.00025,32,ReLU,50,0.3330460595614287,0.3199043414275202,0.9225464190981432,0.7455775999987964
8,0.00025,32,ReLU,100,0.3330460595614287,0.3199043414275202,0.9225464190981432,0.7480713999975706
8,0.00025,32,ReLU,300,0.3330460595614287,0.3199043414275202,0.9225464190981432,0.7896843999915291
8,0.00025,32,ReLU,500,0.3330460595614287,0.3199043414275202,0.9225464190981432,0.7292497000016738
8,0.00025,32,ReLU,1000,0.3330460595614287,0.3199043414275202,0.9225464190981432,0.7334726999979466
8,0.00025,32,Tanh,50,0.3323757540936512,0.3195691202872531,0.9206896551724136,0.724724800005788
8,0.00025,32,Tanh,100,0.3323757540936512,0.3195691202872531,0.9206896551724136,0.7367849000002025
8,0.00025,32,Tanh,300,0.3323757540936512,0.3195691202872531,0.9206896551724136,0.7358891000039876
8,0.00025,32,Tanh,500,0.3323757540936512,0.3195691202872531,0.9206896551724136,0.7485610000003362
8,0.00025,32,Tanh,1000,0.3323757540936512,0.3195691202872531,0.9206896551724136,0.7367779000051087
8,0.00025,32,Sigmoid,50,0.3333333333333333,0.3200478094975406,0.923342175066313,0.5577784000051906
8,0.00025,32,Sigmoid,100,0.3333333333333333,0.3200478094975406,0.923342175066313,0.5835809999989579
8,0.00025,32,Sigmoid,300,0.3333333333333333,0.3200478094975406,0.923342175066313,0.5785923000075854
8,0.00025,32,Sigmoid,500,0.3333333333333333,0.3200478094975406,0.923342175066313,0.5765940999990562
8,0.00025,32,Sigmoid,1000,0.3333333333333333,0.3200478094975406,0.923342175066313,0.5825068999984069
8,0.00025,32,GELU,50,0.3330460595614287,0.3199043414275202,0.9225464190981432,0.7165528999903472
8,0.00025,32,GELU,100,0.3330460595614287,0.3199043414275202,0.9225464190981432,0.7271242999995593
8,0.00025,32,GELU,300,0.3330460595614287,0.3199043414275202,0.9225464190981432,0.7591696000017691
8,0.00025,32,GELU,500,0.3330460595614287,0.3199043414275202,0.9225464190981432,0.7663557000050787
8,0.00025,32,GELU,1000,0.3330460595614287,0.3199043414275202,0.9225464190981432,0.7060456000035629
8,0.00025,32,Softmax,50,0.3330460595614287,0.3199043414275202,0.9225464190981432,0.7151716999942437
8,0.00025,32,Softmax,100,0.3330460595614287,0.3199043414275202,0.9225464190981432,0.7244345000071917
8,0.00025,32,Softmax,300,0.3330460595614287,0.3199043414275202,0.9225464190981432,0.752037800004473
8,0.00025,32,Softmax,500,0.3330460595614287,0.3199043414275202,0.9225464190981432,0.7564970999956131
8,0.00025,32,Softmax,1000,0.3330460595614287,0.3199043414275202,0.9225464190981432,0.7484858000098029
8,0.00025,64,ReLU,50,0.3326630278655558,0.319712865819989,0.9214854111405836,0.53165020000597
8,0.00025,64,ReLU,100,0.3326630278655558,0.319712865819989,0.9214854111405836,0.5311977999954252
8,0.00025,64,ReLU,300,0.3326630278655558,0.319712865819989,0.9214854111405836,0.4964151000021957
8,0.00025,64,ReLU,500,0.3326630278655558,0.319712865819989,0.9214854111405836,0.5141975000005914
8,0.00025,64,ReLU,1000,0.3326630278655558,0.319712865819989,0.9214854111405836,0.5449130999913905
8,0.00025,64,Tanh,50,0.3315139327779374,0.3191371681415929,0.9183023872679044,0.5243114000040805
8,0.00025,64,Tanh,100,0.3315139327779374,0.3191371681415929,0.9183023872679044,0.5088702000066405
8,0.00025,64,Tanh,300,0.3315139327779374,0.3191371681415929,0.9183023872679044,0.5079245999950217
8,0.00025,64,Tanh,500,0.3315139327779374,0.3191371681415929,0.9183023872679044,0.5862781000032555
8,0.00025,64,Tanh,1000,0.3315139327779374,0.3191371681415929,0.9183023872679044,0.5370905999880051
8,0.00025,64,Sigmoid,50,0.3333333333333333,0.3200478094975406,0.923342175066313,0.3106218000029912
8,0.00025,64,Sigmoid,100,0.3333333333333333,0.3200478094975406,0.923342175066313,0.3415660000027856
8,0.00025,64,Sigmoid,300,0.3333333333333333,0.3200478094975406,0.923342175066313,0.3418220000021392
8,0.00025,64,Sigmoid,500,0.3333333333333333,0.3200478094975406,0.923342175066313,0.2990034999966156
8,0.00025,64,Sigmoid,1000,0.3333333333333333,0.3200478094975406,0.923342175066313,0.3199438000010559
8,0.00025,64,GELU,50,0.3326630278655558,0.319712865819989,0.9214854111405836,0.4255613999994239
8,0.00025,64,GELU,100,0.3326630278655558,0.319712865819989,0.9214854111405836,0.4262982000072952
8,0.00025,64,GELU,300,0.3326630278655558,0.319712865819989,0.9214854111405836,0.5461851000000024
8,0.00025,64,GELU,500,0.3326630278655558,0.319712865819989,0.9214854111405836,0.4460233999998308
8,0.00025,64,GELU,1000,0.3326630278655558,0.319712865819989,0.9214854111405836,0.4694912999984808
8,0.00025,64,Softmax,50,0.3326630278655558,0.319712865819989,0.9214854111405836,0.4456881999940378
8,0.00025,64,Softmax,100,0.3326630278655558,0.319712865819989,0.9214854111405836,0.5006048999930499
8,0.00025,64,Softmax,300,0.3326630278655558,0.319712865819989,0.9214854111405836,0.4968316000013146
8,0.00025,64,Softmax,500,0.3326630278655558,0.319712865819989,0.9214854111405836,0.5068090999993728
8,0.00025,64,Softmax,1000,0.3326630278655558,0.319712865819989,0.9214854111405836,0.4455526000092504
8,0.00025,128,ReLU,50,0.3319927223977784,0.3193772741928055,0.9196286472148542,0.3614882999972906
8,0.00025,128,ReLU,100,0.3319927223977784,0.3193772741928055,0.9196286472148542,0.3510894000064581
8,0.00025,128,ReLU,300,0.3319927223977784,0.3193772741928055,0.9196286472148542,0.3807783000083873
8,0.00025,128,ReLU,500,0.3319927223977784,0.3193772741928055,0.9196286472148542,0.3620207000058144
8,0.00025,128,ReLU,1000,0.3319927223977784,0.3193772741928055,0.9196286472148542,0.3845725999999558
8,0.00025,128,Tanh,50,0.3316096907019055,0.3191852159085672,0.9185676392572945,0.3627142000041203
8,0.00025,128,Tanh,100,0.3316096907019055,0.3191852159085672,0.9185676392572945,0.3737384999985806
8,0.00025,128,Tanh,300,0.3316096907019055,0.3191852159085672,0.9185676392572945,0.3736332999978913
8,0.00025,128,Tanh,500,0.3316096907019055,0.3191852159085672,0.9185676392572945,0.3619563999964157
8,0.00025,128,Tanh,1000,0.3316096907019055,0.3191852159085672,0.9185676392572945,0.3425661999935983
8,0.00025,128,Sigmoid,50,0.3325672699415876,0.3196649638731649,0.9212201591511936,0.2415005000075325
8,0.00025,128,Sigmoid,100,0.3325672699415876,0.3196649638731649,0.9212201591511936,0.2485831999947549
8,0.00025,128,Sigmoid,300,0.3325672699415876,0.3196649638731649,0.9212201591511936,0.2262769999942975
8,0.00025,128,Sigmoid,500,0.3325672699415876,0.3196649638731649,0.9212201591511936,0.236936399989645
8,0.00025,128,Sigmoid,1000,0.3325672699415876,0.3196649638731649,0.9212201591511936,0.2069126999995205
8,0.00025,128,GELU,50,0.3319927223977784,0.3193772741928055,0.9196286472148542,0.3854411000065738
8,0.00025,128,GELU,100,0.3319927223977784,0.3193772741928055,0.9196286472148542,0.3763993000029586
8,0.00025,128,GELU,300,0.3319927223977784,0.3193772741928055,0.9196286472148542,0.3751359000016236
8,0.00025,128,GELU,500,0.3319927223977784,0.3193772741928055,0.9196286472148542,0.372262499993667
8,0.00025,128,GELU,1000,0.3319927223977784,0.3193772741928055,0.9196286472148542,0.3313106000132393
8,0.00025,128,Softmax,50,0.3319927223977784,0.3193772741928055,0.9196286472148542,0.3422628999978769
8,0.00025,128,Softmax,100,0.3319927223977784,0.3193772741928055,0.9196286472148542,0.3542251000035321
8,0.00025,128,Softmax,300,0.3319927223977784,0.3193772741928055,0.9196286472148542,0.3517603000072995
8,0.00025,128,Softmax,500,0.3319927223977784,0.3193772741928055,0.9196286472148542,0.3536211000027833
8,0.00025,128,Softmax,1000,0.3319927223977784,0.3193772741928055,0.9196286472148542,0.3729713999928208
16,0.01,8,ReLU,50,0.6614692143989782,0.7172459525965782,0.9482758620689656,4.403849599999376
16,0.01,8,ReLU,100,0.6614692143989782,0.7172459525965782,0.9482758620689656,4.286806300005992
16,0.01,8,ReLU,300,0.6614692143989782,0.7172459525965782,0.9482758620689656,4.664552599992021
16,0.01,8,ReLU,500,0.6614692143989782,0.7172459525965782,0.9482758620689656,4.3908380000066245
16,0.01,8,ReLU,1000,0.6614692143989782,0.7172459525965782,0.9482758620689656,4.405417799993302
16,0.01,8,Tanh,50,0.5850389752416146,0.640347662354637,0.9381962864721486,3.243501599994488
16,0.01,8,Tanh,100,0.5850389752416146,0.640347662354637,0.9381962864721486,3.502240100002382
16,0.01,8,Tanh,300,0.5850389752416146,0.640347662354637,0.9381962864721486,3.2811340000043856
16,0.01,8,Tanh,500,0.5850389752416146,0.640347662354637,0.9381962864721486,3.385458100005053
16,0.01,8,Tanh,1000,0.5850389752416146,0.640347662354637,0.9381962864721486,3.242880399993737
16,0.01,8,Sigmoid,50,0.5591658024812786,0.6187363279970451,0.9376657824933688,4.256604399997741
16,0.01,8,Sigmoid,100,0.5591658024812786,0.6187363279970451,0.9376657824933688,4.6327928000100655
16,0.01,8,Sigmoid,300,0.5591658024812786,0.6187363279970451,0.9376657824933688,5.16372379999666
16,0.01,8,Sigmoid,500,0.5591658024812786,0.6187363279970451,0.9376657824933688,5.043485300004249
16,0.01,8,Sigmoid,1000,0.5591658024812786,0.6187363279970451,0.9376657824933688,5.20471190000535
16,0.01,8,GELU,50,0.6614692143989782,0.7172459525965782,0.9482758620689656,5.209403000000748
16,0.01,8,GELU,100,0.6614692143989782,0.7172459525965782,0.9482758620689656,5.149366999990889
16,0.01,8,GELU,300,0.6614692143989782,0.7172459525965782,0.9482758620689656,5.390311399998609
16,0.01,8,GELU,500,0.6614692143989782,0.7172459525965782,0.9482758620689656,5.241320600005565
16,0.01,8,GELU,1000,0.6614692143989782,0.7172459525965782,0.9482758620689656,5.270441300002858
16,0.01,8,Softmax,50,0.6614692143989782,0.7172459525965782,0.9482758620689656,5.443344899991644
16,0.01,8,Softmax,100,0.6614692143989782,0.7172459525965782,0.9482758620689656,5.227218799991533
16,0.01,8,Softmax,300,0.6614692143989782,0.7172459525965782,0.9482758620689656,5.3239672999916365
16,0.01,8,Softmax,500,0.6614692143989782,0.7172459525965782,0.9482758620689656,5.375188500009244
16,0.01,8,Softmax,1000,0.6614692143989782,0.7172459525965782,0.9482758620689656,5.198951900005341
16,0.01,16,ReLU,50,0.6234962044167213,0.6885283321597732,0.946153846153846,3.2906294999993406
16,0.01,16,ReLU,100,0.6234962044167213,0.6885283321597732,0.946153846153846,3.5336793000024045
16,0.01,16,ReLU,300,0.6234962044167213,0.6885283321597732,0.946153846153846,3.689666700011003
16,0.01,16,ReLU,500,0.6234962044167213,0.6885283321597732,0.946153846153846,3.320611600007396
16,0.01,16,ReLU,1000,0.6234962044167213,0.6885283321597732,0.946153846153846,3.358535099992878
16,0.01,16,Tanh,50,0.5569508172650446,0.6216693968604143,0.940053050397878,2.0708003000036115
16,0.01,16,Tanh,100,0.5569508172650446,0.6216693968604143,0.940053050397878,2.038985799998045
16,0.01,16,Tanh,300,0.5569508172650446,0.6216693968604143,0.940053050397878,2.100516899998184
16,0.01,16,Tanh,500,0.5569508172650446,0.6216693968604143,0.940053050397878,2.078443699996569
16,0.01,16,Tanh,1000,0.5569508172650446,0.6216693968604143,0.940053050397878,2.1623877999954857
16,0.01,16,Sigmoid,50,0.5676197152004508,0.6359210339268028,0.9421750663129972,2.161105999999563
16,0.01,16,Sigmoid,100,0.5676197152004508,0.6359210339268028,0.9421750663129972,2.1826415000105044
16,0.01,16,Sigmoid,300,0.5676197152004508,0.6359210339268028,0.9421750663129972,2.1621476000000257
16,0.01,16,Sigmoid,500,0.5676197152004508,0.6359210339268028,0.9421750663129972,2.112742600002093
16,0.01,16,Sigmoid,1000,0.5676197152004508,0.6359210339268028,0.9421750663129972,2.293040100004873
16,0.01,16,GELU,50,0.6234962044167213,0.6885283321597732,0.946153846153846,3.390582899999572
16,0.01,16,GELU,100,0.6234962044167213,0.6885283321597732,0.946153846153846,3.441621200006921
16,0.01,16,GELU,300,0.6234962044167213,0.6885283321597732,0.946153846153846,3.3578685999964364
16,0.01,16,GELU,500,0.6234962044167213,0.6885283321597732,0.946153846153846,3.6885817000002135
16,0.01,16,GELU,1000,0.6234962044167213,0.6885283321597732,0.946153846153846,3.4322296000027563
16,0.01,16,Softmax,50,0.6234962044167213,0.6885283321597732,0.946153846153846,3.3559988999913912
16,0.01,16,Softmax,100,0.6234962044167213,0.6885283321597732,0.946153846153846,3.386118400012492
16,0.01,16,Softmax,300,0.6234962044167213,0.6885283321597732,0.946153846153846,3.5413406000006944
16,0.01,16,Softmax,500,0.6234962044167213,0.6885283321597732,0.946153846153846,3.501314799999818
16,0.01,16,Softmax,1000,0.6234962044167213,0.6885283321597732,0.946153846153846,3.417324900001404
16,0.01,32,ReLU,50,0.5948514814343154,0.6564912710390912,0.9424403183023872,1.3877757000009296
16,0.01,32,ReLU,100,0.5948514814343154,0.6564912710390912,0.9424403183023872,1.4264002999989316
16,0.01,32,ReLU,300,0.5948514814343154,0.6564912710390912,0.9424403183023872,1.488377899993793
16,0.01,32,ReLU,500,0.5948514814343154,0.6564912710390912,0.9424403183023872,1.4111567999934778
16,0.01,32,ReLU,1000,0.5948514814343154,0.6564912710390912,0.9424403183023872,1.4288056000077631
16,0.01,32,Tanh,50,0.5514599706158783,0.6156278161136843,0.9392572944297082,0.8913370999944163
16,0.01,32,Tanh,100,0.5514599706158783,0.6156278161136843,0.9392572944297082,0.9645216999924742
16,0.01,32,Tanh,300,0.5514599706158783,0.6156278161136843,0.9392572944297082,0.9046391000010772
16,0.01,32,Tanh,500,0.5514599706158783,0.6156278161136843,0.9392572944297082,0.9324310999945736
16,0.01,32,Tanh,1000,0.5514599706158783,0.6156278161136843,0.9392572944297082,0.9917258999921614
16,0.01,32,Sigmoid,50,0.5412677528202735,0.6072869371530458,0.940318302387268,1.6221037000068463
16,0.01,32,Sigmoid,100,0.5412677528202735,0.6072869371530458,0.940318302387268,1.5344152999896323
16,0.01,32,Sigmoid,300,0.5412677528202735,0.6072869371530458,0.940318302387268,1.5708829999930458
16,0.01,32,Sigmoid,500,0.5412677528202735,0.6072869371530458,0.940318302387268,1.535276700000395
16,0.01,32,Sigmoid,1000,0.5412677528202735,0.6072869371530458,0.940318302387268,1.5249949999997623
16,0.01,32,GELU,50,0.5948514814343154,0.6564912710390912,0.9424403183023872,1.4065141000028234
16,0.01,32,GELU,100,0.5948514814343154,0.6564912710390912,0.9424403183023872,1.4813076999998884
16,0.01,32,GELU,300,0.5948514814343154,0.6564912710390912,0.9424403183023872,1.5483852999896044
16,0.01,32,GELU,500,0.5948514814343154,0.6564912710390912,0.9424403183023872,1.378434300000663
16,0.01,32,GELU,1000,0.5948514814343154,0.6564912710390912,0.9424403183023872,1.4294640000007348
16,0.01,32,Softmax,50,0.5948514814343154,0.6564912710390912,0.9424403183023872,1.469765700006974
16,0.01,32,Softmax,100,0.5948514814343154,0.6564912710390912,0.9424403183023872,1.51891230000183
16,0.01,32,Softmax,300,0.5948514814343154,0.6564912710390912,0.9424403183023872,1.4811975000047823
16,0.01,32,Softmax,500,0.5948514814343154,0.6564912710390912,0.9424403183023872,1.4268910999962827
16,0.01,32,Softmax,1000,0.5948514814343154,0.6564912710390912,0.9424403183023872,1.4478942999994615
16,0.01,64,ReLU,50,0.5844932693817961,0.6504020123250461,0.9416445623342176,0.9165477000060492
16,0.01,64,ReLU,100,0.5844932693817961,0.6504020123250461,0.9416445623342176,0.9053761000104714
16,0.01,64,ReLU,300,0.5844932693817961,0.6504020123250461,0.9416445623342176,0.9165745000063908
16,0.01,64,ReLU,500,0.5844932693817961,0.6504020123250461,0.9416445623342176,0.9231798999971944
16,0.01,64,ReLU,1000,0.5844932693817961,0.6504020123250461,0.9416445623342176,0.9762034000013956
16,0.01,64,Tanh,50,0.5576445348438042,0.6292520355254331,0.9424403183023872,0.663737900002161
16,0.01,64,Tanh,100,0.5576445348438042,0.6292520355254331,0.9424403183023872,0.683128199991188
16,0.01,64,Tanh,300,0.5576445348438042,0.6292520355254331,0.9424403183023872,0.6333989999984624
16,0.01,64,Tanh,500,0.5576445348438042,0.6292520355254331,0.9424403183023872,0.6578806999896187
16,0.01,64,Tanh,1000,0.5576445348438042,0.6292520355254331,0.9424403183023872,0.6593007000046782
16,0.01,64,Sigmoid,50,0.5405485136504921,0.600535826323286,0.9392572944297082,1.1229328000044916
16,0.01,64,Sigmoid,100,0.5405485136504921,0.600535826323286,0.9392572944297082,1.2071706999995513
16,0.01,64,Sigmoid,300,0.5405485136504921,0.600535826323286,0.9392572944297082,1.16847420000704
16,0.01,64,Sigmoid,500,0.5405485136504921,0.600535826323286,0.9392572944297082,1.1497359000059078
16,0.01,64,Sigmoid,1000,0.5405485136504921,0.600535826323286,0.9392572944297082,1.1492180999921402
16,0.01,64,GELU,50,0.5844932693817961,0.6504020123250461,0.9416445623342176,0.9471558999939588
16,0.01,64,GELU,100,0.5844932693817961,0.6504020123250461,0.9416445623342176,0.958987400008482
16,0.01,64,GELU,300,0.5844932693817961,0.6504020123250461,0.9416445623342176,0.9261253000004216
16,0.01,64,GELU,500,0.5844932693817961,0.6504020123250461,0.9416445623342176,0.9106980999931692
16,0.01,64,GELU,1000,0.5844932693817961,0.6504020123250461,0.9416445623342176,0.9758428000059212
16,0.01,64,Softmax,50,0.5844932693817961,0.6504020123250461,0.9416445623342176,0.992838699996355
16,0.01,64,Softmax,100,0.5844932693817961,0.6504020123250461,0.9416445623342176,0.9533322999923256
16,0.01,64,Softmax,300,0.5844932693817961,0.6504020123250461,0.9416445623342176,0.90558140000212
16,0.01,64,Softmax,500,0.5844932693817961,0.6504020123250461,0.9416445623342176,0.901230299990857
16,0.01,64,Softmax,1000,0.5844932693817961,0.6504020123250461,0.9416445623342176,0.8975768000091193
16,0.01,128,ReLU,50,0.5601702059429249,0.6286470298309087,0.9413793103448276,0.6541843000013614
16,0.01,128,ReLU,100,0.5601702059429249,0.6286470298309087,0.9413793103448276,0.6517028999951435
16,0.01,128,ReLU,300,0.5601702059429249,0.6286470298309087,0.9413793103448276,0.7479109000123572
16,0.01,128,ReLU,500,0.5601702059429249,0.6286470298309087,0.9413793103448276,0.6630109000107041
16,0.01,128,ReLU,1000,0.5601702059429249,0.6286470298309087,0.9413793103448276,0.7198765999928582
16,0.01,128,Tanh,50,0.5246112360778864,0.592663223981658,0.940053050397878,0.487591600001906
16,0.01,128,Tanh,100,0.5246112360778864,0.592663223981658,0.940053050397878,0.4893835000111721
16,0.01,128,Tanh,300,0.5246112360778864,0.592663223981658,0.940053050397878,0.5128795000055106
16,0.01,128,Tanh,500,0.5246112360778864,0.592663223981658,0.940053050397878,0.4811310999939451
16,0.01,128,Tanh,1000,0.5246112360778864,0.592663223981658,0.940053050397878,0.4887775999959558
16,0.01,128,Sigmoid,50,0.4828166588028784,0.5323117019999617,0.9381962864721486,0.6802278999966802
16,0.01,128,Sigmoid,100,0.4878521279431858,0.53767098906687,0.9381962864721486,0.8220727000007173
16,0.01,128,Sigmoid,300,0.4878521279431858,0.53767098906687,0.9381962864721486,0.7728384000074584
16,0.01,128,Sigmoid,500,0.4878521279431858,0.53767098906687,0.9381962864721486,0.7862802000017837
16,0.01,128,Sigmoid,1000,0.4878521279431858,0.53767098906687,0.9381962864721486,0.8108181999996305
16,0.01,128,GELU,50,0.5601702059429249,0.6286470298309087,0.9413793103448276,0.6630680999951437
16,0.01,128,GELU,100,0.5601702059429249,0.6286470298309087,0.9413793103448276,0.6962062999955378
16,0.01,128,GELU,300,0.5601702059429249,0.6286470298309087,0.9413793103448276,0.6048933999991277
16,0.01,128,GELU,500,0.5601702059429249,0.6286470298309087,0.9413793103448276,0.698176699996111
16,0.01,128,GELU,1000,0.5601702059429249,0.6286470298309087,0.9413793103448276,0.6885240000119666
16,0.01,128,Softmax,50,0.5601702059429249,0.6286470298309087,0.9413793103448276,0.6090979000000516
16,0.01,128,Softmax,100,0.5601702059429249,0.6286470298309087,0.9413793103448276,0.7446919999929378
16,0.01,128,Softmax,300,0.5601702059429249,0.6286470298309087,0.9413793103448276,0.6605133999983082
16,0.01,128,Softmax,500,0.5601702059429249,0.6286470298309087,0.9413793103448276,0.7100385000085225
16,0.01,128,Softmax,1000,0.5601702059429249,0.6286470298309087,0.9413793103448276,0.6610728000086965
16,0.001,8,ReLU,50,0.5277114547208163,0.5937058724731518,0.940583554376658,6.852986199999577
16,0.001,8,ReLU,100,0.5277114547208163,0.5937058724731518,0.940583554376658,7.0623063999955775
16,0.001,8,ReLU,300,0.5277114547208163,0.5937058724731518,0.940583554376658,6.821693999998388
16,0.001,8,ReLU,500,0.5277114547208163,0.5937058724731518,0.940583554376658,7.198811199996271
16,0.001,8,ReLU,1000,0.5277114547208163,0.5937058724731518,0.940583554376658,7.253521399994497
16,0.001,8,Tanh,50,0.5539442470660432,0.6281193837391272,0.9416445623342176,4.834800800002995
16,0.001,8,Tanh,100,0.5539442470660432,0.6281193837391272,0.9416445623342176,4.739368199996534
16,0.001,8,Tanh,300,0.5539442470660432,0.6281193837391272,0.9416445623342176,4.710538500003167
16,0.001,8,Tanh,500,0.5539442470660432,0.6281193837391272,0.9416445623342176,4.924738700006856
16,0.001,8,Tanh,1000,0.5539442470660432,0.6281193837391272,0.9416445623342176,4.798188800006756
16,0.001,8,Sigmoid,50,0.4470895852008856,0.4837126913344007,0.9368700265251988,6.654930999997305
16,0.001,8,Sigmoid,100,0.4470895852008856,0.4837126913344007,0.9368700265251988,6.58750969999528
16,0.001,8,Sigmoid,300,0.4470895852008856,0.4837126913344007,0.9368700265251988,6.52511489999597
16,0.001,8,Sigmoid,500,0.4470895852008856,0.4837126913344007,0.9368700265251988,6.46168230001058
16,0.001,8,Sigmoid,1000,0.4470895852008856,0.4837126913344007,0.9368700265251988,6.468846899995697
16,0.001,8,GELU,50,0.5277114547208163,0.5937058724731518,0.940583554376658,6.5272399999958
16,0.001,8,GELU,100,0.5277114547208163,0.5937058724731518,0.940583554376658,7.108573000004981
16,0.001,8,GELU,300,0.5277114547208163,0.5937058724731518,0.940583554376658,6.861365699995076
16,0.001,8,GELU,500,0.5277114547208163,0.5937058724731518,0.940583554376658,6.958336900002905
16,0.001,8,GELU,1000,0.5277114547208163,0.5937058724731518,0.940583554376658,6.913680500001647
16,0.001,8,Softmax,50,0.5277114547208163,0.5937058724731518,0.940583554376658,6.791348300001118
16,0.001,8,Softmax,100,0.5277114547208163,0.5937058724731518,0.940583554376658,7.181325800003833
16,0.001,8,Softmax,300,0.5277114547208163,0.5937058724731518,0.940583554376658,7.00218219999806
16,0.001,8,Softmax,500,0.5277114547208163,0.5937058724731518,0.940583554376658,6.886885100000654
16,0.001,8,Softmax,1000,0.5277114547208163,0.5937058724731518,0.940583554376658,7.03580850000435
16,0.001,16,ReLU,50,0.5121496697910353,0.5746766314742127,0.939787798408488,3.76985730000888
16,0.001,16,ReLU,100,0.5122454277150035,0.5750165480485904,0.940053050397878,4.53046059999906
16,0.001,16,ReLU,300,0.5122454277150035,0.5750165480485904,0.940053050397878,4.273858900007326
16,0.001,16,ReLU,500,0.5122454277150035,0.5750165480485904,0.940053050397878,4.550596900007804
16,0.001,16,ReLU,1000,0.5122454277150035,0.5750165480485904,0.940053050397878,4.362301800007117
16,0.001,16,Tanh,50,0.5177617959551916,0.5860046749667465,0.9395225464190982,3.36163050000323
16,0.001,16,Tanh,100,0.5177617959551916,0.5860046749667465,0.9395225464190982,3.7205423999985214
16,0.001,16,Tanh,300,0.5177617959551916,0.5860046749667465,0.9395225464190982,3.620239199997741
16,0.001,16,Tanh,500,0.5177617959551916,0.5860046749667465,0.9395225464190982,3.85119269999268
16,0.001,16,Tanh,1000,0.5177617959551916,0.5860046749667465,0.9395225464190982,3.703884599992307
16,0.001,16,Sigmoid,50,0.338487972508591,0.3303325638813251,0.9241379310344828,1.8272615000023509
16,0.001,16,Sigmoid,100,0.338487972508591,0.3303325638813251,0.9241379310344828,1.8266904999909457
16,0.001,16,Sigmoid,300,0.338487972508591,0.3303325638813251,0.9241379310344828,1.8605174999975131
16,0.001,16,Sigmoid,500,0.338487972508591,0.3303325638813251,0.9241379310344828,1.8460756999993464
16,0.001,16,Sigmoid,1000,0.338487972508591,0.3303325638813251,0.9241379310344828,1.8806708000047363
16,0.001,16,GELU,50,0.5121496697910353,0.5746766314742127,0.939787798408488,3.686075799996616
16,0.001,16,GELU,100,0.5122454277150035,0.5750165480485904,0.940053050397878,4.290007900010096
16,0.001,16,GELU,300,0.5122454277150035,0.5750165480485904,0.940053050397878,4.453359899998759
16,0.001,16,GELU,500,0.5122454277150035,0.5750165480485904,0.940053050397878,4.3275808000034885
16,0.001,16,GELU,1000,0.5122454277150035,0.5750165480485904,0.940053050397878,4.416400400004932
16,0.001,16,Softmax,50,0.5121496697910353,0.5746766314742127,0.939787798408488,3.698151599994162
16,0.001,16,Softmax,100,0.5122454277150035,0.5750165480485904,0.940053050397878,4.285541500008549
16,0.001,16,Softmax,300,0.5122454277150035,0.5750165480485904,0.940053050397878,4.604689899992081
16,0.001,16,Softmax,500,0.5122454277150035,0.5750165480485904,0.940053050397878,4.37998699999298
16,0.001,16,Softmax,1000,0.5122454277150035,0.5750165480485904,0.940053050397878,4.63936040000408
16,0.001,32,ReLU,50,0.4868276324635261,0.5388073547568992,0.940318302387268,1.997585600009188
16,0.001,32,ReLU,100,0.4868276324635261,0.5388073547568992,0.940318302387268,2.140201899994281
16,0.001,32,ReLU,300,0.4868276324635261,0.5388073547568992,0.940318302387268,2.264271699998062
16,0.001,32,ReLU,500,0.4868276324635261,0.5388073547568992,0.940318302387268,2.2287339999893447
16,0.001,32,ReLU,1000,0.4868276324635261,0.5388073547568992,0.940318302387268,2.150183499994455
16,0.001,32,Tanh,50,0.4780471608035331,0.5382413298432377,0.936604774535809,1.6653525000001537
16,0.001,32,Tanh,100,0.4780471608035331,0.5382413298432377,0.936604774535809,1.572937399992952
16,0.001,32,Tanh,300,0.4780471608035331,0.5382413298432377,0.936604774535809,1.5855939000030048
16,0.001,32,Tanh,500,0.4780471608035331,0.5382413298432377,0.936604774535809,1.570631399998092
16,0.001,32,Tanh,1000,0.4780471608035331,0.5382413298432377,0.936604774535809,1.642835999999079
16,0.001,32,Sigmoid,50,0.3333333333333333,0.3200478094975406,0.923342175066313,0.5800997000042116
16,0.001,32,Sigmoid,100,0.3333333333333333,0.3200478094975406,0.923342175066313,0.5919327000010526
16,0.001,32,Sigmoid,300,0.3333333333333333,0.3200478094975406,0.923342175066313,0.5980836999951862
16,0.001,32,Sigmoid,500,0.3333333333333333,0.3200478094975406,0.923342175066313,0.6192370999924606
16,0.001,32,Sigmoid,1000,0.3333333333333333,0.3200478094975406,0.923342175066313,0.6423451000009663
16,0.001,32,GELU,50,0.4868276324635261,0.5388073547568992,0.940318302387268,2.068497400003253
16,0.001,32,GELU,100,0.4868276324635261,0.5388073547568992,0.940318302387268,2.24908460000006
16,0.001,32,GELU,300,0.4868276324635261,0.5388073547568992,0.940318302387268,2.1697515999985626
16,0.001,32,GELU,500,0.4868276324635261,0.5388073547568992,0.940318302387268,2.2376196999975946
16,0.001,32,GELU,1000,0.4868276324635261,0.5388073547568992,0.940318302387268,2.147440899992944
16,0.001,32,Softmax,50,0.4868276324635261,0.5388073547568992,0.940318302387268,2.06524100000388
16,0.001,32,Softmax,100,0.4868276324635261,0.5388073547568992,0.940318302387268,2.242843600004562
16,0.001,32,Softmax,300,0.4868276324635261,0.5388073547568992,0.940318302387268,2.223285299987765
16,0.001,32,Softmax,500,0.4868276324635261,0.5388073547568992,0.940318302387268,2.279299200003152
16,0.001,32,Softmax,1000,0.4868276324635261,0.5388073547568992,0.940318302387268,2.132947999998578
16,0.001,64,ReLU,50,0.3825890739637218,0.4098463098463098,0.9275862068965516,0.9966654000018024
16,0.001,64,ReLU,100,0.3825890739637218,0.4098463098463098,0.9275862068965516,1.1342035999987274
16,0.001,64,ReLU,300,0.3825890739637218,0.4098463098463098,0.9275862068965516,1.0753421999979764
16,0.001,64,ReLU,500,0.3825890739637218,0.4098463098463098,0.9275862068965516,1.1951287999982014
16,0.001,64,ReLU,1000,0.3825890739637218,0.4098463098463098,0.9275862068965516,1.20671030000085
16,0.001,64,Tanh,50,0.4661856636515131,0.521119633535741,0.936604774535809,1.131867300005979
16,0.001,64,Tanh,100,0.4661856636515131,0.521119633535741,0.936604774535809,1.1941384000092512
16,0.001,64,Tanh,300,0.4661856636515131,0.521119633535741,0.936604774535809,1.246689899999183
16,0.001,64,Tanh,500,0.4661856636515131,0.521119633535741,0.936604774535809,1.2435392000043066
16,0.001,64,Tanh,1000,0.4661856636515131,0.521119633535741,0.936604774535809,1.1859972999955062
16,0.001,64,Sigmoid,50,0.3333333333333333,0.3200478094975406,0.923342175066313,0.327328800005489
16,0.001,64,Sigmoid,100,0.3333333333333333,0.3200478094975406,0.923342175066313,0.3639798999938648
16,0.001,64,Sigmoid,300,0.3333333333333333,0.3200478094975406,0.923342175066313,0.3357172999967588
16,0.001,64,Sigmoid,500,0.3333333333333333,0.3200478094975406,0.923342175066313,0.3639934999955585
16,0.001,64,Sigmoid,1000,0.3333333333333333,0.3200478094975406,0.923342175066313,0.3525125000014668
16,0.001,64,GELU,50,0.3825890739637218,0.4098463098463098,0.9275862068965516,0.9943777000007684
16,0.001,64,GELU,100,0.3825890739637218,0.4098463098463098,0.9275862068965516,1.2590885999961756
16,0.001,64,GELU,300,0.3825890739637218,0.4098463098463098,0.9275862068965516,1.2502651999966474
16,0.001,64,GELU,500,0.3825890739637218,0.4098463098463098,0.9275862068965516,1.2910848000028636
16,0.001,64,GELU,1000,0.3825890739637218,0.4098463098463098,0.9275862068965516,1.1608311000018148
16,0.001,64,Softmax,50,0.3825890739637218,0.4098463098463098,0.9275862068965516,1.0028304000006756
16,0.001,64,Softmax,100,0.3825890739637218,0.4098463098463098,0.9275862068965516,1.1402795000030892
16,0.001,64,Softmax,300,0.3825890739637218,0.4098463098463098,0.9275862068965516,1.16503279999597
16,0.001,64,Softmax,500,0.3825890739637218,0.4098463098463098,0.9275862068965516,1.2418271000060486
16,0.001,64,Softmax,1000,0.3825890739637218,0.4098463098463098,0.9275862068965516,1.2127703000005567
16,0.001,128,ReLU,50,0.3361717997953804,0.3262294986745376,0.9217506631299734,0.3039573000132805
16,0.001,128,ReLU,100,0.3361717997953804,0.3262294986745376,0.9217506631299734,0.3224528999999165
16,0.001,128,ReLU,300,0.3361717997953804,0.3262294986745376,0.9217506631299734,0.3027388999907998
16,0.001,128,ReLU,500,0.3361717997953804,0.3262294986745376,0.9217506631299734,0.3499750000046333
16,0.001,128,ReLU,1000,0.3361717997953804,0.3262294986745376,0.9217506631299734,0.3245236999937333
16,0.001,128,Tanh,50,0.420221657511991,0.4594044216600743,0.93342175066313,0.7116361999942455
16,0.001,128,Tanh,100,0.420221657511991,0.4594044216600743,0.93342175066313,0.7743976000056136
16,0.001,128,Tanh,300,0.420221657511991,0.4594044216600743,0.93342175066313,0.775869800010696
16,0.001,128,Tanh,500,0.420221657511991,0.4594044216600743,0.93342175066313,0.7945153000036953
16,0.001,128,Tanh,1000,0.420221657511991,0.4594044216600743,0.93342175066313,0.7547913000016706
16,0.001,128,Sigmoid,50,0.3333333333333333,0.3200478094975406,0.923342175066313,0.2240610000008018
16,0.001,128,Sigmoid,100,0.3333333333333333,0.3200478094975406,0.923342175066313,0.2227180999907432
16,0.001,128,Sigmoid,300,0.3333333333333333,0.3200478094975406,0.923342175066313,0.2386403999989852
16,0.001,128,Sigmoid,500,0.3333333333333333,0.3200478094975406,0.923342175066313,0.2396281999972416
16,0.001,128,Sigmoid,1000,0.3333333333333333,0.3200478094975406,0.923342175066313,0.2280510999989928
16,0.001,128,GELU,50,0.3361717997953804,0.3262294986745376,0.9217506631299734,0.3124181000021053
16,0.001,128,GELU,100,0.3361717997953804,0.3262294986745376,0.9217506631299734,0.3105556000082288
16,0.001,128,GELU,300,0.3361717997953804,0.3262294986745376,0.9217506631299734,0.3215204000007361
16,0.001,128,GELU,500,0.3361717997953804,0.3262294986745376,0.9217506631299734,0.3107622999959858
16,0.001,128,GELU,1000,0.3361717997953804,0.3262294986745376,0.9217506631299734,0.2981537000014214
16,0.001,128,Softmax,50,0.3361717997953804,0.3262294986745376,0.9217506631299734,0.3313015000021551
16,0.001,128,Softmax,100,0.3361717997953804,0.3262294986745376,0.9217506631299734,0.3302483000006759
16,0.001,128,Softmax,300,0.3361717997953804,0.3262294986745376,0.9217506631299734,0.3291803000029176
16,0.001,128,Softmax,500,0.3361717997953804,0.3262294986745376,0.9217506631299734,0.2921223000012105
16,0.001,128,Softmax,1000,0.3361717997953804,0.3262294986745376,0.9217506631299734,0.3238487000053283
16,0.0001,8,ReLU,50,0.336459073567285,0.326567301499678,0.9225464190981432,2.6236656999972183
16,0.0001,8,ReLU,100,0.336459073567285,0.326567301499678,0.9225464190981432,2.666744699992705
16,0.0001,8,ReLU,300,0.336459073567285,0.326567301499678,0.9225464190981432,2.706792900004075
16,0.0001,8,ReLU,500,0.336459073567285,0.326567301499678,0.9225464190981432,2.6234589000087
16,0.0001,8,ReLU,1000,0.336459073567285,0.326567301499678,0.9225464190981432,2.6593651000002865
16,0.0001,8,Tanh,50,0.3753800142561363,0.3964786992930623,0.926525198938992,6.715867899998557
16,0.0001,8,Tanh,100,0.3753800142561363,0.3964786992930623,0.926525198938992,7.14021739999589
16,0.0001,8,Tanh,300,0.3753800142561363,0.3964786992930623,0.926525198938992,7.05691110000771
16,0.0001,8,Tanh,500,0.3753800142561363,0.3964786992930623,0.926525198938992,7.246931000001496
16,0.0001,8,Tanh,1000,0.3753800142561363,0.3964786992930623,0.926525198938992,7.221893599999021
16,0.0001,8,Sigmoid,50,0.3333333333333333,0.3200478094975406,0.923342175066313,1.973132499988424
16,0.0001,8,Sigmoid,100,0.3333333333333333,0.3200478094975406,0.923342175066313,1.9691225999995368
16,0.0001,8,Sigmoid,300,0.3333333333333333,0.3200478094975406,0.923342175066313,1.9978868999896804
16,0.0001,8,Sigmoid,500,0.3333333333333333,0.3200478094975406,0.923342175066313,2.0124738000013167
16,0.0001,8,Sigmoid,1000,0.3333333333333333,0.3200478094975406,0.923342175066313,1.9856684999977008
16,0.0001,8,GELU,50,0.336459073567285,0.326567301499678,0.9225464190981432,2.602190799996606
16,0.0001,8,GELU,100,0.336459073567285,0.326567301499678,0.9225464190981432,2.626722500004689
16,0.0001,8,GELU,300,0.336459073567285,0.326567301499678,0.9225464190981432,2.596011300003738
16,0.0001,8,GELU,500,0.336459073567285,0.326567301499678,0.9225464190981432,2.601231299995561
16,0.0001,8,GELU,1000,0.336459073567285,0.326567301499678,0.9225464190981432,2.670807100003003
16,0.0001,8,Softmax,50,0.336459073567285,0.326567301499678,0.9225464190981432,2.6005771000054665
16,0.0001,8,Softmax,100,0.336459073567285,0.326567301499678,0.9225464190981432,2.6398316999984672
16,0.0001,8,Softmax,300,0.336459073567285,0.326567301499678,0.9225464190981432,2.6405249999952503
16,0.0001,8,Softmax,500,0.336459073567285,0.326567301499678,0.9225464190981432,2.630608800012851
16,0.0001,8,Softmax,1000,0.336459073567285,0.326567301499678,0.9225464190981432,2.649253099996713
16,0.0001,16,ReLU,50,0.335980283947444,0.326010394951149,0.9212201591511936,1.7781376999919305
16,0.0001,16,ReLU,100,0.335980283947444,0.326010394951149,0.9212201591511936,1.712146699996083
16,0.0001,16,ReLU,300,0.335980283947444,0.326010394951149,0.9212201591511936,1.7363553999894066
16,0.0001,16,ReLU,500,0.335980283947444,0.326010394951149,0.9212201591511936,1.7261090999963926
16,0.0001,16,ReLU,1000,0.335980283947444,0.326010394951149,0.9212201591511936,1.7787065999873448
16,0.0001,16,Tanh,50,0.3324715120176194,0.3196170486974132,0.9209549071618036,2.416164900001604
16,0.0001,16,Tanh,100,0.3324715120176194,0.3196170486974132,0.9209549071618036,2.4529163999977754
16,0.0001,16,Tanh,300,0.3324715120176194,0.3196170486974132,0.9209549071618036,2.438175899995258
16,0.0001,16,Tanh,500,0.3324715120176194,0.3196170486974132,0.9209549071618036,2.500335199991241
16,0.0001,16,Tanh,1000,0.3324715120176194,0.3196170486974132,0.9209549071618036,2.481982600002084
16,0.0001,16,Sigmoid,50,0.3333333333333333,0.3200478094975406,0.923342175066313,1.086668699994334
16,0.0001,16,Sigmoid,100,0.3333333333333333,0.3200478094975406,0.923342175066313,1.03095340001164
16,0.0001,16,Sigmoid,300,0.3333333333333333,0.3200478094975406,0.923342175066313,1.087193400002434
16,0.0001,16,Sigmoid,500,0.3333333333333333,0.3200478094975406,0.923342175066313,1.0549997999914922
16,0.0001,16,Sigmoid,1000,0.3333333333333333,0.3200478094975406,0.923342175066313,1.0470048999995925
16,0.0001,16,GELU,50,0.335980283947444,0.326010394951149,0.9212201591511936,1.763911999994889
16,0.0001,16,GELU,100,0.335980283947444,0.326010394951149,0.9212201591511936,1.719469299991033
16,0.0001,16,GELU,300,0.335980283947444,0.326010394951149,0.9212201591511936,1.691597699988051
16,0.0001,16,GELU,500,0.335980283947444,0.326010394951149,0.9212201591511936,1.7589638000063132
16,0.0001,16,GELU,1000,0.335980283947444,0.326010394951149,0.9212201591511936,1.7683935000095516
16,0.0001,16,Softmax,50,0.335980283947444,0.326010394951149,0.9212201591511936,1.7085971999913454
16,0.0001,16,Softmax,100,0.335980283947444,0.326010394951149,0.9212201591511936,1.7445179999922402
16,0.0001,16,Softmax,300,0.335980283947444,0.326010394951149,0.9212201591511936,1.6859115999977805
16,0.0001,16,Softmax,500,0.335980283947444,0.326010394951149,0.9212201591511936,1.7483360999904107
16,0.0001,16,Softmax,1000,0.335980283947444,0.326010394951149,0.9212201591511936,1.748142900003586
16,0.0001,32,ReLU,50,0.3360760418714122,0.326119360709253,0.9214854111405836,1.3191778999898816
16,0.0001,32,ReLU,100,0.3360760418714122,0.326119360709253,0.9214854111405836,1.2704566000029445
16,0.0001,32,ReLU,300,0.3360760418714122,0.326119360709253,0.9214854111405836,1.2997240999975477
16,0.0001,32,ReLU,500,0.3360760418714122,0.326119360709253,0.9214854111405836,1.2841157000075327
16,0.0001,32,ReLU,1000,0.3360760418714122,0.326119360709253,0.9214854111405836,1.3331402999901911
16,0.0001,32,Tanh,50,0.3356930101755394,0.3256902015767264,0.920424403183024,2.0987039000028744
16,0.0001,32,Tanh,100,0.3356930101755394,0.3256902015767264,0.920424403183024,2.0653377000126056
16,0.0001,32,Tanh,300,0.3356930101755394,0.3256902015767264,0.920424403183024,2.059046000009402
16,0.0001,32,Tanh,500,0.3356930101755394,0.3256902015767264,0.920424403183024,2.08815159999358
16,0.0001,32,Tanh,1000,0.3356930101755394,0.3256902015767264,0.920424403183024,2.011660500007565
16,0.0001,32,Sigmoid,50,0.3333333333333333,0.3200478094975406,0.923342175066313,0.5913552999991225
16,0.0001,32,Sigmoid,100,0.3333333333333333,0.3200478094975406,0.923342175066313,0.5816449999983888
16,0.0001,32,Sigmoid,300,0.3333333333333333,0.3200478094975406,0.923342175066313,0.6027441000042018
16,0.0001,32,Sigmoid,500,0.3333333333333333,0.3200478094975406,0.923342175066313,0.5906043000140926
16,0.0001,32,Sigmoid,1000,0.3333333333333333,0.3200478094975406,0.923342175066313,0.591903699998511
16,0.0001,32,GELU,50,0.3360760418714122,0.326119360709253,0.9214854111405836,1.3366234999994049
16,0.0001,32,GELU,100,0.3360760418714122,0.326119360709253,0.9214854111405836,1.2650721999962116
16,0.0001,32,GELU,300,0.3360760418714122,0.326119360709253,0.9214854111405836,1.3012435999989975
16,0.0001,32,GELU,500,0.3360760418714122,0.326119360709253,0.9214854111405836,1.3020977999985917
16,0.0001,32,GELU,1000,0.3360760418714122,0.326119360709253,0.9214854111405836,1.3133457000076303
16,0.0001,32,Softmax,50,0.3360760418714122,0.326119360709253,0.9214854111405836,1.2434912000026088
16,0.0001,32,Softmax,100,0.3360760418714122,0.326119360709253,0.9214854111405836,1.273859499997343
16,0.0001,32,Softmax,300,0.3360760418714122,0.326119360709253,0.9214854111405836,1.2548513999936404
16,0.0001,32,Softmax,500,0.3360760418714122,0.326119360709253,0.9214854111405836,1.245255100002396
16,0.0001,32,Softmax,1000,0.3360760418714122,0.326119360709253,0.9214854111405836,1.2841201000119329
16,0.0001,64,ReLU,50,0.335980283947444,0.326010394951149,0.9212201591511936,1.1010577000124613
16,0.0001,64,ReLU,100,0.335980283947444,0.326010394951149,0.9212201591511936,1.130490399998962
16,0.0001,64,ReLU,300,0.335980283947444,0.326010394951149,0.9212201591511936,1.080854800005909
16,0.0001,64,ReLU,500,0.335980283947444,0.326010394951149,0.9212201591511936,1.2163610999996308
16,0.0001,64,ReLU,1000,0.335980283947444,0.326010394951149,0.9212201591511936,1.1399445999995803
16,0.0001,64,Tanh,50,0.3363290443863176,0.3276387922202845,0.9127320954907162,1.30702459999884
16,0.0001,64,Tanh,100,0.3363290443863176,0.3276612150414327,0.9127320954907162,1.464215799991507
16,0.0001,64,Tanh,300,0.3363290443863176,0.3276612150414327,0.9127320954907162,1.4245086000009906
16,0.0001,64,Tanh,500,0.3363290443863176,0.3276612150414327,0.9127320954907162,1.4550310000049649
16,0.0001,64,Tanh,1000,0.3363290443863176,0.3276612150414327,0.9127320954907162,1.468369399997755
16,0.0001,64,Sigmoid,50,0.3333333333333333,0.3200478094975406,0.923342175066313,0.3407026999921072
16,0.0001,64,Sigmoid,100,0.3333333333333333,0.3200478094975406,0.923342175066313,0.3604398000024957
16,0.0001,64,Sigmoid,300,0.3333333333333333,0.3200478094975406,0.923342175066313,0.3331613000045763
16,0.0001,64,Sigmoid,500,0.3333333333333333,0.3200478094975406,0.923342175066313,0.3615699999936623
16,0.0001,64,Sigmoid,1000,0.3333333333333333,0.3200478094975406,0.923342175066313,0.3559053999924799
16,0.0001,64,GELU,50,0.335980283947444,0.326010394951149,0.9212201591511936,1.1142896999954246
16,0.0001,64,GELU,100,0.335980283947444,0.326010394951149,0.9212201591511936,1.0998208999953931
16,0.0001,64,GELU,300,0.335980283947444,0.326010394951149,0.9212201591511936,1.1138556999940192
16,0.0001,64,GELU,500,0.335980283947444,0.326010394951149,0.9212201591511936,1.1246354000031715
16,0.0001,64,GELU,1000,0.335980283947444,0.326010394951149,0.9212201591511936,1.147575099996175
16,0.0001,64,Softmax,50,0.335980283947444,0.326010394951149,0.9212201591511936,1.1863124999945285
16,0.0001,64,Softmax,100,0.335980283947444,0.326010394951149,0.9212201591511936,1.1485408000007735
16,0.0001,64,Softmax,300,0.335980283947444,0.326010394951149,0.9212201591511936,1.1511610000015935
16,0.0001,64,Softmax,500,0.335980283947444,0.326010394951149,0.9212201591511936,1.142128200008301
16,0.0001,64,Softmax,1000,0.335980283947444,0.326010394951149,0.9212201591511936,1.14451640000334
16,0.0001,128,ReLU,50,0.3339693675441116,0.3239428981811253,0.9156498673740052,0.769625900007668
16,0.0001,128,ReLU,100,0.3342566413160162,0.3242164915072936,0.916445623342175,0.8916098999907263
16,0.0001,128,ReLU,300,0.3342566413160162,0.3242164915072936,0.916445623342175,0.9329877999989548
16,0.0001,128,ReLU,500,0.3342566413160162,0.3242164915072936,0.916445623342175,0.8658650999859674
16,0.0001,128,ReLU,1000,0.3342566413160162,0.3242164915072936,0.916445623342175,0.91403139999602
16,0.0001,128,Tanh,50,0.3353301380426072,0.3238707867863878,0.8721485411140584,0.7791646999976365
16,0.0001,128,Tanh,100,0.3390717529243965,0.331025574351492,0.9108753315649868,1.2899164000118617
16,0.0001,128,Tanh,300,0.3390717529243965,0.331025574351492,0.9108753315649868,1.3033130999974674
16,0.0001,128,Tanh,500,0.3390717529243965,0.331025574351492,0.9108753315649868,1.2871623999963049
16,0.0001,128,Tanh,1000,0.3390717529243965,0.331025574351492,0.9108753315649868,1.3074376000004122
16,0.0001,128,Sigmoid,50,0.3333333333333333,0.3200478094975406,0.923342175066313,0.2381592000019736
16,0.0001,128,Sigmoid,100,0.3333333333333333,0.3200478094975406,0.923342175066313,0.2374239999917335
16,0.0001,128,Sigmoid,300,0.3333333333333333,0.3200478094975406,0.923342175066313,0.2404775000031804
16,0.0001,128,Sigmoid,500,0.3333333333333333,0.3200478094975406,0.923342175066313,0.2242364999983692
16,0.0001,128,Sigmoid,1000,0.3333333333333333,0.3200478094975406,0.923342175066313,0.2273742000106722
16,0.0001,128,GELU,50,0.3339693675441116,0.3239428981811253,0.9156498673740052,0.8234852000023238
16,0.0001,128,GELU,100,0.3342566413160162,0.3242164915072936,0.916445623342175,0.9370387000089976
16,0.0001,128,GELU,300,0.3342566413160162,0.3242164915072936,0.916445623342175,0.9401327000086894
16,0.0001,128,GELU,500,0.3342566413160162,0.3242164915072936,0.916445623342175,0.9039016999886372
16,0.0001,128,GELU,1000,0.3342566413160162,0.3242164915072936,0.916445623342175,0.8912069000070915
16,0.0001,128,Softmax,50,0.3339693675441116,0.3239428981811253,0.9156498673740052,0.8016862999938894
16,0.0001,128,Softmax,100,0.3342566413160162,0.3242164915072936,0.916445623342175,0.9482137999875704
16,0.0001,128,Softmax,300,0.3342566413160162,0.3242164915072936,0.916445623342175,0.8901668999897083
16,0.0001,128,Softmax,500,0.3342566413160162,0.3242164915072936,0.916445623342175,0.9269614000077128
16,0.0001,128,Softmax,1000,0.3342566413160162,0.3242164915072936,0.916445623342175,0.8972519999952056
16,0.00025,8,ReLU,50,0.4355174713008098,0.4743352582519597,0.9358090185676392,7.576131299996632
16,0.00025,8,ReLU,100,0.4408402142130219,0.483952547409304,0.936604774535809,9.816019499994582
16,0.00025,8,ReLU,300,0.4408402142130219,0.483952547409304,0.936604774535809,9.964062900005956
16,0.00025,8,ReLU,500,0.4408402142130219,0.483952547409304,0.936604774535809,9.883867600001397
16,0.00025,8,ReLU,1000,0.4408402142130219,0.483952547409304,0.936604774535809,9.763121500000125
16,0.00025,8,Tanh,50,0.4628215833476606,0.518935264595642,0.9358090185676392,6.9186594000057084
16,0.00025,8,Tanh,100,0.4628215833476606,0.518935264595642,0.9358090185676392,7.012812899993151
16,0.00025,8,Tanh,300,0.4628215833476606,0.518935264595642,0.9358090185676392,6.951617099999567
16,0.00025,8,Tanh,500,0.4628215833476606,0.518935264595642,0.9358090185676392,6.95602310000686
16,0.00025,8,Tanh,1000,0.4628215833476606,0.518935264595642,0.9358090185676392,6.803760599999805
16,0.00025,8,Sigmoid,50,0.3333333333333333,0.3200478094975406,0.923342175066313,1.98236480000196
16,0.00025,8,Sigmoid,100,0.3333333333333333,0.3200478094975406,0.923342175066313,1.9936913999990795
16,0.00025,8,Sigmoid,300,0.3333333333333333,0.3200478094975406,0.923342175066313,2.0165894999954617
16,0.00025,8,Sigmoid,500,0.3333333333333333,0.3200478094975406,0.923342175066313,2.012417000005371
16,0.00025,8,Sigmoid,1000,0.3333333333333333,0.3200478094975406,0.923342175066313,2.0291836999967927
16,0.00025,8,GELU,50,0.4355174713008098,0.4743352582519597,0.9358090185676392,7.367786600007093
16,0.00025,8,GELU,100,0.4408402142130219,0.483952547409304,0.936604774535809,9.577208500006236
16,0.00025,8,GELU,300,0.4408402142130219,0.483952547409304,0.936604774535809,9.504910300005577
16,0.00025,8,GELU,500,0.4408402142130219,0.483952547409304,0.936604774535809,9.59517380000034
16,0.00025,8,GELU,1000,0.4408402142130219,0.483952547409304,0.936604774535809,9.760410699993372
16,0.00025,8,Softmax,50,0.4355174713008098,0.4743352582519597,0.9358090185676392,7.369072999994387
16,0.00025,8,Softmax,100,0.4408402142130219,0.483952547409304,0.936604774535809,9.792842399998335
16,0.00025,8,Softmax,300,0.4408402142130219,0.483952547409304,0.936604774535809,9.448976500003482
16,0.00025,8,Softmax,500,0.4408402142130219,0.483952547409304,0.936604774535809,9.741478599986294
16,0.00025,8,Softmax,1000,0.4408402142130219,0.483952547409304,0.936604774535809,9.59539109999605
16,0.00025,16,ReLU,50,0.3329503016374605,0.3198564923416586,0.9222811671087532,1.2829219000122976
16,0.00025,16,ReLU,100,0.3329503016374605,0.3198564923416586,0.9222811671087532,1.3118990999937523
16,0.00025,16,ReLU,300,0.3329503016374605,0.3198564923416586,0.9222811671087532,1.310697099994286
16,0.00025,16,ReLU,500,0.3329503016374605,0.3198564923416586,0.9222811671087532,1.280772199999774
16,0.00025,16,ReLU,1000,0.3329503016374605,0.3198564923416586,0.9222811671087532,1.2703502999938792
16,0.00025,16,Tanh,50,0.4645866206280442,0.5184059924880946,0.9371352785145888,3.836245200000121
16,0.00025,16,Tanh,100,0.4645866206280442,0.5184059924880946,0.9371352785145888,4.557786399993347
16,0.00025,16,Tanh,300,0.4645866206280442,0.5184059924880946,0.9371352785145888,4.380866100007552
16,0.00025,16,Tanh,500,0.4645866206280442,0.5184059924880946,0.9371352785145888,4.398849100005464
16,0.00025,16,Tanh,1000,0.4645866206280442,0.5184059924880946,0.9371352785145888,4.326883899993845
16,0.00025,16,Sigmoid,50,0.3333333333333333,0.3200478094975406,0.923342175066313,1.0094740000058664
16,0.00025,16,Sigmoid,100,0.3333333333333333,0.3200478094975406,0.923342175066313,1.061598900007084
16,0.00025,16,Sigmoid,300,0.3333333333333333,0.3200478094975406,0.923342175066313,1.07593910000287
16,0.00025,16,Sigmoid,500,0.3333333333333333,0.3200478094975406,0.923342175066313,1.0748534000013024
16,0.00025,16,Sigmoid,1000,0.3333333333333333,0.3200478094975406,0.923342175066313,1.0413884000008693
16,0.00025,16,GELU,50,0.3329503016374605,0.3198564923416586,0.9222811671087532,1.288458700000774
16,0.00025,16,GELU,100,0.3329503016374605,0.3198564923416586,0.9222811671087532,1.2914988999982595
16,0.00025,16,GELU,300,0.3329503016374605,0.3198564923416586,0.9222811671087532,1.2867842999985442
16,0.00025,16,GELU,500,0.3329503016374605,0.3198564923416586,0.9222811671087532,1.2715100000059465
16,0.00025,16,GELU,1000,0.3329503016374605,0.3198564923416586,0.9222811671087532,1.2474642000015592
16,0.00025,16,Softmax,50,0.3329503016374605,0.3198564923416586,0.9222811671087532,1.2811432000016794
16,0.00025,16,Softmax,100,0.3329503016374605,0.3198564923416586,0.9222811671087532,1.3053660000005038
16,0.00025,16,Softmax,300,0.3329503016374605,0.3198564923416586,0.9222811671087532,1.3297783000016352
16,0.00025,16,Softmax,500,0.3329503016374605,0.3198564923416586,0.9222811671087532,1.2651063999946928
16,0.00025,16,Softmax,1000,0.3329503016374605,0.3198564923416586,0.9222811671087532,1.3257481999899028
16,0.00025,32,ReLU,50,0.3360760418714122,0.326119360709253,0.9214854111405836,0.8600550999981351
16,0.00025,32,ReLU,100,0.3360760418714122,0.326119360709253,0.9214854111405836,0.8675923999981023
16,0.00025,32,ReLU,300,0.3360760418714122,0.326119360709253,0.9214854111405836,0.8616957999911392
16,0.00025,32,ReLU,500,0.3360760418714122,0.326119360709253,0.9214854111405836,0.8280282000050647
16,0.00025,32,ReLU,1000,0.3360760418714122,0.326119360709253,0.9214854111405836,0.8281419000122696
16,0.00025,32,Tanh,50,0.4102719987463661,0.4491296444532873,0.9323607427055703,2.035860000003595
16,0.00025,32,Tanh,100,0.4154989837346099,0.4580229039298788,0.93289124668435,2.534278199993423
16,0.00025,32,Tanh,300,0.4154989837346099,0.4580229039298788,0.93289124668435,2.557049300012295
16,0.00025,32,Tanh,500,0.4154989837346099,0.4580229039298788,0.93289124668435,2.553671999994549
16,0.00025,32,Tanh,1000,0.4154989837346099,0.4580229039298788,0.93289124668435,2.626479800004745
16,0.00025,32,Sigmoid,50,0.3333333333333333,0.3200478094975406,0.923342175066313,0.5714907000074163
16,0.00025,32,Sigmoid,100,0.3333333333333333,0.3200478094975406,0.923342175066313,0.6046882999944501
16,0.00025,32,Sigmoid,300,0.3333333333333333,0.3200478094975406,0.923342175066313,0.5903809000010369
16,0.00025,32,Sigmoid,500,0.3333333333333333,0.3200478094975406,0.923342175066313,0.5848945000034291
16,0.00025,32,Sigmoid,1000,0.3333333333333333,0.3200478094975406,0.923342175066313,0.583617200012668
16,0.00025,32,GELU,50,0.3360760418714122,0.326119360709253,0.9214854111405836,0.8427211000089301
16,0.00025,32,GELU,100,0.3360760418714122,0.326119360709253,0.9214854111405836,0.835888799992972
16,0.00025,32,GELU,300,0.3360760418714122,0.326119360709253,0.9214854111405836,0.8468894000106957
16,0.00025,32,GELU,500,0.3360760418714122,0.326119360709253,0.9214854111405836,0.8532036999968113
16,0.00025,32,GELU,1000,0.3360760418714122,0.326119360709253,0.9214854111405836,0.8341792999999598
16,0.00025,32,Softmax,50,0.3360760418714122,0.326119360709253,0.9214854111405836,0.8353696999984095
16,0.00025,32,Softmax,100,0.3360760418714122,0.326119360709253,0.9214854111405836,0.851119099999778
16,0.00025,32,Softmax,300,0.3360760418714122,0.326119360709253,0.9214854111405836,0.8224974000040675
16,0.00025,32,Softmax,500,0.3360760418714122,0.326119360709253,0.9214854111405836,0.8612215000030119
16,0.00025,32,Softmax,1000,0.3360760418714122,0.326119360709253,0.9214854111405836,0.8070510000106879
16,0.00025,64,ReLU,50,0.3360760418714122,0.326119360709253,0.9214854111405836,0.700857999996515
16,0.00025,64,ReLU,100,0.3360760418714122,0.326119360709253,0.9214854111405836,0.6462229000026127
16,0.00025,64,ReLU,300,0.3360760418714122,0.326119360709253,0.9214854111405836,0.634069499996258
16,0.00025,64,ReLU,500,0.3360760418714122,0.326119360709253,0.9214854111405836,0.5969403999915812
16,0.00025,64,ReLU,1000,0.3360760418714122,0.326119360709253,0.9214854111405836,0.6422347000043374
16,0.00025,64,Tanh,50,0.3531390024206544,0.358612468881828,0.923342175066313,1.2158628999895882
16,0.00025,64,Tanh,100,0.3531390024206544,0.358612468881828,0.923342175066313,1.4139182999933837
16,0.00025,64,Tanh,300,0.3531390024206544,0.358612468881828,0.923342175066313,1.3660436999925878
16,0.00025,64,Tanh,500,0.3531390024206544,0.358612468881828,0.923342175066313,1.3733291999960784
16,0.00025,64,Tanh,1000,0.3531390024206544,0.358612468881828,0.923342175066313,1.3531867999990936
16,0.00025,64,Sigmoid,50,0.3333333333333333,0.3200478094975406,0.923342175066313,0.3291591000015614
16,0.00025,64,Sigmoid,100,0.3333333333333333,0.3200478094975406,0.923342175066313,0.3541021999990335
16,0.00025,64,Sigmoid,300,0.3333333333333333,0.3200478094975406,0.923342175066313,0.3361378999979934
16,0.00025,64,Sigmoid,500,0.3333333333333333,0.3200478094975406,0.923342175066313,0.3443305999971926
16,0.00025,64,Sigmoid,1000,0.3333333333333333,0.3200478094975406,0.923342175066313,0.3443419999966863
16,0.00025,64,GELU,50,0.3360760418714122,0.326119360709253,0.9214854111405836,0.6391563999932259
16,0.00025,64,GELU,100,0.3360760418714122,0.326119360709253,0.9214854111405836,0.6312277999968501
16,0.00025,64,GELU,300,0.3360760418714122,0.326119360709253,0.9214854111405836,0.6358190000028117
16,0.00025,64,GELU,500,0.3360760418714122,0.326119360709253,0.9214854111405836,0.6096450000040932
16,0.00025,64,GELU,1000,0.3360760418714122,0.326119360709253,0.9214854111405836,0.619310599999153
16,0.00025,64,Softmax,50,0.3360760418714122,0.326119360709253,0.9214854111405836,0.6330620000080671
16,0.00025,64,Softmax,100,0.3360760418714122,0.326119360709253,0.9214854111405836,0.6433991000085371
16,0.00025,64,Softmax,300,0.3360760418714122,0.326119360709253,0.9214854111405836,0.6443900000012945
16,0.00025,64,Softmax,500,0.3360760418714122,0.326119360709253,0.9214854111405836,0.6442341000074521
16,0.00025,64,Softmax,1000,0.3360760418714122,0.326119360709253,0.9214854111405836,0.623088699998334
16,0.00025,128,ReLU,50,0.335980283947444,0.326010394951149,0.9212201591511936,0.5774722000060137
16,0.00025,128,ReLU,100,0.335980283947444,0.326010394951149,0.9212201591511936,0.6053949999914039
16,0.00025,128,ReLU,300,0.335980283947444,0.326010394951149,0.9212201591511936,0.573792199997115
16,0.00025,128,ReLU,500,0.335980283947444,0.326010394951149,0.9212201591511936,0.5681833000126062
16,0.00025,128,ReLU,1000,0.335980283947444,0.326010394951149,0.9212201591511936,0.5571964999980992
16,0.00025,128,Tanh,50,0.3407953955558243,0.3336148051453591,0.9156498673740052,0.7567080000007991
16,0.00025,128,Tanh,100,0.3410826693277289,0.3340911546855493,0.916445623342175,0.9813610000128392
16,0.00025,128,Tanh,300,0.3410826693277289,0.3340911546855493,0.916445623342175,0.9283555000001796
16,0.00025,128,Tanh,500,0.3410826693277289,0.3340911546855493,0.916445623342175,0.9488309000007576
16,0.00025,128,Tanh,1000,0.3410826693277289,0.3340911546855493,0.916445623342175,0.9756066999980249
16,0.00025,128,Sigmoid,50,0.3333333333333333,0.3200478094975406,0.923342175066313,0.2153507999901194
16,0.00025,128,Sigmoid,100,0.3333333333333333,0.3200478094975406,0.923342175066313,0.2064654999994672
16,0.00025,128,Sigmoid,300,0.3333333333333333,0.3200478094975406,0.923342175066313,0.2204767000075662
16,0.00025,128,Sigmoid,500,0.3333333333333333,0.3200478094975406,0.923342175066313,0.2270935000124154
16,0.00025,128,Sigmoid,1000,0.3333333333333333,0.3200478094975406,0.923342175066313,0.2301470999955199
16,0.00025,128,GELU,50,0.335980283947444,0.326010394951149,0.9212201591511936,0.5778987000085181
16,0.00025,128,GELU,100,0.335980283947444,0.326010394951149,0.9212201591511936,0.5463120000058552
16,0.00025,128,GELU,300,0.335980283947444,0.326010394951149,0.9212201591511936,0.5893261000019265
16,0.00025,128,GELU,500,0.335980283947444,0.326010394951149,0.9212201591511936,0.5571672999940347
16,0.00025,128,GELU,1000,0.335980283947444,0.326010394951149,0.9212201591511936,0.5482046999968588
16,0.00025,128,Softmax,50,0.335980283947444,0.326010394951149,0.9212201591511936,0.5527875999978278
16,0.00025,128,Softmax,100,0.335980283947444,0.326010394951149,0.9212201591511936,0.5653717000095639
16,0.00025,128,Softmax,300,0.335980283947444,0.326010394951149,0.9212201591511936,0.5442668000032427
16,0.00025,128,Softmax,500,0.335980283947444,0.326010394951149,0.9212201591511936,0.5533950000099139
16,0.00025,128,Softmax,1000,0.335980283947444,0.326010394951149,0.9212201591511936,0.5576935999997659
32,0.01,8,ReLU,50,0.6595828976036047,0.7073966751860672,0.9480106100795757,4.975469700002577
32,0.01,8,ReLU,100,0.6595828976036047,0.7073966751860672,0.9480106100795757,4.654725299988058
32,0.01,8,ReLU,300,0.6595828976036047,0.7073966751860672,0.9480106100795757,4.698493400006555
32,0.01,8,ReLU,500,0.6595828976036047,0.7073966751860672,0.9480106100795757,4.718737000002875
32,0.01,8,ReLU,1000,0.6595828976036047,0.7073966751860672,0.9480106100795757,4.655960899995989
32,0.01,8,Tanh,50,0.5534888695571843,0.6178459856997139,0.9408488063660476,3.743020099995192
32,0.01,8,Tanh,100,0.5534888695571843,0.6178459856997139,0.9408488063660476,3.487372300005518
32,0.01,8,Tanh,300,0.5534888695571843,0.6178459856997139,0.9408488063660476,3.512550600004033
32,0.01,8,Tanh,500,0.5534888695571843,0.6178459856997139,0.9408488063660476,3.752532800004701
32,0.01,8,Tanh,1000,0.5534888695571843,0.6178459856997139,0.9408488063660476,3.6269197999936296
32,0.01,8,Sigmoid,50,0.5859476207792929,0.6515740229855841,0.9416445623342176,5.073016299997107
32,0.01,8,Sigmoid,100,0.5859476207792929,0.6515740229855841,0.9416445623342176,5.112393099989276
32,0.01,8,Sigmoid,300,0.5859476207792929,0.6515740229855841,0.9416445623342176,5.210594499993022
32,0.01,8,Sigmoid,500,0.5859476207792929,0.6515740229855841,0.9416445623342176,5.109106100004283
32,0.01,8,Sigmoid,1000,0.5859476207792929,0.6515740229855841,0.9416445623342176,5.080191700006253
32,0.01,8,GELU,50,0.6595828976036047,0.7073966751860672,0.9480106100795757,4.755256499993266
32,0.01,8,GELU,100,0.6595828976036047,0.7073966751860672,0.9480106100795757,4.739523099997314
32,0.01,8,GELU,300,0.6595828976036047,0.7073966751860672,0.9480106100795757,4.63990080000076
32,0.01,8,GELU,500,0.6595828976036047,0.7073966751860672,0.9480106100795757,4.810386199998902
32,0.01,8,GELU,1000,0.6595828976036047,0.7073966751860672,0.9480106100795757,4.654939600004582
32,0.01,8,Softmax,50,0.6595828976036047,0.7073966751860672,0.9480106100795757,4.813950299998396
32,0.01,8,Softmax,100,0.6595828976036047,0.7073966751860672,0.9480106100795757,4.725544300003094
32,0.01,8,Softmax,300,0.6595828976036047,0.7073966751860672,0.9480106100795757,4.64904970000498
32,0.01,8,Softmax,500,0.6595828976036047,0.7073966751860672,0.9480106100795757,4.632261300008395
32,0.01,8,Softmax,1000,0.6595828976036047,0.7073966751860672,0.9480106100795757,4.660049400001299
32,0.01,16,ReLU,50,0.6050725409139109,0.671836568475352,0.946419098143236,3.0300907000055304
32,0.01,16,ReLU,100,0.6050725409139109,0.671836568475352,0.946419098143236,2.9018554000067525
32,0.01,16,ReLU,300,0.6050725409139109,0.671836568475352,0.946419098143236,3.008314500009874
32,0.01,16,ReLU,500,0.6050725409139109,0.671836568475352,0.946419098143236,2.925110099997255
32,0.01,16,ReLU,1000,0.6050725409139109,0.671836568475352,0.946419098143236,2.7570367000007536
32,0.01,16,Tanh,50,0.5622990817682784,0.6293971799634286,0.9395225464190982,2.602307299996028
32,0.01,16,Tanh,100,0.5622990817682784,0.6293971799634286,0.9395225464190982,2.5301730999926804
32,0.01,16,Tanh,300,0.5622990817682784,0.6293971799634286,0.9395225464190982,2.573312799999257
32,0.01,16,Tanh,500,0.5622990817682784,0.6293971799634286,0.9395225464190982,2.461828500003321
32,0.01,16,Tanh,1000,0.5622990817682784,0.6293971799634286,0.9395225464190982,2.5016736999969
32,0.01,16,Sigmoid,50,0.6099578888552376,0.6640575932997356,0.9424403183023872,3.400989999994636
32,0.01,16,Sigmoid,100,0.6099578888552376,0.6640575932997356,0.9424403183023872,3.421165799998562
32,0.01,16,Sigmoid,300,0.6099578888552376,0.6640575932997356,0.9424403183023872,3.431619399998453
32,0.01,16,Sigmoid,500,0.6099578888552376,0.6640575932997356,0.9424403183023872,3.5058220000064466
32,0.01,16,Sigmoid,1000,0.6099578888552376,0.6640575932997356,0.9424403183023872,3.357563999990816
32,0.01,16,GELU,50,0.6050725409139109,0.671836568475352,0.946419098143236,2.8349240999959875
32,0.01,16,GELU,100,0.6050725409139109,0.671836568475352,0.946419098143236,2.8765447000041604
32,0.01,16,GELU,300,0.6050725409139109,0.671836568475352,0.946419098143236,3.0094442999979947
32,0.01,16,GELU,500,0.6050725409139109,0.671836568475352,0.946419098143236,2.983692399997381
32,0.01,16,GELU,1000,0.6050725409139109,0.671836568475352,0.946419098143236,2.928716800000984
32,0.01,16,Softmax,50,0.6050725409139109,0.671836568475352,0.946419098143236,2.8782036999909906
32,0.01,16,Softmax,100,0.6050725409139109,0.671836568475352,0.946419098143236,2.7840143000066746
32,0.01,16,Softmax,300,0.6050725409139109,0.671836568475352,0.946419098143236,2.940512000001036
32,0.01,16,Softmax,500,0.6050725409139109,0.671836568475352,0.946419098143236,2.9157091000088258
32,0.01,16,Softmax,1000,0.6050725409139109,0.671836568475352,0.946419098143236,2.92059569999401
32,0.01,32,ReLU,50,0.6147370353876707,0.6743542025455996,0.9448275862068966,1.395969100005459
32,0.01,32,ReLU,100,0.6147370353876707,0.6743542025455996,0.9448275862068966,1.421968900001957
32,0.01,32,ReLU,300,0.6147370353876707,0.6743542025455996,0.9448275862068966,1.444677799998317
32,0.01,32,ReLU,500,0.6147370353876707,0.6743542025455996,0.9448275862068966,1.4208046999992805
32,0.01,32,ReLU,1000,0.6147370353876707,0.6743542025455996,0.9448275862068966,1.4397404999908758
32,0.01,32,Tanh,50,0.5712987003472693,0.6340820994342121,0.940583554376658,1.2036667999927886
32,0.01,32,Tanh,100,0.5712987003472693,0.6340820994342121,0.940583554376658,1.2203779999981634
32,0.01,32,Tanh,300,0.5712987003472693,0.6340820994342121,0.940583554376658,1.2345000999921467
32,0.01,32,Tanh,500,0.5712987003472693,0.6340820994342121,0.940583554376658,1.1946229000022868
32,0.01,32,Tanh,1000,0.5712987003472693,0.6340820994342121,0.940583554376658,1.2040816000080667
32,0.01,32,Sigmoid,50,0.5895521506330856,0.652978219827875,0.9421750663129972,1.928089699998964
32,0.01,32,Sigmoid,100,0.5895521506330856,0.652978219827875,0.9421750663129972,1.9713572000036947
32,0.01,32,Sigmoid,300,0.5895521506330856,0.652978219827875,0.9421750663129972,2.0089356000098637
32,0.01,32,Sigmoid,500,0.5895521506330856,0.652978219827875,0.9421750663129972,1.9768171999894548
32,0.01,32,Sigmoid,1000,0.5895521506330856,0.652978219827875,0.9421750663129972,1.970965900007286
32,0.01,32,GELU,50,0.6147370353876707,0.6743542025455996,0.9448275862068966,1.453034200007096
32,0.01,32,GELU,100,0.6147370353876707,0.6743542025455996,0.9448275862068966,1.431727699993644
32,0.01,32,GELU,300,0.6147370353876707,0.6743542025455996,0.9448275862068966,1.4616123999876436
32,0.01,32,GELU,500,0.6147370353876707,0.6743542025455996,0.9448275862068966,1.4252514999971029
32,0.01,32,GELU,1000,0.6147370353876707,0.6743542025455996,0.9448275862068966,1.455292400001781
32,0.01,32,Softmax,50,0.6147370353876707,0.6743542025455996,0.9448275862068966,1.4570041999977548
32,0.01,32,Softmax,100,0.6147370353876707,0.6743542025455996,0.9448275862068966,1.3855287000042154
32,0.01,32,Softmax,300,0.6147370353876707,0.6743542025455996,0.9448275862068966,1.4233261000044877
32,0.01,32,Softmax,500,0.6147370353876707,0.6743542025455996,0.9448275862068966,1.48434900000575
32,0.01,32,Softmax,1000,0.6147370353876707,0.6743542025455996,0.9448275862068966,1.451606399990851
32,0.01,64,ReLU,50,0.609939906317264,0.681042635253315,0.946419098143236,0.862306199996965
32,0.01,64,ReLU,100,0.609939906317264,0.681042635253315,0.946419098143236,0.8829817999940133
32,0.01,64,ReLU,300,0.609939906317264,0.681042635253315,0.946419098143236,0.8890663999918615
32,0.01,64,ReLU,500,0.609939906317264,0.681042635253315,0.946419098143236,0.8707469000073615
32,0.01,64,ReLU,1000,0.609939906317264,0.681042635253315,0.946419098143236,0.8260967000096571
32,0.01,64,Tanh,50,0.5470479827213841,0.6202773736438552,0.940053050397878,0.6325966999866068
32,0.01,64,Tanh,100,0.5470479827213841,0.6202773736438552,0.940053050397878,0.6526479000021936
32,0.01,64,Tanh,300,0.5470479827213841,0.6202773736438552,0.940053050397878,0.6844857999967644
32,0.01,64,Tanh,500,0.5470479827213841,0.6202773736438552,0.940053050397878,0.6565447000029963
32,0.01,64,Tanh,1000,0.5470479827213841,0.6202773736438552,0.940053050397878,0.7164342000032775
32,0.01,64,Sigmoid,50,0.538431395838266,0.606689583237016,0.940053050397878,1.0484194999880856
32,0.01,64,Sigmoid,100,0.538431395838266,0.606689583237016,0.940053050397878,1.0341533000027994
32,0.01,64,Sigmoid,300,0.538431395838266,0.606689583237016,0.940053050397878,1.036463600001298
32,0.01,64,Sigmoid,500,0.538431395838266,0.606689583237016,0.940053050397878,1.024364099997911
32,0.01,64,Sigmoid,1000,0.538431395838266,0.606689583237016,0.940053050397878,0.9647358000074746
32,0.01,64,GELU,50,0.609939906317264,0.681042635253315,0.946419098143236,0.8081294000003254
32,0.01,64,GELU,100,0.609939906317264,0.681042635253315,0.946419098143236,0.8526004000013927
32,0.01,64,GELU,300,0.609939906317264,0.681042635253315,0.946419098143236,0.8468101999897044
32,0.01,64,GELU,500,0.609939906317264,0.681042635253315,0.946419098143236,0.8575090000085765
32,0.01,64,GELU,1000,0.609939906317264,0.681042635253315,0.946419098143236,0.8797973000037018
32,0.01,64,Softmax,50,0.609939906317264,0.681042635253315,0.946419098143236,0.896651600007317
32,0.01,64,Softmax,100,0.609939906317264,0.681042635253315,0.946419098143236,0.8027692000032403
32,0.01,64,Softmax,300,0.609939906317264,0.681042635253315,0.946419098143236,0.8486451000062516
32,0.01,64,Softmax,500,0.609939906317264,0.681042635253315,0.946419098143236,0.8307108000008157
32,0.01,64,Softmax,1000,0.609939906317264,0.681042635253315,0.946419098143236,0.8550145000044722
32,0.01,128,ReLU,50,0.5735914609494978,0.6417674583367814,0.9424403183023872,0.6184285000053933
32,0.01,128,ReLU,100,0.5735914609494978,0.6417674583367814,0.9424403183023872,0.5929032000130974
32,0.01,128,ReLU,300,0.5735914609494978,0.6417674583367814,0.9424403183023872,0.6101519000076223
32,0.01,128,ReLU,500,0.5735914609494978,0.6417674583367814,0.9424403183023872,0.5471589999942807
32,0.01,128,ReLU,1000,0.5735914609494978,0.6417674583367814,0.9424403183023872,0.6282847999973455
32,0.01,128,Tanh,50,0.5461192451656927,0.6225261359273064,0.9424403183023872,0.4245130999916
32,0.01,128,Tanh,100,0.5461192451656927,0.6225261359273064,0.9424403183023872,0.4334568999911425
32,0.01,128,Tanh,300,0.5461192451656927,0.6225261359273064,0.9424403183023872,0.4020365999895148
32,0.01,128,Tanh,500,0.5461192451656927,0.6225261359273064,0.9424403183023872,0.4401416000036988
32,0.01,128,Tanh,1000,0.5461192451656927,0.6225261359273064,0.9424403183023872,0.4589788000012049
32,0.01,128,Sigmoid,50,0.4800526476338571,0.541620873920324,0.9376657824933688,0.6950498000078369
32,0.01,128,Sigmoid,100,0.4832017999787909,0.543398121527497,0.9374005305039788,0.8021859000000404
32,0.01,128,Sigmoid,300,0.4832017999787909,0.543398121527497,0.9374005305039788,0.8311646000074688
32,0.01,128,Sigmoid,500,0.4832017999787909,0.543398121527497,0.9374005305039788,0.8385406000015792
32,0.01,128,Sigmoid,1000,0.4832017999787909,0.543398121527497,0.9374005305039788,0.8235209999984363
32,0.01,128,GELU,50,0.5735914609494978,0.6417674583367814,0.9424403183023872,0.5688366000103997
32,0.01,128,GELU,100,0.5735914609494978,0.6417674583367814,0.9424403183023872,0.558902599994326
32,0.01,128,GELU,300,0.5735914609494978,0.6417674583367814,0.9424403183023872,0.5646749000006821
32,0.01,128,GELU,500,0.5735914609494978,0.6417674583367814,0.9424403183023872,0.613773900011438
32,0.01,128,GELU,1000,0.5735914609494978,0.6417674583367814,0.9424403183023872,0.6105577999987872
32,0.01,128,Softmax,50,0.5735914609494978,0.6417674583367814,0.9424403183023872,0.5777734000002965
32,0.01,128,Softmax,100,0.5735914609494978,0.6417674583367814,0.9424403183023872,0.6255454000056488
32,0.01,128,Softmax,300,0.5735914609494978,0.6417674583367814,0.9424403183023872,0.6100757999956841
32,0.01,128,Softmax,500,0.5735914609494978,0.6417674583367814,0.9424403183023872,0.5986610000109067
32,0.01,128,Softmax,1000,0.5735914609494978,0.6417674583367814,0.9424403183023872,0.5400580999994418
32,0.001,8,ReLU,50,0.5693379282588701,0.6375392954392947,0.9424403183023872,6.757889000000432
32,0.001,8,ReLU,100,0.5693379282588701,0.6375392954392947,0.9424403183023872,6.79152189999877
32,0.001,8,ReLU,300,0.5693379282588701,0.6375392954392947,0.9424403183023872,6.882185800001025
32,0.001,8,ReLU,500,0.5693379282588701,0.6375392954392947,0.9424403183023872,6.771332399992389
32,0.001,8,ReLU,1000,0.5693379282588701,0.6375392954392947,0.9424403183023872,6.881343699991703
32,0.001,8,Tanh,50,0.5509631984580636,0.6248943133177364,0.9419098143236074,6.911160499992548
32,0.001,8,Tanh,100,0.5509631984580636,0.6248943133177364,0.9419098143236074,6.869370700005675
32,0.001,8,Tanh,300,0.5509631984580636,0.6248943133177364,0.9419098143236074,6.932322500011651
32,0.001,8,Tanh,500,0.5509631984580636,0.6248943133177364,0.9419098143236074,6.487150900007691
32,0.001,8,Tanh,1000,0.5509631984580636,0.6248943133177364,0.9419098143236074,6.903981100011151
32,0.001,8,Sigmoid,50,0.4572562814054686,0.4959488236962537,0.9371352785145888,6.458534100005636
32,0.001,8,Sigmoid,100,0.4572562814054686,0.4959488236962537,0.9371352785145888,6.013772799997241
32,0.001,8,Sigmoid,300,0.4572562814054686,0.4959488236962537,0.9371352785145888,5.409203599992907
32,0.001,8,Sigmoid,500,0.4572562814054686,0.4959488236962537,0.9371352785145888,5.297912500012899
32,0.001,8,Sigmoid,1000,0.4572562814054686,0.4959488236962537,0.9371352785145888,5.734304300000076
32,0.001,8,GELU,50,0.5693379282588701,0.6375392954392947,0.9424403183023872,5.561882499998319
32,0.001,8,GELU,100,0.5693379282588701,0.6375392954392947,0.9424403183023872,5.157377700001234
32,0.001,8,GELU,300,0.5693379282588701,0.6375392954392947,0.9424403183023872,5.698459200008074
32,0.001,8,GELU,500,0.5693379282588701,0.6375392954392947,0.9424403183023872,5.461773100003484
32,0.001,8,GELU,1000,0.5693379282588701,0.6375392954392947,0.9424403183023872,5.411677600000985
32,0.001,8,Softmax,50,0.5693379282588701,0.6375392954392947,0.9424403183023872,5.4077133999962825
32,0.001,8,Softmax,100,0.5693379282588701,0.6375392954392947,0.9424403183023872,5.18546829999832
32,0.001,8,Softmax,300,0.5693379282588701,0.6375392954392947,0.9424403183023872,5.167273500002921
32,0.001,8,Softmax,500,0.5693379282588701,0.6375392954392947,0.9424403183023872,5.356488399993395
32,0.001,8,Softmax,1000,0.5693379282588701,0.6375392954392947,0.9424403183023872,4.9962878999940585
32,0.001,16,ReLU,50,0.5486470257448529,0.616745976070989,0.9395225464190982,2.875177399997483
32,0.001,16,ReLU,100,0.5486470257448529,0.616745976070989,0.9395225464190982,3.133074500001385
32,0.001,16,ReLU,300,0.5486470257448529,0.616745976070989,0.9395225464190982,4.038008300005458
32,0.001,16,ReLU,500,0.5486470257448529,0.616745976070989,0.9395225464190982,4.128910700004781
32,0.001,16,ReLU,1000,0.5486470257448529,0.616745976070989,0.9395225464190982,4.016913400002522
32,0.001,16,Tanh,50,0.5453276601829251,0.6172440402874266,0.9416445623342176,3.0039061999996197
32,0.001,16,Tanh,100,0.5453276601829251,0.6172440402874266,0.9416445623342176,3.043936999994912
32,0.001,16,Tanh,300,0.5453276601829251,0.6172440402874266,0.9416445623342176,3.06918510000105
32,0.001,16,Tanh,500,0.5453276601829251,0.6172440402874266,0.9416445623342176,2.940018000008422
32,0.001,16,Tanh,1000,0.5453276601829251,0.6172440402874266,0.9416445623342176,2.9541032999986783
32,0.001,16,Sigmoid,50,0.4582414917162121,0.5173685414705523,0.936604774535809,3.604847900001914
32,0.001,16,Sigmoid,100,0.4582414917162121,0.5173685414705523,0.936604774535809,3.855844700010493
32,0.001,16,Sigmoid,300,0.4582414917162121,0.5173685414705523,0.936604774535809,3.78283760001068
32,0.001,16,Sigmoid,500,0.4582414917162121,0.5173685414705523,0.936604774535809,3.790286899995408
32,0.001,16,Sigmoid,1000,0.4582414917162121,0.5173685414705523,0.936604774535809,3.740827100002207
32,0.001,16,GELU,50,0.5486470257448529,0.616745976070989,0.9395225464190982,3.711668700008886
32,0.001,16,GELU,100,0.5486470257448529,0.616745976070989,0.9395225464190982,4.011279800004559
32,0.001,16,GELU,300,0.5486470257448529,0.616745976070989,0.9395225464190982,4.039503599997261
32,0.001,16,GELU,500,0.5486470257448529,0.616745976070989,0.9395225464190982,4.03300670000317
32,0.001,16,GELU,1000,0.5486470257448529,0.616745976070989,0.9395225464190982,3.995058400003472
32,0.001,16,Softmax,50,0.5486470257448529,0.616745976070989,0.9395225464190982,3.686547900011647
32,0.001,16,Softmax,100,0.5486470257448529,0.616745976070989,0.9395225464190982,4.01302320000832
32,0.001,16,Softmax,300,0.5486470257448529,0.616745976070989,0.9395225464190982,4.025443599995924
32,0.001,16,Softmax,500,0.5486470257448529,0.616745976070989,0.9395225464190982,4.018347499993979
32,0.001,16,Softmax,1000,0.5486470257448529,0.616745976070989,0.9395225464190982,4.09891410000273
32,0.001,32,ReLU,50,0.5134710875756873,0.5859248066549685,0.9392572944297082,1.9882973000057973
32,0.001,32,ReLU,100,0.5134710875756873,0.5859248066549685,0.9392572944297082,2.1846780000050785
32,0.001,32,ReLU,300,0.5134710875756873,0.5859248066549685,0.9392572944297082,2.046473900001729
32,0.001,32,ReLU,500,0.5134710875756873,0.5859248066549685,0.9392572944297082,2.045561999999336
32,0.001,32,ReLU,1000,0.5134710875756873,0.5859248066549685,0.9392572944297082,2.035170600007405
32,0.001,32,Tanh,50,0.4973326456220574,0.5651579524476134,0.9387267904509284,1.6880565999890678
32,0.001,32,Tanh,100,0.4973326456220574,0.5651579524476134,0.9387267904509284,1.7433744000009028
32,0.001,32,Tanh,300,0.4973326456220574,0.5651579524476134,0.9387267904509284,1.695601400002488
32,0.001,32,Tanh,500,0.4973326456220574,0.5651579524476134,0.9387267904509284,1.8238868000044024
32,0.001,32,Tanh,1000,0.4973326456220574,0.5651579524476134,0.9387267904509284,1.6617155999992974
32,0.001,32,Sigmoid,50,0.3333333333333333,0.3200478094975406,0.923342175066313,0.5705166999978246
32,0.001,32,Sigmoid,100,0.3333333333333333,0.3200478094975406,0.923342175066313,0.5912181000021519
32,0.001,32,Sigmoid,300,0.3333333333333333,0.3200478094975406,0.923342175066313,0.6385595000028843
32,0.001,32,Sigmoid,500,0.3333333333333333,0.3200478094975406,0.923342175066313,0.6100775999948382
32,0.001,32,Sigmoid,1000,0.3333333333333333,0.3200478094975406,0.923342175066313,0.5887495999922976
32,0.001,32,GELU,50,0.5134710875756873,0.5859248066549685,0.9392572944297082,1.9803452999913131
32,0.001,32,GELU,100,0.5134710875756873,0.5859248066549685,0.9392572944297082,2.01252819999354
32,0.001,32,GELU,300,0.5134710875756873,0.5859248066549685,0.9392572944297082,2.0544553000072483
32,0.001,32,GELU,500,0.5134710875756873,0.5859248066549685,0.9392572944297082,2.113874399990891
32,0.001,32,GELU,1000,0.5134710875756873,0.5859248066549685,0.9392572944297082,2.0154671000054805
32,0.001,32,Softmax,50,0.5134710875756873,0.5859248066549685,0.9392572944297082,1.992803899993305
32,0.001,32,Softmax,100,0.5134710875756873,0.5859248066549685,0.9392572944297082,2.013882200000808
32,0.001,32,Softmax,300,0.5134710875756873,0.5859248066549685,0.9392572944297082,1.9702234999858772
32,0.001,32,Softmax,500,0.5134710875756873,0.5859248066549685,0.9392572944297082,1.9847754999937024
32,0.001,32,Softmax,1000,0.5134710875756873,0.5859248066549685,0.9392572944297082,2.0112924999993997
32,0.001,64,ReLU,50,0.4621843385239532,0.5277414110910137,0.9352785145888596,1.1160935000079917
32,0.001,64,ReLU,100,0.4621843385239532,0.5277414110910137,0.9352785145888596,1.376605900004506
32,0.001,64,ReLU,300,0.4621843385239532,0.5277414110910137,0.9352785145888596,1.2281063999980688
32,0.001,64,ReLU,500,0.4621843385239532,0.5277414110910137,0.9352785145888596,1.255431199999293
32,0.001,64,ReLU,1000,0.4621843385239532,0.5277414110910137,0.9352785145888596,1.3039785000000848
32,0.001,64,Tanh,50,0.4790536737452192,0.5472076004827016,0.9384615384615383,1.048258100010571
32,0.001,64,Tanh,100,0.4790536737452192,0.5472076004827016,0.9384615384615383,1.0807346000074176
32,0.001,64,Tanh,300,0.4790536737452192,0.5472076004827016,0.9384615384615383,0.9814676999958464
32,0.001,64,Tanh,500,0.4790536737452192,0.5472076004827016,0.9384615384615383,1.0615875999937998
32,0.001,64,Tanh,1000,0.4790536737452192,0.5472076004827016,0.9384615384615383,1.010544300006586
32,0.001,64,Sigmoid,50,0.3333333333333333,0.3200478094975406,0.923342175066313,0.3533929999975953
32,0.001,64,Sigmoid,100,0.3333333333333333,0.3200478094975406,0.923342175066313,0.3556317000038689
32,0.001,64,Sigmoid,300,0.3333333333333333,0.3200478094975406,0.923342175066313,0.379422700003488
32,0.001,64,Sigmoid,500,0.3333333333333333,0.3200478094975406,0.923342175066313,0.3736455000034766
32,0.001,64,Sigmoid,1000,0.3333333333333333,0.3200478094975406,0.923342175066313,0.3579406999924686
32,0.001,64,GELU,50,0.4621843385239532,0.5277414110910137,0.9352785145888596,1.119006699998863
32,0.001,64,GELU,100,0.4621843385239532,0.5277414110910137,0.9352785145888596,1.2398924000008265
32,0.001,64,GELU,300,0.4621843385239532,0.5277414110910137,0.9352785145888596,1.333497299987357
32,0.001,64,GELU,500,0.4621843385239532,0.5277414110910137,0.9352785145888596,1.3002513999963412
32,0.001,64,GELU,1000,0.4621843385239532,0.5277414110910137,0.9352785145888596,1.306047000005492
32,0.001,64,Softmax,50,0.4621843385239532,0.5277414110910137,0.9352785145888596,1.127459600000293
32,0.001,64,Softmax,100,0.4621843385239532,0.5277414110910137,0.9352785145888596,1.2816257999947993
32,0.001,64,Softmax,300,0.4621843385239532,0.5277414110910137,0.9352785145888596,1.2960588999994798
32,0.001,64,Softmax,500,0.4621843385239532,0.5277414110910137,0.9352785145888596,1.300548200000776
32,0.001,64,Softmax,1000,0.4621843385239532,0.5277414110910137,0.9352785145888596,1.2586067000083858
32,0.001,128,ReLU,50,0.3640249377950187,0.3779393834246582,0.9246684350132626,0.5888209999975516
32,0.001,128,ReLU,100,0.3709701358416817,0.3901754549467995,0.9254641909814324,0.8798840000090422
32,0.001,128,ReLU,300,0.3709701358416817,0.3901754549467995,0.9254641909814324,0.7951576000050409
32,0.001,128,ReLU,500,0.3709701358416817,0.3901754549467995,0.9254641909814324,0.8497111000033328
32,0.001,128,ReLU,1000,0.3709701358416817,0.3901754549467995,0.9254641909814324,0.8343491999985417
32,0.001,128,Tanh,50,0.4582414917162121,0.5173685414705523,0.936604774535809,0.70486530000926
32,0.001,128,Tanh,100,0.4599597047746314,0.5194017709953834,0.9368700265251988,0.9793599999975412
32,0.001,128,Tanh,300,0.4599597047746314,0.5194017709953834,0.9368700265251988,0.9134956000052624
32,0.001,128,Tanh,500,0.4599597047746314,0.5194017709953834,0.9368700265251988,0.9783110999997008
32,0.001,128,Tanh,1000,0.4599597047746314,0.5194017709953834,0.9368700265251988,0.9407256999984384
32,0.001,128,Sigmoid,50,0.3333333333333333,0.3200478094975406,0.923342175066313,0.2617821000021649
32,0.001,128,Sigmoid,100,0.3333333333333333,0.3200478094975406,0.923342175066313,0.2601676999911433
32,0.001,128,Sigmoid,300,0.3333333333333333,0.3200478094975406,0.923342175066313,0.259141600006842
32,0.001,128,Sigmoid,500,0.3333333333333333,0.3200478094975406,0.923342175066313,0.2584946999995736
32,0.001,128,Sigmoid,1000,0.3333333333333333,0.3200478094975406,0.923342175066313,0.2686181000026408
32,0.001,128,GELU,50,0.3640249377950187,0.3779393834246582,0.9246684350132626,0.7043086999910884
32,0.001,128,GELU,100,0.3709701358416817,0.3901754549467995,0.9254641909814324,0.8841329999995651
32,0.001,128,GELU,300,0.3709701358416817,0.3901754549467995,0.9254641909814324,0.954776500002481
32,0.001,128,GELU,500,0.3709701358416817,0.3901754549467995,0.9254641909814324,0.8852980000083335
32,0.001,128,GELU,1000,0.3709701358416817,0.3901754549467995,0.9254641909814324,0.874210399997537
32,0.001,128,Softmax,50,0.3640249377950187,0.3779393834246582,0.9246684350132626,0.5944158000056632
32,0.001,128,Softmax,100,0.3709701358416817,0.3901754549467995,0.9254641909814324,0.90178850000666
32,0.001,128,Softmax,300,0.3709701358416817,0.3901754549467995,0.9254641909814324,0.8721043999976246
32,0.001,128,Softmax,500,0.3709701358416817,0.3901754549467995,0.9254641909814324,0.9102620999910868
32,0.001,128,Softmax,1000,0.3709701358416817,0.3901754549467995,0.9254641909814324,0.8803157000074862
32,0.0001,8,ReLU,50,0.3329503016374605,0.3198564923416586,0.9222811671087532,2.3892005999950925
32,0.0001,8,ReLU,100,0.3329503016374605,0.3198564923416586,0.9222811671087532,2.477730700004031
32,0.0001,8,ReLU,300,0.3329503016374605,0.3198564923416586,0.9222811671087532,2.4123965999897337
32,0.0001,8,ReLU,500,0.3329503016374605,0.3198564923416586,0.9222811671087532,2.419999699995969
32,0.0001,8,ReLU,1000,0.3329503016374605,0.3198564923416586,0.9222811671087532,2.4021255999978166
32,0.0001,8,Tanh,50,0.3929941102382054,0.4251816218257047,0.9294429708222812,6.860259799999767
32,0.0001,8,Tanh,100,0.3982210952264493,0.4344240683515951,0.929973474801061,8.497219199998653
32,0.0001,8,Tanh,300,0.3982210952264493,0.4344240683515951,0.929973474801061,8.0778663999954
32,0.0001,8,Tanh,500,0.3982210952264493,0.4344240683515951,0.929973474801061,8.219902099997853
32,0.0001,8,Tanh,1000,0.3982210952264493,0.4344240683515951,0.929973474801061,8.019733300010557
32,0.0001,8,Sigmoid,50,0.3333333333333333,0.3200478094975406,0.923342175066313,1.9803352000017185
32,0.0001,8,Sigmoid,100,0.3333333333333333,0.3200478094975406,0.923342175066313,1.957324899995001
32,0.0001,8,Sigmoid,300,0.3333333333333333,0.3200478094975406,0.923342175066313,1.9665984000021128
32,0.0001,8,Sigmoid,500,0.3333333333333333,0.3200478094975406,0.923342175066313,1.9976485000079265
32,0.0001,8,Sigmoid,1000,0.3333333333333333,0.3200478094975406,0.923342175066313,1.944883000003756
32,0.0001,8,GELU,50,0.3329503016374605,0.3198564923416586,0.9222811671087532,2.436165399994934
32,0.0001,8,GELU,100,0.3329503016374605,0.3198564923416586,0.9222811671087532,2.415140400000382
32,0.0001,8,GELU,300,0.3329503016374605,0.3198564923416586,0.9222811671087532,2.454564500003471
32,0.0001,8,GELU,500,0.3329503016374605,0.3198564923416586,0.9222811671087532,2.4646643999876687
32,0.0001,8,GELU,1000,0.3329503016374605,0.3198564923416586,0.9222811671087532,2.3620354999875417
32,0.0001,8,Softmax,50,0.3329503016374605,0.3198564923416586,0.9222811671087532,2.3945009000017308
32,0.0001,8,Softmax,100,0.3329503016374605,0.3198564923416586,0.9222811671087532,2.444363699993118
32,0.0001,8,Softmax,300,0.3329503016374605,0.3198564923416586,0.9222811671087532,2.4530446999997366
32,0.0001,8,Softmax,500,0.3329503016374605,0.3198564923416586,0.9222811671087532,2.4574138000025414
32,0.0001,8,Softmax,1000,0.3329503016374605,0.3198564923416586,0.9222811671087532,2.5173332000122173
32,0.0001,16,ReLU,50,0.3326630278655558,0.319712865819989,0.9214854111405836,1.54064279999875
32,0.0001,16,ReLU,100,0.3326630278655558,0.319712865819989,0.9214854111405836,1.5240392000123393
32,0.0001,16,ReLU,300,0.3326630278655558,0.319712865819989,0.9214854111405836,1.5412328999955207
32,0.0001,16,ReLU,500,0.3326630278655558,0.319712865819989,0.9214854111405836,1.534430900006555
32,0.0001,16,ReLU,1000,0.3326630278655558,0.319712865819989,0.9214854111405836,1.5315903000009712
32,0.0001,16,Tanh,50,0.3553360050989146,0.3625135028066457,0.9249336870026524,3.478779700002633
32,0.0001,16,Tanh,100,0.3553360050989146,0.3625135028066457,0.9249336870026524,3.906082699992112
32,0.0001,16,Tanh,300,0.3553360050989146,0.3625135028066457,0.9249336870026524,3.8233045999950255
32,0.0001,16,Tanh,500,0.3553360050989146,0.3625135028066457,0.9249336870026524,3.841042800006107
32,0.0001,16,Tanh,1000,0.3553360050989146,0.3625135028066457,0.9249336870026524,3.877295900005265
32,0.0001,16,Sigmoid,50,0.3333333333333333,0.3200478094975406,0.923342175066313,1.1390901999984635
32,0.0001,16,Sigmoid,100,0.3333333333333333,0.3200478094975406,0.923342175066313,1.140963300000294
32,0.0001,16,Sigmoid,300,0.3333333333333333,0.3200478094975406,0.923342175066313,1.1579725000046892
32,0.0001,16,Sigmoid,500,0.3333333333333333,0.3200478094975406,0.923342175066313,1.1633350000047358
32,0.0001,16,Sigmoid,1000,0.3333333333333333,0.3200478094975406,0.923342175066313,1.1297691000072518
32,0.0001,16,GELU,50,0.3326630278655558,0.319712865819989,0.9214854111405836,1.499348800003645
32,0.0001,16,GELU,100,0.3326630278655558,0.319712865819989,0.9214854111405836,1.4888695999979973
32,0.0001,16,GELU,300,0.3326630278655558,0.319712865819989,0.9214854111405836,1.4738661000010325
32,0.0001,16,GELU,500,0.3326630278655558,0.319712865819989,0.9214854111405836,1.4773069999937434
32,0.0001,16,GELU,1000,0.3326630278655558,0.319712865819989,0.9214854111405836,1.5260694000025978
32,0.0001,16,Softmax,50,0.3326630278655558,0.319712865819989,0.9214854111405836,1.4861200000013923
32,0.0001,16,Softmax,100,0.3326630278655558,0.319712865819989,0.9214854111405836,1.4956540999992285
32,0.0001,16,Softmax,300,0.3326630278655558,0.319712865819989,0.9214854111405836,1.467659800007823
32,0.0001,16,Softmax,500,0.3326630278655558,0.319712865819989,0.9214854111405836,1.5276523999928031
32,0.0001,16,Softmax,1000,0.3326630278655558,0.319712865819989,0.9214854111405836,1.552523900012602
32,0.0001,32,ReLU,50,0.3325672699415876,0.3196649638731649,0.9212201591511936,1.043362199998228
32,0.0001,32,ReLU,100,0.3325672699415876,0.3196649638731649,0.9212201591511936,1.1053307999973183
32,0.0001,32,ReLU,300,0.3325672699415876,0.3196649638731649,0.9212201591511936,1.1388781999994535
32,0.0001,32,ReLU,500,0.3325672699415876,0.3196649638731649,0.9212201591511936,1.0747300000075484
32,0.0001,32,ReLU,1000,0.3325672699415876,0.3196649638731649,0.9212201591511936,1.0812619000062114
32,0.0001,32,Tanh,50,0.3362909698303307,0.3266187702745592,0.9225464190981432,1.9601527000049828
32,0.0001,32,Tanh,100,0.3362909698303307,0.3266187702745592,0.9225464190981432,1.8490823000029195
32,0.0001,32,Tanh,300,0.3362909698303307,0.3266187702745592,0.9225464190981432,1.9591036999918288
32,0.0001,32,Tanh,500,0.3362909698303307,0.3266187702745592,0.9225464190981432,1.8716427000035765
32,0.0001,32,Tanh,1000,0.3362909698303307,0.3266187702745592,0.9225464190981432,1.980932300008135
32,0.0001,32,Sigmoid,50,0.3333333333333333,0.3200478094975406,0.923342175066313,0.6886164000025019
32,0.0001,32,Sigmoid,100,0.3333333333333333,0.3200478094975406,0.923342175066313,0.6674302000028547
32,0.0001,32,Sigmoid,300,0.3333333333333333,0.3200478094975406,0.923342175066313,0.6607150000054389
32,0.0001,32,Sigmoid,500,0.3333333333333333,0.3200478094975406,0.923342175066313,0.6933009000058519
32,0.0001,32,Sigmoid,1000,0.3333333333333333,0.3200478094975406,0.923342175066313,0.6729200999980094
32,0.0001,32,GELU,50,0.3325672699415876,0.3196649638731649,0.9212201591511936,1.131351200005156
32,0.0001,32,GELU,100,0.3325672699415876,0.3196649638731649,0.9212201591511936,1.102584399995976
32,0.0001,32,GELU,300,0.3325672699415876,0.3196649638731649,0.9212201591511936,1.1245920000073966
32,0.0001,32,GELU,500,0.3325672699415876,0.3196649638731649,0.9212201591511936,1.092745300004026
32,0.0001,32,GELU,1000,0.3325672699415876,0.3196649638731649,0.9212201591511936,1.0446143000008306
32,0.0001,32,Softmax,50,0.3325672699415876,0.3196649638731649,0.9212201591511936,1.0858191999868725
32,0.0001,32,Softmax,100,0.3325672699415876,0.3196649638731649,0.9212201591511936,1.0540666000015335
32,0.0001,32,Softmax,300,0.3325672699415876,0.3196649638731649,0.9212201591511936,1.0734683999908157
32,0.0001,32,Softmax,500,0.3325672699415876,0.3196649638731649,0.9212201591511936,1.0788009999960195
32,0.0001,32,Softmax,1000,0.3325672699415876,0.3196649638731649,0.9212201591511936,1.0718161999975564
32,0.0001,64,ReLU,50,0.3325672699415876,0.3196649638731649,0.9212201591511936,0.9315531999891392
32,0.0001,64,ReLU,100,0.3325672699415876,0.3196649638731649,0.9212201591511936,0.9051864999928512
32,0.0001,64,ReLU,300,0.3325672699415876,0.3196649638731649,0.9212201591511936,0.9752367999899434
32,0.0001,64,ReLU,500,0.3325672699415876,0.3196649638731649,0.9212201591511936,0.9251538999960758
32,0.0001,64,ReLU,1000,0.3325672699415876,0.3196649638731649,0.9212201591511936,0.910254200003692
32,0.0001,64,Tanh,50,0.334639673011889,0.3248369297395974,0.9175066312997348,1.19868950000091
32,0.0001,64,Tanh,100,0.334639673011889,0.3248369297395974,0.9175066312997348,1.225369200008572
32,0.0001,64,Tanh,300,0.334639673011889,0.3248369297395974,0.9175066312997348,1.2041801000013947
32,0.0001,64,Tanh,500,0.334639673011889,0.3248369297395974,0.9175066312997348,1.1827066999976523
32,0.0001,64,Tanh,1000,0.334639673011889,0.3248369297395974,0.9175066312997348,1.194923299990478
32,0.0001,64,Sigmoid,50,0.3333333333333333,0.3200478094975406,0.923342175066313,0.4899265999993076
32,0.0001,64,Sigmoid,100,0.3333333333333333,0.3200478094975406,0.923342175066313,0.4899250000016764
32,0.0001,64,Sigmoid,300,0.3333333333333333,0.3200478094975406,0.923342175066313,0.4887184999970486
32,0.0001,64,Sigmoid,500,0.3333333333333333,0.3200478094975406,0.923342175066313,0.4909676999959629
32,0.0001,64,Sigmoid,1000,0.3333333333333333,0.3200478094975406,0.923342175066313,0.5132383000018308
32,0.0001,64,GELU,50,0.3325672699415876,0.3196649638731649,0.9212201591511936,0.92315139999846
32,0.0001,64,GELU,100,0.3325672699415876,0.3196649638731649,0.9212201591511936,0.9393429999909132
32,0.0001,64,GELU,300,0.3325672699415876,0.3196649638731649,0.9212201591511936,0.8951017999934265
32,0.0001,64,GELU,500,0.3325672699415876,0.3196649638731649,0.9212201591511936,0.9576497999951245
32,0.0001,64,GELU,1000,0.3325672699415876,0.3196649638731649,0.9212201591511936,0.9398333999997704
32,0.0001,64,Softmax,50,0.3325672699415876,0.3196649638731649,0.9212201591511936,0.9049507000017912
32,0.0001,64,Softmax,100,0.3325672699415876,0.3196649638731649,0.9212201591511936,0.939222700006212
32,0.0001,64,Softmax,300,0.3325672699415876,0.3196649638731649,0.9212201591511936,0.9022661000053632
32,0.0001,64,Softmax,500,0.3325672699415876,0.3196649638731649,0.9212201591511936,0.9025282000075094
32,0.0001,64,Softmax,1000,0.3325672699415876,0.3196649638731649,0.9212201591511936,0.918197599996347
32,0.0001,128,ReLU,50,0.332279996169683,0.3195653174932081,0.920424403183024,0.7864562000031583
32,0.0001,128,ReLU,100,0.332279996169683,0.3195653174932081,0.920424403183024,0.9091179999959422
32,0.0001,128,ReLU,300,0.332279996169683,0.3195653174932081,0.920424403183024,0.8668371999956435
32,0.0001,128,ReLU,500,0.332279996169683,0.3195653174932081,0.920424403183024,0.875925800006371
32,0.0001,128,ReLU,1000,0.332279996169683,0.3195653174932081,0.920424403183024,0.8530765999894356
32,0.0001,128,Tanh,50,0.3325329986845885,0.3228465595051981,0.9116710875331564,0.774647800004459
32,0.0001,128,Tanh,100,0.3325329986845885,0.3228465595051981,0.9116710875331564,0.8922863000043435
32,0.0001,128,Tanh,300,0.3325329986845885,0.3228465595051981,0.9116710875331564,0.897220600003493
32,0.0001,128,Tanh,500,0.3325329986845885,0.3228465595051981,0.9116710875331564,0.940792200010037
32,0.0001,128,Tanh,1000,0.3325329986845885,0.3228465595051981,0.9116710875331564,0.8998671000008471
32,0.0001,128,Sigmoid,50,0.3333333333333333,0.3200478094975406,0.923342175066313,0.4047142000054009
32,0.0001,128,Sigmoid,100,0.3333333333333333,0.3200478094975406,0.923342175066313,0.4179796000098577
32,0.0001,128,Sigmoid,300,0.3333333333333333,0.3200478094975406,0.923342175066313,0.4101152999937767
32,0.0001,128,Sigmoid,500,0.3333333333333333,0.3200478094975406,0.923342175066313,0.4260199000127613
32,0.0001,128,Sigmoid,1000,0.3333333333333333,0.3200478094975406,0.923342175066313,0.4344983000046341
32,0.0001,128,GELU,50,0.332279996169683,0.3195653174932081,0.920424403183024,0.8178570000018226
32,0.0001,128,GELU,100,0.332279996169683,0.3195653174932081,0.920424403183024,0.9581564999971306
32,0.0001,128,GELU,300,0.332279996169683,0.3195653174932081,0.920424403183024,0.8907096000039019
32,0.0001,128,GELU,500,0.332279996169683,0.3195653174932081,0.920424403183024,0.8990770999953384
32,0.0001,128,GELU,1000,0.332279996169683,0.3195653174932081,0.920424403183024,0.8813845999975456
32,0.0001,128,Softmax,50,0.332279996169683,0.3195653174932081,0.920424403183024,0.7933075000037206
32,0.0001,128,Softmax,100,0.332279996169683,0.3195653174932081,0.920424403183024,0.9118382000015116
32,0.0001,128,Softmax,300,0.332279996169683,0.3195653174932081,0.920424403183024,0.886470500001451
32,0.0001,128,Softmax,500,0.332279996169683,0.3195653174932081,0.920424403183024,0.8822286999929929
32,0.0001,128,Softmax,1000,0.332279996169683,0.3195653174932081,0.920424403183024,0.8554550999979256
32,0.00025,8,ReLU,50,0.4450469226816853,0.5035496432901709,0.9355437665782492,5.367398199989111
32,0.00025,8,ReLU,100,0.4450469226816853,0.5035496432901709,0.9355437665782492,5.41982320000534
32,0.00025,8,ReLU,300,0.4450469226816853,0.5035496432901709,0.9355437665782492,5.512526300008176
32,0.00025,8,ReLU,500,0.4450469226816853,0.5035496432901709,0.9355437665782492,5.437015199990128
32,0.00025,8,ReLU,1000,0.4450469226816853,0.5035496432901709,0.9355437665782492,5.465586899998016
32,0.00025,8,Tanh,50,0.4825624456750437,0.5527432035920229,0.9387267904509284,6.678183299998636
32,0.00025,8,Tanh,100,0.4825624456750437,0.5527432035920229,0.9387267904509284,6.781288600002881
32,0.00025,8,Tanh,300,0.4825624456750437,0.5527432035920229,0.9387267904509284,6.530349600012414
32,0.00025,8,Tanh,500,0.4825624456750437,0.5527432035920229,0.9387267904509284,6.451884499998414
32,0.00025,8,Tanh,1000,0.4825624456750437,0.5527432035920229,0.9387267904509284,6.636946600003284
32,0.00025,8,Sigmoid,50,0.3333333333333333,0.3200478094975406,0.923342175066313,1.9662746999965748
32,0.00025,8,Sigmoid,100,0.3333333333333333,0.3200478094975406,0.923342175066313,1.9621456999884688
32,0.00025,8,Sigmoid,300,0.3333333333333333,0.3200478094975406,0.923342175066313,1.9602929999964545
32,0.00025,8,Sigmoid,500,0.3333333333333333,0.3200478094975406,0.923342175066313,1.9526621000113664
32,0.00025,8,Sigmoid,1000,0.3333333333333333,0.3200478094975406,0.923342175066313,1.9687505000038072
32,0.00025,8,GELU,50,0.4450469226816853,0.5035496432901709,0.9355437665782492,5.680691999994451
32,0.00025,8,GELU,100,0.4450469226816853,0.5035496432901709,0.9355437665782492,5.383251800012658
32,0.00025,8,GELU,300,0.4450469226816853,0.5035496432901709,0.9355437665782492,5.515398499992443
32,0.00025,8,GELU,500,0.4450469226816853,0.5035496432901709,0.9355437665782492,5.519255500010331
32,0.00025,8,GELU,1000,0.4450469226816853,0.5035496432901709,0.9355437665782492,5.525940300009097
32,0.00025,8,Softmax,50,0.4450469226816853,0.5035496432901709,0.9355437665782492,5.585676299990155
32,0.00025,8,Softmax,100,0.4450469226816853,0.5035496432901709,0.9355437665782492,5.663621500003501
32,0.00025,8,Softmax,300,0.4450469226816853,0.5035496432901709,0.9355437665782492,5.414267999993172
32,0.00025,8,Softmax,500,0.4450469226816853,0.5035496432901709,0.9355437665782492,5.600759399996605
32,0.00025,8,Softmax,1000,0.4450469226816853,0.5035496432901709,0.9355437665782492,5.53575219999766
32,0.00025,16,ReLU,50,0.3743342161455341,0.3967310441446725,0.926259946949602,3.1739570000063395
32,0.00025,16,ReLU,100,0.3743342161455341,0.3967310441446725,0.926259946949602,3.2666218999947887
32,0.00025,16,ReLU,300,0.3743342161455341,0.3967310441446725,0.926259946949602,3.527203799996641
32,0.00025,16,ReLU,500,0.3743342161455341,0.3967310441446725,0.926259946949602,3.256433600006858
32,0.00025,16,ReLU,1000,0.3743342161455341,0.3967310441446725,0.926259946949602,3.362329099996714
32,0.00025,16,Tanh,50,0.4705094326750871,0.5352536190663343,0.9381962864721486,3.695525600007386
32,0.00025,16,Tanh,100,0.4705094326750871,0.5352536190663343,0.9381962864721486,4.141309800004819
32,0.00025,16,Tanh,300,0.4705094326750871,0.5352536190663343,0.9381962864721486,4.093923699998413
32,0.00025,16,Tanh,500,0.4705094326750871,0.5352536190663343,0.9381962864721486,4.069033300009323
32,0.00025,16,Tanh,1000,0.4705094326750871,0.5352536190663343,0.9381962864721486,4.120527099992614
32,0.00025,16,Sigmoid,50,0.3333333333333333,0.3200478094975406,0.923342175066313,1.0354756000015186
32,0.00025,16,Sigmoid,100,0.3333333333333333,0.3200478094975406,0.923342175066313,1.0884532000054603
32,0.00025,16,Sigmoid,300,0.3333333333333333,0.3200478094975406,0.923342175066313,1.0717778999969596
32,0.00025,16,Sigmoid,500,0.3333333333333333,0.3200478094975406,0.923342175066313,1.0806202000094345
32,0.00025,16,Sigmoid,1000,0.3333333333333333,0.3200478094975406,0.923342175066313,1.0825727000046754
32,0.00025,16,GELU,50,0.3743342161455341,0.3967310441446725,0.926259946949602,3.321355100008077
32,0.00025,16,GELU,100,0.3743342161455341,0.3967310441446725,0.926259946949602,3.3551785000017844
32,0.00025,16,GELU,300,0.3743342161455341,0.3967310441446725,0.926259946949602,3.3891519000026165
32,0.00025,16,GELU,500,0.3743342161455341,0.3967310441446725,0.926259946949602,3.4000689999957103
32,0.00025,16,GELU,1000,0.3743342161455341,0.3967310441446725,0.926259946949602,3.4332723999978043
32,0.00025,16,Softmax,50,0.3743342161455341,0.3967310441446725,0.926259946949602,3.2016075999999885
32,0.00025,16,Softmax,100,0.3743342161455341,0.3967310441446725,0.926259946949602,3.3600351000059163
32,0.00025,16,Softmax,300,0.3743342161455341,0.3967310441446725,0.926259946949602,3.309354200013331
32,0.00025,16,Softmax,500,0.3743342161455341,0.3967310441446725,0.926259946949602,3.421677299993462
32,0.00025,16,Softmax,1000,0.3743342161455341,0.3967310441446725,0.926259946949602,3.5108463000069605
32,0.00025,32,ReLU,50,0.3325672699415876,0.3196649638731649,0.9212201591511936,0.7615684999909718
32,0.00025,32,ReLU,100,0.3325672699415876,0.3196649638731649,0.9212201591511936,0.7824219000031007
32,0.00025,32,ReLU,300,0.3325672699415876,0.3196649638731649,0.9212201591511936,0.7732033000065712
32,0.00025,32,ReLU,500,0.3325672699415876,0.3196649638731649,0.9212201591511936,0.7788763000135077
32,0.00025,32,ReLU,1000,0.3325672699415876,0.3196649638731649,0.9212201591511936,0.8043981999944663
32,0.00025,32,Tanh,50,0.4099847249744615,0.4478754171301446,0.9315649867374004,2.104809600001317
32,0.00025,32,Tanh,100,0.4133977389803178,0.4541640852418777,0.9315649867374004,2.4824891000025677
32,0.00025,32,Tanh,300,0.4133977389803178,0.4541640852418777,0.9315649867374004,2.411750899991602
32,0.00025,32,Tanh,500,0.4133977389803178,0.4541640852418777,0.9315649867374004,2.593415800001821
32,0.00025,32,Tanh,1000,0.4133977389803178,0.4541640852418777,0.9315649867374004,2.540929299997515
32,0.00025,32,Sigmoid,50,0.3333333333333333,0.3200478094975406,0.923342175066313,0.632828600006178
32,0.00025,32,Sigmoid,100,0.3333333333333333,0.3200478094975406,0.923342175066313,0.644278799998574
32,0.00025,32,Sigmoid,300,0.3333333333333333,0.3200478094975406,0.923342175066313,0.6417406999971718
32,0.00025,32,Sigmoid,500,0.3333333333333333,0.3200478094975406,0.923342175066313,0.6527677999984007
32,0.00025,32,Sigmoid,1000,0.3333333333333333,0.3200478094975406,0.923342175066313,0.6698841000034008
32,0.00025,32,GELU,50,0.3325672699415876,0.3196649638731649,0.9212201591511936,0.7984907999925781
32,0.00025,32,GELU,100,0.3325672699415876,0.3196649638731649,0.9212201591511936,0.7769849000032991
32,0.00025,32,GELU,300,0.3325672699415876,0.3196649638731649,0.9212201591511936,0.7560300000041025
32,0.00025,32,GELU,500,0.3325672699415876,0.3196649638731649,0.9212201591511936,0.7880410999932792
32,0.00025,32,GELU,1000,0.3325672699415876,0.3196649638731649,0.9212201591511936,0.778521100000944
32,0.00025,32,Softmax,50,0.3325672699415876,0.3196649638731649,0.9212201591511936,0.7793825999979163
32,0.00025,32,Softmax,100,0.3325672699415876,0.3196649638731649,0.9212201591511936,0.8165051999967545
32,0.00025,32,Softmax,300,0.3325672699415876,0.3196649638731649,0.9212201591511936,0.8057742999953916
32,0.00025,32,Softmax,500,0.3325672699415876,0.3196649638731649,0.9212201591511936,0.7899921000062022
32,0.00025,32,Softmax,1000,0.3325672699415876,0.3196649638731649,0.9212201591511936,0.7804764999891631
32,0.00025,64,ReLU,50,0.3325672699415876,0.3196649638731649,0.9212201591511936,0.6074750000116182
32,0.00025,64,ReLU,100,0.3325672699415876,0.3196649638731649,0.9212201591511936,0.6474758999975165
32,0.00025,64,ReLU,300,0.3325672699415876,0.3196649638731649,0.9212201591511936,0.6081157000007806
32,0.00025,64,ReLU,500,0.3325672699415876,0.3196649638731649,0.9212201591511936,0.5816122999967774
32,0.00025,64,ReLU,1000,0.3325672699415876,0.3196649638731649,0.9212201591511936,0.5836065000039525
32,0.00025,64,Tanh,50,0.3707509889226839,0.3862822900473544,0.9281167108753317,1.247571500003687
32,0.00025,64,Tanh,100,0.3707509889226839,0.3862822900473544,0.9281167108753317,1.3950928999984171
32,0.00025,64,Tanh,300,0.3707509889226839,0.3862822900473544,0.9281167108753317,1.340397000007215
32,0.00025,64,Tanh,500,0.3707509889226839,0.3862822900473544,0.9281167108753317,1.3704641000076665
32,0.00025,64,Tanh,1000,0.3707509889226839,0.3862822900473544,0.9281167108753317,1.2573983000038425
32,0.00025,64,Sigmoid,50,0.3333333333333333,0.3200478094975406,0.923342175066313,0.4006250999955227
32,0.00025,64,Sigmoid,100,0.3333333333333333,0.3200478094975406,0.923342175066313,0.4005317999981344
32,0.00025,64,Sigmoid,300,0.3333333333333333,0.3200478094975406,0.923342175066313,0.4171818000031635
32,0.00025,64,Sigmoid,500,0.3333333333333333,0.3200478094975406,0.923342175066313,0.3982523000013316
32,0.00025,64,Sigmoid,1000,0.3333333333333333,0.3200478094975406,0.923342175066313,0.4500670000124955
32,0.00025,64,GELU,50,0.3325672699415876,0.3196649638731649,0.9212201591511936,0.5588198000041302
32,0.00025,64,GELU,100,0.3325672699415876,0.3196649638731649,0.9212201591511936,0.5824321000109194
32,0.00025,64,GELU,300,0.3325672699415876,0.3196649638731649,0.9212201591511936,0.5631108999950811
32,0.00025,64,GELU,500,0.3325672699415876,0.3196649638731649,0.9212201591511936,0.5869802000088384
32,0.00025,64,GELU,1000,0.3325672699415876,0.3196649638731649,0.9212201591511936,0.5713577999995323
32,0.00025,64,Softmax,50,0.3325672699415876,0.3196649638731649,0.9212201591511936,0.572774300002493
32,0.00025,64,Softmax,100,0.3325672699415876,0.3196649638731649,0.9212201591511936,0.5809174000023631
32,0.00025,64,Softmax,300,0.3325672699415876,0.3196649638731649,0.9212201591511936,0.557705100000021
32,0.00025,64,Softmax,500,0.3325672699415876,0.3196649638731649,0.9212201591511936,0.5946089000062784
32,0.00025,64,Softmax,1000,0.3325672699415876,0.3196649638731649,0.9212201591511936,0.5925578000023961
32,0.00025,128,ReLU,50,0.3326630278655558,0.319712865819989,0.9214854111405836,0.5204570999921998
32,0.00025,128,ReLU,100,0.3326630278655558,0.319712865819989,0.9214854111405836,0.4995899999921676
32,0.00025,128,ReLU,300,0.3326630278655558,0.319712865819989,0.9214854111405836,0.5229099999996834
32,0.00025,128,ReLU,500,0.3326630278655558,0.319712865819989,0.9214854111405836,0.5441923000034876
32,0.00025,128,ReLU,1000,0.3326630278655558,0.319712865819989,0.9214854111405836,0.5285196000040742
32,0.00025,128,Tanh,50,0.3320884803217466,0.3195577055977885,0.919893899204244,0.7673204000020633
32,0.00025,128,Tanh,100,0.3320884803217466,0.3195577055977885,0.919893899204244,0.7380458999978146
32,0.00025,128,Tanh,300,0.3320884803217466,0.3195577055977885,0.919893899204244,0.7925420999963535
32,0.00025,128,Tanh,500,0.3320884803217466,0.3195577055977885,0.919893899204244,0.7666339999996126
32,0.00025,128,Tanh,1000,0.3320884803217466,0.3195577055977885,0.919893899204244,0.7356697999930475
32,0.00025,128,Sigmoid,50,0.3333333333333333,0.3200478094975406,0.923342175066313,0.3005769000010332
32,0.00025,128,Sigmoid,100,0.3333333333333333,0.3200478094975406,0.923342175066313,0.3206582999991951
32,0.00025,128,Sigmoid,300,0.3333333333333333,0.3200478094975406,0.923342175066313,0.3015401000011479
32,0.00025,128,Sigmoid,500,0.3333333333333333,0.3200478094975406,0.923342175066313,0.297963000004529
32,0.00025,128,Sigmoid,1000,0.3333333333333333,0.3200478094975406,0.923342175066313,0.3114511999883689
32,0.00025,128,GELU,50,0.3326630278655558,0.319712865819989,0.9214854111405836,0.4962632000097073
32,0.00025,128,GELU,100,0.3326630278655558,0.319712865819989,0.9214854111405836,0.48604499999783
32,0.00025,128,GELU,300,0.3326630278655558,0.319712865819989,0.9214854111405836,0.5165567000076408
32,0.00025,128,GELU,500,0.3326630278655558,0.319712865819989,0.9214854111405836,0.4982872999971732
32,0.00025,128,GELU,1000,0.3326630278655558,0.319712865819989,0.9214854111405836,0.4936486999940825
32,0.00025,128,Softmax,50,0.3326630278655558,0.319712865819989,0.9214854111405836,0.5251698000065517
32,0.00025,128,Softmax,100,0.3326630278655558,0.319712865819989,0.9214854111405836,0.4951365999877453
32,0.00025,128,Softmax,300,0.3326630278655558,0.319712865819989,0.9214854111405836,0.4949895000027027
32,0.00025,128,Softmax,500,0.3326630278655558,0.319712865819989,0.9214854111405836,0.4839463999960571
32,0.00025,128,Softmax,1000,0.3326630278655558,0.319712865819989,0.9214854111405836,0.4743622999958461
64,0.01,8,ReLU,50,0.6291062211008379,0.6926666075877769,0.9477453580901856,6.805877599996165
64,0.01,8,ReLU,100,0.6291062211008379,0.6926666075877769,0.9477453580901856,6.818120399999316
64,0.01,8,ReLU,300,0.6291062211008379,0.6926666075877769,0.9477453580901856,6.619946499995422
64,0.01,8,ReLU,500,0.6291062211008379,0.6926666075877769,0.9477453580901856,6.660880499999621
64,0.01,8,ReLU,1000,0.6291062211008379,0.6926666075877769,0.9477453580901856,6.6333728000026895
64,0.01,8,Tanh,50,0.5307945896928831,0.5937471552143837,0.9350132625994696,5.0466585000103805
64,0.01,8,Tanh,100,0.5307945896928831,0.5937471552143837,0.9350132625994696,4.871580999999424
64,0.01,8,Tanh,300,0.5307945896928831,0.5937471552143837,0.9350132625994696,4.905102700009593
64,0.01,8,Tanh,500,0.5307945896928831,0.5937471552143837,0.9350132625994696,5.1058207000023685
64,0.01,8,Tanh,1000,0.5307945896928831,0.5937471552143837,0.9350132625994696,4.861111799997161
64,0.01,8,Sigmoid,50,0.5596467015811591,0.6138417622858084,0.9371352785145888,5.274668800004292
64,0.01,8,Sigmoid,100,0.5596467015811591,0.6138417622858084,0.9371352785145888,5.420770299999276
64,0.01,8,Sigmoid,300,0.5596467015811591,0.6138417622858084,0.9371352785145888,5.043678300004103
64,0.01,8,Sigmoid,500,0.5596467015811591,0.6138417622858084,0.9371352785145888,5.435054499990656
64,0.01,8,Sigmoid,1000,0.5596467015811591,0.6138417622858084,0.9371352785145888,5.259524300010526
64,0.01,8,GELU,50,0.6291062211008379,0.6926666075877769,0.9477453580901856,6.692377500003204
64,0.01,8,GELU,100,0.6291062211008379,0.6926666075877769,0.9477453580901856,6.598016899995855
64,0.01,8,GELU,300,0.6291062211008379,0.6926666075877769,0.9477453580901856,6.581071699998574
64,0.01,8,GELU,500,0.6291062211008379,0.6926666075877769,0.9477453580901856,6.373614699987229
64,0.01,8,GELU,1000,0.6291062211008379,0.6926666075877769,0.9477453580901856,6.744582500003162
64,0.01,8,Softmax,50,0.6291062211008379,0.6926666075877769,0.9477453580901856,6.601694000011776
64,0.01,8,Softmax,100,0.6291062211008379,0.6926666075877769,0.9477453580901856,6.645341600000393
64,0.01,8,Softmax,300,0.6291062211008379,0.6926666075877769,0.9477453580901856,6.803637799996068
64,0.01,8,Softmax,500,0.6291062211008379,0.6926666075877769,0.9477453580901856,6.597923699999228
64,0.01,8,Softmax,1000,0.6291062211008379,0.6926666075877769,0.9477453580901856,6.607214999996359
64,0.01,16,ReLU,50,0.6355671999546514,0.6811118317928759,0.9427055702917772,3.101531599997543
64,0.01,16,ReLU,100,0.6355671999546514,0.6811118317928759,0.9427055702917772,3.190111400006572
64,0.01,16,ReLU,300,0.6355671999546514,0.6811118317928759,0.9427055702917772,3.1823108999960823
64,0.01,16,ReLU,500,0.6355671999546514,0.6811118317928759,0.9427055702917772,3.1944704000052297
64,0.01,16,ReLU,1000,0.6355671999546514,0.6811118317928759,0.9427055702917772,3.4560126999858767
64,0.01,16,Tanh,50,0.5703155995165653,0.6310436521439626,0.9392572944297082,1.4892413999914424
64,0.01,16,Tanh,100,0.5703155995165653,0.6310436521439626,0.9392572944297082,1.5618278000038115
64,0.01,16,Tanh,300,0.5703155995165653,0.6310436521439626,0.9392572944297082,1.6254180999967502
64,0.01,16,Tanh,500,0.5703155995165653,0.6310436521439626,0.9392572944297082,1.6186162999947555
64,0.01,16,Tanh,1000,0.5703155995165653,0.6310436521439626,0.9392572944297082,1.5924048000015318
64,0.01,16,Sigmoid,50,0.5438051819325217,0.6088856018766405,0.9381962864721486,2.7612503999989717
64,0.01,16,Sigmoid,100,0.5438051819325217,0.6088856018766405,0.9381962864721486,2.7831368000042858
64,0.01,16,Sigmoid,300,0.5438051819325217,0.6088856018766405,0.9381962864721486,2.7483249999932013
64,0.01,16,Sigmoid,500,0.5438051819325217,0.6088856018766405,0.9381962864721486,2.824651799994172
64,0.01,16,Sigmoid,1000,0.5438051819325217,0.6088856018766405,0.9381962864721486,2.7908953000005567
64,0.01,16,GELU,50,0.6355671999546514,0.6811118317928759,0.9427055702917772,3.2945460000046296
64,0.01,16,GELU,100,0.6355671999546514,0.6811118317928759,0.9427055702917772,3.1931553999893367
64,0.01,16,GELU,300,0.6355671999546514,0.6811118317928759,0.9427055702917772,3.2262412999989465
64,0.01,16,GELU,500,0.6355671999546514,0.6811118317928759,0.9427055702917772,3.20440289999533
64,0.01,16,GELU,1000,0.6355671999546514,0.6811118317928759,0.9427055702917772,3.1341012000048067
64,0.01,16,Softmax,50,0.6355671999546514,0.6811118317928759,0.9427055702917772,3.212630999987596
64,0.01,16,Softmax,100,0.6355671999546514,0.6811118317928759,0.9427055702917772,3.194877600006293
64,0.01,16,Softmax,300,0.6355671999546514,0.6811118317928759,0.9427055702917772,3.2962232999998378
64,0.01,16,Softmax,500,0.6355671999546514,0.6811118317928759,0.9427055702917772,3.1275959000049625
64,0.01,16,Softmax,1000,0.6355671999546514,0.6811118317928759,0.9427055702917772,3.114234699998633
64,0.01,32,ReLU,50,0.6313212063170718,0.6907702917059563,0.9453580901856764,1.900924000001396
64,0.01,32,ReLU,100,0.6313212063170718,0.6907702917059563,0.9453580901856764,2.083112100008293
64,0.01,32,ReLU,300,0.6313212063170718,0.6907702917059563,0.9453580901856764,1.994211400000495
64,0.01,32,ReLU,500,0.6313212063170718,0.6907702917059563,0.9453580901856764,2.2461135999910766
64,0.01,32,ReLU,1000,0.6313212063170718,0.6907702917059563,0.9453580901856764,2.0743482999969274
64,0.01,32,Tanh,50,0.584679355656724,0.6361727507248361,0.9376657824933688,0.942898299996159
64,0.01,32,Tanh,100,0.584679355656724,0.6361727507248361,0.9376657824933688,0.9621084999962476
64,0.01,32,Tanh,300,0.584679355656724,0.6361727507248361,0.9376657824933688,0.989886800001841
64,0.01,32,Tanh,500,0.584679355656724,0.6361727507248361,0.9376657824933688,0.9675232000008692
64,0.01,32,Tanh,1000,0.584679355656724,0.6361727507248361,0.9376657824933688,0.9753137000079732
64,0.01,32,Sigmoid,50,0.5400283293816953,0.6090660210170434,0.9413793103448276,1.221879100005026
64,0.01,32,Sigmoid,100,0.5400283293816953,0.6090660210170434,0.9413793103448276,1.16558200000145
64,0.01,32,Sigmoid,300,0.5400283293816953,0.6090660210170434,0.9413793103448276,1.1994500000000698
64,0.01,32,Sigmoid,500,0.5400283293816953,0.6090660210170434,0.9413793103448276,1.1882442999922205
64,0.01,32,Sigmoid,1000,0.5400283293816953,0.6090660210170434,0.9413793103448276,1.2359338999958709
64,0.01,32,GELU,50,0.6313212063170718,0.6907702917059563,0.9453580901856764,1.8904328000062376
64,0.01,32,GELU,100,0.6313212063170718,0.6907702917059563,0.9453580901856764,2.061988200002816
64,0.01,32,GELU,300,0.6313212063170718,0.6907702917059563,0.9453580901856764,2.337108099993202
64,0.01,32,GELU,500,0.6313212063170718,0.6907702917059563,0.9453580901856764,2.054214199990384
64,0.01,32,GELU,1000,0.6313212063170718,0.6907702917059563,0.9453580901856764,1.9102419999981064
64,0.01,32,Softmax,50,0.6313212063170718,0.6907702917059563,0.9453580901856764,1.974535300003481
64,0.01,32,Softmax,100,0.6313212063170718,0.6907702917059563,0.9453580901856764,2.015258300001733
64,0.01,32,Softmax,300,0.6313212063170718,0.6907702917059563,0.9453580901856764,1.982546100000036
64,0.01,32,Softmax,500,0.6313212063170718,0.6907702917059563,0.9453580901856764,2.036926000000676
64,0.01,32,Softmax,1000,0.6313212063170718,0.6907702917059563,0.9453580901856764,2.188718999997945
64,0.01,64,ReLU,50,0.6025159186507599,0.6689059889534622,0.9442970822281168,1.1830018000036944
64,0.01,64,ReLU,100,0.6025159186507599,0.6689059889534622,0.9442970822281168,1.283625199997914
64,0.01,64,ReLU,300,0.6025159186507599,0.6689059889534622,0.9442970822281168,1.1953769999963697
64,0.01,64,ReLU,500,0.6025159186507599,0.6689059889534622,0.9442970822281168,1.119531599993934
64,0.01,64,ReLU,1000,0.6025159186507599,0.6689059889534622,0.9442970822281168,1.1841688999993494
64,0.01,64,Tanh,50,0.5739669535923224,0.6415493131259974,0.9408488063660476,0.8115780000080122
64,0.01,64,Tanh,100,0.5739669535923224,0.6415493131259974,0.9408488063660476,0.7777444000093965
64,0.01,64,Tanh,300,0.5739669535923224,0.6415493131259974,0.9408488063660476,0.7589183999953093
64,0.01,64,Tanh,500,0.5739669535923224,0.6415493131259974,0.9408488063660476,0.8059252999955788
64,0.01,64,Tanh,1000,0.5739669535923224,0.6415493131259974,0.9408488063660476,0.7583661999960896
64,0.01,64,Sigmoid,50,0.5359684220190436,0.5967926694591792,0.940053050397878,1.1444029999984195
64,0.01,64,Sigmoid,100,0.5359684220190436,0.5967926694591792,0.940053050397878,1.1444507999985944
64,0.01,64,Sigmoid,300,0.5359684220190436,0.5967926694591792,0.940053050397878,1.2054359000030672
64,0.01,64,Sigmoid,500,0.5359684220190436,0.5967926694591792,0.940053050397878,1.1276633999950718
64,0.01,64,Sigmoid,1000,0.5359684220190436,0.5967926694591792,0.940053050397878,1.1333971999993082
64,0.01,64,GELU,50,0.6025159186507599,0.6689059889534622,0.9442970822281168,1.1921295000065584
64,0.01,64,GELU,100,0.6025159186507599,0.6689059889534622,0.9442970822281168,1.2543410999933258
64,0.01,64,GELU,300,0.6025159186507599,0.6689059889534622,0.9442970822281168,1.171786199993221
64,0.01,64,GELU,500,0.6025159186507599,0.6689059889534622,0.9442970822281168,1.1430308999988483
64,0.01,64,GELU,1000,0.6025159186507599,0.6689059889534622,0.9442970822281168,1.2103899999929126
64,0.01,64,Softmax,50,0.6025159186507599,0.6689059889534622,0.9442970822281168,1.19296879999456
64,0.01,64,Softmax,100,0.6025159186507599,0.6689059889534622,0.9442970822281168,1.227542499997071
64,0.01,64,Softmax,300,0.6025159186507599,0.6689059889534622,0.9442970822281168,1.1263863999920432
64,0.01,64,Softmax,500,0.6025159186507599,0.6689059889534622,0.9442970822281168,1.1372919999994338
64,0.01,64,Softmax,1000,0.6025159186507599,0.6689059889534622,0.9442970822281168,1.1752227999968454
64,0.01,128,ReLU,50,0.625638843819969,0.6830544014682057,0.9440318302387268,0.5832819000061136
64,0.01,128,ReLU,100,0.625638843819969,0.6830544014682057,0.9440318302387268,0.6210095999995247
64,0.01,128,ReLU,300,0.625638843819969,0.6830544014682057,0.9440318302387268,0.6059230999962892
64,0.01,128,ReLU,500,0.625638843819969,0.6830544014682057,0.9440318302387268,0.5888191000121878
64,0.01,128,ReLU,1000,0.625638843819969,0.6830544014682057,0.9440318302387268,0.5925844000012148
64,0.01,128,Tanh,50,0.5566380219021182,0.6218581226349215,0.940583554376658,0.4898998999997275
64,0.01,128,Tanh,100,0.5566380219021182,0.6218581226349215,0.940583554376658,0.4681102000031387
64,0.01,128,Tanh,300,0.5566380219021182,0.6218581226349215,0.940583554376658,0.4558815000054892
64,0.01,128,Tanh,500,0.5566380219021182,0.6218581226349215,0.940583554376658,0.4618051999859744
64,0.01,128,Tanh,1000,0.5566380219021182,0.6218581226349215,0.940583554376658,0.4669050000084098
64,0.01,128,Sigmoid,50,0.5102399408846795,0.5718324964428819,0.9389920424403184,0.734642099996563
64,0.01,128,Sigmoid,100,0.5102399408846795,0.5718324964428819,0.9389920424403184,0.7161602999985917
64,0.01,128,Sigmoid,300,0.5102399408846795,0.5718324964428819,0.9389920424403184,0.6861172999924747
64,0.01,128,Sigmoid,500,0.5102399408846795,0.5718324964428819,0.9389920424403184,0.7197995000024093
64,0.01,128,Sigmoid,1000,0.5102399408846795,0.5718324964428819,0.9389920424403184,0.7136875000142027
64,0.01,128,GELU,50,0.625638843819969,0.6830544014682057,0.9440318302387268,0.5706253999960609
64,0.01,128,GELU,100,0.625638843819969,0.6830544014682057,0.9440318302387268,0.5814314999879571
64,0.01,128,GELU,300,0.625638843819969,0.6830544014682057,0.9440318302387268,0.5774068999890005
64,0.01,128,GELU,500,0.625638843819969,0.6830544014682057,0.9440318302387268,0.5895289000036428
64,0.01,128,GELU,1000,0.625638843819969,0.6830544014682057,0.9440318302387268,0.6015541999950074
64,0.01,128,Softmax,50,0.625638843819969,0.6830544014682057,0.9440318302387268,0.5574045999965165
64,0.01,128,Softmax,100,0.625638843819969,0.6830544014682057,0.9440318302387268,0.5835776999883819
64,0.01,128,Softmax,300,0.625638843819969,0.6830544014682057,0.9440318302387268,0.5881210999941686
64,0.01,128,Softmax,500,0.625638843819969,0.6830544014682057,0.9440318302387268,0.5673141000006581
64,0.01,128,Softmax,1000,0.625638843819969,0.6830544014682057,0.9440318302387268,0.5706757000007201
64,0.001,8,ReLU,50,0.5909830899196002,0.6529413686683716,0.9416445623342176,5.626668299999437
64,0.001,8,ReLU,100,0.5909830899196002,0.6529413686683716,0.9416445623342176,5.519109200002276
64,0.001,8,ReLU,300,0.5909830899196002,0.6529413686683716,0.9416445623342176,5.543966799988993
64,0.001,8,ReLU,500,0.5909830899196002,0.6529413686683716,0.9416445623342176,5.772428199998103
64,0.001,8,ReLU,1000,0.5909830899196002,0.6529413686683716,0.9416445623342176,5.500388600004953
64,0.001,8,Tanh,50,0.541938058288051,0.6141693032443665,0.9421750663129972,5.446872199987411
64,0.001,8,Tanh,100,0.541938058288051,0.6141693032443665,0.9421750663129972,5.531990100003895
64,0.001,8,Tanh,300,0.541938058288051,0.6141693032443665,0.9421750663129972,5.531768799992278
64,0.001,8,Tanh,500,0.541938058288051,0.6141693032443665,0.9421750663129972,5.537687400006689
64,0.001,8,Tanh,1000,0.541938058288051,0.6141693032443665,0.9421750663129972,5.488572300004307
64,0.001,8,Sigmoid,50,0.4371654480262826,0.4826159220319909,0.9344827586206896,4.762580900001922
64,0.001,8,Sigmoid,100,0.4371654480262826,0.4826159220319909,0.9344827586206896,4.9932562000030885
64,0.001,8,Sigmoid,300,0.4371654480262826,0.4826159220319909,0.9344827586206896,4.922856499993941
64,0.001,8,Sigmoid,500,0.4371654480262826,0.4826159220319909,0.9344827586206896,4.89254329999676
64,0.001,8,Sigmoid,1000,0.4371654480262826,0.4826159220319909,0.9344827586206896,4.850022300001001
64,0.001,8,GELU,50,0.5909830899196002,0.6529413686683716,0.9416445623342176,5.421502800003509
64,0.001,8,GELU,100,0.5909830899196002,0.6529413686683716,0.9416445623342176,5.438342399997055
64,0.001,8,GELU,300,0.5909830899196002,0.6529413686683716,0.9416445623342176,5.47769280000648
64,0.001,8,GELU,500,0.5909830899196002,0.6529413686683716,0.9416445623342176,5.493601800000761
64,0.001,8,GELU,1000,0.5909830899196002,0.6529413686683716,0.9416445623342176,5.545811200005119
64,0.001,8,Softmax,50,0.5909830899196002,0.6529413686683716,0.9416445623342176,5.4894911000010325
64,0.001,8,Softmax,100,0.5909830899196002,0.6529413686683716,0.9416445623342176,5.604756300002919
64,0.001,8,Softmax,300,0.5909830899196002,0.6529413686683716,0.9416445623342176,5.606379299992113
64,0.001,8,Softmax,500,0.5909830899196002,0.6529413686683716,0.9416445623342176,5.516865199999302
64,0.001,8,Softmax,1000,0.5909830899196002,0.6529413686683716,0.9416445623342176,5.715263100006268
64,0.001,16,ReLU,50,0.5971442420365439,0.662426427271611,0.9442970822281168,3.547184399998514
64,0.001,16,ReLU,100,0.5971442420365439,0.662426427271611,0.9442970822281168,3.6171054000005824
64,0.001,16,ReLU,300,0.5971442420365439,0.662426427271611,0.9442970822281168,3.624022200005129
64,0.001,16,ReLU,500,0.5971442420365439,0.662426427271611,0.9442970822281168,3.5677951000106987
64,0.001,16,ReLU,1000,0.5971442420365439,0.662426427271611,0.9442970822281168,3.551136199996108
64,0.001,16,Tanh,50,0.5091941427740775,0.5778152121699685,0.9387267904509284,2.503555100003723
64,0.001,16,Tanh,100,0.5091941427740775,0.5778152121699685,0.9387267904509284,2.4503069999918807
64,0.001,16,Tanh,300,0.5091941427740775,0.5778152121699685,0.9387267904509284,2.5254549000092084
64,0.001,16,Tanh,500,0.5091941427740775,0.5778152121699685,0.9387267904509284,2.507353500011959
64,0.001,16,Tanh,1000,0.5091941427740775,0.5778152121699685,0.9387267904509284,2.486266899999464
64,0.001,16,Sigmoid,50,0.4490971815112491,0.4956835661350522,0.9360742705570292,3.4949147000006637
64,0.001,16,Sigmoid,100,0.4490971815112491,0.4956835661350522,0.9360742705570292,3.344223599997349
64,0.001,16,Sigmoid,300,0.4490971815112491,0.4956835661350522,0.9360742705570292,3.4239824000105727
64,0.001,16,Sigmoid,500,0.4490971815112491,0.4956835661350522,0.9360742705570292,3.372772400005488
64,0.001,16,Sigmoid,1000,0.4490971815112491,0.4956835661350522,0.9360742705570292,3.436993800001801
64,0.001,16,GELU,50,0.5971442420365439,0.662426427271611,0.9442970822281168,3.481208900004276
64,0.001,16,GELU,100,0.5971442420365439,0.662426427271611,0.9442970822281168,3.518966899995576
64,0.001,16,GELU,300,0.5971442420365439,0.662426427271611,0.9442970822281168,3.785206899992773
64,0.001,16,GELU,500,0.5971442420365439,0.662426427271611,0.9442970822281168,3.4971736000006786
64,0.001,16,GELU,1000,0.5971442420365439,0.662426427271611,0.9442970822281168,3.5867568000103347
64,0.001,16,Softmax,50,0.5971442420365439,0.662426427271611,0.9442970822281168,3.5558280999975977
64,0.001,16,Softmax,100,0.5971442420365439,0.662426427271611,0.9442970822281168,3.480347200005781
64,0.001,16,Softmax,300,0.5971442420365439,0.662426427271611,0.9442970822281168,3.6330033000122057
64,0.001,16,Softmax,500,0.5971442420365439,0.662426427271611,0.9442970822281168,3.60119489999488
64,0.001,16,Softmax,1000,0.5971442420365439,0.662426427271611,0.9442970822281168,3.489825199998449
64,0.001,32,ReLU,50,0.5234441584522943,0.5963002683459232,0.9408488063660476,1.7256100999948103
64,0.001,32,ReLU,100,0.5234441584522943,0.5963002683459232,0.9408488063660476,1.7786032000003615
64,0.001,32,ReLU,300,0.5234441584522943,0.5963002683459232,0.9408488063660476,1.8601643000001784
64,0.001,32,ReLU,500,0.5234441584522943,0.5963002683459232,0.9408488063660476,1.840697599996929
64,0.001,32,ReLU,1000,0.5234441584522943,0.5963002683459232,0.9408488063660476,1.898621100001037
64,0.001,32,Tanh,50,0.488118099084148,0.550093580071352,0.936604774535809,1.7775462999998126
64,0.001,32,Tanh,100,0.488118099084148,0.550093580071352,0.936604774535809,1.790340199993807
64,0.001,32,Tanh,300,0.488118099084148,0.550093580071352,0.936604774535809,1.6542091999872357
64,0.001,32,Tanh,500,0.488118099084148,0.550093580071352,0.936604774535809,1.6844262999948114
64,0.001,32,Tanh,1000,0.488118099084148,0.550093580071352,0.936604774535809,1.6460808999981964
64,0.001,32,Sigmoid,50,0.3333333333333333,0.3200478094975406,0.923342175066313,0.6509918000083417
64,0.001,32,Sigmoid,100,0.3333333333333333,0.3200478094975406,0.923342175066313,0.6545578999939607
64,0.001,32,Sigmoid,300,0.3333333333333333,0.3200478094975406,0.923342175066313,0.6564088000013726
64,0.001,32,Sigmoid,500,0.3333333333333333,0.3200478094975406,0.923342175066313,0.6762410999945132
64,0.001,32,Sigmoid,1000,0.3333333333333333,0.3200478094975406,0.923342175066313,0.6725721999973757
64,0.001,32,GELU,50,0.5234441584522943,0.5963002683459232,0.9408488063660476,1.8574181000003591
64,0.001,32,GELU,100,0.5234441584522943,0.5963002683459232,0.9408488063660476,1.8752685999934329
64,0.001,32,GELU,300,0.5234441584522943,0.5963002683459232,0.9408488063660476,1.7824748999992153
64,0.001,32,GELU,500,0.5234441584522943,0.5963002683459232,0.9408488063660476,1.870064499991713
64,0.001,32,GELU,1000,0.5234441584522943,0.5963002683459232,0.9408488063660476,1.841272300007404
64,0.001,32,Softmax,50,0.5234441584522943,0.5963002683459232,0.9408488063660476,1.8033256999915463
64,0.001,32,Softmax,100,0.5234441584522943,0.5963002683459232,0.9408488063660476,1.7054896999907214
64,0.001,32,Softmax,300,0.5234441584522943,0.5963002683459232,0.9408488063660476,1.8207812999899036
64,0.001,32,Softmax,500,0.5234441584522943,0.5963002683459232,0.9408488063660476,1.824498500005575
64,0.001,32,Softmax,1000,0.5234441584522943,0.5963002683459232,0.9408488063660476,1.9118157000048088
64,0.001,64,ReLU,50,0.528598797627552,0.6013008586884725,0.9416445623342176,1.3379315000056522
64,0.001,64,ReLU,100,0.528598797627552,0.6013008586884725,0.9416445623342176,1.4250099999917438
64,0.001,64,ReLU,300,0.528598797627552,0.6013008586884725,0.9416445623342176,1.3787549999979092
64,0.001,64,ReLU,500,0.528598797627552,0.6013008586884725,0.9416445623342176,1.322230399993714
64,0.001,64,ReLU,1000,0.528598797627552,0.6013008586884725,0.9416445623342176,1.3299388000014003
64,0.001,64,Tanh,50,0.5110783500894113,0.5801640214094513,0.9408488063660476,1.110329200004344
64,0.001,64,Tanh,100,0.5110783500894113,0.5801640214094513,0.9408488063660476,1.0953766999882646
64,0.001,64,Tanh,300,0.5110783500894113,0.5801640214094513,0.9408488063660476,1.166088199999649
64,0.001,64,Tanh,500,0.5110783500894113,0.5801640214094513,0.9408488063660476,1.112820800000918
64,0.001,64,Tanh,1000,0.5110783500894113,0.5801640214094513,0.9408488063660476,1.055506199991214
64,0.001,64,Sigmoid,50,0.3333333333333333,0.3200478094975406,0.923342175066313,0.3934090999973705
64,0.001,64,Sigmoid,100,0.3333333333333333,0.3200478094975406,0.923342175066313,0.4127923000050941
64,0.001,64,Sigmoid,300,0.3333333333333333,0.3200478094975406,0.923342175066313,0.4281554000044707
64,0.001,64,Sigmoid,500,0.3333333333333333,0.3200478094975406,0.923342175066313,0.4160530999943148
64,0.001,64,Sigmoid,1000,0.3333333333333333,0.3200478094975406,0.923342175066313,0.4487749999971129
64,0.001,64,GELU,50,0.528598797627552,0.6013008586884725,0.9416445623342176,1.406698700011475
64,0.001,64,GELU,100,0.528598797627552,0.6013008586884725,0.9416445623342176,1.319054399995366
64,0.001,64,GELU,300,0.528598797627552,0.6013008586884725,0.9416445623342176,1.3779003000090595
64,0.001,64,GELU,500,0.528598797627552,0.6013008586884725,0.9416445623342176,1.3777228999970248
64,0.001,64,GELU,1000,0.528598797627552,0.6013008586884725,0.9416445623342176,1.4023238999943717
64,0.001,64,Softmax,50,0.528598797627552,0.6013008586884725,0.9416445623342176,1.3313713000097778
64,0.001,64,Softmax,100,0.528598797627552,0.6013008586884725,0.9416445623342176,1.3726995999895737
64,0.001,64,Softmax,300,0.528598797627552,0.6013008586884725,0.9416445623342176,1.3679795999923954
64,0.001,64,Softmax,500,0.528598797627552,0.6013008586884725,0.9416445623342176,1.3689377999980934
64,0.001,64,Softmax,1000,0.528598797627552,0.6013008586884725,0.9416445623342176,1.3204162000038195
64,0.001,128,ReLU,50,0.4068121605185455,0.4466907874260816,0.9312997347480106,0.8436698000004981
64,0.001,128,ReLU,100,0.4068121605185455,0.4466907874260816,0.9312997347480106,0.8261108999868156
64,0.001,128,ReLU,300,0.4068121605185455,0.4466907874260816,0.9312997347480106,0.8976184999919496
64,0.001,128,ReLU,500,0.4068121605185455,0.4466907874260816,0.9312997347480106,0.8642197999870405
64,0.001,128,ReLU,1000,0.4068121605185455,0.4466907874260816,0.9312997347480106,0.912716199993156
64,0.001,128,Tanh,50,0.436471730447523,0.4809251813206221,0.9320954907161804,0.7480992000055267
64,0.001,128,Tanh,100,0.436471730447523,0.4809251813206221,0.9320954907161804,0.7384519999905024
64,0.001,128,Tanh,300,0.436471730447523,0.4809251813206221,0.9320954907161804,0.7974105000030249
64,0.001,128,Tanh,500,0.436471730447523,0.4809251813206221,0.9320954907161804,0.7500963999918895
64,0.001,128,Tanh,1000,0.436471730447523,0.4809251813206221,0.9320954907161804,0.7898611999989953
64,0.001,128,Sigmoid,50,0.3333333333333333,0.3200478094975406,0.923342175066313,0.2823330999963218
64,0.001,128,Sigmoid,100,0.3333333333333333,0.3200478094975406,0.923342175066313,0.297367099992698
64,0.001,128,Sigmoid,300,0.3333333333333333,0.3200478094975406,0.923342175066313,0.2876608000078704
64,0.001,128,Sigmoid,500,0.3333333333333333,0.3200478094975406,0.923342175066313,0.2976389000104973
64,0.001,128,Sigmoid,1000,0.3333333333333333,0.3200478094975406,0.923342175066313,0.2846034999965923
64,0.001,128,GELU,50,0.4068121605185455,0.4466907874260816,0.9312997347480106,0.7719176999962656
64,0.001,128,GELU,100,0.4068121605185455,0.4466907874260816,0.9312997347480106,0.8047880999947665
64,0.001,128,GELU,300,0.4068121605185455,0.4466907874260816,0.9312997347480106,0.8781489999964833
64,0.001,128,GELU,500,0.4068121605185455,0.4466907874260816,0.9312997347480106,0.9030566000001272
64,0.001,128,GELU,1000,0.4068121605185455,0.4466907874260816,0.9312997347480106,0.8428579999890644
64,0.001,128,Softmax,50,0.4068121605185455,0.4466907874260816,0.9312997347480106,0.8557693999900948
64,0.001,128,Softmax,100,0.4068121605185455,0.4466907874260816,0.9312997347480106,0.827465199996368
64,0.001,128,Softmax,300,0.4068121605185455,0.4466907874260816,0.9312997347480106,0.8807508999889251
64,0.001,128,Softmax,500,0.4068121605185455,0.4466907874260816,0.9312997347480106,0.826839999994263
64,0.001,128,Softmax,1000,0.4068121605185455,0.4466907874260816,0.9312997347480106,0.8794706999906339
64,0.0001,8,ReLU,50,0.3722542740221846,0.3897287198324267,0.9273209549071618,7.28556760000356
64,0.0001,8,ReLU,100,0.3722542740221846,0.3897287198324267,0.9273209549071618,8.35988410000573
64,0.0001,8,ReLU,300,0.3722542740221846,0.3897287198324267,0.9273209549071618,8.455765899998369
64,0.0001,8,ReLU,500,0.3722542740221846,0.3897287198324267,0.9273209549071618,8.54529849998653
64,0.0001,8,ReLU,1000,0.3722542740221846,0.3897287198324267,0.9273209549071618,8.317305199991097
64,0.0001,8,Tanh,50,0.4221803201203504,0.4658986518811996,0.93342175066313,6.269424400001299
64,0.0001,8,Tanh,100,0.4221803201203504,0.4658986518811996,0.93342175066313,6.41644400000223
64,0.0001,8,Tanh,300,0.4221803201203504,0.4658986518811996,0.93342175066313,6.257744800008368
64,0.0001,8,Tanh,500,0.4221803201203504,0.4658986518811996,0.93342175066313,6.334651900004246
64,0.0001,8,Tanh,1000,0.4221803201203504,0.4658986518811996,0.93342175066313,6.276663199998438
64,0.0001,8,Sigmoid,50,0.3333333333333333,0.3200478094975406,0.923342175066313,2.131748299987521
64,0.0001,8,Sigmoid,100,0.3333333333333333,0.3200478094975406,0.923342175066313,2.1529202999954578
64,0.0001,8,Sigmoid,300,0.3333333333333333,0.3200478094975406,0.923342175066313,2.1776427000004333
64,0.0001,8,Sigmoid,500,0.3333333333333333,0.3200478094975406,0.923342175066313,2.1960158000001684
64,0.0001,8,Sigmoid,1000,0.3333333333333333,0.3200478094975406,0.923342175066313,2.179686499992385
64,0.0001,8,GELU,50,0.3722542740221846,0.3897287198324267,0.9273209549071618,7.150638299994171
64,0.0001,8,GELU,100,0.3722542740221846,0.3897287198324267,0.9273209549071618,8.226995199991507
64,0.0001,8,GELU,300,0.3722542740221846,0.3897287198324267,0.9273209549071618,8.317538499992224
64,0.0001,8,GELU,500,0.3722542740221846,0.3897287198324267,0.9273209549071618,8.473071500004153
64,0.0001,8,GELU,1000,0.3722542740221846,0.3897287198324267,0.9273209549071618,8.116220899988548
64,0.0001,8,Softmax,50,0.3722542740221846,0.3897287198324267,0.9273209549071618,7.273792699998012
64,0.0001,8,Softmax,100,0.3722542740221846,0.3897287198324267,0.9273209549071618,8.146105199994054
64,0.0001,8,Softmax,300,0.3722542740221846,0.3897287198324267,0.9273209549071618,8.135232200002065
64,0.0001,8,Softmax,500,0.3722542740221846,0.3897287198324267,0.9273209549071618,8.354206999996677
64,0.0001,8,Softmax,1000,0.3722542740221846,0.3897287198324267,0.9273209549071618,8.194727800000692
64,0.0001,16,ReLU,50,0.3328545437134922,0.3198086300487625,0.9220159151193634,1.739402399995015
64,0.0001,16,ReLU,100,0.3328545437134922,0.3198086300487625,0.9220159151193634,1.6829813000076683
64,0.0001,16,ReLU,300,0.3328545437134922,0.3198086300487625,0.9220159151193634,1.6535562000062782
64,0.0001,16,ReLU,500,0.3328545437134922,0.3198086300487625,0.9220159151193634,1.675412700002198
64,0.0001,16,ReLU,1000,0.3328545437134922,0.3198086300487625,0.9220159151193634,1.6521250000077998
64,0.0001,16,Tanh,50,0.3952559196764036,0.4223917163924632,0.9281167108753317,3.698864300007699
64,0.0001,16,Tanh,100,0.3952559196764036,0.4223917163924632,0.9281167108753317,3.7917356999969343
64,0.0001,16,Tanh,300,0.3952559196764036,0.4223917163924632,0.9281167108753317,3.6449022000015248
64,0.0001,16,Tanh,500,0.3952559196764036,0.4223917163924632,0.9281167108753317,3.632434300001478
64,0.0001,16,Tanh,1000,0.3952559196764036,0.4223917163924632,0.9281167108753317,3.7289151000004495
64,0.0001,16,Sigmoid,50,0.3333333333333333,0.3200478094975406,0.923342175066313,1.16978320000635
64,0.0001,16,Sigmoid,100,0.3333333333333333,0.3200478094975406,0.923342175066313,1.2284531999903263
64,0.0001,16,Sigmoid,300,0.3333333333333333,0.3200478094975406,0.923342175066313,1.203997899996466
64,0.0001,16,Sigmoid,500,0.3333333333333333,0.3200478094975406,0.923342175066313,1.179227800006629
64,0.0001,16,Sigmoid,1000,0.3333333333333333,0.3200478094975406,0.923342175066313,1.2091901999956465
64,0.0001,16,GELU,50,0.3328545437134922,0.3198086300487625,0.9220159151193634,1.7136527999973623
64,0.0001,16,GELU,100,0.3328545437134922,0.3198086300487625,0.9220159151193634,1.682225099997595
64,0.0001,16,GELU,300,0.3328545437134922,0.3198086300487625,0.9220159151193634,1.6945405000005849
64,0.0001,16,GELU,500,0.3328545437134922,0.3198086300487625,0.9220159151193634,1.71437600000354
64,0.0001,16,GELU,1000,0.3328545437134922,0.3198086300487625,0.9220159151193634,1.6419236000074309
64,0.0001,16,Softmax,50,0.3328545437134922,0.3198086300487625,0.9220159151193634,1.662969000011799
64,0.0001,16,Softmax,100,0.3328545437134922,0.3198086300487625,0.9220159151193634,1.7205480999982683
64,0.0001,16,Softmax,300,0.3328545437134922,0.3198086300487625,0.9220159151193634,1.735654499992961
64,0.0001,16,Softmax,500,0.3328545437134922,0.3198086300487625,0.9220159151193634,1.7112062999949558
64,0.0001,16,Softmax,1000,0.3328545437134922,0.3198086300487625,0.9220159151193634,1.7447969000058947
64,0.0001,32,ReLU,50,0.332758785789524,0.3197607545433632,0.9217506631299734,1.2583331000059843
64,0.0001,32,ReLU,100,0.332758785789524,0.3197607545433632,0.9217506631299734,1.275269699995988
64,0.0001,32,ReLU,300,0.332758785789524,0.3197607545433632,0.9217506631299734,1.2642156000074465
64,0.0001,32,ReLU,500,0.332758785789524,0.3197607545433632,0.9217506631299734,1.2405301999970106
64,0.0001,32,ReLU,1000,0.332758785789524,0.3197607545433632,0.9217506631299734,1.2537675999919884
64,0.0001,32,Tanh,50,0.3709370751976117,0.3853457216058941,0.9241379310344828,2.20896360000188
64,0.0001,32,Tanh,100,0.3707455593496753,0.384703548085901,0.9236074270557028,2.572937200005981
64,0.0001,32,Tanh,300,0.3707455593496753,0.384703548085901,0.9236074270557028,2.5325050999963423
64,0.0001,32,Tanh,500,0.3707455593496753,0.384703548085901,0.9236074270557028,2.4756387999950675
64,0.0001,32,Tanh,1000,0.3707455593496753,0.384703548085901,0.9236074270557028,2.5448199000093155
64,0.0001,32,Sigmoid,50,0.3333333333333333,0.3200478094975406,0.923342175066313,0.7130393999977969
64,0.0001,32,Sigmoid,100,0.3333333333333333,0.3200478094975406,0.923342175066313,0.7398626000067452
64,0.0001,32,Sigmoid,300,0.3333333333333333,0.3200478094975406,0.923342175066313,0.716717699993751
64,0.0001,32,Sigmoid,500,0.3333333333333333,0.3200478094975406,0.923342175066313,0.7241269000078319
64,0.0001,32,Sigmoid,1000,0.3333333333333333,0.3200478094975406,0.923342175066313,0.7331854000076419
64,0.0001,32,GELU,50,0.332758785789524,0.3197607545433632,0.9217506631299734,1.2380005000013623
64,0.0001,32,GELU,100,0.332758785789524,0.3197607545433632,0.9217506631299734,1.2403655999951295
64,0.0001,32,GELU,300,0.332758785789524,0.3197607545433632,0.9217506631299734,1.2794229999999516
64,0.0001,32,GELU,500,0.332758785789524,0.3197607545433632,0.9217506631299734,1.2810940999916056
64,0.0001,32,GELU,1000,0.332758785789524,0.3197607545433632,0.9217506631299734,1.280385899997782
64,0.0001,32,Softmax,50,0.332758785789524,0.3197607545433632,0.9217506631299734,1.28839539999899
64,0.0001,32,Softmax,100,0.332758785789524,0.3197607545433632,0.9217506631299734,1.2272324999939883
64,0.0001,32,Softmax,300,0.332758785789524,0.3197607545433632,0.9217506631299734,1.2538381999911508
64,0.0001,32,Softmax,500,0.332758785789524,0.3197607545433632,0.9217506631299734,1.267150200001197
64,0.0001,32,Softmax,1000,0.332758785789524,0.3197607545433632,0.9217506631299734,1.237268299999414
64,0.0001,64,ReLU,50,0.3341897250760386,0.3229291624581518,0.9212201591511936,1.11728380000568
64,0.0001,64,ReLU,100,0.3341897250760386,0.3229291624581518,0.9212201591511936,1.1488463999994565
64,0.0001,64,ReLU,300,0.3341897250760386,0.3229291624581518,0.9212201591511936,1.1021525000105612
64,0.0001,64,ReLU,500,0.3341897250760386,0.3229291624581518,0.9212201591511936,1.0700074000051245
64,0.0001,64,ReLU,1000,0.3341897250760386,0.3229291624581518,0.9212201591511936,1.0877505999960704
64,0.0001,64,Tanh,50,0.3542103221222782,0.3597112876674198,0.9222811671087532,1.296187200001441
64,0.0001,64,Tanh,100,0.3542103221222782,0.3597112876674198,0.9222811671087532,1.3002488999918569
64,0.0001,64,Tanh,300,0.3542103221222782,0.3597112876674198,0.9222811671087532,1.3426425000070594
64,0.0001,64,Tanh,500,0.3542103221222782,0.3597112876674198,0.9222811671087532,1.2747640000015965
64,0.0001,64,Tanh,1000,0.3542103221222782,0.3597112876674198,0.9222811671087532,1.268847300001653
64,0.0001,64,Sigmoid,50,0.3333333333333333,0.3200478094975406,0.923342175066313,0.5194651000056183
64,0.0001,64,Sigmoid,100,0.3333333333333333,0.3200478094975406,0.923342175066313,0.5278001999977278
64,0.0001,64,Sigmoid,300,0.3333333333333333,0.3200478094975406,0.923342175066313,0.5329656000103569
64,0.0001,64,Sigmoid,500,0.3333333333333333,0.3200478094975406,0.923342175066313,0.5110664999956498
64,0.0001,64,Sigmoid,1000,0.3333333333333333,0.3200478094975406,0.923342175066313,0.5014373999874806
64,0.0001,64,GELU,50,0.3341897250760386,0.3229291624581518,0.9212201591511936,1.1301447000005282
64,0.0001,64,GELU,100,0.3341897250760386,0.3229291624581518,0.9212201591511936,1.1355085999966832
64,0.0001,64,GELU,300,0.3341897250760386,0.3229291624581518,0.9212201591511936,1.0791941999923438
64,0.0001,64,GELU,500,0.3341897250760386,0.3229291624581518,0.9212201591511936,1.0892790000070818
64,0.0001,64,GELU,1000,0.3341897250760386,0.3229291624581518,0.9212201591511936,1.0953532999992603
64,0.0001,64,Softmax,50,0.3341897250760386,0.3229291624581518,0.9212201591511936,1.1139145999914035
64,0.0001,64,Softmax,100,0.3341897250760386,0.3229291624581518,0.9212201591511936,1.092064800002845
64,0.0001,64,Softmax,300,0.3341897250760386,0.3229291624581518,0.9212201591511936,1.1080908000003546
64,0.0001,64,Softmax,500,0.3341897250760386,0.3229291624581518,0.9212201591511936,1.0737807000114117
64,0.0001,64,Softmax,1000,0.3341897250760386,0.3229291624581518,0.9212201591511936,1.110634000011487
64,0.0001,128,ReLU,50,0.3340939671520704,0.3228652921888335,0.9209549071618036,0.9331002000108128
64,0.0001,128,ReLU,100,0.3340939671520704,0.3228652921888335,0.9209549071618036,0.9355999999970664
64,0.0001,128,ReLU,300,0.3340939671520704,0.3228652921888335,0.9209549071618036,0.9254715999995824
64,0.0001,128,ReLU,500,0.3340939671520704,0.3228652921888335,0.9209549071618036,0.9163918999984162
64,0.0001,128,ReLU,1000,0.3340939671520704,0.3228652921888335,0.9209549071618036,0.9395597999973688
64,0.0001,128,Tanh,50,0.3487863917130895,0.3495949344691176,0.916710875331565,0.9285706000082428
64,0.0001,128,Tanh,100,0.3487863917130895,0.3495949344691176,0.916710875331565,1.0671243000106188
64,0.0001,128,Tanh,300,0.3487863917130895,0.3495949344691176,0.916710875331565,1.121429699996952
64,0.0001,128,Tanh,500,0.3487863917130895,0.3495949344691176,0.916710875331565,1.0893498999939766
64,0.0001,128,Tanh,1000,0.3487863917130895,0.3495949344691176,0.916710875331565,1.0673875999927986
64,0.0001,128,Sigmoid,50,0.3333333333333333,0.3200478094975406,0.923342175066313,0.4057325000030687
64,0.0001,128,Sigmoid,100,0.3333333333333333,0.3200478094975406,0.923342175066313,0.4227417000074638
64,0.0001,128,Sigmoid,300,0.3333333333333333,0.3200478094975406,0.923342175066313,0.4180054000025848
64,0.0001,128,Sigmoid,500,0.3333333333333333,0.3200478094975406,0.923342175066313,0.417512899992289
64,0.0001,128,Sigmoid,1000,0.3333333333333333,0.3200478094975406,0.923342175066313,0.4111560000019381
64,0.0001,128,GELU,50,0.3340939671520704,0.3228652921888335,0.9209549071618036,0.9447446000122
64,0.0001,128,GELU,100,0.3340939671520704,0.3228652921888335,0.9209549071618036,0.952357200003462
64,0.0001,128,GELU,300,0.3340939671520704,0.3228652921888335,0.9209549071618036,0.9610279000044102
64,0.0001,128,GELU,500,0.3340939671520704,0.3228652921888335,0.9209549071618036,0.955783999990672
64,0.0001,128,GELU,1000,0.3340939671520704,0.3228652921888335,0.9209549071618036,0.921679499995662
64,0.0001,128,Softmax,50,0.3340939671520704,0.3228652921888335,0.9209549071618036,0.908843400000478
64,0.0001,128,Softmax,100,0.3340939671520704,0.3228652921888335,0.9209549071618036,0.9706422000017484
64,0.0001,128,Softmax,300,0.3340939671520704,0.3228652921888335,0.9209549071618036,0.9552499999990688
64,0.0001,128,Softmax,500,0.3340939671520704,0.3228652921888335,0.9209549071618036,0.9198672999918928
64,0.0001,128,Softmax,1000,0.3340939671520704,0.3228652921888335,0.9209549071618036,0.929772999996203
64,0.00025,8,ReLU,50,0.4971879539960852,0.5610425268255743,0.9392572944297082,7.71497939999972
64,0.00025,8,ReLU,100,0.4971879539960852,0.5610425268255743,0.9392572944297082,8.196589400002267
64,0.00025,8,ReLU,300,0.4971879539960852,0.5610425268255743,0.9392572944297082,7.861866599996574
64,0.00025,8,ReLU,500,0.4971879539960852,0.5610425268255743,0.9392572944297082,8.021042799999123
64,0.00025,8,ReLU,1000,0.4971879539960852,0.5610425268255743,0.9392572944297082,7.943405599988182
64,0.00025,8,Tanh,50,0.4820347223531987,0.5473918303786448,0.9381962864721486,5.021948099994916
64,0.00025,8,Tanh,100,0.4820347223531987,0.5473918303786448,0.9381962864721486,4.870576500004972
64,0.00025,8,Tanh,300,0.4820347223531987,0.5473918303786448,0.9381962864721486,4.940227500002948
64,0.00025,8,Tanh,500,0.4820347223531987,0.5473918303786448,0.9381962864721486,5.0026639999996405
64,0.00025,8,Tanh,1000,0.4820347223531987,0.5473918303786448,0.9381962864721486,4.943789800003287
64,0.00025,8,Sigmoid,50,0.3333333333333333,0.3200478094975406,0.923342175066313,2.1690816000045743
64,0.00025,8,Sigmoid,100,0.3333333333333333,0.3200478094975406,0.923342175066313,2.1817775999952573
64,0.00025,8,Sigmoid,300,0.3333333333333333,0.3200478094975406,0.923342175066313,2.182907000009436
64,0.00025,8,Sigmoid,500,0.3333333333333333,0.3200478094975406,0.923342175066313,2.256196100002853
64,0.00025,8,Sigmoid,1000,0.3333333333333333,0.3200478094975406,0.923342175066313,2.2292491999978665
64,0.00025,8,GELU,50,0.4971879539960852,0.5610425268255743,0.9392572944297082,7.7340873000066495
64,0.00025,8,GELU,100,0.4971879539960852,0.5610425268255743,0.9392572944297082,8.148597600011271
64,0.00025,8,GELU,300,0.4971879539960852,0.5610425268255743,0.9392572944297082,8.037863900011871
64,0.00025,8,GELU,500,0.4971879539960852,0.5610425268255743,0.9392572944297082,8.097441000005347
64,0.00025,8,GELU,1000,0.4971879539960852,0.5610425268255743,0.9392572944297082,8.06557900000189
64,0.00025,8,Softmax,50,0.4971879539960852,0.5610425268255743,0.9392572944297082,7.765706999998656
64,0.00025,8,Softmax,100,0.4971879539960852,0.5610425268255743,0.9392572944297082,7.936810900006094
64,0.00025,8,Softmax,300,0.4971879539960852,0.5610425268255743,0.9392572944297082,7.9806964000017615
64,0.00025,8,Softmax,500,0.4971879539960852,0.5610425268255743,0.9392572944297082,7.9375173000007635
64,0.00025,8,Softmax,1000,0.4971879539960852,0.5610425268255743,0.9392572944297082,7.939477000007173
64,0.00025,16,ReLU,50,0.4421051592426218,0.4895514765278754,0.9342175066312998,4.00398330000462
64,0.00025,16,ReLU,100,0.4421051592426218,0.4895514765278754,0.9342175066312998,4.701341100007994
64,0.00025,16,ReLU,300,0.4421051592426218,0.4895514765278754,0.9342175066312998,4.565131900002598
64,0.00025,16,ReLU,500,0.4421051592426218,0.4895514765278754,0.9342175066312998,4.8221489999996265
64,0.00025,16,ReLU,1000,0.4421051592426218,0.4895514765278754,0.9342175066312998,4.299592199997278
64,0.00025,16,Tanh,50,0.485254111031079,0.5451790303478258,0.9395225464190982,2.9439987000077963
64,0.00025,16,Tanh,100,0.485254111031079,0.5451790303478258,0.9395225464190982,2.9327246000029845
64,0.00025,16,Tanh,300,0.485254111031079,0.5451790303478258,0.9395225464190982,2.967115299994475
64,0.00025,16,Tanh,500,0.485254111031079,0.5451790303478258,0.9395225464190982,2.8367504000052577
64,0.00025,16,Tanh,1000,0.485254111031079,0.5451790303478258,0.9395225464190982,2.7168430000019725
64,0.00025,16,Sigmoid,50,0.3333333333333333,0.3200478094975406,0.923342175066313,0.9957247999991524
64,0.00025,16,Sigmoid,100,0.3333333333333333,0.3200478094975406,0.923342175066313,0.9980588000034912
64,0.00025,16,Sigmoid,300,0.3333333333333333,0.3200478094975406,0.923342175066313,0.9699760000075912
64,0.00025,16,Sigmoid,500,0.3333333333333333,0.3200478094975406,0.923342175066313,0.9859586999955354
64,0.00025,16,Sigmoid,1000,0.3333333333333333,0.3200478094975406,0.923342175066313,0.9658865000092192
64,0.00025,16,GELU,50,0.4421051592426218,0.4895514765278754,0.9342175066312998,3.1829513999982737
64,0.00025,16,GELU,100,0.4421051592426218,0.4895514765278754,0.9342175066312998,3.483566399998381
64,0.00025,16,GELU,300,0.4421051592426218,0.4895514765278754,0.9342175066312998,3.441768399992725
64,0.00025,16,GELU,500,0.4421051592426218,0.4895514765278754,0.9342175066312998,3.524533900010283
64,0.00025,16,GELU,1000,0.4421051592426218,0.4895514765278754,0.9342175066312998,3.533228500004043
64,0.00025,16,Softmax,50,0.4421051592426218,0.4895514765278754,0.9342175066312998,3.635026999996626
64,0.00025,16,Softmax,100,0.4421051592426218,0.4895514765278754,0.9342175066312998,4.580649399998947
64,0.00025,16,Softmax,300,0.4421051592426218,0.4895514765278754,0.9342175066312998,4.4890550000127405
64,0.00025,16,Softmax,500,0.4421051592426218,0.4895514765278754,0.9342175066312998,4.436534200009191
64,0.00025,16,Softmax,1000,0.4421051592426218,0.4895514765278754,0.9342175066312998,4.78704499999003
64,0.00025,32,ReLU,50,0.3637823787650386,0.3752836321694453,0.926790450928382,2.105211699992651
64,0.00025,32,ReLU,100,0.3637823787650386,0.3752836321694453,0.926790450928382,2.0468484000011813
64,0.00025,32,ReLU,300,0.3637823787650386,0.3752836321694453,0.926790450928382,2.090779899997869
64,0.00025,32,ReLU,500,0.3637823787650386,0.3752836321694453,0.926790450928382,2.0334657999919727
64,0.00025,32,ReLU,1000,0.3637823787650386,0.3752836321694453,0.926790450928382,2.094872600006056
64,0.00025,32,Tanh,50,0.4174032830679571,0.4553562432959206,0.9291777188328912,1.990858799996204
64,0.00025,32,Tanh,100,0.4174032830679571,0.4553562432959206,0.9291777188328912,1.931648199999472
64,0.00025,32,Tanh,300,0.4174032830679571,0.4553562432959206,0.9291777188328912,1.8498720999923532
64,0.00025,32,Tanh,500,0.4174032830679571,0.4553562432959206,0.9291777188328912,1.880726900009904
64,0.00025,32,Tanh,1000,0.4174032830679571,0.4553562432959206,0.9291777188328912,1.896436499999254
64,0.00025,32,Sigmoid,50,0.3333333333333333,0.3200478094975406,0.923342175066313,0.6445601999876089
64,0.00025,32,Sigmoid,100,0.3333333333333333,0.3200478094975406,0.923342175066313,0.6509499000094365
64,0.00025,32,Sigmoid,300,0.3333333333333333,0.3200478094975406,0.923342175066313,0.6729276999976719
64,0.00025,32,Sigmoid,500,0.3333333333333333,0.3200478094975406,0.923342175066313,0.6932907000009436
64,0.00025,32,Sigmoid,1000,0.3333333333333333,0.3200478094975406,0.923342175066313,0.6675640000030398
64,0.00025,32,GELU,50,0.3637823787650386,0.3752836321694453,0.926790450928382,2.034387299994705
64,0.00025,32,GELU,100,0.3637823787650386,0.3752836321694453,0.926790450928382,2.012655200000154
64,0.00025,32,GELU,300,0.3637823787650386,0.3752836321694453,0.926790450928382,2.094266700005392
64,0.00025,32,GELU,500,0.3637823787650386,0.3752836321694453,0.926790450928382,2.1336066000076244
64,0.00025,32,GELU,1000,0.3637823787650386,0.3752836321694453,0.926790450928382,2.0635873999999603
64,0.00025,32,Softmax,50,0.3637823787650386,0.3752836321694453,0.926790450928382,1.9811722000013103
64,0.00025,32,Softmax,100,0.3637823787650386,0.3752836321694453,0.926790450928382,2.115408199999365
64,0.00025,32,Softmax,300,0.3637823787650386,0.3752836321694453,0.926790450928382,2.261877800003276
64,0.00025,32,Softmax,500,0.3637823787650386,0.3752836321694453,0.926790450928382,2.235345799999777
64,0.00025,32,Softmax,1000,0.3637823787650386,0.3752836321694453,0.926790450928382,2.196979000000283
64,0.00025,64,ReLU,50,0.3328545437134922,0.3198086300487625,0.9220159151193634,0.902257499998086
64,0.00025,64,ReLU,100,0.3328545437134922,0.3198086300487625,0.9220159151193634,0.937291299997014
64,0.00025,64,ReLU,300,0.3328545437134922,0.3198086300487625,0.9220159151193634,0.9228727000008804
64,0.00025,64,ReLU,500,0.3328545437134922,0.3198086300487625,0.9220159151193634,0.8930913999938639
64,0.00025,64,ReLU,1000,0.3328545437134922,0.3198086300487625,0.9220159151193634,0.8523340999963693
64,0.00025,64,Tanh,50,0.3676687528177276,0.3808789373036327,0.9236074270557028,1.2551769999990938
64,0.00025,64,Tanh,100,0.3676687528177276,0.3808789373036327,0.9236074270557028,1.151143499999307
64,0.00025,64,Tanh,300,0.3676687528177276,0.3808789373036327,0.9236074270557028,1.183245199994417
64,0.00025,64,Tanh,500,0.3676687528177276,0.3808789373036327,0.9236074270557028,1.1743667999980971
64,0.00025,64,Tanh,1000,0.3676687528177276,0.3808789373036327,0.9236074270557028,1.188526800004183
64,0.00025,64,Sigmoid,50,0.3333333333333333,0.3200478094975406,0.923342175066313,0.4218415000068489
64,0.00025,64,Sigmoid,100,0.3333333333333333,0.3200478094975406,0.923342175066313,0.4745910000056028
64,0.00025,64,Sigmoid,300,0.3333333333333333,0.3200478094975406,0.923342175066313,0.4396676999895135
64,0.00025,64,Sigmoid,500,0.3333333333333333,0.3200478094975406,0.923342175066313,0.4583436000102665
64,0.00025,64,Sigmoid,1000,0.3333333333333333,0.3200478094975406,0.923342175066313,0.4524445999995805
64,0.00025,64,GELU,50,0.3328545437134922,0.3198086300487625,0.9220159151193634,0.917930299998261
64,0.00025,64,GELU,100,0.3328545437134922,0.3198086300487625,0.9220159151193634,0.8874399999913294
64,0.00025,64,GELU,300,0.3328545437134922,0.3198086300487625,0.9220159151193634,0.9048967999988236
64,0.00025,64,GELU,500,0.3328545437134922,0.3198086300487625,0.9220159151193634,0.9059241999930236
64,0.00025,64,GELU,1000,0.3328545437134922,0.3198086300487625,0.9220159151193634,0.9260924999980488
64,0.00025,64,Softmax,50,0.3328545437134922,0.3198086300487625,0.9220159151193634,0.8735295000078622
64,0.00025,64,Softmax,100,0.3328545437134922,0.3198086300487625,0.9220159151193634,0.8516514999937499
64,0.00025,64,Softmax,300,0.3328545437134922,0.3198086300487625,0.9220159151193634,0.8673527999926591
64,0.00025,64,Softmax,500,0.3328545437134922,0.3198086300487625,0.9220159151193634,0.8859045999997761
64,0.00025,64,Softmax,1000,0.3328545437134922,0.3198086300487625,0.9220159151193634,0.8397552000096766
64,0.00025,128,ReLU,50,0.3342854830000069,0.3229931765485861,0.9214854111405836,0.613495800003875
64,0.00025,128,ReLU,100,0.3342854830000069,0.3229931765485861,0.9214854111405836,0.6574976999982027
64,0.00025,128,ReLU,300,0.3342854830000069,0.3229931765485861,0.9214854111405836,0.5987655000062659
64,0.00025,128,ReLU,500,0.3342854830000069,0.3229931765485861,0.9214854111405836,0.6449322999978904
64,0.00025,128,ReLU,1000,0.3342854830000069,0.3229931765485861,0.9214854111405836,0.6278105999954278
64,0.00025,128,Tanh,50,0.3555689155958068,0.3605149974082013,0.9220159151193634,0.661345500004245
64,0.00025,128,Tanh,100,0.3555689155958068,0.3605149974082013,0.9220159151193634,0.6556318000075407
64,0.00025,128,Tanh,300,0.3555689155958068,0.3605149974082013,0.9220159151193634,0.6747092000005068
64,0.00025,128,Tanh,500,0.3555689155958068,0.3605149974082013,0.9220159151193634,0.6704367999918759
64,0.00025,128,Tanh,1000,0.3555689155958068,0.3605149974082013,0.9220159151193634,0.6763423999946099
64,0.00025,128,Sigmoid,50,0.3333333333333333,0.3200478094975406,0.923342175066313,0.3203711000096518
64,0.00025,128,Sigmoid,100,0.3333333333333333,0.3200478094975406,0.923342175066313,0.3445838000043295
64,0.00025,128,Sigmoid,300,0.3333333333333333,0.3200478094975406,0.923342175066313,0.3379228999983752
64,0.00025,128,Sigmoid,500,0.3333333333333333,0.3200478094975406,0.923342175066313,0.3441324000013992
64,0.00025,128,Sigmoid,1000,0.3333333333333333,0.3200478094975406,0.923342175066313,0.3298953000048641
64,0.00025,128,GELU,50,0.3342854830000069,0.3229931765485861,0.9214854111405836,0.6691330000030575
64,0.00025,128,GELU,100,0.3342854830000069,0.3229931765485861,0.9214854111405836,0.6405075999937253
64,0.00025,128,GELU,300,0.3342854830000069,0.3229931765485861,0.9214854111405836,0.6338428999879397
64,0.00025,128,GELU,500,0.3342854830000069,0.3229931765485861,0.9214854111405836,0.6602284999971744
64,0.00025,128,GELU,1000,0.3342854830000069,0.3229931765485861,0.9214854111405836,0.6544486000057077
64,0.00025,128,Softmax,50,0.3342854830000069,0.3229931765485861,0.9214854111405836,0.6121560999890789
64,0.00025,128,Softmax,100,0.3342854830000069,0.3229931765485861,0.9214854111405836,0.6438737999997102
64,0.00025,128,Softmax,300,0.3342854830000069,0.3229931765485861,0.9214854111405836,0.6633329000032973
64,0.00025,128,Softmax,500,0.3342854830000069,0.3229931765485861,0.9214854111405836,0.6520572000008542
64,0.00025,128,Softmax,1000,0.3342854830000069,0.3229931765485861,0.9214854111405836,0.6192357999971136
128,0.01,8,ReLU,50,0.6196512250129881,0.6818203460575182,0.9458885941644564,7.100934400004917
128,0.01,8,ReLU,100,0.6196512250129881,0.6818203460575182,0.9458885941644564,7.265875099998084
128,0.01,8,ReLU,300,0.6196512250129881,0.6818203460575182,0.9458885941644564,7.130207299996982
128,0.01,8,ReLU,500,0.6196512250129881,0.6818203460575182,0.9458885941644564,7.373979299998609
128,0.01,8,ReLU,1000,0.6196512250129881,0.6818203460575182,0.9458885941644564,7.18482410001161
128,0.01,8,Tanh,50,0.5334181281960116,0.5870542462388522,0.9323607427055703,5.164686100004474
128,0.01,8,Tanh,100,0.5334181281960116,0.5870542462388522,0.9323607427055703,4.991349899995839
128,0.01,8,Tanh,300,0.5334181281960116,0.5870542462388522,0.9323607427055703,4.792802900003153
128,0.01,8,Tanh,500,0.5334181281960116,0.5870542462388522,0.9323607427055703,4.88023159999284
128,0.01,8,Tanh,1000,0.5334181281960116,0.5870542462388522,0.9323607427055703,4.938401200008229
128,0.01,8,Sigmoid,50,0.5494523743055147,0.6154309369858194,0.940053050397878,6.144751700005145
128,0.01,8,Sigmoid,100,0.5494523743055147,0.6154309369858194,0.940053050397878,6.099982599989744
128,0.01,8,Sigmoid,300,0.5494523743055147,0.6154309369858194,0.940053050397878,6.273592799989274
128,0.01,8,Sigmoid,500,0.5494523743055147,0.6154309369858194,0.940053050397878,5.958007599998382
128,0.01,8,Sigmoid,1000,0.5494523743055147,0.6154309369858194,0.940053050397878,6.249600299997837
128,0.01,8,GELU,50,0.6196512250129881,0.6818203460575182,0.9458885941644564,7.238912699991488
128,0.01,8,GELU,100,0.6196512250129881,0.6818203460575182,0.9458885941644564,7.064695399996708
128,0.01,8,GELU,300,0.6196512250129881,0.6818203460575182,0.9458885941644564,7.2796621000015875
128,0.01,8,GELU,500,0.6196512250129881,0.6818203460575182,0.9458885941644564,7.235729599997285
128,0.01,8,GELU,1000,0.6196512250129881,0.6818203460575182,0.9458885941644564,7.150909100004355
128,0.01,8,Softmax,50,0.6196512250129881,0.6818203460575182,0.9458885941644564,7.284366100007901
128,0.01,8,Softmax,100,0.6196512250129881,0.6818203460575182,0.9458885941644564,7.159890700000688
128,0.01,8,Softmax,300,0.6196512250129881,0.6818203460575182,0.9458885941644564,7.151112899999134
128,0.01,8,Softmax,500,0.6196512250129881,0.6818203460575182,0.9458885941644564,7.136311700000078
128,0.01,8,Softmax,1000,0.6196512250129881,0.6818203460575182,0.9458885941644564,7.144410399996559
128,0.01,16,ReLU,50,0.6329925951535268,0.6825644924978382,0.9445623342175068,3.791254900002969
128,0.01,16,ReLU,100,0.6329925951535268,0.6825644924978382,0.9445623342175068,3.8429978000058327
128,0.01,16,ReLU,300,0.6329925951535268,0.6825644924978382,0.9445623342175068,3.715704599992023
128,0.01,16,ReLU,500,0.6329925951535268,0.6825644924978382,0.9445623342175068,3.851905299990904
128,0.01,16,ReLU,1000,0.6329925951535268,0.6825644924978382,0.9445623342175068,3.865949800005183
128,0.01,16,Tanh,50,0.5498885586634709,0.607969283734743,0.936604774535809,2.7769937999983085
128,0.01,16,Tanh,100,0.5498885586634709,0.607969283734743,0.936604774535809,2.726540500007104
128,0.01,16,Tanh,300,0.5498885586634709,0.607969283734743,0.936604774535809,2.839995499991346
128,0.01,16,Tanh,500,0.5498885586634709,0.607969283734743,0.936604774535809,2.612794700005906
128,0.01,16,Tanh,1000,0.5498885586634709,0.607969283734743,0.936604774535809,2.6784466999961296
128,0.01,16,Sigmoid,50,0.5781895351189198,0.6355176605159455,0.9376657824933688,3.6445849999872735
128,0.01,16,Sigmoid,100,0.5781895351189198,0.6355176605159455,0.9376657824933688,3.569596000001184
128,0.01,16,Sigmoid,300,0.5781895351189198,0.6355176605159455,0.9376657824933688,3.5383048000076087
128,0.01,16,Sigmoid,500,0.5781895351189198,0.6355176605159455,0.9376657824933688,3.6164243000093848
128,0.01,16,Sigmoid,1000,0.5781895351189198,0.6355176605159455,0.9376657824933688,3.72502880000684
128,0.01,16,GELU,50,0.6329925951535268,0.6825644924978382,0.9445623342175068,3.674400200005039
128,0.01,16,GELU,100,0.6329925951535268,0.6825644924978382,0.9445623342175068,3.8471867999905953
128,0.01,16,GELU,300,0.6329925951535268,0.6825644924978382,0.9445623342175068,3.767231599995284
128,0.01,16,GELU,500,0.6329925951535268,0.6825644924978382,0.9445623342175068,3.796214699992561
128,0.01,16,GELU,1000,0.6329925951535268,0.6825644924978382,0.9445623342175068,3.7793308999971487
128,0.01,16,Softmax,50,0.6329925951535268,0.6825644924978382,0.9445623342175068,3.835755499996594
128,0.01,16,Softmax,100,0.6329925951535268,0.6825644924978382,0.9445623342175068,3.78188229999796
128,0.01,16,Softmax,300,0.6329925951535268,0.6825644924978382,0.9445623342175068,3.786146899990854
128,0.01,16,Softmax,500,0.6329925951535268,0.6825644924978382,0.9445623342175068,3.813989300004323
128,0.01,16,Softmax,1000,0.6329925951535268,0.6825644924978382,0.9445623342175068,3.878700800007209
128,0.01,32,ReLU,50,0.6444764901826825,0.7032257623626186,0.9480106100795757,2.382411400001729
128,0.01,32,ReLU,100,0.6444764901826825,0.7032257623626186,0.9480106100795757,2.39904970000498
128,0.01,32,ReLU,300,0.6444764901826825,0.7032257623626186,0.9480106100795757,2.33213879998948
128,0.01,32,ReLU,500,0.6444764901826825,0.7032257623626186,0.9480106100795757,2.389790399989579
128,0.01,32,ReLU,1000,0.6444764901826825,0.7032257623626186,0.9480106100795757,2.2733641999948304
128,0.01,32,Tanh,50,0.5663025163758779,0.6274024989627939,0.9389920424403184,1.2234954999876209
128,0.01,32,Tanh,100,0.5663025163758779,0.6274024989627939,0.9389920424403184,1.2393382000009296
128,0.01,32,Tanh,300,0.5663025163758779,0.6274024989627939,0.9389920424403184,1.2749974000034854
128,0.01,32,Tanh,500,0.5663025163758779,0.6274024989627939,0.9389920424403184,1.1894651999900816
128,0.01,32,Tanh,1000,0.5663025163758779,0.6274024989627939,0.9389920424403184,1.2676607000030344
128,0.01,32,Sigmoid,50,0.5424210668679713,0.6093140633478401,0.939787798408488,1.774144700000761
128,0.01,32,Sigmoid,100,0.5424210668679713,0.6093140633478401,0.939787798408488,1.7866422000079183
128,0.01,32,Sigmoid,300,0.5424210668679713,0.6093140633478401,0.939787798408488,1.714976100003696
128,0.01,32,Sigmoid,500,0.5424210668679713,0.6093140633478401,0.939787798408488,1.7708429000049364
128,0.01,32,Sigmoid,1000,0.5424210668679713,0.6093140633478401,0.939787798408488,1.699697300005937
128,0.01,32,GELU,50,0.6444764901826825,0.7032257623626186,0.9480106100795757,2.3032486000010977
128,0.01,32,GELU,100,0.6444764901826825,0.7032257623626186,0.9480106100795757,2.339557200000854
128,0.01,32,GELU,300,0.6444764901826825,0.7032257623626186,0.9480106100795757,2.350304999999935
128,0.01,32,GELU,500,0.6444764901826825,0.7032257623626186,0.9480106100795757,2.3403751000005286
128,0.01,32,GELU,1000,0.6444764901826825,0.7032257623626186,0.9480106100795757,2.459097399987513
128,0.01,32,Softmax,50,0.6444764901826825,0.7032257623626186,0.9480106100795757,2.3934983999934047
128,0.01,32,Softmax,100,0.6444764901826825,0.7032257623626186,0.9480106100795757,2.4188185000093654
128,0.01,32,Softmax,300,0.6444764901826825,0.7032257623626186,0.9480106100795757,2.28686999999627
128,0.01,32,Softmax,500,0.6444764901826825,0.7032257623626186,0.9480106100795757,2.3661169999977574
128,0.01,32,Softmax,1000,0.6444764901826825,0.7032257623626186,0.9480106100795757,2.437501100008376
128,0.01,64,ReLU,50,0.605954454247638,0.6654761157866748,0.9429708222811672,0.90202649999992
128,0.01,64,ReLU,100,0.605954454247638,0.6654761157866748,0.9429708222811672,0.955321700006607
128,0.01,64,ReLU,300,0.605954454247638,0.6654761157866748,0.9429708222811672,0.9614815000095404
128,0.01,64,ReLU,500,0.605954454247638,0.6654761157866748,0.9429708222811672,0.9394870000105584
128,0.01,64,ReLU,1000,0.605954454247638,0.6654761157866748,0.9429708222811672,0.9434461999917404
128,0.01,64,Tanh,50,0.5447786342301377,0.6101918696962182,0.9387267904509284,1.0693419000017457
128,0.01,64,Tanh,100,0.5447786342301377,0.6101918696962182,0.9387267904509284,1.0968894999969052
128,0.01,64,Tanh,300,0.5447786342301377,0.6101918696962182,0.9387267904509284,1.131481899996288
128,0.01,64,Tanh,500,0.5447786342301377,0.6101918696962182,0.9387267904509284,1.0899031000008108
128,0.01,64,Tanh,1000,0.5447786342301377,0.6101918696962182,0.9387267904509284,1.0121709999948507
128,0.01,64,Sigmoid,50,0.5455212855109013,0.6167112216146574,0.940318302387268,1.2927199999976438
128,0.01,64,Sigmoid,100,0.5455212855109013,0.6167112216146574,0.940318302387268,1.283320800008369
128,0.01,64,Sigmoid,300,0.5455212855109013,0.6167112216146574,0.940318302387268,1.3091544000053543
128,0.01,64,Sigmoid,500,0.5455212855109013,0.6167112216146574,0.940318302387268,1.315465599996969
128,0.01,64,Sigmoid,1000,0.5455212855109013,0.6167112216146574,0.940318302387268,1.3475670000043465
128,0.01,64,GELU,50,0.605954454247638,0.6654761157866748,0.9429708222811672,0.9186257000110344
128,0.01,64,GELU,100,0.605954454247638,0.6654761157866748,0.9429708222811672,0.9303823000082048
128,0.01,64,GELU,300,0.605954454247638,0.6654761157866748,0.9429708222811672,0.9546801999968012
128,0.01,64,GELU,500,0.605954454247638,0.6654761157866748,0.9429708222811672,0.9633743000013056
128,0.01,64,GELU,1000,0.605954454247638,0.6654761157866748,0.9429708222811672,0.909835700003896
128,0.01,64,Softmax,50,0.605954454247638,0.6654761157866748,0.9429708222811672,0.9867617000127212
128,0.01,64,Softmax,100,0.605954454247638,0.6654761157866748,0.9429708222811672,0.9649845999956596
128,0.01,64,Softmax,300,0.605954454247638,0.6654761157866748,0.9429708222811672,0.9572811999969416
128,0.01,64,Softmax,500,0.605954454247638,0.6654761157866748,0.9429708222811672,0.9328336000035052
128,0.01,64,Softmax,1000,0.605954454247638,0.6654761157866748,0.9429708222811672,0.9366837999987184
128,0.01,128,ReLU,50,0.5855721281364682,0.6537342874015446,0.943236074270557,0.7292490000108955
128,0.01,128,ReLU,100,0.5855721281364682,0.6537342874015446,0.943236074270557,0.8020695000013802
128,0.01,128,ReLU,300,0.5855721281364682,0.6537342874015446,0.943236074270557,0.7679506999993464
128,0.01,128,ReLU,500,0.5855721281364682,0.6537342874015446,0.943236074270557,0.7566845999972429
128,0.01,128,ReLU,1000,0.5855721281364682,0.6537342874015446,0.943236074270557,0.7731654999952298
128,0.01,128,Tanh,50,0.5793131086155165,0.6418797560809814,0.9421750663129972,0.8161075999960303
128,0.01,128,Tanh,100,0.5793131086155165,0.6418797560809814,0.9421750663129972,0.8060777000064263
128,0.01,128,Tanh,300,0.5793131086155165,0.6418797560809814,0.9421750663129972,0.8494540999963647
128,0.01,128,Tanh,500,0.5793131086155165,0.6418797560809814,0.9421750663129972,0.8392795999970986
128,0.01,128,Tanh,1000,0.5793131086155165,0.6418797560809814,0.9421750663129972,0.8074000000051456
128,0.01,128,Sigmoid,50,0.5117219233532379,0.5725943124385194,0.9358090185676392,0.9564453000057256
128,0.01,128,Sigmoid,100,0.5117219233532379,0.5725943124385194,0.9358090185676392,0.9917224000091664
128,0.01,128,Sigmoid,300,0.5117219233532379,0.5725943124385194,0.9358090185676392,0.9766204000043216
128,0.01,128,Sigmoid,500,0.5117219233532379,0.5725943124385194,0.9358090185676392,0.957105400011642
128,0.01,128,Sigmoid,1000,0.5117219233532379,0.5725943124385194,0.9358090185676392,0.9714386999985436
128,0.01,128,GELU,50,0.5855721281364682,0.6537342874015446,0.943236074270557,0.7854915999923833
128,0.01,128,GELU,100,0.5855721281364682,0.6537342874015446,0.943236074270557,0.7961183000006713
128,0.01,128,GELU,300,0.5855721281364682,0.6537342874015446,0.943236074270557,0.7577559000055771
128,0.01,128,GELU,500,0.5855721281364682,0.6537342874015446,0.943236074270557,0.7293996000080369
128,0.01,128,GELU,1000,0.5855721281364682,0.6537342874015446,0.943236074270557,0.7653507000068203
128,0.01,128,Softmax,50,0.5855721281364682,0.6537342874015446,0.943236074270557,0.7672094000008656
128,0.01,128,Softmax,100,0.5855721281364682,0.6537342874015446,0.943236074270557,0.715298499999335
128,0.01,128,Softmax,300,0.5855721281364682,0.6537342874015446,0.943236074270557,0.7229856999911135
128,0.01,128,Softmax,500,0.5855721281364682,0.6537342874015446,0.943236074270557,0.742017799988389
128,0.01,128,Softmax,1000,0.5855721281364682,0.6537342874015446,0.943236074270557,0.7528508999967016
128,0.001,8,ReLU,50,0.574709604873086,0.6446403210205653,0.9424403183023872,4.772606899990933
128,0.001,8,ReLU,100,0.574709604873086,0.6446403210205653,0.9424403183023872,4.778650699998252
128,0.001,8,ReLU,300,0.574709604873086,0.6446403210205653,0.9424403183023872,4.851292999999714
128,0.001,8,ReLU,500,0.574709604873086,0.6446403210205653,0.9424403183023872,4.872364800001378
128,0.001,8,ReLU,1000,0.574709604873086,0.6446403210205653,0.9424403183023872,4.72857199999271
128,0.001,8,Tanh,50,0.5483342303819265,0.6130283386518988,0.940053050397878,5.844366899997112
128,0.001,8,Tanh,100,0.5483342303819265,0.6130283386518988,0.940053050397878,5.830609999989974
128,0.001,8,Tanh,300,0.5483342303819265,0.6130283386518988,0.940053050397878,5.818364299993846
128,0.001,8,Tanh,500,0.5483342303819265,0.6130283386518988,0.940053050397878,5.650383300002432
128,0.001,8,Tanh,1000,0.5483342303819265,0.6130283386518988,0.940053050397878,5.877536300002248
128,0.001,8,Sigmoid,50,0.5080429382064193,0.5677827630964218,0.9374005305039788,6.485521299997345
128,0.001,8,Sigmoid,100,0.5080429382064193,0.5677827630964218,0.9374005305039788,6.809324400004698
128,0.001,8,Sigmoid,300,0.5080429382064193,0.5677827630964218,0.9374005305039788,6.693221100009396
128,0.001,8,Sigmoid,500,0.5080429382064193,0.5677827630964218,0.9374005305039788,6.71993740000471
128,0.001,8,Sigmoid,1000,0.5080429382064193,0.5677827630964218,0.9374005305039788,6.661478900001384
128,0.001,8,GELU,50,0.574709604873086,0.6446403210205653,0.9424403183023872,4.976742099999683
128,0.001,8,GELU,100,0.574709604873086,0.6446403210205653,0.9424403183023872,4.822220100002596
128,0.001,8,GELU,300,0.574709604873086,0.6446403210205653,0.9424403183023872,4.912628400008543
128,0.001,8,GELU,500,0.574709604873086,0.6446403210205653,0.9424403183023872,4.934920700005023
128,0.001,8,GELU,1000,0.574709604873086,0.6446403210205653,0.9424403183023872,4.927451800002018
128,0.001,8,Softmax,50,0.574709604873086,0.6446403210205653,0.9424403183023872,4.741093399992678
128,0.001,8,Softmax,100,0.574709604873086,0.6446403210205653,0.9424403183023872,4.785902500007069
128,0.001,8,Softmax,300,0.574709604873086,0.6446403210205653,0.9424403183023872,4.801118299990776
128,0.001,8,Softmax,500,0.574709604873086,0.6446403210205653,0.9424403183023872,4.811233000000357
128,0.001,8,Softmax,1000,0.574709604873086,0.6446403210205653,0.9424403183023872,4.766516300005605
128,0.001,16,ReLU,50,0.5541123508029975,0.6266426401784343,0.9416445623342176,2.3016004000091925
128,0.001,16,ReLU,100,0.5541123508029975,0.6266426401784343,0.9416445623342176,2.3243437000055565
128,0.001,16,ReLU,300,0.5541123508029975,0.6266426401784343,0.9416445623342176,2.456768000003649
128,0.001,16,ReLU,500,0.5541123508029975,0.6266426401784343,0.9416445623342176,2.2993210999993607
128,0.001,16,ReLU,1000,0.5541123508029975,0.6266426401784343,0.9416445623342176,2.282569799994235
128,0.001,16,Tanh,50,0.5396942313878264,0.6071637802800316,0.9395225464190982,3.1561711999966064
128,0.001,16,Tanh,100,0.5396942313878264,0.6071637802800316,0.9395225464190982,3.2402602000074694
128,0.001,16,Tanh,300,0.5396942313878264,0.6071637802800316,0.9395225464190982,3.169888999997056
128,0.001,16,Tanh,500,0.5396942313878264,0.6071637802800316,0.9395225464190982,3.2296671999938558
128,0.001,16,Tanh,1000,0.5396942313878264,0.6071637802800316,0.9395225464190982,3.077991899990593
128,0.001,16,Sigmoid,50,0.4830336962418366,0.5423174288790347,0.9374005305039788,3.0959072999976343
128,0.001,16,Sigmoid,100,0.4830336962418366,0.5423174288790347,0.9374005305039788,3.1981914000061806
128,0.001,16,Sigmoid,300,0.4830336962418366,0.5423174288790347,0.9374005305039788,3.4056962999893585
128,0.001,16,Sigmoid,500,0.4830336962418366,0.5423174288790347,0.9374005305039788,3.298455099997227
128,0.001,16,Sigmoid,1000,0.4830336962418366,0.5423174288790347,0.9374005305039788,3.077928800004884
128,0.001,16,GELU,50,0.5541123508029975,0.6266426401784343,0.9416445623342176,2.3767800999921747
128,0.001,16,GELU,100,0.5541123508029975,0.6266426401784343,0.9416445623342176,2.253654000000097
128,0.001,16,GELU,300,0.5541123508029975,0.6266426401784343,0.9416445623342176,2.307584099995438
128,0.001,16,GELU,500,0.5541123508029975,0.6266426401784343,0.9416445623342176,2.2475517999992007
128,0.001,16,GELU,1000,0.5541123508029975,0.6266426401784343,0.9416445623342176,2.365910099993925
128,0.001,16,Softmax,50,0.5541123508029975,0.6266426401784343,0.9416445623342176,2.375687300009304
128,0.001,16,Softmax,100,0.5541123508029975,0.6266426401784343,0.9416445623342176,2.2781079999986105
128,0.001,16,Softmax,300,0.5541123508029975,0.6266426401784343,0.9416445623342176,2.276992999992217
128,0.001,16,Softmax,500,0.5541123508029975,0.6266426401784343,0.9416445623342176,2.2966807000047997
128,0.001,16,Softmax,1000,0.5541123508029975,0.6266426401784343,0.9416445623342176,2.290879499996663
128,0.001,32,ReLU,50,0.5526090657034968,0.6262368475396475,0.9424403183023872,1.5187736000079894
128,0.001,32,ReLU,100,0.5526090657034968,0.6262368475396475,0.9424403183023872,1.5574298999999885
128,0.001,32,ReLU,300,0.5526090657034968,0.6262368475396475,0.9424403183023872,1.5395645999960834
128,0.001,32,ReLU,500,0.5526090657034968,0.6262368475396475,0.9424403183023872,1.6069780999969223
128,0.001,32,ReLU,1000,0.5526090657034968,0.6262368475396475,0.9424403183023872,1.5244200000015553
128,0.001,32,Tanh,50,0.5275454604639017,0.5939922237360212,0.9387267904509284,2.2352441000111867
128,0.001,32,Tanh,100,0.5275454604639017,0.5939922237360212,0.9387267904509284,2.2127762000018265
128,0.001,32,Tanh,300,0.5275454604639017,0.5939922237360212,0.9387267904509284,2.258855099993525
128,0.001,32,Tanh,500,0.5275454604639017,0.5939922237360212,0.9387267904509284,2.245609700010391
128,0.001,32,Tanh,1000,0.5275454604639017,0.5939922237360212,0.9387267904509284,2.2757393999927444
128,0.001,32,Sigmoid,50,0.4381410098039384,0.4792920029021328,0.93315649867374,2.3993022000067867
128,0.001,32,Sigmoid,100,0.4381410098039384,0.4792920029021328,0.93315649867374,2.416603899997426
128,0.001,32,Sigmoid,300,0.4381410098039384,0.4792920029021328,0.93315649867374,2.3883969000016805
128,0.001,32,Sigmoid,500,0.4381410098039384,0.4792920029021328,0.93315649867374,2.5215517000033287
128,0.001,32,Sigmoid,1000,0.4381410098039384,0.4792920029021328,0.93315649867374,2.4055187000049045
128,0.001,32,GELU,50,0.5526090657034968,0.6262368475396475,0.9424403183023872,1.5329787999944529
128,0.001,32,GELU,100,0.5526090657034968,0.6262368475396475,0.9424403183023872,1.5239582000067458
128,0.001,32,GELU,300,0.5526090657034968,0.6262368475396475,0.9424403183023872,1.5851238000032026
128,0.001,32,GELU,500,0.5526090657034968,0.6262368475396475,0.9424403183023872,1.543042500008596
128,0.001,32,GELU,1000,0.5526090657034968,0.6262368475396475,0.9424403183023872,1.550461399994674
128,0.001,32,Softmax,50,0.5526090657034968,0.6262368475396475,0.9424403183023872,1.5632895000017015
128,0.001,32,Softmax,100,0.5526090657034968,0.6262368475396475,0.9424403183023872,1.5719516999961345
128,0.001,32,Softmax,300,0.5526090657034968,0.6262368475396475,0.9424403183023872,1.4931366999953752
128,0.001,32,Softmax,500,0.5526090657034968,0.6262368475396475,0.9424403183023872,1.495648899988737
128,0.001,32,Softmax,1000,0.5526090657034968,0.6262368475396475,0.9424403183023872,1.539862500008894
128,0.001,64,ReLU,50,0.5064301316050561,0.5800010720733364,0.9381962864721486,1.28167329999269
128,0.001,64,ReLU,100,0.5064301316050561,0.5800010720733364,0.9381962864721486,1.299375799993868
128,0.001,64,ReLU,300,0.5064301316050561,0.5800010720733364,0.9381962864721486,1.248730399995111
128,0.001,64,ReLU,500,0.5064301316050561,0.5800010720733364,0.9381962864721486,1.282269199989969
128,0.001,64,ReLU,1000,0.5064301316050561,0.5800010720733364,0.9381962864721486,1.3102390999993077
128,0.001,64,Tanh,50,0.4915311130900043,0.554188595663666,0.936604774535809,1.6398272999940673
128,0.001,64,Tanh,100,0.4915311130900043,0.554188595663666,0.936604774535809,1.595553100007237
128,0.001,64,Tanh,300,0.4915311130900043,0.554188595663666,0.936604774535809,1.6771428000065498
128,0.001,64,Tanh,500,0.4915311130900043,0.554188595663666,0.936604774535809,1.5844051000021864
128,0.001,64,Tanh,1000,0.4915311130900043,0.554188595663666,0.936604774535809,1.6574509000056423
128,0.001,64,Sigmoid,50,0.3655963497474261,0.3788456387425848,0.9273209549071618,1.274815500000841
128,0.001,64,Sigmoid,100,0.3655963497474261,0.3788456387425848,0.9273209549071618,1.3334551000007195
128,0.001,64,Sigmoid,300,0.3655963497474261,0.3788456387425848,0.9273209549071618,1.289918199996464
128,0.001,64,Sigmoid,500,0.3655963497474261,0.3788456387425848,0.9273209549071618,1.2604126000078395
128,0.001,64,Sigmoid,1000,0.3655963497474261,0.3788456387425848,0.9273209549071618,1.372893899999326
128,0.001,64,GELU,50,0.5064301316050561,0.5800010720733364,0.9381962864721486,1.275908099996741
128,0.001,64,GELU,100,0.5064301316050561,0.5800010720733364,0.9381962864721486,1.3217417999985628
128,0.001,64,GELU,300,0.5064301316050561,0.5800010720733364,0.9381962864721486,1.3311202000040794
128,0.001,64,GELU,500,0.5064301316050561,0.5800010720733364,0.9381962864721486,1.2640008000016678
128,0.001,64,GELU,1000,0.5064301316050561,0.5800010720733364,0.9381962864721486,1.389482600003248
128,0.001,64,Softmax,50,0.5064301316050561,0.5800010720733364,0.9381962864721486,1.279788699990604
128,0.001,64,Softmax,100,0.5064301316050561,0.5800010720733364,0.9381962864721486,1.272076900000684
128,0.001,64,Softmax,300,0.5064301316050561,0.5800010720733364,0.9381962864721486,1.259656399997766
128,0.001,64,Softmax,500,0.5064301316050561,0.5800010720733364,0.9381962864721486,1.2443104999983916
128,0.001,64,Softmax,1000,0.5064301316050561,0.5800010720733364,0.9381962864721486,1.3006560999929206
128,0.001,128,ReLU,50,0.5013478382427844,0.5736430413296498,0.9371352785145888,0.9537877999973716
128,0.001,128,ReLU,100,0.5013478382427844,0.5736430413296498,0.9371352785145888,1.0709331999969436
128,0.001,128,ReLU,300,0.5013478382427844,0.5736430413296498,0.9371352785145888,1.007730099998298
128,0.001,128,ReLU,500,0.5013478382427844,0.5736430413296498,0.9371352785145888,1.075112099992111
128,0.001,128,ReLU,1000,0.5013478382427844,0.5736430413296498,0.9371352785145888,0.9838578000053532
128,0.001,128,Tanh,50,0.4526314750320955,0.5074166396126751,0.9350132625994696,0.96613349999825
128,0.001,128,Tanh,100,0.4526314750320955,0.5074166396126751,0.9350132625994696,0.9342733000084992
128,0.001,128,Tanh,300,0.4526314750320955,0.5074166396126751,0.9350132625994696,0.905033300005016
128,0.001,128,Tanh,500,0.4526314750320955,0.5074166396126751,0.9350132625994696,0.9705402999970828
128,0.001,128,Tanh,1000,0.4526314750320955,0.5074166396126751,0.9350132625994696,0.9097483999939868
128,0.001,128,Sigmoid,50,0.3333333333333333,0.3200478094975406,0.923342175066313,0.3721377000038046
128,0.001,128,Sigmoid,100,0.3333333333333333,0.3200478094975406,0.923342175066313,0.3911299000028521
128,0.001,128,Sigmoid,300,0.3333333333333333,0.3200478094975406,0.923342175066313,0.3744479000015417
128,0.001,128,Sigmoid,500,0.3333333333333333,0.3200478094975406,0.923342175066313,0.3620117999962531
128,0.001,128,Sigmoid,1000,0.3333333333333333,0.3200478094975406,0.923342175066313,0.3751327000063611
128,0.001,128,GELU,50,0.5013478382427844,0.5736430413296498,0.9371352785145888,1.0129238000081386
128,0.001,128,GELU,100,0.5013478382427844,0.5736430413296498,0.9371352785145888,1.0224588999990374
128,0.001,128,GELU,300,0.5013478382427844,0.5736430413296498,0.9371352785145888,1.005935599998338
128,0.001,128,GELU,500,0.5013478382427844,0.5736430413296498,0.9371352785145888,1.0165409999899566
128,0.001,128,GELU,1000,0.5013478382427844,0.5736430413296498,0.9371352785145888,1.0459456000098726
128,0.001,128,Softmax,50,0.5013478382427844,0.5736430413296498,0.9371352785145888,1.027651899988996
128,0.001,128,Softmax,100,0.5013478382427844,0.5736430413296498,0.9371352785145888,1.0398423000006003
128,0.001,128,Softmax,300,0.5013478382427844,0.5736430413296498,0.9371352785145888,1.0173495000053665
128,0.001,128,Softmax,500,0.5013478382427844,0.5736430413296498,0.9371352785145888,0.9792615999904228
128,0.001,128,Softmax,1000,0.5013478382427844,0.5736430413296498,0.9371352785145888,1.0054060999973444
128,0.0001,8,ReLU,50,0.4412508769799561,0.4974023400774752,0.9344827586206896,7.645390799996676
128,0.0001,8,ReLU,100,0.4412508769799561,0.4974023400774752,0.9344827586206896,7.808518900012132
128,0.0001,8,ReLU,300,0.4412508769799561,0.4974023400774752,0.9344827586206896,7.702627099992242
128,0.0001,8,ReLU,500,0.4412508769799561,0.4974023400774752,0.9344827586206896,7.814193300000625
128,0.0001,8,ReLU,1000,0.4412508769799561,0.4974023400774752,0.9344827586206896,7.840226600004826
128,0.0001,8,Tanh,50,0.4510324320086266,0.5045948486826708,0.9355437665782492,7.723593099988648
128,0.0001,8,Tanh,100,0.4510324320086266,0.5045948486826708,0.9355437665782492,7.625992099987343
128,0.0001,8,Tanh,300,0.4510324320086266,0.5045948486826708,0.9355437665782492,7.57654910000565
128,0.0001,8,Tanh,500,0.4510324320086266,0.5045948486826708,0.9355437665782492,7.840420900000026
128,0.0001,8,Tanh,1000,0.4510324320086266,0.5045948486826708,0.9355437665782492,7.627001899993047
128,0.0001,8,Sigmoid,50,0.3333333333333333,0.3200478094975406,0.923342175066313,2.5362021000037203
128,0.0001,8,Sigmoid,100,0.3333333333333333,0.3200478094975406,0.923342175066313,2.42087430000538
128,0.0001,8,Sigmoid,300,0.3333333333333333,0.3200478094975406,0.923342175066313,2.481298400001833
128,0.0001,8,Sigmoid,500,0.3333333333333333,0.3200478094975406,0.923342175066313,2.4164595999900484
128,0.0001,8,Sigmoid,1000,0.3333333333333333,0.3200478094975406,0.923342175066313,2.4406261000112863
128,0.0001,8,GELU,50,0.4412508769799561,0.4974023400774752,0.9344827586206896,7.909480700007407
128,0.0001,8,GELU,100,0.4412508769799561,0.4974023400774752,0.9344827586206896,7.635339100001147
128,0.0001,8,GELU,300,0.4412508769799561,0.4974023400774752,0.9344827586206896,7.894145799989928
128,0.0001,8,GELU,500,0.4412508769799561,0.4974023400774752,0.9344827586206896,7.728120800005854
128,0.0001,8,GELU,1000,0.4412508769799561,0.4974023400774752,0.9344827586206896,7.843581699999049
128,0.0001,8,Softmax,50,0.4412508769799561,0.4974023400774752,0.9344827586206896,7.864894499987713
128,0.0001,8,Softmax,100,0.4412508769799561,0.4974023400774752,0.9344827586206896,7.850060599987046
128,0.0001,8,Softmax,300,0.4412508769799561,0.4974023400774752,0.9344827586206896,7.834407799993642
128,0.0001,8,Softmax,500,0.4412508769799561,0.4974023400774752,0.9344827586206896,7.956392699998105
128,0.0001,8,Softmax,1000,0.4412508769799561,0.4974023400774752,0.9344827586206896,7.728612799997791
128,0.0001,16,ReLU,50,0.3333333333333333,0.3200478094975406,0.923342175066313,1.2953250999999
128,0.0001,16,ReLU,100,0.3333333333333333,0.3200478094975406,0.923342175066313,1.3244352999900002
128,0.0001,16,ReLU,300,0.3333333333333333,0.3200478094975406,0.923342175066313,1.338894399988931
128,0.0001,16,ReLU,500,0.3333333333333333,0.3200478094975406,0.923342175066313,1.351745399995707
128,0.0001,16,ReLU,1000,0.3333333333333333,0.3200478094975406,0.923342175066313,1.365077199996449
128,0.0001,16,Tanh,50,0.4117518717348847,0.4543573175042028,0.9310344827586208,4.3898970000009285
128,0.0001,16,Tanh,100,0.4151882978517232,0.4591274105879039,0.9315649867374004,5.317184999992605
128,0.0001,16,Tanh,300,0.4151882978517232,0.4591274105879039,0.9315649867374004,5.486114400002407
128,0.0001,16,Tanh,500,0.4151882978517232,0.4591274105879039,0.9315649867374004,5.663142400007928
128,0.0001,16,Tanh,1000,0.4151882978517232,0.4591274105879039,0.9315649867374004,5.7350715000065975
128,0.0001,16,Sigmoid,50,0.3333333333333333,0.3200478094975406,0.923342175066313,1.2894174000102794
128,0.0001,16,Sigmoid,100,0.3333333333333333,0.3200478094975406,0.923342175066313,1.3939320000063162
128,0.0001,16,Sigmoid,300,0.3333333333333333,0.3200478094975406,0.923342175066313,1.4241416000004392
128,0.0001,16,Sigmoid,500,0.3333333333333333,0.3200478094975406,0.923342175066313,1.3544063000008464
128,0.0001,16,Sigmoid,1000,0.3333333333333333,0.3200478094975406,0.923342175066313,1.3493002000031993
128,0.0001,16,GELU,50,0.3333333333333333,0.3200478094975406,0.923342175066313,1.339031800001976
128,0.0001,16,GELU,100,0.3333333333333333,0.3200478094975406,0.923342175066313,1.3289578999974765
128,0.0001,16,GELU,300,0.3333333333333333,0.3200478094975406,0.923342175066313,1.3517564000067068
128,0.0001,16,GELU,500,0.3333333333333333,0.3200478094975406,0.923342175066313,1.3051853999932064
128,0.0001,16,GELU,1000,0.3333333333333333,0.3200478094975406,0.923342175066313,1.3346781000000192
128,0.0001,16,Softmax,50,0.3333333333333333,0.3200478094975406,0.923342175066313,1.362707300009788
128,0.0001,16,Softmax,100,0.3333333333333333,0.3200478094975406,0.923342175066313,1.3112183999910485
128,0.0001,16,Softmax,300,0.3333333333333333,0.3200478094975406,0.923342175066313,1.3495055000093998
128,0.0001,16,Softmax,500,0.3333333333333333,0.3200478094975406,0.923342175066313,1.3753386000025785
128,0.0001,16,Softmax,1000,0.3333333333333333,0.3200478094975406,0.923342175066313,1.3182708000094865
128,0.0001,32,ReLU,50,0.332758785789524,0.3197607545433632,0.9217506631299734,0.8526432999933604
128,0.0001,32,ReLU,100,0.332758785789524,0.3197607545433632,0.9217506631299734,0.8240254999982426
128,0.0001,32,ReLU,300,0.332758785789524,0.3197607545433632,0.9217506631299734,0.8229696000053082
128,0.0001,32,ReLU,500,0.332758785789524,0.3197607545433632,0.9217506631299734,0.8440205999941099
128,0.0001,32,ReLU,1000,0.332758785789524,0.3197607545433632,0.9217506631299734,0.8162662999966415
128,0.0001,32,Tanh,50,0.3435723753509024,0.3392612175376987,0.923342175066313,0.8214128000108758
128,0.0001,32,Tanh,100,0.3435723753509024,0.3392612175376987,0.923342175066313,0.8238203000073554
128,0.0001,32,Tanh,300,0.3435723753509024,0.3392612175376987,0.923342175066313,0.8383135000040056
128,0.0001,32,Tanh,500,0.3435723753509024,0.3392612175376987,0.923342175066313,0.8463206000014907
128,0.0001,32,Tanh,1000,0.3435723753509024,0.3392612175376987,0.923342175066313,0.8176937000098405
128,0.0001,32,Sigmoid,50,0.3333333333333333,0.3200478094975406,0.923342175066313,0.7993933999969158
128,0.0001,32,Sigmoid,100,0.3333333333333333,0.3200478094975406,0.923342175066313,0.8082233000022825
128,0.0001,32,Sigmoid,300,0.3333333333333333,0.3200478094975406,0.923342175066313,0.7768504000123357
128,0.0001,32,Sigmoid,500,0.3333333333333333,0.3200478094975406,0.923342175066313,0.8031675999955041
128,0.0001,32,Sigmoid,1000,0.3333333333333333,0.3200478094975406,0.923342175066313,0.7844026999955531
128,0.0001,32,GELU,50,0.332758785789524,0.3197607545433632,0.9217506631299734,0.8597651000018232
128,0.0001,32,GELU,100,0.332758785789524,0.3197607545433632,0.9217506631299734,0.8476108000031672
128,0.0001,32,GELU,300,0.332758785789524,0.3197607545433632,0.9217506631299734,0.8446230999979889
128,0.0001,32,GELU,500,0.332758785789524,0.3197607545433632,0.9217506631299734,0.845922900000005
128,0.0001,32,GELU,1000,0.332758785789524,0.3197607545433632,0.9217506631299734,0.85064639999473
128,0.0001,32,Softmax,50,0.332758785789524,0.3197607545433632,0.9217506631299734,0.816877299992484
128,0.0001,32,Softmax,100,0.332758785789524,0.3197607545433632,0.9217506631299734,0.8359485000109999
128,0.0001,32,Softmax,300,0.332758785789524,0.3197607545433632,0.9217506631299734,0.8420894000009866
128,0.0001,32,Softmax,500,0.332758785789524,0.3197607545433632,0.9217506631299734,0.8157180999987759
128,0.0001,32,Softmax,1000,0.332758785789524,0.3197607545433632,0.9217506631299734,0.8342670999991242
128,0.0001,64,ReLU,50,0.3328545437134922,0.3198527720266851,0.9220159151193634,0.5405108999984805
128,0.0001,64,ReLU,100,0.3328545437134922,0.3198527720266851,0.9220159151193634,0.5823020999960136
128,0.0001,64,ReLU,300,0.3328545437134922,0.3198527720266851,0.9220159151193634,0.5466417999996338
128,0.0001,64,ReLU,500,0.3328545437134922,0.3198527720266851,0.9220159151193634,0.5616577000037069
128,0.0001,64,ReLU,1000,0.3328545437134922,0.3198527720266851,0.9220159151193634,0.5643724999972619
128,0.0001,64,Tanh,50,0.3464108418129494,0.3435213971362817,0.9217506631299734,0.5962585999950534
128,0.0001,64,Tanh,100,0.3464108418129494,0.3435213971362817,0.9217506631299734,0.5667305999959353
128,0.0001,64,Tanh,300,0.3464108418129494,0.3435213971362817,0.9217506631299734,0.5631788999889977
128,0.0001,64,Tanh,500,0.3464108418129494,0.3435213971362817,0.9217506631299734,0.5796991000097478
128,0.0001,64,Tanh,1000,0.3464108418129494,0.3435213971362817,0.9217506631299734,0.5945053000032203
128,0.0001,64,Sigmoid,50,0.3333333333333333,0.3200478094975406,0.923342175066313,0.508344699992449
128,0.0001,64,Sigmoid,100,0.3333333333333333,0.3200478094975406,0.923342175066313,0.5226453000068432
128,0.0001,64,Sigmoid,300,0.3333333333333333,0.3200478094975406,0.923342175066313,0.5377849000069546
128,0.0001,64,Sigmoid,500,0.3333333333333333,0.3200478094975406,0.923342175066313,0.509317199990619
128,0.0001,64,Sigmoid,1000,0.3333333333333333,0.3200478094975406,0.923342175066313,0.5377798999979859
128,0.0001,64,GELU,50,0.3328545437134922,0.3198527720266851,0.9220159151193634,0.5710202999907779
128,0.0001,64,GELU,100,0.3328545437134922,0.3198527720266851,0.9220159151193634,0.5902493000030518
128,0.0001,64,GELU,300,0.3328545437134922,0.3198527720266851,0.9220159151193634,0.5692024999880232
128,0.0001,64,GELU,500,0.3328545437134922,0.3198527720266851,0.9220159151193634,0.5753590999956941
128,0.0001,64,GELU,1000,0.3328545437134922,0.3198527720266851,0.9220159151193634,0.5858441000018502
128,0.0001,64,Softmax,50,0.3328545437134922,0.3198527720266851,0.9220159151193634,0.597198200004641
128,0.0001,64,Softmax,100,0.3328545437134922,0.3198527720266851,0.9220159151193634,0.5928137000009883
128,0.0001,64,Softmax,300,0.3328545437134922,0.3198527720266851,0.9220159151193634,0.5670496000093408
128,0.0001,64,Softmax,500,0.3328545437134922,0.3198527720266851,0.9220159151193634,0.579419700006838
128,0.0001,64,Softmax,1000,0.3328545437134922,0.3198527720266851,0.9220159151193634,0.5418979999958538
128,0.0001,128,ReLU,50,0.3328545437134922,0.3198527720266851,0.9220159151193634,0.4397139999928185
128,0.0001,128,ReLU,100,0.3328545437134922,0.3198527720266851,0.9220159151193634,0.4629318999941461
128,0.0001,128,ReLU,300,0.3328545437134922,0.3198527720266851,0.9220159151193634,0.4398130999907153
128,0.0001,128,ReLU,500,0.3328545437134922,0.3198527720266851,0.9220159151193634,0.4578881000052206
128,0.0001,128,ReLU,1000,0.3328545437134922,0.3198527720266851,0.9220159151193634,0.4359491999930469
128,0.0001,128,Tanh,50,0.3564583679825821,0.3587043444828912,0.9212201591511936,0.5202778999955626
128,0.0001,128,Tanh,100,0.3564583679825821,0.3587043444828912,0.9212201591511936,0.5367473999940557
128,0.0001,128,Tanh,300,0.3564583679825821,0.3587043444828912,0.9212201591511936,0.5132302999991225
128,0.0001,128,Tanh,500,0.3564583679825821,0.3587043444828912,0.9212201591511936,0.5452871000015875
128,0.0001,128,Tanh,1000,0.3564583679825821,0.3587043444828912,0.9212201591511936,0.4882895000046119
128,0.0001,128,Sigmoid,50,0.3333333333333333,0.3200478094975406,0.923342175066313,0.4134526999987429
128,0.0001,128,Sigmoid,100,0.3333333333333333,0.3200478094975406,0.923342175066313,0.4149853999988409
128,0.0001,128,Sigmoid,300,0.3333333333333333,0.3200478094975406,0.923342175066313,0.4280627999978605
128,0.0001,128,Sigmoid,500,0.3333333333333333,0.3200478094975406,0.923342175066313,0.3983307999878889
128,0.0001,128,Sigmoid,1000,0.3333333333333333,0.3200478094975406,0.923342175066313,0.4357278000097722
128,0.0001,128,GELU,50,0.3328545437134922,0.3198527720266851,0.9220159151193634,0.4535608000005595
128,0.0001,128,GELU,100,0.3328545437134922,0.3198527720266851,0.9220159151193634,0.4516598000045633
128,0.0001,128,GELU,300,0.3328545437134922,0.3198527720266851,0.9220159151193634,0.4333145999989938
128,0.0001,128,GELU,500,0.3328545437134922,0.3198527720266851,0.9220159151193634,0.4728118999919388
128,0.0001,128,GELU,1000,0.3328545437134922,0.3198527720266851,0.9220159151193634,0.4473026000050595
128,0.0001,128,Softmax,50,0.3328545437134922,0.3198527720266851,0.9220159151193634,0.4466974000097252
128,0.0001,128,Softmax,100,0.3328545437134922,0.3198527720266851,0.9220159151193634,0.4477521999942837
128,0.0001,128,Softmax,300,0.3328545437134922,0.3198527720266851,0.9220159151193634,0.4372536000009859
128,0.0001,128,Softmax,500,0.3328545437134922,0.3198527720266851,0.9220159151193634,0.4601236000016797
128,0.0001,128,Softmax,1000,0.3328545437134922,0.3198527720266851,0.9220159151193634,0.4627623999986099
128,0.00025,8,ReLU,50,0.5130157100668284,0.5828636066961282,0.9384615384615383,8.066023999999743
128,0.00025,8,ReLU,100,0.5130157100668284,0.5828636066961282,0.9384615384615383,7.874280400006683
128,0.00025,8,ReLU,300,0.5130157100668284,0.5828636066961282,0.9384615384615383,7.73203939999803
128,0.00025,8,ReLU,500,0.5130157100668284,0.5828636066961282,0.9384615384615383,7.828788899991196
128,0.00025,8,ReLU,1000,0.5130157100668284,0.5828636066961282,0.9384615384615383,7.866653300006874
128,0.00025,8,Tanh,50,0.4732032075111621,0.5333543982120563,0.9371352785145888,5.388051700007054
128,0.00025,8,Tanh,100,0.4732032075111621,0.5333543982120563,0.9371352785145888,5.410593699998572
128,0.00025,8,Tanh,300,0.4732032075111621,0.5333543982120563,0.9371352785145888,5.4844224999978906
128,0.00025,8,Tanh,500,0.4732032075111621,0.5333543982120563,0.9371352785145888,5.523060699997586
128,0.00025,8,Tanh,1000,0.4732032075111621,0.5333543982120563,0.9371352785145888,5.643037799993181
128,0.00025,8,Sigmoid,50,0.3606332264201048,0.3700369020628942,0.9270557029177718,7.134984599993913
128,0.00025,8,Sigmoid,100,0.3606332264201048,0.3700369020628942,0.9270557029177718,6.784376199997496
128,0.00025,8,Sigmoid,300,0.3606332264201048,0.3700369020628942,0.9270557029177718,6.8701943999913055
128,0.00025,8,Sigmoid,500,0.3606332264201048,0.3700369020628942,0.9270557029177718,7.106962600009865
128,0.00025,8,Sigmoid,1000,0.3606332264201048,0.3700369020628942,0.9270557029177718,6.839291099997354
128,0.00025,8,GELU,50,0.5130157100668284,0.5828636066961282,0.9384615384615383,7.829562799990526
128,0.00025,8,GELU,100,0.5130157100668284,0.5828636066961282,0.9384615384615383,8.088965999995708
128,0.00025,8,GELU,300,0.5130157100668284,0.5828636066961282,0.9384615384615383,7.86484370000835
128,0.00025,8,GELU,500,0.5130157100668284,0.5828636066961282,0.9384615384615383,7.7646017000079155
128,0.00025,8,GELU,1000,0.5130157100668284,0.5828636066961282,0.9384615384615383,7.666866200001095
128,0.00025,8,Softmax,50,0.5130157100668284,0.5828636066961282,0.9384615384615383,8.004947800000082
128,0.00025,8,Softmax,100,0.5130157100668284,0.5828636066961282,0.9384615384615383,8.26539810000395
128,0.00025,8,Softmax,300,0.5130157100668284,0.5828636066961282,0.9384615384615383,7.871316999997362
128,0.00025,8,Softmax,500,0.5130157100668284,0.5828636066961282,0.9384615384615383,7.984613600012381
128,0.00025,8,Softmax,1000,0.5130157100668284,0.5828636066961282,0.9384615384615383,7.851981500003603
128,0.00025,16,ReLU,50,0.4862648429328444,0.5591188727845356,0.9376657824933688,3.486931999999797
128,0.00025,16,ReLU,100,0.4862648429328444,0.5591188727845356,0.9376657824933688,3.423669700001483
128,0.00025,16,ReLU,300,0.4862648429328444,0.5591188727845356,0.9376657824933688,3.529503800004022
128,0.00025,16,ReLU,500,0.4862648429328444,0.5591188727845356,0.9376657824933688,3.604160499991849
128,0.00025,16,ReLU,1000,0.4862648429328444,0.5591188727845356,0.9376657824933688,3.5030379999952856
128,0.00025,16,Tanh,50,0.4538943105816559,0.505414869942498,0.9344827586206896,3.857984200003557
128,0.00025,16,Tanh,100,0.4538943105816559,0.505414869942498,0.9344827586206896,3.7709137000056216
128,0.00025,16,Tanh,300,0.4538943105816559,0.505414869942498,0.9344827586206896,3.916594700000133
128,0.00025,16,Tanh,500,0.4538943105816559,0.505414869942498,0.9344827586206896,3.777021699992474
128,0.00025,16,Tanh,1000,0.4538943105816559,0.505414869942498,0.9344827586206896,3.8399383000069065
128,0.00025,16,Sigmoid,50,0.3333333333333333,0.3200478094975406,0.923342175066313,1.3010193999944022
128,0.00025,16,Sigmoid,100,0.3333333333333333,0.3200478094975406,0.923342175066313,1.3129234999942128
128,0.00025,16,Sigmoid,300,0.3333333333333333,0.3200478094975406,0.923342175066313,1.35098509999807
128,0.00025,16,Sigmoid,500,0.3333333333333333,0.3200478094975406,0.923342175066313,1.3313265000033423
128,0.00025,16,Sigmoid,1000,0.3333333333333333,0.3200478094975406,0.923342175066313,1.3750275000056718
128,0.00025,16,GELU,50,0.4862648429328444,0.5591188727845356,0.9376657824933688,3.7061608000076376
128,0.00025,16,GELU,100,0.4862648429328444,0.5591188727845356,0.9376657824933688,3.421410900002229
128,0.00025,16,GELU,300,0.4862648429328444,0.5591188727845356,0.9376657824933688,3.5913789000042016
128,0.00025,16,GELU,500,0.4862648429328444,0.5591188727845356,0.9376657824933688,3.5112071000039577
128,0.00025,16,GELU,1000,0.4862648429328444,0.5591188727845356,0.9376657824933688,3.567351799996686
128,0.00025,16,Softmax,50,0.4862648429328444,0.5591188727845356,0.9376657824933688,3.5879142000048887
128,0.00025,16,Softmax,100,0.4862648429328444,0.5591188727845356,0.9376657824933688,3.606987799998024
128,0.00025,16,Softmax,300,0.4862648429328444,0.5591188727845356,0.9376657824933688,3.4534586999943717
128,0.00025,16,Softmax,500,0.4862648429328444,0.5591188727845356,0.9376657824933688,3.5097267999954056
128,0.00025,16,Softmax,1000,0.4862648429328444,0.5591188727845356,0.9376657824933688,3.442022800008999
128,0.00025,32,ReLU,50,0.4499398096760602,0.5116709899318596,0.9342175066312998,2.5514155000128085
128,0.00025,32,ReLU,100,0.4499398096760602,0.5116709899318596,0.9342175066312998,2.7870944000023883
128,0.00025,32,ReLU,300,0.4499398096760602,0.5116709899318596,0.9342175066312998,2.7600879999954486
128,0.00025,32,ReLU,500,0.4499398096760602,0.5116709899318596,0.9342175066312998,2.5779607000004034
128,0.00025,32,ReLU,1000,0.4499398096760602,0.5116709899318596,0.9342175066312998,2.801144499986549
128,0.00025,32,Tanh,50,0.4426562946754489,0.4939505490308515,0.9352785145888596,2.3589145000005374
128,0.00025,32,Tanh,100,0.4426562946754489,0.4939505490308515,0.9352785145888596,2.2513704000011785
128,0.00025,32,Tanh,300,0.4426562946754489,0.4939505490308515,0.9352785145888596,2.3656091000011656
128,0.00025,32,Tanh,500,0.4426562946754489,0.4939505490308515,0.9352785145888596,2.3750317999947583
128,0.00025,32,Tanh,1000,0.4426562946754489,0.4939505490308515,0.9352785145888596,2.272396700005629
128,0.00025,32,Sigmoid,50,0.3333333333333333,0.3200478094975406,0.923342175066313,0.7273630999989109
128,0.00025,32,Sigmoid,100,0.3333333333333333,0.3200478094975406,0.923342175066313,0.794950700001209
128,0.00025,32,Sigmoid,300,0.3333333333333333,0.3200478094975406,0.923342175066313,0.8132053000008455
128,0.00025,32,Sigmoid,500,0.3333333333333333,0.3200478094975406,0.923342175066313,0.8228107999893837
128,0.00025,32,Sigmoid,1000,0.3333333333333333,0.3200478094975406,0.923342175066313,0.7743315999978222
128,0.00025,32,GELU,50,0.4499398096760602,0.5116709899318596,0.9342175066312998,2.612668699992355
128,0.00025,32,GELU,100,0.4499398096760602,0.5116709899318596,0.9342175066312998,2.7022005999897374
128,0.00025,32,GELU,300,0.4499398096760602,0.5116709899318596,0.9342175066312998,2.8057738000061363
128,0.00025,32,GELU,500,0.4499398096760602,0.5116709899318596,0.9342175066312998,2.689092000000528
128,0.00025,32,GELU,1000,0.4499398096760602,0.5116709899318596,0.9342175066312998,2.890575199999148
128,0.00025,32,Softmax,50,0.4499398096760602,0.5116709899318596,0.9342175066312998,2.61505729999044
128,0.00025,32,Softmax,100,0.4499398096760602,0.5116709899318596,0.9342175066312998,2.766670900004101
128,0.00025,32,Softmax,300,0.4499398096760602,0.5116709899318596,0.9342175066312998,2.810511599993333
128,0.00025,32,Softmax,500,0.4499398096760602,0.5116709899318596,0.9342175066312998,2.703391400005785
128,0.00025,32,Softmax,1000,0.4499398096760602,0.5116709899318596,0.9342175066312998,2.729380100005073
128,0.00025,64,ReLU,50,0.3332375754093651,0.32,0.9230769230769232,0.5399554999894463
128,0.00025,64,ReLU,100,0.3332375754093651,0.32,0.9230769230769232,0.4826642999978503
128,0.00025,64,ReLU,300,0.3332375754093651,0.32,0.9230769230769232,0.5055912000098033
128,0.00025,64,ReLU,500,0.3332375754093651,0.32,0.9230769230769232,0.4773263000097358
128,0.00025,64,ReLU,1000,0.3332375754093651,0.32,0.9230769230769232,0.5016756999975769
128,0.00025,64,Tanh,50,0.3942824673787876,0.4270210727969348,0.9275862068965516,1.2850196000072174
128,0.00025,64,Tanh,100,0.3942824673787876,0.4270210727969348,0.9275862068965516,1.1829291000030937
128,0.00025,64,Tanh,300,0.3942824673787876,0.4270210727969348,0.9275862068965516,1.2376247000065632
128,0.00025,64,Tanh,500,0.3942824673787876,0.4270210727969348,0.9275862068965516,1.2363034000009063
128,0.00025,64,Tanh,1000,0.3942824673787876,0.4270210727969348,0.9275862068965516,1.1714083999977447
128,0.00025,64,Sigmoid,50,0.3333333333333333,0.3200478094975406,0.923342175066313,0.50964250000834
128,0.00025,64,Sigmoid,100,0.3333333333333333,0.3200478094975406,0.923342175066313,0.5023473000037484
128,0.00025,64,Sigmoid,300,0.3333333333333333,0.3200478094975406,0.923342175066313,0.5086100999906193
128,0.00025,64,Sigmoid,500,0.3333333333333333,0.3200478094975406,0.923342175066313,0.509315899995272
128,0.00025,64,Sigmoid,1000,0.3333333333333333,0.3200478094975406,0.923342175066313,0.5118602000002284
128,0.00025,64,GELU,50,0.3332375754093651,0.32,0.9230769230769232,0.5143068000033963
128,0.00025,64,GELU,100,0.3332375754093651,0.32,0.9230769230769232,0.5255149000004167
128,0.00025,64,GELU,300,0.3332375754093651,0.32,0.9230769230769232,0.4959977999969851
128,0.00025,64,GELU,500,0.3332375754093651,0.32,0.9230769230769232,0.5024363999982597
128,0.00025,64,GELU,1000,0.3332375754093651,0.32,0.9230769230769232,0.4918197999941185
128,0.00025,64,Softmax,50,0.3332375754093651,0.32,0.9230769230769232,0.4916088999889325
128,0.00025,64,Softmax,100,0.3332375754093651,0.32,0.9230769230769232,0.4901058999967063
128,0.00025,64,Softmax,300,0.3332375754093651,0.32,0.9230769230769232,0.4829683000134537
128,0.00025,64,Softmax,500,0.3332375754093651,0.32,0.9230769230769232,0.4845517999929143
128,0.00025,64,Softmax,1000,0.3332375754093651,0.32,0.9230769230769232,0.4577236999903107
128,0.00025,128,ReLU,50,0.3332375754093651,0.32,0.9230769230769232,0.3640720000112196
128,0.00025,128,ReLU,100,0.3332375754093651,0.32,0.9230769230769232,0.371155999993789
128,0.00025,128,ReLU,300,0.3332375754093651,0.32,0.9230769230769232,0.3839333000069018
128,0.00025,128,ReLU,500,0.3332375754093651,0.32,0.9230769230769232,0.3555516000051284
128,0.00025,128,ReLU,1000,0.3332375754093651,0.32,0.9230769230769232,0.3453014000115217
128,0.00025,128,Tanh,50,0.3467938735088223,0.3445790596150686,0.9228116710875331,0.4051270000054501
128,0.00025,128,Tanh,100,0.3467938735088223,0.3445790596150686,0.9228116710875331,0.4027180999983102
128,0.00025,128,Tanh,300,0.3467938735088223,0.3445790596150686,0.9228116710875331,0.4146694999944884
128,0.00025,128,Tanh,500,0.3467938735088223,0.3445790596150686,0.9228116710875331,0.4158514000009745
128,0.00025,128,Tanh,1000,0.3467938735088223,0.3445790596150686,0.9228116710875331,0.3927372999896761
128,0.00025,128,Sigmoid,50,0.3333333333333333,0.3200478094975406,0.923342175066313,0.4131821000046329
128,0.00025,128,Sigmoid,100,0.3333333333333333,0.3200478094975406,0.923342175066313,0.4132746999966912
128,0.00025,128,Sigmoid,300,0.3333333333333333,0.3200478094975406,0.923342175066313,0.374467799992999
128,0.00025,128,Sigmoid,500,0.3333333333333333,0.3200478094975406,0.923342175066313,0.3967813999915961
128,0.00025,128,Sigmoid,1000,0.3333333333333333,0.3200478094975406,0.923342175066313,0.3723375999979907
128,0.00025,128,GELU,50,0.3332375754093651,0.32,0.9230769230769232,0.3711551000014879
128,0.00025,128,GELU,100,0.3332375754093651,0.32,0.9230769230769232,0.3904673000070033
128,0.00025,128,GELU,300,0.3332375754093651,0.32,0.9230769230769232,0.3680423000041628
128,0.00025,128,GELU,500,0.3332375754093651,0.32,0.9230769230769232,0.388695399989956
128,0.00025,128,GELU,1000,0.3332375754093651,0.32,0.9230769230769232,0.375444499994046
128,0.00025,128,Softmax,50,0.3332375754093651,0.32,0.9230769230769232,0.3791552000038791
128,0.00025,128,Softmax,100,0.3332375754093651,0.32,0.9230769230769232,0.393945400006487
128,0.00025,128,Softmax,300,0.3332375754093651,0.32,0.9230769230769232,0.3642309999995632
128,0.00025,128,Softmax,500,0.3332375754093651,0.32,0.9230769230769232,0.3853393000026699
128,0.00025,128,Softmax,1000,0.3332375754093651,0.32,0.9230769230769232,0.356043599997065
