Hidden_Neurons,Learning_Rate,Batch_Size,Activation_Function,Epochs,Balanced_Accuracy,Macro F1 Score,Accuracy,Time(s)
8,0.01,8,ReLU,50,0.5,0.4626865671641791,0.8611111111111112,0.22856489988043904
8,0.01,8,ReLU,100,0.5,0.4626865671641791,0.8611111111111112,0.24631870002485812
8,0.01,8,ReLU,300,0.5,0.4626865671641791,0.8611111111111112,0.36525769997388124
8,0.01,8,ReLU,500,0.5,0.4626865671641791,0.8611111111111112,0.27170269982889295
8,0.01,8,ReLU,1000,0.5,0.4626865671641791,0.8611111111111112,0.20830249995924532
8,0.01,8,Tanh,50,0.52,0.5025333947489636,0.8666666666666667,0.20389549992978573
8,0.01,8,Tanh,100,0.52,0.5025333947489636,0.8666666666666667,0.17269469983875751
8,0.01,8,Tanh,300,0.52,0.5025333947489636,0.8666666666666667,0.17874310002662241
8,0.01,8,Tanh,500,0.52,0.5025333947489636,0.8666666666666667,0.15318690007552505
8,0.01,8,Tanh,1000,0.52,0.5025333947489636,0.8666666666666667,0.15389539999887347
8,0.01,8,Sigmoid,50,0.5,0.4626865671641791,0.8611111111111112,0.19886010000482202
8,0.01,8,Sigmoid,100,0.5,0.4626865671641791,0.8611111111111112,0.19451469997875392
8,0.01,8,Sigmoid,300,0.5,0.4626865671641791,0.8611111111111112,0.1853334999177605
8,0.01,8,Sigmoid,500,0.5,0.4626865671641791,0.8611111111111112,0.17449080012738705
8,0.01,8,Sigmoid,1000,0.5,0.4626865671641791,0.8611111111111112,0.16187780001200736
8,0.01,8,GELU,50,0.5,0.4626865671641791,0.8611111111111112,0.15054579987190664
8,0.01,8,GELU,100,0.5,0.4626865671641791,0.8611111111111112,0.14141199993900955
8,0.01,8,GELU,300,0.5,0.4626865671641791,0.8611111111111112,0.15211650007404387
8,0.01,8,GELU,500,0.5,0.4626865671641791,0.8611111111111112,0.1529240000527352
8,0.01,8,GELU,1000,0.5,0.4626865671641791,0.8611111111111112,0.1529697000514716
8,0.01,8,Softmax,50,0.5,0.4626865671641791,0.8611111111111112,0.17395500000566244
8,0.01,8,Softmax,100,0.5,0.4626865671641791,0.8611111111111112,0.1507830999325961
8,0.01,8,Softmax,300,0.5,0.4626865671641791,0.8611111111111112,0.15019690012559295
8,0.01,8,Softmax,500,0.5,0.4626865671641791,0.8611111111111112,0.14063989999704063
8,0.01,8,Softmax,1000,0.5,0.4626865671641791,0.8611111111111112,0.15174970007501543
8,0.01,16,ReLU,50,0.5,0.4626865671641791,0.8611111111111112,0.07840720005333424
8,0.01,16,ReLU,100,0.5,0.4626865671641791,0.8611111111111112,0.08830339997075498
8,0.01,16,ReLU,300,0.5,0.4626865671641791,0.8611111111111112,0.0887711001560092
8,0.01,16,ReLU,500,0.5,0.4626865671641791,0.8611111111111112,0.0993715999647975
8,0.01,16,ReLU,1000,0.5,0.4626865671641791,0.8611111111111112,0.10307079995982349
8,0.01,16,Tanh,50,0.52,0.5025333947489636,0.8666666666666667,0.08825590019114316
8,0.01,16,Tanh,100,0.52,0.5025333947489636,0.8666666666666667,0.12373040011152625
8,0.01,16,Tanh,300,0.52,0.5025333947489636,0.8666666666666667,0.12312949984334409
8,0.01,16,Tanh,500,0.52,0.5025333947489636,0.8666666666666667,0.10053160018287599
8,0.01,16,Tanh,1000,0.52,0.5025333947489636,0.8666666666666667,0.09868180006742477
8,0.01,16,Sigmoid,50,0.5,0.4626865671641791,0.8611111111111112,0.07890639989636838
8,0.01,16,Sigmoid,100,0.5,0.4626865671641791,0.8611111111111112,0.09091689996421337
8,0.01,16,Sigmoid,300,0.5,0.4626865671641791,0.8611111111111112,0.08876179996877909
8,0.01,16,Sigmoid,500,0.5,0.4626865671641791,0.8611111111111112,0.09082460007630289
8,0.01,16,Sigmoid,1000,0.5,0.4626865671641791,0.8611111111111112,0.07944640005007386
8,0.01,16,GELU,50,0.5,0.4626865671641791,0.8611111111111112,0.18349169986322522
8,0.01,16,GELU,100,0.5,0.4626865671641791,0.8611111111111112,0.1658862999174744
8,0.01,16,GELU,300,0.5,0.4626865671641791,0.8611111111111112,0.1705049998126924
8,0.01,16,GELU,500,0.5,0.4626865671641791,0.8611111111111112,0.27608759980648756
8,0.01,16,GELU,1000,0.5,0.4626865671641791,0.8611111111111112,0.1750741999130696
8,0.01,16,Softmax,50,0.5,0.4626865671641791,0.8611111111111112,0.17228269996121526
8,0.01,16,Softmax,100,0.5,0.4626865671641791,0.8611111111111112,0.21059229993261397
8,0.01,16,Softmax,300,0.5,0.4626865671641791,0.8611111111111112,0.19359340006485581
8,0.01,16,Softmax,500,0.5,0.4626865671641791,0.8611111111111112,0.16041859984397888
8,0.01,16,Softmax,1000,0.5,0.4626865671641791,0.8611111111111112,0.18820169987156987
8,0.01,32,ReLU,50,0.5,0.4626865671641791,0.8611111111111112,0.1213024000171572
8,0.01,32,ReLU,100,0.5,0.4626865671641791,0.8611111111111112,0.12158109992742538
8,0.01,32,ReLU,300,0.5,0.4626865671641791,0.8611111111111112,0.17665980011224747
8,0.01,32,ReLU,500,0.5,0.4626865671641791,0.8611111111111112,0.23260870017111301
8,0.01,32,ReLU,1000,0.5,0.4626865671641791,0.8611111111111112,0.15583479986526072
8,0.01,32,Tanh,50,0.516774193548387,0.4994994994994995,0.8611111111111112,0.1638281000778079
8,0.01,32,Tanh,100,0.516774193548387,0.4994994994994995,0.8611111111111112,0.16280839988030493
8,0.01,32,Tanh,300,0.516774193548387,0.4994994994994995,0.8611111111111112,0.12613119999878109
8,0.01,32,Tanh,500,0.516774193548387,0.4994994994994995,0.8611111111111112,0.12289680005051196
8,0.01,32,Tanh,1000,0.516774193548387,0.4994994994994995,0.8611111111111112,0.10974710015580058
8,0.01,32,Sigmoid,50,0.5,0.4626865671641791,0.8611111111111112,0.11590870004147291
8,0.01,32,Sigmoid,100,0.5,0.4626865671641791,0.8611111111111112,0.09276150004006922
8,0.01,32,Sigmoid,300,0.5,0.4626865671641791,0.8611111111111112,0.0923476000316441
8,0.01,32,Sigmoid,500,0.5,0.4626865671641791,0.8611111111111112,0.07305989996530116
8,0.01,32,Sigmoid,1000,0.5,0.4626865671641791,0.8611111111111112,0.07512250007130206
8,0.01,32,GELU,50,0.5,0.4626865671641791,0.8611111111111112,0.09642049996182323
8,0.01,32,GELU,100,0.5,0.4626865671641791,0.8611111111111112,0.10138859995640814
8,0.01,32,GELU,300,0.5,0.4626865671641791,0.8611111111111112,0.09324449999257922
8,0.01,32,GELU,500,0.5,0.4626865671641791,0.8611111111111112,0.08960750000551343
8,0.01,32,GELU,1000,0.5,0.4626865671641791,0.8611111111111112,0.09833109984174371
8,0.01,32,Softmax,50,0.5,0.4626865671641791,0.8611111111111112,0.07301299995742738
8,0.01,32,Softmax,100,0.5,0.4626865671641791,0.8611111111111112,0.0742353000678122
8,0.01,32,Softmax,300,0.5,0.4626865671641791,0.8611111111111112,0.07429590006358922
8,0.01,32,Softmax,500,0.5,0.4626865671641791,0.8611111111111112,0.07678049989044666
8,0.01,32,Softmax,1000,0.5,0.4626865671641791,0.8611111111111112,0.06867760000750422
8,0.01,64,ReLU,50,0.5,0.4626865671641791,0.8611111111111112,0.06858850014396012
8,0.01,64,ReLU,100,0.5,0.4626865671641791,0.8611111111111112,0.06020019995048642
8,0.01,64,ReLU,300,0.5,0.4626865671641791,0.8611111111111112,0.0736767000053078
8,0.01,64,ReLU,500,0.5,0.4626865671641791,0.8611111111111112,0.0684324000030756
8,0.01,64,ReLU,1000,0.5,0.4626865671641791,0.8611111111111112,0.058682600036263466
8,0.01,64,Tanh,50,0.4967741935483871,0.46107784431137727,0.8555555555555555,0.06894370005466044
8,0.01,64,Tanh,100,0.4967741935483871,0.46107784431137727,0.8555555555555555,0.0706560998223722
8,0.01,64,Tanh,300,0.4967741935483871,0.46107784431137727,0.8555555555555555,0.06858840002678335
8,0.01,64,Tanh,500,0.4967741935483871,0.46107784431137727,0.8555555555555555,0.0744070999789983
8,0.01,64,Tanh,1000,0.4967741935483871,0.46107784431137727,0.8555555555555555,0.06836370006203651
8,0.01,64,Sigmoid,50,0.5,0.4626865671641791,0.8611111111111112,0.05850080004893243
8,0.01,64,Sigmoid,100,0.5,0.4626865671641791,0.8611111111111112,0.05847389996051788
8,0.01,64,Sigmoid,300,0.5,0.4626865671641791,0.8611111111111112,0.04749460006132722
8,0.01,64,Sigmoid,500,0.5,0.4626865671641791,0.8611111111111112,0.058905000099912286
8,0.01,64,Sigmoid,1000,0.5,0.4626865671641791,0.8611111111111112,0.05875139986164868
8,0.01,64,GELU,50,0.5,0.4626865671641791,0.8611111111111112,0.06999730016104877
8,0.01,64,GELU,100,0.5,0.4626865671641791,0.8611111111111112,0.0585723000112921
8,0.01,64,GELU,300,0.5,0.4626865671641791,0.8611111111111112,0.05889250012114644
8,0.01,64,GELU,500,0.5,0.4626865671641791,0.8611111111111112,0.06945449998602271
8,0.01,64,GELU,1000,0.5,0.4626865671641791,0.8611111111111112,0.0670535999815911
8,0.01,64,Softmax,50,0.5,0.4626865671641791,0.8611111111111112,0.04787830007262528
8,0.01,64,Softmax,100,0.5,0.4626865671641791,0.8611111111111112,0.04763980000279844
8,0.01,64,Softmax,300,0.5,0.4626865671641791,0.8611111111111112,0.047654999885708094
8,0.01,64,Softmax,500,0.5,0.4626865671641791,0.8611111111111112,0.05781809985637665
8,0.01,64,Softmax,1000,0.5,0.4626865671641791,0.8611111111111112,0.04960140003822744
8,0.01,128,ReLU,50,0.4935483870967742,0.4594594594594595,0.85,0.06349760014563799
8,0.01,128,ReLU,100,0.4935483870967742,0.4594594594594595,0.85,0.05788660002872348
8,0.01,128,ReLU,300,0.4935483870967742,0.4594594594594595,0.85,0.048825599951669574
8,0.01,128,ReLU,500,0.4935483870967742,0.4594594594594595,0.85,0.04680639994330704
8,0.01,128,ReLU,1000,0.4935483870967742,0.4594594594594595,0.85,0.04716839990578592
8,0.01,128,Tanh,50,0.5135483870967742,0.4965576592082616,0.8555555555555555,0.06832049996592104
8,0.01,128,Tanh,100,0.5135483870967742,0.4965576592082616,0.8555555555555555,0.05684780003502965
8,0.01,128,Tanh,300,0.5135483870967742,0.4965576592082616,0.8555555555555555,0.05858079995959997
8,0.01,128,Tanh,500,0.5135483870967742,0.4965576592082616,0.8555555555555555,0.10271029989235103
8,0.01,128,Tanh,1000,0.5135483870967742,0.4965576592082616,0.8555555555555555,0.06807489995844662
8,0.01,128,Sigmoid,50,0.5,0.4626865671641791,0.8611111111111112,0.047121800016611814
8,0.01,128,Sigmoid,100,0.5,0.4626865671641791,0.8611111111111112,0.05837130011059344
8,0.01,128,Sigmoid,300,0.5,0.4626865671641791,0.8611111111111112,0.04863550001755357
8,0.01,128,Sigmoid,500,0.5,0.4626865671641791,0.8611111111111112,0.0499552998226136
8,0.01,128,Sigmoid,1000,0.5,0.4626865671641791,0.8611111111111112,0.05869229999370873
8,0.01,128,GELU,50,0.4935483870967742,0.4594594594594595,0.85,0.058520899852737784
8,0.01,128,GELU,100,0.4935483870967742,0.4594594594594595,0.85,0.047558699967339635
8,0.01,128,GELU,300,0.4935483870967742,0.4594594594594595,0.85,0.05863999994471669
8,0.01,128,GELU,500,0.4935483870967742,0.4594594594594595,0.85,0.04636799986474216
8,0.01,128,GELU,1000,0.4935483870967742,0.4594594594594595,0.85,0.056392500177025795
8,0.01,128,Softmax,50,0.5,0.4626865671641791,0.8611111111111112,0.04770280001685023
8,0.01,128,Softmax,100,0.5,0.4626865671641791,0.8611111111111112,0.048294000094756484
8,0.01,128,Softmax,300,0.5,0.4626865671641791,0.8611111111111112,0.05887730000540614
8,0.01,128,Softmax,500,0.5,0.4626865671641791,0.8611111111111112,0.047252899967134
8,0.01,128,Softmax,1000,0.5,0.4626865671641791,0.8611111111111112,0.04593010013923049
8,0.001,8,ReLU,50,0.49032258064516127,0.4578313253012048,0.8444444444444444,0.1645735001657158
8,0.001,8,ReLU,100,0.49032258064516127,0.4578313253012048,0.8444444444444444,0.17192850005812943
8,0.001,8,ReLU,300,0.49032258064516127,0.4578313253012048,0.8444444444444444,0.15196110005490482
8,0.001,8,ReLU,500,0.49032258064516127,0.4578313253012048,0.8444444444444444,0.14282780000939965
8,0.001,8,ReLU,1000,0.49032258064516127,0.4578313253012048,0.8444444444444444,0.36734570004045963
8,0.001,8,Tanh,50,0.49032258064516127,0.4578313253012048,0.8444444444444444,0.3350463998503983
8,0.001,8,Tanh,100,0.49032258064516127,0.4578313253012048,0.8444444444444444,0.3009392998646945
8,0.001,8,Tanh,300,0.49032258064516127,0.4578313253012048,0.8444444444444444,0.2797106998041272
8,0.001,8,Tanh,500,0.49032258064516127,0.4578313253012048,0.8444444444444444,0.30595339997671545
8,0.001,8,Tanh,1000,0.49032258064516127,0.4578313253012048,0.8444444444444444,0.30632580001838505
8,0.001,8,Sigmoid,50,0.5,0.4626865671641791,0.8611111111111112,0.21586649981327355
8,0.001,8,Sigmoid,100,0.5,0.4626865671641791,0.8611111111111112,0.20869459980167449
8,0.001,8,Sigmoid,300,0.5,0.4626865671641791,0.8611111111111112,0.20173630001954734
8,0.001,8,Sigmoid,500,0.5,0.4626865671641791,0.8611111111111112,0.233223200077191
8,0.001,8,Sigmoid,1000,0.5,0.4626865671641791,0.8611111111111112,0.20965899992734194
8,0.001,8,GELU,50,0.49032258064516127,0.4578313253012048,0.8444444444444444,0.2931521001737565
8,0.001,8,GELU,100,0.49032258064516127,0.4578313253012048,0.8444444444444444,0.3101391999516636
8,0.001,8,GELU,300,0.49032258064516127,0.4578313253012048,0.8444444444444444,0.2088787998072803
8,0.001,8,GELU,500,0.49032258064516127,0.4578313253012048,0.8444444444444444,0.19680640008300543
8,0.001,8,GELU,1000,0.49032258064516127,0.4578313253012048,0.8444444444444444,0.17600670014508069
8,0.001,8,Softmax,50,0.5,0.4626865671641791,0.8611111111111112,0.14828389999456704
8,0.001,8,Softmax,100,0.5,0.4626865671641791,0.8611111111111112,0.14946769992820919
8,0.001,8,Softmax,300,0.5,0.4626865671641791,0.8611111111111112,0.16747400001622736
8,0.001,8,Softmax,500,0.5,0.4626865671641791,0.8611111111111112,0.14796720002777874
8,0.001,8,Softmax,1000,0.5,0.4626865671641791,0.8611111111111112,0.1600071000866592
8,0.001,16,ReLU,50,0.4838709677419355,0.45454545454545453,0.8333333333333334,0.13887620018795133
8,0.001,16,ReLU,100,0.4838709677419355,0.45454545454545453,0.8333333333333334,0.12889349996112287
8,0.001,16,ReLU,300,0.4838709677419355,0.45454545454545453,0.8333333333333334,0.1261911999899894
8,0.001,16,ReLU,500,0.4838709677419355,0.45454545454545453,0.8333333333333334,0.127974399831146
8,0.001,16,ReLU,1000,0.4838709677419355,0.45454545454545453,0.8333333333333334,0.12648439989425242
8,0.001,16,Tanh,50,0.49032258064516127,0.4578313253012048,0.8444444444444444,0.13139730016700923
8,0.001,16,Tanh,100,0.49032258064516127,0.4578313253012048,0.8444444444444444,0.12058920017443597
8,0.001,16,Tanh,300,0.49032258064516127,0.4578313253012048,0.8444444444444444,0.12351970002055168
8,0.001,16,Tanh,500,0.49032258064516127,0.4578313253012048,0.8444444444444444,0.11035279999487102
8,0.001,16,Tanh,1000,0.49032258064516127,0.4578313253012048,0.8444444444444444,0.11005809996277094
8,0.001,16,Sigmoid,50,0.5,0.4626865671641791,0.8611111111111112,0.08926220005378127
8,0.001,16,Sigmoid,100,0.5,0.4626865671641791,0.8611111111111112,0.11255169985815883
8,0.001,16,Sigmoid,300,0.5,0.4626865671641791,0.8611111111111112,0.1535590998828411
8,0.001,16,Sigmoid,500,0.5,0.4626865671641791,0.8611111111111112,0.09944589994847775
8,0.001,16,Sigmoid,1000,0.5,0.4626865671641791,0.8611111111111112,0.0889886999502778
8,0.001,16,GELU,50,0.4838709677419355,0.45454545454545453,0.8333333333333334,0.1203106998000294
8,0.001,16,GELU,100,0.4838709677419355,0.45454545454545453,0.8333333333333334,0.10948810004629195
8,0.001,16,GELU,300,0.4838709677419355,0.45454545454545453,0.8333333333333334,0.10077670007012784
8,0.001,16,GELU,500,0.4838709677419355,0.45454545454545453,0.8333333333333334,0.11122799990698695
8,0.001,16,GELU,1000,0.4838709677419355,0.45454545454545453,0.8333333333333334,0.09825289994478226
8,0.001,16,Softmax,50,0.5,0.4626865671641791,0.8611111111111112,0.07896080007776618
8,0.001,16,Softmax,100,0.5,0.4626865671641791,0.8611111111111112,0.0868363999761641
8,0.001,16,Softmax,300,0.5,0.4626865671641791,0.8611111111111112,0.08977989992126822
8,0.001,16,Softmax,500,0.5,0.4626865671641791,0.8611111111111112,0.08896300010383129
8,0.001,16,Softmax,1000,0.5,0.4626865671641791,0.8611111111111112,0.08899269998073578
8,0.001,32,ReLU,50,0.49032258064516127,0.4578313253012048,0.8444444444444444,0.08766889991238713
8,0.001,32,ReLU,100,0.49032258064516127,0.4578313253012048,0.8444444444444444,0.07827459997497499
8,0.001,32,ReLU,300,0.49032258064516127,0.4578313253012048,0.8444444444444444,0.07925429986789823
8,0.001,32,ReLU,500,0.49032258064516127,0.4578313253012048,0.8444444444444444,0.08886719984002411
8,0.001,32,ReLU,1000,0.49032258064516127,0.4578313253012048,0.8444444444444444,0.09075369988568127
8,0.001,32,Tanh,50,0.4870967741935484,0.4561933534743202,0.8388888888888889,0.07004939997568727
8,0.001,32,Tanh,100,0.4870967741935484,0.4561933534743202,0.8388888888888889,0.06860210001468658
8,0.001,32,Tanh,300,0.4870967741935484,0.4561933534743202,0.8388888888888889,0.15668359980918467
8,0.001,32,Tanh,500,0.4870967741935484,0.4561933534743202,0.8388888888888889,0.15060009993612766
8,0.001,32,Tanh,1000,0.4870967741935484,0.4561933534743202,0.8388888888888889,0.14910449995659292
8,0.001,32,Sigmoid,50,0.4935483870967742,0.4594594594594595,0.85,0.12764309998601675
8,0.001,32,Sigmoid,100,0.4935483870967742,0.4594594594594595,0.85,0.10957470000721514
8,0.001,32,Sigmoid,300,0.4935483870967742,0.4594594594594595,0.85,0.10445899982005358
8,0.001,32,Sigmoid,500,0.4935483870967742,0.4594594594594595,0.85,0.1323335999622941
8,0.001,32,Sigmoid,1000,0.4935483870967742,0.4594594594594595,0.85,0.19524499983526766
8,0.001,32,GELU,50,0.49032258064516127,0.4578313253012048,0.8444444444444444,0.21606769994832575
8,0.001,32,GELU,100,0.49032258064516127,0.4578313253012048,0.8444444444444444,0.2175047998316586
8,0.001,32,GELU,300,0.49032258064516127,0.4578313253012048,0.8444444444444444,0.15870569995604455
8,0.001,32,GELU,500,0.49032258064516127,0.4578313253012048,0.8444444444444444,0.08831979986280203
8,0.001,32,GELU,1000,0.49032258064516127,0.4578313253012048,0.8444444444444444,0.07055309996940196
8,0.001,32,Softmax,50,0.4935483870967742,0.4594594594594595,0.85,0.06471340009011328
8,0.001,32,Softmax,100,0.4935483870967742,0.4594594594594595,0.85,0.13813080010004342
8,0.001,32,Softmax,300,0.4935483870967742,0.4594594594594595,0.85,0.18559370003640652
8,0.001,32,Softmax,500,0.4935483870967742,0.4594594594594595,0.85,0.13909459998831153
8,0.001,32,Softmax,1000,0.4935483870967742,0.4594594594594595,0.85,0.13775270013138652
8,0.001,64,ReLU,50,0.4774193548387097,0.45121951219512196,0.8222222222222222,0.1889554001390934
8,0.001,64,ReLU,100,0.4774193548387097,0.45121951219512196,0.8222222222222222,0.22426980012096465
8,0.001,64,ReLU,300,0.4774193548387097,0.45121951219512196,0.8222222222222222,0.1915382998995483
8,0.001,64,ReLU,500,0.4774193548387097,0.45121951219512196,0.8222222222222222,0.16300719999708235
8,0.001,64,ReLU,1000,0.4774193548387097,0.45121951219512196,0.8222222222222222,0.1740526999346912
8,0.001,64,Tanh,50,0.4870967741935484,0.4561933534743202,0.8388888888888889,0.1766261998564005
8,0.001,64,Tanh,100,0.4870967741935484,0.4561933534743202,0.8388888888888889,0.16400610003620386
8,0.001,64,Tanh,300,0.4870967741935484,0.4561933534743202,0.8388888888888889,0.17664290009997785
8,0.001,64,Tanh,500,0.4870967741935484,0.4561933534743202,0.8388888888888889,0.12096600001677871
8,0.001,64,Tanh,1000,0.4870967741935484,0.4561933534743202,0.8388888888888889,0.15168670006096363
8,0.001,64,Sigmoid,50,0.4935483870967742,0.4594594594594595,0.85,0.13091750000603497
8,0.001,64,Sigmoid,100,0.4935483870967742,0.4594594594594595,0.85,0.11250109993852675
8,0.001,64,Sigmoid,300,0.4935483870967742,0.4594594594594595,0.85,0.08938920008949935
8,0.001,64,Sigmoid,500,0.4935483870967742,0.4594594594594595,0.85,0.10189170017838478
8,0.001,64,Sigmoid,1000,0.4935483870967742,0.4594594594594595,0.85,0.07476820005103946
8,0.001,64,GELU,50,0.4774193548387097,0.45121951219512196,0.8222222222222222,0.09180569997988641
8,0.001,64,GELU,100,0.4774193548387097,0.45121951219512196,0.8222222222222222,0.08568669995293021
8,0.001,64,GELU,300,0.4774193548387097,0.45121951219512196,0.8222222222222222,0.0683087999932468
8,0.001,64,GELU,500,0.4774193548387097,0.45121951219512196,0.8222222222222222,0.08844820014201105
8,0.001,64,GELU,1000,0.4774193548387097,0.45121951219512196,0.8222222222222222,0.14041200000792742
8,0.001,64,Softmax,50,0.4935483870967742,0.4594594594594595,0.85,0.0995230998378247
8,0.001,64,Softmax,100,0.4935483870967742,0.4594594594594595,0.85,0.09520739992149174
8,0.001,64,Softmax,300,0.4935483870967742,0.4594594594594595,0.85,0.10698799998499453
8,0.001,64,Softmax,500,0.4935483870967742,0.4594594594594595,0.85,0.1176562998443842
8,0.001,64,Softmax,1000,0.4935483870967742,0.4594594594594595,0.85,0.09995920001529157
8,0.001,128,ReLU,50,0.4974193548387097,0.48290241868223516,0.8277777777777777,0.11436920007690787
8,0.001,128,ReLU,100,0.4974193548387097,0.48290241868223516,0.8277777777777777,0.17131750006228685
8,0.001,128,ReLU,300,0.4974193548387097,0.48290241868223516,0.8277777777777777,0.181409299839288
8,0.001,128,ReLU,500,0.4974193548387097,0.48290241868223516,0.8277777777777777,0.20237720012664795
8,0.001,128,ReLU,1000,0.4974193548387097,0.48290241868223516,0.8277777777777777,0.3737659000325948
8,0.001,128,Tanh,50,0.4774193548387097,0.45121951219512196,0.8222222222222222,0.13770830002613366
8,0.001,128,Tanh,100,0.4774193548387097,0.45121951219512196,0.8222222222222222,0.12167710019275546
8,0.001,128,Tanh,300,0.4774193548387097,0.45121951219512196,0.8222222222222222,0.11808980000205338
8,0.001,128,Tanh,500,0.4774193548387097,0.45121951219512196,0.8222222222222222,0.11209789989516139
8,0.001,128,Tanh,1000,0.4774193548387097,0.45121951219512196,0.8222222222222222,0.09381929994560778
8,0.001,128,Sigmoid,50,0.4935483870967742,0.4594594594594595,0.85,0.07939160009846091
8,0.001,128,Sigmoid,100,0.4935483870967742,0.4594594594594595,0.85,0.07071840018033981
8,0.001,128,Sigmoid,300,0.4935483870967742,0.4594594594594595,0.85,0.06152050010859966
8,0.001,128,Sigmoid,500,0.4935483870967742,0.4594594594594595,0.85,0.06065789982676506
8,0.001,128,Sigmoid,1000,0.4935483870967742,0.4594594594594595,0.85,0.052992000011727214
8,0.001,128,GELU,50,0.4974193548387097,0.48290241868223516,0.8277777777777777,0.07939389999955893
8,0.001,128,GELU,100,0.4974193548387097,0.48290241868223516,0.8277777777777777,0.06883689993992448
8,0.001,128,GELU,300,0.4974193548387097,0.48290241868223516,0.8277777777777777,0.0680833999067545
8,0.001,128,GELU,500,0.4974193548387097,0.48290241868223516,0.8277777777777777,0.05717099993489683
8,0.001,128,GELU,1000,0.4974193548387097,0.48290241868223516,0.8277777777777777,0.12625079997815192
8,0.001,128,Softmax,50,0.4935483870967742,0.4594594594594595,0.85,0.09961290005594492
8,0.001,128,Softmax,100,0.4935483870967742,0.4594594594594595,0.85,0.10267539997585118
8,0.001,128,Softmax,300,0.4935483870967742,0.4594594594594595,0.85,0.10970739996992052
8,0.001,128,Softmax,500,0.4935483870967742,0.4594594594594595,0.85,0.11116369999945164
8,0.001,128,Softmax,1000,0.4935483870967742,0.4594594594594595,0.85,0.10309310001321137
8,0.0001,8,ReLU,50,0.48193548387096774,0.4793650793650794,0.7722222222222223,0.4859824001323432
8,0.0001,8,ReLU,100,0.48193548387096774,0.4793650793650794,0.7722222222222223,0.4640943999402225
8,0.0001,8,ReLU,300,0.48193548387096774,0.4793650793650794,0.7722222222222223,0.6615156000480056
8,0.0001,8,ReLU,500,0.48193548387096774,0.4793650793650794,0.7722222222222223,0.4989295001141727
8,0.0001,8,ReLU,1000,0.48193548387096774,0.4793650793650794,0.7722222222222223,0.3087166000623256
8,0.0001,8,Tanh,50,0.4774193548387097,0.45121951219512196,0.8222222222222222,0.3611140998546034
8,0.0001,8,Tanh,100,0.4774193548387097,0.45121951219512196,0.8222222222222222,0.5292785000056028
8,0.0001,8,Tanh,300,0.4774193548387097,0.45121951219512196,0.8222222222222222,0.4558594999834895
8,0.0001,8,Tanh,500,0.4774193548387097,0.45121951219512196,0.8222222222222222,0.4232940999791026
8,0.0001,8,Tanh,1000,0.4774193548387097,0.45121951219512196,0.8222222222222222,0.43714470020495355
8,0.0001,8,Sigmoid,50,0.4935483870967742,0.4594594594594595,0.85,0.2877279999665916
8,0.0001,8,Sigmoid,100,0.4935483870967742,0.4594594594594595,0.85,0.2552865999750793
8,0.0001,8,Sigmoid,300,0.4935483870967742,0.4594594594594595,0.85,0.16411809995770454
8,0.0001,8,Sigmoid,500,0.4935483870967742,0.4594594594594595,0.85,0.16270919982343912
8,0.0001,8,Sigmoid,1000,0.4935483870967742,0.4594594594594595,0.85,0.1422188999131322
8,0.0001,8,GELU,50,0.48193548387096774,0.4793650793650794,0.7722222222222223,0.27837760001420975
8,0.0001,8,GELU,100,0.48193548387096774,0.4793650793650794,0.7722222222222223,0.5027950999792665
8,0.0001,8,GELU,300,0.48193548387096774,0.4793650793650794,0.7722222222222223,0.5473894001916051
8,0.0001,8,GELU,500,0.48193548387096774,0.4793650793650794,0.7722222222222223,0.4402475000824779
8,0.0001,8,GELU,1000,0.48193548387096774,0.4793650793650794,0.7722222222222223,0.29383430001325905
8,0.0001,8,Softmax,50,0.4935483870967742,0.4594594594594595,0.85,0.14161879988387227
8,0.0001,8,Softmax,100,0.4935483870967742,0.4594594594594595,0.85,0.17486670007929206
8,0.0001,8,Softmax,300,0.4935483870967742,0.4594594594594595,0.85,0.36044550011865795
8,0.0001,8,Softmax,500,0.4935483870967742,0.4594594594594595,0.85,0.33219459978863597
8,0.0001,8,Softmax,1000,0.4935483870967742,0.4594594594594595,0.85,0.2966932998970151
8,0.0001,16,ReLU,50,0.4593548387096774,0.4605394605394605,0.7333333333333333,0.28827730007469654
8,0.0001,16,ReLU,100,0.4593548387096774,0.4605394605394605,0.7333333333333333,0.2718732999637723
8,0.0001,16,ReLU,300,0.4593548387096774,0.4605394605394605,0.7333333333333333,0.29377350001595914
8,0.0001,16,ReLU,500,0.4593548387096774,0.4605394605394605,0.7333333333333333,0.34221699996851385
8,0.0001,16,ReLU,1000,0.4593548387096774,0.4605394605394605,0.7333333333333333,0.258489599917084
8,0.0001,16,Tanh,50,0.47419354838709676,0.44954128440366975,0.8166666666666667,0.22348419995978475
8,0.0001,16,Tanh,100,0.47419354838709676,0.44954128440366975,0.8166666666666667,0.26519410009495914
8,0.0001,16,Tanh,300,0.47419354838709676,0.44954128440366975,0.8166666666666667,0.2604459000285715
8,0.0001,16,Tanh,500,0.47419354838709676,0.44954128440366975,0.8166666666666667,0.21395700005814433
8,0.0001,16,Tanh,1000,0.47419354838709676,0.44954128440366975,0.8166666666666667,0.1775254998356104
8,0.0001,16,Sigmoid,50,0.4935483870967742,0.4594594594594595,0.85,0.12430040002800524
8,0.0001,16,Sigmoid,100,0.4935483870967742,0.4594594594594595,0.85,0.1262572999112308
8,0.0001,16,Sigmoid,300,0.4935483870967742,0.4594594594594595,0.85,0.11007399996742606
8,0.0001,16,Sigmoid,500,0.4935483870967742,0.4594594594594595,0.85,0.21284070005640388
8,0.0001,16,Sigmoid,1000,0.4935483870967742,0.4594594594594595,0.85,0.22690950008109212
8,0.0001,16,GELU,50,0.4593548387096774,0.4605394605394605,0.7333333333333333,0.22957850014790893
8,0.0001,16,GELU,100,0.4593548387096774,0.4605394605394605,0.7333333333333333,0.4427352000493556
8,0.0001,16,GELU,300,0.4593548387096774,0.4605394605394605,0.7333333333333333,0.4973690998740494
8,0.0001,16,GELU,500,0.4593548387096774,0.4605394605394605,0.7333333333333333,0.2579208998940885
8,0.0001,16,GELU,1000,0.4593548387096774,0.4605394605394605,0.7333333333333333,0.23152390005998313
8,0.0001,16,Softmax,50,0.4935483870967742,0.4594594594594595,0.85,0.22075360012240708
8,0.0001,16,Softmax,100,0.4935483870967742,0.4594594594594595,0.85,0.20779669983312488
8,0.0001,16,Softmax,300,0.4935483870967742,0.4594594594594595,0.85,0.2110454998910427
8,0.0001,16,Softmax,500,0.4935483870967742,0.4594594594594595,0.85,0.21821959991939366
8,0.0001,16,Softmax,1000,0.4935483870967742,0.4594594594594595,0.85,0.19303079997189343
8,0.0001,32,ReLU,50,0.4696774193548387,0.4713345864661654,0.7222222222222222,0.15527960006147623
8,0.0001,32,ReLU,100,0.4696774193548387,0.4713345864661654,0.7222222222222222,0.15463049989193678
8,0.0001,32,ReLU,300,0.4696774193548387,0.4713345864661654,0.7222222222222222,0.1581240000668913
8,0.0001,32,ReLU,500,0.4696774193548387,0.4713345864661654,0.7222222222222222,0.12687629996798933
8,0.0001,32,ReLU,1000,0.4696774193548387,0.4713345864661654,0.7222222222222222,0.11032489989884198
8,0.0001,32,Tanh,50,0.47419354838709676,0.44954128440366975,0.8166666666666667,0.05777839990332723
8,0.0001,32,Tanh,100,0.47419354838709676,0.44954128440366975,0.8166666666666667,0.07006380008533597
8,0.0001,32,Tanh,300,0.47419354838709676,0.44954128440366975,0.8166666666666667,0.06993620004504919
8,0.0001,32,Tanh,500,0.47419354838709676,0.44954128440366975,0.8166666666666667,0.06894859997555614
8,0.0001,32,Tanh,1000,0.47419354838709676,0.44954128440366975,0.8166666666666667,0.06986070005223155
8,0.0001,32,Sigmoid,50,0.49032258064516127,0.4578313253012048,0.8444444444444444,0.104061100166291
8,0.0001,32,Sigmoid,100,0.49032258064516127,0.4578313253012048,0.8444444444444444,0.12890850007534027
8,0.0001,32,Sigmoid,300,0.49032258064516127,0.4578313253012048,0.8444444444444444,0.11909639998339117
8,0.0001,32,Sigmoid,500,0.49032258064516127,0.4578313253012048,0.8444444444444444,0.09277059999294579
8,0.0001,32,Sigmoid,1000,0.49032258064516127,0.4578313253012048,0.8444444444444444,0.09614249994046986
8,0.0001,32,GELU,50,0.4696774193548387,0.4713345864661654,0.7222222222222222,0.12744179996661842
8,0.0001,32,GELU,100,0.4696774193548387,0.4713345864661654,0.7222222222222222,0.12016069982200861
8,0.0001,32,GELU,300,0.4696774193548387,0.4713345864661654,0.7222222222222222,0.10924150003120303
8,0.0001,32,GELU,500,0.4696774193548387,0.4713345864661654,0.7222222222222222,0.11985040013678372
8,0.0001,32,GELU,1000,0.4696774193548387,0.4713345864661654,0.7222222222222222,0.10738329985179007
8,0.0001,32,Softmax,50,0.49032258064516127,0.4578313253012048,0.8444444444444444,0.08974419999867678
8,0.0001,32,Softmax,100,0.49032258064516127,0.4578313253012048,0.8444444444444444,0.07850689999759197
8,0.0001,32,Softmax,300,0.49032258064516127,0.4578313253012048,0.8444444444444444,0.07961660018190742
8,0.0001,32,Softmax,500,0.49032258064516127,0.4578313253012048,0.8444444444444444,0.07772940001450479
8,0.0001,32,Softmax,1000,0.49032258064516127,0.4578313253012048,0.8444444444444444,0.08966179983690381
8,0.0001,64,ReLU,50,0.4696774193548387,0.4713345864661654,0.7222222222222222,0.05603530001826584
8,0.0001,64,ReLU,100,0.4696774193548387,0.4713345864661654,0.7222222222222222,0.04641030007041991
8,0.0001,64,ReLU,300,0.4696774193548387,0.4713345864661654,0.7222222222222222,0.057466299971565604
8,0.0001,64,ReLU,500,0.4696774193548387,0.4713345864661654,0.7222222222222222,0.058218499878421426
8,0.0001,64,ReLU,1000,0.4696774193548387,0.4713345864661654,0.7222222222222222,0.06034140009433031
8,0.0001,64,Tanh,50,0.47419354838709676,0.44954128440366975,0.8166666666666667,0.04698259988799691
8,0.0001,64,Tanh,100,0.47419354838709676,0.44954128440366975,0.8166666666666667,0.0591136000584811
8,0.0001,64,Tanh,300,0.47419354838709676,0.44954128440366975,0.8166666666666667,0.05744400015100837
8,0.0001,64,Tanh,500,0.47419354838709676,0.44954128440366975,0.8166666666666667,0.059374700067564845
8,0.0001,64,Tanh,1000,0.47419354838709676,0.44954128440366975,0.8166666666666667,0.058975799940526485
8,0.0001,64,Sigmoid,50,0.49032258064516127,0.4578313253012048,0.8444444444444444,0.05823000008240342
8,0.0001,64,Sigmoid,100,0.49032258064516127,0.4578313253012048,0.8444444444444444,0.04747950006276369
8,0.0001,64,Sigmoid,300,0.49032258064516127,0.4578313253012048,0.8444444444444444,0.05775160016492009
8,0.0001,64,Sigmoid,500,0.49032258064516127,0.4578313253012048,0.8444444444444444,0.05829109996557236
8,0.0001,64,Sigmoid,1000,0.49032258064516127,0.4578313253012048,0.8444444444444444,0.05818859999999404
8,0.0001,64,GELU,50,0.4696774193548387,0.4713345864661654,0.7222222222222222,0.056341399904340506
8,0.0001,64,GELU,100,0.4696774193548387,0.4713345864661654,0.7222222222222222,0.0476966998539865
8,0.0001,64,GELU,300,0.4696774193548387,0.4713345864661654,0.7222222222222222,0.057791899889707565
8,0.0001,64,GELU,500,0.4696774193548387,0.4713345864661654,0.7222222222222222,0.057388999965041876
8,0.0001,64,GELU,1000,0.4696774193548387,0.4713345864661654,0.7222222222222222,0.04711819998919964
8,0.0001,64,Softmax,50,0.49032258064516127,0.4578313253012048,0.8444444444444444,0.0571324999909848
8,0.0001,64,Softmax,100,0.49032258064516127,0.4578313253012048,0.8444444444444444,0.047606600215658545
8,0.0001,64,Softmax,300,0.49032258064516127,0.4578313253012048,0.8444444444444444,0.0586735000833869
8,0.0001,64,Softmax,500,0.49032258064516127,0.4578313253012048,0.8444444444444444,0.0459173999261111
8,0.0001,64,Softmax,1000,0.49032258064516127,0.4578313253012048,0.8444444444444444,0.0484863999299705
8,0.0001,128,ReLU,50,0.4696774193548387,0.4713345864661654,0.7222222222222222,0.0467349998652935
8,0.0001,128,ReLU,100,0.4696774193548387,0.4713345864661654,0.7222222222222222,0.04626139998435974
8,0.0001,128,ReLU,300,0.4696774193548387,0.4713345864661654,0.7222222222222222,0.04711270006373525
8,0.0001,128,ReLU,500,0.4696774193548387,0.4713345864661654,0.7222222222222222,0.057812999933958054
8,0.0001,128,ReLU,1000,0.4696774193548387,0.4713345864661654,0.7222222222222222,0.0577199999243021
8,0.0001,128,Tanh,50,0.47419354838709676,0.44954128440366975,0.8166666666666667,0.04721190012060106
8,0.0001,128,Tanh,100,0.47419354838709676,0.44954128440366975,0.8166666666666667,0.04770140000618994
8,0.0001,128,Tanh,300,0.47419354838709676,0.44954128440366975,0.8166666666666667,0.10281309997662902
8,0.0001,128,Tanh,500,0.47419354838709676,0.44954128440366975,0.8166666666666667,0.08885510009713471
8,0.0001,128,Tanh,1000,0.47419354838709676,0.44954128440366975,0.8166666666666667,0.10594050004146993
8,0.0001,128,Sigmoid,50,0.49032258064516127,0.4578313253012048,0.8444444444444444,0.10202750004827976
8,0.0001,128,Sigmoid,100,0.49032258064516127,0.4578313253012048,0.8444444444444444,0.10330620012246072
8,0.0001,128,Sigmoid,300,0.49032258064516127,0.4578313253012048,0.8444444444444444,0.092663099989295
8,0.0001,128,Sigmoid,500,0.49032258064516127,0.4578313253012048,0.8444444444444444,0.10542949987575412
8,0.0001,128,Sigmoid,1000,0.49032258064516127,0.4578313253012048,0.8444444444444444,0.10188429988920689
8,0.0001,128,GELU,50,0.4696774193548387,0.4713345864661654,0.7222222222222222,0.09787430008873343
8,0.0001,128,GELU,100,0.4696774193548387,0.4713345864661654,0.7222222222222222,0.10689459997229278
8,0.0001,128,GELU,300,0.4696774193548387,0.4713345864661654,0.7222222222222222,0.09925199998542666
8,0.0001,128,GELU,500,0.4696774193548387,0.4713345864661654,0.7222222222222222,0.12047720002010465
8,0.0001,128,GELU,1000,0.4696774193548387,0.4713345864661654,0.7222222222222222,0.08909749984741211
8,0.0001,128,Softmax,50,0.49032258064516127,0.4578313253012048,0.8444444444444444,0.10161280003376305
8,0.0001,128,Softmax,100,0.49032258064516127,0.4578313253012048,0.8444444444444444,0.13226989982649684
8,0.0001,128,Softmax,300,0.49032258064516127,0.4578313253012048,0.8444444444444444,0.11162970005534589
8,0.0001,128,Softmax,500,0.49032258064516127,0.4578313253012048,0.8444444444444444,0.10220249998383224
8,0.0001,128,Softmax,1000,0.49032258064516127,0.4578313253012048,0.8444444444444444,0.10650240001268685
8,0.00025,8,ReLU,50,0.4838709677419355,0.45454545454545453,0.8333333333333334,0.42168780020438135
8,0.00025,8,ReLU,100,0.4838709677419355,0.45454545454545453,0.8333333333333334,0.3950116001069546
8,0.00025,8,ReLU,300,0.4838709677419355,0.45454545454545453,0.8333333333333334,0.38975930004380643
8,0.00025,8,ReLU,500,0.4838709677419355,0.45454545454545453,0.8333333333333334,0.42806750000454485
8,0.00025,8,ReLU,1000,0.4838709677419355,0.45454545454545453,0.8333333333333334,0.30920789996162057
8,0.00025,8,Tanh,50,0.4806451612903226,0.45288753799392095,0.8277777777777777,0.21123649994842708
8,0.00025,8,Tanh,100,0.4806451612903226,0.45288753799392095,0.8277777777777777,0.20901619992218912
8,0.00025,8,Tanh,300,0.4806451612903226,0.45288753799392095,0.8277777777777777,0.20497240009717643
8,0.00025,8,Tanh,500,0.4806451612903226,0.45288753799392095,0.8277777777777777,0.24990120017901063
8,0.00025,8,Tanh,1000,0.4806451612903226,0.45288753799392095,0.8277777777777777,0.20588210015557706
8,0.00025,8,Sigmoid,50,0.4935483870967742,0.4594594594594595,0.85,0.14178639999590814
8,0.00025,8,Sigmoid,100,0.4935483870967742,0.4594594594594595,0.85,0.1455779999960214
8,0.00025,8,Sigmoid,300,0.4935483870967742,0.4594594594594595,0.85,0.14765759999863803
8,0.00025,8,Sigmoid,500,0.4935483870967742,0.4594594594594595,0.85,0.13241430022753775
8,0.00025,8,Sigmoid,1000,0.4935483870967742,0.4594594594594595,0.85,0.14174589980393648
8,0.00025,8,GELU,50,0.4838709677419355,0.45454545454545453,0.8333333333333334,0.23019740008749068
8,0.00025,8,GELU,100,0.4838709677419355,0.45454545454545453,0.8333333333333334,0.21676920005120337
8,0.00025,8,GELU,300,0.4838709677419355,0.45454545454545453,0.8333333333333334,0.20578519999980927
8,0.00025,8,GELU,500,0.4838709677419355,0.45454545454545453,0.8333333333333334,0.22496869997121394
8,0.00025,8,GELU,1000,0.4838709677419355,0.45454545454545453,0.8333333333333334,0.225732599850744
8,0.00025,8,Softmax,50,0.4935483870967742,0.4594594594594595,0.85,0.14238830003887415
8,0.00025,8,Softmax,100,0.4935483870967742,0.4594594594594595,0.85,0.1307900999672711
8,0.00025,8,Softmax,300,0.4935483870967742,0.4594594594594595,0.85,0.13201389997266233
8,0.00025,8,Softmax,500,0.4935483870967742,0.4594594594594595,0.85,0.13118599983863533
8,0.00025,8,Softmax,1000,0.4935483870967742,0.4594594594594595,0.85,0.13161349995061755
8,0.00025,16,ReLU,50,0.49096774193548387,0.4778021978021978,0.8166666666666667,0.1514374001417309
8,0.00025,16,ReLU,100,0.49096774193548387,0.4778021978021978,0.8166666666666667,0.16245569987222552
8,0.00025,16,ReLU,300,0.49096774193548387,0.4778021978021978,0.8166666666666667,0.1622470999136567
8,0.00025,16,ReLU,500,0.49096774193548387,0.4778021978021978,0.8166666666666667,0.1929872001055628
8,0.00025,16,ReLU,1000,0.49096774193548387,0.4778021978021978,0.8166666666666667,0.16228449996560812
8,0.00025,16,Tanh,50,0.4806451612903226,0.45288753799392095,0.8277777777777777,0.1580115999095142
8,0.00025,16,Tanh,100,0.4806451612903226,0.45288753799392095,0.8277777777777777,0.2250247998163104
8,0.00025,16,Tanh,300,0.4806451612903226,0.45288753799392095,0.8277777777777777,0.21331449993886054
8,0.00025,16,Tanh,500,0.4806451612903226,0.45288753799392095,0.8277777777777777,0.2733204001560807
8,0.00025,16,Tanh,1000,0.4806451612903226,0.45288753799392095,0.8277777777777777,0.2370726999361068
8,0.00025,16,Sigmoid,50,0.4935483870967742,0.4594594594594595,0.85,0.20223439997062087
8,0.00025,16,Sigmoid,100,0.4935483870967742,0.4594594594594595,0.85,0.2932361999992281
8,0.00025,16,Sigmoid,300,0.4935483870967742,0.4594594594594595,0.85,0.22400170005857944
8,0.00025,16,Sigmoid,500,0.4935483870967742,0.4594594594594595,0.85,0.17273249989375472
8,0.00025,16,Sigmoid,1000,0.4935483870967742,0.4594594594594595,0.85,0.1955657999496907
8,0.00025,16,GELU,50,0.49096774193548387,0.4778021978021978,0.8166666666666667,0.3208727000746876
8,0.00025,16,GELU,100,0.49096774193548387,0.4778021978021978,0.8166666666666667,0.3241993999108672
8,0.00025,16,GELU,300,0.49096774193548387,0.4778021978021978,0.8166666666666667,0.5523977000266314
8,0.00025,16,GELU,500,0.49096774193548387,0.4778021978021978,0.8166666666666667,0.4121092001441866
8,0.00025,16,GELU,1000,0.49096774193548387,0.4778021978021978,0.8166666666666667,0.235759099945426
8,0.00025,16,Softmax,50,0.4935483870967742,0.4594594594594595,0.85,0.11228899983689189
8,0.00025,16,Softmax,100,0.4935483870967742,0.4594594594594595,0.85,0.1268744000699371
8,0.00025,16,Softmax,300,0.4935483870967742,0.4594594594594595,0.85,0.1306797000579536
8,0.00025,16,Softmax,500,0.4935483870967742,0.4594594594594595,0.85,0.11084809992462397
8,0.00025,16,Softmax,1000,0.4935483870967742,0.4594594594594595,0.85,0.10167980007827282
8,0.00025,32,ReLU,50,0.4754838709677419,0.47386309564271634,0.7611111111111111,0.14272979996167123
8,0.00025,32,ReLU,100,0.4754838709677419,0.47386309564271634,0.7611111111111111,0.13151320000179112
8,0.00025,32,ReLU,300,0.4754838709677419,0.47386309564271634,0.7611111111111111,0.14096909994259477
8,0.00025,32,ReLU,500,0.4754838709677419,0.47386309564271634,0.7611111111111111,0.13158829999156296
8,0.00025,32,ReLU,1000,0.4754838709677419,0.47386309564271634,0.7611111111111111,0.13457120000384748
8,0.00025,32,Tanh,50,0.47419354838709676,0.44954128440366975,0.8166666666666667,0.08137699984945357
8,0.00025,32,Tanh,100,0.47419354838709676,0.44954128440366975,0.8166666666666667,0.07813959987834096
8,0.00025,32,Tanh,300,0.47419354838709676,0.44954128440366975,0.8166666666666667,0.07996010011993349
8,0.00025,32,Tanh,500,0.47419354838709676,0.44954128440366975,0.8166666666666667,0.09030880010686815
8,0.00025,32,Tanh,1000,0.47419354838709676,0.44954128440366975,0.8166666666666667,0.07907709991559386
8,0.00025,32,Sigmoid,50,0.4935483870967742,0.4594594594594595,0.85,0.08319060015492141
8,0.00025,32,Sigmoid,100,0.4935483870967742,0.4594594594594595,0.85,0.07831740006804466
8,0.00025,32,Sigmoid,300,0.4935483870967742,0.4594594594594595,0.85,0.0677674999460578
8,0.00025,32,Sigmoid,500,0.4935483870967742,0.4594594594594595,0.85,0.06903059990145266
8,0.00025,32,Sigmoid,1000,0.4935483870967742,0.4594594594594595,0.85,0.07931829988956451
8,0.00025,32,GELU,50,0.4754838709677419,0.47386309564271634,0.7611111111111111,0.12134690000675619
8,0.00025,32,GELU,100,0.4754838709677419,0.47386309564271634,0.7611111111111111,0.09994350001215935
8,0.00025,32,GELU,300,0.4754838709677419,0.47386309564271634,0.7611111111111111,0.10945499991066754
8,0.00025,32,GELU,500,0.4754838709677419,0.47386309564271634,0.7611111111111111,0.11950940010137856
8,0.00025,32,GELU,1000,0.4754838709677419,0.47386309564271634,0.7611111111111111,0.10824239999055862
8,0.00025,32,Softmax,50,0.4935483870967742,0.4594594594594595,0.85,0.0690733001101762
8,0.00025,32,Softmax,100,0.4935483870967742,0.4594594594594595,0.85,0.07917889999225736
8,0.00025,32,Softmax,300,0.4935483870967742,0.4594594594594595,0.85,0.07014000019989908
8,0.00025,32,Softmax,500,0.4935483870967742,0.4594594594594595,0.85,0.06895409990102053
8,0.00025,32,Softmax,1000,0.4935483870967742,0.4594594594594595,0.85,0.07938869995996356
8,0.00025,64,ReLU,50,0.4529032258064516,0.4553376906318083,0.7222222222222222,0.0573959001339972
8,0.00025,64,ReLU,100,0.4529032258064516,0.4553376906318083,0.7222222222222222,0.05759029998444021
8,0.00025,64,ReLU,300,0.4529032258064516,0.4553376906318083,0.7222222222222222,0.07890750002115965
8,0.00025,64,ReLU,500,0.4529032258064516,0.4553376906318083,0.7222222222222222,0.05691429995931685
8,0.00025,64,ReLU,1000,0.4529032258064516,0.4553376906318083,0.7222222222222222,0.06811780016869307
8,0.00025,64,Tanh,50,0.47419354838709676,0.44954128440366975,0.8166666666666667,0.057401000056415796
8,0.00025,64,Tanh,100,0.47419354838709676,0.44954128440366975,0.8166666666666667,0.056832300033420324
8,0.00025,64,Tanh,300,0.47419354838709676,0.44954128440366975,0.8166666666666667,0.06728420010767877
8,0.00025,64,Tanh,500,0.47419354838709676,0.44954128440366975,0.8166666666666667,0.0577398999594152
8,0.00025,64,Tanh,1000,0.47419354838709676,0.44954128440366975,0.8166666666666667,0.058827999979257584
8,0.00025,64,Sigmoid,50,0.4935483870967742,0.4594594594594595,0.85,0.05723619996570051
8,0.00025,64,Sigmoid,100,0.4935483870967742,0.4594594594594595,0.85,0.0694792999420315
8,0.00025,64,Sigmoid,300,0.4935483870967742,0.4594594594594595,0.85,0.06551300012506545
8,0.00025,64,Sigmoid,500,0.4935483870967742,0.4594594594594595,0.85,0.12286929995752871
8,0.00025,64,Sigmoid,1000,0.4935483870967742,0.4594594594594595,0.85,0.1308500999584794
8,0.00025,64,GELU,50,0.4529032258064516,0.4553376906318083,0.7222222222222222,0.12694120011292398
8,0.00025,64,GELU,100,0.4529032258064516,0.4553376906318083,0.7222222222222222,0.1079502000939101
8,0.00025,64,GELU,300,0.4529032258064516,0.4553376906318083,0.7222222222222222,0.10713259992189705
8,0.00025,64,GELU,500,0.4529032258064516,0.4553376906318083,0.7222222222222222,0.1326236999593675
8,0.00025,64,GELU,1000,0.4529032258064516,0.4553376906318083,0.7222222222222222,0.10959000000730157
8,0.00025,64,Softmax,50,0.4935483870967742,0.4594594594594595,0.85,0.10236170003190637
8,0.00025,64,Softmax,100,0.4935483870967742,0.4594594594594595,0.85,0.09550030017271638
8,0.00025,64,Softmax,300,0.4935483870967742,0.4594594594594595,0.85,0.11695929989218712
8,0.00025,64,Softmax,500,0.4935483870967742,0.4594594594594595,0.85,0.13431170000694692
8,0.00025,64,Softmax,1000,0.4935483870967742,0.4594594594594595,0.85,0.16848809993825853
8,0.00025,128,ReLU,50,0.4729032258064516,0.47421758569299555,0.7277777777777777,0.14796660002321005
8,0.00025,128,ReLU,100,0.4729032258064516,0.47421758569299555,0.7277777777777777,0.11755560012534261
8,0.00025,128,ReLU,300,0.4729032258064516,0.47421758569299555,0.7277777777777777,0.11229309998452663
8,0.00025,128,ReLU,500,0.4729032258064516,0.47421758569299555,0.7277777777777777,0.11602899990975857
8,0.00025,128,ReLU,1000,0.4729032258064516,0.47421758569299555,0.7277777777777777,0.11055339989252388
8,0.00025,128,Tanh,50,0.47419354838709676,0.44954128440366975,0.8166666666666667,0.10026360000483692
8,0.00025,128,Tanh,100,0.47419354838709676,0.44954128440366975,0.8166666666666667,0.09823689982295036
8,0.00025,128,Tanh,300,0.47419354838709676,0.44954128440366975,0.8166666666666667,0.0990837998688221
8,0.00025,128,Tanh,500,0.47419354838709676,0.44954128440366975,0.8166666666666667,0.10119820013642311
8,0.00025,128,Tanh,1000,0.47419354838709676,0.44954128440366975,0.8166666666666667,0.10184499993920326
8,0.00025,128,Sigmoid,50,0.49032258064516127,0.4578313253012048,0.8444444444444444,0.19059320003725588
8,0.00025,128,Sigmoid,100,0.49032258064516127,0.4578313253012048,0.8444444444444444,0.12214320013299584
8,0.00025,128,Sigmoid,300,0.49032258064516127,0.4578313253012048,0.8444444444444444,0.11214450001716614
8,0.00025,128,Sigmoid,500,0.49032258064516127,0.4578313253012048,0.8444444444444444,0.13402029988355935
8,0.00025,128,Sigmoid,1000,0.49032258064516127,0.4578313253012048,0.8444444444444444,0.13178459997288883
8,0.00025,128,GELU,50,0.4729032258064516,0.47421758569299555,0.7277777777777777,0.18634480005130172
8,0.00025,128,GELU,100,0.4729032258064516,0.47421758569299555,0.7277777777777777,0.12191709992475808
8,0.00025,128,GELU,300,0.4729032258064516,0.47421758569299555,0.7277777777777777,0.11866539996117353
8,0.00025,128,GELU,500,0.4729032258064516,0.47421758569299555,0.7277777777777777,0.11568340007215738
8,0.00025,128,GELU,1000,0.4729032258064516,0.47421758569299555,0.7277777777777777,0.11242399993352592
8,0.00025,128,Softmax,50,0.49032258064516127,0.4578313253012048,0.8444444444444444,0.10446930001489818
8,0.00025,128,Softmax,100,0.49032258064516127,0.4578313253012048,0.8444444444444444,0.11377490009181201
8,0.00025,128,Softmax,300,0.49032258064516127,0.4578313253012048,0.8444444444444444,0.12621870008297265
8,0.00025,128,Softmax,500,0.49032258064516127,0.4578313253012048,0.8444444444444444,0.10927579994313419
8,0.00025,128,Softmax,1000,0.49032258064516127,0.4578313253012048,0.8444444444444444,0.12060250015929341
16,0.01,8,ReLU,50,0.4935483870967742,0.4594594594594595,0.85,0.40899659995920956
16,0.01,8,ReLU,100,0.4935483870967742,0.4594594594594595,0.85,0.3114699001889676
16,0.01,8,ReLU,300,0.4935483870967742,0.4594594594594595,0.85,0.20584499998949468
16,0.01,8,ReLU,500,0.4935483870967742,0.4594594594594595,0.85,0.2439818000420928
16,0.01,8,ReLU,1000,0.4935483870967742,0.4594594594594595,0.85,0.4178245000075549
16,0.01,8,Tanh,50,0.5335483870967742,0.5312011667882071,0.8611111111111112,0.3575642998330295
16,0.01,8,Tanh,100,0.5335483870967742,0.5312011667882071,0.8611111111111112,0.5072200000286102
16,0.01,8,Tanh,300,0.5335483870967742,0.5312011667882071,0.8611111111111112,0.3379347000736743
16,0.01,8,Tanh,500,0.5335483870967742,0.5312011667882071,0.8611111111111112,0.38092759996652603
16,0.01,8,Tanh,1000,0.5335483870967742,0.5312011667882071,0.8611111111111112,0.372143599903211
16,0.01,8,Sigmoid,50,0.5,0.4626865671641791,0.8611111111111112,0.582224799785763
16,0.01,8,Sigmoid,100,0.5,0.4626865671641791,0.8611111111111112,0.4271581000648439
16,0.01,8,Sigmoid,300,0.5,0.4626865671641791,0.8611111111111112,0.3760077999904752
16,0.01,8,Sigmoid,500,0.5,0.4626865671641791,0.8611111111111112,0.47143549984321
16,0.01,8,Sigmoid,1000,0.5,0.4626865671641791,0.8611111111111112,0.49475019983947277
16,0.01,8,GELU,50,0.4935483870967742,0.4594594594594595,0.85,0.39267910015769303
16,0.01,8,GELU,100,0.4935483870967742,0.4594594594594595,0.85,0.2936790999956429
16,0.01,8,GELU,300,0.4935483870967742,0.4594594594594595,0.85,0.23885570000857115
16,0.01,8,GELU,500,0.4935483870967742,0.4594594594594595,0.85,0.23200369998812675
16,0.01,8,GELU,1000,0.4935483870967742,0.4594594594594595,0.85,0.1835769999306649
16,0.01,8,Softmax,50,0.5,0.4626865671641791,0.8611111111111112,0.2669911999255419
16,0.01,8,Softmax,100,0.5,0.4626865671641791,0.8611111111111112,0.3258404000662267
16,0.01,8,Softmax,300,0.5,0.4626865671641791,0.8611111111111112,0.3815552999731153
16,0.01,8,Softmax,500,0.5,0.4626865671641791,0.8611111111111112,0.3553907999303192
16,0.01,8,Softmax,1000,0.5,0.4626865671641791,0.8611111111111112,0.3930901999119669
16,0.01,16,ReLU,50,0.4935483870967742,0.4594594594594595,0.85,0.23309849994257092
16,0.01,16,ReLU,100,0.4935483870967742,0.4594594594594595,0.85,0.23156560002826154
16,0.01,16,ReLU,300,0.4935483870967742,0.4594594594594595,0.85,0.20344020007178187
16,0.01,16,ReLU,500,0.4935483870967742,0.4594594594594595,0.85,0.2379681000020355
16,0.01,16,ReLU,1000,0.4935483870967742,0.4594594594594595,0.85,0.21917380020022392
16,0.01,16,Tanh,50,0.5335483870967742,0.5312011667882071,0.8611111111111112,0.24075370002537966
16,0.01,16,Tanh,100,0.5335483870967742,0.5312011667882071,0.8611111111111112,0.2801453999709338
16,0.01,16,Tanh,300,0.5335483870967742,0.5312011667882071,0.8611111111111112,0.27152499998919666
16,0.01,16,Tanh,500,0.5335483870967742,0.5312011667882071,0.8611111111111112,0.1838847000617534
16,0.01,16,Tanh,1000,0.5335483870967742,0.5312011667882071,0.8611111111111112,0.1854180998634547
16,0.01,16,Sigmoid,50,0.5,0.4626865671641791,0.8611111111111112,0.1542127002030611
16,0.01,16,Sigmoid,100,0.5,0.4626865671641791,0.8611111111111112,0.17466489993967116
16,0.01,16,Sigmoid,300,0.5,0.4626865671641791,0.8611111111111112,0.1961201000958681
16,0.01,16,Sigmoid,500,0.5,0.4626865671641791,0.8611111111111112,0.19403419992886484
16,0.01,16,Sigmoid,1000,0.5,0.4626865671641791,0.8611111111111112,0.17563589988276362
16,0.01,16,GELU,50,0.4935483870967742,0.4594594594594595,0.85,0.20790259982459247
16,0.01,16,GELU,100,0.4935483870967742,0.4594594594594595,0.85,0.15143910003826022
16,0.01,16,GELU,300,0.4935483870967742,0.4594594594594595,0.85,0.1385066001676023
16,0.01,16,GELU,500,0.4935483870967742,0.4594594594594595,0.85,0.13182360003702343
16,0.01,16,GELU,1000,0.4935483870967742,0.4594594594594595,0.85,0.10007989988662302
16,0.01,16,Softmax,50,0.5,0.4626865671641791,0.8611111111111112,0.08315219986252487
16,0.01,16,Softmax,100,0.5,0.4626865671641791,0.8611111111111112,0.16677629994228482
16,0.01,16,Softmax,300,0.5,0.4626865671641791,0.8611111111111112,0.20671309996396303
16,0.01,16,Softmax,500,0.5,0.4626865671641791,0.8611111111111112,0.2319062000606209
16,0.01,16,Softmax,1000,0.5,0.4626865671641791,0.8611111111111112,0.21290149982087314
16,0.01,32,ReLU,50,0.4935483870967742,0.4594594594594595,0.85,0.14220000011846423
16,0.01,32,ReLU,100,0.4935483870967742,0.4594594594594595,0.85,0.14174689981155097
16,0.01,32,ReLU,300,0.4935483870967742,0.4594594594594595,0.85,0.1101069999858737
16,0.01,32,ReLU,500,0.4935483870967742,0.4594594594594595,0.85,0.13921270007267594
16,0.01,32,ReLU,1000,0.4935483870967742,0.4594594594594595,0.85,0.10447919997386634
16,0.01,32,Tanh,50,0.5367741935483871,0.5352839931153184,0.8666666666666667,0.16162909986451268
16,0.01,32,Tanh,100,0.5367741935483871,0.5352839931153184,0.8666666666666667,0.15708329994231462
16,0.01,32,Tanh,300,0.5367741935483871,0.5352839931153184,0.8666666666666667,0.13293000007979572
16,0.01,32,Tanh,500,0.5367741935483871,0.5352839931153184,0.8666666666666667,0.14142299978993833
16,0.01,32,Tanh,1000,0.5367741935483871,0.5352839931153184,0.8666666666666667,0.13833159999921918
16,0.01,32,Sigmoid,50,0.5,0.4626865671641791,0.8611111111111112,0.1349402000196278
16,0.01,32,Sigmoid,100,0.5,0.4626865671641791,0.8611111111111112,0.16935969982296228
16,0.01,32,Sigmoid,300,0.5,0.4626865671641791,0.8611111111111112,0.1622964001726359
16,0.01,32,Sigmoid,500,0.5,0.4626865671641791,0.8611111111111112,0.13058479991741478
16,0.01,32,Sigmoid,1000,0.5,0.4626865671641791,0.8611111111111112,0.1389227998442948
16,0.01,32,GELU,50,0.4935483870967742,0.4594594594594595,0.85,0.13470939989201725
16,0.01,32,GELU,100,0.4935483870967742,0.4594594594594595,0.85,0.13816080009564757
16,0.01,32,GELU,300,0.4935483870967742,0.4594594594594595,0.85,0.12799689988605678
16,0.01,32,GELU,500,0.4935483870967742,0.4594594594594595,0.85,0.14005319983698428
16,0.01,32,GELU,1000,0.4935483870967742,0.4594594594594595,0.85,0.14230570010840893
16,0.01,32,Softmax,50,0.5,0.4626865671641791,0.8611111111111112,0.1249132000375539
16,0.01,32,Softmax,100,0.5,0.4626865671641791,0.8611111111111112,0.13428290002048016
16,0.01,32,Softmax,300,0.5,0.4626865671641791,0.8611111111111112,0.12479280005209148
16,0.01,32,Softmax,500,0.5,0.4626865671641791,0.8611111111111112,0.14144890010356903
16,0.01,32,Softmax,1000,0.5,0.4626865671641791,0.8611111111111112,0.1674297999124974
16,0.01,64,ReLU,50,0.4935483870967742,0.4594594594594595,0.85,0.12894219998270273
16,0.01,64,ReLU,100,0.4935483870967742,0.4594594594594595,0.85,0.13858740008436143
16,0.01,64,ReLU,300,0.4935483870967742,0.4594594594594595,0.85,0.1207330001052469
16,0.01,64,ReLU,500,0.4935483870967742,0.4594594594594595,0.85,0.10933660017326474
16,0.01,64,ReLU,1000,0.4935483870967742,0.4594594594594595,0.85,0.09010179992765188
16,0.01,64,Tanh,50,0.5103225806451612,0.4936972601312637,0.85,0.10696049989201128
16,0.01,64,Tanh,100,0.5103225806451612,0.4936972601312637,0.85,0.10090760001912713
16,0.01,64,Tanh,300,0.5103225806451612,0.4936972601312637,0.85,0.07329429988749325
16,0.01,64,Tanh,500,0.5103225806451612,0.4936972601312637,0.85,0.06392350001260638
16,0.01,64,Tanh,1000,0.5103225806451612,0.4936972601312637,0.85,0.07022150000557303
16,0.01,64,Sigmoid,50,0.4870967741935484,0.4561933534743202,0.8388888888888889,0.05966709996573627
16,0.01,64,Sigmoid,100,0.4870967741935484,0.4561933534743202,0.8388888888888889,0.05791720002889633
16,0.01,64,Sigmoid,300,0.4870967741935484,0.4561933534743202,0.8388888888888889,0.05822580005042255
16,0.01,64,Sigmoid,500,0.4870967741935484,0.4561933534743202,0.8388888888888889,0.05830519995652139
16,0.01,64,Sigmoid,1000,0.4870967741935484,0.4561933534743202,0.8388888888888889,0.07425920013338327
16,0.01,64,GELU,50,0.4935483870967742,0.4594594594594595,0.85,0.14256489998660982
16,0.01,64,GELU,100,0.4935483870967742,0.4594594594594595,0.85,0.20597780006937683
16,0.01,64,GELU,300,0.4935483870967742,0.4594594594594595,0.85,0.1838444999884814
16,0.01,64,GELU,500,0.4935483870967742,0.4594594594594595,0.85,0.11871500010602176
16,0.01,64,GELU,1000,0.4935483870967742,0.4594594594594595,0.85,0.13494989997707307
16,0.01,64,Softmax,50,0.4870967741935484,0.4561933534743202,0.8388888888888889,0.14420010009780526
16,0.01,64,Softmax,100,0.4870967741935484,0.4561933534743202,0.8388888888888889,0.12339860014617443
16,0.01,64,Softmax,300,0.4870967741935484,0.4561933534743202,0.8388888888888889,0.10332660004496574
16,0.01,64,Softmax,500,0.4870967741935484,0.4561933534743202,0.8388888888888889,0.11762319994159043
16,0.01,64,Softmax,1000,0.4870967741935484,0.4561933534743202,0.8388888888888889,0.09834150015376508
16,0.01,128,ReLU,50,0.49032258064516127,0.4578313253012048,0.8444444444444444,0.09473229991272092
16,0.01,128,ReLU,100,0.49032258064516127,0.4578313253012048,0.8444444444444444,0.08664139988832176
16,0.01,128,ReLU,300,0.49032258064516127,0.4578313253012048,0.8444444444444444,0.08910569990985096
16,0.01,128,ReLU,500,0.49032258064516127,0.4578313253012048,0.8444444444444444,0.09999529994092882
16,0.01,128,ReLU,1000,0.49032258064516127,0.4578313253012048,0.8444444444444444,0.1331391001585871
16,0.01,128,Tanh,50,0.49032258064516127,0.4578313253012048,0.8444444444444444,0.1251870000269264
16,0.01,128,Tanh,100,0.49032258064516127,0.4578313253012048,0.8444444444444444,0.08493070001713932
16,0.01,128,Tanh,300,0.49032258064516127,0.4578313253012048,0.8444444444444444,0.08875070000067353
16,0.01,128,Tanh,500,0.49032258064516127,0.4578313253012048,0.8444444444444444,0.12608620012179017
16,0.01,128,Tanh,1000,0.49032258064516127,0.4578313253012048,0.8444444444444444,0.11913240002468228
16,0.01,128,Sigmoid,50,0.5,0.4626865671641791,0.8611111111111112,0.08883249992504716
16,0.01,128,Sigmoid,100,0.5,0.4626865671641791,0.8611111111111112,0.10615690005943179
16,0.01,128,Sigmoid,300,0.5,0.4626865671641791,0.8611111111111112,0.09019949985668063
16,0.01,128,Sigmoid,500,0.5,0.4626865671641791,0.8611111111111112,0.0900436001829803
16,0.01,128,Sigmoid,1000,0.5,0.4626865671641791,0.8611111111111112,0.0933995998930186
16,0.01,128,GELU,50,0.49032258064516127,0.4578313253012048,0.8444444444444444,0.09093350009061396
16,0.01,128,GELU,100,0.49032258064516127,0.4578313253012048,0.8444444444444444,0.0880231000483036
16,0.01,128,GELU,300,0.49032258064516127,0.4578313253012048,0.8444444444444444,0.09528100001625717
16,0.01,128,GELU,500,0.49032258064516127,0.4578313253012048,0.8444444444444444,0.09772390010766685
16,0.01,128,GELU,1000,0.49032258064516127,0.4578313253012048,0.8444444444444444,0.11455449997447431
16,0.01,128,Softmax,50,0.5,0.4626865671641791,0.8611111111111112,0.09634849987924099
16,0.01,128,Softmax,100,0.5,0.4626865671641791,0.8611111111111112,0.11621939996257424
16,0.01,128,Softmax,300,0.5,0.4626865671641791,0.8611111111111112,0.09932389995083213
16,0.01,128,Softmax,500,0.5,0.4626865671641791,0.8611111111111112,0.10283310012891889
16,0.01,128,Softmax,1000,0.5,0.4626865671641791,0.8611111111111112,0.10001960000954568
16,0.001,8,ReLU,50,0.49032258064516127,0.4578313253012048,0.8444444444444444,0.28775679995305836
16,0.001,8,ReLU,100,0.49032258064516127,0.4578313253012048,0.8444444444444444,0.280174900079146
16,0.001,8,ReLU,300,0.49032258064516127,0.4578313253012048,0.8444444444444444,0.2773779002018273
16,0.001,8,ReLU,500,0.49032258064516127,0.4578313253012048,0.8444444444444444,0.2603459998499602
16,0.001,8,ReLU,1000,0.49032258064516127,0.4578313253012048,0.8444444444444444,0.22409509983845055
16,0.001,8,Tanh,50,0.5070967741935484,0.4909090909090909,0.8444444444444444,0.16421020007692277
16,0.001,8,Tanh,100,0.5070967741935484,0.4909090909090909,0.8444444444444444,0.22847339999862015
16,0.001,8,Tanh,300,0.5070967741935484,0.4909090909090909,0.8444444444444444,0.29632359999231994
16,0.001,8,Tanh,500,0.5070967741935484,0.4909090909090909,0.8444444444444444,0.2875984001439065
16,0.001,8,Tanh,1000,0.5070967741935484,0.4909090909090909,0.8444444444444444,0.25275169988162816
16,0.001,8,Sigmoid,50,0.5,0.4626865671641791,0.8611111111111112,0.2752161999233067
16,0.001,8,Sigmoid,100,0.5,0.4626865671641791,0.8611111111111112,0.2878761999309063
16,0.001,8,Sigmoid,300,0.5,0.4626865671641791,0.8611111111111112,0.2634372999891639
16,0.001,8,Sigmoid,500,0.5,0.4626865671641791,0.8611111111111112,0.2651875000447035
16,0.001,8,Sigmoid,1000,0.5,0.4626865671641791,0.8611111111111112,0.25828279997222126
16,0.001,8,GELU,50,0.49032258064516127,0.4578313253012048,0.8444444444444444,0.30135570000857115
16,0.001,8,GELU,100,0.49032258064516127,0.4578313253012048,0.8444444444444444,0.3385748998261988
16,0.001,8,GELU,300,0.49032258064516127,0.4578313253012048,0.8444444444444444,0.39963570004329085
16,0.001,8,GELU,500,0.49032258064516127,0.4578313253012048,0.8444444444444444,0.2836317999754101
16,0.001,8,GELU,1000,0.49032258064516127,0.4578313253012048,0.8444444444444444,0.2925923999864608
16,0.001,8,Softmax,50,0.5,0.4626865671641791,0.8611111111111112,0.2382231999654323
16,0.001,8,Softmax,100,0.5,0.4626865671641791,0.8611111111111112,0.23839499987661839
16,0.001,8,Softmax,300,0.5,0.4626865671641791,0.8611111111111112,0.30697839986532927
16,0.001,8,Softmax,500,0.5,0.4626865671641791,0.8611111111111112,0.2610671001020819
16,0.001,8,Softmax,1000,0.5,0.4626865671641791,0.8611111111111112,0.25494499993510544
16,0.001,16,ReLU,50,0.4870967741935484,0.4561933534743202,0.8388888888888889,0.23795609991066158
16,0.001,16,ReLU,100,0.4870967741935484,0.4561933534743202,0.8388888888888889,0.1822947000619024
16,0.001,16,ReLU,300,0.4870967741935484,0.4561933534743202,0.8388888888888889,0.1655876999720931
16,0.001,16,ReLU,500,0.4870967741935484,0.4561933534743202,0.8388888888888889,0.1531506001483649
16,0.001,16,ReLU,1000,0.4870967741935484,0.4561933534743202,0.8388888888888889,0.1511484000366181
16,0.001,16,Tanh,50,0.4870967741935484,0.4561933534743202,0.8388888888888889,0.11138380016200244
16,0.001,16,Tanh,100,0.4870967741935484,0.4561933534743202,0.8388888888888889,0.11192609998397529
16,0.001,16,Tanh,300,0.4870967741935484,0.4561933534743202,0.8388888888888889,0.23567919991910458
16,0.001,16,Tanh,500,0.4870967741935484,0.4561933534743202,0.8388888888888889,0.20942420000210404
16,0.001,16,Tanh,1000,0.4870967741935484,0.4561933534743202,0.8388888888888889,0.2246580000501126
16,0.001,16,Sigmoid,50,0.49032258064516127,0.4578313253012048,0.8444444444444444,0.21791459992527962
16,0.001,16,Sigmoid,100,0.49032258064516127,0.4578313253012048,0.8444444444444444,0.22894619987346232
16,0.001,16,Sigmoid,300,0.49032258064516127,0.4578313253012048,0.8444444444444444,0.22058980003930628
16,0.001,16,Sigmoid,500,0.49032258064516127,0.4578313253012048,0.8444444444444444,0.2900278000161052
16,0.001,16,Sigmoid,1000,0.49032258064516127,0.4578313253012048,0.8444444444444444,0.1707287000026554
16,0.001,16,GELU,50,0.4870967741935484,0.4561933534743202,0.8388888888888889,0.26820260006934404
16,0.001,16,GELU,100,0.4870967741935484,0.4561933534743202,0.8388888888888889,0.30865650018677115
16,0.001,16,GELU,300,0.4870967741935484,0.4561933534743202,0.8388888888888889,0.25436039990745485
16,0.001,16,GELU,500,0.4870967741935484,0.4561933534743202,0.8388888888888889,0.2091895998455584
16,0.001,16,GELU,1000,0.4870967741935484,0.4561933534743202,0.8388888888888889,0.26757639995776117
16,0.001,16,Softmax,50,0.49032258064516127,0.4578313253012048,0.8444444444444444,0.22333150007762015
16,0.001,16,Softmax,100,0.49032258064516127,0.4578313253012048,0.8444444444444444,0.1720652999356389
16,0.001,16,Softmax,300,0.49032258064516127,0.4578313253012048,0.8444444444444444,0.22938450006768107
16,0.001,16,Softmax,500,0.49032258064516127,0.4578313253012048,0.8444444444444444,0.2067370000295341
16,0.001,16,Softmax,1000,0.49032258064516127,0.4578313253012048,0.8444444444444444,0.25045070005580783
16,0.001,32,ReLU,50,0.4870967741935484,0.4561933534743202,0.8388888888888889,0.1936909998767078
16,0.001,32,ReLU,100,0.4870967741935484,0.4561933534743202,0.8388888888888889,0.23016070015728474
16,0.001,32,ReLU,300,0.4870967741935484,0.4561933534743202,0.8388888888888889,0.27676220005378127
16,0.001,32,ReLU,500,0.4870967741935484,0.4561933534743202,0.8388888888888889,0.22501710010692477
16,0.001,32,ReLU,1000,0.4870967741935484,0.4561933534743202,0.8388888888888889,0.331557699944824
16,0.001,32,Tanh,50,0.5006451612903225,0.48551829268292684,0.8333333333333334,0.19797530001960695
16,0.001,32,Tanh,100,0.5006451612903225,0.48551829268292684,0.8333333333333334,0.11921850009821355
16,0.001,32,Tanh,300,0.5006451612903225,0.48551829268292684,0.8333333333333334,0.09480719990096986
16,0.001,32,Tanh,500,0.5006451612903225,0.48551829268292684,0.8333333333333334,0.09015940013341606
16,0.001,32,Tanh,1000,0.5006451612903225,0.48551829268292684,0.8333333333333334,0.07998759998008609
16,0.001,32,Sigmoid,50,0.4870967741935484,0.4561933534743202,0.8388888888888889,0.06883659982122481
16,0.001,32,Sigmoid,100,0.4870967741935484,0.4561933534743202,0.8388888888888889,0.08946770010516047
16,0.001,32,Sigmoid,300,0.4870967741935484,0.4561933534743202,0.8388888888888889,0.07982020010240376
16,0.001,32,Sigmoid,500,0.4870967741935484,0.4561933534743202,0.8388888888888889,0.07936470001004636
16,0.001,32,Sigmoid,1000,0.4870967741935484,0.4561933534743202,0.8388888888888889,0.11189220007508993
16,0.001,32,GELU,50,0.4870967741935484,0.4561933534743202,0.8388888888888889,0.12274040002375841
16,0.001,32,GELU,100,0.4870967741935484,0.4561933534743202,0.8388888888888889,0.10972069995477796
16,0.001,32,GELU,300,0.4870967741935484,0.4561933534743202,0.8388888888888889,0.27704429998993874
16,0.001,32,GELU,500,0.4870967741935484,0.4561933534743202,0.8388888888888889,0.2280947999097407
16,0.001,32,GELU,1000,0.4870967741935484,0.4561933534743202,0.8388888888888889,0.2065872000530362
16,0.001,32,Softmax,50,0.4870967741935484,0.4561933534743202,0.8388888888888889,0.17712990008294582
16,0.001,32,Softmax,100,0.4870967741935484,0.4561933534743202,0.8388888888888889,0.27089680009521544
16,0.001,32,Softmax,300,0.4870967741935484,0.4561933534743202,0.8388888888888889,0.18585169990547
16,0.001,32,Softmax,500,0.4870967741935484,0.4561933534743202,0.8388888888888889,0.22636440000496805
16,0.001,32,Softmax,1000,0.4870967741935484,0.4561933534743202,0.8388888888888889,0.19699959992431104
16,0.001,64,ReLU,50,0.4845161290322581,0.4728474604635595,0.8055555555555556,0.22931429999880493
16,0.001,64,ReLU,100,0.4845161290322581,0.4728474604635595,0.8055555555555556,0.20753960008732975
16,0.001,64,ReLU,300,0.4845161290322581,0.4728474604635595,0.8055555555555556,0.2176305998582393
16,0.001,64,ReLU,500,0.4845161290322581,0.4728474604635595,0.8055555555555556,0.20479929982684553
16,0.001,64,ReLU,1000,0.4845161290322581,0.4728474604635595,0.8055555555555556,0.2330587999895215
16,0.001,64,Tanh,50,0.4941935483870968,0.48033201010465537,0.8222222222222222,0.13697119988501072
16,0.001,64,Tanh,100,0.4941935483870968,0.48033201010465537,0.8222222222222222,0.17207690002396703
16,0.001,64,Tanh,300,0.4941935483870968,0.48033201010465537,0.8222222222222222,0.19736910006031394
16,0.001,64,Tanh,500,0.4941935483870968,0.48033201010465537,0.8222222222222222,0.1610342999920249
16,0.001,64,Tanh,1000,0.4941935483870968,0.48033201010465537,0.8222222222222222,0.13020029990002513
16,0.001,64,Sigmoid,50,0.4838709677419355,0.45454545454545453,0.8333333333333334,0.17486099991947412
16,0.001,64,Sigmoid,100,0.4838709677419355,0.45454545454545453,0.8333333333333334,0.1711952001787722
16,0.001,64,Sigmoid,300,0.4838709677419355,0.45454545454545453,0.8333333333333334,0.19314280012622476
16,0.001,64,Sigmoid,500,0.4838709677419355,0.45454545454545453,0.8333333333333334,0.17019629990682006
16,0.001,64,Sigmoid,1000,0.4838709677419355,0.45454545454545453,0.8333333333333334,0.19879939989186823
16,0.001,64,GELU,50,0.4845161290322581,0.4728474604635595,0.8055555555555556,0.21764899999834597
16,0.001,64,GELU,100,0.4845161290322581,0.4728474604635595,0.8055555555555556,0.17926000012084842
16,0.001,64,GELU,300,0.4845161290322581,0.4728474604635595,0.8055555555555556,0.21590709988959134
16,0.001,64,GELU,500,0.4845161290322581,0.4728474604635595,0.8055555555555556,0.16256630001589656
16,0.001,64,GELU,1000,0.4845161290322581,0.4728474604635595,0.8055555555555556,0.13631500001065433
16,0.001,64,Softmax,50,0.4838709677419355,0.45454545454545453,0.8333333333333334,0.08697129995562136
16,0.001,64,Softmax,100,0.4838709677419355,0.45454545454545453,0.8333333333333334,0.07995250006206334
16,0.001,64,Softmax,300,0.4838709677419355,0.45454545454545453,0.8333333333333334,0.08103849994949996
16,0.001,64,Softmax,500,0.4838709677419355,0.45454545454545453,0.8333333333333334,0.0790820000693202
16,0.001,64,Softmax,1000,0.4838709677419355,0.45454545454545453,0.8333333333333334,0.06835739989764988
16,0.001,128,ReLU,50,0.512258064516129,0.512258064516129,0.7666666666666667,0.06835189997218549
16,0.001,128,ReLU,100,0.512258064516129,0.512258064516129,0.7666666666666667,0.18458290002308786
16,0.001,128,ReLU,300,0.512258064516129,0.512258064516129,0.7666666666666667,0.1849413998425007
16,0.001,128,ReLU,500,0.512258064516129,0.512258064516129,0.7666666666666667,0.20930300001055002
16,0.001,128,ReLU,1000,0.512258064516129,0.512258064516129,0.7666666666666667,0.19594589993357658
16,0.001,128,Tanh,50,0.5045161290322581,0.4998365478914678,0.8111111111111111,0.13312010001391172
16,0.001,128,Tanh,100,0.5045161290322581,0.4998365478914678,0.8111111111111111,0.15814929991029203
16,0.001,128,Tanh,300,0.5045161290322581,0.4998365478914678,0.8111111111111111,0.1543735999148339
16,0.001,128,Tanh,500,0.5045161290322581,0.4998365478914678,0.8111111111111111,0.12118010013364255
16,0.001,128,Tanh,1000,0.5045161290322581,0.4998365478914678,0.8111111111111111,0.14092830009758472
16,0.001,128,Sigmoid,50,0.4838709677419355,0.45454545454545453,0.8333333333333334,0.15150349983014166
16,0.001,128,Sigmoid,100,0.4838709677419355,0.45454545454545453,0.8333333333333334,0.17704549990594387
16,0.001,128,Sigmoid,300,0.4838709677419355,0.45454545454545453,0.8333333333333334,0.21667479979805648
16,0.001,128,Sigmoid,500,0.4838709677419355,0.45454545454545453,0.8333333333333334,0.1404245998710394
16,0.001,128,Sigmoid,1000,0.4838709677419355,0.45454545454545453,0.8333333333333334,0.19085629982873797
16,0.001,128,GELU,50,0.512258064516129,0.512258064516129,0.7666666666666667,0.17152970004826784
16,0.001,128,GELU,100,0.512258064516129,0.512258064516129,0.7666666666666667,0.16734670009464025
16,0.001,128,GELU,300,0.512258064516129,0.512258064516129,0.7666666666666667,0.18273549992591143
16,0.001,128,GELU,500,0.512258064516129,0.512258064516129,0.7666666666666667,0.16547010000795126
16,0.001,128,GELU,1000,0.512258064516129,0.512258064516129,0.7666666666666667,0.15356219979003072
16,0.001,128,Softmax,50,0.4838709677419355,0.45454545454545453,0.8333333333333334,0.11937449988909066
16,0.001,128,Softmax,100,0.4838709677419355,0.45454545454545453,0.8333333333333334,0.14362030010670424
16,0.001,128,Softmax,300,0.4838709677419355,0.45454545454545453,0.8333333333333334,0.21437840000726283
16,0.001,128,Softmax,500,0.4838709677419355,0.45454545454545453,0.8333333333333334,0.17447199998423457
16,0.001,128,Softmax,1000,0.4838709677419355,0.45454545454545453,0.8333333333333334,0.1721059000119567
16,0.0001,8,ReLU,50,0.5019354838709678,0.4788559396385331,0.6333333333333333,0.6346169000025839
16,0.0001,8,ReLU,100,0.5019354838709678,0.4788559396385331,0.6333333333333333,0.5045721000060439
16,0.0001,8,ReLU,300,0.5019354838709678,0.4788559396385331,0.6333333333333333,0.3417629001196474
16,0.0001,8,ReLU,500,0.5019354838709678,0.4788559396385331,0.6333333333333333,0.43502130010165274
16,0.0001,8,ReLU,1000,0.5019354838709678,0.4788559396385331,0.6333333333333333,0.5118731001857668
16,0.0001,8,Tanh,50,0.48258064516129034,0.48301698301698304,0.7444444444444445,0.38321839994750917
16,0.0001,8,Tanh,100,0.48258064516129034,0.48301698301698304,0.7444444444444445,0.4638376999646425
16,0.0001,8,Tanh,300,0.48258064516129034,0.48301698301698304,0.7444444444444445,0.4753765999339521
16,0.0001,8,Tanh,500,0.48258064516129034,0.48301698301698304,0.7444444444444445,0.4036071998998523
16,0.0001,8,Tanh,1000,0.48258064516129034,0.48301698301698304,0.7444444444444445,0.3860088000074029
16,0.0001,8,Sigmoid,50,0.4806451612903226,0.45288753799392095,0.8277777777777777,0.6427056000102311
16,0.0001,8,Sigmoid,100,0.4806451612903226,0.45288753799392095,0.8277777777777777,0.5618886998854578
16,0.0001,8,Sigmoid,300,0.4806451612903226,0.45288753799392095,0.8277777777777777,0.5149507001042366
16,0.0001,8,Sigmoid,500,0.4806451612903226,0.45288753799392095,0.8277777777777777,0.5217331000603735
16,0.0001,8,Sigmoid,1000,0.4806451612903226,0.45288753799392095,0.8277777777777777,0.26341999997384846
16,0.0001,8,GELU,50,0.5019354838709678,0.4788559396385331,0.6333333333333333,0.2762329999823123
16,0.0001,8,GELU,100,0.5019354838709678,0.4788559396385331,0.6333333333333333,0.5481086000800133
16,0.0001,8,GELU,300,0.5019354838709678,0.4788559396385331,0.6333333333333333,0.5643209998961538
16,0.0001,8,GELU,500,0.5019354838709678,0.4788559396385331,0.6333333333333333,0.5368077999446541
16,0.0001,8,GELU,1000,0.5019354838709678,0.4788559396385331,0.6333333333333333,0.4416145998984575
16,0.0001,8,Softmax,50,0.4806451612903226,0.45288753799392095,0.8277777777777777,0.6729031999129802
16,0.0001,8,Softmax,100,0.4806451612903226,0.45288753799392095,0.8277777777777777,0.5095848999917507
16,0.0001,8,Softmax,300,0.4806451612903226,0.45288753799392095,0.8277777777777777,0.47355289990082383
16,0.0001,8,Softmax,500,0.4806451612903226,0.45288753799392095,0.8277777777777777,0.7074164999648929
16,0.0001,8,Softmax,1000,0.4806451612903226,0.45288753799392095,0.8277777777777777,0.5632335001137108
16,0.0001,16,ReLU,50,0.48580645161290326,0.4619173929518757,0.6055555555555555,0.23971049999818206
16,0.0001,16,ReLU,100,0.48580645161290326,0.4619173929518757,0.6055555555555555,0.21834299992769957
16,0.0001,16,ReLU,300,0.48580645161290326,0.4619173929518757,0.6055555555555555,0.16284499992616475
16,0.0001,16,ReLU,500,0.48580645161290326,0.4619173929518757,0.6055555555555555,0.14266999997198582
16,0.0001,16,ReLU,1000,0.48580645161290326,0.4619173929518757,0.6055555555555555,0.13159030000679195
16,0.0001,16,Tanh,50,0.48258064516129034,0.48301698301698304,0.7444444444444445,0.13573049986734986
16,0.0001,16,Tanh,100,0.48258064516129034,0.48301698301698304,0.7444444444444445,0.20668850000947714
16,0.0001,16,Tanh,300,0.48258064516129034,0.48301698301698304,0.7444444444444445,0.216002999804914
16,0.0001,16,Tanh,500,0.48258064516129034,0.48301698301698304,0.7444444444444445,0.17296879994682968
16,0.0001,16,Tanh,1000,0.48258064516129034,0.48301698301698304,0.7444444444444445,0.2230746999848634
16,0.0001,16,Sigmoid,50,0.49677419354838714,0.27554179566563464,0.2777777777777778,0.3968194001354277
16,0.0001,16,Sigmoid,100,0.49677419354838714,0.27554179566563464,0.2777777777777778,0.29480309993959963
16,0.0001,16,Sigmoid,300,0.49677419354838714,0.27554179566563464,0.2777777777777778,0.3634962001815438
16,0.0001,16,Sigmoid,500,0.49677419354838714,0.27554179566563464,0.2777777777777778,0.39379230001941323
16,0.0001,16,Sigmoid,1000,0.49677419354838714,0.27554179566563464,0.2777777777777778,0.3485902000684291
16,0.0001,16,GELU,50,0.48580645161290326,0.4619173929518757,0.6055555555555555,0.31905040005221963
16,0.0001,16,GELU,100,0.48580645161290326,0.4619173929518757,0.6055555555555555,0.2572288999799639
16,0.0001,16,GELU,300,0.48580645161290326,0.4619173929518757,0.6055555555555555,0.25692040007561445
16,0.0001,16,GELU,500,0.48580645161290326,0.4619173929518757,0.6055555555555555,0.28708350006490946
16,0.0001,16,GELU,1000,0.48580645161290326,0.4619173929518757,0.6055555555555555,0.24914939980953932
16,0.0001,16,Softmax,50,0.49677419354838714,0.27554179566563464,0.2777777777777778,0.49646189995110035
16,0.0001,16,Softmax,100,0.49677419354838714,0.27554179566563464,0.2777777777777778,0.43500329996459186
16,0.0001,16,Softmax,300,0.49677419354838714,0.27554179566563464,0.2777777777777778,0.3568219000007957
16,0.0001,16,Softmax,500,0.49677419354838714,0.27554179566563464,0.2777777777777778,0.2828581999056041
16,0.0001,16,Softmax,1000,0.49677419354838714,0.27554179566563464,0.2777777777777778,0.21998320007696748
16,0.0001,32,ReLU,50,0.5129032258064516,0.47082276187024286,0.5944444444444444,0.10812049987725914
16,0.0001,32,ReLU,100,0.5129032258064516,0.47082276187024286,0.5944444444444444,0.10041370010003448
16,0.0001,32,ReLU,300,0.5129032258064516,0.47082276187024286,0.5944444444444444,0.09289560001343489
16,0.0001,32,ReLU,500,0.5129032258064516,0.47082276187024286,0.5944444444444444,0.10069360001944005
16,0.0001,32,ReLU,1000,0.5129032258064516,0.47082276187024286,0.5944444444444444,0.10651780012995005
16,0.0001,32,Tanh,50,0.47935483870967743,0.48005654231454736,0.7388888888888889,0.21796609996818006
16,0.0001,32,Tanh,100,0.47935483870967743,0.48005654231454736,0.7388888888888889,0.1979548002127558
16,0.0001,32,Tanh,300,0.47935483870967743,0.48005654231454736,0.7388888888888889,0.1666918999981135
16,0.0001,32,Tanh,500,0.47935483870967743,0.48005654231454736,0.7388888888888889,0.17432909994386137
16,0.0001,32,Tanh,1000,0.47935483870967743,0.48005654231454736,0.7388888888888889,0.19419130007736385
16,0.0001,32,Sigmoid,50,0.5,0.12195121951219512,0.1388888888888889,0.15956329996697605
16,0.0001,32,Sigmoid,100,0.5,0.12195121951219512,0.1388888888888889,0.14245139993727207
16,0.0001,32,Sigmoid,300,0.5,0.12195121951219512,0.1388888888888889,0.17272879998199642
16,0.0001,32,Sigmoid,500,0.5,0.12195121951219512,0.1388888888888889,0.17421910003758967
16,0.0001,32,Sigmoid,1000,0.5,0.12195121951219512,0.1388888888888889,0.10960320010781288
16,0.0001,32,GELU,50,0.5129032258064516,0.47082276187024286,0.5944444444444444,0.18938730005174875
16,0.0001,32,GELU,100,0.5129032258064516,0.47082276187024286,0.5944444444444444,0.1724683998618275
16,0.0001,32,GELU,300,0.5129032258064516,0.47082276187024286,0.5944444444444444,0.22101110010407865
16,0.0001,32,GELU,500,0.5129032258064516,0.47082276187024286,0.5944444444444444,0.18134519993327558
16,0.0001,32,GELU,1000,0.5129032258064516,0.47082276187024286,0.5944444444444444,0.15952439978718758
16,0.0001,32,Softmax,50,0.5,0.12195121951219512,0.1388888888888889,0.128426400013268
16,0.0001,32,Softmax,100,0.5,0.12195121951219512,0.1388888888888889,0.10381529992446303
16,0.0001,32,Softmax,300,0.5,0.12195121951219512,0.1388888888888889,0.15746530005708337
16,0.0001,32,Softmax,500,0.5,0.12195121951219512,0.1388888888888889,0.16848549991846085
16,0.0001,32,Softmax,1000,0.5,0.12195121951219512,0.1388888888888889,0.14069929998368025
16,0.0001,64,ReLU,50,0.5129032258064516,0.47082276187024286,0.5944444444444444,0.16362900007516146
16,0.0001,64,ReLU,100,0.5129032258064516,0.47082276187024286,0.5944444444444444,0.15119590004906058
16,0.0001,64,ReLU,300,0.5129032258064516,0.47082276187024286,0.5944444444444444,0.1614268000703305
16,0.0001,64,ReLU,500,0.5129032258064516,0.47082276187024286,0.5944444444444444,0.1539078000932932
16,0.0001,64,ReLU,1000,0.5129032258064516,0.47082276187024286,0.5944444444444444,0.18967660004273057
16,0.0001,64,Tanh,50,0.49612903225806454,0.49567809239940386,0.7388888888888889,0.1241818000562489
16,0.0001,64,Tanh,100,0.49612903225806454,0.49567809239940386,0.7388888888888889,0.14582159998826683
16,0.0001,64,Tanh,300,0.49612903225806454,0.49567809239940386,0.7388888888888889,0.11455469997599721
16,0.0001,64,Tanh,500,0.49612903225806454,0.49567809239940386,0.7388888888888889,0.13783390005119145
16,0.0001,64,Tanh,1000,0.49612903225806454,0.49567809239940386,0.7388888888888889,0.15468460018746555
16,0.0001,64,Sigmoid,50,0.5,0.12195121951219512,0.1388888888888889,0.1242332998663187
16,0.0001,64,Sigmoid,100,0.5,0.12195121951219512,0.1388888888888889,0.09440910001285374
16,0.0001,64,Sigmoid,300,0.5,0.12195121951219512,0.1388888888888889,0.11593890003859997
16,0.0001,64,Sigmoid,500,0.5,0.12195121951219512,0.1388888888888889,0.11275029997341335
16,0.0001,64,Sigmoid,1000,0.5,0.12195121951219512,0.1388888888888889,0.09885900001972914
16,0.0001,64,GELU,50,0.5129032258064516,0.47082276187024286,0.5944444444444444,0.1317751999013126
16,0.0001,64,GELU,100,0.5129032258064516,0.47082276187024286,0.5944444444444444,0.09580100001767278
16,0.0001,64,GELU,300,0.5129032258064516,0.47082276187024286,0.5944444444444444,0.0937506000045687
16,0.0001,64,GELU,500,0.5129032258064516,0.47082276187024286,0.5944444444444444,0.07851879997178912
16,0.0001,64,GELU,1000,0.5129032258064516,0.47082276187024286,0.5944444444444444,0.0685175999533385
16,0.0001,64,Softmax,50,0.5,0.12195121951219512,0.1388888888888889,0.046702099964022636
16,0.0001,64,Softmax,100,0.5,0.12195121951219512,0.1388888888888889,0.04806499998085201
16,0.0001,64,Softmax,300,0.5,0.12195121951219512,0.1388888888888889,0.04738050000742078
16,0.0001,64,Softmax,500,0.5,0.12195121951219512,0.1388888888888889,0.04860540013760328
16,0.0001,64,Softmax,1000,0.5,0.12195121951219512,0.1388888888888889,0.059086899971589446
16,0.0001,128,ReLU,50,0.5135483870967742,0.45999999999999996,0.5666666666666667,0.09409180004149675
16,0.0001,128,ReLU,100,0.5135483870967742,0.45999999999999996,0.5666666666666667,0.10417940001934767
16,0.0001,128,ReLU,300,0.5135483870967742,0.45999999999999996,0.5666666666666667,0.13014100003056228
16,0.0001,128,ReLU,500,0.5135483870967742,0.45999999999999996,0.5666666666666667,0.11419430002570152
16,0.0001,128,ReLU,1000,0.5135483870967742,0.45999999999999996,0.5666666666666667,0.11060769995674491
16,0.0001,128,Tanh,50,0.49290322580645163,0.49248120300751874,0.7333333333333333,0.13708739983849227
16,0.0001,128,Tanh,100,0.49290322580645163,0.49248120300751874,0.7333333333333333,0.14085219986736774
16,0.0001,128,Tanh,300,0.49290322580645163,0.49248120300751874,0.7333333333333333,0.15646440000273287
16,0.0001,128,Tanh,500,0.49290322580645163,0.49248120300751874,0.7333333333333333,0.11436780006624758
16,0.0001,128,Tanh,1000,0.49290322580645163,0.49248120300751874,0.7333333333333333,0.12804599991068244
16,0.0001,128,Sigmoid,50,0.5,0.12195121951219512,0.1388888888888889,0.11248600017279387
16,0.0001,128,Sigmoid,100,0.5,0.12195121951219512,0.1388888888888889,0.10502970009110868
16,0.0001,128,Sigmoid,300,0.5,0.12195121951219512,0.1388888888888889,0.10123409982770681
16,0.0001,128,Sigmoid,500,0.5,0.12195121951219512,0.1388888888888889,0.09789129998534918
16,0.0001,128,Sigmoid,1000,0.5,0.12195121951219512,0.1388888888888889,0.11513400007970631
16,0.0001,128,GELU,50,0.5135483870967742,0.45999999999999996,0.5666666666666667,0.09649659995920956
16,0.0001,128,GELU,100,0.5135483870967742,0.45999999999999996,0.5666666666666667,0.1041937000118196
16,0.0001,128,GELU,300,0.5135483870967742,0.45999999999999996,0.5666666666666667,0.11460040020756423
16,0.0001,128,GELU,500,0.5135483870967742,0.45999999999999996,0.5666666666666667,0.1281280000694096
16,0.0001,128,GELU,1000,0.5135483870967742,0.45999999999999996,0.5666666666666667,0.12243290012702346
16,0.0001,128,Softmax,50,0.5,0.12195121951219512,0.1388888888888889,0.10855869995430112
16,0.0001,128,Softmax,100,0.5,0.12195121951219512,0.1388888888888889,0.1287803000304848
16,0.0001,128,Softmax,300,0.5,0.12195121951219512,0.1388888888888889,0.11597289983183146
16,0.0001,128,Softmax,500,0.5,0.12195121951219512,0.1388888888888889,0.11611900012940168
16,0.0001,128,Softmax,1000,0.5,0.12195121951219512,0.1388888888888889,0.10925199999473989
16,0.00025,8,ReLU,50,0.4812903225806452,0.47041516835567176,0.8,0.5947799999266863
16,0.00025,8,ReLU,100,0.4812903225806452,0.47041516835567176,0.8,0.6989921000786126
16,0.00025,8,ReLU,300,0.4812903225806452,0.47041516835567176,0.8,0.5404482998419553
16,0.00025,8,ReLU,500,0.4812903225806452,0.47041516835567176,0.8,0.5371387999039143
16,0.00025,8,ReLU,1000,0.4812903225806452,0.47041516835567176,0.8,0.49773230007849634
16,0.00025,8,Tanh,50,0.5109677419354839,0.5061728395061729,0.8222222222222222,0.23311050003394485
16,0.00025,8,Tanh,100,0.5109677419354839,0.5061728395061729,0.8222222222222222,0.21966190007515252
16,0.00025,8,Tanh,300,0.5109677419354839,0.5061728395061729,0.8222222222222222,0.18401150009594858
16,0.00025,8,Tanh,500,0.5109677419354839,0.5061728395061729,0.8222222222222222,0.3969232002273202
16,0.00025,8,Tanh,1000,0.5109677419354839,0.5061728395061729,0.8222222222222222,0.39054119982756674
16,0.00025,8,Sigmoid,50,0.4838709677419355,0.45454545454545453,0.8333333333333334,0.4671492001507431
16,0.00025,8,Sigmoid,100,0.4838709677419355,0.45454545454545453,0.8333333333333334,0.4388839998282492
16,0.00025,8,Sigmoid,300,0.4838709677419355,0.45454545454545453,0.8333333333333334,0.35431759990751743
16,0.00025,8,Sigmoid,500,0.4838709677419355,0.45454545454545453,0.8333333333333334,0.38898739987052977
16,0.00025,8,Sigmoid,1000,0.4838709677419355,0.45454545454545453,0.8333333333333334,0.6586054000072181
16,0.00025,8,GELU,50,0.4812903225806452,0.47041516835567176,0.8,0.47648760001175106
16,0.00025,8,GELU,100,0.4812903225806452,0.47041516835567176,0.8,0.5120943000074476
16,0.00025,8,GELU,300,0.4812903225806452,0.47041516835567176,0.8,0.5010471001733094
16,0.00025,8,GELU,500,0.4812903225806452,0.47041516835567176,0.8,0.5299653999973089
16,0.00025,8,GELU,1000,0.4812903225806452,0.47041516835567176,0.8,0.4109460001345724
16,0.00025,8,Softmax,50,0.4838709677419355,0.45454545454545453,0.8333333333333334,0.21924769994802773
16,0.00025,8,Softmax,100,0.4838709677419355,0.45454545454545453,0.8333333333333334,0.19466169993393123
16,0.00025,8,Softmax,300,0.4838709677419355,0.45454545454545453,0.8333333333333334,0.18525400012731552
16,0.00025,8,Softmax,500,0.4838709677419355,0.45454545454545453,0.8333333333333334,0.18437439994886518
16,0.00025,8,Softmax,1000,0.4838709677419355,0.45454545454545453,0.8333333333333334,0.24345250008627772
16,0.00025,16,ReLU,50,0.5174193548387097,0.503448275862069,0.6888888888888889,0.31058729998767376
16,0.00025,16,ReLU,100,0.5174193548387097,0.503448275862069,0.6888888888888889,0.2910072000231594
16,0.00025,16,ReLU,300,0.5174193548387097,0.503448275862069,0.6888888888888889,0.2735437999945134
16,0.00025,16,ReLU,500,0.5174193548387097,0.503448275862069,0.6888888888888889,0.33845070004463196
16,0.00025,16,ReLU,1000,0.5174193548387097,0.503448275862069,0.6888888888888889,0.3706635001581162
16,0.00025,16,Tanh,50,0.48193548387096774,0.4793650793650794,0.7722222222222223,0.24855290004052222
16,0.00025,16,Tanh,100,0.48193548387096774,0.4793650793650794,0.7722222222222223,0.23940319987013936
16,0.00025,16,Tanh,300,0.48193548387096774,0.4793650793650794,0.7722222222222223,0.21017129998654127
16,0.00025,16,Tanh,500,0.48193548387096774,0.4793650793650794,0.7722222222222223,0.18874459993094206
16,0.00025,16,Tanh,1000,0.48193548387096774,0.4793650793650794,0.7722222222222223,0.1979012000374496
16,0.00025,16,Sigmoid,50,0.4806451612903226,0.45288753799392095,0.8277777777777777,0.4115536001045257
16,0.00025,16,Sigmoid,100,0.4806451612903226,0.45288753799392095,0.8277777777777777,0.3214254998601973
16,0.00025,16,Sigmoid,300,0.4806451612903226,0.45288753799392095,0.8277777777777777,0.2657856000587344
16,0.00025,16,Sigmoid,500,0.4806451612903226,0.45288753799392095,0.8277777777777777,0.29147349996492267
16,0.00025,16,Sigmoid,1000,0.4806451612903226,0.45288753799392095,0.8277777777777777,0.26808040007017553
16,0.00025,16,GELU,50,0.5174193548387097,0.503448275862069,0.6888888888888889,0.30250119999982417
16,0.00025,16,GELU,100,0.5174193548387097,0.503448275862069,0.6888888888888889,0.31840099999681115
16,0.00025,16,GELU,300,0.5174193548387097,0.503448275862069,0.6888888888888889,0.23574719997122884
16,0.00025,16,GELU,500,0.5174193548387097,0.503448275862069,0.6888888888888889,0.17274939990602434
16,0.00025,16,GELU,1000,0.5174193548387097,0.503448275862069,0.6888888888888889,0.16222109994851053
16,0.00025,16,Softmax,50,0.4806451612903226,0.45288753799392095,0.8277777777777777,0.13190199993550777
16,0.00025,16,Softmax,100,0.4806451612903226,0.45288753799392095,0.8277777777777777,0.18700010003522038
16,0.00025,16,Softmax,300,0.4806451612903226,0.45288753799392095,0.8277777777777777,0.2732136999256909
16,0.00025,16,Softmax,500,0.4806451612903226,0.45288753799392095,0.8277777777777777,0.34994479990564287
16,0.00025,16,Softmax,1000,0.4806451612903226,0.45288753799392095,0.8277777777777777,0.29093130002729595
16,0.00025,32,ReLU,50,0.47870967741935483,0.4630636953851553,0.6222222222222222,0.21512720012106
16,0.00025,32,ReLU,100,0.47870967741935483,0.4630636953851553,0.6222222222222222,0.173733500065282
16,0.00025,32,ReLU,300,0.47870967741935483,0.4630636953851553,0.6222222222222222,0.19292599987238646
16,0.00025,32,ReLU,500,0.47870967741935483,0.4630636953851553,0.6222222222222222,0.19943809998221695
16,0.00025,32,ReLU,1000,0.47870967741935483,0.4630636953851553,0.6222222222222222,0.2398006001021713
16,0.00025,32,Tanh,50,0.48258064516129034,0.48301698301698304,0.7444444444444445,0.18956209998577833
16,0.00025,32,Tanh,100,0.48258064516129034,0.48301698301698304,0.7444444444444445,0.19113009981811047
16,0.00025,32,Tanh,300,0.48258064516129034,0.48301698301698304,0.7444444444444445,0.19456960004754364
16,0.00025,32,Tanh,500,0.48258064516129034,0.48301698301698304,0.7444444444444445,0.16416580020450056
16,0.00025,32,Tanh,1000,0.48258064516129034,0.48301698301698304,0.7444444444444445,0.15043809986673295
16,0.00025,32,Sigmoid,50,0.49548387096774194,0.4951923076923077,0.7666666666666667,0.2931025999132544
16,0.00025,32,Sigmoid,100,0.49548387096774194,0.4951923076923077,0.7666666666666667,0.30090349982492626
16,0.00025,32,Sigmoid,300,0.49548387096774194,0.4951923076923077,0.7666666666666667,0.27061289991252124
16,0.00025,32,Sigmoid,500,0.49548387096774194,0.4951923076923077,0.7666666666666667,0.3434005999006331
16,0.00025,32,Sigmoid,1000,0.49548387096774194,0.4951923076923077,0.7666666666666667,0.2980981001164764
16,0.00025,32,GELU,50,0.47870967741935483,0.4630636953851553,0.6222222222222222,0.2374209000263363
16,0.00025,32,GELU,100,0.47870967741935483,0.4630636953851553,0.6222222222222222,0.21642030007205904
16,0.00025,32,GELU,300,0.47870967741935483,0.4630636953851553,0.6222222222222222,0.2205593001563102
16,0.00025,32,GELU,500,0.47870967741935483,0.4630636953851553,0.6222222222222222,0.14766349992714822
16,0.00025,32,GELU,1000,0.47870967741935483,0.4630636953851553,0.6222222222222222,0.13181779999285936
16,0.00025,32,Softmax,50,0.49548387096774194,0.4951923076923077,0.7666666666666667,0.16413920000195503
16,0.00025,32,Softmax,100,0.49548387096774194,0.4951923076923077,0.7666666666666667,0.29514030017890036
16,0.00025,32,Softmax,300,0.49548387096774194,0.4951923076923077,0.7666666666666667,0.4339006000664085
16,0.00025,32,Softmax,500,0.49548387096774194,0.4951923076923077,0.7666666666666667,0.2535402998328209
16,0.00025,32,Softmax,1000,0.49548387096774194,0.4951923076923077,0.7666666666666667,0.27548500010743737
16,0.00025,64,ReLU,50,0.4825806451612903,0.4585561497326204,0.6,0.15736720012500882
16,0.00025,64,ReLU,100,0.4825806451612903,0.4585561497326204,0.6,0.18028740002773702
16,0.00025,64,ReLU,300,0.4825806451612903,0.4585561497326204,0.6,0.21754220011644065
16,0.00025,64,ReLU,500,0.4825806451612903,0.4585561497326204,0.6,0.23230539984069765
16,0.00025,64,ReLU,1000,0.4825806451612903,0.4585561497326204,0.6,0.1363895998802036
16,0.00025,64,Tanh,50,0.47935483870967743,0.48005654231454736,0.7388888888888889,0.14564529992640018
16,0.00025,64,Tanh,100,0.47935483870967743,0.48005654231454736,0.7388888888888889,0.1300556999631226
16,0.00025,64,Tanh,300,0.47935483870967743,0.48005654231454736,0.7388888888888889,0.1272152999881655
16,0.00025,64,Tanh,500,0.47935483870967743,0.48005654231454736,0.7388888888888889,0.12751600006595254
16,0.00025,64,Tanh,1000,0.47935483870967743,0.48005654231454736,0.7388888888888889,0.12334050005301833
16,0.00025,64,Sigmoid,50,0.49677419354838714,0.27554179566563464,0.2777777777777778,0.17736679990775883
16,0.00025,64,Sigmoid,100,0.49677419354838714,0.27554179566563464,0.2777777777777778,0.1737108000088483
16,0.00025,64,Sigmoid,300,0.49677419354838714,0.27554179566563464,0.2777777777777778,0.16674789995886385
16,0.00025,64,Sigmoid,500,0.49677419354838714,0.27554179566563464,0.2777777777777778,0.17267769994214177
16,0.00025,64,Sigmoid,1000,0.49677419354838714,0.27554179566563464,0.2777777777777778,0.23109379992820323
16,0.00025,64,GELU,50,0.4825806451612903,0.4585561497326204,0.6,0.15542849991470575
16,0.00025,64,GELU,100,0.4825806451612903,0.4585561497326204,0.6,0.14357780013233423
16,0.00025,64,GELU,300,0.4825806451612903,0.4585561497326204,0.6,0.1350906000006944
16,0.00025,64,GELU,500,0.4825806451612903,0.4585561497326204,0.6,0.12630439992062747
16,0.00025,64,GELU,1000,0.4825806451612903,0.4585561497326204,0.6,0.13443899992853403
16,0.00025,64,Softmax,50,0.49677419354838714,0.27554179566563464,0.2777777777777778,0.1710860999301076
16,0.00025,64,Softmax,100,0.49677419354838714,0.27554179566563464,0.2777777777777778,0.1835292000323534
16,0.00025,64,Softmax,300,0.49677419354838714,0.27554179566563464,0.2777777777777778,0.13844090001657605
16,0.00025,64,Softmax,500,0.49677419354838714,0.27554179566563464,0.2777777777777778,0.12730060005560517
16,0.00025,64,Softmax,1000,0.49677419354838714,0.27554179566563464,0.2777777777777778,0.12178980000317097
16,0.00025,128,ReLU,50,0.4961290322580645,0.46321336655909146,0.5944444444444444,0.07324080006219447
16,0.00025,128,ReLU,100,0.4961290322580645,0.46321336655909146,0.5944444444444444,0.060922899981960654
16,0.00025,128,ReLU,300,0.4961290322580645,0.46321336655909146,0.5944444444444444,0.06532159983180463
16,0.00025,128,ReLU,500,0.4961290322580645,0.46321336655909146,0.5944444444444444,0.16267140000127256
16,0.00025,128,ReLU,1000,0.4961290322580645,0.46321336655909146,0.5944444444444444,0.12407979997806251
16,0.00025,128,Tanh,50,0.48258064516129034,0.48301698301698304,0.7444444444444445,0.11440089996904135
16,0.00025,128,Tanh,100,0.48258064516129034,0.48301698301698304,0.7444444444444445,0.12230450008064508
16,0.00025,128,Tanh,300,0.48258064516129034,0.48301698301698304,0.7444444444444445,0.10310130007565022
16,0.00025,128,Tanh,500,0.48258064516129034,0.48301698301698304,0.7444444444444445,0.10763170011341572
16,0.00025,128,Tanh,1000,0.48258064516129034,0.48301698301698304,0.7444444444444445,0.11890960019081831
16,0.00025,128,Sigmoid,50,0.5,0.12195121951219512,0.1388888888888889,0.09171239985153079
16,0.00025,128,Sigmoid,100,0.5,0.12195121951219512,0.1388888888888889,0.10079320007935166
16,0.00025,128,Sigmoid,300,0.5,0.12195121951219512,0.1388888888888889,0.0976784999947995
16,0.00025,128,Sigmoid,500,0.5,0.12195121951219512,0.1388888888888889,0.09453470003791153
16,0.00025,128,Sigmoid,1000,0.5,0.12195121951219512,0.1388888888888889,0.08971239998936653
16,0.00025,128,GELU,50,0.4961290322580645,0.46321336655909146,0.5944444444444444,0.12115980009548366
16,0.00025,128,GELU,100,0.4961290322580645,0.46321336655909146,0.5944444444444444,0.13455759990029037
16,0.00025,128,GELU,300,0.4961290322580645,0.46321336655909146,0.5944444444444444,0.14066749997437
16,0.00025,128,GELU,500,0.4961290322580645,0.46321336655909146,0.5944444444444444,0.12854059995152056
16,0.00025,128,GELU,1000,0.4961290322580645,0.46321336655909146,0.5944444444444444,0.13904469995759428
16,0.00025,128,Softmax,50,0.5,0.12195121951219512,0.1388888888888889,0.09916980005800724
16,0.00025,128,Softmax,100,0.5,0.12195121951219512,0.1388888888888889,0.08737249998375773
16,0.00025,128,Softmax,300,0.5,0.12195121951219512,0.1388888888888889,0.09956260002218187
16,0.00025,128,Softmax,500,0.5,0.12195121951219512,0.1388888888888889,0.08868220006115735
16,0.00025,128,Softmax,1000,0.5,0.12195121951219512,0.1388888888888889,0.09885009983554482
32,0.01,8,ReLU,50,0.5,0.4626865671641791,0.8611111111111112,0.2300974999088794
32,0.01,8,ReLU,100,0.5,0.4626865671641791,0.8611111111111112,0.2267157998867333
32,0.01,8,ReLU,300,0.5,0.4626865671641791,0.8611111111111112,0.311195399845019
32,0.01,8,ReLU,500,0.5,0.4626865671641791,0.8611111111111112,0.3415582000743598
32,0.01,8,ReLU,1000,0.5,0.4626865671641791,0.8611111111111112,0.29206599993631244
32,0.01,8,Tanh,50,0.5070967741935484,0.4909090909090909,0.8444444444444444,0.35157719999551773
32,0.01,8,Tanh,100,0.5070967741935484,0.4909090909090909,0.8444444444444444,0.2964327000081539
32,0.01,8,Tanh,300,0.5070967741935484,0.4909090909090909,0.8444444444444444,0.2614080000203103
32,0.01,8,Tanh,500,0.5070967741935484,0.4909090909090909,0.8444444444444444,0.18716800003312528
32,0.01,8,Tanh,1000,0.5070967741935484,0.4909090909090909,0.8444444444444444,0.21500359987840056
32,0.01,8,Sigmoid,50,0.4967741935483871,0.46107784431137727,0.8555555555555555,0.16902859997935593
32,0.01,8,Sigmoid,100,0.4967741935483871,0.46107784431137727,0.8555555555555555,0.22793080005794764
32,0.01,8,Sigmoid,300,0.4967741935483871,0.46107784431137727,0.8555555555555555,0.255370199913159
32,0.01,8,Sigmoid,500,0.4967741935483871,0.46107784431137727,0.8555555555555555,0.28671070002019405
32,0.01,8,Sigmoid,1000,0.4967741935483871,0.46107784431137727,0.8555555555555555,0.28819709992967546
32,0.01,8,GELU,50,0.5,0.4626865671641791,0.8611111111111112,0.35414469987154007
32,0.01,8,GELU,100,0.5,0.4626865671641791,0.8611111111111112,0.33820570004172623
32,0.01,8,GELU,300,0.5,0.4626865671641791,0.8611111111111112,0.3194274001289159
32,0.01,8,GELU,500,0.5,0.4626865671641791,0.8611111111111112,0.335208399919793
32,0.01,8,GELU,1000,0.5,0.4626865671641791,0.8611111111111112,0.30691369995474815
32,0.01,8,Softmax,50,0.4967741935483871,0.46107784431137727,0.8555555555555555,0.4192714001983404
32,0.01,8,Softmax,100,0.4967741935483871,0.46107784431137727,0.8555555555555555,0.31386390002444386
32,0.01,8,Softmax,300,0.4967741935483871,0.46107784431137727,0.8555555555555555,0.23579930001869798
32,0.01,8,Softmax,500,0.4967741935483871,0.46107784431137727,0.8555555555555555,0.29558999999426305
32,0.01,8,Softmax,1000,0.4967741935483871,0.46107784431137727,0.8555555555555555,0.2808451000601053
32,0.01,16,ReLU,50,0.5,0.4626865671641791,0.8611111111111112,0.21071000001393259
32,0.01,16,ReLU,100,0.5,0.4626865671641791,0.8611111111111112,0.24843199993483722
32,0.01,16,ReLU,300,0.5,0.4626865671641791,0.8611111111111112,0.21657380019314587
32,0.01,16,ReLU,500,0.5,0.4626865671641791,0.8611111111111112,0.18262650002725422
32,0.01,16,ReLU,1000,0.5,0.4626865671641791,0.8611111111111112,0.13843069993890822
32,0.01,16,Tanh,50,0.49032258064516127,0.4578313253012048,0.8444444444444444,0.13808159995824099
32,0.01,16,Tanh,100,0.49032258064516127,0.4578313253012048,0.8444444444444444,0.12077769986353815
32,0.01,16,Tanh,300,0.49032258064516127,0.4578313253012048,0.8444444444444444,0.11005170014686882
32,0.01,16,Tanh,500,0.49032258064516127,0.4578313253012048,0.8444444444444444,0.10746220010332763
32,0.01,16,Tanh,1000,0.49032258064516127,0.4578313253012048,0.8444444444444444,0.1201571999117732
32,0.01,16,Sigmoid,50,0.4967741935483871,0.46107784431137727,0.8555555555555555,0.2075684000737965
32,0.01,16,Sigmoid,100,0.4967741935483871,0.46107784431137727,0.8555555555555555,0.26483880006708205
32,0.01,16,Sigmoid,300,0.4967741935483871,0.46107784431137727,0.8555555555555555,0.2569446999114007
32,0.01,16,Sigmoid,500,0.4967741935483871,0.46107784431137727,0.8555555555555555,0.19406770006753504
32,0.01,16,Sigmoid,1000,0.4967741935483871,0.46107784431137727,0.8555555555555555,0.18954050005413592
32,0.01,16,GELU,50,0.5,0.4626865671641791,0.8611111111111112,0.21191120008006692
32,0.01,16,GELU,100,0.5,0.4626865671641791,0.8611111111111112,0.22186449985019863
32,0.01,16,GELU,300,0.5,0.4626865671641791,0.8611111111111112,0.20767589984461665
32,0.01,16,GELU,500,0.5,0.4626865671641791,0.8611111111111112,0.20567789999768138
32,0.01,16,GELU,1000,0.5,0.4626865671641791,0.8611111111111112,0.2253731000237167
32,0.01,16,Softmax,50,0.4967741935483871,0.46107784431137727,0.8555555555555555,0.21740620001219213
32,0.01,16,Softmax,100,0.4967741935483871,0.46107784431137727,0.8555555555555555,0.21736059989780188
32,0.01,16,Softmax,300,0.4967741935483871,0.46107784431137727,0.8555555555555555,0.158797400072217
32,0.01,16,Softmax,500,0.4967741935483871,0.46107784431137727,0.8555555555555555,0.21374309994280338
32,0.01,16,Softmax,1000,0.4967741935483871,0.46107784431137727,0.8555555555555555,0.20165179995819926
32,0.01,32,ReLU,50,0.5,0.4626865671641791,0.8611111111111112,0.11935589998029172
32,0.01,32,ReLU,100,0.5,0.4626865671641791,0.8611111111111112,0.12564119999296963
32,0.01,32,ReLU,300,0.5,0.4626865671641791,0.8611111111111112,0.13532450003549457
32,0.01,32,ReLU,500,0.5,0.4626865671641791,0.8611111111111112,0.17995029990561306
32,0.01,32,ReLU,1000,0.5,0.4626865671641791,0.8611111111111112,0.20554550015367568
32,0.01,32,Tanh,50,0.516774193548387,0.4994994994994995,0.8611111111111112,0.22377400007098913
32,0.01,32,Tanh,100,0.516774193548387,0.4994994994994995,0.8611111111111112,0.13332959986291826
32,0.01,32,Tanh,300,0.516774193548387,0.4994994994994995,0.8611111111111112,0.15095949987880886
32,0.01,32,Tanh,500,0.516774193548387,0.4994994994994995,0.8611111111111112,0.12760129990056157
32,0.01,32,Tanh,1000,0.516774193548387,0.4994994994994995,0.8611111111111112,0.1395029998384416
32,0.01,32,Sigmoid,50,0.5,0.4626865671641791,0.8611111111111112,0.11581930005922914
32,0.01,32,Sigmoid,100,0.5,0.4626865671641791,0.8611111111111112,0.12989700003527105
32,0.01,32,Sigmoid,300,0.5,0.4626865671641791,0.8611111111111112,0.1298038000240922
32,0.01,32,Sigmoid,500,0.5,0.4626865671641791,0.8611111111111112,0.11273619998246431
32,0.01,32,Sigmoid,1000,0.5,0.4626865671641791,0.8611111111111112,0.10930339992046356
32,0.01,32,GELU,50,0.5,0.4626865671641791,0.8611111111111112,0.12783780018799007
32,0.01,32,GELU,100,0.5,0.4626865671641791,0.8611111111111112,0.115680200047791
32,0.01,32,GELU,300,0.5,0.4626865671641791,0.8611111111111112,0.08432019990868866
32,0.01,32,GELU,500,0.5,0.4626865671641791,0.8611111111111112,0.08477999991737306
32,0.01,32,GELU,1000,0.5,0.4626865671641791,0.8611111111111112,0.07971740001812577
32,0.01,32,Softmax,50,0.5,0.4626865671641791,0.8611111111111112,0.06916529987938702
32,0.01,32,Softmax,100,0.5,0.4626865671641791,0.8611111111111112,0.06894499994814396
32,0.01,32,Softmax,300,0.5,0.4626865671641791,0.8611111111111112,0.057514699874445796
32,0.01,32,Softmax,500,0.5,0.4626865671641791,0.8611111111111112,0.05745710013434291
32,0.01,32,Softmax,1000,0.5,0.4626865671641791,0.8611111111111112,0.05785099999047816
32,0.01,64,ReLU,50,0.516774193548387,0.4994994994994995,0.8611111111111112,0.05904219998046756
32,0.01,64,ReLU,100,0.516774193548387,0.4994994994994995,0.8611111111111112,0.05678400001488626
32,0.01,64,ReLU,300,0.516774193548387,0.4994994994994995,0.8611111111111112,0.07220080005936325
32,0.01,64,ReLU,500,0.516774193548387,0.4994994994994995,0.8611111111111112,0.0924736000597477
32,0.01,64,ReLU,1000,0.516774193548387,0.4994994994994995,0.8611111111111112,0.10009349999018013
32,0.01,64,Tanh,50,0.516774193548387,0.4994994994994995,0.8611111111111112,0.10793330008164048
32,0.01,64,Tanh,100,0.516774193548387,0.4994994994994995,0.8611111111111112,0.10191570012830198
32,0.01,64,Tanh,300,0.516774193548387,0.4994994994994995,0.8611111111111112,0.11659170011989772
32,0.01,64,Tanh,500,0.516774193548387,0.4994994994994995,0.8611111111111112,0.13578919996507466
32,0.01,64,Tanh,1000,0.516774193548387,0.4994994994994995,0.8611111111111112,0.12320090015418828
32,0.01,64,Sigmoid,50,0.5,0.4626865671641791,0.8611111111111112,0.10666100005619228
32,0.01,64,Sigmoid,100,0.5,0.4626865671641791,0.8611111111111112,0.1110916999168694
32,0.01,64,Sigmoid,300,0.5,0.4626865671641791,0.8611111111111112,0.11424550018273294
32,0.01,64,Sigmoid,500,0.5,0.4626865671641791,0.8611111111111112,0.0953816999681294
32,0.01,64,Sigmoid,1000,0.5,0.4626865671641791,0.8611111111111112,0.08886280003935099
32,0.01,64,GELU,50,0.516774193548387,0.4994994994994995,0.8611111111111112,0.10821969993412495
32,0.01,64,GELU,100,0.516774193548387,0.4994994994994995,0.8611111111111112,0.10182000021450222
32,0.01,64,GELU,300,0.516774193548387,0.4994994994994995,0.8611111111111112,0.11496419995091856
32,0.01,64,GELU,500,0.516774193548387,0.4994994994994995,0.8611111111111112,0.10318039986304939
32,0.01,64,GELU,1000,0.516774193548387,0.4994994994994995,0.8611111111111112,0.125912900082767
32,0.01,64,Softmax,50,0.5,0.4626865671641791,0.8611111111111112,0.09934620000422001
32,0.01,64,Softmax,100,0.5,0.4626865671641791,0.8611111111111112,0.11164910020306706
32,0.01,64,Softmax,300,0.5,0.4626865671641791,0.8611111111111112,0.13207979989238083
32,0.01,64,Softmax,500,0.5,0.4626865671641791,0.8611111111111112,0.12759249983355403
32,0.01,64,Softmax,1000,0.5,0.4626865671641791,0.8611111111111112,0.128866899991408
32,0.01,128,ReLU,50,0.5070967741935484,0.4909090909090909,0.8444444444444444,0.09068270004354417
32,0.01,128,ReLU,100,0.5070967741935484,0.4909090909090909,0.8444444444444444,0.10433300002478063
32,0.01,128,ReLU,300,0.5070967741935484,0.4909090909090909,0.8444444444444444,0.0972138000652194
32,0.01,128,ReLU,500,0.5070967741935484,0.4909090909090909,0.8444444444444444,0.10447930009104311
32,0.01,128,ReLU,1000,0.5070967741935484,0.4909090909090909,0.8444444444444444,0.09342540008947253
32,0.01,128,Tanh,50,0.5103225806451612,0.4936972601312637,0.85,0.10955349984578788
32,0.01,128,Tanh,100,0.5103225806451612,0.4936972601312637,0.85,0.10863370005972683
32,0.01,128,Tanh,300,0.5103225806451612,0.4936972601312637,0.85,0.1270685000345111
32,0.01,128,Tanh,500,0.5103225806451612,0.4936972601312637,0.85,0.12732480000704527
32,0.01,128,Tanh,1000,0.5103225806451612,0.4936972601312637,0.85,0.12084640003740788
32,0.01,128,Sigmoid,50,0.5,0.4626865671641791,0.8611111111111112,0.10714829992502928
32,0.01,128,Sigmoid,100,0.5,0.4626865671641791,0.8611111111111112,0.15613250015303493
32,0.01,128,Sigmoid,300,0.5,0.4626865671641791,0.8611111111111112,0.13787360000424087
32,0.01,128,Sigmoid,500,0.5,0.4626865671641791,0.8611111111111112,0.11085990001447499
32,0.01,128,Sigmoid,1000,0.5,0.4626865671641791,0.8611111111111112,0.11327719991095364
32,0.01,128,GELU,50,0.5070967741935484,0.4909090909090909,0.8444444444444444,0.10852959984913468
32,0.01,128,GELU,100,0.5070967741935484,0.4909090909090909,0.8444444444444444,0.10326640005223453
32,0.01,128,GELU,300,0.5070967741935484,0.4909090909090909,0.8444444444444444,0.10743480012752116
32,0.01,128,GELU,500,0.5070967741935484,0.4909090909090909,0.8444444444444444,0.10329959983937442
32,0.01,128,GELU,1000,0.5070967741935484,0.4909090909090909,0.8444444444444444,0.09653689991682768
32,0.01,128,Softmax,50,0.5,0.4626865671641791,0.8611111111111112,0.10273490007966757
32,0.01,128,Softmax,100,0.5,0.4626865671641791,0.8611111111111112,0.09809049987234175
32,0.01,128,Softmax,300,0.5,0.4626865671641791,0.8611111111111112,0.09799159993417561
32,0.01,128,Softmax,500,0.5,0.4626865671641791,0.8611111111111112,0.07292019994929433
32,0.01,128,Softmax,1000,0.5,0.4626865671641791,0.8611111111111112,0.07717390009202063
32,0.001,8,ReLU,50,0.5341935483870968,0.5370370370370371,0.8333333333333334,0.1603461999911815
32,0.001,8,ReLU,100,0.5341935483870968,0.5370370370370371,0.8333333333333334,0.15343329985626042
32,0.001,8,ReLU,300,0.5341935483870968,0.5370370370370371,0.8333333333333334,0.14312949986197054
32,0.001,8,ReLU,500,0.5341935483870968,0.5370370370370371,0.8333333333333334,0.21630699979141355
32,0.001,8,ReLU,1000,0.5341935483870968,0.5370370370370371,0.8333333333333334,0.30139090004377067
32,0.001,8,Tanh,50,0.5070967741935484,0.4909090909090909,0.8444444444444444,0.2901647000107914
32,0.001,8,Tanh,100,0.5070967741935484,0.4909090909090909,0.8444444444444444,0.32808740017935634
32,0.001,8,Tanh,300,0.5070967741935484,0.4909090909090909,0.8444444444444444,0.39274020004086196
32,0.001,8,Tanh,500,0.5070967741935484,0.4909090909090909,0.8444444444444444,0.32515039993450046
32,0.001,8,Tanh,1000,0.5070967741935484,0.4909090909090909,0.8444444444444444,0.3459856000263244
32,0.001,8,Sigmoid,50,0.5,0.4626865671641791,0.8611111111111112,0.25049449992366135
32,0.001,8,Sigmoid,100,0.5,0.4626865671641791,0.8611111111111112,0.2533589000813663
32,0.001,8,Sigmoid,300,0.5,0.4626865671641791,0.8611111111111112,0.2364768001716584
32,0.001,8,Sigmoid,500,0.5,0.4626865671641791,0.8611111111111112,0.3621926000341773
32,0.001,8,Sigmoid,1000,0.5,0.4626865671641791,0.8611111111111112,0.4462117000948638
32,0.001,8,GELU,50,0.5341935483870968,0.5370370370370371,0.8333333333333334,0.2531446001958102
32,0.001,8,GELU,100,0.5341935483870968,0.5370370370370371,0.8333333333333334,0.30893720011226833
32,0.001,8,GELU,300,0.5341935483870968,0.5370370370370371,0.8333333333333334,0.2883164999075234
32,0.001,8,GELU,500,0.5341935483870968,0.5370370370370371,0.8333333333333334,0.2655225999187678
32,0.001,8,GELU,1000,0.5341935483870968,0.5370370370370371,0.8333333333333334,0.3067105000372976
32,0.001,8,Softmax,50,0.5,0.4626865671641791,0.8611111111111112,0.3224304001778364
32,0.001,8,Softmax,100,0.5,0.4626865671641791,0.8611111111111112,0.2397705998737365
32,0.001,8,Softmax,300,0.5,0.4626865671641791,0.8611111111111112,0.17802469991147518
32,0.001,8,Softmax,500,0.5,0.4626865671641791,0.8611111111111112,0.1666449001058936
32,0.001,8,Softmax,1000,0.5,0.4626865671641791,0.8611111111111112,0.1470407999586314
32,0.001,16,ReLU,50,0.5174193548387097,0.5128112594731143,0.8333333333333334,0.08871110016480088
32,0.001,16,ReLU,100,0.5174193548387097,0.5128112594731143,0.8333333333333334,0.08848119992762804
32,0.001,16,ReLU,300,0.5174193548387097,0.5128112594731143,0.8333333333333334,0.1294269000645727
32,0.001,16,ReLU,500,0.5174193548387097,0.5128112594731143,0.8333333333333334,0.18889640015549958
32,0.001,16,ReLU,1000,0.5174193548387097,0.5128112594731143,0.8333333333333334,0.20576649997383356
32,0.001,16,Tanh,50,0.49096774193548387,0.4778021978021978,0.8166666666666667,0.211773999966681
32,0.001,16,Tanh,100,0.49096774193548387,0.4778021978021978,0.8166666666666667,0.24702679994516075
32,0.001,16,Tanh,300,0.49096774193548387,0.4778021978021978,0.8166666666666667,0.19282419979572296
32,0.001,16,Tanh,500,0.49096774193548387,0.4778021978021978,0.8166666666666667,0.22095979982987046
32,0.001,16,Tanh,1000,0.49096774193548387,0.4778021978021978,0.8166666666666667,0.22304299985989928
32,0.001,16,Sigmoid,50,0.5,0.4626865671641791,0.8611111111111112,0.14990870002657175
32,0.001,16,Sigmoid,100,0.5,0.4626865671641791,0.8611111111111112,0.1533608001191169
32,0.001,16,Sigmoid,300,0.5,0.4626865671641791,0.8611111111111112,0.19278120016679168
32,0.001,16,Sigmoid,500,0.5,0.4626865671641791,0.8611111111111112,0.26828310010023415
32,0.001,16,Sigmoid,1000,0.5,0.4626865671641791,0.8611111111111112,0.22862130007706583
32,0.001,16,GELU,50,0.5174193548387097,0.5128112594731143,0.8333333333333334,0.21036900021135807
32,0.001,16,GELU,100,0.5174193548387097,0.5128112594731143,0.8333333333333334,0.20595439989119768
32,0.001,16,GELU,300,0.5174193548387097,0.5128112594731143,0.8333333333333334,0.21860210015438497
32,0.001,16,GELU,500,0.5174193548387097,0.5128112594731143,0.8333333333333334,0.21819690009579062
32,0.001,16,GELU,1000,0.5174193548387097,0.5128112594731143,0.8333333333333334,0.19898910005576909
32,0.001,16,Softmax,50,0.5,0.4626865671641791,0.8611111111111112,0.21671180007979274
32,0.001,16,Softmax,100,0.5,0.4626865671641791,0.8611111111111112,0.22771259979344904
32,0.001,16,Softmax,300,0.5,0.4626865671641791,0.8611111111111112,0.18684490001760423
32,0.001,16,Softmax,500,0.5,0.4626865671641791,0.8611111111111112,0.17126929992809892
32,0.001,16,Softmax,1000,0.5,0.4626865671641791,0.8611111111111112,0.1823187000118196
32,0.001,32,ReLU,50,0.5574193548387096,0.5679012345679012,0.8444444444444444,0.15029979986138642
32,0.001,32,ReLU,100,0.5574193548387096,0.5679012345679012,0.8444444444444444,0.16453239996917546
32,0.001,32,ReLU,300,0.5574193548387096,0.5679012345679012,0.8444444444444444,0.15783809986896813
32,0.001,32,ReLU,500,0.5574193548387096,0.5679012345679012,0.8444444444444444,0.15175019996240735
32,0.001,32,ReLU,1000,0.5574193548387096,0.5679012345679012,0.8444444444444444,0.18546500010415912
32,0.001,32,Tanh,50,0.4941935483870968,0.48033201010465537,0.8222222222222222,0.16249329992569983
32,0.001,32,Tanh,100,0.4941935483870968,0.48033201010465537,0.8222222222222222,0.1906135999597609
32,0.001,32,Tanh,300,0.4941935483870968,0.48033201010465537,0.8222222222222222,0.14955980004742742
32,0.001,32,Tanh,500,0.4941935483870968,0.48033201010465537,0.8222222222222222,0.11300760018639266
32,0.001,32,Tanh,1000,0.4941935483870968,0.48033201010465537,0.8222222222222222,0.09988979995250702
32,0.001,32,Sigmoid,50,0.5,0.4626865671641791,0.8611111111111112,0.1127146000508219
32,0.001,32,Sigmoid,100,0.5,0.4626865671641791,0.8611111111111112,0.11672080005519092
32,0.001,32,Sigmoid,300,0.5,0.4626865671641791,0.8611111111111112,0.14477130002342165
32,0.001,32,Sigmoid,500,0.5,0.4626865671641791,0.8611111111111112,0.10721539985388517
32,0.001,32,Sigmoid,1000,0.5,0.4626865671641791,0.8611111111111112,0.11013690009713173
32,0.001,32,GELU,50,0.5574193548387096,0.5679012345679012,0.8444444444444444,0.14381409995257854
32,0.001,32,GELU,100,0.5574193548387096,0.5679012345679012,0.8444444444444444,0.15129329985938966
32,0.001,32,GELU,300,0.5574193548387096,0.5679012345679012,0.8444444444444444,0.149819599930197
32,0.001,32,GELU,500,0.5574193548387096,0.5679012345679012,0.8444444444444444,0.18479120009578764
32,0.001,32,GELU,1000,0.5574193548387096,0.5679012345679012,0.8444444444444444,0.16868450003676116
32,0.001,32,Softmax,50,0.5,0.4626865671641791,0.8611111111111112,0.11564889992587268
32,0.001,32,Softmax,100,0.5,0.4626865671641791,0.8611111111111112,0.1356685000937432
32,0.001,32,Softmax,300,0.5,0.4626865671641791,0.8611111111111112,0.14083859999664128
32,0.001,32,Softmax,500,0.5,0.4626865671641791,0.8611111111111112,0.12981349998153746
32,0.001,32,Softmax,1000,0.5,0.4626865671641791,0.8611111111111112,0.11616600002162158
32,0.001,64,ReLU,50,0.5574193548387096,0.5679012345679012,0.8444444444444444,0.13816739991307259
32,0.001,64,ReLU,100,0.5574193548387096,0.5679012345679012,0.8444444444444444,0.10928369988687336
32,0.001,64,ReLU,300,0.5574193548387096,0.5679012345679012,0.8444444444444444,0.1526973000727594
32,0.001,64,ReLU,500,0.5574193548387096,0.5679012345679012,0.8444444444444444,0.14477880019694567
32,0.001,64,ReLU,1000,0.5574193548387096,0.5679012345679012,0.8444444444444444,0.14730700012296438
32,0.001,64,Tanh,50,0.4812903225806452,0.47041516835567176,0.8,0.2294756998308003
32,0.001,64,Tanh,100,0.4812903225806452,0.47041516835567176,0.8,0.21962049999274313
32,0.001,64,Tanh,300,0.4812903225806452,0.47041516835567176,0.8,0.16178740002214909
32,0.001,64,Tanh,500,0.4812903225806452,0.47041516835567176,0.8,0.16064070002175868
32,0.001,64,Tanh,1000,0.4812903225806452,0.47041516835567176,0.8,0.1655551998410374
32,0.001,64,Sigmoid,50,0.5,0.4626865671641791,0.8611111111111112,0.0846611000597477
32,0.001,64,Sigmoid,100,0.5,0.4626865671641791,0.8611111111111112,0.10524510010145605
32,0.001,64,Sigmoid,300,0.5,0.4626865671641791,0.8611111111111112,0.12652089982293546
32,0.001,64,Sigmoid,500,0.5,0.4626865671641791,0.8611111111111112,0.10584570001810789
32,0.001,64,Sigmoid,1000,0.5,0.4626865671641791,0.8611111111111112,0.11857880000025034
32,0.001,64,GELU,50,0.5574193548387096,0.5679012345679012,0.8444444444444444,0.1607755001168698
32,0.001,64,GELU,100,0.5574193548387096,0.5679012345679012,0.8444444444444444,0.15255739982239902
32,0.001,64,GELU,300,0.5574193548387096,0.5679012345679012,0.8444444444444444,0.1665215000975877
32,0.001,64,GELU,500,0.5574193548387096,0.5679012345679012,0.8444444444444444,0.12020000000484288
32,0.001,64,GELU,1000,0.5574193548387096,0.5679012345679012,0.8444444444444444,0.14901279984042048
32,0.001,64,Softmax,50,0.5,0.4626865671641791,0.8611111111111112,0.11363180004991591
32,0.001,64,Softmax,100,0.5,0.4626865671641791,0.8611111111111112,0.09913409990258515
32,0.001,64,Softmax,300,0.5,0.4626865671641791,0.8611111111111112,0.11265580006875098
32,0.001,64,Softmax,500,0.5,0.4626865671641791,0.8611111111111112,0.1176550998352468
32,0.001,64,Softmax,1000,0.5,0.4626865671641791,0.8611111111111112,0.11462650005705655
32,0.001,128,ReLU,50,0.547741935483871,0.5542774982027319,0.8277777777777777,0.1212489998433739
32,0.001,128,ReLU,100,0.547741935483871,0.5542774982027319,0.8277777777777777,0.10374340019188821
32,0.001,128,ReLU,300,0.547741935483871,0.5542774982027319,0.8277777777777777,0.08201509993523359
32,0.001,128,ReLU,500,0.547741935483871,0.5542774982027319,0.8277777777777777,0.0760501001495868
32,0.001,128,ReLU,1000,0.547741935483871,0.5542774982027319,0.8277777777777777,0.0711416001431644
32,0.001,128,Tanh,50,0.492258064516129,0.49209265699849075,0.7611111111111111,0.09144089999608696
32,0.001,128,Tanh,100,0.492258064516129,0.49209265699849075,0.7611111111111111,0.0846021999605
32,0.001,128,Tanh,300,0.492258064516129,0.49209265699849075,0.7611111111111111,0.20022980007342994
32,0.001,128,Tanh,500,0.492258064516129,0.49209265699849075,0.7611111111111111,0.1781592001207173
32,0.001,128,Tanh,1000,0.492258064516129,0.49209265699849075,0.7611111111111111,0.17980709997937083
32,0.001,128,Sigmoid,50,0.5,0.4626865671641791,0.8611111111111112,0.09167630015872419
32,0.001,128,Sigmoid,100,0.5,0.4626865671641791,0.8611111111111112,0.08360020001418889
32,0.001,128,Sigmoid,300,0.5,0.4626865671641791,0.8611111111111112,0.08514999994076788
32,0.001,128,Sigmoid,500,0.5,0.4626865671641791,0.8611111111111112,0.10706039983779192
32,0.001,128,Sigmoid,1000,0.5,0.4626865671641791,0.8611111111111112,0.09292960003949702
32,0.001,128,GELU,50,0.547741935483871,0.5542774982027319,0.8277777777777777,0.12430889997631311
32,0.001,128,GELU,100,0.547741935483871,0.5542774982027319,0.8277777777777777,0.1554015998262912
32,0.001,128,GELU,300,0.547741935483871,0.5542774982027319,0.8277777777777777,0.12756749987602234
32,0.001,128,GELU,500,0.547741935483871,0.5542774982027319,0.8277777777777777,0.13700419990345836
32,0.001,128,GELU,1000,0.547741935483871,0.5542774982027319,0.8277777777777777,0.11773590021766722
32,0.001,128,Softmax,50,0.5,0.4626865671641791,0.8611111111111112,0.09238840010948479
32,0.001,128,Softmax,100,0.5,0.4626865671641791,0.8611111111111112,0.10025990009307861
32,0.001,128,Softmax,300,0.5,0.4626865671641791,0.8611111111111112,0.0921424999833107
32,0.001,128,Softmax,500,0.5,0.4626865671641791,0.8611111111111112,0.08955250005237758
32,0.001,128,Softmax,1000,0.5,0.4626865671641791,0.8611111111111112,0.09126379992812872
32,0.0001,8,ReLU,50,0.5619354838709678,0.5629634490452129,0.7944444444444444,0.44547489983960986
32,0.0001,8,ReLU,100,0.5619354838709678,0.5629634490452129,0.7944444444444444,0.2628600001335144
32,0.0001,8,ReLU,300,0.5619354838709678,0.5629634490452129,0.7944444444444444,0.2890469999983907
32,0.0001,8,ReLU,500,0.5619354838709678,0.5629634490452129,0.7944444444444444,0.44936019997112453
32,0.0001,8,ReLU,1000,0.5619354838709678,0.5629634490452129,0.7944444444444444,0.4019267000257969
32,0.0001,8,Tanh,50,0.492258064516129,0.49209265699849075,0.7611111111111111,0.6962433001026511
32,0.0001,8,Tanh,100,0.492258064516129,0.49209265699849075,0.7611111111111111,0.7820054001640528
32,0.0001,8,Tanh,300,0.492258064516129,0.49209265699849075,0.7611111111111111,0.5674908000510186
32,0.0001,8,Tanh,500,0.492258064516129,0.49209265699849075,0.7611111111111111,0.49765629996545613
32,0.0001,8,Tanh,1000,0.492258064516129,0.49209265699849075,0.7611111111111111,0.7309916999656707
32,0.0001,8,Sigmoid,50,0.5,0.4626865671641791,0.8611111111111112,0.2882672999985516
32,0.0001,8,Sigmoid,100,0.5,0.4626865671641791,0.8611111111111112,0.40978610003367066
32,0.0001,8,Sigmoid,300,0.5,0.4626865671641791,0.8611111111111112,0.32142639998346567
32,0.0001,8,Sigmoid,500,0.5,0.4626865671641791,0.8611111111111112,0.2183406997937709
32,0.0001,8,Sigmoid,1000,0.5,0.4626865671641791,0.8611111111111112,0.2592726000584662
32,0.0001,8,GELU,50,0.5619354838709678,0.5629634490452129,0.7944444444444444,0.42221780004911125
32,0.0001,8,GELU,100,0.5619354838709678,0.5629634490452129,0.7944444444444444,0.26004740013740957
32,0.0001,8,GELU,300,0.5619354838709678,0.5629634490452129,0.7944444444444444,0.28832269995473325
32,0.0001,8,GELU,500,0.5619354838709678,0.5629634490452129,0.7944444444444444,0.41783170006237924
32,0.0001,8,GELU,1000,0.5619354838709678,0.5629634490452129,0.7944444444444444,0.4467521000187844
32,0.0001,8,Softmax,50,0.5,0.4626865671641791,0.8611111111111112,0.28585350001230836
32,0.0001,8,Softmax,100,0.5,0.4626865671641791,0.8611111111111112,0.31209629983641207
32,0.0001,8,Softmax,300,0.5,0.4626865671641791,0.8611111111111112,0.26880680001340806
32,0.0001,8,Softmax,500,0.5,0.4626865671641791,0.8611111111111112,0.27700779982842505
32,0.0001,8,Softmax,1000,0.5,0.4626865671641791,0.8611111111111112,0.2670617999974638
32,0.0001,16,ReLU,50,0.5490322580645162,0.5464323028701371,0.7722222222222223,0.30227579991333187
32,0.0001,16,ReLU,100,0.5490322580645162,0.5464323028701371,0.7722222222222223,0.19490100000984967
32,0.0001,16,ReLU,300,0.5490322580645162,0.5464323028701371,0.7722222222222223,0.16402419982478023
32,0.0001,16,ReLU,500,0.5490322580645162,0.5464323028701371,0.7722222222222223,0.1930713001638651
32,0.0001,16,ReLU,1000,0.5490322580645162,0.5464323028701371,0.7722222222222223,0.3523782000411302
32,0.0001,16,Tanh,50,0.5574193548387096,0.53125,0.7,0.5253391000442207
32,0.0001,16,Tanh,100,0.5574193548387096,0.53125,0.7,0.5444912000093609
32,0.0001,16,Tanh,300,0.5574193548387096,0.53125,0.7,0.5118481998797506
32,0.0001,16,Tanh,500,0.5574193548387096,0.53125,0.7,0.46706110006198287
32,0.0001,16,Tanh,1000,0.5574193548387096,0.53125,0.7,0.5285553000867367
32,0.0001,16,Sigmoid,50,0.5,0.4626865671641791,0.8611111111111112,0.12163710012100637
32,0.0001,16,Sigmoid,100,0.5,0.4626865671641791,0.8611111111111112,0.09580389992333949
32,0.0001,16,Sigmoid,300,0.5,0.4626865671641791,0.8611111111111112,0.10357649996876717
32,0.0001,16,Sigmoid,500,0.5,0.4626865671641791,0.8611111111111112,0.08951750001870096
32,0.0001,16,Sigmoid,1000,0.5,0.4626865671641791,0.8611111111111112,0.08930650004185736
32,0.0001,16,GELU,50,0.5490322580645162,0.5464323028701371,0.7722222222222223,0.2538624999579042
32,0.0001,16,GELU,100,0.5490322580645162,0.5464323028701371,0.7722222222222223,0.34013709984719753
32,0.0001,16,GELU,300,0.5490322580645162,0.5464323028701371,0.7722222222222223,0.46786520001478493
32,0.0001,16,GELU,500,0.5490322580645162,0.5464323028701371,0.7722222222222223,0.38645710004493594
32,0.0001,16,GELU,1000,0.5490322580645162,0.5464323028701371,0.7722222222222223,0.32801980013027787
32,0.0001,16,Softmax,50,0.5,0.4626865671641791,0.8611111111111112,0.17498279991559684
32,0.0001,16,Softmax,100,0.5,0.4626865671641791,0.8611111111111112,0.1606566000264138
32,0.0001,16,Softmax,300,0.5,0.4626865671641791,0.8611111111111112,0.14412919990718365
32,0.0001,16,Softmax,500,0.5,0.4626865671641791,0.8611111111111112,0.17927940003573895
32,0.0001,16,Softmax,1000,0.5,0.4626865671641791,0.8611111111111112,0.2417293000034988
32,0.0001,32,ReLU,50,0.5341935483870968,0.5138888888888888,0.6888888888888889,0.1738990000449121
32,0.0001,32,ReLU,100,0.5341935483870968,0.5138888888888888,0.6888888888888889,0.12407979997806251
32,0.0001,32,ReLU,300,0.5341935483870968,0.5138888888888888,0.6888888888888889,0.12110000010579824
32,0.0001,32,ReLU,500,0.5341935483870968,0.5138888888888888,0.6888888888888889,0.10012889979407191
32,0.0001,32,ReLU,1000,0.5341935483870968,0.5138888888888888,0.6888888888888889,0.20843129977583885
32,0.0001,32,Tanh,50,0.49612903225806454,0.3977898685411104,0.45,0.2377660998608917
32,0.0001,32,Tanh,100,0.49612903225806454,0.3977898685411104,0.45,0.27754619996994734
32,0.0001,32,Tanh,300,0.49612903225806454,0.3977898685411104,0.45,0.2363112000748515
32,0.0001,32,Tanh,500,0.49612903225806454,0.3977898685411104,0.45,0.33400320005603135
32,0.0001,32,Tanh,1000,0.49612903225806454,0.3977898685411104,0.45,0.34117819997482
32,0.0001,32,Sigmoid,50,0.5,0.4626865671641791,0.8611111111111112,0.15454980009235442
32,0.0001,32,Sigmoid,100,0.5,0.4626865671641791,0.8611111111111112,0.13412430020980537
32,0.0001,32,Sigmoid,300,0.5,0.4626865671641791,0.8611111111111112,0.13422459992580116
32,0.0001,32,Sigmoid,500,0.5,0.4626865671641791,0.8611111111111112,0.14052450004965067
32,0.0001,32,Sigmoid,1000,0.5,0.4626865671641791,0.8611111111111112,0.11760569992475212
32,0.0001,32,GELU,50,0.5341935483870968,0.5138888888888888,0.6888888888888889,0.17128599993884563
32,0.0001,32,GELU,100,0.5341935483870968,0.5138888888888888,0.6888888888888889,0.1557133998721838
32,0.0001,32,GELU,300,0.5341935483870968,0.5138888888888888,0.6888888888888889,0.14640600001439452
32,0.0001,32,GELU,500,0.5341935483870968,0.5138888888888888,0.6888888888888889,0.1309850998222828
32,0.0001,32,GELU,1000,0.5341935483870968,0.5138888888888888,0.6888888888888889,0.12095010001212358
32,0.0001,32,Softmax,50,0.5,0.4626865671641791,0.8611111111111112,0.06932040001265705
32,0.0001,32,Softmax,100,0.5,0.4626865671641791,0.8611111111111112,0.06812050007283688
32,0.0001,32,Softmax,300,0.5,0.4626865671641791,0.8611111111111112,0.05764759983867407
32,0.0001,32,Softmax,500,0.5,0.4626865671641791,0.8611111111111112,0.11774010001681745
32,0.0001,32,Softmax,1000,0.5,0.4626865671641791,0.8611111111111112,0.11252199998125434
32,0.0001,64,ReLU,50,0.5619354838709677,0.5148663101604278,0.65,0.13916650018654764
32,0.0001,64,ReLU,100,0.5619354838709677,0.5148663101604278,0.65,0.15886640013195574
32,0.0001,64,ReLU,300,0.5619354838709677,0.5148663101604278,0.65,0.16308079985901713
32,0.0001,64,ReLU,500,0.5619354838709677,0.5148663101604278,0.65,0.13190110004507005
32,0.0001,64,ReLU,1000,0.5619354838709677,0.5148663101604278,0.65,0.1451452998444438
32,0.0001,64,Tanh,50,0.49096774193548387,0.3561277432245174,0.38333333333333336,0.20616189995780587
32,0.0001,64,Tanh,100,0.49096774193548387,0.3561277432245174,0.38333333333333336,0.195183000061661
32,0.0001,64,Tanh,300,0.49096774193548387,0.3561277432245174,0.38333333333333336,0.19929979997687042
32,0.0001,64,Tanh,500,0.49096774193548387,0.3561277432245174,0.38333333333333336,0.1485517001710832
32,0.0001,64,Tanh,1000,0.49096774193548387,0.3561277432245174,0.38333333333333336,0.15214850008487701
32,0.0001,64,Sigmoid,50,0.5,0.4626865671641791,0.8611111111111112,0.09043999994173646
32,0.0001,64,Sigmoid,100,0.5,0.4626865671641791,0.8611111111111112,0.08920409996062517
32,0.0001,64,Sigmoid,300,0.5,0.4626865671641791,0.8611111111111112,0.10170960007235408
32,0.0001,64,Sigmoid,500,0.5,0.4626865671641791,0.8611111111111112,0.09631110006012022
32,0.0001,64,Sigmoid,1000,0.5,0.4626865671641791,0.8611111111111112,0.08427829993888736
32,0.0001,64,GELU,50,0.5619354838709677,0.5148663101604278,0.65,0.12056389986537397
32,0.0001,64,GELU,100,0.5619354838709677,0.5148663101604278,0.65,0.10068389982916415
32,0.0001,64,GELU,300,0.5619354838709677,0.5148663101604278,0.65,0.09959749993868172
32,0.0001,64,GELU,500,0.5619354838709677,0.5148663101604278,0.65,0.08816229994408786
32,0.0001,64,GELU,1000,0.5619354838709677,0.5148663101604278,0.65,0.07846960006281734
32,0.0001,64,Softmax,50,0.5,0.4626865671641791,0.8611111111111112,0.048385299975052476
32,0.0001,64,Softmax,100,0.5,0.4626865671641791,0.8611111111111112,0.1049877000041306
32,0.0001,64,Softmax,300,0.5,0.4626865671641791,0.8611111111111112,0.08962360001169145
32,0.0001,64,Softmax,500,0.5,0.4626865671641791,0.8611111111111112,0.10679939994588494
32,0.0001,64,Softmax,1000,0.5,0.4626865671641791,0.8611111111111112,0.09858340001665056
32,0.0001,128,ReLU,50,0.5890322580645162,0.5220392989909719,0.6388888888888888,0.09404609980992973
32,0.0001,128,ReLU,100,0.5890322580645162,0.5220392989909719,0.6388888888888888,0.10403769998811185
32,0.0001,128,ReLU,300,0.5890322580645162,0.5220392989909719,0.6388888888888888,0.11983340000733733
32,0.0001,128,ReLU,500,0.5890322580645162,0.5220392989909719,0.6388888888888888,0.13259200006723404
32,0.0001,128,ReLU,1000,0.5890322580645162,0.5220392989909719,0.6388888888888888,0.11510930000804365
32,0.0001,128,Tanh,50,0.5148387096774194,0.34857142857142853,0.36666666666666664,0.12436909996904433
32,0.0001,128,Tanh,100,0.5148387096774194,0.34857142857142853,0.36666666666666664,0.13735139998607337
32,0.0001,128,Tanh,300,0.5148387096774194,0.34857142857142853,0.36666666666666664,0.155534400139004
32,0.0001,128,Tanh,500,0.5148387096774194,0.34857142857142853,0.36666666666666664,0.1389333000406623
32,0.0001,128,Tanh,1000,0.5148387096774194,0.34857142857142853,0.36666666666666664,0.13421970000490546
32,0.0001,128,Sigmoid,50,0.5,0.4626865671641791,0.8611111111111112,0.10708270012401044
32,0.0001,128,Sigmoid,100,0.5,0.4626865671641791,0.8611111111111112,0.11297979997470975
32,0.0001,128,Sigmoid,300,0.5,0.4626865671641791,0.8611111111111112,0.12532869982533157
32,0.0001,128,Sigmoid,500,0.5,0.4626865671641791,0.8611111111111112,0.11831769999116659
32,0.0001,128,Sigmoid,1000,0.5,0.4626865671641791,0.8611111111111112,0.12117689987644553
32,0.0001,128,GELU,50,0.5890322580645162,0.5220392989909719,0.6388888888888888,0.15349630010314286
32,0.0001,128,GELU,100,0.5890322580645162,0.5220392989909719,0.6388888888888888,0.11980220000259578
32,0.0001,128,GELU,300,0.5890322580645162,0.5220392989909719,0.6388888888888888,0.09994339989498258
32,0.0001,128,GELU,500,0.5890322580645162,0.5220392989909719,0.6388888888888888,0.0978212000336498
32,0.0001,128,GELU,1000,0.5890322580645162,0.5220392989909719,0.6388888888888888,0.06926449993625283
32,0.0001,128,Softmax,50,0.5,0.4626865671641791,0.8611111111111112,0.048150100046768785
32,0.0001,128,Softmax,100,0.5,0.4626865671641791,0.8611111111111112,0.04915830004028976
32,0.0001,128,Softmax,300,0.5,0.4626865671641791,0.8611111111111112,0.04971839999780059
32,0.0001,128,Softmax,500,0.5,0.4626865671641791,0.8611111111111112,0.05061289994046092
32,0.0001,128,Softmax,1000,0.5,0.4626865671641791,0.8611111111111112,0.10414990014396608
32,0.00025,8,ReLU,50,0.547741935483871,0.5542774982027319,0.8277777777777777,0.4556767998728901
32,0.00025,8,ReLU,100,0.547741935483871,0.5542774982027319,0.8277777777777777,0.5159545000642538
32,0.00025,8,ReLU,300,0.547741935483871,0.5542774982027319,0.8277777777777777,0.37730970000848174
32,0.00025,8,ReLU,500,0.547741935483871,0.5542774982027319,0.8277777777777777,0.35787760000675917
32,0.00025,8,ReLU,1000,0.547741935483871,0.5542774982027319,0.8277777777777777,0.4169088997878134
32,0.00025,8,Tanh,50,0.48774193548387096,0.47530864197530864,0.8111111111111111,0.6231307999696583
32,0.00025,8,Tanh,100,0.48774193548387096,0.47530864197530864,0.8111111111111111,0.30961680016480386
32,0.00025,8,Tanh,300,0.48774193548387096,0.47530864197530864,0.8111111111111111,0.25487140007317066
32,0.00025,8,Tanh,500,0.48774193548387096,0.47530864197530864,0.8111111111111111,0.5032858001068234
32,0.00025,8,Tanh,1000,0.48774193548387096,0.47530864197530864,0.8111111111111111,0.4984154000412673
32,0.00025,8,Sigmoid,50,0.5,0.4626865671641791,0.8611111111111112,0.21677229995839298
32,0.00025,8,Sigmoid,100,0.5,0.4626865671641791,0.8611111111111112,0.2774863000959158
32,0.00025,8,Sigmoid,300,0.5,0.4626865671641791,0.8611111111111112,0.27335930010303855
32,0.00025,8,Sigmoid,500,0.5,0.4626865671641791,0.8611111111111112,0.27079600002616644
32,0.00025,8,Sigmoid,1000,0.5,0.4626865671641791,0.8611111111111112,0.3165959999896586
32,0.00025,8,GELU,50,0.547741935483871,0.5542774982027319,0.8277777777777777,0.397439599968493
32,0.00025,8,GELU,100,0.547741935483871,0.5542774982027319,0.8277777777777777,0.2999809000175446
32,0.00025,8,GELU,300,0.547741935483871,0.5542774982027319,0.8277777777777777,0.20449099992401898
32,0.00025,8,GELU,500,0.547741935483871,0.5542774982027319,0.8277777777777777,0.1943326999899
32,0.00025,8,GELU,1000,0.547741935483871,0.5542774982027319,0.8277777777777777,0.16290020011365414
32,0.00025,8,Softmax,50,0.5,0.4626865671641791,0.8611111111111112,0.142691700020805
32,0.00025,8,Softmax,100,0.5,0.4626865671641791,0.8611111111111112,0.29656009981408715
32,0.00025,8,Softmax,300,0.5,0.4626865671641791,0.8611111111111112,0.2785984000656754
32,0.00025,8,Softmax,500,0.5,0.4626865671641791,0.8611111111111112,0.25136879994533956
32,0.00025,8,Softmax,1000,0.5,0.4626865671641791,0.8611111111111112,0.21382010006345809
32,0.00025,16,ReLU,50,0.5541935483870968,0.563216467241235,0.8388888888888889,0.23592060012742877
32,0.00025,16,ReLU,100,0.5541935483870968,0.563216467241235,0.8388888888888889,0.26616399991326034
32,0.00025,16,ReLU,300,0.5541935483870968,0.563216467241235,0.8388888888888889,0.3473165000323206
32,0.00025,16,ReLU,500,0.5541935483870968,0.563216467241235,0.8388888888888889,0.3265113001689315
32,0.00025,16,ReLU,1000,0.5541935483870968,0.563216467241235,0.8388888888888889,0.26167910010553896
32,0.00025,16,Tanh,50,0.4890322580645161,0.4890322580645161,0.7555555555555555,0.3718212000094354
32,0.00025,16,Tanh,100,0.4890322580645161,0.4890322580645161,0.7555555555555555,0.29044899996370077
32,0.00025,16,Tanh,300,0.4890322580645161,0.4890322580645161,0.7555555555555555,0.20593439997173846
32,0.00025,16,Tanh,500,0.4890322580645161,0.4890322580645161,0.7555555555555555,0.20642219996079803
32,0.00025,16,Tanh,1000,0.4890322580645161,0.4890322580645161,0.7555555555555555,0.19862499996088445
32,0.00025,16,Sigmoid,50,0.5,0.4626865671641791,0.8611111111111112,0.0879814000800252
32,0.00025,16,Sigmoid,100,0.5,0.4626865671641791,0.8611111111111112,0.17363580013625324
32,0.00025,16,Sigmoid,300,0.5,0.4626865671641791,0.8611111111111112,0.18402529996819794
32,0.00025,16,Sigmoid,500,0.5,0.4626865671641791,0.8611111111111112,0.16987919993698597
32,0.00025,16,Sigmoid,1000,0.5,0.4626865671641791,0.8611111111111112,0.20816810010001063
32,0.00025,16,GELU,50,0.5541935483870968,0.563216467241235,0.8388888888888889,0.26785319996997714
32,0.00025,16,GELU,100,0.5541935483870968,0.563216467241235,0.8388888888888889,0.2964713000692427
32,0.00025,16,GELU,300,0.5541935483870968,0.563216467241235,0.8388888888888889,0.3003788001369685
32,0.00025,16,GELU,500,0.5541935483870968,0.563216467241235,0.8388888888888889,0.2675672001205385
32,0.00025,16,GELU,1000,0.5541935483870968,0.563216467241235,0.8388888888888889,0.26596780004911125
32,0.00025,16,Softmax,50,0.5,0.4626865671641791,0.8611111111111112,0.15718299988657236
32,0.00025,16,Softmax,100,0.5,0.4626865671641791,0.8611111111111112,0.18633799999952316
32,0.00025,16,Softmax,300,0.5,0.4626865671641791,0.8611111111111112,0.16085870005190372
32,0.00025,16,Softmax,500,0.5,0.4626865671641791,0.8611111111111112,0.16212470014579594
32,0.00025,16,Softmax,1000,0.5,0.4626865671641791,0.8611111111111112,0.21552209998480976
32,0.00025,32,ReLU,50,0.5651612903225807,0.5673076923076923,0.8,0.19918629992753267
32,0.00025,32,ReLU,100,0.5651612903225807,0.5673076923076923,0.8,0.130392299965024
32,0.00025,32,ReLU,300,0.5651612903225807,0.5673076923076923,0.8,0.12428620015271008
32,0.00025,32,ReLU,500,0.5651612903225807,0.5673076923076923,0.8,0.09947839984670281
32,0.00025,32,ReLU,1000,0.5651612903225807,0.5673076923076923,0.8,0.12004620023071766
32,0.00025,32,Tanh,50,0.5025806451612903,0.5021817958330773,0.75,0.30450180009938776
32,0.00025,32,Tanh,100,0.5025806451612903,0.5021817958330773,0.75,0.3032851000316441
32,0.00025,32,Tanh,300,0.5025806451612903,0.5021817958330773,0.75,0.3492854000069201
32,0.00025,32,Tanh,500,0.5025806451612903,0.5021817958330773,0.75,0.38198870001360774
32,0.00025,32,Tanh,1000,0.5025806451612903,0.5021817958330773,0.75,0.332795400172472
32,0.00025,32,Sigmoid,50,0.5,0.4626865671641791,0.8611111111111112,0.12637039995752275
32,0.00025,32,Sigmoid,100,0.5,0.4626865671641791,0.8611111111111112,0.12487269984558225
32,0.00025,32,Sigmoid,300,0.5,0.4626865671641791,0.8611111111111112,0.10719059989787638
32,0.00025,32,Sigmoid,500,0.5,0.4626865671641791,0.8611111111111112,0.15348060010001063
32,0.00025,32,Sigmoid,1000,0.5,0.4626865671641791,0.8611111111111112,0.1882092000450939
32,0.00025,32,GELU,50,0.5651612903225807,0.5673076923076923,0.8,0.33919610013253987
32,0.00025,32,GELU,100,0.5651612903225807,0.5673076923076923,0.8,0.23641410004347563
32,0.00025,32,GELU,300,0.5651612903225807,0.5673076923076923,0.8,0.23126179981045425
32,0.00025,32,GELU,500,0.5651612903225807,0.5673076923076923,0.8,0.13944709999486804
32,0.00025,32,GELU,1000,0.5651612903225807,0.5673076923076923,0.8,0.11590869980864227
32,0.00025,32,Softmax,50,0.5,0.4626865671641791,0.8611111111111112,0.06766989990137517
32,0.00025,32,Softmax,100,0.5,0.4626865671641791,0.8611111111111112,0.05722129996865988
32,0.00025,32,Softmax,300,0.5,0.4626865671641791,0.8611111111111112,0.06812619999982417
32,0.00025,32,Softmax,500,0.5,0.4626865671641791,0.8611111111111112,0.05764220003038645
32,0.00025,32,Softmax,1000,0.5,0.4626865671641791,0.8611111111111112,0.057842700043693185
32,0.00025,64,ReLU,50,0.5554838709677419,0.5545402627070245,0.7833333333333333,0.16352510009892285
32,0.00025,64,ReLU,100,0.5554838709677419,0.5545402627070245,0.7833333333333333,0.15835870010778308
32,0.00025,64,ReLU,300,0.5554838709677419,0.5545402627070245,0.7833333333333333,0.1603647000156343
32,0.00025,64,ReLU,500,0.5554838709677419,0.5545402627070245,0.7833333333333333,0.18359990022145212
32,0.00025,64,ReLU,1000,0.5554838709677419,0.5545402627070245,0.7833333333333333,0.20749969989992678
32,0.00025,64,Tanh,50,0.5206451612903226,0.5069475571492604,0.6944444444444444,0.2554415001068264
32,0.00025,64,Tanh,100,0.5206451612903226,0.5069475571492604,0.6944444444444444,0.24854320008307695
32,0.00025,64,Tanh,300,0.5206451612903226,0.5069475571492604,0.6944444444444444,0.20244459994137287
32,0.00025,64,Tanh,500,0.5206451612903226,0.5069475571492604,0.6944444444444444,0.19137999997474253
32,0.00025,64,Tanh,1000,0.5206451612903226,0.5069475571492604,0.6944444444444444,0.21266379998996854
32,0.00025,64,Sigmoid,50,0.5,0.4626865671641791,0.8611111111111112,0.09974940004758537
32,0.00025,64,Sigmoid,100,0.5,0.4626865671641791,0.8611111111111112,0.08952699997462332
32,0.00025,64,Sigmoid,300,0.5,0.4626865671641791,0.8611111111111112,0.11546130012720823
32,0.00025,64,Sigmoid,500,0.5,0.4626865671641791,0.8611111111111112,0.1170309002045542
32,0.00025,64,Sigmoid,1000,0.5,0.4626865671641791,0.8611111111111112,0.10063170013017952
32,0.00025,64,GELU,50,0.5554838709677419,0.5545402627070245,0.7833333333333333,0.20423980010673404
32,0.00025,64,GELU,100,0.5554838709677419,0.5545402627070245,0.7833333333333333,0.17417500005103648
32,0.00025,64,GELU,300,0.5554838709677419,0.5545402627070245,0.7833333333333333,0.11822549998760223
32,0.00025,64,GELU,500,0.5554838709677419,0.5545402627070245,0.7833333333333333,0.11935940012335777
32,0.00025,64,GELU,1000,0.5554838709677419,0.5545402627070245,0.7833333333333333,0.11732669989578426
32,0.00025,64,Softmax,50,0.5,0.4626865671641791,0.8611111111111112,0.05799430003389716
32,0.00025,64,Softmax,100,0.5,0.4626865671641791,0.8611111111111112,0.04753239988349378
32,0.00025,64,Softmax,300,0.5,0.4626865671641791,0.8611111111111112,0.05803720001131296
32,0.00025,64,Softmax,500,0.5,0.4626865671641791,0.8611111111111112,0.04637299990281463
32,0.00025,64,Softmax,1000,0.5,0.4626865671641791,0.8611111111111112,0.04716560011729598
32,0.00025,128,ReLU,50,0.5341935483870968,0.5138888888888888,0.6888888888888889,0.11468450003303587
32,0.00025,128,ReLU,100,0.5341935483870968,0.5138888888888888,0.6888888888888889,0.168961200164631
32,0.00025,128,ReLU,300,0.5341935483870968,0.5138888888888888,0.6888888888888889,0.15711920009925961
32,0.00025,128,ReLU,500,0.5341935483870968,0.5138888888888888,0.6888888888888889,0.2164078000932932
32,0.00025,128,ReLU,1000,0.5341935483870968,0.5138888888888888,0.6888888888888889,0.1716229000594467
32,0.00025,128,Tanh,50,0.4780645161290322,0.4203842396613481,0.5055555555555555,0.18234420008957386
32,0.00025,128,Tanh,100,0.4812903225806452,0.42400000000000004,0.5111111111111111,0.22632529982365668
32,0.00025,128,Tanh,300,0.4812903225806452,0.42400000000000004,0.5111111111111111,0.23393969982862473
32,0.00025,128,Tanh,500,0.4812903225806452,0.42400000000000004,0.5111111111111111,0.21333949989639223
32,0.00025,128,Tanh,1000,0.4812903225806452,0.42400000000000004,0.5111111111111111,0.2144218001049012
32,0.00025,128,Sigmoid,50,0.5,0.4626865671641791,0.8611111111111112,0.09185299999080598
32,0.00025,128,Sigmoid,100,0.5,0.4626865671641791,0.8611111111111112,0.1323768999427557
32,0.00025,128,Sigmoid,300,0.5,0.4626865671641791,0.8611111111111112,0.12123280018568039
32,0.00025,128,Sigmoid,500,0.5,0.4626865671641791,0.8611111111111112,0.10437950002960861
32,0.00025,128,Sigmoid,1000,0.5,0.4626865671641791,0.8611111111111112,0.10140549996867776
32,0.00025,128,GELU,50,0.5341935483870968,0.5138888888888888,0.6888888888888889,0.1315337000414729
32,0.00025,128,GELU,100,0.5341935483870968,0.5138888888888888,0.6888888888888889,0.12611289997585118
32,0.00025,128,GELU,300,0.5341935483870968,0.5138888888888888,0.6888888888888889,0.08819249994121492
32,0.00025,128,GELU,500,0.5341935483870968,0.5138888888888888,0.6888888888888889,0.0890089999884367
32,0.00025,128,GELU,1000,0.5341935483870968,0.5138888888888888,0.6888888888888889,0.0884367001708597
32,0.00025,128,Softmax,50,0.5,0.4626865671641791,0.8611111111111112,0.04705110006034374
32,0.00025,128,Softmax,100,0.5,0.4626865671641791,0.8611111111111112,0.04646109999157488
32,0.00025,128,Softmax,300,0.5,0.4626865671641791,0.8611111111111112,0.04814159986563027
32,0.00025,128,Softmax,500,0.5,0.4626865671641791,0.8611111111111112,0.09431610000319779
32,0.00025,128,Softmax,1000,0.5,0.4626865671641791,0.8611111111111112,0.0942555998917669
64,0.01,8,ReLU,50,0.52,0.5025333947489636,0.8666666666666667,0.3235215002205223
64,0.01,8,ReLU,100,0.52,0.5025333947489636,0.8666666666666667,0.3887012000195682
64,0.01,8,ReLU,300,0.52,0.5025333947489636,0.8666666666666667,0.32435110001824796
64,0.01,8,ReLU,500,0.52,0.5025333947489636,0.8666666666666667,0.2826511999592185
64,0.01,8,ReLU,1000,0.52,0.5025333947489636,0.8666666666666667,0.32527059991844
64,0.01,8,Tanh,50,0.4974193548387097,0.48290241868223516,0.8277777777777777,0.33022430003620684
64,0.01,8,Tanh,100,0.4974193548387097,0.48290241868223516,0.8277777777777777,0.41548309987410903
64,0.01,8,Tanh,300,0.4974193548387097,0.48290241868223516,0.8277777777777777,0.19822709984146059
64,0.01,8,Tanh,500,0.4974193548387097,0.48290241868223516,0.8277777777777777,0.17262969980947673
64,0.01,8,Tanh,1000,0.4974193548387097,0.48290241868223516,0.8277777777777777,0.2962920998688787
64,0.01,8,Sigmoid,50,0.5,0.4626865671641791,0.8611111111111112,0.24853199999779463
64,0.01,8,Sigmoid,100,0.5,0.4626865671641791,0.8611111111111112,0.3006382999010384
64,0.01,8,Sigmoid,300,0.5,0.4626865671641791,0.8611111111111112,0.33105839998461306
64,0.01,8,Sigmoid,500,0.5,0.4626865671641791,0.8611111111111112,0.38442170014604926
64,0.01,8,Sigmoid,1000,0.5,0.4626865671641791,0.8611111111111112,0.32037119986489415
64,0.01,8,GELU,50,0.52,0.5025333947489636,0.8666666666666667,0.38538680016063154
64,0.01,8,GELU,100,0.52,0.5025333947489636,0.8666666666666667,0.3753144000656903
64,0.01,8,GELU,300,0.52,0.5025333947489636,0.8666666666666667,0.23016620008274913
64,0.01,8,GELU,500,0.52,0.5025333947489636,0.8666666666666667,0.20649180002510548
64,0.01,8,GELU,1000,0.52,0.5025333947489636,0.8666666666666667,0.16834870004095137
64,0.01,8,Softmax,50,0.5,0.4626865671641791,0.8611111111111112,0.2068398001138121
64,0.01,8,Softmax,100,0.5,0.4626865671641791,0.8611111111111112,0.4101931001059711
64,0.01,8,Softmax,300,0.5,0.4626865671641791,0.8611111111111112,0.4134082000236958
64,0.01,8,Softmax,500,0.5,0.4626865671641791,0.8611111111111112,0.40485829999670386
64,0.01,8,Softmax,1000,0.5,0.4626865671641791,0.8611111111111112,0.3184490001294762
64,0.01,16,ReLU,50,0.4967741935483871,0.46107784431137727,0.8555555555555555,0.21706359996460378
64,0.01,16,ReLU,100,0.4967741935483871,0.46107784431137727,0.8555555555555555,0.21823460003361106
64,0.01,16,ReLU,300,0.4967741935483871,0.46107784431137727,0.8555555555555555,0.24554729997180402
64,0.01,16,ReLU,500,0.4967741935483871,0.46107784431137727,0.8555555555555555,0.24804869992658496
64,0.01,16,ReLU,1000,0.4967741935483871,0.46107784431137727,0.8555555555555555,0.18141609989106655
64,0.01,16,Tanh,50,0.4967741935483871,0.46107784431137727,0.8555555555555555,0.1342277000658214
64,0.01,16,Tanh,100,0.4967741935483871,0.46107784431137727,0.8555555555555555,0.1313279999885708
64,0.01,16,Tanh,300,0.4967741935483871,0.46107784431137727,0.8555555555555555,0.1295105000026524
64,0.01,16,Tanh,500,0.4967741935483871,0.46107784431137727,0.8555555555555555,0.14116459991782904
64,0.01,16,Tanh,1000,0.4967741935483871,0.46107784431137727,0.8555555555555555,0.20865070004947484
64,0.01,16,Sigmoid,50,0.4967741935483871,0.46107784431137727,0.8555555555555555,0.22674630000256002
64,0.01,16,Sigmoid,100,0.4967741935483871,0.46107784431137727,0.8555555555555555,0.2316620999481529
64,0.01,16,Sigmoid,300,0.4967741935483871,0.46107784431137727,0.8555555555555555,0.25616830005310476
64,0.01,16,Sigmoid,500,0.4967741935483871,0.46107784431137727,0.8555555555555555,0.2051905000116676
64,0.01,16,Sigmoid,1000,0.4967741935483871,0.46107784431137727,0.8555555555555555,0.1904440000653267
64,0.01,16,GELU,50,0.4967741935483871,0.46107784431137727,0.8555555555555555,0.20489709987305105
64,0.01,16,GELU,100,0.4967741935483871,0.46107784431137727,0.8555555555555555,0.24451670004054904
64,0.01,16,GELU,300,0.4967741935483871,0.46107784431137727,0.8555555555555555,0.26669600000604987
64,0.01,16,GELU,500,0.4967741935483871,0.46107784431137727,0.8555555555555555,0.20800109999254346
64,0.01,16,GELU,1000,0.4967741935483871,0.46107784431137727,0.8555555555555555,0.20316509995609522
64,0.01,16,Softmax,50,0.4967741935483871,0.46107784431137727,0.8555555555555555,0.2014923000242561
64,0.01,16,Softmax,100,0.4967741935483871,0.46107784431137727,0.8555555555555555,0.13314960012212396
64,0.01,16,Softmax,300,0.4967741935483871,0.46107784431137727,0.8555555555555555,0.1320707001723349
64,0.01,16,Softmax,500,0.4967741935483871,0.46107784431137727,0.8555555555555555,0.14256840012967587
64,0.01,16,Softmax,1000,0.4967741935483871,0.46107784431137727,0.8555555555555555,0.22218509996309876
64,0.01,32,ReLU,50,0.5,0.4626865671641791,0.8611111111111112,0.12635680008679628
64,0.01,32,ReLU,100,0.5,0.4626865671641791,0.8611111111111112,0.14048489998094738
64,0.01,32,ReLU,300,0.5,0.4626865671641791,0.8611111111111112,0.15661920001730323
64,0.01,32,ReLU,500,0.5,0.4626865671641791,0.8611111111111112,0.15644380007870495
64,0.01,32,ReLU,1000,0.5,0.4626865671641791,0.8611111111111112,0.15912669990211725
64,0.01,32,Tanh,50,0.4935483870967742,0.4594594594594595,0.85,0.10738329985179007
64,0.01,32,Tanh,100,0.4935483870967742,0.4594594594594595,0.85,0.15020969999022782
64,0.01,32,Tanh,300,0.4935483870967742,0.4594594594594595,0.85,0.13023280003108084
64,0.01,32,Tanh,500,0.4935483870967742,0.4594594594594595,0.85,0.12041960004717112
64,0.01,32,Tanh,1000,0.4935483870967742,0.4594594594594595,0.85,0.12602800014428794
64,0.01,32,Sigmoid,50,0.5,0.4626865671641791,0.8611111111111112,0.1035436000674963
64,0.01,32,Sigmoid,100,0.5,0.4626865671641791,0.8611111111111112,0.1208418000023812
64,0.01,32,Sigmoid,300,0.5,0.4626865671641791,0.8611111111111112,0.14889109996147454
64,0.01,32,Sigmoid,500,0.5,0.4626865671641791,0.8611111111111112,0.1077213000971824
64,0.01,32,Sigmoid,1000,0.5,0.4626865671641791,0.8611111111111112,0.11099960003048182
64,0.01,32,GELU,50,0.5,0.4626865671641791,0.8611111111111112,0.14925520005635917
64,0.01,32,GELU,100,0.5,0.4626865671641791,0.8611111111111112,0.16910839988850057
64,0.01,32,GELU,300,0.5,0.4626865671641791,0.8611111111111112,0.1467860999982804
64,0.01,32,GELU,500,0.5,0.4626865671641791,0.8611111111111112,0.13710070005618036
64,0.01,32,GELU,1000,0.5,0.4626865671641791,0.8611111111111112,0.10568259982392192
64,0.01,32,Softmax,50,0.5,0.4626865671641791,0.8611111111111112,0.07577609992586076
64,0.01,32,Softmax,100,0.5,0.4626865671641791,0.8611111111111112,0.06777449999935925
64,0.01,32,Softmax,300,0.5,0.4626865671641791,0.8611111111111112,0.06919239996932447
64,0.01,32,Softmax,500,0.5,0.4626865671641791,0.8611111111111112,0.057615899946540594
64,0.01,32,Softmax,1000,0.5,0.4626865671641791,0.8611111111111112,0.06124079995788634
64,0.01,64,ReLU,50,0.5,0.4626865671641791,0.8611111111111112,0.05688509996980429
64,0.01,64,ReLU,100,0.5,0.4626865671641791,0.8611111111111112,0.06638350011780858
64,0.01,64,ReLU,300,0.5,0.4626865671641791,0.8611111111111112,0.06759400013834238
64,0.01,64,ReLU,500,0.5,0.4626865671641791,0.8611111111111112,0.06580270011909306
64,0.01,64,ReLU,1000,0.5,0.4626865671641791,0.8611111111111112,0.1196469001006335
64,0.01,64,Tanh,50,0.4838709677419355,0.45454545454545453,0.8333333333333334,0.11852809996344149
64,0.01,64,Tanh,100,0.4838709677419355,0.45454545454545453,0.8333333333333334,0.10546269989572465
64,0.01,64,Tanh,300,0.4838709677419355,0.45454545454545453,0.8333333333333334,0.09712290018796921
64,0.01,64,Tanh,500,0.4838709677419355,0.45454545454545453,0.8333333333333334,0.12410910008475184
64,0.01,64,Tanh,1000,0.4838709677419355,0.45454545454545453,0.8333333333333334,0.1480419000145048
64,0.01,64,Sigmoid,50,0.5,0.4626865671641791,0.8611111111111112,0.12285459996201098
64,0.01,64,Sigmoid,100,0.5,0.4626865671641791,0.8611111111111112,0.11918319994583726
64,0.01,64,Sigmoid,300,0.5,0.4626865671641791,0.8611111111111112,0.1156411999836564
64,0.01,64,Sigmoid,500,0.5,0.4626865671641791,0.8611111111111112,0.1194922998547554
64,0.01,64,Sigmoid,1000,0.5,0.4626865671641791,0.8611111111111112,0.10058620013296604
64,0.01,64,GELU,50,0.5,0.4626865671641791,0.8611111111111112,0.10723720001988113
64,0.01,64,GELU,100,0.5,0.4626865671641791,0.8611111111111112,0.12746019987389445
64,0.01,64,GELU,300,0.5,0.4626865671641791,0.8611111111111112,0.1211773999966681
64,0.01,64,GELU,500,0.5,0.4626865671641791,0.8611111111111112,0.10848799999803305
64,0.01,64,GELU,1000,0.5,0.4626865671641791,0.8611111111111112,0.11353110009804368
64,0.01,64,Softmax,50,0.5,0.4626865671641791,0.8611111111111112,0.10878729983232915
64,0.01,64,Softmax,100,0.5,0.4626865671641791,0.8611111111111112,0.11518520000390708
64,0.01,64,Softmax,300,0.5,0.4626865671641791,0.8611111111111112,0.13028550008311868
64,0.01,64,Softmax,500,0.5,0.4626865671641791,0.8611111111111112,0.13107190001755953
64,0.01,64,Softmax,1000,0.5,0.4626865671641791,0.8611111111111112,0.142208700068295
64,0.01,128,ReLU,50,0.4967741935483871,0.46107784431137727,0.8555555555555555,0.13074750010855496
64,0.01,128,ReLU,100,0.4967741935483871,0.46107784431137727,0.8555555555555555,0.08791250013746321
64,0.01,128,ReLU,300,0.4967741935483871,0.46107784431137727,0.8555555555555555,0.10139370011165738
64,0.01,128,ReLU,500,0.4967741935483871,0.46107784431137727,0.8555555555555555,0.07688080007210374
64,0.01,128,ReLU,1000,0.4967741935483871,0.46107784431137727,0.8555555555555555,0.05831309990026057
64,0.01,128,Tanh,50,0.49032258064516127,0.4578313253012048,0.8444444444444444,0.07562010013498366
64,0.01,128,Tanh,100,0.49032258064516127,0.4578313253012048,0.8444444444444444,0.05902990000322461
64,0.01,128,Tanh,300,0.49032258064516127,0.4578313253012048,0.8444444444444444,0.058419000124558806
64,0.01,128,Tanh,500,0.49032258064516127,0.4578313253012048,0.8444444444444444,0.06956170010380447
64,0.01,128,Tanh,1000,0.49032258064516127,0.4578313253012048,0.8444444444444444,0.06899459986016154
64,0.01,128,Sigmoid,50,0.5,0.4626865671641791,0.8611111111111112,0.055399700067937374
64,0.01,128,Sigmoid,100,0.5,0.4626865671641791,0.8611111111111112,0.058732000179588795
64,0.01,128,Sigmoid,300,0.5,0.4626865671641791,0.8611111111111112,0.111823899904266
64,0.01,128,Sigmoid,500,0.5,0.4626865671641791,0.8611111111111112,0.10155759984627366
64,0.01,128,Sigmoid,1000,0.5,0.4626865671641791,0.8611111111111112,0.11521289986558259
64,0.01,128,GELU,50,0.4967741935483871,0.46107784431137727,0.8555555555555555,0.11717840004712343
64,0.01,128,GELU,100,0.4967741935483871,0.46107784431137727,0.8555555555555555,0.10508799995295703
64,0.01,128,GELU,300,0.4967741935483871,0.46107784431137727,0.8555555555555555,0.12163809989579022
64,0.01,128,GELU,500,0.4967741935483871,0.46107784431137727,0.8555555555555555,0.12175160017795861
64,0.01,128,GELU,1000,0.4967741935483871,0.46107784431137727,0.8555555555555555,0.1248914001043886
64,0.01,128,Softmax,50,0.5,0.4626865671641791,0.8611111111111112,0.11397089995443821
64,0.01,128,Softmax,100,0.5,0.4626865671641791,0.8611111111111112,0.09246580000035465
64,0.01,128,Softmax,300,0.5,0.4626865671641791,0.8611111111111112,0.10182079998776317
64,0.01,128,Softmax,500,0.5,0.4626865671641791,0.8611111111111112,0.10349480016157031
64,0.01,128,Softmax,1000,0.5,0.4626865671641791,0.8611111111111112,0.0982222999446094
64,0.001,8,ReLU,50,0.4967741935483871,0.46107784431137727,0.8555555555555555,0.252212299965322
64,0.001,8,ReLU,100,0.4967741935483871,0.46107784431137727,0.8555555555555555,0.2831033000256866
64,0.001,8,ReLU,300,0.4967741935483871,0.46107784431137727,0.8555555555555555,0.380068700062111
64,0.001,8,ReLU,500,0.4967741935483871,0.46107784431137727,0.8555555555555555,0.3064993000589311
64,0.001,8,ReLU,1000,0.4967741935483871,0.46107784431137727,0.8555555555555555,0.2618825000245124
64,0.001,8,Tanh,50,0.4935483870967742,0.4594594594594595,0.85,0.2625677001196891
64,0.001,8,Tanh,100,0.4935483870967742,0.4594594594594595,0.85,0.20843330002389848
64,0.001,8,Tanh,300,0.4935483870967742,0.4594594594594595,0.85,0.1910233001690358
64,0.001,8,Tanh,500,0.4935483870967742,0.4594594594594595,0.85,0.2637390000745654
64,0.001,8,Tanh,1000,0.4935483870967742,0.4594594594594595,0.85,0.4124394999817014
64,0.001,8,Sigmoid,50,0.5,0.4626865671641791,0.8611111111111112,0.26082770014181733
64,0.001,8,Sigmoid,100,0.5,0.4626865671641791,0.8611111111111112,0.27319000009447336
64,0.001,8,Sigmoid,300,0.5,0.4626865671641791,0.8611111111111112,0.2815012999344617
64,0.001,8,Sigmoid,500,0.5,0.4626865671641791,0.8611111111111112,0.2704362999647856
64,0.001,8,Sigmoid,1000,0.5,0.4626865671641791,0.8611111111111112,0.26976930000819266
64,0.001,8,GELU,50,0.4967741935483871,0.46107784431137727,0.8555555555555555,0.29269089992158115
64,0.001,8,GELU,100,0.4967741935483871,0.46107784431137727,0.8555555555555555,0.2986408001743257
64,0.001,8,GELU,300,0.4967741935483871,0.46107784431137727,0.8555555555555555,0.3015208998695016
64,0.001,8,GELU,500,0.4967741935483871,0.46107784431137727,0.8555555555555555,0.2945602999534458
64,0.001,8,GELU,1000,0.4967741935483871,0.46107784431137727,0.8555555555555555,0.24246770003810525
64,0.001,8,Softmax,50,0.5,0.4626865671641791,0.8611111111111112,0.16247680014930665
64,0.001,8,Softmax,100,0.5,0.4626865671641791,0.8611111111111112,0.14177870005369186
64,0.001,8,Softmax,300,0.5,0.4626865671641791,0.8611111111111112,0.14332250016741455
64,0.001,8,Softmax,500,0.5,0.4626865671641791,0.8611111111111112,0.13062829989939928
64,0.001,8,Softmax,1000,0.5,0.4626865671641791,0.8611111111111112,0.12964689987711608
64,0.001,16,ReLU,50,0.4935483870967742,0.4594594594594595,0.85,0.08675400004722178
64,0.001,16,ReLU,100,0.4935483870967742,0.4594594594594595,0.85,0.10944349993951619
64,0.001,16,ReLU,300,0.4935483870967742,0.4594594594594595,0.85,0.17278519994579256
64,0.001,16,ReLU,500,0.4935483870967742,0.4594594594594595,0.85,0.1908408000599593
64,0.001,16,ReLU,1000,0.4935483870967742,0.4594594594594595,0.85,0.19646189990453422
64,0.001,16,Tanh,50,0.4838709677419355,0.45454545454545453,0.8333333333333334,0.21628890000283718
64,0.001,16,Tanh,100,0.4838709677419355,0.45454545454545453,0.8333333333333334,0.2502052001655102
64,0.001,16,Tanh,300,0.4838709677419355,0.45454545454545453,0.8333333333333334,0.18974469997920096
64,0.001,16,Tanh,500,0.4838709677419355,0.45454545454545453,0.8333333333333334,0.18051390000618994
64,0.001,16,Tanh,1000,0.4838709677419355,0.45454545454545453,0.8333333333333334,0.16926439991220832
64,0.001,16,Sigmoid,50,0.5,0.4626865671641791,0.8611111111111112,0.17110570007935166
64,0.001,16,Sigmoid,100,0.5,0.4626865671641791,0.8611111111111112,0.17144989990629256
64,0.001,16,Sigmoid,300,0.5,0.4626865671641791,0.8611111111111112,0.16649620002135634
64,0.001,16,Sigmoid,500,0.5,0.4626865671641791,0.8611111111111112,0.18478489993140101
64,0.001,16,Sigmoid,1000,0.5,0.4626865671641791,0.8611111111111112,0.21022530016489327
64,0.001,16,GELU,50,0.4935483870967742,0.4594594594594595,0.85,0.20601899991743267
64,0.001,16,GELU,100,0.4935483870967742,0.4594594594594595,0.85,0.18229019991122186
64,0.001,16,GELU,300,0.4935483870967742,0.4594594594594595,0.85,0.143942000111565
64,0.001,16,GELU,500,0.4935483870967742,0.4594594594594595,0.85,0.10014860006049275
64,0.001,16,GELU,1000,0.4935483870967742,0.4594594594594595,0.85,0.09951049997471273
64,0.001,16,Softmax,50,0.5,0.4626865671641791,0.8611111111111112,0.08995630010031164
64,0.001,16,Softmax,100,0.5,0.4626865671641791,0.8611111111111112,0.0898837000131607
64,0.001,16,Softmax,300,0.5,0.4626865671641791,0.8611111111111112,0.08845839998684824
64,0.001,16,Softmax,500,0.5,0.4626865671641791,0.8611111111111112,0.15777870011515915
64,0.001,16,Softmax,1000,0.5,0.4626865671641791,0.8611111111111112,0.1489458999130875
64,0.001,32,ReLU,50,0.49032258064516127,0.4578313253012048,0.8444444444444444,0.12206280021928251
64,0.001,32,ReLU,100,0.49032258064516127,0.4578313253012048,0.8444444444444444,0.15953970002010465
64,0.001,32,ReLU,300,0.49032258064516127,0.4578313253012048,0.8444444444444444,0.1967088000383228
64,0.001,32,ReLU,500,0.49032258064516127,0.4578313253012048,0.8444444444444444,0.16070839995518327
64,0.001,32,ReLU,1000,0.49032258064516127,0.4578313253012048,0.8444444444444444,0.1674083999823779
64,0.001,32,Tanh,50,0.4806451612903226,0.45288753799392095,0.8277777777777777,0.16151699982583523
64,0.001,32,Tanh,100,0.4806451612903226,0.45288753799392095,0.8277777777777777,0.15260159992612898
64,0.001,32,Tanh,300,0.4806451612903226,0.45288753799392095,0.8277777777777777,0.10523969982750714
64,0.001,32,Tanh,500,0.4806451612903226,0.45288753799392095,0.8277777777777777,0.0813215000089258
64,0.001,32,Tanh,1000,0.4806451612903226,0.45288753799392095,0.8277777777777777,0.07880899985320866
64,0.001,32,Sigmoid,50,0.5,0.4626865671641791,0.8611111111111112,0.14524149987846613
64,0.001,32,Sigmoid,100,0.5,0.4626865671641791,0.8611111111111112,0.13609469984658062
64,0.001,32,Sigmoid,300,0.5,0.4626865671641791,0.8611111111111112,0.13933899998664856
64,0.001,32,Sigmoid,500,0.5,0.4626865671641791,0.8611111111111112,0.14599660015664995
64,0.001,32,Sigmoid,1000,0.5,0.4626865671641791,0.8611111111111112,0.14922439982183278
64,0.001,32,GELU,50,0.49032258064516127,0.4578313253012048,0.8444444444444444,0.18274850002489984
64,0.001,32,GELU,100,0.49032258064516127,0.4578313253012048,0.8444444444444444,0.14535859995521605
64,0.001,32,GELU,300,0.49032258064516127,0.4578313253012048,0.8444444444444444,0.21070690010674298
64,0.001,32,GELU,500,0.49032258064516127,0.4578313253012048,0.8444444444444444,0.12975040008313954
64,0.001,32,GELU,1000,0.49032258064516127,0.4578313253012048,0.8444444444444444,0.12234380003064871
64,0.001,32,Softmax,50,0.5,0.4626865671641791,0.8611111111111112,0.08028690004721284
64,0.001,32,Softmax,100,0.5,0.4626865671641791,0.8611111111111112,0.05679850000888109
64,0.001,32,Softmax,300,0.5,0.4626865671641791,0.8611111111111112,0.05696550011634827
64,0.001,32,Softmax,500,0.5,0.4626865671641791,0.8611111111111112,0.06830750009976327
64,0.001,32,Softmax,1000,0.5,0.4626865671641791,0.8611111111111112,0.12258669990114868
64,0.001,64,ReLU,50,0.4806451612903226,0.45288753799392095,0.8277777777777777,0.10015560011379421
64,0.001,64,ReLU,100,0.4806451612903226,0.45288753799392095,0.8277777777777777,0.14191120001487434
64,0.001,64,ReLU,300,0.4806451612903226,0.45288753799392095,0.8277777777777777,0.15689009986817837
64,0.001,64,ReLU,500,0.4806451612903226,0.45288753799392095,0.8277777777777777,0.14232520014047623
64,0.001,64,ReLU,1000,0.4806451612903226,0.45288753799392095,0.8277777777777777,0.17769440007396042
64,0.001,64,Tanh,50,0.4806451612903226,0.45288753799392095,0.8277777777777777,0.2790698001626879
64,0.001,64,Tanh,100,0.4806451612903226,0.45288753799392095,0.8277777777777777,0.14049990009516478
64,0.001,64,Tanh,300,0.4806451612903226,0.45288753799392095,0.8277777777777777,0.14032020000740886
64,0.001,64,Tanh,500,0.4806451612903226,0.45288753799392095,0.8277777777777777,0.08449329994618893
64,0.001,64,Tanh,1000,0.4806451612903226,0.45288753799392095,0.8277777777777777,0.06872720015235245
64,0.001,64,Sigmoid,50,0.5,0.4626865671641791,0.8611111111111112,0.058246999979019165
64,0.001,64,Sigmoid,100,0.5,0.4626865671641791,0.8611111111111112,0.058666199911385775
64,0.001,64,Sigmoid,300,0.5,0.4626865671641791,0.8611111111111112,0.04698060010559857
64,0.001,64,Sigmoid,500,0.5,0.4626865671641791,0.8611111111111112,0.05857370002195239
64,0.001,64,Sigmoid,1000,0.5,0.4626865671641791,0.8611111111111112,0.1202868998516351
64,0.001,64,GELU,50,0.4806451612903226,0.45288753799392095,0.8277777777777777,0.13947559986263514
64,0.001,64,GELU,100,0.4806451612903226,0.45288753799392095,0.8277777777777777,0.1186559998895973
64,0.001,64,GELU,300,0.4806451612903226,0.45288753799392095,0.8277777777777777,0.15088930004276335
64,0.001,64,GELU,500,0.4806451612903226,0.45288753799392095,0.8277777777777777,0.15087160002440214
64,0.001,64,GELU,1000,0.4806451612903226,0.45288753799392095,0.8277777777777777,0.1339614000171423
64,0.001,64,Softmax,50,0.5,0.4626865671641791,0.8611111111111112,0.11465370003134012
64,0.001,64,Softmax,100,0.5,0.4626865671641791,0.8611111111111112,0.10436009988188744
64,0.001,64,Softmax,300,0.5,0.4626865671641791,0.8611111111111112,0.09795200009830296
64,0.001,64,Softmax,500,0.5,0.4626865671641791,0.8611111111111112,0.10509029985405505
64,0.001,64,Softmax,1000,0.5,0.4626865671641791,0.8611111111111112,0.11751000001095235
64,0.001,128,ReLU,50,0.4806451612903226,0.45288753799392095,0.8277777777777777,0.06931389984674752
64,0.001,128,ReLU,100,0.4806451612903226,0.45288753799392095,0.8277777777777777,0.06866750004701316
64,0.001,128,ReLU,300,0.4806451612903226,0.45288753799392095,0.8277777777777777,0.05820650001987815
64,0.001,128,ReLU,500,0.4806451612903226,0.45288753799392095,0.8277777777777777,0.05699700000695884
64,0.001,128,ReLU,1000,0.4806451612903226,0.45288753799392095,0.8277777777777777,0.05765140010043979
64,0.001,128,Tanh,50,0.4838709677419355,0.45454545454545453,0.8333333333333334,0.06678760005161166
64,0.001,128,Tanh,100,0.4838709677419355,0.45454545454545453,0.8333333333333334,0.19806309998966753
64,0.001,128,Tanh,300,0.4838709677419355,0.45454545454545453,0.8333333333333334,0.2687944998033345
64,0.001,128,Tanh,500,0.4838709677419355,0.45454545454545453,0.8333333333333334,0.18854839983396232
64,0.001,128,Tanh,1000,0.4838709677419355,0.45454545454545453,0.8333333333333334,0.16342419991269708
64,0.001,128,Sigmoid,50,0.5,0.4626865671641791,0.8611111111111112,0.10203250008635223
64,0.001,128,Sigmoid,100,0.5,0.4626865671641791,0.8611111111111112,0.09117350005544722
64,0.001,128,Sigmoid,300,0.5,0.4626865671641791,0.8611111111111112,0.11258580000139773
64,0.001,128,Sigmoid,500,0.5,0.4626865671641791,0.8611111111111112,0.08747490006498992
64,0.001,128,Sigmoid,1000,0.5,0.4626865671641791,0.8611111111111112,0.1244202998932451
64,0.001,128,GELU,50,0.4806451612903226,0.45288753799392095,0.8277777777777777,0.10008030012249947
64,0.001,128,GELU,100,0.4806451612903226,0.45288753799392095,0.8277777777777777,0.068883600179106
64,0.001,128,GELU,300,0.4806451612903226,0.45288753799392095,0.8277777777777777,0.057153600035235286
64,0.001,128,GELU,500,0.4806451612903226,0.45288753799392095,0.8277777777777777,0.05709650018252432
64,0.001,128,GELU,1000,0.4806451612903226,0.45288753799392095,0.8277777777777777,0.08229200006462634
64,0.001,128,Softmax,50,0.5,0.4626865671641791,0.8611111111111112,0.10113180009648204
64,0.001,128,Softmax,100,0.5,0.4626865671641791,0.8611111111111112,0.1258580000139773
64,0.001,128,Softmax,300,0.5,0.4626865671641791,0.8611111111111112,0.10041920002549887
64,0.001,128,Softmax,500,0.5,0.4626865671641791,0.8611111111111112,0.09632140002213418
64,0.001,128,Softmax,1000,0.5,0.4626865671641791,0.8611111111111112,0.1106956999283284
64,0.0001,8,ReLU,50,0.47096774193548385,0.44785276073619634,0.8111111111111111,0.4397617999929935
64,0.0001,8,ReLU,100,0.47096774193548385,0.44785276073619634,0.8111111111111111,0.36407039989717305
64,0.0001,8,ReLU,300,0.47096774193548385,0.44785276073619634,0.8111111111111111,0.26434340002015233
64,0.0001,8,ReLU,500,0.47096774193548385,0.44785276073619634,0.8111111111111111,0.2628534999676049
64,0.0001,8,ReLU,1000,0.47096774193548385,0.44785276073619634,0.8111111111111111,0.42969730007462204
64,0.0001,8,Tanh,50,0.4612903225806452,0.44272445820433437,0.7944444444444444,0.4134521000087261
64,0.0001,8,Tanh,100,0.4612903225806452,0.44272445820433437,0.7944444444444444,0.41087629995308816
64,0.0001,8,Tanh,300,0.4612903225806452,0.44272445820433437,0.7944444444444444,0.3289501001127064
64,0.0001,8,Tanh,500,0.4612903225806452,0.44272445820433437,0.7944444444444444,0.29810779984109104
64,0.0001,8,Tanh,1000,0.4612903225806452,0.44272445820433437,0.7944444444444444,0.47053560009226203
64,0.0001,8,Sigmoid,50,0.5,0.4626865671641791,0.8611111111111112,0.22299590008333325
64,0.0001,8,Sigmoid,100,0.5,0.4626865671641791,0.8611111111111112,0.26828980003483593
64,0.0001,8,Sigmoid,300,0.5,0.4626865671641791,0.8611111111111112,0.24906609999015927
64,0.0001,8,Sigmoid,500,0.5,0.4626865671641791,0.8611111111111112,0.2315956000238657
64,0.0001,8,Sigmoid,1000,0.5,0.4626865671641791,0.8611111111111112,0.14321570005267859
64,0.0001,8,GELU,50,0.47096774193548385,0.44785276073619634,0.8111111111111111,0.27958830003626645
64,0.0001,8,GELU,100,0.47096774193548385,0.44785276073619634,0.8111111111111111,0.42054380010813475
64,0.0001,8,GELU,300,0.47096774193548385,0.44785276073619634,0.8111111111111111,0.41641669999808073
64,0.0001,8,GELU,500,0.47096774193548385,0.44785276073619634,0.8111111111111111,0.5505351999308914
64,0.0001,8,GELU,1000,0.47096774193548385,0.44785276073619634,0.8111111111111111,0.24787669978104532
64,0.0001,8,Softmax,50,0.5,0.4626865671641791,0.8611111111111112,0.14765759999863803
64,0.0001,8,Softmax,100,0.5,0.4626865671641791,0.8611111111111112,0.2672432998660952
64,0.0001,8,Softmax,300,0.5,0.4626865671641791,0.8611111111111112,0.24533129995688796
64,0.0001,8,Softmax,500,0.5,0.4626865671641791,0.8611111111111112,0.28947889991104603
64,0.0001,8,Softmax,1000,0.5,0.4626865671641791,0.8611111111111112,0.29646650003269315
64,0.0001,16,ReLU,50,0.432258064516129,0.4267515923566879,0.7444444444444445,0.21650939993560314
64,0.0001,16,ReLU,100,0.432258064516129,0.4267515923566879,0.7444444444444445,0.17489659995771945
64,0.0001,16,ReLU,300,0.432258064516129,0.4267515923566879,0.7444444444444445,0.14192999992519617
64,0.0001,16,ReLU,500,0.432258064516129,0.4267515923566879,0.7444444444444445,0.1099829999729991
64,0.0001,16,ReLU,1000,0.432258064516129,0.4267515923566879,0.7444444444444445,0.14987079985439777
64,0.0001,16,Tanh,50,0.4070967741935484,0.4177312352650913,0.6722222222222223,0.31338210008107126
64,0.0001,16,Tanh,100,0.4070967741935484,0.4177312352650913,0.6722222222222223,0.2793709000106901
64,0.0001,16,Tanh,300,0.4070967741935484,0.4177312352650913,0.6722222222222223,0.2896841000765562
64,0.0001,16,Tanh,500,0.4070967741935484,0.4177312352650913,0.6722222222222223,0.3404930999968201
64,0.0001,16,Tanh,1000,0.4070967741935484,0.4177312352650913,0.6722222222222223,0.2672477997839451
64,0.0001,16,Sigmoid,50,0.5,0.4626865671641791,0.8611111111111112,0.17409840016625822
64,0.0001,16,Sigmoid,100,0.5,0.4626865671641791,0.8611111111111112,0.16223519993945956
64,0.0001,16,Sigmoid,300,0.5,0.4626865671641791,0.8611111111111112,0.10342380008660257
64,0.0001,16,Sigmoid,500,0.5,0.4626865671641791,0.8611111111111112,0.0895696000661701
64,0.0001,16,Sigmoid,1000,0.5,0.4626865671641791,0.8611111111111112,0.09966160007752478
64,0.0001,16,GELU,50,0.432258064516129,0.4267515923566879,0.7444444444444445,0.17260320018976927
64,0.0001,16,GELU,100,0.432258064516129,0.4267515923566879,0.7444444444444445,0.2890645998995751
64,0.0001,16,GELU,300,0.432258064516129,0.4267515923566879,0.7444444444444445,0.2564843001309782
64,0.0001,16,GELU,500,0.432258064516129,0.4267515923566879,0.7444444444444445,0.2351027000695467
64,0.0001,16,GELU,1000,0.432258064516129,0.4267515923566879,0.7444444444444445,0.3001241001766175
64,0.0001,16,Softmax,50,0.5,0.4626865671641791,0.8611111111111112,0.20551940007135272
64,0.0001,16,Softmax,100,0.5,0.4626865671641791,0.8611111111111112,0.16373020014725626
64,0.0001,16,Softmax,300,0.5,0.4626865671641791,0.8611111111111112,0.226063699927181
64,0.0001,16,Softmax,500,0.5,0.4626865671641791,0.8611111111111112,0.19252220005728304
64,0.0001,16,Softmax,1000,0.5,0.4626865671641791,0.8611111111111112,0.1450942000374198
64,0.0001,32,ReLU,50,0.43612903225806454,0.43806193806193805,0.7222222222222222,0.11066889995709062
64,0.0001,32,ReLU,100,0.43612903225806454,0.43806193806193805,0.7222222222222222,0.09868200006894767
64,0.0001,32,ReLU,300,0.43612903225806454,0.43806193806193805,0.7222222222222222,0.10221909987740219
64,0.0001,32,ReLU,500,0.43612903225806454,0.43806193806193805,0.7222222222222222,0.10063809994608164
64,0.0001,32,ReLU,1000,0.43612903225806454,0.43806193806193805,0.7222222222222222,0.11938669998198748
64,0.0001,32,Tanh,50,0.38451612903225807,0.4016921837228042,0.6333333333333333,0.2654087000992149
64,0.0001,32,Tanh,100,0.38451612903225807,0.4016921837228042,0.6333333333333333,0.182237199973315
64,0.0001,32,Tanh,300,0.38451612903225807,0.4016921837228042,0.6333333333333333,0.22186300018802285
64,0.0001,32,Tanh,500,0.38451612903225807,0.4016921837228042,0.6333333333333333,0.23817289993166924
64,0.0001,32,Tanh,1000,0.38451612903225807,0.4016921837228042,0.6333333333333333,0.21786230010911822
64,0.0001,32,Sigmoid,50,0.5,0.4626865671641791,0.8611111111111112,0.12739049992524087
64,0.0001,32,Sigmoid,100,0.5,0.4626865671641791,0.8611111111111112,0.13665049988776445
64,0.0001,32,Sigmoid,300,0.5,0.4626865671641791,0.8611111111111112,0.14519040007144213
64,0.0001,32,Sigmoid,500,0.5,0.4626865671641791,0.8611111111111112,0.10713250003755093
64,0.0001,32,Sigmoid,1000,0.5,0.4626865671641791,0.8611111111111112,0.11227130005136132
64,0.0001,32,GELU,50,0.43612903225806454,0.43806193806193805,0.7222222222222222,0.11766480002552271
64,0.0001,32,GELU,100,0.43612903225806454,0.43806193806193805,0.7222222222222222,0.10194170009344816
64,0.0001,32,GELU,300,0.43612903225806454,0.43806193806193805,0.7222222222222222,0.10003639990463853
64,0.0001,32,GELU,500,0.43612903225806454,0.43806193806193805,0.7222222222222222,0.07758140005171299
64,0.0001,32,GELU,1000,0.43612903225806454,0.43806193806193805,0.7222222222222222,0.06689150002785027
64,0.0001,32,Softmax,50,0.5,0.4626865671641791,0.8611111111111112,0.06797210010699928
64,0.0001,32,Softmax,100,0.5,0.4626865671641791,0.8611111111111112,0.0694528000894934
64,0.0001,32,Softmax,300,0.5,0.4626865671641791,0.8611111111111112,0.15693509997799993
64,0.0001,32,Softmax,500,0.5,0.4626865671641791,0.8611111111111112,0.13758320012129843
64,0.0001,32,Softmax,1000,0.5,0.4626865671641791,0.8611111111111112,0.14103739988058805
64,0.0001,64,ReLU,50,0.4496774193548387,0.4527570789865872,0.7166666666666667,0.10618390003219247
64,0.0001,64,ReLU,100,0.4496774193548387,0.4527570789865872,0.7166666666666667,0.13356650015339255
64,0.0001,64,ReLU,300,0.4496774193548387,0.4527570789865872,0.7166666666666667,0.12888730014674366
64,0.0001,64,ReLU,500,0.4496774193548387,0.4527570789865872,0.7166666666666667,0.10950589994899929
64,0.0001,64,ReLU,1000,0.4496774193548387,0.4527570789865872,0.7166666666666667,0.10004850011318922
64,0.0001,64,Tanh,50,0.3819354838709677,0.39955522609340255,0.6,0.13474470004439354
64,0.0001,64,Tanh,100,0.3819354838709677,0.39955522609340255,0.6,0.15022820001468062
64,0.0001,64,Tanh,300,0.3819354838709677,0.39955522609340255,0.6,0.17305399989709258
64,0.0001,64,Tanh,500,0.3819354838709677,0.39955522609340255,0.6,0.1826156999450177
64,0.0001,64,Tanh,1000,0.3819354838709677,0.39955522609340255,0.6,0.1645039999857545
64,0.0001,64,Sigmoid,50,0.5,0.4626865671641791,0.8611111111111112,0.058230499969795346
64,0.0001,64,Sigmoid,100,0.5,0.4626865671641791,0.8611111111111112,0.05806740000844002
64,0.0001,64,Sigmoid,300,0.5,0.4626865671641791,0.8611111111111112,0.04746409994550049
64,0.0001,64,Sigmoid,500,0.5,0.4626865671641791,0.8611111111111112,0.05895689991302788
64,0.0001,64,Sigmoid,1000,0.5,0.4626865671641791,0.8611111111111112,0.05585250002332032
64,0.0001,64,GELU,50,0.4496774193548387,0.4527570789865872,0.7166666666666667,0.06852649990469217
64,0.0001,64,GELU,100,0.4496774193548387,0.4527570789865872,0.7166666666666667,0.06812470010481775
64,0.0001,64,GELU,300,0.4496774193548387,0.4527570789865872,0.7166666666666667,0.11122400010935962
64,0.0001,64,GELU,500,0.4496774193548387,0.4527570789865872,0.7166666666666667,0.13856959994882345
64,0.0001,64,GELU,1000,0.4496774193548387,0.4527570789865872,0.7166666666666667,0.12927820021286607
64,0.0001,64,Softmax,50,0.5,0.4626865671641791,0.8611111111111112,0.12027469999156892
64,0.0001,64,Softmax,100,0.5,0.4626865671641791,0.8611111111111112,0.11286920006386936
64,0.0001,64,Softmax,300,0.5,0.4626865671641791,0.8611111111111112,0.09885980002582073
64,0.0001,64,Softmax,500,0.5,0.4626865671641791,0.8611111111111112,0.14233279996551573
64,0.0001,64,Softmax,1000,0.5,0.4626865671641791,0.8611111111111112,0.12790470011532307
64,0.0001,128,ReLU,50,0.44,0.4450787851107559,0.7,0.11750419996678829
64,0.0001,128,ReLU,100,0.44,0.4450787851107559,0.7,0.10950729995965958
64,0.0001,128,ReLU,300,0.44,0.4450787851107559,0.7,0.12651619990356266
64,0.0001,128,ReLU,500,0.44,0.4450787851107559,0.7,0.1248176998924464
64,0.0001,128,ReLU,1000,0.44,0.4450787851107559,0.7,0.1266495999880135
64,0.0001,128,Tanh,50,0.40580645161290324,0.4128137097124962,0.5833333333333334,0.11567789991386235
64,0.0001,128,Tanh,100,0.40580645161290324,0.4128137097124962,0.5833333333333334,0.10510669997893274
64,0.0001,128,Tanh,300,0.40580645161290324,0.4128137097124962,0.5833333333333334,0.07865829998627305
64,0.0001,128,Tanh,500,0.40580645161290324,0.4128137097124962,0.5833333333333334,0.05817539989948273
64,0.0001,128,Tanh,1000,0.40580645161290324,0.4128137097124962,0.5833333333333334,0.05730270012281835
64,0.0001,128,Sigmoid,50,0.5,0.4626865671641791,0.8611111111111112,0.051754700019955635
64,0.0001,128,Sigmoid,100,0.5,0.4626865671641791,0.8611111111111112,0.08605029992759228
64,0.0001,128,Sigmoid,300,0.5,0.4626865671641791,0.8611111111111112,0.04971799999475479
64,0.0001,128,Sigmoid,500,0.5,0.4626865671641791,0.8611111111111112,0.0471707999240607
64,0.0001,128,Sigmoid,1000,0.5,0.4626865671641791,0.8611111111111112,0.048446600092574954
64,0.0001,128,GELU,50,0.44,0.4450787851107559,0.7,0.061046200105920434
64,0.0001,128,GELU,100,0.44,0.4450787851107559,0.7,0.10648570000194013
64,0.0001,128,GELU,300,0.44,0.4450787851107559,0.7,0.12710909987799823
64,0.0001,128,GELU,500,0.44,0.4450787851107559,0.7,0.12178169982507825
64,0.0001,128,GELU,1000,0.44,0.4450787851107559,0.7,0.12079610000364482
64,0.0001,128,Softmax,50,0.5,0.4626865671641791,0.8611111111111112,0.09703810000792146
64,0.0001,128,Softmax,100,0.5,0.4626865671641791,0.8611111111111112,0.10110180010087788
64,0.0001,128,Softmax,300,0.5,0.4626865671641791,0.8611111111111112,0.1042361999861896
64,0.0001,128,Softmax,500,0.5,0.4626865671641791,0.8611111111111112,0.10517330002039671
64,0.0001,128,Softmax,1000,0.5,0.4626865671641791,0.8611111111111112,0.08876669988967478
64,0.00025,8,ReLU,50,0.4838709677419355,0.45454545454545453,0.8333333333333334,0.28950730012729764
64,0.00025,8,ReLU,100,0.4838709677419355,0.45454545454545453,0.8333333333333334,0.21373509988188744
64,0.00025,8,ReLU,300,0.4838709677419355,0.45454545454545453,0.8333333333333334,0.1518854999449104
64,0.00025,8,ReLU,500,0.4838709677419355,0.45454545454545453,0.8333333333333334,0.345030999975279
64,0.00025,8,ReLU,1000,0.4838709677419355,0.45454545454545453,0.8333333333333334,0.3738057999871671
64,0.00025,8,Tanh,50,0.4806451612903226,0.45288753799392095,0.8277777777777777,0.3645341000519693
64,0.00025,8,Tanh,100,0.4806451612903226,0.45288753799392095,0.8277777777777777,0.3644715999253094
64,0.00025,8,Tanh,300,0.4806451612903226,0.45288753799392095,0.8277777777777777,0.22621430014260113
64,0.00025,8,Tanh,500,0.4806451612903226,0.45288753799392095,0.8277777777777777,0.2932548001408577
64,0.00025,8,Tanh,1000,0.4806451612903226,0.45288753799392095,0.8277777777777777,0.44882400007918477
64,0.00025,8,Sigmoid,50,0.5,0.4626865671641791,0.8611111111111112,0.2083119999151677
64,0.00025,8,Sigmoid,100,0.5,0.4626865671641791,0.8611111111111112,0.2660050999838859
64,0.00025,8,Sigmoid,300,0.5,0.4626865671641791,0.8611111111111112,0.269675699993968
64,0.00025,8,Sigmoid,500,0.5,0.4626865671641791,0.8611111111111112,0.23268380016088486
64,0.00025,8,Sigmoid,1000,0.5,0.4626865671641791,0.8611111111111112,0.14305679989047348
64,0.00025,8,GELU,50,0.4838709677419355,0.45454545454545453,0.8333333333333334,0.2607215999159962
64,0.00025,8,GELU,100,0.4838709677419355,0.45454545454545453,0.8333333333333334,0.38349829986691475
64,0.00025,8,GELU,300,0.4838709677419355,0.45454545454545453,0.8333333333333334,0.3173505999147892
64,0.00025,8,GELU,500,0.4838709677419355,0.45454545454545453,0.8333333333333334,0.39489739993587136
64,0.00025,8,GELU,1000,0.4838709677419355,0.45454545454545453,0.8333333333333334,0.3244460001587868
64,0.00025,8,Softmax,50,0.5,0.4626865671641791,0.8611111111111112,0.18503309995867312
64,0.00025,8,Softmax,100,0.5,0.4626865671641791,0.8611111111111112,0.13273090007714927
64,0.00025,8,Softmax,300,0.5,0.4626865671641791,0.8611111111111112,0.22595460014417768
64,0.00025,8,Softmax,500,0.5,0.4626865671641791,0.8611111111111112,0.2723475999664515
64,0.00025,8,Softmax,1000,0.5,0.4626865671641791,0.8611111111111112,0.26265179994516075
64,0.00025,16,ReLU,50,0.4774193548387097,0.45121951219512196,0.8222222222222222,0.21485000010579824
64,0.00025,16,ReLU,100,0.4774193548387097,0.45121951219512196,0.8222222222222222,0.24909729999490082
64,0.00025,16,ReLU,300,0.4774193548387097,0.45121951219512196,0.8222222222222222,0.35063520004041493
64,0.00025,16,ReLU,500,0.4774193548387097,0.45121951219512196,0.8222222222222222,0.1570619000121951
64,0.00025,16,ReLU,1000,0.4774193548387097,0.45121951219512196,0.8222222222222222,0.141756699886173
64,0.00025,16,Tanh,50,0.46774193548387094,0.4461538461538462,0.8055555555555556,0.24426020006649196
64,0.00025,16,Tanh,100,0.46774193548387094,0.4461538461538462,0.8055555555555556,0.25168689992278814
64,0.00025,16,Tanh,300,0.46774193548387094,0.4461538461538462,0.8055555555555556,0.27051880001090467
64,0.00025,16,Tanh,500,0.46774193548387094,0.4461538461538462,0.8055555555555556,0.24083960009738803
64,0.00025,16,Tanh,1000,0.46774193548387094,0.4461538461538462,0.8055555555555556,0.2892013001255691
64,0.00025,16,Sigmoid,50,0.5,0.4626865671641791,0.8611111111111112,0.15188860008493066
64,0.00025,16,Sigmoid,100,0.5,0.4626865671641791,0.8611111111111112,0.17298900010064244
64,0.00025,16,Sigmoid,300,0.5,0.4626865671641791,0.8611111111111112,0.15339340013451874
64,0.00025,16,Sigmoid,500,0.5,0.4626865671641791,0.8611111111111112,0.12916620005853474
64,0.00025,16,Sigmoid,1000,0.5,0.4626865671641791,0.8611111111111112,0.10050239996053278
64,0.00025,16,GELU,50,0.4774193548387097,0.45121951219512196,0.8222222222222222,0.13222649996168911
64,0.00025,16,GELU,100,0.4774193548387097,0.45121951219512196,0.8222222222222222,0.1176509999204427
64,0.00025,16,GELU,300,0.4774193548387097,0.45121951219512196,0.8222222222222222,0.14756620000116527
64,0.00025,16,GELU,500,0.4774193548387097,0.45121951219512196,0.8222222222222222,0.22456510015763342
64,0.00025,16,GELU,1000,0.4774193548387097,0.45121951219512196,0.8222222222222222,0.3565537999384105
64,0.00025,16,Softmax,50,0.5,0.4626865671641791,0.8611111111111112,0.22477670013904572
64,0.00025,16,Softmax,100,0.5,0.4626865671641791,0.8611111111111112,0.20543670002371073
64,0.00025,16,Softmax,300,0.5,0.4626865671641791,0.8611111111111112,0.17106970003806055
64,0.00025,16,Softmax,500,0.5,0.4626865671641791,0.8611111111111112,0.16348630003631115
64,0.00025,16,Softmax,1000,0.5,0.4626865671641791,0.8611111111111112,0.16013049986213446
64,0.00025,32,ReLU,50,0.47419354838709676,0.44954128440366975,0.8166666666666667,0.16582140000537038
64,0.00025,32,ReLU,100,0.47419354838709676,0.44954128440366975,0.8166666666666667,0.15503069991245866
64,0.00025,32,ReLU,300,0.47419354838709676,0.44954128440366975,0.8166666666666667,0.14094540011137724
64,0.00025,32,ReLU,500,0.47419354838709676,0.44954128440366975,0.8166666666666667,0.11346549983136356
64,0.00025,32,ReLU,1000,0.47419354838709676,0.44954128440366975,0.8166666666666667,0.11525859986431897
64,0.00025,32,Tanh,50,0.4612903225806452,0.44272445820433437,0.7944444444444444,0.11089699994772673
64,0.00025,32,Tanh,100,0.4612903225806452,0.44272445820433437,0.7944444444444444,0.1023656998295337
64,0.00025,32,Tanh,300,0.4612903225806452,0.44272445820433437,0.7944444444444444,0.1603098998311907
64,0.00025,32,Tanh,500,0.4612903225806452,0.44272445820433437,0.7944444444444444,0.192827699938789
64,0.00025,32,Tanh,1000,0.4612903225806452,0.44272445820433437,0.7944444444444444,0.19534060009755194
64,0.00025,32,Sigmoid,50,0.5,0.4626865671641791,0.8611111111111112,0.17114329989999533
64,0.00025,32,Sigmoid,100,0.5,0.4626865671641791,0.8611111111111112,0.17130999988876283
64,0.00025,32,Sigmoid,300,0.5,0.4626865671641791,0.8611111111111112,0.19735240004956722
64,0.00025,32,Sigmoid,500,0.5,0.4626865671641791,0.8611111111111112,0.17926019988954067
64,0.00025,32,Sigmoid,1000,0.5,0.4626865671641791,0.8611111111111112,0.14062249986454844
64,0.00025,32,GELU,50,0.47419354838709676,0.44954128440366975,0.8166666666666667,0.18305450002662838
64,0.00025,32,GELU,100,0.47419354838709676,0.44954128440366975,0.8166666666666667,0.15897540003061295
64,0.00025,32,GELU,300,0.47419354838709676,0.44954128440366975,0.8166666666666667,0.17140610003843904
64,0.00025,32,GELU,500,0.47419354838709676,0.44954128440366975,0.8166666666666667,0.1753831000532955
64,0.00025,32,GELU,1000,0.47419354838709676,0.44954128440366975,0.8166666666666667,0.10945789981633425
64,0.00025,32,Softmax,50,0.5,0.4626865671641791,0.8611111111111112,0.05746289994567633
64,0.00025,32,Softmax,100,0.5,0.4626865671641791,0.8611111111111112,0.06927120010368526
64,0.00025,32,Softmax,300,0.5,0.4626865671641791,0.8611111111111112,0.05745039996691048
64,0.00025,32,Softmax,500,0.5,0.4626865671641791,0.8611111111111112,0.06969789997674525
64,0.00025,32,Softmax,1000,0.5,0.4626865671641791,0.8611111111111112,0.05753870005719364
64,0.00025,64,ReLU,50,0.44193548387096776,0.43217665615141954,0.7611111111111111,0.06774640013463795
64,0.00025,64,ReLU,100,0.44193548387096776,0.43217665615141954,0.7611111111111111,0.07853489997796714
64,0.00025,64,ReLU,300,0.44193548387096776,0.43217665615141954,0.7611111111111111,0.1635817000642419
64,0.00025,64,ReLU,500,0.44193548387096776,0.43217665615141954,0.7611111111111111,0.16932439990341663
64,0.00025,64,ReLU,1000,0.44193548387096776,0.43217665615141954,0.7611111111111111,0.172955600079149
64,0.00025,64,Tanh,50,0.38064516129032255,0.3959731543624161,0.6555555555555556,0.152508300030604
64,0.00025,64,Tanh,100,0.38064516129032255,0.3959731543624161,0.6555555555555556,0.15730790002271533
64,0.00025,64,Tanh,300,0.38064516129032255,0.3959731543624161,0.6555555555555556,0.13645719992928207
64,0.00025,64,Tanh,500,0.38064516129032255,0.3959731543624161,0.6555555555555556,0.13459479995071888
64,0.00025,64,Tanh,1000,0.38064516129032255,0.3959731543624161,0.6555555555555556,0.10948710003867745
64,0.00025,64,Sigmoid,50,0.5,0.4626865671641791,0.8611111111111112,0.15880550001747906
64,0.00025,64,Sigmoid,100,0.5,0.4626865671641791,0.8611111111111112,0.11623200005851686
64,0.00025,64,Sigmoid,300,0.5,0.4626865671641791,0.8611111111111112,0.10817490005865693
64,0.00025,64,Sigmoid,500,0.5,0.4626865671641791,0.8611111111111112,0.13190759997814894
64,0.00025,64,Sigmoid,1000,0.5,0.4626865671641791,0.8611111111111112,0.12976039992645383
64,0.00025,64,GELU,50,0.44193548387096776,0.43217665615141954,0.7611111111111111,0.09997940016910434
64,0.00025,64,GELU,100,0.44193548387096776,0.43217665615141954,0.7611111111111111,0.0825515000615269
64,0.00025,64,GELU,300,0.44193548387096776,0.43217665615141954,0.7611111111111111,0.08944669994525611
64,0.00025,64,GELU,500,0.44193548387096776,0.43217665615141954,0.7611111111111111,0.09596559987403452
64,0.00025,64,GELU,1000,0.44193548387096776,0.43217665615141954,0.7611111111111111,0.1386759001761675
64,0.00025,64,Softmax,50,0.5,0.4626865671641791,0.8611111111111112,0.14000690006650984
64,0.00025,64,Softmax,100,0.5,0.4626865671641791,0.8611111111111112,0.13012100011110306
64,0.00025,64,Softmax,300,0.5,0.4626865671641791,0.8611111111111112,0.14101290004327893
64,0.00025,64,Softmax,500,0.5,0.4626865671641791,0.8611111111111112,0.12860499997623265
64,0.00025,64,Softmax,1000,0.5,0.4626865671641791,0.8611111111111112,0.15420759981498122
64,0.00025,128,ReLU,50,0.42258064516129035,0.4212218649517685,0.7277777777777777,0.12172969989478588
64,0.00025,128,ReLU,100,0.42258064516129035,0.4212218649517685,0.7277777777777777,0.12727860012091696
64,0.00025,128,ReLU,300,0.42258064516129035,0.4212218649517685,0.7277777777777777,0.15051730000413954
64,0.00025,128,ReLU,500,0.42258064516129035,0.4212218649517685,0.7277777777777777,0.17219060007482767
64,0.00025,128,ReLU,1000,0.42258064516129035,0.4212218649517685,0.7277777777777777,0.1710377000272274
64,0.00025,128,Tanh,50,0.3941935483870968,0.40860495436766625,0.65,0.1896014001686126
64,0.00025,128,Tanh,100,0.3941935483870968,0.40860495436766625,0.65,0.1878321000840515
64,0.00025,128,Tanh,300,0.3941935483870968,0.40860495436766625,0.65,0.11931050010025501
64,0.00025,128,Tanh,500,0.3941935483870968,0.40860495436766625,0.65,0.1099771000444889
64,0.00025,128,Tanh,1000,0.3941935483870968,0.40860495436766625,0.65,0.08991430001333356
64,0.00025,128,Sigmoid,50,0.5,0.4626865671641791,0.8611111111111112,0.046819600043818355
64,0.00025,128,Sigmoid,100,0.5,0.4626865671641791,0.8611111111111112,0.05893469997681677
64,0.00025,128,Sigmoid,300,0.5,0.4626865671641791,0.8611111111111112,0.04749449994415045
64,0.00025,128,Sigmoid,500,0.5,0.4626865671641791,0.8611111111111112,0.04685040004551411
64,0.00025,128,Sigmoid,1000,0.5,0.4626865671641791,0.8611111111111112,0.04703749995678663
64,0.00025,128,GELU,50,0.42258064516129035,0.4212218649517685,0.7277777777777777,0.06908940011635423
64,0.00025,128,GELU,100,0.42258064516129035,0.4212218649517685,0.7277777777777777,0.05662870011292398
64,0.00025,128,GELU,300,0.42258064516129035,0.4212218649517685,0.7277777777777777,0.08662050007842481
64,0.00025,128,GELU,500,0.42258064516129035,0.4212218649517685,0.7277777777777777,0.13474979996681213
64,0.00025,128,GELU,1000,0.42258064516129035,0.4212218649517685,0.7277777777777777,0.14695409988053143
64,0.00025,128,Softmax,50,0.5,0.4626865671641791,0.8611111111111112,0.11458540009334683
64,0.00025,128,Softmax,100,0.5,0.4626865671641791,0.8611111111111112,0.12447579996660352
64,0.00025,128,Softmax,300,0.5,0.4626865671641791,0.8611111111111112,0.12027899990789592
64,0.00025,128,Softmax,500,0.5,0.4626865671641791,0.8611111111111112,0.1089196999091655
64,0.00025,128,Softmax,1000,0.5,0.4626865671641791,0.8611111111111112,0.10233939997851849
128,0.01,8,ReLU,50,0.5135483870967742,0.4965576592082616,0.8555555555555555,0.20073740021325648
128,0.01,8,ReLU,100,0.5135483870967742,0.4965576592082616,0.8555555555555555,0.21803270000964403
128,0.01,8,ReLU,300,0.5135483870967742,0.4965576592082616,0.8555555555555555,0.37492450000718236
128,0.01,8,ReLU,500,0.5135483870967742,0.4965576592082616,0.8555555555555555,0.47054849984124303
128,0.01,8,ReLU,1000,0.5135483870967742,0.4965576592082616,0.8555555555555555,0.21932239993475378
128,0.01,8,Tanh,50,0.5303225806451612,0.5272727272727273,0.8555555555555555,0.2503545999061316
128,0.01,8,Tanh,100,0.5303225806451612,0.5272727272727273,0.8555555555555555,0.3437989999074489
128,0.01,8,Tanh,300,0.5303225806451612,0.5272727272727273,0.8555555555555555,0.3769670999608934
128,0.01,8,Tanh,500,0.5303225806451612,0.5272727272727273,0.8555555555555555,0.2284872999880463
128,0.01,8,Tanh,1000,0.5303225806451612,0.5272727272727273,0.8555555555555555,0.25000620004720986
128,0.01,8,Sigmoid,50,0.52,0.5025333947489636,0.8666666666666667,0.3353695999830961
128,0.01,8,Sigmoid,100,0.52,0.5025333947489636,0.8666666666666667,0.3548008999787271
128,0.01,8,Sigmoid,300,0.52,0.5025333947489636,0.8666666666666667,0.2357950999867171
128,0.01,8,Sigmoid,500,0.52,0.5025333947489636,0.8666666666666667,0.251125399954617
128,0.01,8,Sigmoid,1000,0.52,0.5025333947489636,0.8666666666666667,0.32665319996885955
128,0.01,8,GELU,50,0.5135483870967742,0.4965576592082616,0.8555555555555555,0.40723130013793707
128,0.01,8,GELU,100,0.5135483870967742,0.4965576592082616,0.8555555555555555,0.2844847000669688
128,0.01,8,GELU,300,0.5135483870967742,0.4965576592082616,0.8555555555555555,0.24879950005561113
128,0.01,8,GELU,500,0.5135483870967742,0.4965576592082616,0.8555555555555555,0.24395669996738434
128,0.01,8,GELU,1000,0.5135483870967742,0.4965576592082616,0.8555555555555555,0.39162970008328557
128,0.01,8,Softmax,50,0.52,0.5025333947489636,0.8666666666666667,0.37289270013570786
128,0.01,8,Softmax,100,0.52,0.5025333947489636,0.8666666666666667,0.2312321001663804
128,0.01,8,Softmax,300,0.52,0.5025333947489636,0.8666666666666667,0.2796805000398308
128,0.01,8,Softmax,500,0.52,0.5025333947489636,0.8666666666666667,0.28806770010851324
128,0.01,8,Softmax,1000,0.52,0.5025333947489636,0.8666666666666667,0.4426595999393612
128,0.01,16,ReLU,50,0.516774193548387,0.4994994994994995,0.8611111111111112,0.19383400003425777
128,0.01,16,ReLU,100,0.516774193548387,0.4994994994994995,0.8611111111111112,0.13147239992395043
128,0.01,16,ReLU,300,0.516774193548387,0.4994994994994995,0.8611111111111112,0.24371280008926988
128,0.01,16,ReLU,500,0.516774193548387,0.4994994994994995,0.8611111111111112,0.26893749996088445
128,0.01,16,ReLU,1000,0.516774193548387,0.4994994994994995,0.8611111111111112,0.227043200051412
128,0.01,16,Tanh,50,0.4941935483870968,0.48033201010465537,0.8222222222222222,0.22149979998357594
128,0.01,16,Tanh,100,0.4941935483870968,0.48033201010465537,0.8222222222222222,0.12055550003424287
128,0.01,16,Tanh,300,0.4941935483870968,0.48033201010465537,0.8222222222222222,0.1718056001700461
128,0.01,16,Tanh,500,0.4941935483870968,0.48033201010465537,0.8222222222222222,0.27224089996889234
128,0.01,16,Tanh,1000,0.4941935483870968,0.48033201010465537,0.8222222222222222,0.23877099994570017
128,0.01,16,Sigmoid,50,0.5,0.4626865671641791,0.8611111111111112,0.2104368000291288
128,0.01,16,Sigmoid,100,0.5,0.4626865671641791,0.8611111111111112,0.13991409982554615
128,0.01,16,Sigmoid,300,0.5,0.4626865671641791,0.8611111111111112,0.11467889999039471
128,0.01,16,Sigmoid,500,0.5,0.4626865671641791,0.8611111111111112,0.13788549997843802
128,0.01,16,Sigmoid,1000,0.5,0.4626865671641791,0.8611111111111112,0.14393040002323687
128,0.01,16,GELU,50,0.516774193548387,0.4994994994994995,0.8611111111111112,0.3221948000136763
128,0.01,16,GELU,100,0.516774193548387,0.4994994994994995,0.8611111111111112,0.2962110999505967
128,0.01,16,GELU,300,0.516774193548387,0.4994994994994995,0.8611111111111112,0.23493089992552996
128,0.01,16,GELU,500,0.516774193548387,0.4994994994994995,0.8611111111111112,0.14949749992229044
128,0.01,16,GELU,1000,0.516774193548387,0.4994994994994995,0.8611111111111112,0.12245680019259453
128,0.01,16,Softmax,50,0.5,0.4626865671641791,0.8611111111111112,0.12878770008683205
128,0.01,16,Softmax,100,0.5,0.4626865671641791,0.8611111111111112,0.18435520003549755
128,0.01,16,Softmax,300,0.5,0.4626865671641791,0.8611111111111112,0.18366699991747737
128,0.01,16,Softmax,500,0.5,0.4626865671641791,0.8611111111111112,0.24124739994294941
128,0.01,16,Softmax,1000,0.5,0.4626865671641791,0.8611111111111112,0.24457690003328025
128,0.01,32,ReLU,50,0.5,0.4626865671641791,0.8611111111111112,0.15368729992769659
128,0.01,32,ReLU,100,0.5,0.4626865671641791,0.8611111111111112,0.14140899991616607
128,0.01,32,ReLU,300,0.5,0.4626865671641791,0.8611111111111112,0.07881980016827583
128,0.01,32,ReLU,500,0.5,0.4626865671641791,0.8611111111111112,0.0817601999733597
128,0.01,32,ReLU,1000,0.5,0.4626865671641791,0.8611111111111112,0.08929060003720224
128,0.01,32,Tanh,50,0.4806451612903226,0.45288753799392095,0.8277777777777777,0.06714659999124706
128,0.01,32,Tanh,100,0.4806451612903226,0.45288753799392095,0.8277777777777777,0.0785211999900639
128,0.01,32,Tanh,300,0.4806451612903226,0.45288753799392095,0.8277777777777777,0.1524800001643598
128,0.01,32,Tanh,500,0.4806451612903226,0.45288753799392095,0.8277777777777777,0.14534680009819567
128,0.01,32,Tanh,1000,0.4806451612903226,0.45288753799392095,0.8277777777777777,0.14274369995109737
128,0.01,32,Sigmoid,50,0.5,0.4626865671641791,0.8611111111111112,0.15732580004259944
128,0.01,32,Sigmoid,100,0.5,0.4626865671641791,0.8611111111111112,0.18053429992869496
128,0.01,32,Sigmoid,300,0.5,0.4626865671641791,0.8611111111111112,0.18474169983528554
128,0.01,32,Sigmoid,500,0.5,0.4626865671641791,0.8611111111111112,0.1939836998935789
128,0.01,32,Sigmoid,1000,0.5,0.4626865671641791,0.8611111111111112,0.11668529990129173
128,0.01,32,GELU,50,0.5,0.4626865671641791,0.8611111111111112,0.07948339986614883
128,0.01,32,GELU,100,0.5,0.4626865671641791,0.8611111111111112,0.07932329992763698
128,0.01,32,GELU,300,0.5,0.4626865671641791,0.8611111111111112,0.06878129998221993
128,0.01,32,GELU,500,0.5,0.4626865671641791,0.8611111111111112,0.06808610004372895
128,0.01,32,GELU,1000,0.5,0.4626865671641791,0.8611111111111112,0.09426190005615354
128,0.01,32,Softmax,50,0.5,0.4626865671641791,0.8611111111111112,0.15627109981141984
128,0.01,32,Softmax,100,0.5,0.4626865671641791,0.8611111111111112,0.16466999985277653
128,0.01,32,Softmax,300,0.5,0.4626865671641791,0.8611111111111112,0.1300751999951899
128,0.01,32,Softmax,500,0.5,0.4626865671641791,0.8611111111111112,0.23179690004326403
128,0.01,32,Softmax,1000,0.5,0.4626865671641791,0.8611111111111112,0.14242890011519194
128,0.01,64,ReLU,50,0.5,0.4626865671641791,0.8611111111111112,0.11990559985861182
128,0.01,64,ReLU,100,0.5,0.4626865671641791,0.8611111111111112,0.128080400172621
128,0.01,64,ReLU,300,0.5,0.4626865671641791,0.8611111111111112,0.09040759992785752
128,0.01,64,ReLU,500,0.5,0.4626865671641791,0.8611111111111112,0.057825899915769696
128,0.01,64,ReLU,1000,0.5,0.4626865671641791,0.8611111111111112,0.06880549993366003
128,0.01,64,Tanh,50,0.4845161290322581,0.4728474604635595,0.8055555555555556,0.06721699982881546
128,0.01,64,Tanh,100,0.4845161290322581,0.4728474604635595,0.8055555555555556,0.058125399984419346
128,0.01,64,Tanh,300,0.4845161290322581,0.4728474604635595,0.8055555555555556,0.06962000019848347
128,0.01,64,Tanh,500,0.4845161290322581,0.4728474604635595,0.8055555555555556,0.17347200005315244
128,0.01,64,Tanh,1000,0.4845161290322581,0.4728474604635595,0.8055555555555556,0.1760132999625057
128,0.01,64,Sigmoid,50,0.5,0.4626865671641791,0.8611111111111112,0.1518671999219805
128,0.01,64,Sigmoid,100,0.5,0.4626865671641791,0.8611111111111112,0.11129729985259473
128,0.01,64,Sigmoid,300,0.5,0.4626865671641791,0.8611111111111112,0.15251360018737614
128,0.01,64,Sigmoid,500,0.5,0.4626865671641791,0.8611111111111112,0.16098909988068044
128,0.01,64,Sigmoid,1000,0.5,0.4626865671641791,0.8611111111111112,0.15170849999412894
128,0.01,64,GELU,50,0.5,0.4626865671641791,0.8611111111111112,0.1365714999847114
128,0.01,64,GELU,100,0.5,0.4626865671641791,0.8611111111111112,0.081674600020051
128,0.01,64,GELU,300,0.5,0.4626865671641791,0.8611111111111112,0.07959079998545349
128,0.01,64,GELU,500,0.5,0.4626865671641791,0.8611111111111112,0.08162360009737313
128,0.01,64,GELU,1000,0.5,0.4626865671641791,0.8611111111111112,0.059642700012773275
128,0.01,64,Softmax,50,0.5,0.4626865671641791,0.8611111111111112,0.0587396000046283
128,0.01,64,Softmax,100,0.5,0.4626865671641791,0.8611111111111112,0.06823109998367727
128,0.01,64,Softmax,300,0.5,0.4626865671641791,0.8611111111111112,0.12990099983289838
128,0.01,64,Softmax,500,0.5,0.4626865671641791,0.8611111111111112,0.1257563999388367
128,0.01,64,Softmax,1000,0.5,0.4626865671641791,0.8611111111111112,0.1253685001283884
128,0.01,128,ReLU,50,0.4967741935483871,0.46107784431137727,0.8555555555555555,0.10421739984303713
128,0.01,128,ReLU,100,0.4967741935483871,0.46107784431137727,0.8555555555555555,0.12814599997363985
128,0.01,128,ReLU,300,0.4967741935483871,0.46107784431137727,0.8555555555555555,0.1167006001342088
128,0.01,128,ReLU,500,0.4967741935483871,0.46107784431137727,0.8555555555555555,0.11554230004549026
128,0.01,128,ReLU,1000,0.4967741935483871,0.46107784431137727,0.8555555555555555,0.10480819991789758
128,0.01,128,Tanh,50,0.5038709677419355,0.48818511618786153,0.8388888888888889,0.1360075999982655
128,0.01,128,Tanh,100,0.5038709677419355,0.48818511618786153,0.8388888888888889,0.09887470002286136
128,0.01,128,Tanh,300,0.5038709677419355,0.48818511618786153,0.8388888888888889,0.08002449991181493
128,0.01,128,Tanh,500,0.5038709677419355,0.48818511618786153,0.8388888888888889,0.056575800059363246
128,0.01,128,Tanh,1000,0.5038709677419355,0.48818511618786153,0.8388888888888889,0.0673505999147892
128,0.01,128,Sigmoid,50,0.5,0.4626865671641791,0.8611111111111112,0.04613329982385039
128,0.01,128,Sigmoid,100,0.5,0.4626865671641791,0.8611111111111112,0.057042700005695224
128,0.01,128,Sigmoid,300,0.5,0.4626865671641791,0.8611111111111112,0.05663150013424456
128,0.01,128,Sigmoid,500,0.5,0.4626865671641791,0.8611111111111112,0.04787459992803633
128,0.01,128,Sigmoid,1000,0.5,0.4626865671641791,0.8611111111111112,0.10840680007822812
128,0.01,128,GELU,50,0.4967741935483871,0.46107784431137727,0.8555555555555555,0.10462299990467727
128,0.01,128,GELU,100,0.4967741935483871,0.46107784431137727,0.8555555555555555,0.0989314999897033
128,0.01,128,GELU,300,0.4967741935483871,0.46107784431137727,0.8555555555555555,0.10850149998441339
128,0.01,128,GELU,500,0.4967741935483871,0.46107784431137727,0.8555555555555555,0.10409109992906451
128,0.01,128,GELU,1000,0.4967741935483871,0.46107784431137727,0.8555555555555555,0.10169370006769896
128,0.01,128,Softmax,50,0.5,0.4626865671641791,0.8611111111111112,0.11781190009787679
128,0.01,128,Softmax,100,0.5,0.4626865671641791,0.8611111111111112,0.10582329984754324
128,0.01,128,Softmax,300,0.5,0.4626865671641791,0.8611111111111112,0.06293609994463623
128,0.01,128,Softmax,500,0.5,0.4626865671641791,0.8611111111111112,0.047042699996382
128,0.01,128,Softmax,1000,0.5,0.4626865671641791,0.8611111111111112,0.04704990005120635
128,0.001,8,ReLU,50,0.4967741935483871,0.46107784431137727,0.8555555555555555,0.1855971000622958
128,0.001,8,ReLU,100,0.4967741935483871,0.46107784431137727,0.8555555555555555,0.32299629994668067
128,0.001,8,ReLU,300,0.4967741935483871,0.46107784431137727,0.8555555555555555,0.29983679996803403
128,0.001,8,ReLU,500,0.4967741935483871,0.46107784431137727,0.8555555555555555,0.27788389986380935
128,0.001,8,ReLU,1000,0.4967741935483871,0.46107784431137727,0.8555555555555555,0.16259339987300336
128,0.001,8,Tanh,50,0.4806451612903226,0.45288753799392095,0.8277777777777777,0.25558550003916025
128,0.001,8,Tanh,100,0.4806451612903226,0.45288753799392095,0.8277777777777777,0.36538579990155995
128,0.001,8,Tanh,300,0.4806451612903226,0.45288753799392095,0.8277777777777777,0.2957444000057876
128,0.001,8,Tanh,500,0.4806451612903226,0.45288753799392095,0.8277777777777777,0.24360969988629222
128,0.001,8,Tanh,1000,0.4806451612903226,0.45288753799392095,0.8277777777777777,0.1932653000112623
128,0.001,8,Sigmoid,50,0.5,0.4626865671641791,0.8611111111111112,0.14088839991018176
128,0.001,8,Sigmoid,100,0.5,0.4626865671641791,0.8611111111111112,0.29519400000572205
128,0.001,8,Sigmoid,300,0.5,0.4626865671641791,0.8611111111111112,0.41229089978151023
128,0.001,8,Sigmoid,500,0.5,0.4626865671641791,0.8611111111111112,0.27560249995440245
128,0.001,8,Sigmoid,1000,0.5,0.4626865671641791,0.8611111111111112,0.1858508000150323
128,0.001,8,GELU,50,0.4967741935483871,0.46107784431137727,0.8555555555555555,0.18046830012463033
128,0.001,8,GELU,100,0.4967741935483871,0.46107784431137727,0.8555555555555555,0.27920350013300776
128,0.001,8,GELU,300,0.4967741935483871,0.46107784431137727,0.8555555555555555,0.32161370012909174
128,0.001,8,GELU,500,0.4967741935483871,0.46107784431137727,0.8555555555555555,0.2982155999634415
128,0.001,8,GELU,1000,0.4967741935483871,0.46107784431137727,0.8555555555555555,0.1793283000588417
128,0.001,8,Softmax,50,0.5,0.4626865671641791,0.8611111111111112,0.14203180000185966
128,0.001,8,Softmax,100,0.5,0.4626865671641791,0.8611111111111112,0.27934150001965463
128,0.001,8,Softmax,300,0.5,0.4626865671641791,0.8611111111111112,0.29042969993315637
128,0.001,8,Softmax,500,0.5,0.4626865671641791,0.8611111111111112,0.275669900001958
128,0.001,8,Softmax,1000,0.5,0.4626865671641791,0.8611111111111112,0.3495231999550015
128,0.001,16,ReLU,50,0.4870967741935484,0.4561933534743202,0.8388888888888889,0.12461019982583821
128,0.001,16,ReLU,100,0.4870967741935484,0.4561933534743202,0.8388888888888889,0.1106469000224024
128,0.001,16,ReLU,300,0.4870967741935484,0.4561933534743202,0.8388888888888889,0.11077630007639527
128,0.001,16,ReLU,500,0.4870967741935484,0.4561933534743202,0.8388888888888889,0.12126119993627071
128,0.001,16,ReLU,1000,0.4870967741935484,0.4561933534743202,0.8388888888888889,0.18734050006605685
128,0.001,16,Tanh,50,0.47419354838709676,0.44954128440366975,0.8166666666666667,0.19359629997052252
128,0.001,16,Tanh,100,0.47419354838709676,0.44954128440366975,0.8166666666666667,0.198924700031057
128,0.001,16,Tanh,300,0.47419354838709676,0.44954128440366975,0.8166666666666667,0.2515269999857992
128,0.001,16,Tanh,500,0.47419354838709676,0.44954128440366975,0.8166666666666667,0.30943029979243875
128,0.001,16,Tanh,1000,0.47419354838709676,0.44954128440366975,0.8166666666666667,0.169378399848938
128,0.001,16,Sigmoid,50,0.5,0.4626865671641791,0.8611111111111112,0.1100631000008434
128,0.001,16,Sigmoid,100,0.5,0.4626865671641791,0.8611111111111112,0.08855650015175343
128,0.001,16,Sigmoid,300,0.5,0.4626865671641791,0.8611111111111112,0.09982910007238388
128,0.001,16,Sigmoid,500,0.5,0.4626865671641791,0.8611111111111112,0.2353761000558734
128,0.001,16,Sigmoid,1000,0.5,0.4626865671641791,0.8611111111111112,0.23904570005834103
128,0.001,16,GELU,50,0.4870967741935484,0.4561933534743202,0.8388888888888889,0.28799640014767647
128,0.001,16,GELU,100,0.4870967741935484,0.4561933534743202,0.8388888888888889,0.26528949989005923
128,0.001,16,GELU,300,0.4870967741935484,0.4561933534743202,0.8388888888888889,0.22442040010355413
128,0.001,16,GELU,500,0.4870967741935484,0.4561933534743202,0.8388888888888889,0.14917899994179606
128,0.001,16,GELU,1000,0.4870967741935484,0.4561933534743202,0.8388888888888889,0.12716339994221926
128,0.001,16,Softmax,50,0.5,0.4626865671641791,0.8611111111111112,0.11070139985531569
128,0.001,16,Softmax,100,0.5,0.4626865671641791,0.8611111111111112,0.11012149997986853
128,0.001,16,Softmax,300,0.5,0.4626865671641791,0.8611111111111112,0.1389103999827057
128,0.001,16,Softmax,500,0.5,0.4626865671641791,0.8611111111111112,0.23116780002601445
128,0.001,16,Softmax,1000,0.5,0.4626865671641791,0.8611111111111112,0.19357890007086098
128,0.001,32,ReLU,50,0.4838709677419355,0.45454545454545453,0.8333333333333334,0.2679683000314981
128,0.001,32,ReLU,100,0.4838709677419355,0.45454545454545453,0.8333333333333334,0.25688020000234246
128,0.001,32,ReLU,300,0.4838709677419355,0.45454545454545453,0.8333333333333334,0.22027390007860959
128,0.001,32,ReLU,500,0.4838709677419355,0.45454545454545453,0.8333333333333334,0.11642850004136562
128,0.001,32,ReLU,1000,0.4838709677419355,0.45454545454545453,0.8333333333333334,0.08981729997321963
128,0.001,32,Tanh,50,0.47096774193548385,0.44785276073619634,0.8111111111111111,0.09959870018064976
128,0.001,32,Tanh,100,0.47096774193548385,0.44785276073619634,0.8111111111111111,0.12799619999714196
128,0.001,32,Tanh,300,0.47096774193548385,0.44785276073619634,0.8111111111111111,0.20004600007086992
128,0.001,32,Tanh,500,0.47096774193548385,0.44785276073619634,0.8111111111111111,0.209818699862808
128,0.001,32,Tanh,1000,0.47096774193548385,0.44785276073619634,0.8111111111111111,0.18680169992148876
128,0.001,32,Sigmoid,50,0.5,0.4626865671641791,0.8611111111111112,0.1581187997944653
128,0.001,32,Sigmoid,100,0.5,0.4626865671641791,0.8611111111111112,0.15571250021457672
128,0.001,32,Sigmoid,300,0.5,0.4626865671641791,0.8611111111111112,0.1544491001404822
128,0.001,32,Sigmoid,500,0.5,0.4626865671641791,0.8611111111111112,0.10050849989056587
128,0.001,32,Sigmoid,1000,0.5,0.4626865671641791,0.8611111111111112,0.07967819995246828
128,0.001,32,GELU,50,0.4838709677419355,0.45454545454545453,0.8333333333333334,0.08971249987371266
128,0.001,32,GELU,100,0.4838709677419355,0.45454545454545453,0.8333333333333334,0.08920580008998513
128,0.001,32,GELU,300,0.4838709677419355,0.45454545454545453,0.8333333333333334,0.07780979992821813
128,0.001,32,GELU,500,0.4838709677419355,0.45454545454545453,0.8333333333333334,0.12266770005226135
128,0.001,32,GELU,1000,0.4838709677419355,0.45454545454545453,0.8333333333333334,0.1708299999590963
128,0.001,32,Softmax,50,0.5,0.4626865671641791,0.8611111111111112,0.14739669999107718
128,0.001,32,Softmax,100,0.5,0.4626865671641791,0.8611111111111112,0.14132960001006722
128,0.001,32,Softmax,300,0.5,0.4626865671641791,0.8611111111111112,0.0834876000881195
128,0.001,32,Softmax,500,0.5,0.4626865671641791,0.8611111111111112,0.07954279985278845
128,0.001,32,Softmax,1000,0.5,0.4626865671641791,0.8611111111111112,0.06846469989977777
128,0.001,64,ReLU,50,0.47419354838709676,0.44954128440366975,0.8166666666666667,0.17680500005371869
128,0.001,64,ReLU,100,0.47419354838709676,0.44954128440366975,0.8166666666666667,0.15429820003919303
128,0.001,64,ReLU,300,0.47419354838709676,0.44954128440366975,0.8166666666666667,0.15348619990982115
128,0.001,64,ReLU,500,0.47419354838709676,0.44954128440366975,0.8166666666666667,0.11777699994854629
128,0.001,64,ReLU,1000,0.47419354838709676,0.44954128440366975,0.8166666666666667,0.09024240006692708
128,0.001,64,Tanh,50,0.46774193548387094,0.4461538461538462,0.8055555555555556,0.08862469997256994
128,0.001,64,Tanh,100,0.46774193548387094,0.4461538461538462,0.8055555555555556,0.08924809983000159
128,0.001,64,Tanh,300,0.46774193548387094,0.4461538461538462,0.8055555555555556,0.15992020000703633
128,0.001,64,Tanh,500,0.46774193548387094,0.4461538461538462,0.8055555555555556,0.17245329986326396
128,0.001,64,Tanh,1000,0.46774193548387094,0.4461538461538462,0.8055555555555556,0.1839707000181079
128,0.001,64,Sigmoid,50,0.5,0.4626865671641791,0.8611111111111112,0.10250320006161928
128,0.001,64,Sigmoid,100,0.5,0.4626865671641791,0.8611111111111112,0.09132310003042221
128,0.001,64,Sigmoid,300,0.5,0.4626865671641791,0.8611111111111112,0.06879430008120835
128,0.001,64,Sigmoid,500,0.5,0.4626865671641791,0.8611111111111112,0.06842640019021928
128,0.001,64,Sigmoid,1000,0.5,0.4626865671641791,0.8611111111111112,0.08182650012895465
128,0.001,64,GELU,50,0.47419354838709676,0.44954128440366975,0.8166666666666667,0.16183919995091856
128,0.001,64,GELU,100,0.47419354838709676,0.44954128440366975,0.8166666666666667,0.1742958000395447
128,0.001,64,GELU,300,0.47419354838709676,0.44954128440366975,0.8166666666666667,0.17710500000976026
128,0.001,64,GELU,500,0.47419354838709676,0.44954128440366975,0.8166666666666667,0.12816930003464222
128,0.001,64,GELU,1000,0.47419354838709676,0.44954128440366975,0.8166666666666667,0.08100060001015663
128,0.001,64,Softmax,50,0.5,0.4626865671641791,0.8611111111111112,0.06877820007503033
128,0.001,64,Softmax,100,0.5,0.4626865671641791,0.8611111111111112,0.05729069979861379
128,0.001,64,Softmax,300,0.5,0.4626865671641791,0.8611111111111112,0.07189280004240572
128,0.001,64,Softmax,500,0.5,0.4626865671641791,0.8611111111111112,0.1344921998679638
128,0.001,64,Softmax,1000,0.5,0.4626865671641791,0.8611111111111112,0.1352434998843819
128,0.001,128,ReLU,50,0.4806451612903226,0.45288753799392095,0.8277777777777777,0.12785920011810958
128,0.001,128,ReLU,100,0.4806451612903226,0.45288753799392095,0.8277777777777777,0.14994879998266697
128,0.001,128,ReLU,300,0.4806451612903226,0.45288753799392095,0.8277777777777777,0.08055449998937547
128,0.001,128,ReLU,500,0.4806451612903226,0.45288753799392095,0.8277777777777777,0.06826079986058176
128,0.001,128,ReLU,1000,0.4806451612903226,0.45288753799392095,0.8277777777777777,0.08308660006150603
128,0.001,128,Tanh,50,0.4645161290322581,0.4444444444444444,0.8,0.18458050000481308
128,0.001,128,Tanh,100,0.4645161290322581,0.4444444444444444,0.8,0.17071400000713766
128,0.001,128,Tanh,300,0.4645161290322581,0.4444444444444444,0.8,0.17005640012212098
128,0.001,128,Tanh,500,0.4645161290322581,0.4444444444444444,0.8,0.12781119998544455
128,0.001,128,Tanh,1000,0.4645161290322581,0.4444444444444444,0.8,0.092772499890998
128,0.001,128,Sigmoid,50,0.5,0.4626865671641791,0.8611111111111112,0.046418100129812956
128,0.001,128,Sigmoid,100,0.5,0.4626865671641791,0.8611111111111112,0.05628199991770089
128,0.001,128,Sigmoid,300,0.5,0.4626865671641791,0.8611111111111112,0.09111699997447431
128,0.001,128,Sigmoid,500,0.5,0.4626865671641791,0.8611111111111112,0.1178957000374794
128,0.001,128,Sigmoid,1000,0.5,0.4626865671641791,0.8611111111111112,0.10681929998099804
128,0.001,128,GELU,50,0.4806451612903226,0.45288753799392095,0.8277777777777777,0.16250269999727607
128,0.001,128,GELU,100,0.4806451612903226,0.45288753799392095,0.8277777777777777,0.1720953998155892
128,0.001,128,GELU,300,0.4806451612903226,0.45288753799392095,0.8277777777777777,0.09484879998490214
128,0.001,128,GELU,500,0.4806451612903226,0.45288753799392095,0.8277777777777777,0.07792839989997447
128,0.001,128,GELU,1000,0.4806451612903226,0.45288753799392095,0.8277777777777777,0.0963427999522537
128,0.001,128,Softmax,50,0.5,0.4626865671641791,0.8611111111111112,0.11744980001822114
128,0.001,128,Softmax,100,0.5,0.4626865671641791,0.8611111111111112,0.1172293999698013
128,0.001,128,Softmax,300,0.5,0.4626865671641791,0.8611111111111112,0.09934999980032444
128,0.001,128,Softmax,500,0.5,0.4626865671641791,0.8611111111111112,0.09690120001323521
128,0.001,128,Softmax,1000,0.5,0.4626865671641791,0.8611111111111112,0.09645690000616014
128,0.0001,8,ReLU,50,0.4838709677419355,0.45454545454545453,0.8333333333333334,0.3834158000536263
128,0.0001,8,ReLU,100,0.4838709677419355,0.45454545454545453,0.8333333333333334,0.6134222000837326
128,0.0001,8,ReLU,300,0.4838709677419355,0.45454545454545453,0.8333333333333334,0.30981320003047585
128,0.0001,8,ReLU,500,0.4838709677419355,0.45454545454545453,0.8333333333333334,0.484488399932161
128,0.0001,8,ReLU,1000,0.4838709677419355,0.45454545454545453,0.8333333333333334,0.5126915001310408
128,0.0001,8,Tanh,50,0.4612903225806452,0.44272445820433437,0.7944444444444444,0.5035987000446767
128,0.0001,8,Tanh,100,0.4612903225806452,0.44272445820433437,0.7944444444444444,0.7198944000992924
128,0.0001,8,Tanh,300,0.4612903225806452,0.44272445820433437,0.7944444444444444,0.4558403000701219
128,0.0001,8,Tanh,500,0.4612903225806452,0.44272445820433437,0.7944444444444444,0.6760359001345932
128,0.0001,8,Tanh,1000,0.4612903225806452,0.44272445820433437,0.7944444444444444,0.5198347000405192
128,0.0001,8,Sigmoid,50,0.5,0.4626865671641791,0.8611111111111112,0.18894620006904006
128,0.0001,8,Sigmoid,100,0.5,0.4626865671641791,0.8611111111111112,0.4143145000562072
128,0.0001,8,Sigmoid,300,0.5,0.4626865671641791,0.8611111111111112,0.40576039999723434
128,0.0001,8,Sigmoid,500,0.5,0.4626865671641791,0.8611111111111112,0.21776869986206293
128,0.0001,8,Sigmoid,1000,0.5,0.4626865671641791,0.8611111111111112,0.16149710002355278
128,0.0001,8,GELU,50,0.4838709677419355,0.45454545454545453,0.8333333333333334,0.7095200999174267
128,0.0001,8,GELU,100,0.4838709677419355,0.45454545454545453,0.8333333333333334,0.5079101000446826
128,0.0001,8,GELU,300,0.4838709677419355,0.45454545454545453,0.8333333333333334,0.3868330998811871
128,0.0001,8,GELU,500,0.4838709677419355,0.45454545454545453,0.8333333333333334,0.5391355999745429
128,0.0001,8,GELU,1000,0.4838709677419355,0.45454545454545453,0.8333333333333334,0.4265137000475079
128,0.0001,8,Softmax,50,0.5,0.4626865671641791,0.8611111111111112,0.17230549990199506
128,0.0001,8,Softmax,100,0.5,0.4626865671641791,0.8611111111111112,0.30402670009061694
128,0.0001,8,Softmax,300,0.5,0.4626865671641791,0.8611111111111112,0.28403909993357956
128,0.0001,8,Softmax,500,0.5,0.4626865671641791,0.8611111111111112,0.18728429987095296
128,0.0001,8,Softmax,1000,0.5,0.4626865671641791,0.8611111111111112,0.16248030005954206
128,0.0001,16,ReLU,50,0.47096774193548385,0.44785276073619634,0.8111111111111111,0.5871955999173224
128,0.0001,16,ReLU,100,0.47096774193548385,0.44785276073619634,0.8111111111111111,0.3039434999227524
128,0.0001,16,ReLU,300,0.47096774193548385,0.44785276073619634,0.8111111111111111,0.5002788999117911
128,0.0001,16,ReLU,500,0.47096774193548385,0.44785276073619634,0.8111111111111111,0.2756684001069516
128,0.0001,16,ReLU,1000,0.47096774193548385,0.44785276073619634,0.8111111111111111,0.38737750006839633
128,0.0001,16,Tanh,50,0.41935483870967744,0.41935483870967744,0.7222222222222222,0.5233590002171695
128,0.0001,16,Tanh,100,0.41935483870967744,0.41935483870967744,0.7222222222222222,0.32990869996137917
128,0.0001,16,Tanh,300,0.41935483870967744,0.41935483870967744,0.7222222222222222,0.4667853000573814
128,0.0001,16,Tanh,500,0.41935483870967744,0.41935483870967744,0.7222222222222222,0.2690607998520136
128,0.0001,16,Tanh,1000,0.41935483870967744,0.41935483870967744,0.7222222222222222,0.4038468000944704
128,0.0001,16,Sigmoid,50,0.4967741935483871,0.46107784431137727,0.8555555555555555,0.24573910003528
128,0.0001,16,Sigmoid,100,0.4967741935483871,0.46107784431137727,0.8555555555555555,0.20437119994312525
128,0.0001,16,Sigmoid,300,0.4967741935483871,0.46107784431137727,0.8555555555555555,0.1681381999514997
128,0.0001,16,Sigmoid,500,0.4967741935483871,0.46107784431137727,0.8555555555555555,0.15015179989859462
128,0.0001,16,Sigmoid,1000,0.4967741935483871,0.46107784431137727,0.8555555555555555,0.12132699997164309
128,0.0001,16,GELU,50,0.47096774193548385,0.44785276073619634,0.8111111111111111,0.3289596000686288
128,0.0001,16,GELU,100,0.47096774193548385,0.44785276073619634,0.8111111111111111,0.5163060000631958
128,0.0001,16,GELU,300,0.47096774193548385,0.44785276073619634,0.8111111111111111,0.3690879000350833
128,0.0001,16,GELU,500,0.47096774193548385,0.44785276073619634,0.8111111111111111,0.22511669993400574
128,0.0001,16,GELU,1000,0.47096774193548385,0.44785276073619634,0.8111111111111111,0.35572470002807677
128,0.0001,16,Softmax,50,0.4967741935483871,0.46107784431137727,0.8555555555555555,0.2396428999491036
128,0.0001,16,Softmax,100,0.4967741935483871,0.46107784431137727,0.8555555555555555,0.3123780000023544
128,0.0001,16,Softmax,300,0.4967741935483871,0.46107784431137727,0.8555555555555555,0.20877659996040165
128,0.0001,16,Softmax,500,0.4967741935483871,0.46107784431137727,0.8555555555555555,0.12196250003762543
128,0.0001,16,Softmax,1000,0.4967741935483871,0.46107784431137727,0.8555555555555555,0.09985589981079102
128,0.0001,32,ReLU,50,0.4858064516129032,0.48600799543118217,0.75,0.27692600013688207
128,0.0001,32,ReLU,100,0.4858064516129032,0.48600799543118217,0.75,0.434808999998495
128,0.0001,32,ReLU,300,0.4858064516129032,0.48600799543118217,0.75,0.3962770998477936
128,0.0001,32,ReLU,500,0.4858064516129032,0.48600799543118217,0.75,0.37772849993780255
128,0.0001,32,ReLU,1000,0.4858064516129032,0.48600799543118217,0.75,0.4250523999799043
128,0.0001,32,Tanh,50,0.4567741935483871,0.45999999999999996,0.7,0.3318717998918146
128,0.0001,32,Tanh,100,0.4567741935483871,0.45999999999999996,0.7,0.2321589000057429
128,0.0001,32,Tanh,300,0.4567741935483871,0.45999999999999996,0.7,0.3013623000588268
128,0.0001,32,Tanh,500,0.4567741935483871,0.45999999999999996,0.7,0.4171223999001086
128,0.0001,32,Tanh,1000,0.4567741935483871,0.45999999999999996,0.7,0.31918219989165664
128,0.0001,32,Sigmoid,50,0.4838709677419355,0.45454545454545453,0.8333333333333334,0.21729400008916855
128,0.0001,32,Sigmoid,100,0.4838709677419355,0.45454545454545453,0.8333333333333334,0.21496369992382824
128,0.0001,32,Sigmoid,300,0.4838709677419355,0.45454545454545453,0.8333333333333334,0.21691360021941364
128,0.0001,32,Sigmoid,500,0.4838709677419355,0.45454545454545453,0.8333333333333334,0.2577347999904305
128,0.0001,32,Sigmoid,1000,0.4838709677419355,0.45454545454545453,0.8333333333333334,0.20173530001193285
128,0.0001,32,GELU,50,0.4858064516129032,0.48600799543118217,0.75,0.46938410005532205
128,0.0001,32,GELU,100,0.4858064516129032,0.48600799543118217,0.75,0.48447529994882643
128,0.0001,32,GELU,300,0.4858064516129032,0.48600799543118217,0.75,0.4985789000056684
128,0.0001,32,GELU,500,0.4858064516129032,0.48600799543118217,0.75,0.41549939988180995
128,0.0001,32,GELU,1000,0.4858064516129032,0.48600799543118217,0.75,0.49612909997813404
128,0.0001,32,Softmax,50,0.4838709677419355,0.45454545454545453,0.8333333333333334,0.17654739995487034
128,0.0001,32,Softmax,100,0.4838709677419355,0.45454545454545453,0.8333333333333334,0.16847559995949268
128,0.0001,32,Softmax,300,0.4838709677419355,0.45454545454545453,0.8333333333333334,0.22080809995532036
128,0.0001,32,Softmax,500,0.4838709677419355,0.45454545454545453,0.8333333333333334,0.21175860008224845
128,0.0001,32,Softmax,1000,0.4838709677419355,0.45454545454545453,0.8333333333333334,0.1813789999578148
128,0.0001,64,ReLU,50,0.5212903225806451,0.35747067822539524,0.37777777777777777,0.19815790001302958
128,0.0001,64,ReLU,100,0.5245161290322581,0.3618855993101466,0.38333333333333336,0.232894399901852
128,0.0001,64,ReLU,300,0.5245161290322581,0.3618855993101466,0.38333333333333336,0.19953530002385378
128,0.0001,64,ReLU,500,0.5245161290322581,0.3618855993101466,0.38333333333333336,0.1835109000094235
128,0.0001,64,ReLU,1000,0.5245161290322581,0.3618855993101466,0.38333333333333336,0.1520021001342684
128,0.0001,64,Tanh,50,0.43870967741935485,0.4375,0.6111111111111112,0.15089619997888803
128,0.0001,64,Tanh,100,0.43870967741935485,0.4375,0.6111111111111112,0.38909609988331795
128,0.0001,64,Tanh,300,0.43870967741935485,0.4375,0.6111111111111112,0.3586531998589635
128,0.0001,64,Tanh,500,0.43870967741935485,0.4375,0.6111111111111112,0.26830420014448464
128,0.0001,64,Tanh,1000,0.43870967741935485,0.4375,0.6111111111111112,0.2939512999728322
128,0.0001,64,Sigmoid,50,0.4870967741935484,0.4561933534743202,0.8388888888888889,0.21360919997096062
128,0.0001,64,Sigmoid,100,0.4870967741935484,0.4561933534743202,0.8388888888888889,0.1797110999468714
128,0.0001,64,Sigmoid,300,0.4870967741935484,0.4561933534743202,0.8388888888888889,0.27974649984389544
128,0.0001,64,Sigmoid,500,0.4870967741935484,0.4561933534743202,0.8388888888888889,0.22524859989061952
128,0.0001,64,Sigmoid,1000,0.4870967741935484,0.4561933534743202,0.8388888888888889,0.23178109992295504
128,0.0001,64,GELU,50,0.5212903225806451,0.35747067822539524,0.37777777777777777,0.20272750011645257
128,0.0001,64,GELU,100,0.5245161290322581,0.3618855993101466,0.38333333333333336,0.24271679995581508
128,0.0001,64,GELU,300,0.5245161290322581,0.3618855993101466,0.38333333333333336,0.22697519999928772
128,0.0001,64,GELU,500,0.5245161290322581,0.3618855993101466,0.38333333333333336,0.24925819993950427
128,0.0001,64,GELU,1000,0.5245161290322581,0.3618855993101466,0.38333333333333336,0.26010499987751245
128,0.0001,64,Softmax,50,0.4870967741935484,0.4561933534743202,0.8388888888888889,0.23938790010288358
128,0.0001,64,Softmax,100,0.4870967741935484,0.4561933534743202,0.8388888888888889,0.17247270001098514
128,0.0001,64,Softmax,300,0.4870967741935484,0.4561933534743202,0.8388888888888889,0.18277349998243153
128,0.0001,64,Softmax,500,0.4870967741935484,0.4561933534743202,0.8388888888888889,0.1828939002007246
128,0.0001,64,Softmax,1000,0.4870967741935484,0.4561933534743202,0.8388888888888889,0.19267399981617928
128,0.0001,128,ReLU,50,0.5141935483870967,0.24997685113738077,0.25,0.129945500055328
128,0.0001,128,ReLU,100,0.5141935483870967,0.24997685113738077,0.25,0.16757980012334883
128,0.0001,128,ReLU,300,0.5141935483870967,0.24997685113738077,0.25,0.17246620007790625
128,0.0001,128,ReLU,500,0.5141935483870967,0.24997685113738077,0.25,0.15946999983862042
128,0.0001,128,ReLU,1000,0.5141935483870967,0.24997685113738077,0.25,0.1231156000867486
128,0.0001,128,Tanh,50,0.46838709677419355,0.32571428571428573,0.34444444444444444,0.15154809993691742
128,0.0001,128,Tanh,100,0.46838709677419355,0.32571428571428573,0.34444444444444444,0.13740830007009208
128,0.0001,128,Tanh,300,0.46838709677419355,0.32571428571428573,0.34444444444444444,0.12942439992912114
128,0.0001,128,Tanh,500,0.46838709677419355,0.32571428571428573,0.34444444444444444,0.13247549999505281
128,0.0001,128,Tanh,1000,0.46838709677419355,0.32571428571428573,0.34444444444444444,0.11127120000310242
128,0.0001,128,Sigmoid,50,0.4767741935483871,0.37398562485508924,0.4166666666666667,0.07742680003866553
128,0.0001,128,Sigmoid,100,0.4767741935483871,0.37398562485508924,0.4166666666666667,0.0888612000271678
128,0.0001,128,Sigmoid,300,0.4767741935483871,0.37398562485508924,0.4166666666666667,0.08865999989211559
128,0.0001,128,Sigmoid,500,0.4767741935483871,0.37398562485508924,0.4166666666666667,0.07815700001083314
128,0.0001,128,Sigmoid,1000,0.4767741935483871,0.37398562485508924,0.4166666666666667,0.11724360007792711
128,0.0001,128,GELU,50,0.5141935483870967,0.24997685113738077,0.25,0.1385959000326693
128,0.0001,128,GELU,100,0.5141935483870967,0.24997685113738077,0.25,0.16175879980437458
128,0.0001,128,GELU,300,0.5141935483870967,0.24997685113738077,0.25,0.1680198998656124
128,0.0001,128,GELU,500,0.5141935483870967,0.24997685113738077,0.25,0.13264529989100993
128,0.0001,128,GELU,1000,0.5141935483870967,0.24997685113738077,0.25,0.13323640008457005
128,0.0001,128,Softmax,50,0.4767741935483871,0.37398562485508924,0.4166666666666667,0.17531690001487732
128,0.0001,128,Softmax,100,0.4767741935483871,0.37398562485508924,0.4166666666666667,0.1780117000453174
128,0.0001,128,Softmax,300,0.4767741935483871,0.37398562485508924,0.4166666666666667,0.21554180001839995
128,0.0001,128,Softmax,500,0.4767741935483871,0.37398562485508924,0.4166666666666667,0.19997450010851026
128,0.0001,128,Softmax,1000,0.4767741935483871,0.37398562485508924,0.4166666666666667,0.19927489990368485
128,0.00025,8,ReLU,50,0.4870967741935484,0.4561933534743202,0.8388888888888889,0.5220755999907851
128,0.00025,8,ReLU,100,0.4870967741935484,0.4561933534743202,0.8388888888888889,0.412219500169158
128,0.00025,8,ReLU,300,0.4870967741935484,0.4561933534743202,0.8388888888888889,0.39999659988097847
128,0.00025,8,ReLU,500,0.4870967741935484,0.4561933534743202,0.8388888888888889,0.4588911000173539
128,0.00025,8,ReLU,1000,0.4870967741935484,0.4561933534743202,0.8388888888888889,0.4220219000708312
128,0.00025,8,Tanh,50,0.4645161290322581,0.4444444444444444,0.8,0.5908025000244379
128,0.00025,8,Tanh,100,0.4645161290322581,0.4444444444444444,0.8,0.5289189000613987
128,0.00025,8,Tanh,300,0.4645161290322581,0.4444444444444444,0.8,0.5262304998468608
128,0.00025,8,Tanh,500,0.4645161290322581,0.4444444444444444,0.8,0.43116709985770285
128,0.00025,8,Tanh,1000,0.4645161290322581,0.4444444444444444,0.8,0.2479613001924008
128,0.00025,8,Sigmoid,50,0.4935483870967742,0.4594594594594595,0.85,0.15183739992789924
128,0.00025,8,Sigmoid,100,0.4935483870967742,0.4594594594594595,0.85,0.1526560999918729
128,0.00025,8,Sigmoid,300,0.4935483870967742,0.4594594594594595,0.85,0.22001440008170903
128,0.00025,8,Sigmoid,500,0.4935483870967742,0.4594594594594595,0.85,0.30035170004703104
128,0.00025,8,Sigmoid,1000,0.4935483870967742,0.4594594594594595,0.85,0.2859056000597775
128,0.00025,8,GELU,50,0.4870967741935484,0.4561933534743202,0.8388888888888889,0.3800786999054253
128,0.00025,8,GELU,100,0.4870967741935484,0.4561933534743202,0.8388888888888889,0.3492735999170691
128,0.00025,8,GELU,300,0.4870967741935484,0.4561933534743202,0.8388888888888889,0.4072755000088364
128,0.00025,8,GELU,500,0.4870967741935484,0.4561933534743202,0.8388888888888889,0.46421859995462
128,0.00025,8,GELU,1000,0.4870967741935484,0.4561933534743202,0.8388888888888889,0.3980008999351412
128,0.00025,8,Softmax,50,0.4935483870967742,0.4594594594594595,0.85,0.30530819995328784
128,0.00025,8,Softmax,100,0.4935483870967742,0.4594594594594595,0.85,0.322524500079453
128,0.00025,8,Softmax,300,0.4935483870967742,0.4594594594594595,0.85,0.37406720011495054
128,0.00025,8,Softmax,500,0.4935483870967742,0.4594594594594595,0.85,0.3244505999609828
128,0.00025,8,Softmax,1000,0.4935483870967742,0.4594594594594595,0.85,0.30464169988408685
128,0.00025,16,ReLU,50,0.4838709677419355,0.45454545454545453,0.8333333333333334,0.30915439990349114
128,0.00025,16,ReLU,100,0.4838709677419355,0.45454545454545453,0.8333333333333334,0.3119245998095721
128,0.00025,16,ReLU,300,0.4838709677419355,0.45454545454545453,0.8333333333333334,0.42463009990751743
128,0.00025,16,ReLU,500,0.4838709677419355,0.45454545454545453,0.8333333333333334,0.2755607001017779
128,0.00025,16,ReLU,1000,0.4838709677419355,0.45454545454545453,0.8333333333333334,0.25261400011368096
128,0.00025,16,Tanh,50,0.4645161290322581,0.4444444444444444,0.8,0.23823449993506074
128,0.00025,16,Tanh,100,0.4645161290322581,0.4444444444444444,0.8,0.19538539997301996
128,0.00025,16,Tanh,300,0.4645161290322581,0.4444444444444444,0.8,0.20427880017086864
128,0.00025,16,Tanh,500,0.4645161290322581,0.4444444444444444,0.8,0.19534599990583956
128,0.00025,16,Tanh,1000,0.4645161290322581,0.4444444444444444,0.8,0.22751819994300604
128,0.00025,16,Sigmoid,50,0.4967741935483871,0.46107784431137727,0.8555555555555555,0.28179329982958734
128,0.00025,16,Sigmoid,100,0.4967741935483871,0.46107784431137727,0.8555555555555555,0.19822140014730394
128,0.00025,16,Sigmoid,300,0.4967741935483871,0.46107784431137727,0.8555555555555555,0.18019350012764335
128,0.00025,16,Sigmoid,500,0.4967741935483871,0.46107784431137727,0.8555555555555555,0.20645439997315407
128,0.00025,16,Sigmoid,1000,0.4967741935483871,0.46107784431137727,0.8555555555555555,0.20667569991201162
128,0.00025,16,GELU,50,0.4838709677419355,0.45454545454545453,0.8333333333333334,0.29381459997966886
128,0.00025,16,GELU,100,0.4838709677419355,0.45454545454545453,0.8333333333333334,0.39657119987532496
128,0.00025,16,GELU,300,0.4838709677419355,0.45454545454545453,0.8333333333333334,0.3458769000135362
128,0.00025,16,GELU,500,0.4838709677419355,0.45454545454545453,0.8333333333333334,0.27656599995680153
128,0.00025,16,GELU,1000,0.4838709677419355,0.45454545454545453,0.8333333333333334,0.3146524999756366
128,0.00025,16,Softmax,50,0.4967741935483871,0.46107784431137727,0.8555555555555555,0.19442149996757507
128,0.00025,16,Softmax,100,0.4967741935483871,0.46107784431137727,0.8555555555555555,0.22279460006393492
128,0.00025,16,Softmax,300,0.4967741935483871,0.46107784431137727,0.8555555555555555,0.2674091998487711
128,0.00025,16,Softmax,500,0.4967741935483871,0.46107784431137727,0.8555555555555555,0.21449560020118952
128,0.00025,16,Softmax,1000,0.4967741935483871,0.46107784431137727,0.8555555555555555,0.2254093000665307
128,0.00025,32,ReLU,50,0.47419354838709676,0.44954128440366975,0.8166666666666667,0.29293809994123876
128,0.00025,32,ReLU,100,0.47419354838709676,0.44954128440366975,0.8166666666666667,0.2545996999833733
128,0.00025,32,ReLU,300,0.47419354838709676,0.44954128440366975,0.8166666666666667,0.28721789992414415
128,0.00025,32,ReLU,500,0.47419354838709676,0.44954128440366975,0.8166666666666667,0.3694287999533117
128,0.00025,32,ReLU,1000,0.47419354838709676,0.44954128440366975,0.8166666666666667,0.3148384001106024
128,0.00025,32,Tanh,50,0.4483870967741935,0.43573667711598746,0.7722222222222223,0.31158530013635755
128,0.00025,32,Tanh,100,0.4483870967741935,0.43573667711598746,0.7722222222222223,0.2299267000053078
128,0.00025,32,Tanh,300,0.4483870967741935,0.43573667711598746,0.7722222222222223,0.19694779999554157
128,0.00025,32,Tanh,500,0.4483870967741935,0.43573667711598746,0.7722222222222223,0.19807579996995628
128,0.00025,32,Tanh,1000,0.4483870967741935,0.43573667711598746,0.7722222222222223,0.185542699880898
128,0.00025,32,Sigmoid,50,0.4967741935483871,0.46107784431137727,0.8555555555555555,0.08905770001001656
128,0.00025,32,Sigmoid,100,0.4967741935483871,0.46107784431137727,0.8555555555555555,0.079024099977687
128,0.00025,32,Sigmoid,300,0.4967741935483871,0.46107784431137727,0.8555555555555555,0.11744310008361936
128,0.00025,32,Sigmoid,500,0.4967741935483871,0.46107784431137727,0.8555555555555555,0.2006767001003027
128,0.00025,32,Sigmoid,1000,0.4967741935483871,0.46107784431137727,0.8555555555555555,0.16434219991788268
128,0.00025,32,GELU,50,0.47419354838709676,0.44954128440366975,0.8166666666666667,0.28229860006831586
128,0.00025,32,GELU,100,0.47419354838709676,0.44954128440366975,0.8166666666666667,0.26895419997163117
128,0.00025,32,GELU,300,0.47419354838709676,0.44954128440366975,0.8166666666666667,0.3141497999895364
128,0.00025,32,GELU,500,0.47419354838709676,0.44954128440366975,0.8166666666666667,0.3632674999535084
128,0.00025,32,GELU,1000,0.47419354838709676,0.44954128440366975,0.8166666666666667,0.24713979987427592
128,0.00025,32,Softmax,50,0.4967741935483871,0.46107784431137727,0.8555555555555555,0.15460170013830066
128,0.00025,32,Softmax,100,0.4967741935483871,0.46107784431137727,0.8555555555555555,0.16695159999653697
128,0.00025,32,Softmax,300,0.4967741935483871,0.46107784431137727,0.8555555555555555,0.14647510019131005
128,0.00025,32,Softmax,500,0.4967741935483871,0.46107784431137727,0.8555555555555555,0.15491109993308783
128,0.00025,32,Softmax,1000,0.4967741935483871,0.46107784431137727,0.8555555555555555,0.16373990010470152
128,0.00025,64,ReLU,50,0.46774193548387094,0.4461538461538462,0.8055555555555556,0.3019914999604225
128,0.00025,64,ReLU,100,0.46774193548387094,0.4461538461538462,0.8055555555555556,0.26030610012821853
128,0.00025,64,ReLU,300,0.46774193548387094,0.4461538461538462,0.8055555555555556,0.2302161999978125
128,0.00025,64,ReLU,500,0.46774193548387094,0.4461538461538462,0.8055555555555556,0.2616363998968154
128,0.00025,64,ReLU,1000,0.46774193548387094,0.4461538461538462,0.8055555555555556,0.2555527000222355
128,0.00025,64,Tanh,50,0.43548387096774194,0.42857142857142855,0.75,0.24990639998577535
128,0.00025,64,Tanh,100,0.43548387096774194,0.42857142857142855,0.75,0.28888570005074143
128,0.00025,64,Tanh,300,0.43548387096774194,0.42857142857142855,0.75,0.3329908999148756
128,0.00025,64,Tanh,500,0.43548387096774194,0.42857142857142855,0.75,0.26946089998818934
128,0.00025,64,Tanh,1000,0.43548387096774194,0.42857142857142855,0.75,0.2744097001850605
128,0.00025,64,Sigmoid,50,0.4870967741935484,0.4561933534743202,0.8388888888888889,0.13889379985630512
128,0.00025,64,Sigmoid,100,0.4870967741935484,0.4561933534743202,0.8388888888888889,0.12771970010362566
128,0.00025,64,Sigmoid,300,0.4870967741935484,0.4561933534743202,0.8388888888888889,0.11959979985840619
128,0.00025,64,Sigmoid,500,0.4870967741935484,0.4561933534743202,0.8388888888888889,0.16296899993903935
128,0.00025,64,Sigmoid,1000,0.4870967741935484,0.4561933534743202,0.8388888888888889,0.1560692999046296
128,0.00025,64,GELU,50,0.46774193548387094,0.4461538461538462,0.8055555555555556,0.24675769987516105
128,0.00025,64,GELU,100,0.46774193548387094,0.4461538461538462,0.8055555555555556,0.1741388998925686
128,0.00025,64,GELU,300,0.46774193548387094,0.4461538461538462,0.8055555555555556,0.1535801999270916
128,0.00025,64,GELU,500,0.46774193548387094,0.4461538461538462,0.8055555555555556,0.14224389987066388
128,0.00025,64,GELU,1000,0.46774193548387094,0.4461538461538462,0.8055555555555556,0.18093260005116463
128,0.00025,64,Softmax,50,0.4870967741935484,0.4561933534743202,0.8388888888888889,0.0813355001155287
128,0.00025,64,Softmax,100,0.4870967741935484,0.4561933534743202,0.8388888888888889,0.07941239979118109
128,0.00025,64,Softmax,300,0.4870967741935484,0.4561933534743202,0.8388888888888889,0.06639730022288859
128,0.00025,64,Softmax,500,0.4870967741935484,0.4561933534743202,0.8388888888888889,0.06757960002869368
128,0.00025,64,Softmax,1000,0.4870967741935484,0.4561933534743202,0.8388888888888889,0.07885449985042214
128,0.00025,128,ReLU,50,0.45483870967741935,0.4392523364485981,0.7833333333333333,0.13147079991176724
128,0.00025,128,ReLU,100,0.45483870967741935,0.4392523364485981,0.7833333333333333,0.15285489987581968
128,0.00025,128,ReLU,300,0.45483870967741935,0.4392523364485981,0.7833333333333333,0.1307799001224339
128,0.00025,128,ReLU,500,0.45483870967741935,0.4392523364485981,0.7833333333333333,0.25132400006987154
128,0.00025,128,ReLU,1000,0.45483870967741935,0.4392523364485981,0.7833333333333333,0.28242750000208616
128,0.00025,128,Tanh,50,0.4064516129032258,0.4117647058823529,0.7,0.23139380011707544
128,0.00025,128,Tanh,100,0.4064516129032258,0.4117647058823529,0.7,0.22216050000861287
128,0.00025,128,Tanh,300,0.4064516129032258,0.4117647058823529,0.7,0.21828130003996193
128,0.00025,128,Tanh,500,0.4064516129032258,0.4117647058823529,0.7,0.27665970008820295
128,0.00025,128,Tanh,1000,0.4064516129032258,0.4117647058823529,0.7,0.28619439993053675
128,0.00025,128,Sigmoid,50,0.4870967741935484,0.4561933534743202,0.8388888888888889,0.13579299999400973
128,0.00025,128,Sigmoid,100,0.4870967741935484,0.4561933534743202,0.8388888888888889,0.160262499935925
128,0.00025,128,Sigmoid,300,0.4870967741935484,0.4561933534743202,0.8388888888888889,0.1373608000576496
128,0.00025,128,Sigmoid,500,0.4870967741935484,0.4561933534743202,0.8388888888888889,0.15529270004481077
128,0.00025,128,Sigmoid,1000,0.4870967741935484,0.4561933534743202,0.8388888888888889,0.10779550019651651
128,0.00025,128,GELU,50,0.45483870967741935,0.4392523364485981,0.7833333333333333,0.2506759997922927
128,0.00025,128,GELU,100,0.45483870967741935,0.4392523364485981,0.7833333333333333,0.2824499001726508
128,0.00025,128,GELU,300,0.45483870967741935,0.4392523364485981,0.7833333333333333,0.3720692000351846
128,0.00025,128,GELU,500,0.45483870967741935,0.4392523364485981,0.7833333333333333,0.3399633001536131
128,0.00025,128,GELU,1000,0.45483870967741935,0.4392523364485981,0.7833333333333333,0.3198580997996032
128,0.00025,128,Softmax,50,0.4870967741935484,0.4561933534743202,0.8388888888888889,0.1435696000698954
128,0.00025,128,Softmax,100,0.4870967741935484,0.4561933534743202,0.8388888888888889,0.1469210998620838
128,0.00025,128,Softmax,300,0.4870967741935484,0.4561933534743202,0.8388888888888889,0.1531429998576641
128,0.00025,128,Softmax,500,0.4870967741935484,0.4561933534743202,0.8388888888888889,0.15571819990873337
128,0.00025,128,Softmax,1000,0.4870967741935484,0.4561933534743202,0.8388888888888889,0.18562780017964542
