Hidden_Neurons,Learning_Rate,Batch_Size,Activation_Function,Epochs,Balanced_Accuracy,Macro F1 Score,Accuracy,Time(s)
8,0.01,8,ReLU,50,0.2399553571428571,0.2408090759814897,0.2407407407407407,0.1290982000064104
8,0.01,8,ReLU,100,0.2399553571428571,0.2408090759814897,0.2407407407407407,0.130046799997217
8,0.01,8,ReLU,300,0.2399553571428571,0.2408090759814897,0.2407407407407407,0.1416782999876886
8,0.01,8,ReLU,500,0.2399553571428571,0.2408090759814897,0.2407407407407407,0.1512990000046556
8,0.01,8,ReLU,1000,0.2399553571428571,0.2408090759814897,0.2407407407407407,0.1310618999996222
8,0.01,8,Tanh,50,0.3043154761904762,0.2728420491809429,0.2962962962962963,0.1202329000079771
8,0.01,8,Tanh,100,0.3043154761904762,0.2728420491809429,0.2962962962962963,0.1085915999865392
8,0.01,8,Tanh,300,0.3043154761904762,0.2728420491809429,0.2962962962962963,0.1401221999985864
8,0.01,8,Tanh,500,0.3043154761904762,0.2728420491809429,0.2962962962962963,0.1413493000000016
8,0.01,8,Tanh,1000,0.3043154761904762,0.2728420491809429,0.2962962962962963,0.1529367999901296
8,0.01,8,Sigmoid,50,0.2611607142857143,0.2133278486219662,0.25,0.1305786999873817
8,0.01,8,Sigmoid,100,0.2611607142857143,0.2133278486219662,0.25,0.1622138999955495
8,0.01,8,Sigmoid,300,0.2611607142857143,0.2133278486219662,0.25,0.1396483999997144
8,0.01,8,Sigmoid,500,0.2611607142857143,0.2133278486219662,0.25,0.1602513999969232
8,0.01,8,Sigmoid,1000,0.2611607142857143,0.2133278486219662,0.25,0.1504906999907689
8,0.01,8,GELU,50,0.2399553571428571,0.2408090759814897,0.2407407407407407,0.1293293999915477
8,0.01,8,GELU,100,0.2399553571428571,0.2408090759814897,0.2407407407407407,0.1192200999939814
8,0.01,8,GELU,300,0.2399553571428571,0.2408090759814897,0.2407407407407407,0.1099325999966822
8,0.01,8,GELU,500,0.2399553571428571,0.2408090759814897,0.2407407407407407,0.1187917999923229
8,0.01,8,GELU,1000,0.2399553571428571,0.2408090759814897,0.2407407407407407,0.1304616999987047
8,0.01,8,Softmax,50,0.2399553571428571,0.2408090759814897,0.2407407407407407,0.1079039000032935
8,0.01,8,Softmax,100,0.2399553571428571,0.2408090759814897,0.2407407407407407,0.1195146000100066
8,0.01,8,Softmax,300,0.2399553571428571,0.2408090759814897,0.2407407407407407,0.1203934999939519
8,0.01,8,Softmax,500,0.2399553571428571,0.2408090759814897,0.2407407407407407,0.1202737999992678
8,0.01,8,Softmax,1000,0.2399553571428571,0.2408090759814897,0.2407407407407407,0.1188912999932654
8,0.01,16,ReLU,50,0.2194940476190476,0.2056638373409779,0.2129629629629629,0.0766432999953394
8,0.01,16,ReLU,100,0.2194940476190476,0.2056638373409779,0.2129629629629629,0.0894380000099772
8,0.01,16,ReLU,300,0.2194940476190476,0.2056638373409779,0.2129629629629629,0.0890930999885313
8,0.01,16,ReLU,500,0.2194940476190476,0.2056638373409779,0.2129629629629629,0.0895287000021198
8,0.01,16,ReLU,1000,0.2194940476190476,0.2056638373409779,0.2129629629629629,0.0779302999872015
8,0.01,16,Tanh,50,0.2965029761904761,0.2689142307030445,0.287037037037037,0.0876474999968195
8,0.01,16,Tanh,100,0.2965029761904761,0.2689142307030445,0.287037037037037,0.0980894000094849
8,0.01,16,Tanh,300,0.2965029761904761,0.2689142307030445,0.287037037037037,0.0993694999924628
8,0.01,16,Tanh,500,0.2965029761904761,0.2689142307030445,0.287037037037037,0.086535599999479
8,0.01,16,Tanh,1000,0.2965029761904761,0.2689142307030445,0.287037037037037,0.0975877000018954
8,0.01,16,Sigmoid,50,0.2678571428571428,0.1425104540023895,0.2407407407407407,0.0673030000034486
8,0.01,16,Sigmoid,100,0.2678571428571428,0.1425104540023895,0.2407407407407407,0.0668938000017078
8,0.01,16,Sigmoid,300,0.2678571428571428,0.1425104540023895,0.2407407407407407,0.0584994999953778
8,0.01,16,Sigmoid,500,0.2678571428571428,0.1425104540023895,0.2407407407407407,0.0575638999871443
8,0.01,16,Sigmoid,1000,0.2678571428571428,0.1425104540023895,0.2407407407407407,0.0566431999905034
8,0.01,16,GELU,50,0.2194940476190476,0.2056638373409779,0.2129629629629629,0.0787608999962685
8,0.01,16,GELU,100,0.2194940476190476,0.2056638373409779,0.2129629629629629,0.0877573999896412
8,0.01,16,GELU,300,0.2194940476190476,0.2056638373409779,0.2129629629629629,0.0882698000059463
8,0.01,16,GELU,500,0.2194940476190476,0.2056638373409779,0.2129629629629629,0.0886181000096257
8,0.01,16,GELU,1000,0.2194940476190476,0.2056638373409779,0.2129629629629629,0.0885324000118998
8,0.01,16,Softmax,50,0.2194940476190476,0.2056638373409779,0.2129629629629629,0.0782643999991705
8,0.01,16,Softmax,100,0.2194940476190476,0.2056638373409779,0.2129629629629629,0.0902777000010246
8,0.01,16,Softmax,300,0.2194940476190476,0.2056638373409779,0.2129629629629629,0.0773888999974588
8,0.01,16,Softmax,500,0.2194940476190476,0.2056638373409779,0.2129629629629629,0.088391600002069
8,0.01,16,Softmax,1000,0.2194940476190476,0.2056638373409779,0.2129629629629629,0.1145566000050166
8,0.01,32,ReLU,50,0.2522321428571428,0.1910252630066871,0.2314814814814814,0.0801992000051541
8,0.01,32,ReLU,100,0.2522321428571428,0.1910252630066871,0.2314814814814814,0.0680781999981263
8,0.01,32,ReLU,300,0.2522321428571428,0.1910252630066871,0.2314814814814814,0.087935000003199
8,0.01,32,ReLU,500,0.2522321428571428,0.1910252630066871,0.2314814814814814,0.0788148999999975
8,0.01,32,ReLU,1000,0.2522321428571428,0.1910252630066871,0.2314814814814814,0.0780883999977959
8,0.01,32,Tanh,50,0.2890625,0.244125939849624,0.2777777777777778,0.0576732000045012
8,0.01,32,Tanh,100,0.2890625,0.244125939849624,0.2777777777777778,0.0689797999948496
8,0.01,32,Tanh,300,0.2890625,0.244125939849624,0.2777777777777778,0.0683926999918185
8,0.01,32,Tanh,500,0.2890625,0.244125939849624,0.2777777777777778,0.0472378999984357
8,0.01,32,Tanh,1000,0.2890625,0.244125939849624,0.2777777777777778,0.0479374999995343
8,0.01,32,Sigmoid,50,0.2574404761904762,0.1247459349593495,0.2314814814814814,0.0580530000006547
8,0.01,32,Sigmoid,100,0.2574404761904762,0.1247459349593495,0.2314814814814814,0.0581795000034617
8,0.01,32,Sigmoid,300,0.2574404761904762,0.1247459349593495,0.2314814814814814,0.0571779000019887
8,0.01,32,Sigmoid,500,0.2574404761904762,0.1247459349593495,0.2314814814814814,0.0575906000012764
8,0.01,32,Sigmoid,1000,0.2574404761904762,0.1247459349593495,0.2314814814814814,0.0573810000059893
8,0.01,32,GELU,50,0.2522321428571428,0.1910252630066871,0.2314814814814814,0.0782103999954415
8,0.01,32,GELU,100,0.2522321428571428,0.1910252630066871,0.2314814814814814,0.0679790000140201
8,0.01,32,GELU,300,0.2522321428571428,0.1910252630066871,0.2314814814814814,0.078712299990002
8,0.01,32,GELU,500,0.2522321428571428,0.1910252630066871,0.2314814814814814,0.0670644999918295
8,0.01,32,GELU,1000,0.2522321428571428,0.1910252630066871,0.2314814814814814,0.066218599997228
8,0.01,32,Softmax,50,0.2522321428571428,0.1910252630066871,0.2314814814814814,0.0798852999869268
8,0.01,32,Softmax,100,0.2522321428571428,0.1910252630066871,0.2314814814814814,0.088465199994971
8,0.01,32,Softmax,300,0.2522321428571428,0.1910252630066871,0.2314814814814814,0.0766975000005913
8,0.01,32,Softmax,500,0.2522321428571428,0.1910252630066871,0.2314814814814814,0.0800132999866036
8,0.01,32,Softmax,1000,0.2522321428571428,0.1910252630066871,0.2314814814814814,0.0683926999918185
8,0.01,64,ReLU,50,0.234375,0.1472623617069315,0.2129629629629629,0.0664450999902328
8,0.01,64,ReLU,100,0.234375,0.1472623617069315,0.2129629629629629,0.0569398000079672
8,0.01,64,ReLU,300,0.234375,0.1472623617069315,0.2129629629629629,0.0571330999955534
8,0.01,64,ReLU,500,0.234375,0.1472623617069315,0.2129629629629629,0.0671896999992895
8,0.01,64,ReLU,1000,0.234375,0.1472623617069315,0.2129629629629629,0.0460622999962652
8,0.01,64,Tanh,50,0.2994791666666666,0.2485498108448928,0.287037037037037,0.0457028999953763
8,0.01,64,Tanh,100,0.2994791666666666,0.2485498108448928,0.287037037037037,0.0471327999985078
8,0.01,64,Tanh,300,0.2994791666666666,0.2485498108448928,0.287037037037037,0.0462316999910399
8,0.01,64,Tanh,500,0.2994791666666666,0.2485498108448928,0.287037037037037,0.0463347999902907
8,0.01,64,Tanh,1000,0.2994791666666666,0.2485498108448928,0.287037037037037,0.0488022999925306
8,0.01,64,Sigmoid,50,0.2916666666666666,0.1896537211380324,0.2685185185185185,0.0579287000000476
8,0.01,64,Sigmoid,100,0.2916666666666666,0.1896537211380324,0.2685185185185185,0.0600072999950498
8,0.01,64,Sigmoid,300,0.2916666666666666,0.1896537211380324,0.2685185185185185,0.1653341000055661
8,0.01,64,Sigmoid,500,0.2916666666666666,0.1896537211380324,0.2685185185185185,0.0704797000071266
8,0.01,64,Sigmoid,1000,0.2916666666666666,0.1896537211380324,0.2685185185185185,0.0686291000019991
8,0.01,64,GELU,50,0.234375,0.1472623617069315,0.2129629629629629,0.0899009999993722
8,0.01,64,GELU,100,0.234375,0.1472623617069315,0.2129629629629629,0.0677621000068029
8,0.01,64,GELU,300,0.234375,0.1472623617069315,0.2129629629629629,0.0896269000077154
8,0.01,64,GELU,500,0.234375,0.1472623617069315,0.2129629629629629,0.0668620000069495
8,0.01,64,GELU,1000,0.234375,0.1472623617069315,0.2129629629629629,0.067829099993105
8,0.01,64,Softmax,50,0.234375,0.1472623617069315,0.2129629629629629,0.0791520999919157
8,0.01,64,Softmax,100,0.234375,0.1472623617069315,0.2129629629629629,0.0570224999974016
8,0.01,64,Softmax,300,0.234375,0.1472623617069315,0.2129629629629629,0.057411099987803
8,0.01,64,Softmax,500,0.234375,0.1472623617069315,0.2129629629629629,0.0580870999983744
8,0.01,64,Softmax,1000,0.234375,0.1472623617069315,0.2129629629629629,0.0460435999993933
8,0.01,128,ReLU,50,0.2395833333333333,0.1041290322580645,0.2129629629629629,0.0350057000032393
8,0.01,128,ReLU,100,0.2395833333333333,0.1041290322580645,0.2129629629629629,0.0356636999931652
8,0.01,128,ReLU,300,0.2395833333333333,0.1041290322580645,0.2129629629629629,0.0364877999963937
8,0.01,128,ReLU,500,0.2395833333333333,0.1041290322580645,0.2129629629629629,0.0361643999931402
8,0.01,128,ReLU,1000,0.2395833333333333,0.1041290322580645,0.2129629629629629,0.0369311000104062
8,0.01,128,Tanh,50,0.3125,0.2535258789391996,0.2962962962962963,0.0477479000110179
8,0.01,128,Tanh,100,0.3125,0.2535258789391996,0.2962962962962963,0.0359939000045415
8,0.01,128,Tanh,300,0.3125,0.2535258789391996,0.2962962962962963,0.0353952000004937
8,0.01,128,Tanh,500,0.3125,0.2535258789391996,0.2962962962962963,0.0458876000047894
8,0.01,128,Tanh,1000,0.3125,0.2535258789391996,0.2962962962962963,0.0371211000019684
8,0.01,128,Sigmoid,50,0.25,0.0909090909090909,0.2222222222222222,0.0353476000018417
8,0.01,128,Sigmoid,100,0.25,0.0909090909090909,0.2222222222222222,0.0365380000002915
8,0.01,128,Sigmoid,300,0.25,0.0909090909090909,0.2222222222222222,0.0358377999946242
8,0.01,128,Sigmoid,500,0.25,0.0909090909090909,0.2222222222222222,0.03860810000333
8,0.01,128,Sigmoid,1000,0.25,0.0909090909090909,0.2222222222222222,0.0364922000007936
8,0.01,128,GELU,50,0.2395833333333333,0.1041290322580645,0.2129629629629629,0.0351482999976724
8,0.01,128,GELU,100,0.2395833333333333,0.1041290322580645,0.2129629629629629,0.0348539999977219
8,0.01,128,GELU,300,0.2395833333333333,0.1041290322580645,0.2129629629629629,0.0353960000065853
8,0.01,128,GELU,500,0.2395833333333333,0.1041290322580645,0.2129629629629629,0.0354204000032041
8,0.01,128,GELU,1000,0.2395833333333333,0.1041290322580645,0.2129629629629629,0.0366102999978465
8,0.01,128,Softmax,50,0.2395833333333333,0.1041290322580645,0.2129629629629629,0.0353807000064989
8,0.01,128,Softmax,100,0.2395833333333333,0.1041290322580645,0.2129629629629629,0.0354501999972853
8,0.01,128,Softmax,300,0.2395833333333333,0.1041290322580645,0.2129629629629629,0.0358135999995283
8,0.01,128,Softmax,500,0.2395833333333333,0.1041290322580645,0.2129629629629629,0.0359574000030988
8,0.01,128,Softmax,1000,0.2395833333333333,0.1041290322580645,0.2129629629629629,0.035421699998551
8,0.001,8,ReLU,50,0.2604166666666666,0.132237539766702,0.2314814814814814,0.1301700999902095
8,0.001,8,ReLU,100,0.2604166666666666,0.132237539766702,0.2314814814814814,0.1412671000143746
8,0.001,8,ReLU,300,0.2604166666666666,0.132237539766702,0.2314814814814814,0.1421501000004355
8,0.001,8,ReLU,500,0.2604166666666666,0.132237539766702,0.2314814814814814,0.1618894999992335
8,0.001,8,ReLU,1000,0.2604166666666666,0.132237539766702,0.2314814814814814,0.1324682999984361
8,0.001,8,Tanh,50,0.3125,0.2517056530214425,0.2962962962962963,0.12076329998672
8,0.001,8,Tanh,100,0.3125,0.2517056530214425,0.2962962962962963,0.1094220000086352
8,0.001,8,Tanh,300,0.3125,0.2517056530214425,0.2962962962962963,0.1181882999953813
8,0.001,8,Tanh,500,0.3125,0.2517056530214425,0.2962962962962963,0.1079026999941561
8,0.001,8,Tanh,1000,0.3125,0.2517056530214425,0.2962962962962963,0.1182469999912427
8,0.001,8,Sigmoid,50,0.25,0.0909090909090909,0.2222222222222222,0.0871990000014193
8,0.001,8,Sigmoid,100,0.25,0.0909090909090909,0.2222222222222222,0.0892520999914268
8,0.001,8,Sigmoid,300,0.25,0.0909090909090909,0.2222222222222222,0.0892725000012433
8,0.001,8,Sigmoid,500,0.25,0.0909090909090909,0.2222222222222222,0.0897039000119548
8,0.001,8,Sigmoid,1000,0.25,0.0909090909090909,0.2222222222222222,0.0893400000059045
8,0.001,8,GELU,50,0.2604166666666666,0.132237539766702,0.2314814814814814,0.1408179999998537
8,0.001,8,GELU,100,0.2604166666666666,0.132237539766702,0.2314814814814814,0.1520408999931533
8,0.001,8,GELU,300,0.2604166666666666,0.132237539766702,0.2314814814814814,0.1728580000053625
8,0.001,8,GELU,500,0.2604166666666666,0.132237539766702,0.2314814814814814,0.141455599994515
8,0.001,8,GELU,1000,0.2604166666666666,0.132237539766702,0.2314814814814814,0.1308294000045862
8,0.001,8,Softmax,50,0.2604166666666666,0.132237539766702,0.2314814814814814,0.1311725999985356
8,0.001,8,Softmax,100,0.2604166666666666,0.132237539766702,0.2314814814814814,0.140531800003373
8,0.001,8,Softmax,300,0.2604166666666666,0.132237539766702,0.2314814814814814,0.1091524000075878
8,0.001,8,Softmax,500,0.2604166666666666,0.132237539766702,0.2314814814814814,0.1316998999973293
8,0.001,8,Softmax,1000,0.2604166666666666,0.132237539766702,0.2314814814814814,0.1407436000008601
8,0.001,16,ReLU,50,0.2395833333333333,0.1041290322580645,0.2129629629629629,0.0573605000099632
8,0.001,16,ReLU,100,0.2395833333333333,0.1041290322580645,0.2129629629629629,0.056477400008589
8,0.001,16,ReLU,300,0.2395833333333333,0.1041290322580645,0.2129629629629629,0.0580628000025171
8,0.001,16,ReLU,500,0.2395833333333333,0.1041290322580645,0.2129629629629629,0.057555700012017
8,0.001,16,ReLU,1000,0.2395833333333333,0.1041290322580645,0.2129629629629629,0.0570237999927485
8,0.001,16,Tanh,50,0.3046875,0.2423877016727066,0.287037037037037,0.0881780000054277
8,0.001,16,Tanh,100,0.3046875,0.2423877016727066,0.287037037037037,0.0860109999921405
8,0.001,16,Tanh,300,0.3046875,0.2423877016727066,0.287037037037037,0.1088118000043323
8,0.001,16,Tanh,500,0.3046875,0.2423877016727066,0.287037037037037,0.0780363000085344
8,0.001,16,Tanh,1000,0.3046875,0.2423877016727066,0.287037037037037,0.0674166000098921
8,0.001,16,Sigmoid,50,0.25,0.0909090909090909,0.2222222222222222,0.0558897000009892
8,0.001,16,Sigmoid,100,0.25,0.0909090909090909,0.2222222222222222,0.0581394000037107
8,0.001,16,Sigmoid,300,0.25,0.0909090909090909,0.2222222222222222,0.0573845000035362
8,0.001,16,Sigmoid,500,0.25,0.0909090909090909,0.2222222222222222,0.0467879999923752
8,0.001,16,Sigmoid,1000,0.25,0.0909090909090909,0.2222222222222222,0.0563082000007852
8,0.001,16,GELU,50,0.2395833333333333,0.1041290322580645,0.2129629629629629,0.0565246000041952
8,0.001,16,GELU,100,0.2395833333333333,0.1041290322580645,0.2129629629629629,0.0586219999968307
8,0.001,16,GELU,300,0.2395833333333333,0.1041290322580645,0.2129629629629629,0.0464464999968186
8,0.001,16,GELU,500,0.2395833333333333,0.1041290322580645,0.2129629629629629,0.0573936000000685
8,0.001,16,GELU,1000,0.2395833333333333,0.1041290322580645,0.2129629629629629,0.056680800000322
8,0.001,16,Softmax,50,0.2395833333333333,0.1041290322580645,0.2129629629629629,0.0580128000001423
8,0.001,16,Softmax,100,0.2395833333333333,0.1041290322580645,0.2129629629629629,0.0566625999927055
8,0.001,16,Softmax,300,0.2395833333333333,0.1041290322580645,0.2129629629629629,0.0580778000003192
8,0.001,16,Softmax,500,0.2395833333333333,0.1041290322580645,0.2129629629629629,0.0687540000071749
8,0.001,16,Softmax,1000,0.2395833333333333,0.1041290322580645,0.2129629629629629,0.0585699999937787
8,0.001,32,ReLU,50,0.25,0.1079365079365079,0.2222222222222222,0.0460565999965183
8,0.001,32,ReLU,100,0.25,0.1079365079365079,0.2222222222222222,0.0455558999965433
8,0.001,32,ReLU,300,0.25,0.1079365079365079,0.2222222222222222,0.0455394000018714
8,0.001,32,ReLU,500,0.25,0.1079365079365079,0.2222222222222222,0.0463338000117801
8,0.001,32,ReLU,1000,0.25,0.1079365079365079,0.2222222222222222,0.0459605999931227
8,0.001,32,Tanh,50,0.296875,0.2306917211328976,0.2777777777777778,0.0465105000039329
8,0.001,32,Tanh,100,0.296875,0.2306917211328976,0.2777777777777778,0.0461236000119242
8,0.001,32,Tanh,300,0.296875,0.2306917211328976,0.2777777777777778,0.0466678000084357
8,0.001,32,Tanh,500,0.296875,0.2306917211328976,0.2777777777777778,0.0489681000035489
8,0.001,32,Tanh,1000,0.296875,0.2306917211328976,0.2777777777777778,0.0467908999999053
8,0.001,32,Sigmoid,50,0.25,0.0909090909090909,0.2222222222222222,0.0460714999935589
8,0.001,32,Sigmoid,100,0.25,0.0909090909090909,0.2222222222222222,0.0453545000054873
8,0.001,32,Sigmoid,300,0.25,0.0909090909090909,0.2222222222222222,0.0454565999971237
8,0.001,32,Sigmoid,500,0.25,0.0909090909090909,0.2222222222222222,0.0471663999924203
8,0.001,32,Sigmoid,1000,0.25,0.0909090909090909,0.2222222222222222,0.0461983999994117
8,0.001,32,GELU,50,0.25,0.1079365079365079,0.2222222222222222,0.0459300999937113
8,0.001,32,GELU,100,0.25,0.1079365079365079,0.2222222222222222,0.0486612000095192
8,0.001,32,GELU,300,0.25,0.1079365079365079,0.2222222222222222,0.048292899999069
8,0.001,32,GELU,500,0.25,0.1079365079365079,0.2222222222222222,0.0458765999937895
8,0.001,32,GELU,1000,0.25,0.1079365079365079,0.2222222222222222,0.0456211999990046
8,0.001,32,Softmax,50,0.25,0.1079365079365079,0.2222222222222222,0.0472492000117199
8,0.001,32,Softmax,100,0.25,0.1079365079365079,0.2222222222222222,0.0473914000031072
8,0.001,32,Softmax,300,0.25,0.1079365079365079,0.2222222222222222,0.0458226000046124
8,0.001,32,Softmax,500,0.25,0.1079365079365079,0.2222222222222222,0.0459438999969279
8,0.001,32,Softmax,1000,0.25,0.1079365079365079,0.2222222222222222,0.0480957000108901
8,0.001,64,ReLU,50,0.25,0.1079365079365079,0.2222222222222222,0.0472160999925108
8,0.001,64,ReLU,100,0.25,0.1079365079365079,0.2222222222222222,0.0470843000075547
8,0.001,64,ReLU,300,0.25,0.1079365079365079,0.2222222222222222,0.0364896999963093
8,0.001,64,ReLU,500,0.25,0.1079365079365079,0.2222222222222222,0.0479868000111309
8,0.001,64,ReLU,1000,0.25,0.1079365079365079,0.2222222222222222,0.04693650000263
8,0.001,64,Tanh,50,0.296875,0.2306917211328976,0.2777777777777778,0.0469000999873969
8,0.001,64,Tanh,100,0.296875,0.2306917211328976,0.2777777777777778,0.0365737000101944
8,0.001,64,Tanh,300,0.296875,0.2306917211328976,0.2777777777777778,0.0465093000093475
8,0.001,64,Tanh,500,0.296875,0.2306917211328976,0.2777777777777778,0.0360999000113224
8,0.001,64,Tanh,1000,0.296875,0.2306917211328976,0.2777777777777778,0.0362488999962806
8,0.001,64,Sigmoid,50,0.25,0.0909090909090909,0.2222222222222222,0.0359224999992875
8,0.001,64,Sigmoid,100,0.25,0.0909090909090909,0.2222222222222222,0.0463400000007823
8,0.001,64,Sigmoid,300,0.25,0.0909090909090909,0.2222222222222222,0.0472919000021647
8,0.001,64,Sigmoid,500,0.25,0.0909090909090909,0.2222222222222222,0.0364176000002771
8,0.001,64,Sigmoid,1000,0.25,0.0909090909090909,0.2222222222222222,0.035244499988039
8,0.001,64,GELU,50,0.25,0.1079365079365079,0.2222222222222222,0.0349902999878395
8,0.001,64,GELU,100,0.25,0.1079365079365079,0.2222222222222222,0.0462225999945076
8,0.001,64,GELU,300,0.25,0.1079365079365079,0.2222222222222222,0.0367542000021785
8,0.001,64,GELU,500,0.25,0.1079365079365079,0.2222222222222222,0.047143000003416
8,0.001,64,GELU,1000,0.25,0.1079365079365079,0.2222222222222222,0.036173599990434
8,0.001,64,Softmax,50,0.25,0.1079365079365079,0.2222222222222222,0.0371755999949527
8,0.001,64,Softmax,100,0.25,0.1079365079365079,0.2222222222222222,0.0363038999930722
8,0.001,64,Softmax,300,0.25,0.1079365079365079,0.2222222222222222,0.0470006999967154
8,0.001,64,Softmax,500,0.25,0.1079365079365079,0.2222222222222222,0.0370335999905364
8,0.001,64,Softmax,1000,0.25,0.1079365079365079,0.2222222222222222,0.0370538999995915
8,0.001,128,ReLU,50,0.25,0.1079365079365079,0.2222222222222222,0.037497400000575
8,0.001,128,ReLU,100,0.25,0.1079365079365079,0.2222222222222222,0.0366822000069078
8,0.001,128,ReLU,300,0.25,0.1079365079365079,0.2222222222222222,0.0379964000021573
8,0.001,128,ReLU,500,0.25,0.1079365079365079,0.2222222222222222,0.0375076999916927
8,0.001,128,ReLU,1000,0.25,0.1079365079365079,0.2222222222222222,0.0379556999978376
8,0.001,128,Tanh,50,0.3072916666666666,0.2367410706104422,0.287037037037037,0.0471124000032432
8,0.001,128,Tanh,100,0.3072916666666666,0.2367410706104422,0.287037037037037,0.0373632999981055
8,0.001,128,Tanh,300,0.3072916666666666,0.2367410706104422,0.287037037037037,0.0472350000054575
8,0.001,128,Tanh,500,0.3072916666666666,0.2367410706104422,0.287037037037037,0.0369407999969553
8,0.001,128,Tanh,1000,0.3072916666666666,0.2367410706104422,0.287037037037037,0.0364164000056916
8,0.001,128,Sigmoid,50,0.25,0.0909090909090909,0.2222222222222222,0.036278300001868
8,0.001,128,Sigmoid,100,0.25,0.0909090909090909,0.2222222222222222,0.0383461999881546
8,0.001,128,Sigmoid,300,0.25,0.0909090909090909,0.2222222222222222,0.0362445000064326
8,0.001,128,Sigmoid,500,0.25,0.0909090909090909,0.2222222222222222,0.0380600999924354
8,0.001,128,Sigmoid,1000,0.25,0.0909090909090909,0.2222222222222222,0.036625599997933
8,0.001,128,GELU,50,0.25,0.1079365079365079,0.2222222222222222,0.0360193999949842
8,0.001,128,GELU,100,0.25,0.1079365079365079,0.2222222222222222,0.035413099991274
8,0.001,128,GELU,300,0.25,0.1079365079365079,0.2222222222222222,0.03651190000528
8,0.001,128,GELU,500,0.25,0.1079365079365079,0.2222222222222222,0.0350814999983413
8,0.001,128,GELU,1000,0.25,0.1079365079365079,0.2222222222222222,0.0345967000030214
8,0.001,128,Softmax,50,0.25,0.1079365079365079,0.2222222222222222,0.0360384000086924
8,0.001,128,Softmax,100,0.25,0.1079365079365079,0.2222222222222222,0.0479720000002998
8,0.001,128,Softmax,300,0.25,0.1079365079365079,0.2222222222222222,0.0360424000100465
8,0.001,128,Softmax,500,0.25,0.1079365079365079,0.2222222222222222,0.0346350999898277
8,0.001,128,Softmax,1000,0.25,0.1079365079365079,0.2222222222222222,0.0352396999951452
8,0.0001,8,ReLU,50,0.25,0.1079365079365079,0.2222222222222222,0.08897579999757
8,0.0001,8,ReLU,100,0.25,0.1079365079365079,0.2222222222222222,0.0778743999981088
8,0.0001,8,ReLU,300,0.25,0.1079365079365079,0.2222222222222222,0.0782769999932497
8,0.0001,8,ReLU,500,0.25,0.1079365079365079,0.2222222222222222,0.0879396999953314
8,0.0001,8,ReLU,1000,0.25,0.1079365079365079,0.2222222222222222,0.0791892999986885
8,0.0001,8,Tanh,50,0.3072916666666666,0.2367410706104422,0.287037037037037,0.099937899998622
8,0.0001,8,Tanh,100,0.3072916666666666,0.2367410706104422,0.287037037037037,0.1102495000086491
8,0.0001,8,Tanh,300,0.3072916666666666,0.2367410706104422,0.287037037037037,0.1071970000048168
8,0.0001,8,Tanh,500,0.3072916666666666,0.2367410706104422,0.287037037037037,0.107963300004485
8,0.0001,8,Tanh,1000,0.3072916666666666,0.2367410706104422,0.287037037037037,0.0887821000069379
8,0.0001,8,Sigmoid,50,0.25,0.0909090909090909,0.2222222222222222,0.0770092000020667
8,0.0001,8,Sigmoid,100,0.25,0.0909090909090909,0.2222222222222222,0.0779428000096231
8,0.0001,8,Sigmoid,300,0.25,0.0909090909090909,0.2222222222222222,0.0786655999982031
8,0.0001,8,Sigmoid,500,0.25,0.0909090909090909,0.2222222222222222,0.0791410999954678
8,0.0001,8,Sigmoid,1000,0.25,0.0909090909090909,0.2222222222222222,0.0980811000044923
8,0.0001,8,GELU,50,0.25,0.1079365079365079,0.2222222222222222,0.0886061999917728
8,0.0001,8,GELU,100,0.25,0.1079365079365079,0.2222222222222222,0.0892656999931205
8,0.0001,8,GELU,300,0.25,0.1079365079365079,0.2222222222222222,0.0783665999915683
8,0.0001,8,GELU,500,0.25,0.1079365079365079,0.2222222222222222,0.0786885999987134
8,0.0001,8,GELU,1000,0.25,0.1079365079365079,0.2222222222222222,0.0780091999913565
8,0.0001,8,Softmax,50,0.25,0.1079365079365079,0.2222222222222222,0.0773331000091275
8,0.0001,8,Softmax,100,0.25,0.1079365079365079,0.2222222222222222,0.0789253000111784
8,0.0001,8,Softmax,300,0.25,0.1079365079365079,0.2222222222222222,0.0880552000016905
8,0.0001,8,Softmax,500,0.25,0.1079365079365079,0.2222222222222222,0.078293799990206
8,0.0001,8,Softmax,1000,0.25,0.1079365079365079,0.2222222222222222,0.0880601000098977
8,0.0001,16,ReLU,50,0.25,0.1079365079365079,0.2222222222222222,0.0562605000013718
8,0.0001,16,ReLU,100,0.25,0.1079365079365079,0.2222222222222222,0.0680936999997356
8,0.0001,16,ReLU,300,0.25,0.1079365079365079,0.2222222222222222,0.0576050999952713
8,0.0001,16,ReLU,500,0.25,0.1079365079365079,0.2222222222222222,0.0578839000081643
8,0.0001,16,ReLU,1000,0.25,0.1079365079365079,0.2222222222222222,0.056619100010721
8,0.0001,16,Tanh,50,0.3072916666666666,0.2367410706104422,0.287037037037037,0.0565406999958213
8,0.0001,16,Tanh,100,0.3072916666666666,0.2367410706104422,0.287037037037037,0.0579693000036058
8,0.0001,16,Tanh,300,0.3072916666666666,0.2367410706104422,0.287037037037037,0.0659756000095512
8,0.0001,16,Tanh,500,0.3072916666666666,0.2367410706104422,0.287037037037037,0.0576600999920628
8,0.0001,16,Tanh,1000,0.3072916666666666,0.2367410706104422,0.287037037037037,0.0471328999992692
8,0.0001,16,Sigmoid,50,0.25,0.0909090909090909,0.2222222222222222,0.0565594999934546
8,0.0001,16,Sigmoid,100,0.25,0.0909090909090909,0.2222222222222222,0.0580525999976089
8,0.0001,16,Sigmoid,300,0.25,0.0909090909090909,0.2222222222222222,0.058009000000311
8,0.0001,16,Sigmoid,500,0.25,0.0909090909090909,0.2222222222222222,0.0572565000038594
8,0.0001,16,Sigmoid,1000,0.25,0.0909090909090909,0.2222222222222222,0.0560468999901786
8,0.0001,16,GELU,50,0.25,0.1079365079365079,0.2222222222222222,0.0573078000015812
8,0.0001,16,GELU,100,0.25,0.1079365079365079,0.2222222222222222,0.0677027999918209
8,0.0001,16,GELU,300,0.25,0.1079365079365079,0.2222222222222222,0.058634200002416
8,0.0001,16,GELU,500,0.25,0.1079365079365079,0.2222222222222222,0.0692001999996136
8,0.0001,16,GELU,1000,0.25,0.1079365079365079,0.2222222222222222,0.0681704000016907
8,0.0001,16,Softmax,50,0.25,0.1079365079365079,0.2222222222222222,0.0691902999969897
8,0.0001,16,Softmax,100,0.25,0.1079365079365079,0.2222222222222222,0.0565208000043639
8,0.0001,16,Softmax,300,0.25,0.1079365079365079,0.2222222222222222,0.0578492000058759
8,0.0001,16,Softmax,500,0.25,0.1079365079365079,0.2222222222222222,0.0572556000115582
8,0.0001,16,Softmax,1000,0.25,0.1079365079365079,0.2222222222222222,0.0579782999993767
8,0.0001,32,ReLU,50,0.25,0.1079365079365079,0.2222222222222222,0.0463087999960407
8,0.0001,32,ReLU,100,0.25,0.1079365079365079,0.2222222222222222,0.0454175999911967
8,0.0001,32,ReLU,300,0.25,0.1079365079365079,0.2222222222222222,0.0578547999903094
8,0.0001,32,ReLU,500,0.25,0.1079365079365079,0.2222222222222222,0.0460544999950798
8,0.0001,32,ReLU,1000,0.25,0.1079365079365079,0.2222222222222222,0.0477898999961325
8,0.0001,32,Tanh,50,0.3072916666666666,0.2367410706104422,0.287037037037037,0.0479014000011375
8,0.0001,32,Tanh,100,0.3072916666666666,0.2367410706104422,0.287037037037037,0.0469034999987343
8,0.0001,32,Tanh,300,0.3072916666666666,0.2367410706104422,0.287037037037037,0.0466168999992078
8,0.0001,32,Tanh,500,0.3072916666666666,0.2367410706104422,0.287037037037037,0.0470051000011153
8,0.0001,32,Tanh,1000,0.3072916666666666,0.2367410706104422,0.287037037037037,0.0468244000076083
8,0.0001,32,Sigmoid,50,0.25,0.0909090909090909,0.2222222222222222,0.0492590999929234
8,0.0001,32,Sigmoid,100,0.25,0.0909090909090909,0.2222222222222222,0.0480354999890551
8,0.0001,32,Sigmoid,300,0.25,0.0909090909090909,0.2222222222222222,0.047660199998063
8,0.0001,32,Sigmoid,500,0.25,0.0909090909090909,0.2222222222222222,0.0479023999942
8,0.0001,32,Sigmoid,1000,0.25,0.0909090909090909,0.2222222222222222,0.0471246999950381
8,0.0001,32,GELU,50,0.25,0.1079365079365079,0.2222222222222222,0.0485226000018883
8,0.0001,32,GELU,100,0.25,0.1079365079365079,0.2222222222222222,0.0476227000035578
8,0.0001,32,GELU,300,0.25,0.1079365079365079,0.2222222222222222,0.0477717000030679
8,0.0001,32,GELU,500,0.25,0.1079365079365079,0.2222222222222222,0.0471630000101868
8,0.0001,32,GELU,1000,0.25,0.1079365079365079,0.2222222222222222,0.0463277000089874
8,0.0001,32,Softmax,50,0.25,0.1079365079365079,0.2222222222222222,0.0464586000016424
8,0.0001,32,Softmax,100,0.25,0.1079365079365079,0.2222222222222222,0.0460667000006651
8,0.0001,32,Softmax,300,0.25,0.1079365079365079,0.2222222222222222,0.0455362999928183
8,0.0001,32,Softmax,500,0.25,0.1079365079365079,0.2222222222222222,0.056266500003403
8,0.0001,32,Softmax,1000,0.25,0.1079365079365079,0.2222222222222222,0.0470130000030621
8,0.0001,64,ReLU,50,0.25,0.1079365079365079,0.2222222222222222,0.0356458000023849
8,0.0001,64,ReLU,100,0.25,0.1079365079365079,0.2222222222222222,0.0372130000032484
8,0.0001,64,ReLU,300,0.25,0.1079365079365079,0.2222222222222222,0.0362067000096431
8,0.0001,64,ReLU,500,0.25,0.1079365079365079,0.2222222222222222,0.0564782000001287
8,0.0001,64,ReLU,1000,0.25,0.1079365079365079,0.2222222222222222,0.0360530000034486
8,0.0001,64,Tanh,50,0.3072916666666666,0.2367410706104422,0.287037037037037,0.0364204999932553
8,0.0001,64,Tanh,100,0.3072916666666666,0.2367410706104422,0.287037037037037,0.0471477999963099
8,0.0001,64,Tanh,300,0.3072916666666666,0.2367410706104422,0.287037037037037,0.0359523999941302
8,0.0001,64,Tanh,500,0.3072916666666666,0.2367410706104422,0.287037037037037,0.0671970999974291
8,0.0001,64,Tanh,1000,0.3072916666666666,0.2367410706104422,0.287037037037037,0.0362817999994149
8,0.0001,64,Sigmoid,50,0.25,0.0909090909090909,0.2222222222222222,0.0361017999966861
8,0.0001,64,Sigmoid,100,0.25,0.0909090909090909,0.2222222222222222,0.0465747999987797
8,0.0001,64,Sigmoid,300,0.25,0.0909090909090909,0.2222222222222222,0.0473774999991292
8,0.0001,64,Sigmoid,500,0.25,0.0909090909090909,0.2222222222222222,0.0470005999959539
8,0.0001,64,Sigmoid,1000,0.25,0.0909090909090909,0.2222222222222222,0.0566181000031065
8,0.0001,64,GELU,50,0.25,0.1079365079365079,0.2222222222222222,0.0360098999954061
8,0.0001,64,GELU,100,0.25,0.1079365079365079,0.2222222222222222,0.0471782000095117
8,0.0001,64,GELU,300,0.25,0.1079365079365079,0.2222222222222222,0.0460842000029515
8,0.0001,64,GELU,500,0.25,0.1079365079365079,0.2222222222222222,0.0356030000111786
8,0.0001,64,GELU,1000,0.25,0.1079365079365079,0.2222222222222222,0.0460984999954234
8,0.0001,64,Softmax,50,0.25,0.1079365079365079,0.2222222222222222,0.0483742999931564
8,0.0001,64,Softmax,100,0.25,0.1079365079365079,0.2222222222222222,0.045593100003316
8,0.0001,64,Softmax,300,0.25,0.1079365079365079,0.2222222222222222,0.0350351999950362
8,0.0001,64,Softmax,500,0.25,0.1079365079365079,0.2222222222222222,0.0473669999919366
8,0.0001,64,Softmax,1000,0.25,0.1079365079365079,0.2222222222222222,0.035061400005361
8,0.0001,128,ReLU,50,0.25,0.1079365079365079,0.2222222222222222,0.0452593999943928
8,0.0001,128,ReLU,100,0.25,0.1079365079365079,0.2222222222222222,0.0353948999982094
8,0.0001,128,ReLU,300,0.25,0.1079365079365079,0.2222222222222222,0.0362936000019544
8,0.0001,128,ReLU,500,0.25,0.1079365079365079,0.2222222222222222,0.0365058000024873
8,0.0001,128,ReLU,1000,0.25,0.1079365079365079,0.2222222222222222,0.0357736000005388
8,0.0001,128,Tanh,50,0.3072916666666666,0.2367410706104422,0.287037037037037,0.0345284999930299
8,0.0001,128,Tanh,100,0.3072916666666666,0.2367410706104422,0.287037037037037,0.0352353000052971
8,0.0001,128,Tanh,300,0.3072916666666666,0.2367410706104422,0.287037037037037,0.0369188000040594
8,0.0001,128,Tanh,500,0.3072916666666666,0.2367410706104422,0.287037037037037,0.0348335000016959
8,0.0001,128,Tanh,1000,0.3072916666666666,0.2367410706104422,0.287037037037037,0.0348953000066103
8,0.0001,128,Sigmoid,50,0.25,0.0909090909090909,0.2222222222222222,0.0349370999902021
8,0.0001,128,Sigmoid,100,0.25,0.0909090909090909,0.2222222222222222,0.0345508999889716
8,0.0001,128,Sigmoid,300,0.25,0.0909090909090909,0.2222222222222222,0.0365600999939488
8,0.0001,128,Sigmoid,500,0.25,0.0909090909090909,0.2222222222222222,0.035968900003354
8,0.0001,128,Sigmoid,1000,0.25,0.0909090909090909,0.2222222222222222,0.0355260000069392
8,0.0001,128,GELU,50,0.25,0.1079365079365079,0.2222222222222222,0.0362596999912057
8,0.0001,128,GELU,100,0.25,0.1079365079365079,0.2222222222222222,0.035244300001068
8,0.0001,128,GELU,300,0.25,0.1079365079365079,0.2222222222222222,0.0349805000005289
8,0.0001,128,GELU,500,0.25,0.1079365079365079,0.2222222222222222,0.0352586999943014
8,0.0001,128,GELU,1000,0.25,0.1079365079365079,0.2222222222222222,0.0354992999928072
8,0.0001,128,Softmax,50,0.25,0.1079365079365079,0.2222222222222222,0.0353024000069126
8,0.0001,128,Softmax,100,0.25,0.1079365079365079,0.2222222222222222,0.0359579000069061
8,0.0001,128,Softmax,300,0.25,0.1079365079365079,0.2222222222222222,0.0349618000036571
8,0.0001,128,Softmax,500,0.25,0.1079365079365079,0.2222222222222222,0.0349142000050051
8,0.0001,128,Softmax,1000,0.25,0.1079365079365079,0.2222222222222222,0.0344788000074913
8,0.00025,8,ReLU,50,0.2395833333333333,0.1041290322580645,0.2129629629629629,0.089644199993927
8,0.00025,8,ReLU,100,0.2395833333333333,0.1041290322580645,0.2129629629629629,0.0785000000032596
8,0.00025,8,ReLU,300,0.2395833333333333,0.1041290322580645,0.2129629629629629,0.0689390000043204
8,0.00025,8,ReLU,500,0.2395833333333333,0.1041290322580645,0.2129629629629629,0.0780926000006729
8,0.00025,8,ReLU,1000,0.2395833333333333,0.1041290322580645,0.2129629629629629,0.0780322999926284
8,0.00025,8,Tanh,50,0.296875,0.2306917211328976,0.2777777777777778,0.0874514000024646
8,0.00025,8,Tanh,100,0.296875,0.2306917211328976,0.2777777777777778,0.0983447000035084
8,0.00025,8,Tanh,300,0.296875,0.2306917211328976,0.2777777777777778,0.0990466000075684
8,0.00025,8,Tanh,500,0.296875,0.2306917211328976,0.2777777777777778,0.0880803000036394
8,0.00025,8,Tanh,1000,0.296875,0.2306917211328976,0.2777777777777778,0.0773686000029556
8,0.00025,8,Sigmoid,50,0.25,0.0909090909090909,0.2222222222222222,0.089366100000916
8,0.00025,8,Sigmoid,100,0.25,0.0909090909090909,0.2222222222222222,0.088239100005012
8,0.00025,8,Sigmoid,300,0.25,0.0909090909090909,0.2222222222222222,0.0769914000120479
8,0.00025,8,Sigmoid,500,0.25,0.0909090909090909,0.2222222222222222,0.0770587000006344
8,0.00025,8,Sigmoid,1000,0.25,0.0909090909090909,0.2222222222222222,0.0780564000015147
8,0.00025,8,GELU,50,0.2395833333333333,0.1041290322580645,0.2129629629629629,0.0883046000089962
8,0.00025,8,GELU,100,0.2395833333333333,0.1041290322580645,0.2129629629629629,0.0789572000066982
8,0.00025,8,GELU,300,0.2395833333333333,0.1041290322580645,0.2129629629629629,0.0783039999951142
8,0.00025,8,GELU,500,0.2395833333333333,0.1041290322580645,0.2129629629629629,0.0766716999933123
8,0.00025,8,GELU,1000,0.2395833333333333,0.1041290322580645,0.2129629629629629,0.0777928000024985
8,0.00025,8,Softmax,50,0.2395833333333333,0.1041290322580645,0.2129629629629629,0.0887343999929726
8,0.00025,8,Softmax,100,0.2395833333333333,0.1041290322580645,0.2129629629629629,0.0783610999933444
8,0.00025,8,Softmax,300,0.2395833333333333,0.1041290322580645,0.2129629629629629,0.0781996000005165
8,0.00025,8,Softmax,500,0.2395833333333333,0.1041290322580645,0.2129629629629629,0.0881851999874925
8,0.00025,8,Softmax,1000,0.2395833333333333,0.1041290322580645,0.2129629629629629,0.0787324999982956
8,0.00025,16,ReLU,50,0.25,0.1079365079365079,0.2222222222222222,0.056555200004368
8,0.00025,16,ReLU,100,0.25,0.1079365079365079,0.2222222222222222,0.0570541999913984
8,0.00025,16,ReLU,300,0.25,0.1079365079365079,0.2222222222222222,0.0579816000099526
8,0.00025,16,ReLU,500,0.25,0.1079365079365079,0.2222222222222222,0.0584889000019757
8,0.00025,16,ReLU,1000,0.25,0.1079365079365079,0.2222222222222222,0.0685003000107826
8,0.00025,16,Tanh,50,0.3072916666666666,0.2367410706104422,0.287037037037037,0.0677150999981677
8,0.00025,16,Tanh,100,0.3072916666666666,0.2367410706104422,0.287037037037037,0.0800976000027731
8,0.00025,16,Tanh,300,0.3072916666666666,0.2367410706104422,0.287037037037037,0.06820969999535
8,0.00025,16,Tanh,500,0.3072916666666666,0.2367410706104422,0.287037037037037,0.0693912999995518
8,0.00025,16,Tanh,1000,0.3072916666666666,0.2367410706104422,0.287037037037037,0.0690041999914683
8,0.00025,16,Sigmoid,50,0.25,0.0909090909090909,0.2222222222222222,0.0577820000034989
8,0.00025,16,Sigmoid,100,0.25,0.0909090909090909,0.2222222222222222,0.0579859999998007
8,0.00025,16,Sigmoid,300,0.25,0.0909090909090909,0.2222222222222222,0.05806740000844
8,0.00025,16,Sigmoid,500,0.25,0.0909090909090909,0.2222222222222222,0.0580820000031963
8,0.00025,16,Sigmoid,1000,0.25,0.0909090909090909,0.2222222222222222,0.0576519000023836
8,0.00025,16,GELU,50,0.25,0.1079365079365079,0.2222222222222222,0.0566124000033596
8,0.00025,16,GELU,100,0.25,0.1079365079365079,0.2222222222222222,0.0580203000135952
8,0.00025,16,GELU,300,0.25,0.1079365079365079,0.2222222222222222,0.058031699998537
8,0.00025,16,GELU,500,0.25,0.1079365079365079,0.2222222222222222,0.0570149999985005
8,0.00025,16,GELU,1000,0.25,0.1079365079365079,0.2222222222222222,0.0573143000074196
8,0.00025,16,Softmax,50,0.25,0.1079365079365079,0.2222222222222222,0.056452500008163
8,0.00025,16,Softmax,100,0.25,0.1079365079365079,0.2222222222222222,0.0559933999902568
8,0.00025,16,Softmax,300,0.25,0.1079365079365079,0.2222222222222222,0.0565173999930266
8,0.00025,16,Softmax,500,0.25,0.1079365079365079,0.2222222222222222,0.0571888999984366
8,0.00025,16,Softmax,1000,0.25,0.1079365079365079,0.2222222222222222,0.0574351999966893
8,0.00025,32,ReLU,50,0.25,0.1079365079365079,0.2222222222222222,0.0455258000001776
8,0.00025,32,ReLU,100,0.25,0.1079365079365079,0.2222222222222222,0.04626059999282
8,0.00025,32,ReLU,300,0.25,0.1079365079365079,0.2222222222222222,0.0473262000014074
8,0.00025,32,ReLU,500,0.25,0.1079365079365079,0.2222222222222222,0.046910699995351
8,0.00025,32,ReLU,1000,0.25,0.1079365079365079,0.2222222222222222,0.0466315999947255
8,0.00025,32,Tanh,50,0.3072916666666666,0.2367410706104422,0.287037037037037,0.0455167999898549
8,0.00025,32,Tanh,100,0.3072916666666666,0.2367410706104422,0.287037037037037,0.0579080000024987
8,0.00025,32,Tanh,300,0.3072916666666666,0.2367410706104422,0.287037037037037,0.0561859000008553
8,0.00025,32,Tanh,500,0.3072916666666666,0.2367410706104422,0.287037037037037,0.0565166000014869
8,0.00025,32,Tanh,1000,0.3072916666666666,0.2367410706104422,0.287037037037037,0.0564014000119641
8,0.00025,32,Sigmoid,50,0.25,0.0909090909090909,0.2222222222222222,0.0450708999997004
8,0.00025,32,Sigmoid,100,0.25,0.0909090909090909,0.2222222222222222,0.0459281999937957
8,0.00025,32,Sigmoid,300,0.25,0.0909090909090909,0.2222222222222222,0.0455916000064462
8,0.00025,32,Sigmoid,500,0.25,0.0909090909090909,0.2222222222222222,0.0468227999954251
8,0.00025,32,Sigmoid,1000,0.25,0.0909090909090909,0.2222222222222222,0.0455051999888382
8,0.00025,32,GELU,50,0.25,0.1079365079365079,0.2222222222222222,0.0469290999899385
8,0.00025,32,GELU,100,0.25,0.1079365079365079,0.2222222222222222,0.0467460000072605
8,0.00025,32,GELU,300,0.25,0.1079365079365079,0.2222222222222222,0.0448448999959509
8,0.00025,32,GELU,500,0.25,0.1079365079365079,0.2222222222222222,0.0470444000093266
8,0.00025,32,GELU,1000,0.25,0.1079365079365079,0.2222222222222222,0.0475650999869685
8,0.00025,32,Softmax,50,0.25,0.1079365079365079,0.2222222222222222,0.0475189999997383
8,0.00025,32,Softmax,100,0.25,0.1079365079365079,0.2222222222222222,0.0455943999986629
8,0.00025,32,Softmax,300,0.25,0.1079365079365079,0.2222222222222222,0.0467483999964315
8,0.00025,32,Softmax,500,0.25,0.1079365079365079,0.2222222222222222,0.0453620000043883
8,0.00025,32,Softmax,1000,0.25,0.1079365079365079,0.2222222222222222,0.0458285999920917
8,0.00025,64,ReLU,50,0.25,0.1079365079365079,0.2222222222222222,0.0472505999932764
8,0.00025,64,ReLU,100,0.25,0.1079365079365079,0.2222222222222222,0.0350588000001153
8,0.00025,64,ReLU,300,0.25,0.1079365079365079,0.2222222222222222,0.0467122999980347
8,0.00025,64,ReLU,500,0.25,0.1079365079365079,0.2222222222222222,0.0481111999979475
8,0.00025,64,ReLU,1000,0.25,0.1079365079365079,0.2222222222222222,0.0363804000080563
8,0.00025,64,Tanh,50,0.3072916666666666,0.2367410706104422,0.287037037037037,0.0353727000037906
8,0.00025,64,Tanh,100,0.3072916666666666,0.2367410706104422,0.287037037037037,0.0361497999983839
8,0.00025,64,Tanh,300,0.3072916666666666,0.2367410706104422,0.287037037037037,0.0359155000041937
8,0.00025,64,Tanh,500,0.3072916666666666,0.2367410706104422,0.287037037037037,0.0353724000015063
8,0.00025,64,Tanh,1000,0.3072916666666666,0.2367410706104422,0.287037037037037,0.0361623999924631
8,0.00025,64,Sigmoid,50,0.25,0.0909090909090909,0.2222222222222222,0.0370759999932488
8,0.00025,64,Sigmoid,100,0.25,0.0909090909090909,0.2222222222222222,0.0355236999894259
8,0.00025,64,Sigmoid,300,0.25,0.0909090909090909,0.2222222222222222,0.0354504999995697
8,0.00025,64,Sigmoid,500,0.25,0.0909090909090909,0.2222222222222222,0.0358390000037616
8,0.00025,64,Sigmoid,1000,0.25,0.0909090909090909,0.2222222222222222,0.0355052999948384
8,0.00025,64,GELU,50,0.25,0.1079365079365079,0.2222222222222222,0.03499020000163
8,0.00025,64,GELU,100,0.25,0.1079365079365079,0.2222222222222222,0.0360179000126663
8,0.00025,64,GELU,300,0.25,0.1079365079365079,0.2222222222222222,0.0460396999988006
8,0.00025,64,GELU,500,0.25,0.1079365079365079,0.2222222222222222,0.0478719999955501
8,0.00025,64,GELU,1000,0.25,0.1079365079365079,0.2222222222222222,0.0358147000079043
8,0.00025,64,Softmax,50,0.25,0.1079365079365079,0.2222222222222222,0.0363650999934179
8,0.00025,64,Softmax,100,0.25,0.1079365079365079,0.2222222222222222,0.0361408000026131
8,0.00025,64,Softmax,300,0.25,0.1079365079365079,0.2222222222222222,0.0379027000017231
8,0.00025,64,Softmax,500,0.25,0.1079365079365079,0.2222222222222222,0.0355487000051653
8,0.00025,64,Softmax,1000,0.25,0.1079365079365079,0.2222222222222222,0.0349560000031488
8,0.00025,128,ReLU,50,0.25,0.1079365079365079,0.2222222222222222,0.0358667999971658
8,0.00025,128,ReLU,100,0.25,0.1079365079365079,0.2222222222222222,0.0348688999947626
8,0.00025,128,ReLU,300,0.25,0.1079365079365079,0.2222222222222222,0.0354135000088717
8,0.00025,128,ReLU,500,0.25,0.1079365079365079,0.2222222222222222,0.0343759000097634
8,0.00025,128,ReLU,1000,0.25,0.1079365079365079,0.2222222222222222,0.035441100000753
8,0.00025,128,Tanh,50,0.3072916666666666,0.2367410706104422,0.287037037037037,0.0350706999888643
8,0.00025,128,Tanh,100,0.3072916666666666,0.2367410706104422,0.287037037037037,0.0368576000037137
8,0.00025,128,Tanh,300,0.3072916666666666,0.2367410706104422,0.287037037037037,0.0357846999977482
8,0.00025,128,Tanh,500,0.3072916666666666,0.2367410706104422,0.287037037037037,0.0353911000129301
8,0.00025,128,Tanh,1000,0.3072916666666666,0.2367410706104422,0.287037037037037,0.0345843999966746
8,0.00025,128,Sigmoid,50,0.25,0.0909090909090909,0.2222222222222222,0.034426500002155
8,0.00025,128,Sigmoid,100,0.25,0.0909090909090909,0.2222222222222222,0.0352349000022513
8,0.00025,128,Sigmoid,300,0.25,0.0909090909090909,0.2222222222222222,0.0352532999968389
8,0.00025,128,Sigmoid,500,0.25,0.0909090909090909,0.2222222222222222,0.0359865999926114
8,0.00025,128,Sigmoid,1000,0.25,0.0909090909090909,0.2222222222222222,0.0356770000071264
8,0.00025,128,GELU,50,0.25,0.1079365079365079,0.2222222222222222,0.0352501000015763
8,0.00025,128,GELU,100,0.25,0.1079365079365079,0.2222222222222222,0.0343776999943656
8,0.00025,128,GELU,300,0.25,0.1079365079365079,0.2222222222222222,0.0344877000025007
8,0.00025,128,GELU,500,0.25,0.1079365079365079,0.2222222222222222,0.0351458999939495
8,0.00025,128,GELU,1000,0.25,0.1079365079365079,0.2222222222222222,0.0371926999941933
8,0.00025,128,Softmax,50,0.25,0.1079365079365079,0.2222222222222222,0.0350781000015558
8,0.00025,128,Softmax,100,0.25,0.1079365079365079,0.2222222222222222,0.0356382000027224
8,0.00025,128,Softmax,300,0.25,0.1079365079365079,0.2222222222222222,0.0366976999939652
8,0.00025,128,Softmax,500,0.25,0.1079365079365079,0.2222222222222222,0.035050799997407
8,0.00025,128,Softmax,1000,0.25,0.1079365079365079,0.2222222222222222,0.0348254999989876
16,0.01,8,ReLU,50,0.2994791666666667,0.2640924043062201,0.3055555555555556,0.1196461999934399
16,0.01,8,ReLU,100,0.2994791666666667,0.2640924043062201,0.3055555555555556,0.1303962999954819
16,0.01,8,ReLU,300,0.2994791666666667,0.2640924043062201,0.3055555555555556,0.1301019999955315
16,0.01,8,ReLU,500,0.2994791666666667,0.2640924043062201,0.3055555555555556,0.1297913000016706
16,0.01,8,ReLU,1000,0.2994791666666667,0.2640924043062201,0.3055555555555556,0.1294449999986682
16,0.01,8,Tanh,50,0.3426339285714286,0.3099329015242602,0.3518518518518518,0.1189081999909831
16,0.01,8,Tanh,100,0.3426339285714286,0.3099329015242602,0.3518518518518518,0.1298521999997319
16,0.01,8,Tanh,300,0.3426339285714286,0.3099329015242602,0.3518518518518518,0.13146799999231
16,0.01,8,Tanh,500,0.3426339285714286,0.3099329015242602,0.3518518518518518,0.1409780999965733
16,0.01,8,Tanh,1000,0.3426339285714286,0.3099329015242602,0.3518518518518518,0.1168122999952174
16,0.01,8,Sigmoid,50,0.3649553571428571,0.3279643073200242,0.3796296296296296,0.148801999996067
16,0.01,8,Sigmoid,100,0.3649553571428571,0.3279643073200242,0.3796296296296296,0.1400656999903731
16,0.01,8,Sigmoid,300,0.3649553571428571,0.3279643073200242,0.3796296296296296,0.1409194000007119
16,0.01,8,Sigmoid,500,0.3649553571428571,0.3279643073200242,0.3796296296296296,0.128755199999432
16,0.01,8,Sigmoid,1000,0.3649553571428571,0.3279643073200242,0.3796296296296296,0.129992799993488
16,0.01,8,GELU,50,0.2994791666666667,0.2640924043062201,0.3055555555555556,0.1276550000038696
16,0.01,8,GELU,100,0.2994791666666667,0.2640924043062201,0.3055555555555556,0.1288409999979194
16,0.01,8,GELU,300,0.2994791666666667,0.2640924043062201,0.3055555555555556,0.1295749999990221
16,0.01,8,GELU,500,0.2994791666666667,0.2640924043062201,0.3055555555555556,0.130409099991084
16,0.01,8,GELU,1000,0.2994791666666667,0.2640924043062201,0.3055555555555556,0.1398908999981358
16,0.01,8,Softmax,50,0.2994791666666667,0.2640924043062201,0.3055555555555556,0.1304279000032693
16,0.01,8,Softmax,100,0.2994791666666667,0.2640924043062201,0.3055555555555556,0.1310291000118013
16,0.01,8,Softmax,300,0.2994791666666667,0.2640924043062201,0.3055555555555556,0.1386266999907093
16,0.01,8,Softmax,500,0.2994791666666667,0.2640924043062201,0.3055555555555556,0.1198386999894864
16,0.01,8,Softmax,1000,0.2994791666666667,0.2640924043062201,0.3055555555555556,0.129502700001467
16,0.01,16,ReLU,50,0.2957589285714286,0.2616391083796703,0.3055555555555556,0.0771349000133341
16,0.01,16,ReLU,100,0.2957589285714286,0.2616391083796703,0.3055555555555556,0.0683184000081382
16,0.01,16,ReLU,300,0.2957589285714286,0.2616391083796703,0.3055555555555556,0.0679967000032775
16,0.01,16,ReLU,500,0.2957589285714286,0.2616391083796703,0.3055555555555556,0.0765413000044645
16,0.01,16,ReLU,1000,0.2957589285714286,0.2616391083796703,0.3055555555555556,0.0687707000033697
16,0.01,16,Tanh,50,0.3723958333333333,0.327536231884058,0.3796296296296296,0.0882043000019621
16,0.01,16,Tanh,100,0.3723958333333333,0.327536231884058,0.3796296296296296,0.087964499994996
16,0.01,16,Tanh,300,0.3723958333333333,0.327536231884058,0.3796296296296296,0.09795190001023
16,0.01,16,Tanh,500,0.3723958333333333,0.327536231884058,0.3796296296296296,0.0886509999982081
16,0.01,16,Tanh,1000,0.3723958333333333,0.327536231884058,0.3796296296296296,0.0783384000096703
16,0.01,16,Sigmoid,50,0.2961309523809524,0.253056884635832,0.324074074074074,0.0765640000026905
16,0.01,16,Sigmoid,100,0.2961309523809524,0.253056884635832,0.324074074074074,0.0864130999980261
16,0.01,16,Sigmoid,300,0.2961309523809524,0.253056884635832,0.324074074074074,0.0878270999965025
16,0.01,16,Sigmoid,500,0.2961309523809524,0.253056884635832,0.324074074074074,0.0875675999996019
16,0.01,16,Sigmoid,1000,0.2961309523809524,0.253056884635832,0.324074074074074,0.0876188999973237
16,0.01,16,GELU,50,0.2957589285714286,0.2616391083796703,0.3055555555555556,0.0784915999975055
16,0.01,16,GELU,100,0.2957589285714286,0.2616391083796703,0.3055555555555556,0.089761900002486
16,0.01,16,GELU,300,0.2957589285714286,0.2616391083796703,0.3055555555555556,0.0895943000068655
16,0.01,16,GELU,500,0.2957589285714286,0.2616391083796703,0.3055555555555556,0.0778671000007307
16,0.01,16,GELU,1000,0.2957589285714286,0.2616391083796703,0.3055555555555556,0.0894334000040544
16,0.01,16,Softmax,50,0.2957589285714286,0.2616391083796703,0.3055555555555556,0.0678277999977581
16,0.01,16,Softmax,100,0.2957589285714286,0.2616391083796703,0.3055555555555556,0.0884279000019887
16,0.01,16,Softmax,300,0.2957589285714286,0.2616391083796703,0.3055555555555556,0.0989958999998634
16,0.01,16,Softmax,500,0.2957589285714286,0.2616391083796703,0.3055555555555556,0.0882322999968892
16,0.01,16,Softmax,1000,0.2957589285714286,0.2616391083796703,0.3055555555555556,0.0783064999995986
16,0.01,32,ReLU,50,0.2879464285714286,0.2655854775300217,0.3055555555555556,0.0784696000046096
16,0.01,32,ReLU,100,0.2879464285714286,0.2655854775300217,0.3055555555555556,0.0783097999956226
16,0.01,32,ReLU,300,0.2879464285714286,0.2655854775300217,0.3055555555555556,0.0567333000071812
16,0.01,32,ReLU,500,0.2879464285714286,0.2655854775300217,0.3055555555555556,0.0881833000021288
16,0.01,32,ReLU,1000,0.2879464285714286,0.2655854775300217,0.3055555555555556,0.077168799994979
16,0.01,32,Tanh,50,0.3478422619047618,0.3384590508529388,0.3518518518518518,0.0564480999892111
16,0.01,32,Tanh,100,0.3478422619047618,0.3384590508529388,0.3518518518518518,0.0579101999901467
16,0.01,32,Tanh,300,0.3478422619047618,0.3384590508529388,0.3518518518518518,0.0573188999987905
16,0.01,32,Tanh,500,0.3478422619047618,0.3384590508529388,0.3518518518518518,0.0572260999906575
16,0.01,32,Tanh,1000,0.3478422619047618,0.3384590508529388,0.3518518518518518,0.0585700999945402
16,0.01,32,Sigmoid,50,0.2667410714285714,0.2217948717948717,0.2962962962962963,0.0783880999952089
16,0.01,32,Sigmoid,100,0.2667410714285714,0.2217948717948717,0.2962962962962963,0.0691326000087428
16,0.01,32,Sigmoid,300,0.2667410714285714,0.2217948717948717,0.2962962962962963,0.0898579000058816
16,0.01,32,Sigmoid,500,0.2667410714285714,0.2217948717948717,0.2962962962962963,0.0995496000105049
16,0.01,32,Sigmoid,1000,0.2667410714285714,0.2217948717948717,0.2962962962962963,0.077743299989379
16,0.01,32,GELU,50,0.2879464285714286,0.2655854775300217,0.3055555555555556,0.0680037999991327
16,0.01,32,GELU,100,0.2879464285714286,0.2655854775300217,0.3055555555555556,0.0779048999975202
16,0.01,32,GELU,300,0.2879464285714286,0.2655854775300217,0.3055555555555556,0.079104799995548
16,0.01,32,GELU,500,0.2879464285714286,0.2655854775300217,0.3055555555555556,0.0789146000024629
16,0.01,32,GELU,1000,0.2879464285714286,0.2655854775300217,0.3055555555555556,0.0671382000000448
16,0.01,32,Softmax,50,0.2879464285714286,0.2655854775300217,0.3055555555555556,0.067627900003572
16,0.01,32,Softmax,100,0.2879464285714286,0.2655854775300217,0.3055555555555556,0.0673724000080255
16,0.01,32,Softmax,300,0.2879464285714286,0.2655854775300217,0.3055555555555556,0.0782965000107651
16,0.01,32,Softmax,500,0.2879464285714286,0.2655854775300217,0.3055555555555556,0.0781199999910313
16,0.01,32,Softmax,1000,0.2879464285714286,0.2655854775300217,0.3055555555555556,0.0783785999956308
16,0.01,64,ReLU,50,0.2652529761904761,0.2544690641593384,0.2685185185185185,0.0566918999975314
16,0.01,64,ReLU,100,0.2652529761904761,0.2544690641593384,0.2685185185185185,0.0460424000048078
16,0.01,64,ReLU,300,0.2652529761904761,0.2544690641593384,0.2685185185185185,0.0462757000059355
16,0.01,64,ReLU,500,0.2652529761904761,0.2544690641593384,0.2685185185185185,0.0564853000105358
16,0.01,64,ReLU,1000,0.2652529761904761,0.2544690641593384,0.2685185185185185,0.046764799990342
16,0.01,64,Tanh,50,0.2723214285714286,0.2696760477711103,0.2777777777777778,0.0467164000001503
16,0.01,64,Tanh,100,0.2723214285714286,0.2696760477711103,0.2777777777777778,0.0471030999906361
16,0.01,64,Tanh,300,0.2723214285714286,0.2696760477711103,0.2777777777777778,0.0454842000035569
16,0.01,64,Tanh,500,0.2723214285714286,0.2696760477711103,0.2777777777777778,0.046478999996907
16,0.01,64,Tanh,1000,0.2723214285714286,0.2696760477711103,0.2777777777777778,0.0567281000112416
16,0.01,64,Sigmoid,50,0.2522321428571428,0.1771886176333385,0.287037037037037,0.0465616000001318
16,0.01,64,Sigmoid,100,0.2522321428571428,0.1771886176333385,0.287037037037037,0.0448521999933291
16,0.01,64,Sigmoid,300,0.2522321428571428,0.1771886176333385,0.287037037037037,0.0467334000131813
16,0.01,64,Sigmoid,500,0.2522321428571428,0.1771886176333385,0.287037037037037,0.0460791000077733
16,0.01,64,Sigmoid,1000,0.2522321428571428,0.1771886176333385,0.287037037037037,0.0454789000068558
16,0.01,64,GELU,50,0.2652529761904761,0.2544690641593384,0.2685185185185185,0.0454410999955143
16,0.01,64,GELU,100,0.2652529761904761,0.2544690641593384,0.2685185185185185,0.0568115000060061
16,0.01,64,GELU,300,0.2652529761904761,0.2544690641593384,0.2685185185185185,0.0465184999920893
16,0.01,64,GELU,500,0.2652529761904761,0.2544690641593384,0.2685185185185185,0.0578287999960593
16,0.01,64,GELU,1000,0.2652529761904761,0.2544690641593384,0.2685185185185185,0.0462898999976459
16,0.01,64,Softmax,50,0.2652529761904761,0.2544690641593384,0.2685185185185185,0.0574250999925425
16,0.01,64,Softmax,100,0.2652529761904761,0.2544690641593384,0.2685185185185185,0.0463158000056864
16,0.01,64,Softmax,300,0.2652529761904761,0.2544690641593384,0.2685185185185185,0.046219399999245
16,0.01,64,Softmax,500,0.2652529761904761,0.2544690641593384,0.2685185185185185,0.0569888999889371
16,0.01,64,Softmax,1000,0.2652529761904761,0.2544690641593384,0.2685185185185185,0.0449400999932549
16,0.01,128,ReLU,50,0.2570684523809524,0.251996336996337,0.2685185185185185,0.0579094999993685
16,0.01,128,ReLU,100,0.2570684523809524,0.251996336996337,0.2685185185185185,0.0457027999946149
16,0.01,128,ReLU,300,0.2570684523809524,0.251996336996337,0.2685185185185185,0.0552731000061612
16,0.01,128,ReLU,500,0.2570684523809524,0.251996336996337,0.2685185185185185,0.0454597000061767
16,0.01,128,ReLU,1000,0.2570684523809524,0.251996336996337,0.2685185185185185,0.0456134000123711
16,0.01,128,Tanh,50,0.2738095238095238,0.2719147995106953,0.2777777777777778,0.0342775000026449
16,0.01,128,Tanh,100,0.2738095238095238,0.2719147995106953,0.2777777777777778,0.0449525999865727
16,0.01,128,Tanh,300,0.2738095238095238,0.2719147995106953,0.2777777777777778,0.0360889000003226
16,0.01,128,Tanh,500,0.2738095238095238,0.2719147995106953,0.2777777777777778,0.0459986999921966
16,0.01,128,Tanh,1000,0.2738095238095238,0.2719147995106953,0.2777777777777778,0.0452867999993031
16,0.01,128,Sigmoid,50,0.265625,0.1797385620915032,0.3055555555555556,0.0453388000023551
16,0.01,128,Sigmoid,100,0.265625,0.1797385620915032,0.3055555555555556,0.0358856999955605
16,0.01,128,Sigmoid,300,0.265625,0.1797385620915032,0.3055555555555556,0.0358655000018188
16,0.01,128,Sigmoid,500,0.265625,0.1797385620915032,0.3055555555555556,0.0369356000010157
16,0.01,128,Sigmoid,1000,0.265625,0.1797385620915032,0.3055555555555556,0.0354042999970261
16,0.01,128,GELU,50,0.2570684523809524,0.251996336996337,0.2685185185185185,0.0462602999905357
16,0.01,128,GELU,100,0.2570684523809524,0.251996336996337,0.2685185185185185,0.0454596999916248
16,0.01,128,GELU,300,0.2570684523809524,0.251996336996337,0.2685185185185185,0.0459083000023383
16,0.01,128,GELU,500,0.2570684523809524,0.251996336996337,0.2685185185185185,0.0461044999974546
16,0.01,128,GELU,1000,0.2570684523809524,0.251996336996337,0.2685185185185185,0.0455330999975558
16,0.01,128,Softmax,50,0.2570684523809524,0.251996336996337,0.2685185185185185,0.0366235999972559
16,0.01,128,Softmax,100,0.2570684523809524,0.251996336996337,0.2685185185185185,0.0472445000050356
16,0.01,128,Softmax,300,0.2570684523809524,0.251996336996337,0.2685185185185185,0.0465791000024182
16,0.01,128,Softmax,500,0.2570684523809524,0.251996336996337,0.2685185185185185,0.035512699992978
16,0.01,128,Softmax,1000,0.2570684523809524,0.251996336996337,0.2685185185185185,0.0367403000127524
16,0.001,8,ReLU,50,0.2113095238095238,0.1991054991296071,0.2222222222222222,0.1509886999992886
16,0.001,8,ReLU,100,0.2113095238095238,0.1991054991296071,0.2222222222222222,0.140215999999782
16,0.001,8,ReLU,300,0.2113095238095238,0.1991054991296071,0.2222222222222222,0.1412903000018559
16,0.001,8,ReLU,500,0.2113095238095238,0.1991054991296071,0.2222222222222222,0.1502645000000484
16,0.001,8,ReLU,1000,0.2113095238095238,0.1991054991296071,0.2222222222222222,0.1196689999924274
16,0.001,8,Tanh,50,0.232514880952381,0.2231743209578913,0.2314814814814814,0.0988064000121085
16,0.001,8,Tanh,100,0.232514880952381,0.2231743209578913,0.2314814814814814,0.1190608000033535
16,0.001,8,Tanh,300,0.232514880952381,0.2231743209578913,0.2314814814814814,0.097965099994326
16,0.001,8,Tanh,500,0.232514880952381,0.2231743209578913,0.2314814814814814,0.0869183000031625
16,0.001,8,Tanh,1000,0.232514880952381,0.2231743209578913,0.2314814814814814,0.119853600001079
16,0.001,8,Sigmoid,50,0.25,0.1142857142857142,0.2962962962962963,0.1086423000087961
16,0.001,8,Sigmoid,100,0.25,0.1142857142857142,0.2962962962962963,0.107638900008169
16,0.001,8,Sigmoid,300,0.25,0.1142857142857142,0.2962962962962963,0.088764700005413
16,0.001,8,Sigmoid,500,0.25,0.1142857142857142,0.2962962962962963,0.1101182999991579
16,0.001,8,Sigmoid,1000,0.25,0.1142857142857142,0.2962962962962963,0.1403327000007266
16,0.001,8,GELU,50,0.2113095238095238,0.1991054991296071,0.2222222222222222,0.162724399997387
16,0.001,8,GELU,100,0.2113095238095238,0.1991054991296071,0.2222222222222222,0.130466400005389
16,0.001,8,GELU,300,0.2113095238095238,0.1991054991296071,0.2222222222222222,0.149963400006527
16,0.001,8,GELU,500,0.2113095238095238,0.1991054991296071,0.2222222222222222,0.1428867000067839
16,0.001,8,GELU,1000,0.2113095238095238,0.1991054991296071,0.2222222222222222,0.1492994999862276
16,0.001,8,Softmax,50,0.2113095238095238,0.1991054991296071,0.2222222222222222,0.1502536000043619
16,0.001,8,Softmax,100,0.2113095238095238,0.1991054991296071,0.2222222222222222,0.1506395999895176
16,0.001,8,Softmax,300,0.2113095238095238,0.1991054991296071,0.2222222222222222,0.1399451000033877
16,0.001,8,Softmax,500,0.2113095238095238,0.1991054991296071,0.2222222222222222,0.1301425000128802
16,0.001,8,Softmax,1000,0.2113095238095238,0.1991054991296071,0.2222222222222222,0.1302971999975852
16,0.001,16,ReLU,50,0.2101934523809523,0.1975757352580154,0.2222222222222222,0.086575499997707
16,0.001,16,ReLU,100,0.2101934523809523,0.1975757352580154,0.2222222222222222,0.0787440999993123
16,0.001,16,ReLU,300,0.2101934523809523,0.1975757352580154,0.2222222222222222,0.0762359000073047
16,0.001,16,ReLU,500,0.2101934523809523,0.1975757352580154,0.2222222222222222,0.0994403999939095
16,0.001,16,ReLU,1000,0.2101934523809523,0.1975757352580154,0.2222222222222222,0.0885003000003052
16,0.001,16,Tanh,50,0.2414434523809523,0.2309477847068042,0.2407407407407407,0.0777100000123027
16,0.001,16,Tanh,100,0.2414434523809523,0.2309477847068042,0.2407407407407407,0.0772635000030277
16,0.001,16,Tanh,300,0.2414434523809523,0.2309477847068042,0.2407407407407407,0.0880766000045696
16,0.001,16,Tanh,500,0.2414434523809523,0.2309477847068042,0.2407407407407407,0.0989028999902075
16,0.001,16,Tanh,1000,0.2414434523809523,0.2309477847068042,0.2407407407407407,0.0662469000089913
16,0.001,16,Sigmoid,50,0.25,0.1142857142857142,0.2962962962962963,0.0567301999981282
16,0.001,16,Sigmoid,100,0.25,0.1142857142857142,0.2962962962962963,0.0561952999996719
16,0.001,16,Sigmoid,300,0.25,0.1142857142857142,0.2962962962962963,0.0581260000035399
16,0.001,16,Sigmoid,500,0.25,0.1142857142857142,0.2962962962962963,0.0577833999996073
16,0.001,16,Sigmoid,1000,0.25,0.1142857142857142,0.2962962962962963,0.0567815999966114
16,0.001,16,GELU,50,0.2101934523809523,0.1975757352580154,0.2222222222222222,0.0781158000027062
16,0.001,16,GELU,100,0.2101934523809523,0.1975757352580154,0.2222222222222222,0.0891340999951353
16,0.001,16,GELU,300,0.2101934523809523,0.1975757352580154,0.2222222222222222,0.0880191000032937
16,0.001,16,GELU,500,0.2101934523809523,0.1975757352580154,0.2222222222222222,0.0877416000002995
16,0.001,16,GELU,1000,0.2101934523809523,0.1975757352580154,0.2222222222222222,0.1115907999919727
16,0.001,16,Softmax,50,0.2101934523809523,0.1975757352580154,0.2222222222222222,0.0993233000044711
16,0.001,16,Softmax,100,0.2101934523809523,0.1975757352580154,0.2222222222222222,0.0979858999926364
16,0.001,16,Softmax,300,0.2101934523809523,0.1975757352580154,0.2222222222222222,0.0883409999951254
16,0.001,16,Softmax,500,0.2101934523809523,0.1975757352580154,0.2222222222222222,0.0887016999913612
16,0.001,16,Softmax,1000,0.2101934523809523,0.1975757352580154,0.2222222222222222,0.1073431999975582
16,0.001,32,ReLU,50,0.2388392857142857,0.2295955959749063,0.2407407407407407,0.056006900005741
16,0.001,32,ReLU,100,0.2388392857142857,0.2295955959749063,0.2407407407407407,0.0460893999988911
16,0.001,32,ReLU,300,0.2388392857142857,0.2295955959749063,0.2407407407407407,0.0669703000021399
16,0.001,32,ReLU,500,0.2388392857142857,0.2295955959749063,0.2407407407407407,0.0566648000094573
16,0.001,32,ReLU,1000,0.2388392857142857,0.2295955959749063,0.2407407407407407,0.0465299999923445
16,0.001,32,Tanh,50,0.248139880952381,0.2242832687072024,0.2407407407407407,0.0455058999941684
16,0.001,32,Tanh,100,0.248139880952381,0.2242832687072024,0.2407407407407407,0.0674292000039713
16,0.001,32,Tanh,300,0.248139880952381,0.2242832687072024,0.2407407407407407,0.0554502999875694
16,0.001,32,Tanh,500,0.248139880952381,0.2242832687072024,0.2407407407407407,0.0452233000105479
16,0.001,32,Tanh,1000,0.248139880952381,0.2242832687072024,0.2407407407407407,0.0571402000059606
16,0.001,32,Sigmoid,50,0.25,0.1142857142857142,0.2962962962962963,0.0456376999936765
16,0.001,32,Sigmoid,100,0.25,0.1142857142857142,0.2962962962962963,0.0453951999952551
16,0.001,32,Sigmoid,300,0.25,0.1142857142857142,0.2962962962962963,0.0453207999962614
16,0.001,32,Sigmoid,500,0.25,0.1142857142857142,0.2962962962962963,0.0460002000036183
16,0.001,32,Sigmoid,1000,0.25,0.1142857142857142,0.2962962962962963,0.0456268999987514
16,0.001,32,GELU,50,0.2388392857142857,0.2295955959749063,0.2407407407407407,0.045526100002462
16,0.001,32,GELU,100,0.2388392857142857,0.2295955959749063,0.2407407407407407,0.0563008000026457
16,0.001,32,GELU,300,0.2388392857142857,0.2295955959749063,0.2407407407407407,0.0469870999950217
16,0.001,32,GELU,500,0.2388392857142857,0.2295955959749063,0.2407407407407407,0.0564709000027505
16,0.001,32,GELU,1000,0.2388392857142857,0.2295955959749063,0.2407407407407407,0.0464742000040132
16,0.001,32,Softmax,50,0.2388392857142857,0.2295955959749063,0.2407407407407407,0.0668272000038996
16,0.001,32,Softmax,100,0.2388392857142857,0.2295955959749063,0.2407407407407407,0.0561179000069387
16,0.001,32,Softmax,300,0.2388392857142857,0.2295955959749063,0.2407407407407407,0.056661200011149
16,0.001,32,Softmax,500,0.2388392857142857,0.2295955959749063,0.2407407407407407,0.0454652000044006
16,0.001,32,Softmax,1000,0.2388392857142857,0.2295955959749063,0.2407407407407407,0.0459205999941332
16,0.001,64,ReLU,50,0.2466517857142857,0.2375916840122906,0.25,0.0362298999971244
16,0.001,64,ReLU,100,0.2466517857142857,0.2375916840122906,0.25,0.0465254000009736
16,0.001,64,ReLU,300,0.2466517857142857,0.2375916840122906,0.25,0.0562750999961281
16,0.001,64,ReLU,500,0.2466517857142857,0.2375916840122906,0.25,0.0462606999935815
16,0.001,64,ReLU,1000,0.2466517857142857,0.2375916840122906,0.25,0.0464155000081518
16,0.001,64,Tanh,50,0.2686011904761904,0.2348694316436252,0.2592592592592592,0.0474235000001499
16,0.001,64,Tanh,100,0.2686011904761904,0.2348694316436252,0.2592592592592592,0.0473634000081801
16,0.001,64,Tanh,300,0.2686011904761904,0.2348694316436252,0.2592592592592592,0.0482563999976264
16,0.001,64,Tanh,500,0.2686011904761904,0.2348694316436252,0.2592592592592592,0.0460487000091234
16,0.001,64,Tanh,1000,0.2686011904761904,0.2348694316436252,0.2592592592592592,0.0471221999905537
16,0.001,64,Sigmoid,50,0.25,0.1142857142857142,0.2962962962962963,0.0477506000024732
16,0.001,64,Sigmoid,100,0.25,0.1142857142857142,0.2962962962962963,0.0369107000005897
16,0.001,64,Sigmoid,300,0.25,0.1142857142857142,0.2962962962962963,0.0353623999981209
16,0.001,64,Sigmoid,500,0.25,0.1142857142857142,0.2962962962962963,0.0356963999947765
16,0.001,64,Sigmoid,1000,0.25,0.1142857142857142,0.2962962962962963,0.0489857000065967
16,0.001,64,GELU,50,0.2466517857142857,0.2375916840122906,0.25,0.0623303000029409
16,0.001,64,GELU,100,0.2466517857142857,0.2375916840122906,0.25,0.0465154000121401
16,0.001,64,GELU,300,0.2466517857142857,0.2375916840122906,0.25,0.0477246000082232
16,0.001,64,GELU,500,0.2466517857142857,0.2375916840122906,0.25,0.0370102999877417
16,0.001,64,GELU,1000,0.2466517857142857,0.2375916840122906,0.25,0.0360384000086924
16,0.001,64,Softmax,50,0.2466517857142857,0.2375916840122906,0.25,0.0355140999890863
16,0.001,64,Softmax,100,0.2466517857142857,0.2375916840122906,0.25,0.0457163999963086
16,0.001,64,Softmax,300,0.2466517857142857,0.2375916840122906,0.25,0.035599099996034
16,0.001,64,Softmax,500,0.2466517857142857,0.2375916840122906,0.25,0.0358603999920887
16,0.001,64,Softmax,1000,0.2466517857142857,0.2375916840122906,0.25,0.0357304000062868
16,0.001,128,ReLU,50,0.2492559523809523,0.2385852451641925,0.25,0.0360115000075893
16,0.001,128,ReLU,100,0.2492559523809523,0.2385852451641925,0.25,0.035873899993021
16,0.001,128,ReLU,300,0.2492559523809523,0.2385852451641925,0.25,0.0366003999952226
16,0.001,128,ReLU,500,0.2492559523809523,0.2385852451641925,0.25,0.0357471000024816
16,0.001,128,ReLU,1000,0.2492559523809523,0.2385852451641925,0.25,0.0354023999971104
16,0.001,128,Tanh,50,0.2686011904761904,0.2348694316436252,0.2592592592592592,0.0350461999914841
16,0.001,128,Tanh,100,0.2686011904761904,0.2348694316436252,0.2592592592592592,0.0350423000054433
16,0.001,128,Tanh,300,0.2686011904761904,0.2348694316436252,0.2592592592592592,0.0352418999973451
16,0.001,128,Tanh,500,0.2686011904761904,0.2348694316436252,0.2592592592592592,0.0362516000022878
16,0.001,128,Tanh,1000,0.2686011904761904,0.2348694316436252,0.2592592592592592,0.0355857999966247
16,0.001,128,Sigmoid,50,0.25,0.1142857142857142,0.2962962962962963,0.0356260999978985
16,0.001,128,Sigmoid,100,0.25,0.1142857142857142,0.2962962962962963,0.0350079000054392
16,0.001,128,Sigmoid,300,0.25,0.1142857142857142,0.2962962962962963,0.0397283000056631
16,0.001,128,Sigmoid,500,0.25,0.1142857142857142,0.2962962962962963,0.0354093000059947
16,0.001,128,Sigmoid,1000,0.25,0.1142857142857142,0.2962962962962963,0.0352251000003889
16,0.001,128,GELU,50,0.2492559523809523,0.2385852451641925,0.25,0.0345014000049559
16,0.001,128,GELU,100,0.2492559523809523,0.2385852451641925,0.25,0.0351005999982589
16,0.001,128,GELU,300,0.2492559523809523,0.2385852451641925,0.25,0.0464840000058757
16,0.001,128,GELU,500,0.2492559523809523,0.2385852451641925,0.25,0.0468145000049844
16,0.001,128,GELU,1000,0.2492559523809523,0.2385852451641925,0.25,0.0353993999888189
16,0.001,128,Softmax,50,0.2492559523809523,0.2385852451641925,0.25,0.0459222000063164
16,0.001,128,Softmax,100,0.2492559523809523,0.2385852451641925,0.25,0.0354850000003352
16,0.001,128,Softmax,300,0.2492559523809523,0.2385852451641925,0.25,0.0360864999965997
16,0.001,128,Softmax,500,0.2492559523809523,0.2385852451641925,0.25,0.0355388000025413
16,0.001,128,Softmax,1000,0.2492559523809523,0.2385852451641925,0.25,0.0356835999991744
16,0.0001,8,ReLU,50,0.2414434523809523,0.2285358590661128,0.2407407407407407,0.0982020000083139
16,0.0001,8,ReLU,100,0.2414434523809523,0.2285358590661128,0.2407407407407407,0.1092220999998971
16,0.0001,8,ReLU,300,0.2414434523809523,0.2285358590661128,0.2407407407407407,0.0983380999969085
16,0.0001,8,ReLU,500,0.2414434523809523,0.2285358590661128,0.2407407407407407,0.0785814999981084
16,0.0001,8,ReLU,1000,0.2414434523809523,0.2285358590661128,0.2407407407407407,0.100000699996599
16,0.0001,8,Tanh,50,0.2775297619047618,0.2418505613627564,0.2685185185185185,0.0885334000049624
16,0.0001,8,Tanh,100,0.2775297619047618,0.2418505613627564,0.2685185185185185,0.0993693000054918
16,0.0001,8,Tanh,300,0.2775297619047618,0.2418505613627564,0.2685185185185185,0.0990445999923395
16,0.0001,8,Tanh,500,0.2775297619047618,0.2418505613627564,0.2685185185185185,0.1100567999965278
16,0.0001,8,Tanh,1000,0.2775297619047618,0.2418505613627564,0.2685185185185185,0.0760898999869823
16,0.0001,8,Sigmoid,50,0.25,0.1142857142857142,0.2962962962962963,0.0884622999874409
16,0.0001,8,Sigmoid,100,0.25,0.1142857142857142,0.2962962962962963,0.0886109999992186
16,0.0001,8,Sigmoid,300,0.25,0.1142857142857142,0.2962962962962963,0.0784512000100221
16,0.0001,8,Sigmoid,500,0.25,0.1142857142857142,0.2962962962962963,0.0889174999902024
16,0.0001,8,Sigmoid,1000,0.25,0.1142857142857142,0.2962962962962963,0.0884350999986054
16,0.0001,8,GELU,50,0.2414434523809523,0.2285358590661128,0.2407407407407407,0.0996699999959673
16,0.0001,8,GELU,100,0.2414434523809523,0.2285358590661128,0.2407407407407407,0.0998763000097824
16,0.0001,8,GELU,300,0.2414434523809523,0.2285358590661128,0.2407407407407407,0.0886986999976215
16,0.0001,8,GELU,500,0.2414434523809523,0.2285358590661128,0.2407407407407407,0.0891533999965759
16,0.0001,8,GELU,1000,0.2414434523809523,0.2285358590661128,0.2407407407407407,0.1001257999887457
16,0.0001,8,Softmax,50,0.2414434523809523,0.2285358590661128,0.2407407407407407,0.1093357000063406
16,0.0001,8,Softmax,100,0.2414434523809523,0.2285358590661128,0.2407407407407407,0.0983444000012241
16,0.0001,8,Softmax,300,0.2414434523809523,0.2285358590661128,0.2407407407407407,0.0893555999937234
16,0.0001,8,Softmax,500,0.2414434523809523,0.2285358590661128,0.2407407407407407,0.0895568999985698
16,0.0001,8,Softmax,1000,0.2414434523809523,0.2285358590661128,0.2407407407407407,0.09925210000074
16,0.0001,16,ReLU,50,0.2414434523809523,0.2285358590661128,0.2407407407407407,0.0780972999928053
16,0.0001,16,ReLU,100,0.2414434523809523,0.2285358590661128,0.2407407407407407,0.0788652999908663
16,0.0001,16,ReLU,300,0.2414434523809523,0.2285358590661128,0.2407407407407407,0.0783891000028234
16,0.0001,16,ReLU,500,0.2414434523809523,0.2285358590661128,0.2407407407407407,0.0775694000039948
16,0.0001,16,ReLU,1000,0.2414434523809523,0.2285358590661128,0.2407407407407407,0.0682376999902771
16,0.0001,16,Tanh,50,0.2775297619047618,0.2418505613627564,0.2685185185185185,0.0573434999969322
16,0.0001,16,Tanh,100,0.2775297619047618,0.2418505613627564,0.2685185185185185,0.05803480000759
16,0.0001,16,Tanh,300,0.2775297619047618,0.2418505613627564,0.2685185185185185,0.0586057999898912
16,0.0001,16,Tanh,500,0.2775297619047618,0.2418505613627564,0.2685185185185185,0.0571213999937754
16,0.0001,16,Tanh,1000,0.2775297619047618,0.2418505613627564,0.2685185185185185,0.0567794999951729
16,0.0001,16,Sigmoid,50,0.25,0.1142857142857142,0.2962962962962963,0.058039399998961
16,0.0001,16,Sigmoid,100,0.25,0.1142857142857142,0.2962962962962963,0.0663656999968225
16,0.0001,16,Sigmoid,300,0.25,0.1142857142857142,0.2962962962962963,0.0579079000017372
16,0.0001,16,Sigmoid,500,0.25,0.1142857142857142,0.2962962962962963,0.0688288999954238
16,0.0001,16,Sigmoid,1000,0.25,0.1142857142857142,0.2962962962962963,0.0716710999986389
16,0.0001,16,GELU,50,0.2414434523809523,0.2285358590661128,0.2407407407407407,0.0789616999973077
16,0.0001,16,GELU,100,0.2414434523809523,0.2285358590661128,0.2407407407407407,0.0798185999883571
16,0.0001,16,GELU,300,0.2414434523809523,0.2285358590661128,0.2407407407407407,0.1106369999906746
16,0.0001,16,GELU,500,0.2414434523809523,0.2285358590661128,0.2407407407407407,0.0670170000084908
16,0.0001,16,GELU,1000,0.2414434523809523,0.2285358590661128,0.2407407407407407,0.0674943999911192
16,0.0001,16,Softmax,50,0.2414434523809523,0.2285358590661128,0.2407407407407407,0.0683673000021372
16,0.0001,16,Softmax,100,0.2414434523809523,0.2285358590661128,0.2407407407407407,0.0792377000034321
16,0.0001,16,Softmax,300,0.2414434523809523,0.2285358590661128,0.2407407407407407,0.0790207999962149
16,0.0001,16,Softmax,500,0.2414434523809523,0.2285358590661128,0.2407407407407407,0.0772493999975267
16,0.0001,16,Softmax,1000,0.2414434523809523,0.2285358590661128,0.2407407407407407,0.0685404999967431
16,0.0001,32,ReLU,50,0.2414434523809523,0.2285358590661128,0.2407407407407407,0.0566269000119064
16,0.0001,32,ReLU,100,0.2414434523809523,0.2285358590661128,0.2407407407407407,0.0583037000033073
16,0.0001,32,ReLU,300,0.2414434523809523,0.2285358590661128,0.2407407407407407,0.0575532000075327
16,0.0001,32,ReLU,500,0.2414434523809523,0.2285358590661128,0.2407407407407407,0.0467693999962648
16,0.0001,32,ReLU,1000,0.2414434523809523,0.2285358590661128,0.2407407407407407,0.046399199985899
16,0.0001,32,Tanh,50,0.2775297619047618,0.2418505613627564,0.2685185185185185,0.0475290999893331
16,0.0001,32,Tanh,100,0.2775297619047618,0.2418505613627564,0.2685185185185185,0.0468951999937417
16,0.0001,32,Tanh,300,0.2775297619047618,0.2418505613627564,0.2685185185185185,0.0472163000085856
16,0.0001,32,Tanh,500,0.2775297619047618,0.2418505613627564,0.2685185185185185,0.0451070999988587
16,0.0001,32,Tanh,1000,0.2775297619047618,0.2418505613627564,0.2685185185185185,0.0472392000083345
16,0.0001,32,Sigmoid,50,0.25,0.1142857142857142,0.2962962962962963,0.0453143000049749
16,0.0001,32,Sigmoid,100,0.25,0.1142857142857142,0.2962962962962963,0.0450115999992704
16,0.0001,32,Sigmoid,300,0.25,0.1142857142857142,0.2962962962962963,0.0456556000135606
16,0.0001,32,Sigmoid,500,0.25,0.1142857142857142,0.2962962962962963,0.0476230000058421
16,0.0001,32,Sigmoid,1000,0.25,0.1142857142857142,0.2962962962962963,0.0466149999992921
16,0.0001,32,GELU,50,0.2414434523809523,0.2285358590661128,0.2407407407407407,0.0564445000054547
16,0.0001,32,GELU,100,0.2414434523809523,0.2285358590661128,0.2407407407407407,0.0458740000030957
16,0.0001,32,GELU,300,0.2414434523809523,0.2285358590661128,0.2407407407407407,0.0552565000107279
16,0.0001,32,GELU,500,0.2414434523809523,0.2285358590661128,0.2407407407407407,0.0563732000009622
16,0.0001,32,GELU,1000,0.2414434523809523,0.2285358590661128,0.2407407407407407,0.0467629999911878
16,0.0001,32,Softmax,50,0.2414434523809523,0.2285358590661128,0.2407407407407407,0.0459388000017497
16,0.0001,32,Softmax,100,0.2414434523809523,0.2285358590661128,0.2407407407407407,0.0581123000010848
16,0.0001,32,Softmax,300,0.2414434523809523,0.2285358590661128,0.2407407407407407,0.0454098999907728
16,0.0001,32,Softmax,500,0.2414434523809523,0.2285358590661128,0.2407407407407407,0.0560345000121742
16,0.0001,32,Softmax,1000,0.2414434523809523,0.2285358590661128,0.2407407407407407,0.0459046999894781
16,0.0001,64,ReLU,50,0.2414434523809523,0.2285358590661128,0.2407407407407407,0.0356982999946922
16,0.0001,64,ReLU,100,0.2414434523809523,0.2285358590661128,0.2407407407407407,0.0469204999972134
16,0.0001,64,ReLU,300,0.2414434523809523,0.2285358590661128,0.2407407407407407,0.0365806999907363
16,0.0001,64,ReLU,500,0.2414434523809523,0.2285358590661128,0.2407407407407407,0.0359093000006396
16,0.0001,64,ReLU,1000,0.2414434523809523,0.2285358590661128,0.2407407407407407,0.0467400000052293
16,0.0001,64,Tanh,50,0.2775297619047618,0.2418505613627564,0.2685185185185185,0.0358665999956429
16,0.0001,64,Tanh,100,0.2775297619047618,0.2418505613627564,0.2685185185185185,0.0358629999973345
16,0.0001,64,Tanh,300,0.2775297619047618,0.2418505613627564,0.2685185185185185,0.0353016999870305
16,0.0001,64,Tanh,500,0.2775297619047618,0.2418505613627564,0.2685185185185185,0.0354423999960999
16,0.0001,64,Tanh,1000,0.2775297619047618,0.2418505613627564,0.2685185185185185,0.0462034000083804
16,0.0001,64,Sigmoid,50,0.25,0.1142857142857142,0.2962962962962963,0.0366082999971695
16,0.0001,64,Sigmoid,100,0.25,0.1142857142857142,0.2962962962962963,0.0461778000026242
16,0.0001,64,Sigmoid,300,0.25,0.1142857142857142,0.2962962962962963,0.0360941999970236
16,0.0001,64,Sigmoid,500,0.25,0.1142857142857142,0.2962962962962963,0.0466474999993806
16,0.0001,64,Sigmoid,1000,0.25,0.1142857142857142,0.2962962962962963,0.0360115999937988
16,0.0001,64,GELU,50,0.2414434523809523,0.2285358590661128,0.2407407407407407,0.036825500006671
16,0.0001,64,GELU,100,0.2414434523809523,0.2285358590661128,0.2407407407407407,0.0356833999976515
16,0.0001,64,GELU,300,0.2414434523809523,0.2285358590661128,0.2407407407407407,0.035587199992733
16,0.0001,64,GELU,500,0.2414434523809523,0.2285358590661128,0.2407407407407407,0.0359127999981865
16,0.0001,64,GELU,1000,0.2414434523809523,0.2285358590661128,0.2407407407407407,0.0465484000014839
16,0.0001,64,Softmax,50,0.2414434523809523,0.2285358590661128,0.2407407407407407,0.0369790999975521
16,0.0001,64,Softmax,100,0.2414434523809523,0.2285358590661128,0.2407407407407407,0.0359562999947229
16,0.0001,64,Softmax,300,0.2414434523809523,0.2285358590661128,0.2407407407407407,0.0364532999956281
16,0.0001,64,Softmax,500,0.2414434523809523,0.2285358590661128,0.2407407407407407,0.047832099997322
16,0.0001,64,Softmax,1000,0.2414434523809523,0.2285358590661128,0.2407407407407407,0.0362472000124398
16,0.0001,128,ReLU,50,0.2414434523809523,0.2285358590661128,0.2407407407407407,0.0353528000123333
16,0.0001,128,ReLU,100,0.2414434523809523,0.2285358590661128,0.2407407407407407,0.0348308999964501
16,0.0001,128,ReLU,300,0.2414434523809523,0.2285358590661128,0.2407407407407407,0.0355398000101558
16,0.0001,128,ReLU,500,0.2414434523809523,0.2285358590661128,0.2407407407407407,0.0348945000005187
16,0.0001,128,ReLU,1000,0.2414434523809523,0.2285358590661128,0.2407407407407407,0.0355918000132078
16,0.0001,128,Tanh,50,0.2864583333333333,0.2489220383275261,0.2777777777777778,0.0360180999996373
16,0.0001,128,Tanh,100,0.2864583333333333,0.2489220383275261,0.2777777777777778,0.035014900000533
16,0.0001,128,Tanh,300,0.2864583333333333,0.2489220383275261,0.2777777777777778,0.0360246000054758
16,0.0001,128,Tanh,500,0.2864583333333333,0.2489220383275261,0.2777777777777778,0.0348968000034801
16,0.0001,128,Tanh,1000,0.2864583333333333,0.2489220383275261,0.2777777777777778,0.0348357000038959
16,0.0001,128,Sigmoid,50,0.25,0.1142857142857142,0.2962962962962963,0.0346008999913465
16,0.0001,128,Sigmoid,100,0.25,0.1142857142857142,0.2962962962962963,0.0353313000086927
16,0.0001,128,Sigmoid,300,0.25,0.1142857142857142,0.2962962962962963,0.0363988000026438
16,0.0001,128,Sigmoid,500,0.25,0.1142857142857142,0.2962962962962963,0.0353909000114072
16,0.0001,128,Sigmoid,1000,0.25,0.1142857142857142,0.2962962962962963,0.034593100004713
16,0.0001,128,GELU,50,0.2414434523809523,0.2285358590661128,0.2407407407407407,0.0348143000010168
16,0.0001,128,GELU,100,0.2414434523809523,0.2285358590661128,0.2407407407407407,0.0365740999986883
16,0.0001,128,GELU,300,0.2414434523809523,0.2285358590661128,0.2407407407407407,0.0344994999904884
16,0.0001,128,GELU,500,0.2414434523809523,0.2285358590661128,0.2407407407407407,0.034947899999679
16,0.0001,128,GELU,1000,0.2414434523809523,0.2285358590661128,0.2407407407407407,0.0349975999997695
16,0.0001,128,Softmax,50,0.2414434523809523,0.2285358590661128,0.2407407407407407,0.0352525000052992
16,0.0001,128,Softmax,100,0.2414434523809523,0.2285358590661128,0.2407407407407407,0.0351221000018995
16,0.0001,128,Softmax,300,0.2414434523809523,0.2285358590661128,0.2407407407407407,0.03547790000448
16,0.0001,128,Softmax,500,0.2414434523809523,0.2285358590661128,0.2407407407407407,0.0460503999929642
16,0.0001,128,Softmax,1000,0.2414434523809523,0.2285358590661128,0.2407407407407407,0.0367862999992212
16,0.00025,8,ReLU,50,0.2310267857142857,0.2208113825031928,0.2314814814814814,0.0869247999944491
16,0.00025,8,ReLU,100,0.2310267857142857,0.2208113825031928,0.2314814814814814,0.0888120000017806
16,0.00025,8,ReLU,300,0.2310267857142857,0.2208113825031928,0.2314814814814814,0.0882572999980766
16,0.00025,8,ReLU,500,0.2310267857142857,0.2208113825031928,0.2314814814814814,0.0778444000025047
16,0.00025,8,ReLU,1000,0.2310267857142857,0.2208113825031928,0.2314814814814814,0.0880814999982249
16,0.00025,8,Tanh,50,0.240327380952381,0.2139686882504939,0.2314814814814814,0.098334900001646
16,0.00025,8,Tanh,100,0.240327380952381,0.2139686882504939,0.2314814814814814,0.0870199000055436
16,0.00025,8,Tanh,300,0.240327380952381,0.2139686882504939,0.2314814814814814,0.0893547000014223
16,0.00025,8,Tanh,500,0.240327380952381,0.2139686882504939,0.2314814814814814,0.0769845999893732
16,0.00025,8,Tanh,1000,0.240327380952381,0.2139686882504939,0.2314814814814814,0.0993465000065043
16,0.00025,8,Sigmoid,50,0.25,0.1142857142857142,0.2962962962962963,0.0877083999948808
16,0.00025,8,Sigmoid,100,0.25,0.1142857142857142,0.2962962962962963,0.0779860999900847
16,0.00025,8,Sigmoid,300,0.25,0.1142857142857142,0.2962962962962963,0.0990749000047799
16,0.00025,8,Sigmoid,500,0.25,0.1142857142857142,0.2962962962962963,0.0788220999966142
16,0.00025,8,Sigmoid,1000,0.25,0.1142857142857142,0.2962962962962963,0.0898186000122223
16,0.00025,8,GELU,50,0.2310267857142857,0.2208113825031928,0.2314814814814814,0.1101540999952703
16,0.00025,8,GELU,100,0.2310267857142857,0.2208113825031928,0.2314814814814814,0.0977845000015804
16,0.00025,8,GELU,300,0.2310267857142857,0.2208113825031928,0.2314814814814814,0.098151099999086
16,0.00025,8,GELU,500,0.2310267857142857,0.2208113825031928,0.2314814814814814,0.0881449000007705
16,0.00025,8,GELU,1000,0.2310267857142857,0.2208113825031928,0.2314814814814814,0.0882961000024806
16,0.00025,8,Softmax,50,0.2310267857142857,0.2208113825031928,0.2314814814814814,0.1086903999967034
16,0.00025,8,Softmax,100,0.2310267857142857,0.2208113825031928,0.2314814814814814,0.0870927000069059
16,0.00025,8,Softmax,300,0.2310267857142857,0.2208113825031928,0.2314814814814814,0.0993770999921253
16,0.00025,8,Softmax,500,0.2310267857142857,0.2208113825031928,0.2314814814814814,0.0981589000002713
16,0.00025,8,Softmax,1000,0.2310267857142857,0.2208113825031928,0.2314814814814814,0.0986414999933913
16,0.00025,16,ReLU,50,0.2414434523809523,0.2275696374832927,0.2407407407407407,0.0676226999930804
16,0.00025,16,ReLU,100,0.2414434523809523,0.2275696374832927,0.2407407407407407,0.0676004999986616
16,0.00025,16,ReLU,300,0.2414434523809523,0.2275696374832927,0.2407407407407407,0.0767777000000933
16,0.00025,16,ReLU,500,0.2414434523809523,0.2275696374832927,0.2407407407407407,0.0675826999940909
16,0.00025,16,ReLU,1000,0.2414434523809523,0.2275696374832927,0.2407407407407407,0.0683766000001924
16,0.00025,16,Tanh,50,0.2686011904761904,0.2348694316436252,0.2592592592592592,0.0565510999877005
16,0.00025,16,Tanh,100,0.2686011904761904,0.2348694316436252,0.2592592592592592,0.056061099996441
16,0.00025,16,Tanh,300,0.2686011904761904,0.2348694316436252,0.2592592592592592,0.057299400010379
16,0.00025,16,Tanh,500,0.2686011904761904,0.2348694316436252,0.2592592592592592,0.0689598000026308
16,0.00025,16,Tanh,1000,0.2686011904761904,0.2348694316436252,0.2592592592592592,0.0571672000078251
16,0.00025,16,Sigmoid,50,0.25,0.1142857142857142,0.2962962962962963,0.0479380000033415
16,0.00025,16,Sigmoid,100,0.25,0.1142857142857142,0.2962962962962963,0.0562052000022958
16,0.00025,16,Sigmoid,300,0.25,0.1142857142857142,0.2962962962962963,0.0577306000050157
16,0.00025,16,Sigmoid,500,0.25,0.1142857142857142,0.2962962962962963,0.0569543000019621
16,0.00025,16,Sigmoid,1000,0.25,0.1142857142857142,0.2962962962962963,0.0581769999989774
16,0.00025,16,GELU,50,0.2414434523809523,0.2275696374832927,0.2407407407407407,0.0570328000030713
16,0.00025,16,GELU,100,0.2414434523809523,0.2275696374832927,0.2407407407407407,0.0564183999958913
16,0.00025,16,GELU,300,0.2414434523809523,0.2275696374832927,0.2407407407407407,0.0681961999944178
16,0.00025,16,GELU,500,0.2414434523809523,0.2275696374832927,0.2407407407407407,0.0673658000014256
16,0.00025,16,GELU,1000,0.2414434523809523,0.2275696374832927,0.2407407407407407,0.0668762999994214
16,0.00025,16,Softmax,50,0.2414434523809523,0.2275696374832927,0.2407407407407407,0.0576252000028034
16,0.00025,16,Softmax,100,0.2414434523809523,0.2275696374832927,0.2407407407407407,0.0561355000099865
16,0.00025,16,Softmax,300,0.2414434523809523,0.2275696374832927,0.2407407407407407,0.0681241999991471
16,0.00025,16,Softmax,500,0.2414434523809523,0.2275696374832927,0.2407407407407407,0.0666482999949948
16,0.00025,16,Softmax,1000,0.2414434523809523,0.2275696374832927,0.2407407407407407,0.0561444000049959
16,0.00025,32,ReLU,50,0.2414434523809523,0.2275696374832927,0.2407407407407407,0.0456979000009596
16,0.00025,32,ReLU,100,0.2414434523809523,0.2275696374832927,0.2407407407407407,0.046110299997963
16,0.00025,32,ReLU,300,0.2414434523809523,0.2275696374832927,0.2407407407407407,0.0459566000063205
16,0.00025,32,ReLU,500,0.2414434523809523,0.2275696374832927,0.2407407407407407,0.0470303000038256
16,0.00025,32,ReLU,1000,0.2414434523809523,0.2275696374832927,0.2407407407407407,0.0471795000048587
16,0.00025,32,Tanh,50,0.2686011904761904,0.2348694316436252,0.2592592592592592,0.0459370000025955
16,0.00025,32,Tanh,100,0.2686011904761904,0.2348694316436252,0.2592592592592592,0.0460489999968558
16,0.00025,32,Tanh,300,0.2686011904761904,0.2348694316436252,0.2592592592592592,0.0461776000011013
16,0.00025,32,Tanh,500,0.2686011904761904,0.2348694316436252,0.2592592592592592,0.0475030000088736
16,0.00025,32,Tanh,1000,0.2686011904761904,0.2348694316436252,0.2592592592592592,0.0471542000013869
16,0.00025,32,Sigmoid,50,0.25,0.1142857142857142,0.2962962962962963,0.0461205000028712
16,0.00025,32,Sigmoid,100,0.25,0.1142857142857142,0.2962962962962963,0.0456586999935098
16,0.00025,32,Sigmoid,300,0.25,0.1142857142857142,0.2962962962962963,0.0460085999948205
16,0.00025,32,Sigmoid,500,0.25,0.1142857142857142,0.2962962962962963,0.0453177000017603
16,0.00025,32,Sigmoid,1000,0.25,0.1142857142857142,0.2962962962962963,0.0470386000088183
16,0.00025,32,GELU,50,0.2414434523809523,0.2275696374832927,0.2407407407407407,0.0461582999996608
16,0.00025,32,GELU,100,0.2414434523809523,0.2275696374832927,0.2407407407407407,0.0471836000069743
16,0.00025,32,GELU,300,0.2414434523809523,0.2275696374832927,0.2407407407407407,0.04760069999611
16,0.00025,32,GELU,500,0.2414434523809523,0.2275696374832927,0.2407407407407407,0.0457143999956315
16,0.00025,32,GELU,1000,0.2414434523809523,0.2275696374832927,0.2407407407407407,0.0464407999970717
16,0.00025,32,Softmax,50,0.2414434523809523,0.2275696374832927,0.2407407407407407,0.046605499999714
16,0.00025,32,Softmax,100,0.2414434523809523,0.2275696374832927,0.2407407407407407,0.0467682000016793
16,0.00025,32,Softmax,300,0.2414434523809523,0.2275696374832927,0.2407407407407407,0.0477160000009462
16,0.00025,32,Softmax,500,0.2414434523809523,0.2275696374832927,0.2407407407407407,0.0472777999966638
16,0.00025,32,Softmax,1000,0.2414434523809523,0.2275696374832927,0.2407407407407407,0.0460676999937277
16,0.00025,64,ReLU,50,0.2414434523809523,0.2285358590661128,0.2407407407407407,0.0455095000070286
16,0.00025,64,ReLU,100,0.2414434523809523,0.2285358590661128,0.2407407407407407,0.0457370999938575
16,0.00025,64,ReLU,300,0.2414434523809523,0.2285358590661128,0.2407407407407407,0.0566140000009909
16,0.00025,64,ReLU,500,0.2414434523809523,0.2285358590661128,0.2407407407407407,0.0359358999994583
16,0.00025,64,ReLU,1000,0.2414434523809523,0.2285358590661128,0.2407407407407407,0.0454866000072797
16,0.00025,64,Tanh,50,0.2775297619047618,0.2418505613627564,0.2685185185185185,0.0362392000097315
16,0.00025,64,Tanh,100,0.2775297619047618,0.2418505613627564,0.2685185185185185,0.0468364999978803
16,0.00025,64,Tanh,300,0.2775297619047618,0.2418505613627564,0.2685185185185185,0.0360435999900801
16,0.00025,64,Tanh,500,0.2775297619047618,0.2418505613627564,0.2685185185185185,0.0359907999954884
16,0.00025,64,Tanh,1000,0.2775297619047618,0.2418505613627564,0.2685185185185185,0.0358377999946242
16,0.00025,64,Sigmoid,50,0.25,0.1142857142857142,0.2962962962962963,0.0476820000039879
16,0.00025,64,Sigmoid,100,0.25,0.1142857142857142,0.2962962962962963,0.0390427999955136
16,0.00025,64,Sigmoid,300,0.25,0.1142857142857142,0.2962962962962963,0.047066300001461
16,0.00025,64,Sigmoid,500,0.25,0.1142857142857142,0.2962962962962963,0.047923999998602
16,0.00025,64,Sigmoid,1000,0.25,0.1142857142857142,0.2962962962962963,0.0469972999999299
16,0.00025,64,GELU,50,0.2414434523809523,0.2285358590661128,0.2407407407407407,0.0563632999983383
16,0.00025,64,GELU,100,0.2414434523809523,0.2285358590661128,0.2407407407407407,0.0466061000042827
16,0.00025,64,GELU,300,0.2414434523809523,0.2285358590661128,0.2407407407407407,0.0453008999902522
16,0.00025,64,GELU,500,0.2414434523809523,0.2285358590661128,0.2407407407407407,0.045536899997387
16,0.00025,64,GELU,1000,0.2414434523809523,0.2285358590661128,0.2407407407407407,0.0462171000108355
16,0.00025,64,Softmax,50,0.2414434523809523,0.2285358590661128,0.2407407407407407,0.0462570999952731
16,0.00025,64,Softmax,100,0.2414434523809523,0.2285358590661128,0.2407407407407407,0.0361239999911049
16,0.00025,64,Softmax,300,0.2414434523809523,0.2285358590661128,0.2407407407407407,0.0455284000054234
16,0.00025,64,Softmax,500,0.2414434523809523,0.2285358590661128,0.2407407407407407,0.0450360999966505
16,0.00025,64,Softmax,1000,0.2414434523809523,0.2285358590661128,0.2407407407407407,0.0465525000035995
16,0.00025,128,ReLU,50,0.2414434523809523,0.2285358590661128,0.2407407407407407,0.0362048000097274
16,0.00025,128,ReLU,100,0.2414434523809523,0.2285358590661128,0.2407407407407407,0.047524900001008
16,0.00025,128,ReLU,300,0.2414434523809523,0.2285358590661128,0.2407407407407407,0.0466330999915953
16,0.00025,128,ReLU,500,0.2414434523809523,0.2285358590661128,0.2407407407407407,0.0362715999945066
16,0.00025,128,ReLU,1000,0.2414434523809523,0.2285358590661128,0.2407407407407407,0.0368478000018512
16,0.00025,128,Tanh,50,0.2775297619047618,0.2418505613627564,0.2685185185185185,0.0377636999910464
16,0.00025,128,Tanh,100,0.2775297619047618,0.2418505613627564,0.2685185185185185,0.0368984999950043
16,0.00025,128,Tanh,300,0.2775297619047618,0.2418505613627564,0.2685185185185185,0.048221499993815
16,0.00025,128,Tanh,500,0.2775297619047618,0.2418505613627564,0.2685185185185185,0.0364895999955479
16,0.00025,128,Tanh,1000,0.2775297619047618,0.2418505613627564,0.2685185185185185,0.0375589999894145
16,0.00025,128,Sigmoid,50,0.25,0.1142857142857142,0.2962962962962963,0.0358497999986866
16,0.00025,128,Sigmoid,100,0.25,0.1142857142857142,0.2962962962962963,0.0480376000050455
16,0.00025,128,Sigmoid,300,0.25,0.1142857142857142,0.2962962962962963,0.036099799996009
16,0.00025,128,Sigmoid,500,0.25,0.1142857142857142,0.2962962962962963,0.0352215000020805
16,0.00025,128,Sigmoid,1000,0.25,0.1142857142857142,0.2962962962962963,0.0353829999949084
16,0.00025,128,GELU,50,0.2414434523809523,0.2285358590661128,0.2407407407407407,0.0353124999965075
16,0.00025,128,GELU,100,0.2414434523809523,0.2285358590661128,0.2407407407407407,0.0350567999994382
16,0.00025,128,GELU,300,0.2414434523809523,0.2285358590661128,0.2407407407407407,0.0355131999967852
16,0.00025,128,GELU,500,0.2414434523809523,0.2285358590661128,0.2407407407407407,0.0359769000060623
16,0.00025,128,GELU,1000,0.2414434523809523,0.2285358590661128,0.2407407407407407,0.0353629000019282
16,0.00025,128,Softmax,50,0.2414434523809523,0.2285358590661128,0.2407407407407407,0.0473429999983636
16,0.00025,128,Softmax,100,0.2414434523809523,0.2285358590661128,0.2407407407407407,0.035300699993968
16,0.00025,128,Softmax,300,0.2414434523809523,0.2285358590661128,0.2407407407407407,0.0355820999975549
16,0.00025,128,Softmax,500,0.2414434523809523,0.2285358590661128,0.2407407407407407,0.0358338000078219
16,0.00025,128,Softmax,1000,0.2414434523809523,0.2285358590661128,0.2407407407407407,0.0364758999930927
32,0.01,8,ReLU,50,0.3013392857142857,0.2593051362358097,0.2962962962962963,0.108919500009506
32,0.01,8,ReLU,100,0.3013392857142857,0.2593051362358097,0.2962962962962963,0.1086228999920422
32,0.01,8,ReLU,300,0.3013392857142857,0.2593051362358097,0.2962962962962963,0.0886716000095475
32,0.01,8,ReLU,500,0.3013392857142857,0.2593051362358097,0.2962962962962963,0.0883738999982597
32,0.01,8,ReLU,1000,0.3013392857142857,0.2593051362358097,0.2962962962962963,0.0985846999974455
32,0.01,8,Tanh,50,0.3284970238095238,0.310979660956944,0.3333333333333333,0.1110151999891968
32,0.01,8,Tanh,100,0.3284970238095238,0.310979660956944,0.3333333333333333,0.1198455999983707
32,0.01,8,Tanh,300,0.3284970238095238,0.310979660956944,0.3333333333333333,0.0987171000015223
32,0.01,8,Tanh,500,0.3284970238095238,0.310979660956944,0.3333333333333333,0.0879989999957615
32,0.01,8,Tanh,1000,0.3284970238095238,0.310979660956944,0.3333333333333333,0.1198858999996446
32,0.01,8,Sigmoid,50,0.2890625,0.2661309523809524,0.2962962962962963,0.1081625999941024
32,0.01,8,Sigmoid,100,0.2890625,0.2661309523809524,0.2962962962962963,0.1092479000071762
32,0.01,8,Sigmoid,300,0.2890625,0.2661309523809524,0.2962962962962963,0.1094889999949373
32,0.01,8,Sigmoid,500,0.2890625,0.2661309523809524,0.2962962962962963,0.1112409999914234
32,0.01,8,Sigmoid,1000,0.2890625,0.2661309523809524,0.2962962962962963,0.1299362999998266
32,0.01,8,GELU,50,0.3013392857142857,0.2593051362358097,0.2962962962962963,0.0984294999943813
32,0.01,8,GELU,100,0.3013392857142857,0.2593051362358097,0.2962962962962963,0.099293299994315
32,0.01,8,GELU,300,0.3013392857142857,0.2593051362358097,0.2962962962962963,0.0880885999940801
32,0.01,8,GELU,500,0.3013392857142857,0.2593051362358097,0.2962962962962963,0.0887836999900173
32,0.01,8,GELU,1000,0.3013392857142857,0.2593051362358097,0.2962962962962963,0.0991862000082619
32,0.01,8,Softmax,50,0.3013392857142857,0.2593051362358097,0.2962962962962963,0.1090175999997882
32,0.01,8,Softmax,100,0.3013392857142857,0.2593051362358097,0.2962962962962963,0.0995540000003529
32,0.01,8,Softmax,300,0.3013392857142857,0.2593051362358097,0.2962962962962963,0.0891386000002967
32,0.01,8,Softmax,500,0.3013392857142857,0.2593051362358097,0.2962962962962963,0.0991459999931976
32,0.01,8,Softmax,1000,0.3013392857142857,0.2593051362358097,0.2962962962962963,0.1203206999925896
32,0.01,16,ReLU,50,0.3229166666666666,0.3009334415584415,0.3148148148148148,0.0787164999928791
32,0.01,16,ReLU,100,0.3229166666666666,0.3009334415584415,0.3148148148148148,0.088374200000544
32,0.01,16,ReLU,300,0.3229166666666666,0.3009334415584415,0.3148148148148148,0.0779684000008273
32,0.01,16,ReLU,500,0.3229166666666666,0.3009334415584415,0.3148148148148148,0.0877158000075724
32,0.01,16,ReLU,1000,0.3229166666666666,0.3009334415584415,0.3148148148148148,0.0882778000086546
32,0.01,16,Tanh,50,0.3441220238095238,0.3129810289541441,0.3518518518518518,0.0891721000079996
32,0.01,16,Tanh,100,0.3441220238095238,0.3129810289541441,0.3518518518518518,0.0685173000092618
32,0.01,16,Tanh,300,0.3441220238095238,0.3129810289541441,0.3518518518518518,0.0795573000068543
32,0.01,16,Tanh,500,0.3441220238095238,0.3129810289541441,0.3518518518518518,0.0674541000043973
32,0.01,16,Tanh,1000,0.3441220238095238,0.3129810289541441,0.3518518518518518,0.0797121999930823
32,0.01,16,Sigmoid,50,0.2946428571428571,0.244360902255639,0.324074074074074,0.0774460999964503
32,0.01,16,Sigmoid,100,0.2946428571428571,0.244360902255639,0.324074074074074,0.0679520999983651
32,0.01,16,Sigmoid,300,0.2946428571428571,0.244360902255639,0.324074074074074,0.0677388999902177
32,0.01,16,Sigmoid,500,0.2946428571428571,0.244360902255639,0.324074074074074,0.0569817999930819
32,0.01,16,Sigmoid,1000,0.2946428571428571,0.244360902255639,0.324074074074074,0.0686397999961627
32,0.01,16,GELU,50,0.3229166666666666,0.3009334415584415,0.3148148148148148,0.0789320999901974
32,0.01,16,GELU,100,0.3229166666666666,0.3009334415584415,0.3148148148148148,0.0885478000127477
32,0.01,16,GELU,300,0.3229166666666666,0.3009334415584415,0.3148148148148148,0.08907280000858
32,0.01,16,GELU,500,0.3229166666666666,0.3009334415584415,0.3148148148148148,0.0775345000001834
32,0.01,16,GELU,1000,0.3229166666666666,0.3009334415584415,0.3148148148148148,0.0994289999944157
32,0.01,16,Softmax,50,0.3229166666666666,0.3009334415584415,0.3148148148148148,0.1025685000058729
32,0.01,16,Softmax,100,0.3229166666666666,0.3009334415584415,0.3148148148148148,0.1193014000018592
32,0.01,16,Softmax,300,0.3229166666666666,0.3009334415584415,0.3148148148148148,0.1026006000029156
32,0.01,16,Softmax,500,0.3229166666666666,0.3009334415584415,0.3148148148148148,0.0777942999993683
32,0.01,16,Softmax,1000,0.3229166666666666,0.3009334415584415,0.3148148148148148,0.0994235999969532
32,0.01,32,ReLU,50,0.2671130952380952,0.2128093790707772,0.25,0.057086499989964
32,0.01,32,ReLU,100,0.2671130952380952,0.2128093790707772,0.25,0.0580633999925339
32,0.01,32,ReLU,300,0.2671130952380952,0.2128093790707772,0.25,0.0690964999957941
32,0.01,32,ReLU,500,0.2671130952380952,0.2128093790707772,0.25,0.0571224000013899
32,0.01,32,ReLU,1000,0.2671130952380952,0.2128093790707772,0.25,0.0564584999956423
32,0.01,32,Tanh,50,0.3095238095238095,0.2726107226107226,0.3148148148148148,0.0576021000015316
32,0.01,32,Tanh,100,0.3095238095238095,0.2726107226107226,0.3148148148148148,0.0577315999980783
32,0.01,32,Tanh,300,0.3095238095238095,0.2726107226107226,0.3148148148148148,0.0574267999909352
32,0.01,32,Tanh,500,0.3095238095238095,0.2726107226107226,0.3148148148148148,0.0468894000077853
32,0.01,32,Tanh,1000,0.3095238095238095,0.2726107226107226,0.3148148148148148,0.0559131000045454
32,0.01,32,Sigmoid,50,0.2886904761904761,0.2399714982888848,0.3148148148148148,0.0575627999933203
32,0.01,32,Sigmoid,100,0.2886904761904761,0.2399714982888848,0.3148148148148148,0.0465582999895559
32,0.01,32,Sigmoid,300,0.2886904761904761,0.2399714982888848,0.3148148148148148,0.056438599989633
32,0.01,32,Sigmoid,500,0.2886904761904761,0.2399714982888848,0.3148148148148148,0.0568725999910384
32,0.01,32,Sigmoid,1000,0.2886904761904761,0.2399714982888848,0.3148148148148148,0.0565107000002171
32,0.01,32,GELU,50,0.2671130952380952,0.2128093790707772,0.25,0.0467303000041283
32,0.01,32,GELU,100,0.2671130952380952,0.2128093790707772,0.25,0.0587437000067438
32,0.01,32,GELU,300,0.2671130952380952,0.2128093790707772,0.25,0.0678752999956486
32,0.01,32,GELU,500,0.2671130952380952,0.2128093790707772,0.25,0.0571201999991899
32,0.01,32,GELU,1000,0.2671130952380952,0.2128093790707772,0.25,0.0577428999968105
32,0.01,32,Softmax,50,0.2671130952380952,0.2128093790707772,0.25,0.0567230000015115
32,0.01,32,Softmax,100,0.2671130952380952,0.2128093790707772,0.25,0.0564771000063046
32,0.01,32,Softmax,300,0.2671130952380952,0.2128093790707772,0.25,0.0559309000091161
32,0.01,32,Softmax,500,0.2671130952380952,0.2128093790707772,0.25,0.0576874999969732
32,0.01,32,Softmax,1000,0.2671130952380952,0.2128093790707772,0.25,0.0461885999975493
32,0.01,64,ReLU,50,0.2797619047619047,0.2420343137254901,0.2685185185185185,0.0577596999937668
32,0.01,64,ReLU,100,0.2797619047619047,0.2420343137254901,0.2685185185185185,0.0570407000050181
32,0.01,64,ReLU,300,0.2797619047619047,0.2420343137254901,0.2685185185185185,0.0576945999928284
32,0.01,64,ReLU,500,0.2797619047619047,0.2420343137254901,0.2685185185185185,0.0568239999993238
32,0.01,64,ReLU,1000,0.2797619047619047,0.2420343137254901,0.2685185185185185,0.0565918999927816
32,0.01,64,Tanh,50,0.359375,0.3232977642276422,0.3518518518518518,0.0556412000005366
32,0.01,64,Tanh,100,0.359375,0.3232977642276422,0.3518518518518518,0.0467542999977013
32,0.01,64,Tanh,300,0.359375,0.3232977642276422,0.3518518518518518,0.0465945000032661
32,0.01,64,Tanh,500,0.359375,0.3232977642276422,0.3518518518518518,0.0458785999944666
32,0.01,64,Tanh,1000,0.359375,0.3232977642276422,0.3518518518518518,0.0571653000079095
32,0.01,64,Sigmoid,50,0.2537202380952381,0.1997294372294372,0.2777777777777778,0.0463854999979957
32,0.01,64,Sigmoid,100,0.2537202380952381,0.1997294372294372,0.2777777777777778,0.0459456999960821
32,0.01,64,Sigmoid,300,0.2537202380952381,0.1997294372294372,0.2777777777777778,0.0578853000042727
32,0.01,64,Sigmoid,500,0.2537202380952381,0.1997294372294372,0.2777777777777778,0.0577065000106813
32,0.01,64,Sigmoid,1000,0.2537202380952381,0.1997294372294372,0.2777777777777778,0.0459974999976111
32,0.01,64,GELU,50,0.2797619047619047,0.2420343137254901,0.2685185185185185,0.0558690000034403
32,0.01,64,GELU,100,0.2797619047619047,0.2420343137254901,0.2685185185185185,0.0568669000058434
32,0.01,64,GELU,300,0.2797619047619047,0.2420343137254901,0.2685185185185185,0.0566336000047158
32,0.01,64,GELU,500,0.2797619047619047,0.2420343137254901,0.2685185185185185,0.0562206999893533
32,0.01,64,GELU,1000,0.2797619047619047,0.2420343137254901,0.2685185185185185,0.0572839999949792
32,0.01,64,Softmax,50,0.2797619047619047,0.2420343137254901,0.2685185185185185,0.0569789000001037
32,0.01,64,Softmax,100,0.2797619047619047,0.2420343137254901,0.2685185185185185,0.0578666000074008
32,0.01,64,Softmax,300,0.2797619047619047,0.2420343137254901,0.2685185185185185,0.0472619000065606
32,0.01,64,Softmax,500,0.2797619047619047,0.2420343137254901,0.2685185185185185,0.0460651000030338
32,0.01,64,Softmax,1000,0.2797619047619047,0.2420343137254901,0.2685185185185185,0.0562393000000156
32,0.01,128,ReLU,50,0.2503720238095238,0.1793301927996506,0.2314814814814814,0.0590380000066943
32,0.01,128,ReLU,100,0.2503720238095238,0.1793301927996506,0.2314814814814814,0.0456907000043429
32,0.01,128,ReLU,300,0.2503720238095238,0.1793301927996506,0.2314814814814814,0.0561587000120198
32,0.01,128,ReLU,500,0.2503720238095238,0.1793301927996506,0.2314814814814814,0.0454754000093089
32,0.01,128,ReLU,1000,0.2503720238095238,0.1793301927996506,0.2314814814814814,0.0572166999918408
32,0.01,128,Tanh,50,0.267485119047619,0.2152697047198326,0.2685185185185185,0.0462843000132124
32,0.01,128,Tanh,100,0.267485119047619,0.2152697047198326,0.2685185185185185,0.0469188999995822
32,0.01,128,Tanh,300,0.267485119047619,0.2152697047198326,0.2685185185185185,0.0456716000044252
32,0.01,128,Tanh,500,0.267485119047619,0.2152697047198326,0.2685185185185185,0.0461785000079544
32,0.01,128,Tanh,1000,0.267485119047619,0.2152697047198326,0.2685185185185185,0.0461843999946722
32,0.01,128,Sigmoid,50,0.2552083333333333,0.1714805305947796,0.287037037037037,0.0359893999993801
32,0.01,128,Sigmoid,100,0.2552083333333333,0.1714805305947796,0.287037037037037,0.0352444000018294
32,0.01,128,Sigmoid,300,0.2552083333333333,0.1714805305947796,0.287037037037037,0.0352912000089418
32,0.01,128,Sigmoid,500,0.2552083333333333,0.1714805305947796,0.287037037037037,0.035728700007894
32,0.01,128,Sigmoid,1000,0.2552083333333333,0.1714805305947796,0.287037037037037,0.035788399996818
32,0.01,128,GELU,50,0.2503720238095238,0.1793301927996506,0.2314814814814814,0.0458941999968374
32,0.01,128,GELU,100,0.2503720238095238,0.1793301927996506,0.2314814814814814,0.0461964999994961
32,0.01,128,GELU,300,0.2503720238095238,0.1793301927996506,0.2314814814814814,0.0457811999949626
32,0.01,128,GELU,500,0.2503720238095238,0.1793301927996506,0.2314814814814814,0.0455486999999266
32,0.01,128,GELU,1000,0.2503720238095238,0.1793301927996506,0.2314814814814814,0.0571268999919993
32,0.01,128,Softmax,50,0.2503720238095238,0.1793301927996506,0.2314814814814814,0.0558050999970873
32,0.01,128,Softmax,100,0.2503720238095238,0.1793301927996506,0.2314814814814814,0.0557812000042758
32,0.01,128,Softmax,300,0.2503720238095238,0.1793301927996506,0.2314814814814814,0.0563816999929258
32,0.01,128,Softmax,500,0.2503720238095238,0.1793301927996506,0.2314814814814814,0.067098999992595
32,0.01,128,Softmax,1000,0.2503720238095238,0.1793301927996506,0.2314814814814814,0.0475242999964393
32,0.001,8,ReLU,50,0.2604166666666666,0.1407657657657657,0.2407407407407407,0.1285981999972136
32,0.001,8,ReLU,100,0.2604166666666666,0.1407657657657657,0.2407407407407407,0.1077056000067386
32,0.001,8,ReLU,300,0.2604166666666666,0.1407657657657657,0.2407407407407407,0.15144319999672
32,0.001,8,ReLU,500,0.2604166666666666,0.1407657657657657,0.2407407407407407,0.1308893000095849
32,0.001,8,ReLU,1000,0.2604166666666666,0.1407657657657657,0.2407407407407407,0.1400025999901117
32,0.001,8,Tanh,50,0.3151041666666666,0.2609495194330825,0.3148148148148148,0.1518241000012494
32,0.001,8,Tanh,100,0.3151041666666666,0.2609495194330825,0.3148148148148148,0.1518882999953348
32,0.001,8,Tanh,300,0.3151041666666666,0.2609495194330825,0.3148148148148148,0.1203042999986792
32,0.001,8,Tanh,500,0.3151041666666666,0.2609495194330825,0.3148148148148148,0.1515477999928407
32,0.001,8,Tanh,1000,0.3151041666666666,0.2609495194330825,0.3148148148148148,0.1297676999965915
32,0.001,8,Sigmoid,50,0.3184523809523809,0.2519248188405797,0.3333333333333333,0.1290831000078469
32,0.001,8,Sigmoid,100,0.3184523809523809,0.2519248188405797,0.3333333333333333,0.0989999000012176
32,0.001,8,Sigmoid,300,0.3184523809523809,0.2519248188405797,0.3333333333333333,0.1203125000029103
32,0.001,8,Sigmoid,500,0.3184523809523809,0.2519248188405797,0.3333333333333333,0.130944400007138
32,0.001,8,Sigmoid,1000,0.3184523809523809,0.2519248188405797,0.3333333333333333,0.1104199999972479
32,0.001,8,GELU,50,0.2604166666666666,0.1407657657657657,0.2407407407407407,0.1002563000074587
32,0.001,8,GELU,100,0.2604166666666666,0.1407657657657657,0.2407407407407407,0.1309448999963933
32,0.001,8,GELU,300,0.2604166666666666,0.1407657657657657,0.2407407407407407,0.1298321999929612
32,0.001,8,GELU,500,0.2604166666666666,0.1407657657657657,0.2407407407407407,0.1183561999932862
32,0.001,8,GELU,1000,0.2604166666666666,0.1407657657657657,0.2407407407407407,0.1181082000111928
32,0.001,8,Softmax,50,0.2604166666666666,0.1407657657657657,0.2407407407407407,0.1092748999944888
32,0.001,8,Softmax,100,0.2604166666666666,0.1407657657657657,0.2407407407407407,0.1304970000055618
32,0.001,8,Softmax,300,0.2604166666666666,0.1407657657657657,0.2407407407407407,0.1092842000070959
32,0.001,8,Softmax,500,0.2604166666666666,0.1407657657657657,0.2407407407407407,0.1205581999965943
32,0.001,8,Softmax,1000,0.2604166666666666,0.1407657657657657,0.2407407407407407,0.1191780000081053
32,0.001,16,ReLU,50,0.2552083333333333,0.1188508461235734,0.2314814814814814,0.0886288000037893
32,0.001,16,ReLU,100,0.2552083333333333,0.1188508461235734,0.2314814814814814,0.0879857999971136
32,0.001,16,ReLU,300,0.2552083333333333,0.1188508461235734,0.2314814814814814,0.0881529999896884
32,0.001,16,ReLU,500,0.2552083333333333,0.1188508461235734,0.2314814814814814,0.0771998999989591
32,0.001,16,ReLU,1000,0.2552083333333333,0.1188508461235734,0.2314814814814814,0.0771726000093622
32,0.001,16,Tanh,50,0.3102678571428571,0.2459383491885593,0.3055555555555556,0.0981157999922288
32,0.001,16,Tanh,100,0.3102678571428571,0.2459383491885593,0.3055555555555556,0.1086688999930629
32,0.001,16,Tanh,300,0.3102678571428571,0.2459383491885593,0.3055555555555556,0.0875565000023925
32,0.001,16,Tanh,500,0.3102678571428571,0.2459383491885593,0.3055555555555556,0.0873092999972868
32,0.001,16,Tanh,1000,0.3102678571428571,0.2459383491885593,0.3055555555555556,0.0882706999982474
32,0.001,16,Sigmoid,50,0.2808779761904761,0.2197405934651311,0.2962962962962963,0.0987625999987358
32,0.001,16,Sigmoid,100,0.2808779761904761,0.2197405934651311,0.2962962962962963,0.0994271999952616
32,0.001,16,Sigmoid,300,0.2808779761904761,0.2197405934651311,0.2962962962962963,0.097467300001881
32,0.001,16,Sigmoid,500,0.2808779761904761,0.2197405934651311,0.2962962962962963,0.098503699991852
32,0.001,16,Sigmoid,1000,0.2808779761904761,0.2197405934651311,0.2962962962962963,0.10951889998978
32,0.001,16,GELU,50,0.2552083333333333,0.1188508461235734,0.2314814814814814,0.0766792999929748
32,0.001,16,GELU,100,0.2552083333333333,0.1188508461235734,0.2314814814814814,0.0875020999956177
32,0.001,16,GELU,300,0.2552083333333333,0.1188508461235734,0.2314814814814814,0.0882511000090744
32,0.001,16,GELU,500,0.2552083333333333,0.1188508461235734,0.2314814814814814,0.077629599996726
32,0.001,16,GELU,1000,0.2552083333333333,0.1188508461235734,0.2314814814814814,0.098107899990282
32,0.001,16,Softmax,50,0.2552083333333333,0.1188508461235734,0.2314814814814814,0.0876957000000402
32,0.001,16,Softmax,100,0.2552083333333333,0.1188508461235734,0.2314814814814814,0.0772796000092057
32,0.001,16,Softmax,300,0.2552083333333333,0.1188508461235734,0.2314814814814814,0.0770281000004615
32,0.001,16,Softmax,500,0.2552083333333333,0.1188508461235734,0.2314814814814814,0.0785026999947149
32,0.001,16,Softmax,1000,0.2552083333333333,0.1188508461235734,0.2314814814814814,0.0991919999942183
32,0.001,32,ReLU,50,0.25,0.0909090909090909,0.2222222222222222,0.0514821999968262
32,0.001,32,ReLU,100,0.25,0.0909090909090909,0.2222222222222222,0.0452159999986179
32,0.001,32,ReLU,300,0.25,0.0909090909090909,0.2222222222222222,0.0455852000013692
32,0.001,32,ReLU,500,0.25,0.0909090909090909,0.2222222222222222,0.0457833999971626
32,0.001,32,ReLU,1000,0.25,0.0909090909090909,0.2222222222222222,0.0477993999957107
32,0.001,32,Tanh,50,0.3009672619047619,0.2453474916615615,0.2962962962962963,0.0771185000048717
32,0.001,32,Tanh,100,0.3009672619047619,0.2453474916615615,0.2962962962962963,0.0763167999975849
32,0.001,32,Tanh,300,0.3009672619047619,0.2453474916615615,0.2962962962962963,0.0891675000020768
32,0.001,32,Tanh,500,0.3009672619047619,0.2453474916615615,0.2962962962962963,0.0795057000068482
32,0.001,32,Tanh,1000,0.3009672619047619,0.2453474916615615,0.2962962962962963,0.0897097999986726
32,0.001,32,Sigmoid,50,0.25,0.0909090909090909,0.2222222222222222,0.0467758000013418
32,0.001,32,Sigmoid,100,0.25,0.0909090909090909,0.2222222222222222,0.047861400002148
32,0.001,32,Sigmoid,300,0.25,0.0909090909090909,0.2222222222222222,0.0480068000033497
32,0.001,32,Sigmoid,500,0.25,0.0909090909090909,0.2222222222222222,0.0468758000060915
32,0.001,32,Sigmoid,1000,0.25,0.0909090909090909,0.2222222222222222,0.0466010999953141
32,0.001,32,GELU,50,0.25,0.0909090909090909,0.2222222222222222,0.0469471999967936
32,0.001,32,GELU,100,0.25,0.0909090909090909,0.2222222222222222,0.0461702999891713
32,0.001,32,GELU,300,0.25,0.0909090909090909,0.2222222222222222,0.0472726999869337
32,0.001,32,GELU,500,0.25,0.0909090909090909,0.2222222222222222,0.047055500006536
32,0.001,32,GELU,1000,0.25,0.0909090909090909,0.2222222222222222,0.0458569000038551
32,0.001,32,Softmax,50,0.25,0.0909090909090909,0.2222222222222222,0.0462531000084709
32,0.001,32,Softmax,100,0.25,0.0909090909090909,0.2222222222222222,0.0477068999898619
32,0.001,32,Softmax,300,0.25,0.0909090909090909,0.2222222222222222,0.0473005999956512
32,0.001,32,Softmax,500,0.25,0.0909090909090909,0.2222222222222222,0.0472799000126542
32,0.001,32,Softmax,1000,0.25,0.0909090909090909,0.2222222222222222,0.0464135999936843
32,0.001,64,ReLU,50,0.25,0.0909090909090909,0.2222222222222222,0.0466748000035295
32,0.001,64,ReLU,100,0.25,0.0909090909090909,0.2222222222222222,0.0362847999931545
32,0.001,64,ReLU,300,0.25,0.0909090909090909,0.2222222222222222,0.0357584000012138
32,0.001,64,ReLU,500,0.25,0.0909090909090909,0.2222222222222222,0.0360710000095423
32,0.001,64,ReLU,1000,0.25,0.0909090909090909,0.2222222222222222,0.0354385000100592
32,0.001,64,Tanh,50,0.283110119047619,0.2221870242777821,0.2777777777777778,0.0672103999968385
32,0.001,64,Tanh,100,0.283110119047619,0.2221870242777821,0.2777777777777778,0.0667242999916197
32,0.001,64,Tanh,300,0.283110119047619,0.2221870242777821,0.2777777777777778,0.0670320999925024
32,0.001,64,Tanh,500,0.283110119047619,0.2221870242777821,0.2777777777777778,0.0681131000019377
32,0.001,64,Tanh,1000,0.283110119047619,0.2221870242777821,0.2777777777777778,0.0576514999993378
32,0.001,64,Sigmoid,50,0.25,0.0909090909090909,0.2222222222222222,0.0360278000007383
32,0.001,64,Sigmoid,100,0.25,0.0909090909090909,0.2222222222222222,0.0457661999971605
32,0.001,64,Sigmoid,300,0.25,0.0909090909090909,0.2222222222222222,0.046303800001624
32,0.001,64,Sigmoid,500,0.25,0.0909090909090909,0.2222222222222222,0.0365649000013945
32,0.001,64,Sigmoid,1000,0.25,0.0909090909090909,0.2222222222222222,0.0475545999943278
32,0.001,64,GELU,50,0.25,0.0909090909090909,0.2222222222222222,0.0360862000088673
32,0.001,64,GELU,100,0.25,0.0909090909090909,0.2222222222222222,0.0474577999993925
32,0.001,64,GELU,300,0.25,0.0909090909090909,0.2222222222222222,0.045835500000976
32,0.001,64,GELU,500,0.25,0.0909090909090909,0.2222222222222222,0.0350779000000329
32,0.001,64,GELU,1000,0.25,0.0909090909090909,0.2222222222222222,0.0358459999988554
32,0.001,64,Softmax,50,0.25,0.0909090909090909,0.2222222222222222,0.0360808999976143
32,0.001,64,Softmax,100,0.25,0.0909090909090909,0.2222222222222222,0.0352889999921899
32,0.001,64,Softmax,300,0.25,0.0909090909090909,0.2222222222222222,0.0354845999972894
32,0.001,64,Softmax,500,0.25,0.0909090909090909,0.2222222222222222,0.0353976000042166
32,0.001,64,Softmax,1000,0.25,0.0909090909090909,0.2222222222222222,0.035762400002568
32,0.001,128,ReLU,50,0.25,0.0909090909090909,0.2222222222222222,0.0360999999975319
32,0.001,128,ReLU,100,0.25,0.0909090909090909,0.2222222222222222,0.0348765999951865
32,0.001,128,ReLU,300,0.25,0.0909090909090909,0.2222222222222222,0.0368551999999908
32,0.001,128,ReLU,500,0.25,0.0909090909090909,0.2222222222222222,0.0354904999985592
32,0.001,128,ReLU,1000,0.25,0.0909090909090909,0.2222222222222222,0.0357589000050211
32,0.001,128,Tanh,50,0.206845238095238,0.13501600160016,0.1944444444444444,0.0469665999989956
32,0.001,128,Tanh,100,0.206845238095238,0.13501600160016,0.1944444444444444,0.0454360000003362
32,0.001,128,Tanh,300,0.206845238095238,0.13501600160016,0.1944444444444444,0.0455272999970475
32,0.001,128,Tanh,500,0.206845238095238,0.13501600160016,0.1944444444444444,0.0571783000050345
32,0.001,128,Tanh,1000,0.206845238095238,0.13501600160016,0.1944444444444444,0.0568758000008529
32,0.001,128,Sigmoid,50,0.25,0.0909090909090909,0.2222222222222222,0.0341253999940818
32,0.001,128,Sigmoid,100,0.25,0.0909090909090909,0.2222222222222222,0.0350152999890269
32,0.001,128,Sigmoid,300,0.25,0.0909090909090909,0.2222222222222222,0.037321099996916
32,0.001,128,Sigmoid,500,0.25,0.0909090909090909,0.2222222222222222,0.0356689000036567
32,0.001,128,Sigmoid,1000,0.25,0.0909090909090909,0.2222222222222222,0.0369704999902751
32,0.001,128,GELU,50,0.25,0.0909090909090909,0.2222222222222222,0.0357872000022325
32,0.001,128,GELU,100,0.25,0.0909090909090909,0.2222222222222222,0.0373245000082533
32,0.001,128,GELU,300,0.25,0.0909090909090909,0.2222222222222222,0.0388507000025128
32,0.001,128,GELU,500,0.25,0.0909090909090909,0.2222222222222222,0.0371806000039214
32,0.001,128,GELU,1000,0.25,0.0909090909090909,0.2222222222222222,0.0364771000022301
32,0.001,128,Softmax,50,0.25,0.0909090909090909,0.2222222222222222,0.037218199999188
32,0.001,128,Softmax,100,0.25,0.0909090909090909,0.2222222222222222,0.0362739999982295
32,0.001,128,Softmax,300,0.25,0.0909090909090909,0.2222222222222222,0.0355908000055933
32,0.001,128,Softmax,500,0.25,0.0909090909090909,0.2222222222222222,0.0372716999991098
32,0.001,128,Softmax,1000,0.25,0.0909090909090909,0.2222222222222222,0.0363930000021355
32,0.0001,8,ReLU,50,0.25,0.0909090909090909,0.2222222222222222,0.089878899991163
32,0.0001,8,ReLU,100,0.25,0.0909090909090909,0.2222222222222222,0.0897903000004589
32,0.0001,8,ReLU,300,0.25,0.0909090909090909,0.2222222222222222,0.0896822000067913
32,0.0001,8,ReLU,500,0.25,0.0909090909090909,0.2222222222222222,0.0880010999972
32,0.0001,8,ReLU,1000,0.25,0.0909090909090909,0.2222222222222222,0.0780164000025251
32,0.0001,8,Tanh,50,0.1923363095238095,0.1239785743890989,0.1759259259259259,0.1093480999988969
32,0.0001,8,Tanh,100,0.1923363095238095,0.1239785743890989,0.1759259259259259,0.1188547000056132
32,0.0001,8,Tanh,300,0.1923363095238095,0.1239785743890989,0.1759259259259259,0.0996629000001121
32,0.0001,8,Tanh,500,0.1923363095238095,0.1239785743890989,0.1759259259259259,0.1089166000019759
32,0.0001,8,Tanh,1000,0.1923363095238095,0.1239785743890989,0.1759259259259259,0.1197051000053761
32,0.0001,8,Sigmoid,50,0.25,0.0909090909090909,0.2222222222222222,0.0868154999916441
32,0.0001,8,Sigmoid,100,0.25,0.0909090909090909,0.2222222222222222,0.0790343999979086
32,0.0001,8,Sigmoid,300,0.25,0.0909090909090909,0.2222222222222222,0.0891201000049477
32,0.0001,8,Sigmoid,500,0.25,0.0909090909090909,0.2222222222222222,0.0788586999988183
32,0.0001,8,Sigmoid,1000,0.25,0.0909090909090909,0.2222222222222222,0.0886612999893259
32,0.0001,8,GELU,50,0.25,0.0909090909090909,0.2222222222222222,0.0789604000019608
32,0.0001,8,GELU,100,0.25,0.0909090909090909,0.2222222222222222,0.1090605999925173
32,0.0001,8,GELU,300,0.25,0.0909090909090909,0.2222222222222222,0.0774487000016961
32,0.0001,8,GELU,500,0.25,0.0909090909090909,0.2222222222222222,0.0894985000049928
32,0.0001,8,GELU,1000,0.25,0.0909090909090909,0.2222222222222222,0.0881357999896863
32,0.0001,8,Softmax,50,0.25,0.0909090909090909,0.2222222222222222,0.0897087999910581
32,0.0001,8,Softmax,100,0.25,0.0909090909090909,0.2222222222222222,0.0894512999948347
32,0.0001,8,Softmax,300,0.25,0.0909090909090909,0.2222222222222222,0.0999360999994678
32,0.0001,8,Softmax,500,0.25,0.0909090909090909,0.2222222222222222,0.0895377999986521
32,0.0001,8,Softmax,1000,0.25,0.0909090909090909,0.2222222222222222,0.1006066999980248
32,0.0001,16,ReLU,50,0.25,0.0909090909090909,0.2222222222222222,0.0682669999951031
32,0.0001,16,ReLU,100,0.25,0.0909090909090909,0.2222222222222222,0.0585558999882778
32,0.0001,16,ReLU,300,0.25,0.0909090909090909,0.2222222222222222,0.0688001999951666
32,0.0001,16,ReLU,500,0.25,0.0909090909090909,0.2222222222222222,0.0628056999994441
32,0.0001,16,ReLU,1000,0.25,0.0909090909090909,0.2222222222222222,0.071664499992039
32,0.0001,16,Tanh,50,0.1830357142857142,0.1139080459770114,0.1666666666666666,0.0576558000029763
32,0.0001,16,Tanh,100,0.1830357142857142,0.1139080459770114,0.1666666666666666,0.0687387000070884
32,0.0001,16,Tanh,300,0.1830357142857142,0.1139080459770114,0.1666666666666666,0.0686310000019148
32,0.0001,16,Tanh,500,0.1830357142857142,0.1139080459770114,0.1666666666666666,0.0565920999943045
32,0.0001,16,Tanh,1000,0.1830357142857142,0.1139080459770114,0.1666666666666666,0.0687259999976959
32,0.0001,16,Sigmoid,50,0.25,0.0909090909090909,0.2222222222222222,0.0568004999950062
32,0.0001,16,Sigmoid,100,0.25,0.0909090909090909,0.2222222222222222,0.0565673999954015
32,0.0001,16,Sigmoid,300,0.25,0.0909090909090909,0.2222222222222222,0.0565483999962452
32,0.0001,16,Sigmoid,500,0.25,0.0909090909090909,0.2222222222222222,0.0581909000029554
32,0.0001,16,Sigmoid,1000,0.25,0.0909090909090909,0.2222222222222222,0.0579017999989446
32,0.0001,16,GELU,50,0.25,0.0909090909090909,0.2222222222222222,0.0569259000039892
32,0.0001,16,GELU,100,0.25,0.0909090909090909,0.2222222222222222,0.0566158000001451
32,0.0001,16,GELU,300,0.25,0.0909090909090909,0.2222222222222222,0.0676407999999355
32,0.0001,16,GELU,500,0.25,0.0909090909090909,0.2222222222222222,0.0573207999987062
32,0.0001,16,GELU,1000,0.25,0.0909090909090909,0.2222222222222222,0.0676966000028187
32,0.0001,16,Softmax,50,0.25,0.0909090909090909,0.2222222222222222,0.0571638999972492
32,0.0001,16,Softmax,100,0.25,0.0909090909090909,0.2222222222222222,0.0564177000051131
32,0.0001,16,Softmax,300,0.25,0.0909090909090909,0.2222222222222222,0.0562489000003552
32,0.0001,16,Softmax,500,0.25,0.0909090909090909,0.2222222222222222,0.0585642000078223
32,0.0001,16,Softmax,1000,0.25,0.0909090909090909,0.2222222222222222,0.0570876999991014
32,0.0001,32,ReLU,50,0.25,0.0909090909090909,0.2222222222222222,0.0461898000066867
32,0.0001,32,ReLU,100,0.25,0.0909090909090909,0.2222222222222222,0.045380000010482
32,0.0001,32,ReLU,300,0.25,0.0909090909090909,0.2222222222222222,0.0461585000011837
32,0.0001,32,ReLU,500,0.25,0.0909090909090909,0.2222222222222222,0.0479937000054633
32,0.0001,32,ReLU,1000,0.25,0.0909090909090909,0.2222222222222222,0.0457072999997762
32,0.0001,32,Tanh,50,0.1830357142857142,0.1139608363239194,0.1666666666666666,0.0456621000048471
32,0.0001,32,Tanh,100,0.1830357142857142,0.1139608363239194,0.1666666666666666,0.0473230000061448
32,0.0001,32,Tanh,300,0.1830357142857142,0.1139608363239194,0.1666666666666666,0.0474616999999852
32,0.0001,32,Tanh,500,0.1830357142857142,0.1139608363239194,0.1666666666666666,0.0463943000067956
32,0.0001,32,Tanh,1000,0.1830357142857142,0.1139608363239194,0.1666666666666666,0.0574340000021038
32,0.0001,32,Sigmoid,50,0.25,0.0909090909090909,0.2222222222222222,0.0474669999966863
32,0.0001,32,Sigmoid,100,0.25,0.0909090909090909,0.2222222222222222,0.0479486999975051
32,0.0001,32,Sigmoid,300,0.25,0.0909090909090909,0.2222222222222222,0.0456375000067055
32,0.0001,32,Sigmoid,500,0.25,0.0909090909090909,0.2222222222222222,0.0459345000126631
32,0.0001,32,Sigmoid,1000,0.25,0.0909090909090909,0.2222222222222222,0.0463272000051802
32,0.0001,32,GELU,50,0.25,0.0909090909090909,0.2222222222222222,0.0480918999965069
32,0.0001,32,GELU,100,0.25,0.0909090909090909,0.2222222222222222,0.0462656000017887
32,0.0001,32,GELU,300,0.25,0.0909090909090909,0.2222222222222222,0.0473301000020001
32,0.0001,32,GELU,500,0.25,0.0909090909090909,0.2222222222222222,0.0473116000066511
32,0.0001,32,GELU,1000,0.25,0.0909090909090909,0.2222222222222222,0.0454579000070225
32,0.0001,32,Softmax,50,0.25,0.0909090909090909,0.2222222222222222,0.0476781999896047
32,0.0001,32,Softmax,100,0.25,0.0909090909090909,0.2222222222222222,0.0464772999985143
32,0.0001,32,Softmax,300,0.25,0.0909090909090909,0.2222222222222222,0.0459499999997206
32,0.0001,32,Softmax,500,0.25,0.0909090909090909,0.2222222222222222,0.0449990999914007
32,0.0001,32,Softmax,1000,0.25,0.0909090909090909,0.2222222222222222,0.046251799998572
32,0.0001,64,ReLU,50,0.25,0.0909090909090909,0.2222222222222222,0.0456562000035773
32,0.0001,64,ReLU,100,0.25,0.0909090909090909,0.2222222222222222,0.0367914999951608
32,0.0001,64,ReLU,300,0.25,0.0909090909090909,0.2222222222222222,0.0466269000025931
32,0.0001,64,ReLU,500,0.25,0.0909090909090909,0.2222222222222222,0.0361720999935641
32,0.0001,64,ReLU,1000,0.25,0.0909090909090909,0.2222222222222222,0.0460374999966006
32,0.0001,64,Tanh,50,0.1830357142857142,0.1140486982050423,0.1666666666666666,0.0448318999988259
32,0.0001,64,Tanh,100,0.1830357142857142,0.1140486982050423,0.1666666666666666,0.0452919999952428
32,0.0001,64,Tanh,300,0.1830357142857142,0.1140486982050423,0.1666666666666666,0.0454056000016862
32,0.0001,64,Tanh,500,0.1830357142857142,0.1140486982050423,0.1666666666666666,0.0453720999939832
32,0.0001,64,Tanh,1000,0.1830357142857142,0.1140486982050423,0.1666666666666666,0.0461222000012639
32,0.0001,64,Sigmoid,50,0.25,0.0909090909090909,0.2222222222222222,0.0454945999954361
32,0.0001,64,Sigmoid,100,0.25,0.0909090909090909,0.2222222222222222,0.0464742999902227
32,0.0001,64,Sigmoid,300,0.25,0.0909090909090909,0.2222222222222222,0.0483665000065229
32,0.0001,64,Sigmoid,500,0.25,0.0909090909090909,0.2222222222222222,0.0456031999929109
32,0.0001,64,Sigmoid,1000,0.25,0.0909090909090909,0.2222222222222222,0.0474319999921135
32,0.0001,64,GELU,50,0.25,0.0909090909090909,0.2222222222222222,0.0467109999881358
32,0.0001,64,GELU,100,0.25,0.0909090909090909,0.2222222222222222,0.0363092000043252
32,0.0001,64,GELU,300,0.25,0.0909090909090909,0.2222222222222222,0.0462423000135459
32,0.0001,64,GELU,500,0.25,0.0909090909090909,0.2222222222222222,0.0350272000068798
32,0.0001,64,GELU,1000,0.25,0.0909090909090909,0.2222222222222222,0.0454248999885749
32,0.0001,64,Softmax,50,0.25,0.0909090909090909,0.2222222222222222,0.0451470999978482
32,0.0001,64,Softmax,100,0.25,0.0909090909090909,0.2222222222222222,0.0363422000082209
32,0.0001,64,Softmax,300,0.25,0.0909090909090909,0.2222222222222222,0.0363365999946836
32,0.0001,64,Softmax,500,0.25,0.0909090909090909,0.2222222222222222,0.0365385000040987
32,0.0001,64,Softmax,1000,0.25,0.0909090909090909,0.2222222222222222,0.0361133000114932
32,0.0001,128,ReLU,50,0.25,0.0909090909090909,0.2222222222222222,0.0355518999858759
32,0.0001,128,ReLU,100,0.25,0.0909090909090909,0.2222222222222222,0.0349129000096581
32,0.0001,128,ReLU,300,0.25,0.0909090909090909,0.2222222222222222,0.0362598999927286
32,0.0001,128,ReLU,500,0.25,0.0909090909090909,0.2222222222222222,0.0357978999963961
32,0.0001,128,ReLU,1000,0.25,0.0909090909090909,0.2222222222222222,0.0354392000008374
32,0.0001,128,Tanh,50,0.1830357142857142,0.1140486982050423,0.1666666666666666,0.0362122999940766
32,0.0001,128,Tanh,100,0.1830357142857142,0.1140486982050423,0.1666666666666666,0.0358894999953918
32,0.0001,128,Tanh,300,0.1830357142857142,0.1140486982050423,0.1666666666666666,0.0347620999964419
32,0.0001,128,Tanh,500,0.1830357142857142,0.1140486982050423,0.1666666666666666,0.0357838999916566
32,0.0001,128,Tanh,1000,0.1830357142857142,0.1140486982050423,0.1666666666666666,0.0351456999924266
32,0.0001,128,Sigmoid,50,0.25,0.0909090909090909,0.2222222222222222,0.0355755000055069
32,0.0001,128,Sigmoid,100,0.25,0.0909090909090909,0.2222222222222222,0.034733699998469
32,0.0001,128,Sigmoid,300,0.25,0.0909090909090909,0.2222222222222222,0.0348866999993333
32,0.0001,128,Sigmoid,500,0.25,0.0909090909090909,0.2222222222222222,0.0353046999953221
32,0.0001,128,Sigmoid,1000,0.25,0.0909090909090909,0.2222222222222222,0.0370331000012811
32,0.0001,128,GELU,50,0.25,0.0909090909090909,0.2222222222222222,0.0354642000020248
32,0.0001,128,GELU,100,0.25,0.0909090909090909,0.2222222222222222,0.0355147999944165
32,0.0001,128,GELU,300,0.25,0.0909090909090909,0.2222222222222222,0.0351631000085035
32,0.0001,128,GELU,500,0.25,0.0909090909090909,0.2222222222222222,0.0349964000051841
32,0.0001,128,GELU,1000,0.25,0.0909090909090909,0.2222222222222222,0.0363593999936711
32,0.0001,128,Softmax,50,0.25,0.0909090909090909,0.2222222222222222,0.0358781999966595
32,0.0001,128,Softmax,100,0.25,0.0909090909090909,0.2222222222222222,0.0356489999976474
32,0.0001,128,Softmax,300,0.25,0.0909090909090909,0.2222222222222222,0.0362140999932307
32,0.0001,128,Softmax,500,0.25,0.0909090909090909,0.2222222222222222,0.035376300002099
32,0.0001,128,Softmax,1000,0.25,0.0909090909090909,0.2222222222222222,0.0347637999948347
32,0.00025,8,ReLU,50,0.25,0.0909090909090909,0.2222222222222222,0.0992621000041253
32,0.00025,8,ReLU,100,0.25,0.0909090909090909,0.2222222222222222,0.0899366000085137
32,0.00025,8,ReLU,300,0.25,0.0909090909090909,0.2222222222222222,0.090010700005223
32,0.00025,8,ReLU,500,0.25,0.0909090909090909,0.2222222222222222,0.0891686000104527
32,0.00025,8,ReLU,1000,0.25,0.0909090909090909,0.2222222222222222,0.0902121999970404
32,0.00025,8,Tanh,50,0.2261904761904762,0.153030303030303,0.2129629629629629,0.1427327999990666
32,0.00025,8,Tanh,100,0.2261904761904762,0.153030303030303,0.2129629629629629,0.1313240000017685
32,0.00025,8,Tanh,300,0.2261904761904762,0.153030303030303,0.2129629629629629,0.1494875999924261
32,0.00025,8,Tanh,500,0.2261904761904762,0.153030303030303,0.2129629629629629,0.1513650999986566
32,0.00025,8,Tanh,1000,0.2261904761904762,0.153030303030303,0.2129629629629629,0.129209599996102
32,0.00025,8,Sigmoid,50,0.25,0.0909090909090909,0.2222222222222222,0.0767415999871445
32,0.00025,8,Sigmoid,100,0.25,0.0909090909090909,0.2222222222222222,0.0775174000009428
32,0.00025,8,Sigmoid,300,0.25,0.0909090909090909,0.2222222222222222,0.0675411999982316
32,0.00025,8,Sigmoid,500,0.25,0.0909090909090909,0.2222222222222222,0.088997200000449
32,0.00025,8,Sigmoid,1000,0.25,0.0909090909090909,0.2222222222222222,0.0876572999986819
32,0.00025,8,GELU,50,0.25,0.0909090909090909,0.2222222222222222,0.0781201000063447
32,0.00025,8,GELU,100,0.25,0.0909090909090909,0.2222222222222222,0.0780748999968636
32,0.00025,8,GELU,300,0.25,0.0909090909090909,0.2222222222222222,0.0783594999957131
32,0.00025,8,GELU,500,0.25,0.0909090909090909,0.2222222222222222,0.0890541999979177
32,0.00025,8,GELU,1000,0.25,0.0909090909090909,0.2222222222222222,0.0885453999944729
32,0.00025,8,Softmax,50,0.25,0.0909090909090909,0.2222222222222222,0.0891846000013174
32,0.00025,8,Softmax,100,0.25,0.0909090909090909,0.2222222222222222,0.0875148000050103
32,0.00025,8,Softmax,300,0.25,0.0909090909090909,0.2222222222222222,0.0880690999911166
32,0.00025,8,Softmax,500,0.25,0.0909090909090909,0.2222222222222222,0.0785578999930294
32,0.00025,8,Softmax,1000,0.25,0.0909090909090909,0.2222222222222222,0.0780165000032866
32,0.00025,16,ReLU,50,0.25,0.0909090909090909,0.2222222222222222,0.0564676999929361
32,0.00025,16,ReLU,100,0.25,0.0909090909090909,0.2222222222222222,0.068173800013028
32,0.00025,16,ReLU,300,0.25,0.0909090909090909,0.2222222222222222,0.0574839000037172
32,0.00025,16,ReLU,500,0.25,0.0909090909090909,0.2222222222222222,0.0569914000079734
32,0.00025,16,ReLU,1000,0.25,0.0909090909090909,0.2222222222222222,0.0576601999928243
32,0.00025,16,Tanh,50,0.206845238095238,0.1358094377963422,0.1944444444444444,0.1205101999948965
32,0.00025,16,Tanh,100,0.206845238095238,0.1358094377963422,0.1944444444444444,0.1073384000046644
32,0.00025,16,Tanh,300,0.206845238095238,0.1358094377963422,0.1944444444444444,0.0876879999996163
32,0.00025,16,Tanh,500,0.206845238095238,0.1358094377963422,0.1944444444444444,0.1070449999970151
32,0.00025,16,Tanh,1000,0.206845238095238,0.1358094377963422,0.1944444444444444,0.1079068000108236
32,0.00025,16,Sigmoid,50,0.25,0.0909090909090909,0.2222222222222222,0.0556941000104416
32,0.00025,16,Sigmoid,100,0.25,0.0909090909090909,0.2222222222222222,0.0562684000033186
32,0.00025,16,Sigmoid,300,0.25,0.0909090909090909,0.2222222222222222,0.0583999999944353
32,0.00025,16,Sigmoid,500,0.25,0.0909090909090909,0.2222222222222222,0.0578877000079955
32,0.00025,16,Sigmoid,1000,0.25,0.0909090909090909,0.2222222222222222,0.0570365000021411
32,0.00025,16,GELU,50,0.25,0.0909090909090909,0.2222222222222222,0.0586796999996295
32,0.00025,16,GELU,100,0.25,0.0909090909090909,0.2222222222222222,0.0573607999976957
32,0.00025,16,GELU,300,0.25,0.0909090909090909,0.2222222222222222,0.0570104000071296
32,0.00025,16,GELU,500,0.25,0.0909090909090909,0.2222222222222222,0.0573736999940592
32,0.00025,16,GELU,1000,0.25,0.0909090909090909,0.2222222222222222,0.0573379999987082
32,0.00025,16,Softmax,50,0.25,0.0909090909090909,0.2222222222222222,0.0575405999989016
32,0.00025,16,Softmax,100,0.25,0.0909090909090909,0.2222222222222222,0.0570945999934338
32,0.00025,16,Softmax,300,0.25,0.0909090909090909,0.2222222222222222,0.0562760000029811
32,0.00025,16,Softmax,500,0.25,0.0909090909090909,0.2222222222222222,0.0574684000021079
32,0.00025,16,Softmax,1000,0.25,0.0909090909090909,0.2222222222222222,0.0673377000057371
32,0.00025,32,ReLU,50,0.25,0.0909090909090909,0.2222222222222222,0.0463672000041697
32,0.00025,32,ReLU,100,0.25,0.0909090909090909,0.2222222222222222,0.0473961000097915
32,0.00025,32,ReLU,300,0.25,0.0909090909090909,0.2222222222222222,0.047179800007143
32,0.00025,32,ReLU,500,0.25,0.0909090909090909,0.2222222222222222,0.0471773999888682
32,0.00025,32,ReLU,1000,0.25,0.0909090909090909,0.2222222222222222,0.0457886999938637
32,0.00025,32,Tanh,50,0.1923363095238095,0.124451198919284,0.1759259259259259,0.0666618999966885
32,0.00025,32,Tanh,100,0.1923363095238095,0.124451198919284,0.1759259259259259,0.0663380999903893
32,0.00025,32,Tanh,300,0.1923363095238095,0.124451198919284,0.1759259259259259,0.0685150999925099
32,0.00025,32,Tanh,500,0.1923363095238095,0.124451198919284,0.1759259259259259,0.0777259000024059
32,0.00025,32,Tanh,1000,0.1923363095238095,0.124451198919284,0.1759259259259259,0.0665914999990491
32,0.00025,32,Sigmoid,50,0.25,0.0909090909090909,0.2222222222222222,0.0470520000089891
32,0.00025,32,Sigmoid,100,0.25,0.0909090909090909,0.2222222222222222,0.0456300000078044
32,0.00025,32,Sigmoid,300,0.25,0.0909090909090909,0.2222222222222222,0.0469320000120205
32,0.00025,32,Sigmoid,500,0.25,0.0909090909090909,0.2222222222222222,0.0466898999875411
32,0.00025,32,Sigmoid,1000,0.25,0.0909090909090909,0.2222222222222222,0.047237299993867
32,0.00025,32,GELU,50,0.25,0.0909090909090909,0.2222222222222222,0.0461353999999119
32,0.00025,32,GELU,100,0.25,0.0909090909090909,0.2222222222222222,0.0454908999963663
32,0.00025,32,GELU,300,0.25,0.0909090909090909,0.2222222222222222,0.0456415999942692
32,0.00025,32,GELU,500,0.25,0.0909090909090909,0.2222222222222222,0.0468347999994875
32,0.00025,32,GELU,1000,0.25,0.0909090909090909,0.2222222222222222,0.0482101000088732
32,0.00025,32,Softmax,50,0.25,0.0909090909090909,0.2222222222222222,0.0454315000097267
32,0.00025,32,Softmax,100,0.25,0.0909090909090909,0.2222222222222222,0.0466135000024223
32,0.00025,32,Softmax,300,0.25,0.0909090909090909,0.2222222222222222,0.0583903999940957
32,0.00025,32,Softmax,500,0.25,0.0909090909090909,0.2222222222222222,0.0496321999962674
32,0.00025,32,Softmax,1000,0.25,0.0909090909090909,0.2222222222222222,0.0585752000042703
32,0.00025,64,ReLU,50,0.25,0.0909090909090909,0.2222222222222222,0.046583900009864
32,0.00025,64,ReLU,100,0.25,0.0909090909090909,0.2222222222222222,0.0470449999993434
32,0.00025,64,ReLU,300,0.25,0.0909090909090909,0.2222222222222222,0.0479279999999562
32,0.00025,64,ReLU,500,0.25,0.0909090909090909,0.2222222222222222,0.0476013000006787
32,0.00025,64,ReLU,1000,0.25,0.0909090909090909,0.2222222222222222,0.0460145999968517
32,0.00025,64,Tanh,50,0.2012648809523809,0.1346748911766297,0.1851851851851851,0.0469639000075403
32,0.00025,64,Tanh,100,0.2012648809523809,0.1346748911766297,0.1851851851851851,0.0573497000004863
32,0.00025,64,Tanh,300,0.2012648809523809,0.1346748911766297,0.1851851851851851,0.0469487000082153
32,0.00025,64,Tanh,500,0.2012648809523809,0.1346748911766297,0.1851851851851851,0.0452825000102166
32,0.00025,64,Tanh,1000,0.2012648809523809,0.1346748911766297,0.1851851851851851,0.0579068999941227
32,0.00025,64,Sigmoid,50,0.25,0.0909090909090909,0.2222222222222222,0.0454824999906122
32,0.00025,64,Sigmoid,100,0.25,0.0909090909090909,0.2222222222222222,0.0459834999928716
32,0.00025,64,Sigmoid,300,0.25,0.0909090909090909,0.2222222222222222,0.0472545999946305
32,0.00025,64,Sigmoid,500,0.25,0.0909090909090909,0.2222222222222222,0.0359175000048708
32,0.00025,64,Sigmoid,1000,0.25,0.0909090909090909,0.2222222222222222,0.0461481000093044
32,0.00025,64,GELU,50,0.25,0.0909090909090909,0.2222222222222222,0.0450640999915776
32,0.00025,64,GELU,100,0.25,0.0909090909090909,0.2222222222222222,0.0468372000032104
32,0.00025,64,GELU,300,0.25,0.0909090909090909,0.2222222222222222,0.0468191999971168
32,0.00025,64,GELU,500,0.25,0.0909090909090909,0.2222222222222222,0.0643659000052139
32,0.00025,64,GELU,1000,0.25,0.0909090909090909,0.2222222222222222,0.0372078000073088
32,0.00025,64,Softmax,50,0.25,0.0909090909090909,0.2222222222222222,0.0472961000050418
32,0.00025,64,Softmax,100,0.25,0.0909090909090909,0.2222222222222222,0.0467684000032022
32,0.00025,64,Softmax,300,0.25,0.0909090909090909,0.2222222222222222,0.0365316999959759
32,0.00025,64,Softmax,500,0.25,0.0909090909090909,0.2222222222222222,0.0367696000030264
32,0.00025,64,Softmax,1000,0.25,0.0909090909090909,0.2222222222222222,0.0461918000073637
32,0.00025,128,ReLU,50,0.25,0.0909090909090909,0.2222222222222222,0.0348935999936657
32,0.00025,128,ReLU,100,0.25,0.0909090909090909,0.2222222222222222,0.0352697999915108
32,0.00025,128,ReLU,300,0.25,0.0909090909090909,0.2222222222222222,0.0359871999971801
32,0.00025,128,ReLU,500,0.25,0.0909090909090909,0.2222222222222222,0.0356669000029796
32,0.00025,128,ReLU,1000,0.25,0.0909090909090909,0.2222222222222222,0.0365363000018987
32,0.00025,128,Tanh,50,0.1830357142857142,0.1140486982050423,0.1666666666666666,0.0355661000066902
32,0.00025,128,Tanh,100,0.1830357142857142,0.1140486982050423,0.1666666666666666,0.0350605999992694
32,0.00025,128,Tanh,300,0.1830357142857142,0.1140486982050423,0.1666666666666666,0.0357421000080648
32,0.00025,128,Tanh,500,0.1830357142857142,0.1140486982050423,0.1666666666666666,0.0369834000011906
32,0.00025,128,Tanh,1000,0.1830357142857142,0.1140486982050423,0.1666666666666666,0.0354187999910209
32,0.00025,128,Sigmoid,50,0.25,0.0909090909090909,0.2222222222222222,0.0354867999994894
32,0.00025,128,Sigmoid,100,0.25,0.0909090909090909,0.2222222222222222,0.0369938000076217
32,0.00025,128,Sigmoid,300,0.25,0.0909090909090909,0.2222222222222222,0.0363699000008637
32,0.00025,128,Sigmoid,500,0.25,0.0909090909090909,0.2222222222222222,0.0354249000083655
32,0.00025,128,Sigmoid,1000,0.25,0.0909090909090909,0.2222222222222222,0.0364987000066321
32,0.00025,128,GELU,50,0.25,0.0909090909090909,0.2222222222222222,0.0364355000056093
32,0.00025,128,GELU,100,0.25,0.0909090909090909,0.2222222222222222,0.0361680000060005
32,0.00025,128,GELU,300,0.25,0.0909090909090909,0.2222222222222222,0.0364521000010427
32,0.00025,128,GELU,500,0.25,0.0909090909090909,0.2222222222222222,0.0365387000056216
32,0.00025,128,GELU,1000,0.25,0.0909090909090909,0.2222222222222222,0.0357080999965546
32,0.00025,128,Softmax,50,0.25,0.0909090909090909,0.2222222222222222,0.0354256999999051
32,0.00025,128,Softmax,100,0.25,0.0909090909090909,0.2222222222222222,0.0363937999936752
32,0.00025,128,Softmax,300,0.25,0.0909090909090909,0.2222222222222222,0.0369159999972907
32,0.00025,128,Softmax,500,0.25,0.0909090909090909,0.2222222222222222,0.0363599000120302
32,0.00025,128,Softmax,1000,0.25,0.0909090909090909,0.2222222222222222,0.0373720000061439
64,0.01,8,ReLU,50,0.2976190476190476,0.2824297324297324,0.3055555555555556,0.1199100999947404
64,0.01,8,ReLU,100,0.2976190476190476,0.2824297324297324,0.3055555555555556,0.1203284000075655
64,0.01,8,ReLU,300,0.2976190476190476,0.2824297324297324,0.3055555555555556,0.1312373999971896
64,0.01,8,ReLU,500,0.2976190476190476,0.2824297324297324,0.3055555555555556,0.0983010000054491
64,0.01,8,ReLU,1000,0.2976190476190476,0.2824297324297324,0.3055555555555556,0.1099923000001581
64,0.01,8,Tanh,50,0.3154761904761904,0.2894578099496132,0.3148148148148148,0.1214707000035559
64,0.01,8,Tanh,100,0.3154761904761904,0.2894578099496132,0.3148148148148148,0.110374399999273
64,0.01,8,Tanh,300,0.3154761904761904,0.2894578099496132,0.3148148148148148,0.1091416999988723
64,0.01,8,Tanh,500,0.3154761904761904,0.2894578099496132,0.3148148148148148,0.1206324999948265
64,0.01,8,Tanh,1000,0.3154761904761904,0.2894578099496132,0.3148148148148148,0.1315765000035753
64,0.01,8,Sigmoid,50,0.3270089285714286,0.3000861566530674,0.3333333333333333,0.11904130000039
64,0.01,8,Sigmoid,100,0.3270089285714286,0.3000861566530674,0.3333333333333333,0.1289113999955589
64,0.01,8,Sigmoid,300,0.3270089285714286,0.3000861566530674,0.3333333333333333,0.1417756000009831
64,0.01,8,Sigmoid,500,0.3270089285714286,0.3000861566530674,0.3333333333333333,0.1315178999939235
64,0.01,8,Sigmoid,1000,0.3270089285714286,0.3000861566530674,0.3333333333333333,0.1208901999925728
64,0.01,8,GELU,50,0.2976190476190476,0.2824297324297324,0.3055555555555556,0.1097622999950544
64,0.01,8,GELU,100,0.2976190476190476,0.2824297324297324,0.3055555555555556,0.1136092000087956
64,0.01,8,GELU,300,0.2976190476190476,0.2824297324297324,0.3055555555555556,0.1094893999979831
64,0.01,8,GELU,500,0.2976190476190476,0.2824297324297324,0.3055555555555556,0.1199489999999059
64,0.01,8,GELU,1000,0.2976190476190476,0.2824297324297324,0.3055555555555556,0.1312622999976156
64,0.01,8,Softmax,50,0.2976190476190476,0.2824297324297324,0.3055555555555556,0.0982011000014608
64,0.01,8,Softmax,100,0.2976190476190476,0.2824297324297324,0.3055555555555556,0.1118937999999616
64,0.01,8,Softmax,300,0.2976190476190476,0.2824297324297324,0.3055555555555556,0.1199527999997371
64,0.01,8,Softmax,500,0.2976190476190476,0.2824297324297324,0.3055555555555556,0.1310188000061316
64,0.01,8,Softmax,1000,0.2976190476190476,0.2824297324297324,0.3055555555555556,0.1204113000130746
64,0.01,16,ReLU,50,0.2868303571428571,0.2761230198294007,0.2962962962962963,0.0898256000073161
64,0.01,16,ReLU,100,0.2868303571428571,0.2761230198294007,0.2962962962962963,0.0786438000068301
64,0.01,16,ReLU,300,0.2868303571428571,0.2761230198294007,0.2962962962962963,0.0777959999977611
64,0.01,16,ReLU,500,0.2868303571428571,0.2761230198294007,0.2962962962962963,0.0694196999975247
64,0.01,16,ReLU,1000,0.2868303571428571,0.2761230198294007,0.2962962962962963,0.0787680000066757
64,0.01,16,Tanh,50,0.3645833333333333,0.3400274770303159,0.3703703703703703,0.0902948999864747
64,0.01,16,Tanh,100,0.3645833333333333,0.3400274770303159,0.3703703703703703,0.0872734000004129
64,0.01,16,Tanh,300,0.3645833333333333,0.3400274770303159,0.3703703703703703,0.0769926999928429
64,0.01,16,Tanh,500,0.3645833333333333,0.3400274770303159,0.3703703703703703,0.0792938999948091
64,0.01,16,Tanh,1000,0.3645833333333333,0.3400274770303159,0.3703703703703703,0.0777267000084975
64,0.01,16,Sigmoid,50,0.2860863095238095,0.2653212944384421,0.3055555555555556,0.0769762999989325
64,0.01,16,Sigmoid,100,0.2860863095238095,0.2653212944384421,0.3055555555555556,0.0772818999976152
64,0.01,16,Sigmoid,300,0.2860863095238095,0.2653212944384421,0.3055555555555556,0.0898451999964891
64,0.01,16,Sigmoid,500,0.2860863095238095,0.2653212944384421,0.3055555555555556,0.0773111000016797
64,0.01,16,Sigmoid,1000,0.2860863095238095,0.2653212944384421,0.3055555555555556,0.0687295999960042
64,0.01,16,GELU,50,0.2868303571428571,0.2761230198294007,0.2962962962962963,0.0779821000032825
64,0.01,16,GELU,100,0.2868303571428571,0.2761230198294007,0.2962962962962963,0.0685177000123076
64,0.01,16,GELU,300,0.2868303571428571,0.2761230198294007,0.2962962962962963,0.0781879999994998
64,0.01,16,GELU,500,0.2868303571428571,0.2761230198294007,0.2962962962962963,0.0690749999921536
64,0.01,16,GELU,1000,0.2868303571428571,0.2761230198294007,0.2962962962962963,0.0675994000048376
64,0.01,16,Softmax,50,0.2868303571428571,0.2761230198294007,0.2962962962962963,0.0765875999932177
64,0.01,16,Softmax,100,0.2868303571428571,0.2761230198294007,0.2962962962962963,0.0774677000008523
64,0.01,16,Softmax,300,0.2868303571428571,0.2761230198294007,0.2962962962962963,0.0682743999932427
64,0.01,16,Softmax,500,0.2868303571428571,0.2761230198294007,0.2962962962962963,0.0688592999940738
64,0.01,16,Softmax,1000,0.2868303571428571,0.2761230198294007,0.2962962962962963,0.0793000999983633
64,0.01,32,ReLU,50,0.2447916666666666,0.2436693741041567,0.2407407407407407,0.0566932000074302
64,0.01,32,ReLU,100,0.2447916666666666,0.2436693741041567,0.2407407407407407,0.0574208000034559
64,0.01,32,ReLU,300,0.2447916666666666,0.2436693741041567,0.2407407407407407,0.0577396000007865
64,0.01,32,ReLU,500,0.2447916666666666,0.2436693741041567,0.2407407407407407,0.0678721000003861
64,0.01,32,ReLU,1000,0.2447916666666666,0.2436693741041567,0.2407407407407407,0.0574597000086214
64,0.01,32,Tanh,50,0.3024553571428571,0.2707035022956112,0.3055555555555556,0.057051700001466
64,0.01,32,Tanh,100,0.3024553571428571,0.2707035022956112,0.3055555555555556,0.065994500007946
64,0.01,32,Tanh,300,0.3024553571428571,0.2707035022956112,0.3055555555555556,0.0464666000043507
64,0.01,32,Tanh,500,0.3024553571428571,0.2707035022956112,0.3055555555555556,0.057383799998206
64,0.01,32,Tanh,1000,0.3024553571428571,0.2707035022956112,0.3055555555555556,0.0670580000005429
64,0.01,32,Sigmoid,50,0.2358630952380952,0.2095349724690617,0.25,0.0567049999954178
64,0.01,32,Sigmoid,100,0.2358630952380952,0.2095349724690617,0.25,0.0769386000029044
64,0.01,32,Sigmoid,300,0.2358630952380952,0.2095349724690617,0.25,0.0573667999997269
64,0.01,32,Sigmoid,500,0.2358630952380952,0.2095349724690617,0.25,0.0566247999959159
64,0.01,32,Sigmoid,1000,0.2358630952380952,0.2095349724690617,0.25,0.0674129000108223
64,0.01,32,GELU,50,0.2447916666666666,0.2436693741041567,0.2407407407407407,0.0571316999994451
64,0.01,32,GELU,100,0.2447916666666666,0.2436693741041567,0.2407407407407407,0.0572509000048739
64,0.01,32,GELU,300,0.2447916666666666,0.2436693741041567,0.2407407407407407,0.0566782999958377
64,0.01,32,GELU,500,0.2447916666666666,0.2436693741041567,0.2407407407407407,0.0570738999958848
64,0.01,32,GELU,1000,0.2447916666666666,0.2436693741041567,0.2407407407407407,0.0557201000046916
64,0.01,32,Softmax,50,0.2447916666666666,0.2436693741041567,0.2407407407407407,0.0676000999956158
64,0.01,32,Softmax,100,0.2447916666666666,0.2436693741041567,0.2407407407407407,0.0681656000087969
64,0.01,32,Softmax,300,0.2447916666666666,0.2436693741041567,0.2407407407407407,0.0572853999910876
64,0.01,32,Softmax,500,0.2447916666666666,0.2436693741041567,0.2407407407407407,0.0671830000064801
64,0.01,32,Softmax,1000,0.2447916666666666,0.2436693741041567,0.2407407407407407,0.0565385999943828
64,0.01,64,ReLU,50,0.2782738095238095,0.2688757600451326,0.2777777777777778,0.056713199999649
64,0.01,64,ReLU,100,0.2782738095238095,0.2688757600451326,0.2777777777777778,0.0467592000059085
64,0.01,64,ReLU,300,0.2782738095238095,0.2688757600451326,0.2777777777777778,0.0472019000008003
64,0.01,64,ReLU,500,0.2782738095238095,0.2688757600451326,0.2777777777777778,0.0558343000011518
64,0.01,64,ReLU,1000,0.2782738095238095,0.2688757600451326,0.2777777777777778,0.0474013999919407
64,0.01,64,Tanh,50,0.255952380952381,0.2330198537095089,0.2592592592592592,0.0557720999931916
64,0.01,64,Tanh,100,0.255952380952381,0.2330198537095089,0.2592592592592592,0.0578544000018155
64,0.01,64,Tanh,300,0.255952380952381,0.2330198537095089,0.2592592592592592,0.0471599000011337
64,0.01,64,Tanh,500,0.255952380952381,0.2330198537095089,0.2592592592592592,0.0583794999984093
64,0.01,64,Tanh,1000,0.255952380952381,0.2330198537095089,0.2592592592592592,0.0476019999914569
64,0.01,64,Sigmoid,50,0.2682291666666666,0.2341911764705882,0.287037037037037,0.0672230000054696
64,0.01,64,Sigmoid,100,0.2682291666666666,0.2341911764705882,0.287037037037037,0.0777596999978413
64,0.01,64,Sigmoid,300,0.2682291666666666,0.2341911764705882,0.287037037037037,0.0679818000062368
64,0.01,64,Sigmoid,500,0.2682291666666666,0.2341911764705882,0.287037037037037,0.0573141999921062
64,0.01,64,Sigmoid,1000,0.2682291666666666,0.2341911764705882,0.287037037037037,0.0682047000009333
64,0.01,64,GELU,50,0.2782738095238095,0.2688757600451326,0.2777777777777778,0.0568983999983174
64,0.01,64,GELU,100,0.2782738095238095,0.2688757600451326,0.2777777777777778,0.047101999996812
64,0.01,64,GELU,300,0.2782738095238095,0.2688757600451326,0.2777777777777778,0.0458551000047009
64,0.01,64,GELU,500,0.2782738095238095,0.2688757600451326,0.2777777777777778,0.0468273000005865
64,0.01,64,GELU,1000,0.2782738095238095,0.2688757600451326,0.2777777777777778,0.0568297999998321
64,0.01,64,Softmax,50,0.2782738095238095,0.2688757600451326,0.2777777777777778,0.0472052999975858
64,0.01,64,Softmax,100,0.2782738095238095,0.2688757600451326,0.2777777777777778,0.0562298000004375
64,0.01,64,Softmax,300,0.2782738095238095,0.2688757600451326,0.2777777777777778,0.0466018000006442
64,0.01,64,Softmax,500,0.2782738095238095,0.2688757600451326,0.2777777777777778,0.0564782000001287
64,0.01,64,Softmax,1000,0.2782738095238095,0.2688757600451326,0.2777777777777778,0.0474609999946551
64,0.01,128,ReLU,50,0.2942708333333333,0.2813593203398301,0.287037037037037,0.0455902999965474
64,0.01,128,ReLU,100,0.2942708333333333,0.2813593203398301,0.287037037037037,0.0462359000084688
64,0.01,128,ReLU,300,0.2942708333333333,0.2813593203398301,0.287037037037037,0.0464827000105287
64,0.01,128,ReLU,500,0.2942708333333333,0.2813593203398301,0.287037037037037,0.0480385999981081
64,0.01,128,ReLU,1000,0.2942708333333333,0.2813593203398301,0.287037037037037,0.0464962999976705
64,0.01,128,Tanh,50,0.34375,0.3081568761384335,0.3425925925925926,0.0473772999976063
64,0.01,128,Tanh,100,0.34375,0.3081568761384335,0.3425925925925926,0.0487600000051315
64,0.01,128,Tanh,300,0.34375,0.3081568761384335,0.3425925925925926,0.0367018999968422
64,0.01,128,Tanh,500,0.34375,0.3081568761384335,0.3425925925925926,0.0477314000017941
64,0.01,128,Tanh,1000,0.34375,0.3081568761384335,0.3425925925925926,0.0471415999927558
64,0.01,128,Sigmoid,50,0.228422619047619,0.1884243938677652,0.25,0.0566552000091178
64,0.01,128,Sigmoid,100,0.228422619047619,0.1884243938677652,0.25,0.0580694999953266
64,0.01,128,Sigmoid,300,0.228422619047619,0.1884243938677652,0.25,0.0563056999963009
64,0.01,128,Sigmoid,500,0.228422619047619,0.1884243938677652,0.25,0.047556200006511
64,0.01,128,Sigmoid,1000,0.228422619047619,0.1884243938677652,0.25,0.0570944000064628
64,0.01,128,GELU,50,0.2942708333333333,0.2813593203398301,0.287037037037037,0.0480609000078402
64,0.01,128,GELU,100,0.2942708333333333,0.2813593203398301,0.287037037037037,0.036265300004743
64,0.01,128,GELU,300,0.2942708333333333,0.2813593203398301,0.287037037037037,0.0463577000045916
64,0.01,128,GELU,500,0.2942708333333333,0.2813593203398301,0.287037037037037,0.0475625999970361
64,0.01,128,GELU,1000,0.2942708333333333,0.2813593203398301,0.287037037037037,0.0365648000006331
64,0.01,128,Softmax,50,0.2942708333333333,0.2813593203398301,0.287037037037037,0.046325599992997
64,0.01,128,Softmax,100,0.2942708333333333,0.2813593203398301,0.287037037037037,0.0466881999891484
64,0.01,128,Softmax,300,0.2942708333333333,0.2813593203398301,0.287037037037037,0.0456874999945284
64,0.01,128,Softmax,500,0.2942708333333333,0.2813593203398301,0.287037037037037,0.0359454999997979
64,0.01,128,Softmax,1000,0.2942708333333333,0.2813593203398301,0.287037037037037,0.0357111999910557
64,0.001,8,ReLU,50,0.3232886904761905,0.2996385193753614,0.3055555555555556,0.1399308999971253
64,0.001,8,ReLU,100,0.3232886904761905,0.2996385193753614,0.3055555555555556,0.1510755000053905
64,0.001,8,ReLU,300,0.3232886904761905,0.2996385193753614,0.3055555555555556,0.1296876999986125
64,0.001,8,ReLU,500,0.3232886904761905,0.2996385193753614,0.3055555555555556,0.1187730000092415
64,0.001,8,ReLU,1000,0.3232886904761905,0.2996385193753614,0.3055555555555556,0.1223041999910492
64,0.001,8,Tanh,50,0.3244047619047619,0.3052197802197802,0.3148148148148148,0.1098589000030187
64,0.001,8,Tanh,100,0.3244047619047619,0.3052197802197802,0.3148148148148148,0.1086414000019431
64,0.001,8,Tanh,300,0.3244047619047619,0.3052197802197802,0.3148148148148148,0.1201660000078845
64,0.001,8,Tanh,500,0.3244047619047619,0.3052197802197802,0.3148148148148148,0.1104083999962313
64,0.001,8,Tanh,1000,0.3244047619047619,0.3052197802197802,0.3148148148148148,0.1206540999992284
64,0.001,8,Sigmoid,50,0.2433035714285714,0.1266461808604038,0.287037037037037,0.1407323000021278
64,0.001,8,Sigmoid,100,0.2433035714285714,0.1266461808604038,0.287037037037037,0.1195184999960474
64,0.001,8,Sigmoid,300,0.2433035714285714,0.1266461808604038,0.287037037037037,0.13116849999642
64,0.001,8,Sigmoid,500,0.2433035714285714,0.1266461808604038,0.287037037037037,0.130927000005613
64,0.001,8,Sigmoid,1000,0.2433035714285714,0.1266461808604038,0.287037037037037,0.1293558000033954
64,0.001,8,GELU,50,0.3232886904761905,0.2996385193753614,0.3055555555555556,0.1416141999943647
64,0.001,8,GELU,100,0.3232886904761905,0.2996385193753614,0.3055555555555556,0.1520076000015251
64,0.001,8,GELU,300,0.3232886904761905,0.2996385193753614,0.3055555555555556,0.1515358000033302
64,0.001,8,GELU,500,0.3232886904761905,0.2996385193753614,0.3055555555555556,0.1519320999941555
64,0.001,8,GELU,1000,0.3232886904761905,0.2996385193753614,0.3055555555555556,0.1507153999991715
64,0.001,8,Softmax,50,0.3232886904761905,0.2996385193753614,0.3055555555555556,0.1409563999914098
64,0.001,8,Softmax,100,0.3232886904761905,0.2996385193753614,0.3055555555555556,0.1413146000122651
64,0.001,8,Softmax,300,0.3232886904761905,0.2996385193753614,0.3055555555555556,0.1311396999954013
64,0.001,8,Softmax,500,0.3232886904761905,0.2996385193753614,0.3055555555555556,0.1402791000000434
64,0.001,8,Softmax,1000,0.3232886904761905,0.2996385193753614,0.3055555555555556,0.1187942000105977
64,0.001,16,ReLU,50,0.3013392857142857,0.2594527251503996,0.2777777777777778,0.0989451000059489
64,0.001,16,ReLU,100,0.3013392857142857,0.2594527251503996,0.2777777777777778,0.0680907999922055
64,0.001,16,ReLU,300,0.3013392857142857,0.2594527251503996,0.2777777777777778,0.1106627999979537
64,0.001,16,ReLU,500,0.3013392857142857,0.2594527251503996,0.2777777777777778,0.1042323000001488
64,0.001,16,ReLU,1000,0.3013392857142857,0.2594527251503996,0.2777777777777778,0.0999572000000625
64,0.001,16,Tanh,50,0.3322172619047619,0.3174506201003528,0.324074074074074,0.0676071000052616
64,0.001,16,Tanh,100,0.3322172619047619,0.3174506201003528,0.324074074074074,0.0795527000009315
64,0.001,16,Tanh,300,0.3322172619047619,0.3174506201003528,0.324074074074074,0.0996578000049339
64,0.001,16,Tanh,500,0.3322172619047619,0.3174506201003528,0.324074074074074,0.0988715999992564
64,0.001,16,Tanh,1000,0.3322172619047619,0.3174506201003528,0.324074074074074,0.0892007000074954
64,0.001,16,Sigmoid,50,0.2693452380952381,0.1822014714204867,0.3055555555555556,0.0902150000038091
64,0.001,16,Sigmoid,100,0.2693452380952381,0.1822014714204867,0.3055555555555556,0.0912783999956445
64,0.001,16,Sigmoid,300,0.2693452380952381,0.1822014714204867,0.3055555555555556,0.0790055000106804
64,0.001,16,Sigmoid,500,0.2693452380952381,0.1822014714204867,0.3055555555555556,0.0786491000035312
64,0.001,16,Sigmoid,1000,0.2693452380952381,0.1822014714204867,0.3055555555555556,0.0785950999998021
64,0.001,16,GELU,50,0.3013392857142857,0.2594527251503996,0.2777777777777778,0.0986367000004975
64,0.001,16,GELU,100,0.3013392857142857,0.2594527251503996,0.2777777777777778,0.0778879999998025
64,0.001,16,GELU,300,0.3013392857142857,0.2594527251503996,0.2777777777777778,0.0992415999935474
64,0.001,16,GELU,500,0.3013392857142857,0.2594527251503996,0.2777777777777778,0.088142799999332
64,0.001,16,GELU,1000,0.3013392857142857,0.2594527251503996,0.2777777777777778,0.0988320999895222
64,0.001,16,Softmax,50,0.3013392857142857,0.2594527251503996,0.2777777777777778,0.0884407999983523
64,0.001,16,Softmax,100,0.3013392857142857,0.2594527251503996,0.2777777777777778,0.088152500000433
64,0.001,16,Softmax,300,0.3013392857142857,0.2594527251503996,0.2777777777777778,0.0884951000043656
64,0.001,16,Softmax,500,0.3013392857142857,0.2594527251503996,0.2777777777777778,0.0892556000035256
64,0.001,16,Softmax,1000,0.3013392857142857,0.2594527251503996,0.2777777777777778,0.0793667999969329
64,0.001,32,ReLU,50,0.2894345238095238,0.2565379332821193,0.2685185185185185,0.0669026999967172
64,0.001,32,ReLU,100,0.2894345238095238,0.2565379332821193,0.2685185185185185,0.067793399997754
64,0.001,32,ReLU,300,0.2894345238095238,0.2565379332821193,0.2685185185185185,0.0691528000024845
64,0.001,32,ReLU,500,0.2894345238095238,0.2565379332821193,0.2685185185185185,0.077939900002093
64,0.001,32,ReLU,1000,0.2894345238095238,0.2565379332821193,0.2685185185185185,0.0778527999937068
64,0.001,32,Tanh,50,0.3270089285714286,0.3061163115801831,0.3148148148148148,0.0676134999957867
64,0.001,32,Tanh,100,0.3270089285714286,0.3061163115801831,0.3148148148148148,0.0687346999911824
64,0.001,32,Tanh,300,0.3270089285714286,0.3061163115801831,0.3148148148148148,0.0676453999913064
64,0.001,32,Tanh,500,0.3270089285714286,0.3061163115801831,0.3148148148148148,0.0679419999942183
64,0.001,32,Tanh,1000,0.3270089285714286,0.3061163115801831,0.3148148148148148,0.0684170000022277
64,0.001,32,Sigmoid,50,0.25,0.1557603686635944,0.287037037037037,0.0568343999912031
64,0.001,32,Sigmoid,100,0.25,0.1557603686635944,0.287037037037037,0.0672945999976946
64,0.001,32,Sigmoid,300,0.25,0.1557603686635944,0.287037037037037,0.068652000001748
64,0.001,32,Sigmoid,500,0.25,0.1557603686635944,0.287037037037037,0.0564625999977579
64,0.001,32,Sigmoid,1000,0.25,0.1557603686635944,0.287037037037037,0.0675807000079657
64,0.001,32,GELU,50,0.2894345238095238,0.2565379332821193,0.2685185185185185,0.0791232000046875
64,0.001,32,GELU,100,0.2894345238095238,0.2565379332821193,0.2685185185185185,0.0891038999980082
64,0.001,32,GELU,300,0.2894345238095238,0.2565379332821193,0.2685185185185185,0.0894467000034637
64,0.001,32,GELU,500,0.2894345238095238,0.2565379332821193,0.2685185185185185,0.0793441999994684
64,0.001,32,GELU,1000,0.2894345238095238,0.2565379332821193,0.2685185185185185,0.0793038999981945
64,0.001,32,Softmax,50,0.2894345238095238,0.2565379332821193,0.2685185185185185,0.0898240999958943
64,0.001,32,Softmax,100,0.2894345238095238,0.2565379332821193,0.2685185185185185,0.0899597999959951
64,0.001,32,Softmax,300,0.2894345238095238,0.2565379332821193,0.2685185185185185,0.08995120000327
64,0.001,32,Softmax,500,0.2894345238095238,0.2565379332821193,0.2685185185185185,0.0900992999959271
64,0.001,32,Softmax,1000,0.2894345238095238,0.2565379332821193,0.2685185185185185,0.0788992000016151
64,0.001,64,ReLU,50,0.290922619047619,0.2491707532830618,0.2685185185185185,0.0788238000095589
64,0.001,64,ReLU,100,0.290922619047619,0.2491707532830618,0.2685185185185185,0.0801479999936418
64,0.001,64,ReLU,300,0.290922619047619,0.2491707532830618,0.2685185185185185,0.1094065000070259
64,0.001,64,ReLU,500,0.290922619047619,0.2491707532830618,0.2685185185185185,0.0688666999922134
64,0.001,64,ReLU,1000,0.290922619047619,0.2491707532830618,0.2685185185185185,0.0676886000001104
64,0.001,64,Tanh,50,0.3500744047619047,0.3185200780279134,0.3333333333333333,0.0579789999901549
64,0.001,64,Tanh,100,0.3500744047619047,0.3185200780279134,0.3333333333333333,0.0472371999931056
64,0.001,64,Tanh,300,0.3500744047619047,0.3185200780279134,0.3333333333333333,0.0570441000018036
64,0.001,64,Tanh,500,0.3500744047619047,0.3185200780279134,0.3333333333333333,0.0572976999974343
64,0.001,64,Tanh,1000,0.3500744047619047,0.3185200780279134,0.3333333333333333,0.0692790000030072
64,0.001,64,Sigmoid,50,0.2604166666666667,0.1776232616940581,0.287037037037037,0.0664608000079169
64,0.001,64,Sigmoid,100,0.2604166666666667,0.1776232616940581,0.287037037037037,0.0472903000045334
64,0.001,64,Sigmoid,300,0.2604166666666667,0.1776232616940581,0.287037037037037,0.0892085999948903
64,0.001,64,Sigmoid,500,0.2604166666666667,0.1776232616940581,0.287037037037037,0.0568535000056726
64,0.001,64,Sigmoid,1000,0.2604166666666667,0.1776232616940581,0.287037037037037,0.0673128000053111
64,0.001,64,GELU,50,0.290922619047619,0.2491707532830618,0.2685185185185185,0.0678957999916747
64,0.001,64,GELU,100,0.290922619047619,0.2491707532830618,0.2685185185185185,0.0682428000000072
64,0.001,64,GELU,300,0.290922619047619,0.2491707532830618,0.2685185185185185,0.0682758000039029
64,0.001,64,GELU,500,0.290922619047619,0.2491707532830618,0.2685185185185185,0.0576647999987471
64,0.001,64,GELU,1000,0.290922619047619,0.2491707532830618,0.2685185185185185,0.079525699999067
64,0.001,64,Softmax,50,0.290922619047619,0.2491707532830618,0.2685185185185185,0.0687002000049687
64,0.001,64,Softmax,100,0.290922619047619,0.2491707532830618,0.2685185185185185,0.0680758000089554
64,0.001,64,Softmax,300,0.290922619047619,0.2491707532830618,0.2685185185185185,0.0679802999948151
64,0.001,64,Softmax,500,0.290922619047619,0.2491707532830618,0.2685185185185185,0.0678872999997111
64,0.001,64,Softmax,1000,0.290922619047619,0.2491707532830618,0.2685185185185185,0.0787730000010924
64,0.001,128,ReLU,50,0.2611607142857143,0.2261709838899349,0.2407407407407407,0.0806938000023365
64,0.001,128,ReLU,100,0.2611607142857143,0.2261709838899349,0.2407407407407407,0.069140999999945
64,0.001,128,ReLU,300,0.2611607142857143,0.2261709838899349,0.2407407407407407,0.0691264999913983
64,0.001,128,ReLU,500,0.2611607142857143,0.2261709838899349,0.2407407407407407,0.0794526999961817
64,0.001,128,ReLU,1000,0.2611607142857143,0.2261709838899349,0.2407407407407407,0.0688416000048164
64,0.001,128,Tanh,50,0.3723958333333333,0.3324434196016632,0.3518518518518518,0.0496515999984694
64,0.001,128,Tanh,100,0.3723958333333333,0.3324434196016632,0.3518518518518518,0.0571836000017356
64,0.001,128,Tanh,300,0.3723958333333333,0.3324434196016632,0.3518518518518518,0.0477747000113595
64,0.001,128,Tanh,500,0.3723958333333333,0.3324434196016632,0.3518518518518518,0.0468215000000782
64,0.001,128,Tanh,1000,0.3723958333333333,0.3324434196016632,0.3518518518518518,0.0481380999990506
64,0.001,128,Sigmoid,50,0.2395833333333333,0.1552631578947368,0.2685185185185185,0.0480153000098653
64,0.001,128,Sigmoid,100,0.2395833333333333,0.1552631578947368,0.2685185185185185,0.0479226999887032
64,0.001,128,Sigmoid,300,0.2395833333333333,0.1552631578947368,0.2685185185185185,0.047873100003926
64,0.001,128,Sigmoid,500,0.2395833333333333,0.1552631578947368,0.2685185185185185,0.0475382000004174
64,0.001,128,Sigmoid,1000,0.2395833333333333,0.1552631578947368,0.2685185185185185,0.0480065000010654
64,0.001,128,GELU,50,0.2611607142857143,0.2261709838899349,0.2407407407407407,0.0581897999945795
64,0.001,128,GELU,100,0.2611607142857143,0.2261709838899349,0.2407407407407407,0.0565932000026805
64,0.001,128,GELU,300,0.2611607142857143,0.2261709838899349,0.2407407407407407,0.0678935999894747
64,0.001,128,GELU,500,0.2611607142857143,0.2261709838899349,0.2407407407407407,0.0584782000078121
64,0.001,128,GELU,1000,0.2611607142857143,0.2261709838899349,0.2407407407407407,0.0568057999917073
64,0.001,128,Softmax,50,0.2611607142857143,0.2261709838899349,0.2407407407407407,0.0573218999925302
64,0.001,128,Softmax,100,0.2611607142857143,0.2261709838899349,0.2407407407407407,0.0679006999998819
64,0.001,128,Softmax,300,0.2611607142857143,0.2261709838899349,0.2407407407407407,0.0466656999924453
64,0.001,128,Softmax,500,0.2611607142857143,0.2261709838899349,0.2407407407407407,0.0459604000061517
64,0.001,128,Softmax,1000,0.2611607142857143,0.2261709838899349,0.2407407407407407,0.0567107000097166
64,0.0001,8,ReLU,50,0.2589285714285714,0.1553430437277987,0.2314814814814814,0.1304272999987006
64,0.0001,8,ReLU,100,0.2589285714285714,0.1553430437277987,0.2314814814814814,0.1527124999993248
64,0.0001,8,ReLU,300,0.2589285714285714,0.1553430437277987,0.2314814814814814,0.1198842999874614
64,0.0001,8,ReLU,500,0.2589285714285714,0.1553430437277987,0.2314814814814814,0.1081592999980785
64,0.0001,8,ReLU,1000,0.2589285714285714,0.1553430437277987,0.2314814814814814,0.1299711000028764
64,0.0001,8,Tanh,50,0.3571428571428571,0.3045166858457998,0.3333333333333333,0.1285343999916222
64,0.0001,8,Tanh,100,0.3571428571428571,0.3045166858457998,0.3333333333333333,0.1197229000099469
64,0.0001,8,Tanh,300,0.3571428571428571,0.3045166858457998,0.3333333333333333,0.119390600011684
64,0.0001,8,Tanh,500,0.3571428571428571,0.3045166858457998,0.3333333333333333,0.1206232000113232
64,0.0001,8,Tanh,1000,0.3571428571428571,0.3045166858457998,0.3333333333333333,0.1294998000084888
64,0.0001,8,Sigmoid,50,0.234375,0.1373737373737373,0.2222222222222222,0.1308732000034069
64,0.0001,8,Sigmoid,100,0.234375,0.1373737373737373,0.2222222222222222,0.1076971000002231
64,0.0001,8,Sigmoid,300,0.234375,0.1373737373737373,0.2222222222222222,0.1092476999911014
64,0.0001,8,Sigmoid,500,0.234375,0.1373737373737373,0.2222222222222222,0.1404871999984607
64,0.0001,8,Sigmoid,1000,0.234375,0.1373737373737373,0.2222222222222222,0.1201354000077117
64,0.0001,8,GELU,50,0.2589285714285714,0.1553430437277987,0.2314814814814814,0.1335601000027964
64,0.0001,8,GELU,100,0.2589285714285714,0.1553430437277987,0.2314814814814814,0.1312761000008322
64,0.0001,8,GELU,300,0.2589285714285714,0.1553430437277987,0.2314814814814814,0.1091095000010682
64,0.0001,8,GELU,500,0.2589285714285714,0.1553430437277987,0.2314814814814814,0.1210461000009672
64,0.0001,8,GELU,1000,0.2589285714285714,0.1553430437277987,0.2314814814814814,0.1098045999970054
64,0.0001,8,Softmax,50,0.2589285714285714,0.1553430437277987,0.2314814814814814,0.1082813999964855
64,0.0001,8,Softmax,100,0.2589285714285714,0.1553430437277987,0.2314814814814814,0.1188114000105997
64,0.0001,8,Softmax,300,0.2589285714285714,0.1553430437277987,0.2314814814814814,0.1189501000044401
64,0.0001,8,Softmax,500,0.2589285714285714,0.1553430437277987,0.2314814814814814,0.1191625999927055
64,0.0001,8,Softmax,1000,0.2589285714285714,0.1553430437277987,0.2314814814814814,0.1101593000057619
64,0.0001,16,ReLU,50,0.2589285714285714,0.1553430437277987,0.2314814814814814,0.0772814999945694
64,0.0001,16,ReLU,100,0.2589285714285714,0.1553430437277987,0.2314814814814814,0.0874566999991657
64,0.0001,16,ReLU,300,0.2589285714285714,0.1553430437277987,0.2314814814814814,0.0883377999998629
64,0.0001,16,ReLU,500,0.2589285714285714,0.1553430437277987,0.2314814814814814,0.0881743000063579
64,0.0001,16,ReLU,1000,0.2589285714285714,0.1553430437277987,0.2314814814814814,0.0677761000115424
64,0.0001,16,Tanh,50,0.3571428571428571,0.3073650507681311,0.3333333333333333,0.0785690999910002
64,0.0001,16,Tanh,100,0.3571428571428571,0.3073650507681311,0.3333333333333333,0.0774891999899409
64,0.0001,16,Tanh,300,0.3571428571428571,0.3073650507681311,0.3333333333333333,0.0779693999938899
64,0.0001,16,Tanh,500,0.3571428571428571,0.3073650507681311,0.3333333333333333,0.0902365000074496
64,0.0001,16,Tanh,1000,0.3571428571428571,0.3073650507681311,0.3333333333333333,0.100319599994691
64,0.0001,16,Sigmoid,50,0.25,0.0909090909090909,0.2222222222222222,0.067974999998114
64,0.0001,16,Sigmoid,100,0.25,0.0909090909090909,0.2222222222222222,0.0695410000043921
64,0.0001,16,Sigmoid,300,0.25,0.0909090909090909,0.2222222222222222,0.0690835999994305
64,0.0001,16,Sigmoid,500,0.25,0.0909090909090909,0.2222222222222222,0.0583680999989155
64,0.0001,16,Sigmoid,1000,0.25,0.0909090909090909,0.2222222222222222,0.0577919000061228
64,0.0001,16,GELU,50,0.2589285714285714,0.1553430437277987,0.2314814814814814,0.0682903999986592
64,0.0001,16,GELU,100,0.2589285714285714,0.1553430437277987,0.2314814814814814,0.0675038000044878
64,0.0001,16,GELU,300,0.2589285714285714,0.1553430437277987,0.2314814814814814,0.0892702999990433
64,0.0001,16,GELU,500,0.2589285714285714,0.1553430437277987,0.2314814814814814,0.0872623000032035
64,0.0001,16,GELU,1000,0.2589285714285714,0.1553430437277987,0.2314814814814814,0.0774717000022064
64,0.0001,16,Softmax,50,0.2589285714285714,0.1553430437277987,0.2314814814814814,0.0785077000036835
64,0.0001,16,Softmax,100,0.2589285714285714,0.1553430437277987,0.2314814814814814,0.0762482000136515
64,0.0001,16,Softmax,300,0.2589285714285714,0.1553430437277987,0.2314814814814814,0.0684738999989349
64,0.0001,16,Softmax,500,0.2589285714285714,0.1553430437277987,0.2314814814814814,0.0679260000033536
64,0.0001,16,Softmax,1000,0.2589285714285714,0.1553430437277987,0.2314814814814814,0.0785873999993782
64,0.0001,32,ReLU,50,0.25,0.1380876674994322,0.2222222222222222,0.0460180999943986
64,0.0001,32,ReLU,100,0.25,0.1380876674994322,0.2222222222222222,0.0669199999974807
64,0.0001,32,ReLU,300,0.25,0.1380876674994322,0.2222222222222222,0.0569271999993361
64,0.0001,32,ReLU,500,0.25,0.1380876674994322,0.2222222222222222,0.0683515000127954
64,0.0001,32,ReLU,1000,0.25,0.1380876674994322,0.2222222222222222,0.0573501000035321
64,0.0001,32,Tanh,50,0.3467261904761904,0.298535385404137,0.324074074074074,0.0465169999952195
64,0.0001,32,Tanh,100,0.3467261904761904,0.298535385404137,0.324074074074074,0.0581466000003274
64,0.0001,32,Tanh,300,0.3467261904761904,0.298535385404137,0.324074074074074,0.0562724000046728
64,0.0001,32,Tanh,500,0.3467261904761904,0.298535385404137,0.324074074074074,0.046460700003081
64,0.0001,32,Tanh,1000,0.3467261904761904,0.298535385404137,0.324074074074074,0.0458318000019062
64,0.0001,32,Sigmoid,50,0.25,0.0909090909090909,0.2222222222222222,0.0479795999999623
64,0.0001,32,Sigmoid,100,0.25,0.0909090909090909,0.2222222222222222,0.0467532999900868
64,0.0001,32,Sigmoid,300,0.25,0.0909090909090909,0.2222222222222222,0.0459888000041246
64,0.0001,32,Sigmoid,500,0.25,0.0909090909090909,0.2222222222222222,0.0461615000094752
64,0.0001,32,Sigmoid,1000,0.25,0.0909090909090909,0.2222222222222222,0.0462561999884201
64,0.0001,32,GELU,50,0.25,0.1380876674994322,0.2222222222222222,0.0565004000090993
64,0.0001,32,GELU,100,0.25,0.1380876674994322,0.2222222222222222,0.0571201999991899
64,0.0001,32,GELU,300,0.25,0.1380876674994322,0.2222222222222222,0.0467880000069271
64,0.0001,32,GELU,500,0.25,0.1380876674994322,0.2222222222222222,0.0572149999934481
64,0.0001,32,GELU,1000,0.25,0.1380876674994322,0.2222222222222222,0.0670206000067992
64,0.0001,32,Softmax,50,0.25,0.1380876674994322,0.2222222222222222,0.0567127999966032
64,0.0001,32,Softmax,100,0.25,0.1380876674994322,0.2222222222222222,0.0569948000047588
64,0.0001,32,Softmax,300,0.25,0.1380876674994322,0.2222222222222222,0.0563691999996081
64,0.0001,32,Softmax,500,0.25,0.1380876674994322,0.2222222222222222,0.0557622999913292
64,0.0001,32,Softmax,1000,0.25,0.1380876674994322,0.2222222222222222,0.0567882000032113
64,0.0001,64,ReLU,50,0.25,0.1388888888888889,0.2222222222222222,0.0460886000073514
64,0.0001,64,ReLU,100,0.25,0.1388888888888889,0.2222222222222222,0.0455667999922297
64,0.0001,64,ReLU,300,0.25,0.1388888888888889,0.2222222222222222,0.0460175000043818
64,0.0001,64,ReLU,500,0.25,0.1388888888888889,0.2222222222222222,0.0459336000058101
64,0.0001,64,ReLU,1000,0.25,0.1388888888888889,0.2222222222222222,0.046807799997623
64,0.0001,64,Tanh,50,0.3467261904761904,0.298535385404137,0.324074074074074,0.0696811000088928
64,0.0001,64,Tanh,100,0.3467261904761904,0.298535385404137,0.324074074074074,0.0474545000033685
64,0.0001,64,Tanh,300,0.3467261904761904,0.298535385404137,0.324074074074074,0.0467845000093802
64,0.0001,64,Tanh,500,0.3467261904761904,0.298535385404137,0.324074074074074,0.0475383000011788
64,0.0001,64,Tanh,1000,0.3467261904761904,0.298535385404137,0.324074074074074,0.0573774999938905
64,0.0001,64,Sigmoid,50,0.25,0.0909090909090909,0.2222222222222222,0.0452474000048823
64,0.0001,64,Sigmoid,100,0.25,0.0909090909090909,0.2222222222222222,0.0457576000044355
64,0.0001,64,Sigmoid,300,0.25,0.0909090909090909,0.2222222222222222,0.0463720999978249
64,0.0001,64,Sigmoid,500,0.25,0.0909090909090909,0.2222222222222222,0.0476214000082109
64,0.0001,64,Sigmoid,1000,0.25,0.0909090909090909,0.2222222222222222,0.0460526999959256
64,0.0001,64,GELU,50,0.25,0.1388888888888889,0.2222222222222222,0.0366273000108776
64,0.0001,64,GELU,100,0.25,0.1388888888888889,0.2222222222222222,0.0466516000014962
64,0.0001,64,GELU,300,0.25,0.1388888888888889,0.2222222222222222,0.0472964000073261
64,0.0001,64,GELU,500,0.25,0.1388888888888889,0.2222222222222222,0.0464461999945342
64,0.0001,64,GELU,1000,0.25,0.1388888888888889,0.2222222222222222,0.0465476999961538
64,0.0001,64,Softmax,50,0.25,0.1388888888888889,0.2222222222222222,0.0470138999953633
64,0.0001,64,Softmax,100,0.25,0.1388888888888889,0.2222222222222222,0.0473876999894855
64,0.0001,64,Softmax,300,0.25,0.1388888888888889,0.2222222222222222,0.046219200012274
64,0.0001,64,Softmax,500,0.25,0.1388888888888889,0.2222222222222222,0.0471968999918317
64,0.0001,64,Softmax,1000,0.25,0.1388888888888889,0.2222222222222222,0.0462095999973826
64,0.0001,128,ReLU,50,0.25,0.1388888888888889,0.2222222222222222,0.0360007999988738
64,0.0001,128,ReLU,100,0.25,0.1388888888888889,0.2222222222222222,0.0351124000007985
64,0.0001,128,ReLU,300,0.25,0.1388888888888889,0.2222222222222222,0.0360918999940622
64,0.0001,128,ReLU,500,0.25,0.1388888888888889,0.2222222222222222,0.0366136000084225
64,0.0001,128,ReLU,1000,0.25,0.1388888888888889,0.2222222222222222,0.0375422000070102
64,0.0001,128,Tanh,50,0.3467261904761904,0.298535385404137,0.324074074074074,0.0363546000007772
64,0.0001,128,Tanh,100,0.3467261904761904,0.298535385404137,0.324074074074074,0.0360867000126745
64,0.0001,128,Tanh,300,0.3467261904761904,0.298535385404137,0.324074074074074,0.0360007999988738
64,0.0001,128,Tanh,500,0.3467261904761904,0.298535385404137,0.324074074074074,0.0357323000062024
64,0.0001,128,Tanh,1000,0.3467261904761904,0.298535385404137,0.324074074074074,0.036089000001084
64,0.0001,128,Sigmoid,50,0.25,0.0909090909090909,0.2222222222222222,0.0350911999994423
64,0.0001,128,Sigmoid,100,0.25,0.0909090909090909,0.2222222222222222,0.0361320999945746
64,0.0001,128,Sigmoid,300,0.25,0.0909090909090909,0.2222222222222222,0.0370769000001018
64,0.0001,128,Sigmoid,500,0.25,0.0909090909090909,0.2222222222222222,0.0353127999987918
64,0.0001,128,Sigmoid,1000,0.25,0.0909090909090909,0.2222222222222222,0.0347617999941576
64,0.0001,128,GELU,50,0.25,0.1388888888888889,0.2222222222222222,0.0355311000021174
64,0.0001,128,GELU,100,0.25,0.1388888888888889,0.2222222222222222,0.0353587999998126
64,0.0001,128,GELU,300,0.25,0.1388888888888889,0.2222222222222222,0.0476478999917162
64,0.0001,128,GELU,500,0.25,0.1388888888888889,0.2222222222222222,0.0363625000027241
64,0.0001,128,GELU,1000,0.25,0.1388888888888889,0.2222222222222222,0.0360049000009894
64,0.0001,128,Softmax,50,0.25,0.1388888888888889,0.2222222222222222,0.0358137000002898
64,0.0001,128,Softmax,100,0.25,0.1388888888888889,0.2222222222222222,0.0349998000019695
64,0.0001,128,Softmax,300,0.25,0.1388888888888889,0.2222222222222222,0.03587150000385
64,0.0001,128,Softmax,500,0.25,0.1388888888888889,0.2222222222222222,0.0363146999879973
64,0.0001,128,Softmax,1000,0.25,0.1388888888888889,0.2222222222222222,0.0367250999988755
64,0.00025,8,ReLU,50,0.2819940476190476,0.2380835810456373,0.2592592592592592,0.1620988000067882
64,0.00025,8,ReLU,100,0.2819940476190476,0.2380835810456373,0.2592592592592592,0.1617789000010816
64,0.00025,8,ReLU,300,0.2819940476190476,0.2380835810456373,0.2592592592592592,0.1825194999983068
64,0.00025,8,ReLU,500,0.2819940476190476,0.2380835810456373,0.2592592592592592,0.1930527999938931
64,0.00025,8,ReLU,1000,0.2819940476190476,0.2380835810456373,0.2592592592592592,0.1716612000018358
64,0.00025,8,Tanh,50,0.3337053571428571,0.3004273504273504,0.3148148148148148,0.1200975999963702
64,0.00025,8,Tanh,100,0.3337053571428571,0.3004273504273504,0.3148148148148148,0.1199037999904248
64,0.00025,8,Tanh,300,0.3337053571428571,0.3004273504273504,0.3148148148148148,0.1097420000005513
64,0.00025,8,Tanh,500,0.3337053571428571,0.3004273504273504,0.3148148148148148,0.1099917999963508
64,0.00025,8,Tanh,1000,0.3337053571428571,0.3004273504273504,0.3148148148148148,0.119972599990433
64,0.00025,8,Sigmoid,50,0.2447916666666666,0.1643518518518518,0.2685185185185185,0.1099593999970238
64,0.00025,8,Sigmoid,100,0.2447916666666666,0.1643518518518518,0.2685185185185185,0.1098337000003084
64,0.00025,8,Sigmoid,300,0.2447916666666666,0.1643518518518518,0.2685185185185185,0.1090643999923486
64,0.00025,8,Sigmoid,500,0.2447916666666666,0.1643518518518518,0.2685185185185185,0.1087988000072073
64,0.00025,8,Sigmoid,1000,0.2447916666666666,0.1643518518518518,0.2685185185185185,0.1090356999920914
64,0.00025,8,GELU,50,0.2819940476190476,0.2380835810456373,0.2592592592592592,0.1736237000004621
64,0.00025,8,GELU,100,0.2819940476190476,0.2380835810456373,0.2592592592592592,0.1726569999882485
64,0.00025,8,GELU,300,0.2819940476190476,0.2380835810456373,0.2592592592592592,0.1830087999987881
64,0.00025,8,GELU,500,0.2819940476190476,0.2380835810456373,0.2592592592592592,0.1614151000103447
64,0.00025,8,GELU,1000,0.2819940476190476,0.2380835810456373,0.2592592592592592,0.1728691000025719
64,0.00025,8,Softmax,50,0.2819940476190476,0.2380835810456373,0.2592592592592592,0.1939033000089693
64,0.00025,8,Softmax,100,0.2819940476190476,0.2380835810456373,0.2592592592592592,0.182705100000021
64,0.00025,8,Softmax,300,0.2819940476190476,0.2380835810456373,0.2592592592592592,0.1710422000032849
64,0.00025,8,Softmax,500,0.2819940476190476,0.2380835810456373,0.2592592592592592,0.1707045000075595
64,0.00025,8,Softmax,1000,0.2819940476190476,0.2380835810456373,0.2592592592592592,0.1715431000047829
64,0.00025,16,ReLU,50,0.306547619047619,0.2405091572987086,0.2777777777777778,0.1396678000019164
64,0.00025,16,ReLU,100,0.306547619047619,0.2405091572987086,0.2777777777777778,0.129053800003021
64,0.00025,16,ReLU,300,0.306547619047619,0.2405091572987086,0.2777777777777778,0.1292558999994071
64,0.00025,16,ReLU,500,0.306547619047619,0.2405091572987086,0.2777777777777778,0.1406674000027123
64,0.00025,16,ReLU,1000,0.306547619047619,0.2405091572987086,0.2777777777777778,0.129822899994906
64,0.00025,16,Tanh,50,0.3337053571428571,0.3014473684210526,0.3148148148148148,0.077939900002093
64,0.00025,16,Tanh,100,0.3337053571428571,0.3014473684210526,0.3148148148148148,0.0996536000020569
64,0.00025,16,Tanh,300,0.3337053571428571,0.3014473684210526,0.3148148148148148,0.079094000000623
64,0.00025,16,Tanh,500,0.3337053571428571,0.3014473684210526,0.3148148148148148,0.0883841000031679
64,0.00025,16,Tanh,1000,0.3337053571428571,0.3014473684210526,0.3148148148148148,0.1003121999965515
64,0.00025,16,Sigmoid,50,0.2421875,0.1651205936920222,0.2592592592592592,0.1098810999974375
64,0.00025,16,Sigmoid,100,0.2421875,0.1651205936920222,0.2592592592592592,0.1000760999886551
64,0.00025,16,Sigmoid,300,0.2421875,0.1651205936920222,0.2592592592592592,0.1005851000081747
64,0.00025,16,Sigmoid,500,0.2421875,0.1651205936920222,0.2592592592592592,0.0889602999959606
64,0.00025,16,Sigmoid,1000,0.2421875,0.1651205936920222,0.2592592592592592,0.0892028999951435
64,0.00025,16,GELU,50,0.306547619047619,0.2405091572987086,0.2777777777777778,0.1093762999953469
64,0.00025,16,GELU,100,0.306547619047619,0.2405091572987086,0.2777777777777778,0.1092655999964336
64,0.00025,16,GELU,300,0.306547619047619,0.2405091572987086,0.2777777777777778,0.1297837000020081
64,0.00025,16,GELU,500,0.306547619047619,0.2405091572987086,0.2777777777777778,0.1504729000007501
64,0.00025,16,GELU,1000,0.306547619047619,0.2405091572987086,0.2777777777777778,0.1508232000051066
64,0.00025,16,Softmax,50,0.306547619047619,0.2405091572987086,0.2777777777777778,0.1289550999936182
64,0.00025,16,Softmax,100,0.306547619047619,0.2405091572987086,0.2777777777777778,0.1299716000066837
64,0.00025,16,Softmax,300,0.306547619047619,0.2405091572987086,0.2777777777777778,0.1203777000046102
64,0.00025,16,Softmax,500,0.306547619047619,0.2405091572987086,0.2777777777777778,0.1200696000014431
64,0.00025,16,Softmax,1000,0.306547619047619,0.2405091572987086,0.2777777777777778,0.1286739999923156
64,0.00025,32,ReLU,50,0.2589285714285714,0.1632404951370468,0.2314814814814814,0.0563834000058705
64,0.00025,32,ReLU,100,0.2589285714285714,0.1632404951370468,0.2314814814814814,0.0680919000005815
64,0.00025,32,ReLU,300,0.2589285714285714,0.1632404951370468,0.2314814814814814,0.0577217999962158
64,0.00025,32,ReLU,500,0.2589285714285714,0.1632404951370468,0.2314814814814814,0.0661722000077134
64,0.00025,32,ReLU,1000,0.2589285714285714,0.1632404951370468,0.2314814814814814,0.0569475999946007
64,0.00025,32,Tanh,50,0.3467261904761904,0.2966914038342609,0.324074074074074,0.0573978000029455
64,0.00025,32,Tanh,100,0.3467261904761904,0.2966914038342609,0.324074074074074,0.055937700002687
64,0.00025,32,Tanh,300,0.3467261904761904,0.2966914038342609,0.324074074074074,0.0575766999972984
64,0.00025,32,Tanh,500,0.3467261904761904,0.2966914038342609,0.324074074074074,0.0575438999949255
64,0.00025,32,Tanh,1000,0.3467261904761904,0.2966914038342609,0.324074074074074,0.0571417000028304
64,0.00025,32,Sigmoid,50,0.2395833333333333,0.1632132132132132,0.25,0.0663146999868331
64,0.00025,32,Sigmoid,100,0.2395833333333333,0.1632132132132132,0.25,0.0674665999977151
64,0.00025,32,Sigmoid,300,0.2395833333333333,0.1632132132132132,0.25,0.0683563999918988
64,0.00025,32,Sigmoid,500,0.2395833333333333,0.1632132132132132,0.25,0.0679348999983631
64,0.00025,32,Sigmoid,1000,0.2395833333333333,0.1632132132132132,0.25,0.0677959000022383
64,0.00025,32,GELU,50,0.2589285714285714,0.1632404951370468,0.2314814814814814,0.0576285999995889
64,0.00025,32,GELU,100,0.2589285714285714,0.1632404951370468,0.2314814814814814,0.058442699999432
64,0.00025,32,GELU,300,0.2589285714285714,0.1632404951370468,0.2314814814814814,0.0661424999998416
64,0.00025,32,GELU,500,0.2589285714285714,0.1632404951370468,0.2314814814814814,0.0577416000014636
64,0.00025,32,GELU,1000,0.2589285714285714,0.1632404951370468,0.2314814814814814,0.0555652000039117
64,0.00025,32,Softmax,50,0.2589285714285714,0.1632404951370468,0.2314814814814814,0.0460773000086192
64,0.00025,32,Softmax,100,0.2589285714285714,0.1632404951370468,0.2314814814814814,0.0680644999956712
64,0.00025,32,Softmax,300,0.2589285714285714,0.1632404951370468,0.2314814814814814,0.0658831000037025
64,0.00025,32,Softmax,500,0.2589285714285714,0.1632404951370468,0.2314814814814814,0.0579639000061433
64,0.00025,32,Softmax,1000,0.2589285714285714,0.1632404951370468,0.2314814814814814,0.0676253999990876
64,0.00025,64,ReLU,50,0.2589285714285714,0.1623500749625187,0.2314814814814814,0.0564901000034296
64,0.00025,64,ReLU,100,0.2589285714285714,0.1623500749625187,0.2314814814814814,0.0557864000002155
64,0.00025,64,ReLU,300,0.2589285714285714,0.1623500749625187,0.2314814814814814,0.0472570999991148
64,0.00025,64,ReLU,500,0.2589285714285714,0.1623500749625187,0.2314814814814814,0.0568784000060986
64,0.00025,64,ReLU,1000,0.2589285714285714,0.1623500749625187,0.2314814814814814,0.056006900005741
64,0.00025,64,Tanh,50,0.3571428571428571,0.3073650507681311,0.3333333333333333,0.0475803000008454
64,0.00025,64,Tanh,100,0.3571428571428571,0.3073650507681311,0.3333333333333333,0.0365502999920863
64,0.00025,64,Tanh,300,0.3571428571428571,0.3073650507681311,0.3333333333333333,0.0464039999933447
64,0.00025,64,Tanh,500,0.3571428571428571,0.3073650507681311,0.3333333333333333,0.0466698999953223
64,0.00025,64,Tanh,1000,0.3571428571428571,0.3073650507681311,0.3333333333333333,0.0461472000024514
64,0.00025,64,Sigmoid,50,0.25,0.0909090909090909,0.2222222222222222,0.0456946000049356
64,0.00025,64,Sigmoid,100,0.25,0.0909090909090909,0.2222222222222222,0.0369692000094801
64,0.00025,64,Sigmoid,300,0.25,0.0909090909090909,0.2222222222222222,0.0358681999932741
64,0.00025,64,Sigmoid,500,0.25,0.0909090909090909,0.2222222222222222,0.0463520000048447
64,0.00025,64,Sigmoid,1000,0.25,0.0909090909090909,0.2222222222222222,0.0471746999974129
64,0.00025,64,GELU,50,0.2589285714285714,0.1623500749625187,0.2314814814814814,0.0560506000038003
64,0.00025,64,GELU,100,0.2589285714285714,0.1623500749625187,0.2314814814814814,0.0568292999960249
64,0.00025,64,GELU,300,0.2589285714285714,0.1623500749625187,0.2314814814814814,0.0561359000130323
64,0.00025,64,GELU,500,0.2589285714285714,0.1623500749625187,0.2314814814814814,0.0461998999962816
64,0.00025,64,GELU,1000,0.2589285714285714,0.1623500749625187,0.2314814814814814,0.067631000012625
64,0.00025,64,Softmax,50,0.2589285714285714,0.1623500749625187,0.2314814814814814,0.0564944000070681
64,0.00025,64,Softmax,100,0.2589285714285714,0.1623500749625187,0.2314814814814814,0.0576819999987492
64,0.00025,64,Softmax,300,0.2589285714285714,0.1623500749625187,0.2314814814814814,0.0682634999975562
64,0.00025,64,Softmax,500,0.2589285714285714,0.1623500749625187,0.2314814814814814,0.068448799996986
64,0.00025,64,Softmax,1000,0.2589285714285714,0.1623500749625187,0.2314814814814814,0.0569127999915508
64,0.00025,128,ReLU,50,0.25,0.1380876674994322,0.2222222222222222,0.045219999999972
64,0.00025,128,ReLU,100,0.25,0.1380876674994322,0.2222222222222222,0.0471414000057848
64,0.00025,128,ReLU,300,0.25,0.1380876674994322,0.2222222222222222,0.036221000002115
64,0.00025,128,ReLU,500,0.25,0.1380876674994322,0.2222222222222222,0.0359188000002177
64,0.00025,128,ReLU,1000,0.25,0.1380876674994322,0.2222222222222222,0.0372742000035941
64,0.00025,128,Tanh,50,0.3467261904761904,0.298535385404137,0.324074074074074,0.035536299998057
64,0.00025,128,Tanh,100,0.3467261904761904,0.298535385404137,0.324074074074074,0.0356997000053525
64,0.00025,128,Tanh,300,0.3467261904761904,0.298535385404137,0.324074074074074,0.0352836999954888
64,0.00025,128,Tanh,500,0.3467261904761904,0.298535385404137,0.324074074074074,0.0361945000040577
64,0.00025,128,Tanh,1000,0.3467261904761904,0.298535385404137,0.324074074074074,0.0486195999983465
64,0.00025,128,Sigmoid,50,0.25,0.0909090909090909,0.2222222222222222,0.0355819999967934
64,0.00025,128,Sigmoid,100,0.25,0.0909090909090909,0.2222222222222222,0.0371490999968955
64,0.00025,128,Sigmoid,300,0.25,0.0909090909090909,0.2222222222222222,0.0363187000039033
64,0.00025,128,Sigmoid,500,0.25,0.0909090909090909,0.2222222222222222,0.0348534999939147
64,0.00025,128,Sigmoid,1000,0.25,0.0909090909090909,0.2222222222222222,0.0363207000045804
64,0.00025,128,GELU,50,0.25,0.1380876674994322,0.2222222222222222,0.0472407000052044
64,0.00025,128,GELU,100,0.25,0.1380876674994322,0.2222222222222222,0.0457813999964855
64,0.00025,128,GELU,300,0.25,0.1380876674994322,0.2222222222222222,0.0445568999857641
64,0.00025,128,GELU,500,0.25,0.1380876674994322,0.2222222222222222,0.0359861000033561
64,0.00025,128,GELU,1000,0.25,0.1380876674994322,0.2222222222222222,0.0357116000086534
64,0.00025,128,Softmax,50,0.25,0.1380876674994322,0.2222222222222222,0.0469264999992447
64,0.00025,128,Softmax,100,0.25,0.1380876674994322,0.2222222222222222,0.0361000999982934
64,0.00025,128,Softmax,300,0.25,0.1380876674994322,0.2222222222222222,0.0467262000020127
64,0.00025,128,Softmax,500,0.25,0.1380876674994322,0.2222222222222222,0.0358217000029981
64,0.00025,128,Softmax,1000,0.25,0.1380876674994322,0.2222222222222222,0.0351743000064743
128,0.01,8,ReLU,50,0.2942708333333333,0.2776091081593928,0.2962962962962963,0.1103759999969042
128,0.01,8,ReLU,100,0.2942708333333333,0.2776091081593928,0.2962962962962963,0.1492022999882465
128,0.01,8,ReLU,300,0.2942708333333333,0.2776091081593928,0.2962962962962963,0.1404015000007348
128,0.01,8,ReLU,500,0.2942708333333333,0.2776091081593928,0.2962962962962963,0.1524733999976888
128,0.01,8,ReLU,1000,0.2942708333333333,0.2776091081593928,0.2962962962962963,0.1310011000023223
128,0.01,8,Tanh,50,0.3087797619047618,0.2810558073265355,0.3148148148148148,0.1392917000048328
128,0.01,8,Tanh,100,0.3087797619047618,0.2810558073265355,0.3148148148148148,0.1313927000010153
128,0.01,8,Tanh,300,0.3087797619047618,0.2810558073265355,0.3148148148148148,0.130080299990368
128,0.01,8,Tanh,500,0.3087797619047618,0.2810558073265355,0.3148148148148148,0.1308621999924071
128,0.01,8,Tanh,1000,0.3087797619047618,0.2810558073265355,0.3148148148148148,0.1400845000025583
128,0.01,8,Sigmoid,50,0.3158482142857143,0.2812950937950938,0.3055555555555556,0.1293982000061078
128,0.01,8,Sigmoid,100,0.3158482142857143,0.2812950937950938,0.3055555555555556,0.1301944000006187
128,0.01,8,Sigmoid,300,0.3158482142857143,0.2812950937950938,0.3055555555555556,0.1391543000063393
128,0.01,8,Sigmoid,500,0.3158482142857143,0.2812950937950938,0.3055555555555556,0.118694000004325
128,0.01,8,Sigmoid,1000,0.3158482142857143,0.2812950937950938,0.3055555555555556,0.1302434999961406
128,0.01,8,GELU,50,0.2942708333333333,0.2776091081593928,0.2962962962962963,0.1303104999969946
128,0.01,8,GELU,100,0.2942708333333333,0.2776091081593928,0.2962962962962963,0.1193215999956009
128,0.01,8,GELU,300,0.2942708333333333,0.2776091081593928,0.2962962962962963,0.1289919999981066
128,0.01,8,GELU,500,0.2942708333333333,0.2776091081593928,0.2962962962962963,0.1299144999939017
128,0.01,8,GELU,1000,0.2942708333333333,0.2776091081593928,0.2962962962962963,0.1303714999958174
128,0.01,8,Softmax,50,0.2942708333333333,0.2776091081593928,0.2962962962962963,0.1284468999947421
128,0.01,8,Softmax,100,0.2942708333333333,0.2776091081593928,0.2962962962962963,0.1185291000001598
128,0.01,8,Softmax,300,0.2942708333333333,0.2776091081593928,0.2962962962962963,0.1404297999979462
128,0.01,8,Softmax,500,0.2942708333333333,0.2776091081593928,0.2962962962962963,0.1289592999964952
128,0.01,8,Softmax,1000,0.2942708333333333,0.2776091081593928,0.2962962962962963,0.1295959999988554
128,0.01,16,ReLU,50,0.3604910714285714,0.3356353154924028,0.3611111111111111,0.0884627000050386
128,0.01,16,ReLU,100,0.3604910714285714,0.3356353154924028,0.3611111111111111,0.0990451000106986
128,0.01,16,ReLU,300,0.3604910714285714,0.3356353154924028,0.3611111111111111,0.0890229000069666
128,0.01,16,ReLU,500,0.3604910714285714,0.3356353154924028,0.3611111111111111,0.0983149000094272
128,0.01,16,ReLU,1000,0.3604910714285714,0.3356353154924028,0.3611111111111111,0.0990147000120487
128,0.01,16,Tanh,50,0.3712797619047618,0.3351979565772669,0.3888888888888889,0.067441700011841
128,0.01,16,Tanh,100,0.3712797619047618,0.3351979565772669,0.3888888888888889,0.0783598999987589
128,0.01,16,Tanh,300,0.3712797619047618,0.3351979565772669,0.3888888888888889,0.0784972000110428
128,0.01,16,Tanh,500,0.3712797619047618,0.3351979565772669,0.3888888888888889,0.0666179999971063
128,0.01,16,Tanh,1000,0.3712797619047618,0.3351979565772669,0.3888888888888889,0.0779468999971868
128,0.01,16,Sigmoid,50,0.2916666666666667,0.2545767852219465,0.287037037037037,0.0682655999989947
128,0.01,16,Sigmoid,100,0.2916666666666667,0.2545767852219465,0.287037037037037,0.0783843999961391
128,0.01,16,Sigmoid,300,0.2916666666666667,0.2545767852219465,0.287037037037037,0.0784968999942066
128,0.01,16,Sigmoid,500,0.2916666666666667,0.2545767852219465,0.287037037037037,0.0782565999979851
128,0.01,16,Sigmoid,1000,0.2916666666666667,0.2545767852219465,0.287037037037037,0.0887780000048223
128,0.01,16,GELU,50,0.3604910714285714,0.3356353154924028,0.3611111111111111,0.0794863000046461
128,0.01,16,GELU,100,0.3604910714285714,0.3356353154924028,0.3611111111111111,0.1085897000011755
128,0.01,16,GELU,300,0.3604910714285714,0.3356353154924028,0.3611111111111111,0.0979466999997384
128,0.01,16,GELU,500,0.3604910714285714,0.3356353154924028,0.3611111111111111,0.0879066000052262
128,0.01,16,GELU,1000,0.3604910714285714,0.3356353154924028,0.3611111111111111,0.0990925999940373
128,0.01,16,Softmax,50,0.3604910714285714,0.3356353154924028,0.3611111111111111,0.0794706000015139
128,0.01,16,Softmax,100,0.3604910714285714,0.3356353154924028,0.3611111111111111,0.0886753000086173
128,0.01,16,Softmax,300,0.3604910714285714,0.3356353154924028,0.3611111111111111,0.0985201000003144
128,0.01,16,Softmax,500,0.3604910714285714,0.3356353154924028,0.3611111111111111,0.088395800004946
128,0.01,16,Softmax,1000,0.3604910714285714,0.3356353154924028,0.3611111111111111,0.0994268999929772
128,0.01,32,ReLU,50,0.3191964285714286,0.2974047318732561,0.3333333333333333,0.0659593000018503
128,0.01,32,ReLU,100,0.3191964285714286,0.2974047318732561,0.3333333333333333,0.0898135000024922
128,0.01,32,ReLU,300,0.3191964285714286,0.2974047318732561,0.3333333333333333,0.0883753999951295
128,0.01,32,ReLU,500,0.3191964285714286,0.2974047318732561,0.3333333333333333,0.08967770000163
128,0.01,32,ReLU,1000,0.3191964285714286,0.2974047318732561,0.3333333333333333,0.0896929000009549
128,0.01,32,Tanh,50,0.3723958333333333,0.348496099263319,0.3888888888888889,0.0570946000079857
128,0.01,32,Tanh,100,0.3723958333333333,0.348496099263319,0.3888888888888889,0.0580846999946516
128,0.01,32,Tanh,300,0.3723958333333333,0.348496099263319,0.3888888888888889,0.0582497999857878
128,0.01,32,Tanh,500,0.3723958333333333,0.348496099263319,0.3888888888888889,0.0840915000007953
128,0.01,32,Tanh,1000,0.3723958333333333,0.348496099263319,0.3888888888888889,0.0859501999948406
128,0.01,32,Sigmoid,50,0.2481398809523809,0.2139705882352941,0.2407407407407407,0.0790541000023949
128,0.01,32,Sigmoid,100,0.2481398809523809,0.2139705882352941,0.2407407407407407,0.0693194000050425
128,0.01,32,Sigmoid,300,0.2481398809523809,0.2139705882352941,0.2407407407407407,0.0785035000008065
128,0.01,32,Sigmoid,500,0.2481398809523809,0.2139705882352941,0.2407407407407407,0.0690504000085638
128,0.01,32,Sigmoid,1000,0.2481398809523809,0.2139705882352941,0.2407407407407407,0.0575776000041514
128,0.01,32,GELU,50,0.3191964285714286,0.2974047318732561,0.3333333333333333,0.0678163999982643
128,0.01,32,GELU,100,0.3191964285714286,0.2974047318732561,0.3333333333333333,0.0675259999989066
128,0.01,32,GELU,300,0.3191964285714286,0.2974047318732561,0.3333333333333333,0.0681867000093916
128,0.01,32,GELU,500,0.3191964285714286,0.2974047318732561,0.3333333333333333,0.067021199996816
128,0.01,32,GELU,1000,0.3191964285714286,0.2974047318732561,0.3333333333333333,0.0784038999991025
128,0.01,32,Softmax,50,0.3191964285714286,0.2974047318732561,0.3333333333333333,0.0674330000038025
128,0.01,32,Softmax,100,0.3191964285714286,0.2974047318732561,0.3333333333333333,0.0567238000076031
128,0.01,32,Softmax,300,0.3191964285714286,0.2974047318732561,0.3333333333333333,0.0794160000077681
128,0.01,32,Softmax,500,0.3191964285714286,0.2974047318732561,0.3333333333333333,0.0789776000019628
128,0.01,32,Softmax,1000,0.3191964285714286,0.2974047318732561,0.3333333333333333,0.0673816999915288
128,0.01,64,ReLU,50,0.3169642857142857,0.304016354016354,0.324074074074074,0.056560700002592
128,0.01,64,ReLU,100,0.3169642857142857,0.304016354016354,0.324074074074074,0.0674435999972047
128,0.01,64,ReLU,300,0.3169642857142857,0.304016354016354,0.324074074074074,0.0683340999967185
128,0.01,64,ReLU,500,0.3169642857142857,0.304016354016354,0.324074074074074,0.0685263000050326
128,0.01,64,ReLU,1000,0.3169642857142857,0.304016354016354,0.324074074074074,0.0569626000069547
128,0.01,64,Tanh,50,0.3597470238095238,0.3157356703890576,0.3703703703703703,0.0463044999924022
128,0.01,64,Tanh,100,0.3597470238095238,0.3157356703890576,0.3703703703703703,0.0476877999899443
128,0.01,64,Tanh,300,0.3597470238095238,0.3157356703890576,0.3703703703703703,0.0477072999929077
128,0.01,64,Tanh,500,0.3597470238095238,0.3157356703890576,0.3703703703703703,0.0467817000026116
128,0.01,64,Tanh,1000,0.3597470238095238,0.3157356703890576,0.3703703703703703,0.0481906999921193
128,0.01,64,Sigmoid,50,0.3061755952380952,0.2716570646922521,0.3055555555555556,0.0667832000035559
128,0.01,64,Sigmoid,100,0.3061755952380952,0.2716570646922521,0.3055555555555556,0.0684525999968173
128,0.01,64,Sigmoid,300,0.3061755952380952,0.2716570646922521,0.3055555555555556,0.0784864000015659
128,0.01,64,Sigmoid,500,0.3061755952380952,0.2716570646922521,0.3055555555555556,0.0567685999994864
128,0.01,64,Sigmoid,1000,0.3061755952380952,0.2716570646922521,0.3055555555555556,0.0569840999960433
128,0.01,64,GELU,50,0.3169642857142857,0.304016354016354,0.324074074074074,0.0677286000136518
128,0.01,64,GELU,100,0.3169642857142857,0.304016354016354,0.324074074074074,0.0566619999881368
128,0.01,64,GELU,300,0.3169642857142857,0.304016354016354,0.324074074074074,0.0666647000034572
128,0.01,64,GELU,500,0.3169642857142857,0.304016354016354,0.324074074074074,0.0677331999904709
128,0.01,64,GELU,1000,0.3169642857142857,0.304016354016354,0.324074074074074,0.0572471000050427
128,0.01,64,Softmax,50,0.3169642857142857,0.304016354016354,0.324074074074074,0.0566869000031147
128,0.01,64,Softmax,100,0.3169642857142857,0.304016354016354,0.324074074074074,0.068179499998223
128,0.01,64,Softmax,300,0.3169642857142857,0.304016354016354,0.324074074074074,0.0669123999978182
128,0.01,64,Softmax,500,0.3169642857142857,0.304016354016354,0.324074074074074,0.0675511000008555
128,0.01,64,Softmax,1000,0.3169642857142857,0.304016354016354,0.324074074074074,0.0690505000093253
128,0.01,128,ReLU,50,0.2816220238095238,0.2682825254039647,0.2962962962962963,0.0461148999893339
128,0.01,128,ReLU,100,0.2816220238095238,0.2682825254039647,0.2962962962962963,0.0568568000016966
128,0.01,128,ReLU,300,0.2816220238095238,0.2682825254039647,0.2962962962962963,0.0684121000085724
128,0.01,128,ReLU,500,0.2816220238095238,0.2682825254039647,0.2962962962962963,0.067234100002679
128,0.01,128,ReLU,1000,0.2816220238095238,0.2682825254039647,0.2962962962962963,0.068673799993121
128,0.01,128,Tanh,50,0.3225446428571428,0.2991071428571428,0.3333333333333333,0.0448908999969717
128,0.01,128,Tanh,100,0.3225446428571428,0.2991071428571428,0.3333333333333333,0.0466345000022556
128,0.01,128,Tanh,300,0.3225446428571428,0.2991071428571428,0.3333333333333333,0.0461681000015232
128,0.01,128,Tanh,500,0.3225446428571428,0.2991071428571428,0.3333333333333333,0.0459891999926185
128,0.01,128,Tanh,1000,0.3225446428571428,0.2991071428571428,0.3333333333333333,0.0464427999977488
128,0.01,128,Sigmoid,50,0.2961309523809523,0.2365452091767881,0.2962962962962963,0.059886600007303
128,0.01,128,Sigmoid,100,0.2961309523809523,0.2365452091767881,0.2962962962962963,0.0574202999996487
128,0.01,128,Sigmoid,300,0.2961309523809523,0.2365452091767881,0.2962962962962963,0.0569433999917237
128,0.01,128,Sigmoid,500,0.2961309523809523,0.2365452091767881,0.2962962962962963,0.0467178000108106
128,0.01,128,Sigmoid,1000,0.2961309523809523,0.2365452091767881,0.2962962962962963,0.0471396999928401
128,0.01,128,GELU,50,0.2816220238095238,0.2682825254039647,0.2962962962962963,0.0459120000014081
128,0.01,128,GELU,100,0.2816220238095238,0.2682825254039647,0.2962962962962963,0.0475489999953424
128,0.01,128,GELU,300,0.2816220238095238,0.2682825254039647,0.2962962962962963,0.0464419999916572
128,0.01,128,GELU,500,0.2816220238095238,0.2682825254039647,0.2962962962962963,0.0556216999975731
128,0.01,128,GELU,1000,0.2816220238095238,0.2682825254039647,0.2962962962962963,0.0375093999900855
128,0.01,128,Softmax,50,0.2816220238095238,0.2682825254039647,0.2962962962962963,0.0467045999976107
128,0.01,128,Softmax,100,0.2816220238095238,0.2682825254039647,0.2962962962962963,0.04617820000567
128,0.01,128,Softmax,300,0.2816220238095238,0.2682825254039647,0.2962962962962963,0.0474986000044737
128,0.01,128,Softmax,500,0.2816220238095238,0.2682825254039647,0.2962962962962963,0.0455788999970536
128,0.01,128,Softmax,1000,0.2816220238095238,0.2682825254039647,0.2962962962962963,0.0460541999927954
128,0.001,8,ReLU,50,0.2473958333333333,0.2292031353327887,0.2592592592592592,0.1416009999957168
128,0.001,8,ReLU,100,0.2473958333333333,0.2292031353327887,0.2592592592592592,0.1414622000011149
128,0.001,8,ReLU,300,0.2473958333333333,0.2292031353327887,0.2592592592592592,0.1514181999955326
128,0.001,8,ReLU,500,0.2473958333333333,0.2292031353327887,0.2592592592592592,0.140559999999823
128,0.001,8,ReLU,1000,0.2473958333333333,0.2292031353327887,0.2592592592592592,0.1720824999938486
128,0.001,8,Tanh,50,0.2816220238095238,0.2541666666666666,0.2962962962962963,0.1516425000008894
128,0.001,8,Tanh,100,0.2816220238095238,0.2541666666666666,0.2962962962962963,0.1416852000111248
128,0.001,8,Tanh,300,0.2816220238095238,0.2541666666666666,0.2962962962962963,0.1299806999886641
128,0.001,8,Tanh,500,0.2816220238095238,0.2541666666666666,0.2962962962962963,0.1562554999982239
128,0.001,8,Tanh,1000,0.2816220238095238,0.2541666666666666,0.2962962962962963,0.1198403000016696
128,0.001,8,Sigmoid,50,0.2299107142857143,0.2026753585250783,0.25,0.1095483000099193
128,0.001,8,Sigmoid,100,0.2299107142857143,0.2026753585250783,0.25,0.1309807999932672
128,0.001,8,Sigmoid,300,0.2299107142857143,0.2026753585250783,0.25,0.1291466999973636
128,0.001,8,Sigmoid,500,0.2299107142857143,0.2026753585250783,0.25,0.1190378000028431
128,0.001,8,Sigmoid,1000,0.2299107142857143,0.2026753585250783,0.25,0.1295096000103512
128,0.001,8,GELU,50,0.2473958333333333,0.2292031353327887,0.2592592592592592,0.1296652000019094
128,0.001,8,GELU,100,0.2473958333333333,0.2292031353327887,0.2592592592592592,0.1396921999985352
128,0.001,8,GELU,300,0.2473958333333333,0.2292031353327887,0.2592592592592592,0.1305087999935494
128,0.001,8,GELU,500,0.2473958333333333,0.2292031353327887,0.2592592592592592,0.1509718000015709
128,0.001,8,GELU,1000,0.2473958333333333,0.2292031353327887,0.2592592592592592,0.1500981999997748
128,0.001,8,Softmax,50,0.2473958333333333,0.2292031353327887,0.2592592592592592,0.1305482000025222
128,0.001,8,Softmax,100,0.2473958333333333,0.2292031353327887,0.2592592592592592,0.1300025999953504
128,0.001,8,Softmax,300,0.2473958333333333,0.2292031353327887,0.2592592592592592,0.1409091999958036
128,0.001,8,Softmax,500,0.2473958333333333,0.2292031353327887,0.2592592592592592,0.1306648000027053
128,0.001,8,Softmax,1000,0.2473958333333333,0.2292031353327887,0.2592592592592592,0.1401012999995146
128,0.001,16,ReLU,50,0.2154017857142857,0.2095105226684174,0.2222222222222222,0.0991318000014871
128,0.001,16,ReLU,100,0.2154017857142857,0.2095105226684174,0.2222222222222222,0.0891021999996155
128,0.001,16,ReLU,300,0.2154017857142857,0.2095105226684174,0.2222222222222222,0.0877839000022504
128,0.001,16,ReLU,500,0.2154017857142857,0.2095105226684174,0.2222222222222222,0.1086715999990701
128,0.001,16,ReLU,1000,0.2154017857142857,0.2095105226684174,0.2222222222222222,0.099334300000919
128,0.001,16,Tanh,50,0.2496279761904762,0.2273212898212898,0.2685185185185185,0.1075809999892953
128,0.001,16,Tanh,100,0.2496279761904762,0.2273212898212898,0.2685185185185185,0.1185857999953441
128,0.001,16,Tanh,300,0.2496279761904762,0.2273212898212898,0.2685185185185185,0.130548600005568
128,0.001,16,Tanh,500,0.2496279761904762,0.2273212898212898,0.2685185185185185,0.1403152999992016
128,0.001,16,Tanh,1000,0.2496279761904762,0.2273212898212898,0.2685185185185185,0.108772499996121
128,0.001,16,Sigmoid,50,0.2507440476190476,0.2312043242306669,0.2685185185185185,0.0791403999901376
128,0.001,16,Sigmoid,100,0.2507440476190476,0.2312043242306669,0.2685185185185185,0.0681692000071052
128,0.001,16,Sigmoid,300,0.2507440476190476,0.2312043242306669,0.2685185185185185,0.0694591000064974
128,0.001,16,Sigmoid,500,0.2507440476190476,0.2312043242306669,0.2685185185185185,0.0689155000000028
128,0.001,16,Sigmoid,1000,0.2507440476190476,0.2312043242306669,0.2685185185185185,0.068496399995638
128,0.001,16,GELU,50,0.2154017857142857,0.2095105226684174,0.2222222222222222,0.0996429999941028
128,0.001,16,GELU,100,0.2154017857142857,0.2095105226684174,0.2222222222222222,0.0884331000124802
128,0.001,16,GELU,300,0.2154017857142857,0.2095105226684174,0.2222222222222222,0.1298959999985527
128,0.001,16,GELU,500,0.2154017857142857,0.2095105226684174,0.2222222222222222,0.108873199991649
128,0.001,16,GELU,1000,0.2154017857142857,0.2095105226684174,0.2222222222222222,0.1191210000106366
128,0.001,16,Softmax,50,0.2154017857142857,0.2095105226684174,0.2222222222222222,0.0985606000031111
128,0.001,16,Softmax,100,0.2154017857142857,0.2095105226684174,0.2222222222222222,0.0879612000135239
128,0.001,16,Softmax,300,0.2154017857142857,0.2095105226684174,0.2222222222222222,0.087995800000499
128,0.001,16,Softmax,500,0.2154017857142857,0.2095105226684174,0.2222222222222222,0.0975697999965632
128,0.001,16,Softmax,1000,0.2154017857142857,0.2095105226684174,0.2222222222222222,0.1305599000043003
128,0.001,32,ReLU,50,0.2566964285714286,0.2467461451836451,0.2685185185185185,0.079485400012345
128,0.001,32,ReLU,100,0.2566964285714286,0.2467461451836451,0.2685185185185185,0.0883299999986775
128,0.001,32,ReLU,300,0.2566964285714286,0.2467461451836451,0.2685185185185185,0.0893704000045545
128,0.001,32,ReLU,500,0.2566964285714286,0.2467461451836451,0.2685185185185185,0.0676846999995177
128,0.001,32,ReLU,1000,0.2566964285714286,0.2467461451836451,0.2685185185185185,0.0778720999951474
128,0.001,32,Tanh,50,0.244047619047619,0.2204611276017936,0.2592592592592592,0.0566428000020096
128,0.001,32,Tanh,100,0.244047619047619,0.2204611276017936,0.2592592592592592,0.0575836000061826
128,0.001,32,Tanh,300,0.244047619047619,0.2204611276017936,0.2592592592592592,0.0566344000108074
128,0.001,32,Tanh,500,0.244047619047619,0.2204611276017936,0.2592592592592592,0.0565300000016577
128,0.001,32,Tanh,1000,0.244047619047619,0.2204611276017936,0.2592592592592592,0.0685016999923391
128,0.001,32,Sigmoid,50,0.2269345238095237,0.1939839572192513,0.2407407407407407,0.0461108000017702
128,0.001,32,Sigmoid,100,0.2269345238095237,0.1939839572192513,0.2407407407407407,0.0567089000105625
128,0.001,32,Sigmoid,300,0.2269345238095237,0.1939839572192513,0.2407407407407407,0.0576352000061888
128,0.001,32,Sigmoid,500,0.2269345238095237,0.1939839572192513,0.2407407407407407,0.058412500002305
128,0.001,32,Sigmoid,1000,0.2269345238095237,0.1939839572192513,0.2407407407407407,0.047707799996715
128,0.001,32,GELU,50,0.2566964285714286,0.2467461451836451,0.2685185185185185,0.0684997000062139
128,0.001,32,GELU,100,0.2566964285714286,0.2467461451836451,0.2685185185185185,0.0769902000029105
128,0.001,32,GELU,300,0.2566964285714286,0.2467461451836451,0.2685185185185185,0.0571850999986054
128,0.001,32,GELU,500,0.2566964285714286,0.2467461451836451,0.2685185185185185,0.0676727000100072
128,0.001,32,GELU,1000,0.2566964285714286,0.2467461451836451,0.2685185185185185,0.0670111000072211
128,0.001,32,Softmax,50,0.2566964285714286,0.2467461451836451,0.2685185185185185,0.0772559000033652
128,0.001,32,Softmax,100,0.2566964285714286,0.2467461451836451,0.2685185185185185,0.0670689999969909
128,0.001,32,Softmax,300,0.2566964285714286,0.2467461451836451,0.2685185185185185,0.0887206999905174
128,0.001,32,Softmax,500,0.2566964285714286,0.2467461451836451,0.2685185185185185,0.0672279999998863
128,0.001,32,Softmax,1000,0.2566964285714286,0.2467461451836451,0.2685185185185185,0.0779772000096272
128,0.001,64,ReLU,50,0.2131696428571428,0.1928673015213021,0.2314814814814814,0.0599748999957228
128,0.001,64,ReLU,100,0.2131696428571428,0.1928673015213021,0.2314814814814814,0.0675599999958649
128,0.001,64,ReLU,300,0.2131696428571428,0.1928673015213021,0.2314814814814814,0.0572208999947179
128,0.001,64,ReLU,500,0.2131696428571428,0.1928673015213021,0.2314814814814814,0.0663313999975798
128,0.001,64,ReLU,1000,0.2131696428571428,0.1928673015213021,0.2314814814814814,0.0664355000044452
128,0.001,64,Tanh,50,0.2094494047619047,0.1915942435286421,0.2222222222222222,0.0668022000027122
128,0.001,64,Tanh,100,0.2094494047619047,0.1915942435286421,0.2222222222222222,0.0466371000075014
128,0.001,64,Tanh,300,0.2094494047619047,0.1915942435286421,0.2222222222222222,0.0562996000080602
128,0.001,64,Tanh,500,0.2094494047619047,0.1915942435286421,0.2222222222222222,0.066730099992128
128,0.001,64,Tanh,1000,0.2094494047619047,0.1915942435286421,0.2222222222222222,0.0571239999990211
128,0.001,64,Sigmoid,50,0.2689732142857143,0.214632317573494,0.2777777777777778,0.0473283000028459
128,0.001,64,Sigmoid,100,0.2689732142857143,0.214632317573494,0.2777777777777778,0.0467395000014221
128,0.001,64,Sigmoid,300,0.2689732142857143,0.214632317573494,0.2777777777777778,0.047789999996894
128,0.001,64,Sigmoid,500,0.2689732142857143,0.214632317573494,0.2777777777777778,0.0463212999893585
128,0.001,64,Sigmoid,1000,0.2689732142857143,0.214632317573494,0.2777777777777778,0.0482684999878983
128,0.001,64,GELU,50,0.2131696428571428,0.1928673015213021,0.2314814814814814,0.0566348000138532
128,0.001,64,GELU,100,0.2131696428571428,0.1928673015213021,0.2314814814814814,0.0565060999942943
128,0.001,64,GELU,300,0.2131696428571428,0.1928673015213021,0.2314814814814814,0.0565872000006493
128,0.001,64,GELU,500,0.2131696428571428,0.1928673015213021,0.2314814814814814,0.0559715999988839
128,0.001,64,GELU,1000,0.2131696428571428,0.1928673015213021,0.2314814814814814,0.0562927000137278
128,0.001,64,Softmax,50,0.2131696428571428,0.1928673015213021,0.2314814814814814,0.0568512000027112
128,0.001,64,Softmax,100,0.2131696428571428,0.1928673015213021,0.2314814814814814,0.0570416999980807
128,0.001,64,Softmax,300,0.2131696428571428,0.1928673015213021,0.2314814814814814,0.0461202000005869
128,0.001,64,Softmax,500,0.2131696428571428,0.1928673015213021,0.2314814814814814,0.0588420999993104
128,0.001,64,Softmax,1000,0.2131696428571428,0.1928673015213021,0.2314814814814814,0.0569156999990809
128,0.001,128,ReLU,50,0.2090773809523809,0.1992094866460999,0.2222222222222222,0.0576476999995065
128,0.001,128,ReLU,100,0.2090773809523809,0.1992094866460999,0.2222222222222222,0.0676965000020572
128,0.001,128,ReLU,300,0.2090773809523809,0.1992094866460999,0.2222222222222222,0.0733979999931762
128,0.001,128,ReLU,500,0.2090773809523809,0.1992094866460999,0.2222222222222222,0.0560477999970316
128,0.001,128,ReLU,1000,0.2090773809523809,0.1992094866460999,0.2222222222222222,0.0560599999880651
128,0.001,128,Tanh,50,0.2455357142857143,0.215715920235371,0.2685185185185185,0.0560678000038024
128,0.001,128,Tanh,100,0.2455357142857143,0.215715920235371,0.2685185185185185,0.0580235000088578
128,0.001,128,Tanh,300,0.2455357142857143,0.215715920235371,0.2685185185185185,0.0669106999994255
128,0.001,128,Tanh,500,0.2455357142857143,0.215715920235371,0.2685185185185185,0.057554799990612
128,0.001,128,Tanh,1000,0.2455357142857143,0.215715920235371,0.2685185185185185,0.0571927000128198
128,0.001,128,Sigmoid,50,0.2299107142857142,0.1822616594474115,0.2314814814814814,0.0473966999998083
128,0.001,128,Sigmoid,100,0.2299107142857142,0.1822616594474115,0.2314814814814814,0.0465206000080797
128,0.001,128,Sigmoid,300,0.2299107142857142,0.1822616594474115,0.2314814814814814,0.0456280000071274
128,0.001,128,Sigmoid,500,0.2299107142857142,0.1822616594474115,0.2314814814814814,0.0456323999969754
128,0.001,128,Sigmoid,1000,0.2299107142857142,0.1822616594474115,0.2314814814814814,0.0466948000103002
128,0.001,128,GELU,50,0.2090773809523809,0.1992094866460999,0.2222222222222222,0.0673368999996455
128,0.001,128,GELU,100,0.2090773809523809,0.1992094866460999,0.2222222222222222,0.0564047000079881
128,0.001,128,GELU,300,0.2090773809523809,0.1992094866460999,0.2222222222222222,0.0563361999957123
128,0.001,128,GELU,500,0.2090773809523809,0.1992094866460999,0.2222222222222222,0.0566755000036209
128,0.001,128,GELU,1000,0.2090773809523809,0.1992094866460999,0.2222222222222222,0.0549232000048505
128,0.001,128,Softmax,50,0.2090773809523809,0.1992094866460999,0.2222222222222222,0.0560593999980483
128,0.001,128,Softmax,100,0.2090773809523809,0.1992094866460999,0.2222222222222222,0.0555828999931691
128,0.001,128,Softmax,300,0.2090773809523809,0.1992094866460999,0.2222222222222222,0.0567464999912772
128,0.001,128,Softmax,500,0.2090773809523809,0.1992094866460999,0.2222222222222222,0.0570040000020526
128,0.001,128,Softmax,1000,0.2090773809523809,0.1992094866460999,0.2222222222222222,0.0565591000049607
128,0.0001,8,ReLU,50,0.1979166666666666,0.1727077687443541,0.2129629629629629,0.1404155999916838
128,0.0001,8,ReLU,100,0.1979166666666666,0.1727077687443541,0.2129629629629629,0.1296493999980157
128,0.0001,8,ReLU,300,0.1979166666666666,0.1727077687443541,0.2129629629629629,0.1288994999922579
128,0.0001,8,ReLU,500,0.1979166666666666,0.1727077687443541,0.2129629629629629,0.1436248000100022
128,0.0001,8,ReLU,1000,0.1979166666666666,0.1727077687443541,0.2129629629629629,0.1404127999994671
128,0.0001,8,Tanh,50,0.2172619047619047,0.1788000766724171,0.2407407407407407,0.1525263000075938
128,0.0001,8,Tanh,100,0.2172619047619047,0.1788000766724171,0.2407407407407407,0.1413621999963652
128,0.0001,8,Tanh,300,0.2172619047619047,0.1788000766724171,0.2407407407407407,0.1513578000012785
128,0.0001,8,Tanh,500,0.2172619047619047,0.1788000766724171,0.2407407407407407,0.1407518000050913
128,0.0001,8,Tanh,1000,0.2172619047619047,0.1788000766724171,0.2407407407407407,0.1505954000022029
128,0.0001,8,Sigmoid,50,0.2570684523809524,0.1962562780861749,0.25,0.1310184000030858
128,0.0001,8,Sigmoid,100,0.2570684523809524,0.1962562780861749,0.25,0.1097136000025784
128,0.0001,8,Sigmoid,300,0.2570684523809524,0.1962562780861749,0.25,0.1192426000052364
128,0.0001,8,Sigmoid,500,0.2570684523809524,0.1962562780861749,0.25,0.1203474999929312
128,0.0001,8,Sigmoid,1000,0.2570684523809524,0.1962562780861749,0.25,0.1301412999891908
128,0.0001,8,GELU,50,0.1979166666666666,0.1727077687443541,0.2129629629629629,0.1405733999999938
128,0.0001,8,GELU,100,0.1979166666666666,0.1727077687443541,0.2129629629629629,0.1307861999957822
128,0.0001,8,GELU,300,0.1979166666666666,0.1727077687443541,0.2129629629629629,0.12895220000064
128,0.0001,8,GELU,500,0.1979166666666666,0.1727077687443541,0.2129629629629629,0.1293797999969683
128,0.0001,8,GELU,1000,0.1979166666666666,0.1727077687443541,0.2129629629629629,0.1294811999978264
128,0.0001,8,Softmax,50,0.1979166666666666,0.1727077687443541,0.2129629629629629,0.1199005999951623
128,0.0001,8,Softmax,100,0.1979166666666666,0.1727077687443541,0.2129629629629629,0.1191295000026002
128,0.0001,8,Softmax,300,0.1979166666666666,0.1727077687443541,0.2129629629629629,0.131337099999655
128,0.0001,8,Softmax,500,0.1979166666666666,0.1727077687443541,0.2129629629629629,0.1416246000007959
128,0.0001,8,Softmax,1000,0.1979166666666666,0.1727077687443541,0.2129629629629629,0.1200935000088065
128,0.0001,16,ReLU,50,0.206845238095238,0.1812865497076023,0.2222222222222222,0.0988254999974742
128,0.0001,16,ReLU,100,0.206845238095238,0.1812865497076023,0.2222222222222222,0.0775540999893564
128,0.0001,16,ReLU,300,0.206845238095238,0.1812865497076023,0.2222222222222222,0.088206500004162
128,0.0001,16,ReLU,500,0.206845238095238,0.1812865497076023,0.2222222222222222,0.1015551000018604
128,0.0001,16,ReLU,1000,0.206845238095238,0.1812865497076023,0.2222222222222222,0.0875640000012936
128,0.0001,16,Tanh,50,0.2198660714285714,0.1866839301049827,0.2407407407407407,0.0664917000103741
128,0.0001,16,Tanh,100,0.2198660714285714,0.1866839301049827,0.2407407407407407,0.0695154999993974
128,0.0001,16,Tanh,300,0.2198660714285714,0.1866839301049827,0.2407407407407407,0.0690599999943515
128,0.0001,16,Tanh,500,0.2198660714285714,0.1866839301049827,0.2407407407407407,0.0586715999961597
128,0.0001,16,Tanh,1000,0.2198660714285714,0.1866839301049827,0.2407407407407407,0.0586901999922702
128,0.0001,16,Sigmoid,50,0.2637648809523809,0.181499392209714,0.25,0.0903245000081369
128,0.0001,16,Sigmoid,100,0.2637648809523809,0.181499392209714,0.25,0.0986015999951632
128,0.0001,16,Sigmoid,300,0.2637648809523809,0.181499392209714,0.25,0.0989785999990999
128,0.0001,16,Sigmoid,500,0.2637648809523809,0.181499392209714,0.25,0.0876608999969903
128,0.0001,16,Sigmoid,1000,0.2637648809523809,0.181499392209714,0.25,0.0778606999956537
128,0.0001,16,GELU,50,0.206845238095238,0.1812865497076023,0.2222222222222222,0.0885188000102061
128,0.0001,16,GELU,100,0.206845238095238,0.1812865497076023,0.2222222222222222,0.0774840999947628
128,0.0001,16,GELU,300,0.206845238095238,0.1812865497076023,0.2222222222222222,0.0887097000086214
128,0.0001,16,GELU,500,0.206845238095238,0.1812865497076023,0.2222222222222222,0.088589499995578
128,0.0001,16,GELU,1000,0.206845238095238,0.1812865497076023,0.2222222222222222,0.0877206000004662
128,0.0001,16,Softmax,50,0.206845238095238,0.1812865497076023,0.2222222222222222,0.0789165999885881
128,0.0001,16,Softmax,100,0.206845238095238,0.1812865497076023,0.2222222222222222,0.0772668999998131
128,0.0001,16,Softmax,300,0.206845238095238,0.1812865497076023,0.2222222222222222,0.0862923999957274
128,0.0001,16,Softmax,500,0.206845238095238,0.1812865497076023,0.2222222222222222,0.0768113999947672
128,0.0001,16,Softmax,1000,0.206845238095238,0.1812865497076023,0.2222222222222222,0.097451000008732
128,0.0001,32,ReLU,50,0.2172619047619047,0.1915869218500797,0.2314814814814814,0.0599884999974165
128,0.0001,32,ReLU,100,0.2172619047619047,0.1915869218500797,0.2314814814814814,0.0580038000043714
128,0.0001,32,ReLU,300,0.2172619047619047,0.1915869218500797,0.2314814814814814,0.0458404999953927
128,0.0001,32,ReLU,500,0.2172619047619047,0.1915869218500797,0.2314814814814814,0.0465719999920111
128,0.0001,32,ReLU,1000,0.2172619047619047,0.1915869218500797,0.2314814814814814,0.0568841000058455
128,0.0001,32,Tanh,50,0.2287946428571428,0.1948875102443666,0.25,0.0460958000039681
128,0.0001,32,Tanh,100,0.2287946428571428,0.1948875102443666,0.25,0.0575092999933986
128,0.0001,32,Tanh,300,0.2287946428571428,0.1948875102443666,0.25,0.0473803999921074
128,0.0001,32,Tanh,500,0.2287946428571428,0.1948875102443666,0.25,0.0590929000027244
128,0.0001,32,Tanh,1000,0.2287946428571428,0.1948875102443666,0.25,0.0582169000117573
128,0.0001,32,Sigmoid,50,0.25,0.0909090909090909,0.2222222222222222,0.0581379999930504
128,0.0001,32,Sigmoid,100,0.25,0.0909090909090909,0.2222222222222222,0.0585619999910704
128,0.0001,32,Sigmoid,300,0.25,0.0909090909090909,0.2222222222222222,0.0472204999969108
128,0.0001,32,Sigmoid,500,0.25,0.0909090909090909,0.2222222222222222,0.0468606999929761
128,0.0001,32,Sigmoid,1000,0.25,0.0909090909090909,0.2222222222222222,0.0569636000000173
128,0.0001,32,GELU,50,0.2172619047619047,0.1915869218500797,0.2314814814814814,0.0479321999882813
128,0.0001,32,GELU,100,0.2172619047619047,0.1915869218500797,0.2314814814814814,0.0784140999894589
128,0.0001,32,GELU,300,0.2172619047619047,0.1915869218500797,0.2314814814814814,0.0587408999999752
128,0.0001,32,GELU,500,0.2172619047619047,0.1915869218500797,0.2314814814814814,0.0460479000030318
128,0.0001,32,GELU,1000,0.2172619047619047,0.1915869218500797,0.2314814814814814,0.0558645999990403
128,0.0001,32,Softmax,50,0.2172619047619047,0.1915869218500797,0.2314814814814814,0.0580546999990474
128,0.0001,32,Softmax,100,0.2172619047619047,0.1915869218500797,0.2314814814814814,0.0557592999975895
128,0.0001,32,Softmax,300,0.2172619047619047,0.1915869218500797,0.2314814814814814,0.0576120000041555
128,0.0001,32,Softmax,500,0.2172619047619047,0.1915869218500797,0.2314814814814814,0.0584978999977465
128,0.0001,32,Softmax,1000,0.2172619047619047,0.1915869218500797,0.2314814814814814,0.0550462999963201
128,0.0001,64,ReLU,50,0.2172619047619047,0.1915869218500797,0.2314814814814814,0.046336200000951
128,0.0001,64,ReLU,100,0.2172619047619047,0.1915869218500797,0.2314814814814814,0.0579629999992903
128,0.0001,64,ReLU,300,0.2172619047619047,0.1915869218500797,0.2314814814814814,0.0564426000055391
128,0.0001,64,ReLU,500,0.2172619047619047,0.1915869218500797,0.2314814814814814,0.0475406000041402
128,0.0001,64,ReLU,1000,0.2172619047619047,0.1915869218500797,0.2314814814814814,0.0461754999996628
128,0.0001,64,Tanh,50,0.222470238095238,0.1927960927960928,0.2407407407407407,0.0469313000066904
128,0.0001,64,Tanh,100,0.222470238095238,0.1927960927960928,0.2407407407407407,0.046892200000002
128,0.0001,64,Tanh,300,0.222470238095238,0.1927960927960928,0.2407407407407407,0.0468263999937335
128,0.0001,64,Tanh,500,0.222470238095238,0.1927960927960928,0.2407407407407407,0.0456846000015502
128,0.0001,64,Tanh,1000,0.222470238095238,0.1927960927960928,0.2407407407407407,0.0461142999993171
128,0.0001,64,Sigmoid,50,0.25,0.0909090909090909,0.2222222222222222,0.0459838000097079
128,0.0001,64,Sigmoid,100,0.25,0.0909090909090909,0.2222222222222222,0.0460970000131055
128,0.0001,64,Sigmoid,300,0.25,0.0909090909090909,0.2222222222222222,0.0482841999910306
128,0.0001,64,Sigmoid,500,0.25,0.0909090909090909,0.2222222222222222,0.0450468999915756
128,0.0001,64,Sigmoid,1000,0.25,0.0909090909090909,0.2222222222222222,0.0469378999987384
128,0.0001,64,GELU,50,0.2172619047619047,0.1915869218500797,0.2314814814814814,0.0475625000108266
128,0.0001,64,GELU,100,0.2172619047619047,0.1915869218500797,0.2314814814814814,0.0566232999990461
128,0.0001,64,GELU,300,0.2172619047619047,0.1915869218500797,0.2314814814814814,0.0569060999987414
128,0.0001,64,GELU,500,0.2172619047619047,0.1915869218500797,0.2314814814814814,0.0563213000132236
128,0.0001,64,GELU,1000,0.2172619047619047,0.1915869218500797,0.2314814814814814,0.0561489000101573
128,0.0001,64,Softmax,50,0.2172619047619047,0.1915869218500797,0.2314814814814814,0.0578561000002082
128,0.0001,64,Softmax,100,0.2172619047619047,0.1915869218500797,0.2314814814814814,0.0467303000041283
128,0.0001,64,Softmax,300,0.2172619047619047,0.1915869218500797,0.2314814814814814,0.0569219999888446
128,0.0001,64,Softmax,500,0.2172619047619047,0.1915869218500797,0.2314814814814814,0.0576453000103356
128,0.0001,64,Softmax,1000,0.2172619047619047,0.1915869218500797,0.2314814814814814,0.0570705999998608
128,0.0001,128,ReLU,50,0.2172619047619047,0.1915869218500797,0.2314814814814814,0.0357595999957993
128,0.0001,128,ReLU,100,0.2172619047619047,0.1915869218500797,0.2314814814814814,0.0352969999948982
128,0.0001,128,ReLU,300,0.2172619047619047,0.1915869218500797,0.2314814814814814,0.0361276000039652
128,0.0001,128,ReLU,500,0.2172619047619047,0.1915869218500797,0.2314814814814814,0.0359137999912491
128,0.0001,128,ReLU,1000,0.2172619047619047,0.1915869218500797,0.2314814814814814,0.0360300000029383
128,0.0001,128,Tanh,50,0.222470238095238,0.1927960927960928,0.2407407407407407,0.0367548999929567
128,0.0001,128,Tanh,100,0.222470238095238,0.1927960927960928,0.2407407407407407,0.0354235000122571
128,0.0001,128,Tanh,300,0.222470238095238,0.1927960927960928,0.2407407407407407,0.0354877000063424
128,0.0001,128,Tanh,500,0.222470238095238,0.1927960927960928,0.2407407407407407,0.0361279000062495
128,0.0001,128,Tanh,1000,0.222470238095238,0.1927960927960928,0.2407407407407407,0.0371701999974902
128,0.0001,128,Sigmoid,50,0.25,0.0909090909090909,0.2222222222222222,0.0371537000028183
128,0.0001,128,Sigmoid,100,0.25,0.0909090909090909,0.2222222222222222,0.0370923000009497
128,0.0001,128,Sigmoid,300,0.25,0.0909090909090909,0.2222222222222222,0.0479641000129049
128,0.0001,128,Sigmoid,500,0.25,0.0909090909090909,0.2222222222222222,0.0359879000025102
128,0.0001,128,Sigmoid,1000,0.25,0.0909090909090909,0.2222222222222222,0.035512500006007
128,0.0001,128,GELU,50,0.2172619047619047,0.1915869218500797,0.2314814814814814,0.0470480999938445
128,0.0001,128,GELU,100,0.2172619047619047,0.1915869218500797,0.2314814814814814,0.0354592000076081
128,0.0001,128,GELU,300,0.2172619047619047,0.1915869218500797,0.2314814814814814,0.0357526000007055
128,0.0001,128,GELU,500,0.2172619047619047,0.1915869218500797,0.2314814814814814,0.0364496999973198
128,0.0001,128,GELU,1000,0.2172619047619047,0.1915869218500797,0.2314814814814814,0.0360700000019278
128,0.0001,128,Softmax,50,0.2172619047619047,0.1915869218500797,0.2314814814814814,0.0361622000054921
128,0.0001,128,Softmax,100,0.2172619047619047,0.1915869218500797,0.2314814814814814,0.0362190000014379
128,0.0001,128,Softmax,300,0.2172619047619047,0.1915869218500797,0.2314814814814814,0.0356653000053484
128,0.0001,128,Softmax,500,0.2172619047619047,0.1915869218500797,0.2314814814814814,0.0358768000005511
128,0.0001,128,Softmax,1000,0.2172619047619047,0.1915869218500797,0.2314814814814814,0.0465369000012287
128,0.00025,8,ReLU,50,0.1986607142857143,0.1815864803669681,0.2129629629629629,0.162185999986832
128,0.00025,8,ReLU,100,0.1986607142857143,0.1815864803669681,0.2129629629629629,0.1613044000114314
128,0.00025,8,ReLU,300,0.1986607142857143,0.1815864803669681,0.2129629629629629,0.1494387999991886
128,0.00025,8,ReLU,500,0.1986607142857143,0.1815864803669681,0.2129629629629629,0.1610648999921977
128,0.00025,8,ReLU,1000,0.1986607142857143,0.1815864803669681,0.2129629629629629,0.1494702999916626
128,0.00025,8,Tanh,50,0.2325148809523809,0.2145828351665869,0.25,0.1701146999985212
128,0.00025,8,Tanh,100,0.2325148809523809,0.2145828351665869,0.25,0.1404565000120783
128,0.00025,8,Tanh,300,0.2325148809523809,0.2145828351665869,0.25,0.1620492000074591
128,0.00025,8,Tanh,500,0.2325148809523809,0.2145828351665869,0.25,0.1716506000084336
128,0.00025,8,Tanh,1000,0.2325148809523809,0.2145828351665869,0.25,0.181758600010653
128,0.00025,8,Sigmoid,50,0.2920386904761904,0.2425308641975308,0.2962962962962963,0.119603700004518
128,0.00025,8,Sigmoid,100,0.2920386904761904,0.2425308641975308,0.2962962962962963,0.1318519999913405
128,0.00025,8,Sigmoid,300,0.2920386904761904,0.2425308641975308,0.2962962962962963,0.1423434000025736
128,0.00025,8,Sigmoid,500,0.2920386904761904,0.2425308641975308,0.2962962962962963,0.1411242000031052
128,0.00025,8,Sigmoid,1000,0.2920386904761904,0.2425308641975308,0.2962962962962963,0.1412348000012571
128,0.00025,8,GELU,50,0.1986607142857143,0.1815864803669681,0.2129629629629629,0.1527590000041527
128,0.00025,8,GELU,100,0.1986607142857143,0.1815864803669681,0.2129629629629629,0.160955900006229
128,0.00025,8,GELU,300,0.1986607142857143,0.1815864803669681,0.2129629629629629,0.1400646999973105
128,0.00025,8,GELU,500,0.1986607142857143,0.1815864803669681,0.2129629629629629,0.1612955000018701
128,0.00025,8,GELU,1000,0.1986607142857143,0.1815864803669681,0.2129629629629629,0.1506165000027977
128,0.00025,8,Softmax,50,0.1986607142857143,0.1815864803669681,0.2129629629629629,0.1710755999956745
128,0.00025,8,Softmax,100,0.1986607142857143,0.1815864803669681,0.2129629629629629,0.1431478000013157
128,0.00025,8,Softmax,300,0.1986607142857143,0.1815864803669681,0.2129629629629629,0.1603451999981189
128,0.00025,8,Softmax,500,0.1986607142857143,0.1815864803669681,0.2129629629629629,0.1390491999918595
128,0.00025,8,Softmax,1000,0.1986607142857143,0.1815864803669681,0.2129629629629629,0.1509445999981835
128,0.00025,16,ReLU,50,0.1875,0.1630882352941176,0.2037037037037037,0.1052824999933363
128,0.00025,16,ReLU,100,0.1875,0.1630882352941176,0.2037037037037037,0.1081528000067919
128,0.00025,16,ReLU,300,0.1875,0.1630882352941176,0.2037037037037037,0.0887109000032069
128,0.00025,16,ReLU,500,0.1875,0.1630882352941176,0.2037037037037037,0.108869700008654
128,0.00025,16,ReLU,1000,0.1875,0.1630882352941176,0.2037037037037037,0.0990325000020675
128,0.00025,16,Tanh,50,0.2261904761904762,0.1860215053763441,0.25,0.0770634000073187
128,0.00025,16,Tanh,100,0.2261904761904762,0.1860215053763441,0.25,0.077962600000319
128,0.00025,16,Tanh,300,0.2261904761904762,0.1860215053763441,0.25,0.0884704000054625
128,0.00025,16,Tanh,500,0.2261904761904762,0.1860215053763441,0.25,0.0790226999961305
128,0.00025,16,Tanh,1000,0.2261904761904762,0.1860215053763441,0.25,0.0680868000054033
128,0.00025,16,Sigmoid,50,0.2946428571428571,0.2405862216516902,0.2962962962962963,0.0889562999946065
128,0.00025,16,Sigmoid,100,0.2946428571428571,0.2405862216516902,0.2962962962962963,0.0774346999969566
128,0.00025,16,Sigmoid,300,0.2946428571428571,0.2405862216516902,0.2962962962962963,0.0787303999968571
128,0.00025,16,Sigmoid,500,0.2946428571428571,0.2405862216516902,0.2962962962962963,0.0676933000067947
128,0.00025,16,Sigmoid,1000,0.2946428571428571,0.2405862216516902,0.2962962962962963,0.0800045000069076
128,0.00025,16,GELU,50,0.1875,0.1630882352941176,0.2037037037037037,0.0783094000071287
128,0.00025,16,GELU,100,0.1875,0.1630882352941176,0.2037037037037037,0.0880650999897625
128,0.00025,16,GELU,300,0.1875,0.1630882352941176,0.2037037037037037,0.0968823000002885
128,0.00025,16,GELU,500,0.1875,0.1630882352941176,0.2037037037037037,0.0882351000036578
128,0.00025,16,GELU,1000,0.1875,0.1630882352941176,0.2037037037037037,0.0983644999942043
128,0.00025,16,Softmax,50,0.1875,0.1630882352941176,0.2037037037037037,0.0978993000026093
128,0.00025,16,Softmax,100,0.1875,0.1630882352941176,0.2037037037037037,0.0880557000054977
128,0.00025,16,Softmax,300,0.1875,0.1630882352941176,0.2037037037037037,0.0877360000013141
128,0.00025,16,Softmax,500,0.1875,0.1630882352941176,0.2037037037037037,0.0769778999965637
128,0.00025,16,Softmax,1000,0.1875,0.1630882352941176,0.2037037037037037,0.0969861000048695
128,0.00025,32,ReLU,50,0.1822916666666666,0.1615934422951966,0.1944444444444444,0.0678130000014789
128,0.00025,32,ReLU,100,0.1822916666666666,0.1615934422951966,0.1944444444444444,0.0772485999914351
128,0.00025,32,ReLU,300,0.1822916666666666,0.1615934422951966,0.1944444444444444,0.0769160000054398
128,0.00025,32,ReLU,500,0.1822916666666666,0.1615934422951966,0.1944444444444444,0.0662243999977363
128,0.00025,32,ReLU,1000,0.1822916666666666,0.1615934422951966,0.1944444444444444,0.077801499995985
128,0.00025,32,Tanh,50,0.2250744047619047,0.1836188832737581,0.25,0.065863800002262
128,0.00025,32,Tanh,100,0.2250744047619047,0.1836188832737581,0.25,0.0683615000016288
128,0.00025,32,Tanh,300,0.2250744047619047,0.1836188832737581,0.25,0.0673256999871227
128,0.00025,32,Tanh,500,0.2250744047619047,0.1836188832737581,0.25,0.0685358000046107
128,0.00025,32,Tanh,1000,0.2250744047619047,0.1836188832737581,0.25,0.0567729000031249
128,0.00025,32,Sigmoid,50,0.2916666666666666,0.2385273091728309,0.287037037037037,0.0572841999965021
128,0.00025,32,Sigmoid,100,0.2916666666666666,0.2385273091728309,0.287037037037037,0.0594322999968426
128,0.00025,32,Sigmoid,300,0.2916666666666666,0.2385273091728309,0.287037037037037,0.0583608000015374
128,0.00025,32,Sigmoid,500,0.2916666666666666,0.2385273091728309,0.287037037037037,0.0580265999888069
128,0.00025,32,Sigmoid,1000,0.2916666666666666,0.2385273091728309,0.287037037037037,0.057571099998313
128,0.00025,32,GELU,50,0.1822916666666666,0.1615934422951966,0.1944444444444444,0.0776945999969029
128,0.00025,32,GELU,100,0.1822916666666666,0.1615934422951966,0.1944444444444444,0.0890644999890355
128,0.00025,32,GELU,300,0.1822916666666666,0.1615934422951966,0.1944444444444444,0.0901623999961884
128,0.00025,32,GELU,500,0.1822916666666666,0.1615934422951966,0.1944444444444444,0.0896817000029841
128,0.00025,32,GELU,1000,0.1822916666666666,0.1615934422951966,0.1944444444444444,0.0786083999992115
128,0.00025,32,Softmax,50,0.1822916666666666,0.1615934422951966,0.1944444444444444,0.0783608000056119
128,0.00025,32,Softmax,100,0.1822916666666666,0.1615934422951966,0.1944444444444444,0.0784951000096043
128,0.00025,32,Softmax,300,0.1822916666666666,0.1615934422951966,0.1944444444444444,0.0891087999916635
128,0.00025,32,Softmax,500,0.1822916666666666,0.1615934422951966,0.1944444444444444,0.0881176999973831
128,0.00025,32,Softmax,1000,0.1822916666666666,0.1615934422951966,0.1944444444444444,0.0779908999975305
128,0.00025,64,ReLU,50,0.206845238095238,0.181082019360412,0.2222222222222222,0.0673254000139422
128,0.00025,64,ReLU,100,0.206845238095238,0.181082019360412,0.2222222222222222,0.0682337999896844
128,0.00025,64,ReLU,300,0.206845238095238,0.181082019360412,0.2222222222222222,0.0583015999873168
128,0.00025,64,ReLU,500,0.206845238095238,0.181082019360412,0.2222222222222222,0.0574897000042256
128,0.00025,64,ReLU,1000,0.206845238095238,0.181082019360412,0.2222222222222222,0.0689634000009391
128,0.00025,64,Tanh,50,0.2094494047619047,0.1729528535980148,0.2314814814814814,0.0591221000067889
128,0.00025,64,Tanh,100,0.2094494047619047,0.1729528535980148,0.2314814814814814,0.0787859999982174
128,0.00025,64,Tanh,300,0.2094494047619047,0.1729528535980148,0.2314814814814814,0.0745161999948322
128,0.00025,64,Tanh,500,0.2094494047619047,0.1729528535980148,0.2314814814814814,0.0582453999959398
128,0.00025,64,Tanh,1000,0.2094494047619047,0.1729528535980148,0.2314814814814814,0.0684172000037506
128,0.00025,64,Sigmoid,50,0.2522321428571428,0.1713869463869463,0.2407407407407407,0.0575400999950943
128,0.00025,64,Sigmoid,100,0.2522321428571428,0.1713869463869463,0.2407407407407407,0.0686401999992085
128,0.00025,64,Sigmoid,300,0.2522321428571428,0.1713869463869463,0.2407407407407407,0.0574701000005006
128,0.00025,64,Sigmoid,500,0.2522321428571428,0.1713869463869463,0.2407407407407407,0.0579812000069068
128,0.00025,64,Sigmoid,1000,0.2522321428571428,0.1713869463869463,0.2407407407407407,0.05757750000339
128,0.00025,64,GELU,50,0.206845238095238,0.181082019360412,0.2222222222222222,0.0696845000056782
128,0.00025,64,GELU,100,0.206845238095238,0.181082019360412,0.2222222222222222,0.0577395000000251
128,0.00025,64,GELU,300,0.206845238095238,0.181082019360412,0.2222222222222222,0.0571206000022357
128,0.00025,64,GELU,500,0.206845238095238,0.181082019360412,0.2222222222222222,0.0580837999877985
128,0.00025,64,GELU,1000,0.206845238095238,0.181082019360412,0.2222222222222222,0.0571374999999534
128,0.00025,64,Softmax,50,0.206845238095238,0.181082019360412,0.2222222222222222,0.0583761000016238
128,0.00025,64,Softmax,100,0.206845238095238,0.181082019360412,0.2222222222222222,0.0576586000097449
128,0.00025,64,Softmax,300,0.206845238095238,0.181082019360412,0.2222222222222222,0.0557962999882875
128,0.00025,64,Softmax,500,0.206845238095238,0.181082019360412,0.2222222222222222,0.057720299999346
128,0.00025,64,Softmax,1000,0.206845238095238,0.181082019360412,0.2222222222222222,0.0568294999975478
128,0.00025,128,ReLU,50,0.2172619047619047,0.1915869218500797,0.2314814814814814,0.0464150999905541
128,0.00025,128,ReLU,100,0.2172619047619047,0.1915869218500797,0.2314814814814814,0.0471467000024858
128,0.00025,128,ReLU,300,0.2172619047619047,0.1915869218500797,0.2314814814814814,0.0462166999932378
128,0.00025,128,ReLU,500,0.2172619047619047,0.1915869218500797,0.2314814814814814,0.0471660000039264
128,0.00025,128,ReLU,1000,0.2172619047619047,0.1915869218500797,0.2314814814814814,0.0475021000020206
128,0.00025,128,Tanh,50,0.2198660714285714,0.1865808986571585,0.2407407407407407,0.0463407000061124
128,0.00025,128,Tanh,100,0.2198660714285714,0.1865808986571585,0.2407407407407407,0.0462947000050917
128,0.00025,128,Tanh,300,0.2198660714285714,0.1865808986571585,0.2407407407407407,0.0456951000087428
128,0.00025,128,Tanh,500,0.2198660714285714,0.1865808986571585,0.2407407407407407,0.0373970000073313
128,0.00025,128,Tanh,1000,0.2198660714285714,0.1865808986571585,0.2407407407407407,0.0483305000088876
128,0.00025,128,Sigmoid,50,0.2395833333333333,0.1467469446441409,0.2222222222222222,0.0584619000001112
128,0.00025,128,Sigmoid,100,0.2395833333333333,0.1467469446441409,0.2222222222222222,0.047186399999191
128,0.00025,128,Sigmoid,300,0.2395833333333333,0.1467469446441409,0.2222222222222222,0.0694688000075984
128,0.00025,128,Sigmoid,500,0.2395833333333333,0.1467469446441409,0.2222222222222222,0.0474555999971926
128,0.00025,128,Sigmoid,1000,0.2395833333333333,0.1467469446441409,0.2222222222222222,0.0473966999998083
128,0.00025,128,GELU,50,0.2172619047619047,0.1915869218500797,0.2314814814814814,0.046621800007415
128,0.00025,128,GELU,100,0.2172619047619047,0.1915869218500797,0.2314814814814814,0.0475729999889154
128,0.00025,128,GELU,300,0.2172619047619047,0.1915869218500797,0.2314814814814814,0.046942900007707
128,0.00025,128,GELU,500,0.2172619047619047,0.1915869218500797,0.2314814814814814,0.047355199989397
128,0.00025,128,GELU,1000,0.2172619047619047,0.1915869218500797,0.2314814814814814,0.0480432000040309
128,0.00025,128,Softmax,50,0.2172619047619047,0.1915869218500797,0.2314814814814814,0.048661799999536
128,0.00025,128,Softmax,100,0.2172619047619047,0.1915869218500797,0.2314814814814814,0.0459202999918488
128,0.00025,128,Softmax,300,0.2172619047619047,0.1915869218500797,0.2314814814814814,0.0455064999987371
128,0.00025,128,Softmax,500,0.2172619047619047,0.1915869218500797,0.2314814814814814,0.035975499995402
128,0.00025,128,Softmax,1000,0.2172619047619047,0.1915869218500797,0.2314814814814814,0.0352685999969253
