Hidden_Neurons,Learning_Rate,Batch_Size,Activation_Function,Epochs,Balanced_Accuracy,Macro F1 Score,Accuracy,Time(s)
8,0.01,8,ReLU,50,0.6448857076887555,0.6449122807017544,0.6515151515151515,0.27981980005279183
8,0.01,8,ReLU,100,0.6448857076887555,0.6449122807017544,0.6515151515151515,0.3510384000837803
8,0.01,8,ReLU,300,0.6448857076887555,0.6449122807017544,0.6515151515151515,0.2995635000988841
8,0.01,8,ReLU,500,0.6448857076887555,0.6449122807017544,0.6515151515151515,0.2915719000156969
8,0.01,8,ReLU,1000,0.6448857076887555,0.6449122807017544,0.6515151515151515,0.2698478999081999
8,0.01,8,Tanh,50,0.6448857076887555,0.6449122807017544,0.6515151515151515,0.27879909984767437
8,0.01,8,Tanh,100,0.6448857076887555,0.6449122807017544,0.6515151515151515,0.4174234999809414
8,0.01,8,Tanh,300,0.6448857076887555,0.6449122807017544,0.6515151515151515,0.2781720000784844
8,0.01,8,Tanh,500,0.6448857076887555,0.6449122807017544,0.6515151515151515,0.29712129989638925
8,0.01,8,Tanh,1000,0.6448857076887555,0.6449122807017544,0.6515151515151515,0.27584880008362234
8,0.01,8,Sigmoid,50,0.6602401293003926,0.6552268723804895,0.6742424242424242,0.28825520002283156
8,0.01,8,Sigmoid,100,0.6602401293003926,0.6552268723804895,0.6742424242424242,0.4117785000707954
8,0.01,8,Sigmoid,300,0.6602401293003926,0.6552268723804895,0.6742424242424242,0.41205369983799756
8,0.01,8,Sigmoid,500,0.6602401293003926,0.6552268723804895,0.6742424242424242,0.241843500174582
8,0.01,8,Sigmoid,1000,0.6602401293003926,0.6552268723804895,0.6742424242424242,0.17867799988016486
8,0.01,8,GELU,50,0.6448857076887555,0.6449122807017544,0.6515151515151515,0.1772867999970913
8,0.01,8,GELU,100,0.6448857076887555,0.6449122807017544,0.6515151515151515,0.27863470022566617
8,0.01,8,GELU,300,0.6448857076887555,0.6449122807017544,0.6515151515151515,0.34468459989875555
8,0.01,8,GELU,500,0.6448857076887555,0.6449122807017544,0.6515151515151515,0.2932883999310434
8,0.01,8,GELU,1000,0.6448857076887555,0.6449122807017544,0.6515151515151515,0.25549179990775883
8,0.01,8,Softmax,50,0.6602401293003926,0.6552268723804895,0.6742424242424242,0.2728798999451101
8,0.01,8,Softmax,100,0.6602401293003926,0.6552268723804895,0.6742424242424242,0.27323699998669326
8,0.01,8,Softmax,300,0.6602401293003926,0.6552268723804895,0.6742424242424242,0.25958940014243126
8,0.01,8,Softmax,500,0.6602401293003926,0.6552268723804895,0.6742424242424242,0.35164009989239275
8,0.01,8,Softmax,1000,0.6602401293003926,0.6552268723804895,0.6742424242424242,0.2764811001252383
8,0.01,16,ReLU,50,0.6144077580235512,0.6140350877192982,0.6212121212121212,0.18990910006687045
8,0.01,16,ReLU,100,0.6144077580235512,0.6140350877192982,0.6212121212121212,0.19517310010269284
8,0.01,16,ReLU,300,0.6144077580235512,0.6140350877192982,0.6212121212121212,0.16798849985934794
8,0.01,16,ReLU,500,0.6144077580235512,0.6140350877192982,0.6212121212121212,0.16815019981004298
8,0.01,16,ReLU,1000,0.6144077580235512,0.6140350877192982,0.6212121212121212,0.17494700010865927
8,0.01,16,Tanh,50,0.6683214038328331,0.6687481762474468,0.6742424242424242,0.21524569997563958
8,0.01,16,Tanh,100,0.6683214038328331,0.6687481762474468,0.6742424242424242,0.19458710006438196
8,0.01,16,Tanh,300,0.6683214038328331,0.6687481762474468,0.6742424242424242,0.19718639994971454
8,0.01,16,Tanh,500,0.6683214038328331,0.6687481762474468,0.6742424242424242,0.1500905998982489
8,0.01,16,Tanh,1000,0.6683214038328331,0.6687481762474468,0.6742424242424242,0.17778389994055033
8,0.01,16,Sigmoid,50,0.6567767259293465,0.6464652756150733,0.6742424242424242,0.18615359999239445
8,0.01,16,Sigmoid,100,0.6567767259293465,0.6464652756150733,0.6742424242424242,0.2012436999939382
8,0.01,16,Sigmoid,300,0.6567767259293465,0.6464652756150733,0.6742424242424242,0.1821339000016451
8,0.01,16,Sigmoid,500,0.6567767259293465,0.6464652756150733,0.6742424242424242,0.23336479999125004
8,0.01,16,Sigmoid,1000,0.6567767259293465,0.6464652756150733,0.6742424242424242,0.23156809993088245
8,0.01,16,GELU,50,0.6144077580235512,0.6140350877192982,0.6212121212121212,0.2405340000987053
8,0.01,16,GELU,100,0.6144077580235512,0.6140350877192982,0.6212121212121212,0.16104499995708466
8,0.01,16,GELU,300,0.6144077580235512,0.6140350877192982,0.6212121212121212,0.189635899849236
8,0.01,16,GELU,500,0.6144077580235512,0.6140350877192982,0.6212121212121212,0.173285799799487
8,0.01,16,GELU,1000,0.6144077580235512,0.6140350877192982,0.6212121212121212,0.16433680010959506
8,0.01,16,Softmax,50,0.6567767259293465,0.6464652756150733,0.6742424242424242,0.18757009995169938
8,0.01,16,Softmax,100,0.6567767259293465,0.6464652756150733,0.6742424242424242,0.18229270004667342
8,0.01,16,Softmax,300,0.6567767259293465,0.6464652756150733,0.6742424242424242,0.2800332000479102
8,0.01,16,Softmax,500,0.6567767259293465,0.6464652756150733,0.6742424242424242,0.20628669997677207
8,0.01,16,Softmax,1000,0.6567767259293465,0.6464652756150733,0.6742424242424242,0.17810489982366562
8,0.01,32,ReLU,50,0.5862387439390442,0.586254933828651,0.5909090909090909,0.11375869996845722
8,0.01,32,ReLU,100,0.5862387439390442,0.586254933828651,0.5909090909090909,0.11837089993059635
8,0.01,32,ReLU,300,0.5862387439390442,0.586254933828651,0.5909090909090909,0.12207549996674061
8,0.01,32,ReLU,500,0.5862387439390442,0.586254933828651,0.5909090909090909,0.1439648000523448
8,0.01,32,ReLU,1000,0.5862387439390442,0.586254933828651,0.5909090909090909,0.12082960014231503
8,0.01,32,Tanh,50,0.6519279612098823,0.6518783332356561,0.6590909090909091,0.09051929996348917
8,0.01,32,Tanh,100,0.6519279612098823,0.6518783332356561,0.6590909090909091,0.12297410005703568
8,0.01,32,Tanh,300,0.6519279612098823,0.6518783332356561,0.6590909090909091,0.17025359999388456
8,0.01,32,Tanh,500,0.6519279612098823,0.6518783332356561,0.6590909090909091,0.16661249985918403
8,0.01,32,Tanh,1000,0.6519279612098823,0.6518783332356561,0.6590909090909091,0.12364640017040074
8,0.01,32,Sigmoid,50,0.5841607019164166,0.5568181818181819,0.6060606060606061,0.16235789982602
8,0.01,32,Sigmoid,100,0.5841607019164166,0.5568181818181819,0.6060606060606061,0.13701969990506768
8,0.01,32,Sigmoid,300,0.5841607019164166,0.5568181818181819,0.6060606060606061,0.12718850001692772
8,0.01,32,Sigmoid,500,0.5841607019164166,0.5568181818181819,0.6060606060606061,0.1285825001541525
8,0.01,32,Sigmoid,1000,0.5841607019164166,0.5568181818181819,0.6060606060606061,0.1202593999914825
8,0.01,32,GELU,50,0.5862387439390442,0.586254933828651,0.5909090909090909,0.11240930017083883
8,0.01,32,GELU,100,0.5862387439390442,0.586254933828651,0.5909090909090909,0.11883879988454282
8,0.01,32,GELU,300,0.5862387439390442,0.586254933828651,0.5909090909090909,0.11256609996780753
8,0.01,32,GELU,500,0.5862387439390442,0.586254933828651,0.5909090909090909,0.09274240001104772
8,0.01,32,GELU,1000,0.5862387439390442,0.586254933828651,0.5909090909090909,0.145352799911052
8,0.01,32,Softmax,50,0.5841607019164166,0.5568181818181819,0.6060606060606061,0.12266220012679696
8,0.01,32,Softmax,100,0.5841607019164166,0.5568181818181819,0.6060606060606061,0.15282920002937317
8,0.01,32,Softmax,300,0.5841607019164166,0.5568181818181819,0.6060606060606061,0.12244549999013543
8,0.01,32,Softmax,500,0.5841607019164166,0.5568181818181819,0.6060606060606061,0.1399572000373155
8,0.01,32,Softmax,1000,0.5841607019164166,0.5568181818181819,0.6060606060606061,0.11261019995436072
8,0.01,64,ReLU,50,0.5464096051720158,0.5454916836883572,0.553030303030303,0.08419490000233054
8,0.01,64,ReLU,100,0.5464096051720158,0.5454916836883572,0.553030303030303,0.08275149995461106
8,0.01,64,ReLU,300,0.5464096051720158,0.5454916836883572,0.553030303030303,0.09434790001250803
8,0.01,64,ReLU,500,0.5464096051720158,0.5454916836883572,0.553030303030303,0.08992439997382462
8,0.01,64,ReLU,1000,0.5464096051720158,0.5454916836883572,0.553030303030303,0.07502020010724664
8,0.01,64,Tanh,50,0.6378434541676288,0.6379340531076744,0.6439393939393939,0.10494690015912056
8,0.01,64,Tanh,100,0.6378434541676288,0.6379340531076744,0.6439393939393939,0.0989613002166152
8,0.01,64,Tanh,300,0.6378434541676288,0.6379340531076744,0.6439393939393939,0.09093539998866618
8,0.01,64,Tanh,500,0.6378434541676288,0.6379340531076744,0.6439393939393939,0.09951319987885654
8,0.01,64,Tanh,1000,0.6378434541676288,0.6379340531076744,0.6439393939393939,0.14694590005092323
8,0.01,64,Sigmoid,50,0.5105056568921728,0.393939393939394,0.5454545454545454,0.10756230005063117
8,0.01,64,Sigmoid,100,0.5105056568921728,0.393939393939394,0.5454545454545454,0.08328950009308755
8,0.01,64,Sigmoid,300,0.5105056568921728,0.393939393939394,0.5454545454545454,0.1050303999800235
8,0.01,64,Sigmoid,500,0.5105056568921728,0.393939393939394,0.5454545454545454,0.09789240011014044
8,0.01,64,Sigmoid,1000,0.5105056568921728,0.393939393939394,0.5454545454545454,0.100379099836573
8,0.01,64,GELU,50,0.5464096051720158,0.5454916836883572,0.553030303030303,0.10146729997359216
8,0.01,64,GELU,100,0.5464096051720158,0.5454916836883572,0.553030303030303,0.08328799996525049
8,0.01,64,GELU,300,0.5464096051720158,0.5454916836883572,0.553030303030303,0.07550779986195266
8,0.01,64,GELU,500,0.5464096051720158,0.5454916836883572,0.553030303030303,0.07181290001608431
8,0.01,64,GELU,1000,0.5464096051720158,0.5454916836883572,0.553030303030303,0.09872000012546778
8,0.01,64,Softmax,50,0.5105056568921728,0.393939393939394,0.5454545454545454,0.07311169989407063
8,0.01,64,Softmax,100,0.5105056568921728,0.393939393939394,0.5454545454545454,0.08447110000997782
8,0.01,64,Softmax,300,0.5105056568921728,0.393939393939394,0.5454545454545454,0.08193730004131794
8,0.01,64,Softmax,500,0.5105056568921728,0.393939393939394,0.5454545454545454,0.08689219993539155
8,0.01,64,Softmax,1000,0.5105056568921728,0.393939393939394,0.5454545454545454,0.09197379997931421
8,0.01,128,ReLU,50,0.5475640729623643,0.5471829757544043,0.553030303030303,0.08834240003488958
8,0.01,128,ReLU,100,0.5475640729623643,0.5471829757544043,0.553030303030303,0.08993100002408028
8,0.01,128,ReLU,300,0.5475640729623643,0.5471829757544043,0.553030303030303,0.12147070001810789
8,0.01,128,ReLU,500,0.5475640729623643,0.5471829757544043,0.553030303030303,0.11516040004789829
8,0.01,128,ReLU,1000,0.5475640729623643,0.5471829757544043,0.553030303030303,0.07654100004583597
8,0.01,128,Tanh,50,0.5604941122142693,0.5590458887651644,0.5681818181818182,0.07878830004483461
8,0.01,128,Tanh,100,0.5604941122142693,0.5590458887651644,0.5681818181818182,0.07921670004725456
8,0.01,128,Tanh,300,0.5604941122142693,0.5590458887651644,0.5681818181818182,0.075331199914217
8,0.01,128,Tanh,500,0.5604941122142693,0.5590458887651644,0.5681818181818182,0.08012060006149113
8,0.01,128,Tanh,1000,0.5604941122142693,0.5590458887651644,0.5681818181818182,0.06911809998564422
8,0.01,128,Sigmoid,50,0.5011544677903487,0.3641317223406776,0.5378787878787878,0.07702119997702539
8,0.01,128,Sigmoid,100,0.5011544677903487,0.3641317223406776,0.5378787878787878,0.06467149988748133
8,0.01,128,Sigmoid,300,0.5011544677903487,0.3641317223406776,0.5378787878787878,0.05754899978637695
8,0.01,128,Sigmoid,500,0.5011544677903487,0.3641317223406776,0.5378787878787878,0.05392470001243055
8,0.01,128,Sigmoid,1000,0.5011544677903487,0.3641317223406776,0.5378787878787878,0.0617913999594748
8,0.01,128,GELU,50,0.5475640729623643,0.5471829757544043,0.553030303030303,0.06623429991304874
8,0.01,128,GELU,100,0.5475640729623643,0.5471829757544043,0.553030303030303,0.07046789978630841
8,0.01,128,GELU,300,0.5475640729623643,0.5471829757544043,0.553030303030303,0.07437600009143353
8,0.01,128,GELU,500,0.5475640729623643,0.5471829757544043,0.553030303030303,0.058605199912562966
8,0.01,128,GELU,1000,0.5475640729623643,0.5471829757544043,0.553030303030303,0.06954700010828674
8,0.01,128,Softmax,50,0.5011544677903487,0.3641317223406776,0.5378787878787878,0.048858199967071414
8,0.01,128,Softmax,100,0.5011544677903487,0.3641317223406776,0.5378787878787878,0.06615109997801483
8,0.01,128,Softmax,300,0.5011544677903487,0.3641317223406776,0.5378787878787878,0.06510420003905892
8,0.01,128,Softmax,500,0.5011544677903487,0.3641317223406776,0.5378787878787878,0.06013920018449426
8,0.01,128,Softmax,1000,0.5011544677903487,0.3641317223406776,0.5378787878787878,0.06402160017751157
8,0.001,8,ReLU,50,0.5604941122142693,0.5590458887651644,0.5681818181818182,0.16508479998447
8,0.001,8,ReLU,100,0.5604941122142693,0.5590458887651644,0.5681818181818182,0.13870620005764067
8,0.001,8,ReLU,300,0.5604941122142693,0.5590458887651644,0.5681818181818182,0.1345667999703437
8,0.001,8,ReLU,500,0.5604941122142693,0.5590458887651644,0.5681818181818182,0.12912589986808598
8,0.001,8,ReLU,1000,0.5604941122142693,0.5590458887651644,0.5681818181818182,0.14348089997656643
8,0.001,8,Tanh,50,0.5451396906026322,0.5445134575569358,0.5454545454545454,0.19171970011666417
8,0.001,8,Tanh,100,0.5451396906026322,0.5445134575569358,0.5454545454545454,0.22791150002740324
8,0.001,8,Tanh,300,0.5451396906026322,0.5445134575569358,0.5454545454545454,0.20955840009264648
8,0.001,8,Tanh,500,0.5451396906026322,0.5445134575569358,0.5454545454545454,0.21671140007674694
8,0.001,8,Tanh,1000,0.5451396906026322,0.5445134575569358,0.5454545454545454,0.39491849998012185
8,0.001,8,Sigmoid,50,0.5,0.3497536945812808,0.5378787878787878,0.17860010010190308
8,0.001,8,Sigmoid,100,0.5,0.3497536945812808,0.5378787878787878,0.1881657000631094
8,0.001,8,Sigmoid,300,0.5,0.3497536945812808,0.5378787878787878,0.19488580012694
8,0.001,8,Sigmoid,500,0.5,0.3497536945812808,0.5378787878787878,0.1809970000758767
8,0.001,8,Sigmoid,1000,0.5,0.3497536945812808,0.5378787878787878,0.1930166999809444
8,0.001,8,GELU,50,0.5604941122142693,0.5590458887651644,0.5681818181818182,0.25480800005607307
8,0.001,8,GELU,100,0.5604941122142693,0.5590458887651644,0.5681818181818182,0.2702905999030918
8,0.001,8,GELU,300,0.5604941122142693,0.5590458887651644,0.5681818181818182,0.20572200021706522
8,0.001,8,GELU,500,0.5604941122142693,0.5590458887651644,0.5681818181818182,0.21402140008285642
8,0.001,8,GELU,1000,0.5604941122142693,0.5590458887651644,0.5681818181818182,0.23696849984116852
8,0.001,8,Softmax,50,0.5,0.3497536945812808,0.5378787878787878,0.1700611999258399
8,0.001,8,Softmax,100,0.5,0.3497536945812808,0.5378787878787878,0.17031760001555085
8,0.001,8,Softmax,300,0.5,0.3497536945812808,0.5378787878787878,0.2411458999849856
8,0.001,8,Softmax,500,0.5,0.3497536945812808,0.5378787878787878,0.20113709988072515
8,0.001,8,Softmax,1000,0.5,0.3497536945812808,0.5378787878787878,0.19336299994029105
8,0.001,16,ReLU,50,0.5604941122142693,0.5590458887651644,0.5681818181818182,0.10505870007909834
8,0.001,16,ReLU,100,0.5604941122142693,0.5590458887651644,0.5681818181818182,0.12634720001369715
8,0.001,16,ReLU,300,0.5604941122142693,0.5590458887651644,0.5681818181818182,0.12394960015080869
8,0.001,16,ReLU,500,0.5604941122142693,0.5590458887651644,0.5681818181818182,0.11134200007654727
8,0.001,16,ReLU,1000,0.5604941122142693,0.5590458887651644,0.5681818181818182,0.12653220002539456
8,0.001,16,Tanh,50,0.5438697760332487,0.537214782458762,0.5378787878787878,0.1708651001099497
8,0.001,16,Tanh,100,0.5438697760332487,0.537214782458762,0.5378787878787878,0.19314610003493726
8,0.001,16,Tanh,300,0.5438697760332487,0.537214782458762,0.5378787878787878,0.27523620007559657
8,0.001,16,Tanh,500,0.5438697760332487,0.537214782458762,0.5378787878787878,0.21507179993204772
8,0.001,16,Tanh,1000,0.5438697760332487,0.537214782458762,0.5378787878787878,0.2260429000016302
8,0.001,16,Sigmoid,50,0.5,0.3497536945812808,0.5378787878787878,0.11463419999927282
8,0.001,16,Sigmoid,100,0.5,0.3497536945812808,0.5378787878787878,0.12302509997971356
8,0.001,16,Sigmoid,300,0.5,0.3497536945812808,0.5378787878787878,0.10096550011076033
8,0.001,16,Sigmoid,500,0.5,0.3497536945812808,0.5378787878787878,0.12216400005854666
8,0.001,16,Sigmoid,1000,0.5,0.3497536945812808,0.5378787878787878,0.11759100016206503
8,0.001,16,GELU,50,0.5604941122142693,0.5590458887651644,0.5681818181818182,0.13546620006673038
8,0.001,16,GELU,100,0.5604941122142693,0.5590458887651644,0.5681818181818182,0.11986039998009801
8,0.001,16,GELU,300,0.5604941122142693,0.5590458887651644,0.5681818181818182,0.1181258000433445
8,0.001,16,GELU,500,0.5604941122142693,0.5590458887651644,0.5681818181818182,0.16696239984594285
8,0.001,16,GELU,1000,0.5604941122142693,0.5590458887651644,0.5681818181818182,0.156415699981153
8,0.001,16,Softmax,50,0.5,0.3497536945812808,0.5378787878787878,0.12929849978536367
8,0.001,16,Softmax,100,0.5,0.3497536945812808,0.5378787878787878,0.11693189991638064
8,0.001,16,Softmax,300,0.5,0.3497536945812808,0.5378787878787878,0.12290650000795722
8,0.001,16,Softmax,500,0.5,0.3497536945812808,0.5378787878787878,0.10720169986598194
8,0.001,16,Softmax,1000,0.5,0.3497536945812808,0.5378787878787878,0.11636650003492832
8,0.001,32,ReLU,50,0.5604941122142693,0.5590458887651644,0.5681818181818182,0.09840549994260073
8,0.001,32,ReLU,100,0.5604941122142693,0.5590458887651644,0.5681818181818182,0.10291219991631806
8,0.001,32,ReLU,300,0.5604941122142693,0.5590458887651644,0.5681818181818182,0.09169519995339215
8,0.001,32,ReLU,500,0.5604941122142693,0.5590458887651644,0.5681818181818182,0.0972573000472039
8,0.001,32,ReLU,1000,0.5604941122142693,0.5590458887651644,0.5681818181818182,0.10265220003202558
8,0.001,32,Tanh,50,0.5073885938582313,0.4792439498321851,0.49242424242424243,0.0910405998583883
8,0.001,32,Tanh,100,0.5073885938582313,0.4792439498321851,0.49242424242424243,0.11774410004727542
8,0.001,32,Tanh,300,0.5073885938582313,0.4792439498321851,0.49242424242424243,0.1126798999030143
8,0.001,32,Tanh,500,0.5073885938582313,0.4792439498321851,0.49242424242424243,0.11238320008851588
8,0.001,32,Tanh,1000,0.5073885938582313,0.4792439498321851,0.49242424242424243,0.12862779991701245
8,0.001,32,Sigmoid,50,0.5,0.3497536945812808,0.5378787878787878,0.10882170009426773
8,0.001,32,Sigmoid,100,0.5,0.3497536945812808,0.5378787878787878,0.11020580003969371
8,0.001,32,Sigmoid,300,0.5,0.3497536945812808,0.5378787878787878,0.09439229988493025
8,0.001,32,Sigmoid,500,0.5,0.3497536945812808,0.5378787878787878,0.09438450005836785
8,0.001,32,Sigmoid,1000,0.5,0.3497536945812808,0.5378787878787878,0.09692700020968914
8,0.001,32,GELU,50,0.5604941122142693,0.5590458887651644,0.5681818181818182,0.09591050003655255
8,0.001,32,GELU,100,0.5604941122142693,0.5590458887651644,0.5681818181818182,0.09283400001004338
8,0.001,32,GELU,300,0.5604941122142693,0.5590458887651644,0.5681818181818182,0.10023989994078875
8,0.001,32,GELU,500,0.5604941122142693,0.5590458887651644,0.5681818181818182,0.10602149995975196
8,0.001,32,GELU,1000,0.5604941122142693,0.5590458887651644,0.5681818181818182,0.10416149999946356
8,0.001,32,Softmax,50,0.5,0.3497536945812808,0.5378787878787878,0.08545450004749
8,0.001,32,Softmax,100,0.5,0.3497536945812808,0.5378787878787878,0.09636180009692907
8,0.001,32,Softmax,300,0.5,0.3497536945812808,0.5378787878787878,0.10344059998169541
8,0.001,32,Softmax,500,0.5,0.3497536945812808,0.5378787878787878,0.1122167999856174
8,0.001,32,Softmax,1000,0.5,0.3497536945812808,0.5378787878787878,0.08432030002586544
8,0.001,64,ReLU,50,0.5604941122142693,0.5590458887651644,0.5681818181818182,0.09777990006841719
8,0.001,64,ReLU,100,0.5604941122142693,0.5590458887651644,0.5681818181818182,0.09429590008221567
8,0.001,64,ReLU,300,0.5604941122142693,0.5590458887651644,0.5681818181818182,0.08878899994306266
8,0.001,64,ReLU,500,0.5604941122142693,0.5590458887651644,0.5681818181818182,0.06645789998583496
8,0.001,64,ReLU,1000,0.5604941122142693,0.5590458887651644,0.5681818181818182,0.08852309989742935
8,0.001,64,Tanh,50,0.5155853151697067,0.4857142857142857,0.5,0.07061500009149313
8,0.001,64,Tanh,100,0.5155853151697067,0.4857142857142857,0.5,0.06712469994090497
8,0.001,64,Tanh,300,0.5155853151697067,0.4857142857142857,0.5,0.07177839986979961
8,0.001,64,Tanh,500,0.5155853151697067,0.4857142857142857,0.5,0.0923012001439929
8,0.001,64,Tanh,1000,0.5155853151697067,0.4857142857142857,0.5,0.07073560007847846
8,0.001,64,Sigmoid,50,0.5,0.3497536945812808,0.5378787878787878,0.093893300043419
8,0.001,64,Sigmoid,100,0.5,0.3497536945812808,0.5378787878787878,0.08930390002205968
8,0.001,64,Sigmoid,300,0.5,0.3497536945812808,0.5378787878787878,0.07056990009732544
8,0.001,64,Sigmoid,500,0.5,0.3497536945812808,0.5378787878787878,0.08216549991630018
8,0.001,64,Sigmoid,1000,0.5,0.3497536945812808,0.5378787878787878,0.08859049994498491
8,0.001,64,GELU,50,0.5604941122142693,0.5590458887651644,0.5681818181818182,0.09223329997621477
8,0.001,64,GELU,100,0.5604941122142693,0.5590458887651644,0.5681818181818182,0.09296260005794466
8,0.001,64,GELU,300,0.5604941122142693,0.5590458887651644,0.5681818181818182,0.11387909995391965
8,0.001,64,GELU,500,0.5604941122142693,0.5590458887651644,0.5681818181818182,0.10068249981850386
8,0.001,64,GELU,1000,0.5604941122142693,0.5590458887651644,0.5681818181818182,0.08014749991707504
8,0.001,64,Softmax,50,0.5,0.3497536945812808,0.5378787878787878,0.07347150007262826
8,0.001,64,Softmax,100,0.5,0.3497536945812808,0.5378787878787878,0.07487890007905662
8,0.001,64,Softmax,300,0.5,0.3497536945812808,0.5378787878787878,0.08795599988661706
8,0.001,64,Softmax,500,0.5,0.3497536945812808,0.5378787878787878,0.08091109991073608
8,0.001,64,Softmax,1000,0.5,0.3497536945812808,0.5378787878787878,0.07334679993800819
8,0.001,128,ReLU,50,0.5604941122142693,0.5590458887651644,0.5681818181818182,0.06333150016143918
8,0.001,128,ReLU,100,0.5604941122142693,0.5590458887651644,0.5681818181818182,0.05890449997968972
8,0.001,128,ReLU,300,0.5604941122142693,0.5590458887651644,0.5681818181818182,0.058254099916666746
8,0.001,128,ReLU,500,0.5604941122142693,0.5590458887651644,0.5681818181818182,0.06543079996481538
8,0.001,128,ReLU,1000,0.5604941122142693,0.5590458887651644,0.5681818181818182,0.06432310002855957
8,0.001,128,Tanh,50,0.5249365042715308,0.489255312816239,0.5075757575757576,0.06356299994513392
8,0.001,128,Tanh,100,0.5249365042715308,0.489255312816239,0.5075757575757576,0.06821310007944703
8,0.001,128,Tanh,300,0.5249365042715308,0.489255312816239,0.5075757575757576,0.06464369990862906
8,0.001,128,Tanh,500,0.5249365042715308,0.489255312816239,0.5075757575757576,0.0633836998604238
8,0.001,128,Tanh,1000,0.5249365042715308,0.489255312816239,0.5075757575757576,0.07341399998404086
8,0.001,128,Sigmoid,50,0.5,0.3497536945812808,0.5378787878787878,0.07698459993116558
8,0.001,128,Sigmoid,100,0.5,0.3497536945812808,0.5378787878787878,0.05852709989994764
8,0.001,128,Sigmoid,300,0.5,0.3497536945812808,0.5378787878787878,0.08404089999385178
8,0.001,128,Sigmoid,500,0.5,0.3497536945812808,0.5378787878787878,0.08531349990516901
8,0.001,128,Sigmoid,1000,0.5,0.3497536945812808,0.5378787878787878,0.0710046999156475
8,0.001,128,GELU,50,0.5604941122142693,0.5590458887651644,0.5681818181818182,0.06879439996555448
8,0.001,128,GELU,100,0.5604941122142693,0.5590458887651644,0.5681818181818182,0.06699030008167028
8,0.001,128,GELU,300,0.5604941122142693,0.5590458887651644,0.5681818181818182,0.07199690002016723
8,0.001,128,GELU,500,0.5604941122142693,0.5590458887651644,0.5681818181818182,0.06507410015910864
8,0.001,128,GELU,1000,0.5604941122142693,0.5590458887651644,0.5681818181818182,0.06174340005964041
8,0.001,128,Softmax,50,0.5,0.3497536945812808,0.5378787878787878,0.061958199832588434
8,0.001,128,Softmax,100,0.5,0.3497536945812808,0.5378787878787878,0.06389009999111295
8,0.001,128,Softmax,300,0.5,0.3497536945812808,0.5378787878787878,0.0766471999231726
8,0.001,128,Softmax,500,0.5,0.3497536945812808,0.5378787878787878,0.06398809980601072
8,0.001,128,Softmax,1000,0.5,0.3497536945812808,0.5378787878787878,0.052471499890089035
8,0.0001,8,ReLU,50,0.5522973909027938,0.5502819548872181,0.5606060606060606,0.18090609996579587
8,0.0001,8,ReLU,100,0.5522973909027938,0.5502819548872181,0.5606060606060606,0.17887019994668663
8,0.0001,8,ReLU,300,0.5522973909027938,0.5502819548872181,0.5606060606060606,0.17894999985583127
8,0.0001,8,ReLU,500,0.5522973909027938,0.5502819548872181,0.5606060606060606,0.16950429999269545
8,0.0001,8,ReLU,1000,0.5522973909027938,0.5502819548872181,0.5606060606060606,0.18058339995332062
8,0.0001,8,Tanh,50,0.5249365042715308,0.489255312816239,0.5075757575757576,0.14368199999444187
8,0.0001,8,Tanh,100,0.5249365042715308,0.489255312816239,0.5075757575757576,0.12536099995486438
8,0.0001,8,Tanh,300,0.5249365042715308,0.489255312816239,0.5075757575757576,0.10048529994674027
8,0.0001,8,Tanh,500,0.5249365042715308,0.489255312816239,0.5075757575757576,0.11594339995644987
8,0.0001,8,Tanh,1000,0.5249365042715308,0.489255312816239,0.5075757575757576,0.11599409999325871
8,0.0001,8,Sigmoid,50,0.5,0.3497536945812808,0.5378787878787878,0.11235369998030365
8,0.0001,8,Sigmoid,100,0.5,0.3497536945812808,0.5378787878787878,0.11492649978026748
8,0.0001,8,Sigmoid,300,0.5,0.3497536945812808,0.5378787878787878,0.11416540015488863
8,0.0001,8,Sigmoid,500,0.5,0.3497536945812808,0.5378787878787878,0.1136370999738574
8,0.0001,8,Sigmoid,1000,0.5,0.3497536945812808,0.5378787878787878,0.1002658000215888
8,0.0001,8,GELU,50,0.5522973909027938,0.5502819548872181,0.5606060606060606,0.1567083999980241
8,0.0001,8,GELU,100,0.5522973909027938,0.5502819548872181,0.5606060606060606,0.16238599992357194
8,0.0001,8,GELU,300,0.5522973909027938,0.5502819548872181,0.5606060606060606,0.1517962000798434
8,0.0001,8,GELU,500,0.5522973909027938,0.5502819548872181,0.5606060606060606,0.13350440002977848
8,0.0001,8,GELU,1000,0.5522973909027938,0.5502819548872181,0.5606060606060606,0.12026500003412366
8,0.0001,8,Softmax,50,0.5,0.3497536945812808,0.5378787878787878,0.09996270015835762
8,0.0001,8,Softmax,100,0.5,0.3497536945812808,0.5378787878787878,0.1776195999700576
8,0.0001,8,Softmax,300,0.5,0.3497536945812808,0.5378787878787878,0.16526599996723235
8,0.0001,8,Softmax,500,0.5,0.3497536945812808,0.5378787878787878,0.18405790021643043
8,0.0001,8,Softmax,1000,0.5,0.3497536945812808,0.5378787878787878,0.16641280008479953
8,0.0001,16,ReLU,50,0.5522973909027938,0.5502819548872181,0.5606060606060606,0.1848490999545902
8,0.0001,16,ReLU,100,0.5522973909027938,0.5502819548872181,0.5606060606060606,0.19040039996616542
8,0.0001,16,ReLU,300,0.5522973909027938,0.5502819548872181,0.5606060606060606,0.17542990017682314
8,0.0001,16,ReLU,500,0.5522973909027938,0.5502819548872181,0.5606060606060606,0.14368529990315437
8,0.0001,16,ReLU,1000,0.5522973909027938,0.5502819548872181,0.5606060606060606,0.14959809998981655
8,0.0001,16,Tanh,50,0.5249365042715308,0.489255312816239,0.5075757575757576,0.12289569992572069
8,0.0001,16,Tanh,100,0.5249365042715308,0.489255312816239,0.5075757575757576,0.1084035998210311
8,0.0001,16,Tanh,300,0.5249365042715308,0.489255312816239,0.5075757575757576,0.11294559994712472
8,0.0001,16,Tanh,500,0.5249365042715308,0.489255312816239,0.5075757575757576,0.10463679977692664
8,0.0001,16,Tanh,1000,0.5249365042715308,0.489255312816239,0.5075757575757576,0.10459540016017854
8,0.0001,16,Sigmoid,50,0.5,0.3497536945812808,0.5378787878787878,0.14451940008439124
8,0.0001,16,Sigmoid,100,0.5,0.3497536945812808,0.5378787878787878,0.18285599979571998
8,0.0001,16,Sigmoid,300,0.5,0.3497536945812808,0.5378787878787878,0.16435330011881888
8,0.0001,16,Sigmoid,500,0.5,0.3497536945812808,0.5378787878787878,0.14551760000176728
8,0.0001,16,Sigmoid,1000,0.5,0.3497536945812808,0.5378787878787878,0.12460059998556972
8,0.0001,16,GELU,50,0.5522973909027938,0.5502819548872181,0.5606060606060606,0.1451574000529945
8,0.0001,16,GELU,100,0.5522973909027938,0.5502819548872181,0.5606060606060606,0.15167169994674623
8,0.0001,16,GELU,300,0.5522973909027938,0.5502819548872181,0.5606060606060606,0.14706639992073178
8,0.0001,16,GELU,500,0.5522973909027938,0.5502819548872181,0.5606060606060606,0.17644549999386072
8,0.0001,16,GELU,1000,0.5522973909027938,0.5502819548872181,0.5606060606060606,0.17657869984395802
8,0.0001,16,Softmax,50,0.5,0.3497536945812808,0.5378787878787878,0.21762520004995167
8,0.0001,16,Softmax,100,0.5,0.3497536945812808,0.5378787878787878,0.23471270012669265
8,0.0001,16,Softmax,300,0.5,0.3497536945812808,0.5378787878787878,0.17067519994452596
8,0.0001,16,Softmax,500,0.5,0.3497536945812808,0.5378787878787878,0.12031370005570352
8,0.0001,16,Softmax,1000,0.5,0.3497536945812808,0.5378787878787878,0.14937320002354681
8,0.0001,32,ReLU,50,0.5522973909027938,0.5502819548872181,0.5606060606060606,0.1010799000505358
8,0.0001,32,ReLU,100,0.5522973909027938,0.5502819548872181,0.5606060606060606,0.11515339999459684
8,0.0001,32,ReLU,300,0.5522973909027938,0.5502819548872181,0.5606060606060606,0.11457880004309118
8,0.0001,32,ReLU,500,0.5522973909027938,0.5502819548872181,0.5606060606060606,0.09695090004242957
8,0.0001,32,ReLU,1000,0.5522973909027938,0.5502819548872181,0.5606060606060606,0.13759059994481504
8,0.0001,32,Tanh,50,0.5249365042715308,0.489255312816239,0.5075757575757576,0.08955559995956719
8,0.0001,32,Tanh,100,0.5249365042715308,0.489255312816239,0.5075757575757576,0.10069569991901517
8,0.0001,32,Tanh,300,0.5249365042715308,0.489255312816239,0.5075757575757576,0.08851669984869659
8,0.0001,32,Tanh,500,0.5249365042715308,0.489255312816239,0.5075757575757576,0.11317779985256493
8,0.0001,32,Tanh,1000,0.5249365042715308,0.489255312816239,0.5075757575757576,0.14305569999851286
8,0.0001,32,Sigmoid,50,0.5,0.3497536945812808,0.5378787878787878,0.11853160010650754
8,0.0001,32,Sigmoid,100,0.5,0.3497536945812808,0.5378787878787878,0.10629520006477833
8,0.0001,32,Sigmoid,300,0.5,0.3497536945812808,0.5378787878787878,0.10107510001398623
8,0.0001,32,Sigmoid,500,0.5,0.3497536945812808,0.5378787878787878,0.10588570008985698
8,0.0001,32,Sigmoid,1000,0.5,0.3497536945812808,0.5378787878787878,0.09979959996417165
8,0.0001,32,GELU,50,0.5522973909027938,0.5502819548872181,0.5606060606060606,0.09428499988280237
8,0.0001,32,GELU,100,0.5522973909027938,0.5502819548872181,0.5606060606060606,0.11544200009666383
8,0.0001,32,GELU,300,0.5522973909027938,0.5502819548872181,0.5606060606060606,0.10340139991603792
8,0.0001,32,GELU,500,0.5522973909027938,0.5502819548872181,0.5606060606060606,0.09656119998544455
8,0.0001,32,GELU,1000,0.5522973909027938,0.5502819548872181,0.5606060606060606,0.10340939997695386
8,0.0001,32,Softmax,50,0.5,0.3497536945812808,0.5378787878787878,0.08864370011724532
8,0.0001,32,Softmax,100,0.5,0.3497536945812808,0.5378787878787878,0.09095260011963546
8,0.0001,32,Softmax,300,0.5,0.3497536945812808,0.5378787878787878,0.09421709994785488
8,0.0001,32,Softmax,500,0.5,0.3497536945812808,0.5378787878787878,0.10162129998207092
8,0.0001,32,Softmax,1000,0.5,0.3497536945812808,0.5378787878787878,0.09992119995877147
8,0.0001,64,ReLU,50,0.5522973909027938,0.5502819548872181,0.5606060606060606,0.12372989999130368
8,0.0001,64,ReLU,100,0.5522973909027938,0.5502819548872181,0.5606060606060606,0.0937146998476237
8,0.0001,64,ReLU,300,0.5522973909027938,0.5502819548872181,0.5606060606060606,0.10722239990718663
8,0.0001,64,ReLU,500,0.5522973909027938,0.5502819548872181,0.5606060606060606,0.08293520007282495
8,0.0001,64,ReLU,1000,0.5522973909027938,0.5502819548872181,0.5606060606060606,0.07802330004051328
8,0.0001,64,Tanh,50,0.5249365042715308,0.489255312816239,0.5075757575757576,0.08110840013250709
8,0.0001,64,Tanh,100,0.5249365042715308,0.489255312816239,0.5075757575757576,0.08192800008691847
8,0.0001,64,Tanh,300,0.5249365042715308,0.489255312816239,0.5075757575757576,0.07569079985842109
8,0.0001,64,Tanh,500,0.5249365042715308,0.489255312816239,0.5075757575757576,0.08250440005213022
8,0.0001,64,Tanh,1000,0.5249365042715308,0.489255312816239,0.5075757575757576,0.08066680002957582
8,0.0001,64,Sigmoid,50,0.5,0.3497536945812808,0.5378787878787878,0.0714640999212861
8,0.0001,64,Sigmoid,100,0.5,0.3497536945812808,0.5378787878787878,0.08095959993079305
8,0.0001,64,Sigmoid,300,0.5,0.3497536945812808,0.5378787878787878,0.08320280001498759
8,0.0001,64,Sigmoid,500,0.5,0.3497536945812808,0.5378787878787878,0.07831720006652176
8,0.0001,64,Sigmoid,1000,0.5,0.3497536945812808,0.5378787878787878,0.08208349999040365
8,0.0001,64,GELU,50,0.5522973909027938,0.5502819548872181,0.5606060606060606,0.09019790007732809
8,0.0001,64,GELU,100,0.5522973909027938,0.5502819548872181,0.5606060606060606,0.08329310012049973
8,0.0001,64,GELU,300,0.5522973909027938,0.5502819548872181,0.5606060606060606,0.08392819995060563
8,0.0001,64,GELU,500,0.5522973909027938,0.5502819548872181,0.5606060606060606,0.1230652998201549
8,0.0001,64,GELU,1000,0.5522973909027938,0.5502819548872181,0.5606060606060606,0.11098959995433688
8,0.0001,64,Softmax,50,0.5,0.3497536945812808,0.5378787878787878,0.09214859991334379
8,0.0001,64,Softmax,100,0.5,0.3497536945812808,0.5378787878787878,0.08646859996952116
8,0.0001,64,Softmax,300,0.5,0.3497536945812808,0.5378787878787878,0.07911280007101595
8,0.0001,64,Softmax,500,0.5,0.3497536945812808,0.5378787878787878,0.09339349996298552
8,0.0001,64,Softmax,1000,0.5,0.3497536945812808,0.5378787878787878,0.07157070003449917
8,0.0001,128,ReLU,50,0.5522973909027938,0.5502819548872181,0.5606060606060606,0.06780389999039471
8,0.0001,128,ReLU,100,0.5522973909027938,0.5502819548872181,0.5606060606060606,0.07746129995211959
8,0.0001,128,ReLU,300,0.5522973909027938,0.5502819548872181,0.5606060606060606,0.0687249000184238
8,0.0001,128,ReLU,500,0.5522973909027938,0.5502819548872181,0.5606060606060606,0.05206189979799092
8,0.0001,128,ReLU,1000,0.5522973909027938,0.5502819548872181,0.5606060606060606,0.0704554000403732
8,0.0001,128,Tanh,50,0.5249365042715308,0.489255312816239,0.5075757575757576,0.059389600064605474
8,0.0001,128,Tanh,100,0.5249365042715308,0.489255312816239,0.5075757575757576,0.07360600004903972
8,0.0001,128,Tanh,300,0.5249365042715308,0.489255312816239,0.5075757575757576,0.05989479995332658
8,0.0001,128,Tanh,500,0.5249365042715308,0.489255312816239,0.5075757575757576,0.06834789994172752
8,0.0001,128,Tanh,1000,0.5249365042715308,0.489255312816239,0.5075757575757576,0.060081199975684285
8,0.0001,128,Sigmoid,50,0.5,0.3497536945812808,0.5378787878787878,0.07476480002515018
8,0.0001,128,Sigmoid,100,0.5,0.3497536945812808,0.5378787878787878,0.0748674999922514
8,0.0001,128,Sigmoid,300,0.5,0.3497536945812808,0.5378787878787878,0.07283950014971197
8,0.0001,128,Sigmoid,500,0.5,0.3497536945812808,0.5378787878787878,0.07435079989954829
8,0.0001,128,Sigmoid,1000,0.5,0.3497536945812808,0.5378787878787878,0.09898030012845993
8,0.0001,128,GELU,50,0.5522973909027938,0.5502819548872181,0.5606060606060606,0.09939260012470186
8,0.0001,128,GELU,100,0.5522973909027938,0.5502819548872181,0.5606060606060606,0.09566180012188852
8,0.0001,128,GELU,300,0.5522973909027938,0.5502819548872181,0.5606060606060606,0.06568609992973506
8,0.0001,128,GELU,500,0.5522973909027938,0.5502819548872181,0.5606060606060606,0.06474489998072386
8,0.0001,128,GELU,1000,0.5522973909027938,0.5502819548872181,0.5606060606060606,0.08251330000348389
8,0.0001,128,Softmax,50,0.5,0.3497536945812808,0.5378787878787878,0.08744779997505248
8,0.0001,128,Softmax,100,0.5,0.3497536945812808,0.5378787878787878,0.07175649981945753
8,0.0001,128,Softmax,300,0.5,0.3497536945812808,0.5378787878787878,0.08574869995936751
8,0.0001,128,Softmax,500,0.5,0.3497536945812808,0.5378787878787878,0.08910620003007352
8,0.0001,128,Softmax,1000,0.5,0.3497536945812808,0.5378787878787878,0.08952419995330274
8,0.00025,8,ReLU,50,0.5522973909027938,0.5502819548872181,0.5606060606060606,0.25912439986132085
8,0.00025,8,ReLU,100,0.5522973909027938,0.5502819548872181,0.5606060606060606,0.2500660999212414
8,0.00025,8,ReLU,300,0.5522973909027938,0.5502819548872181,0.5606060606060606,0.20930649992078543
8,0.00025,8,ReLU,500,0.5522973909027938,0.5502819548872181,0.5606060606060606,0.2668040001299232
8,0.00025,8,ReLU,1000,0.5522973909027938,0.5502819548872181,0.5606060606060606,0.23490920010954142
8,0.00025,8,Tanh,50,0.5237820364811822,0.4921574430304824,0.5075757575757576,0.16007619979791343
8,0.00025,8,Tanh,100,0.5237820364811822,0.4921574430304824,0.5075757575757576,0.15410750010050833
8,0.00025,8,Tanh,300,0.5237820364811822,0.4921574430304824,0.5075757575757576,0.1449305999558419
8,0.00025,8,Tanh,500,0.5237820364811822,0.4921574430304824,0.5075757575757576,0.15384990000166
8,0.00025,8,Tanh,1000,0.5237820364811822,0.4921574430304824,0.5075757575757576,0.14821390016004443
8,0.00025,8,Sigmoid,50,0.5,0.3497536945812808,0.5378787878787878,0.1330330001655966
8,0.00025,8,Sigmoid,100,0.5,0.3497536945812808,0.5378787878787878,0.13272110000252724
8,0.00025,8,Sigmoid,300,0.5,0.3497536945812808,0.5378787878787878,0.1525881001725793
8,0.00025,8,Sigmoid,500,0.5,0.3497536945812808,0.5378787878787878,0.16014269995503128
8,0.00025,8,Sigmoid,1000,0.5,0.3497536945812808,0.5378787878787878,0.15251469984650612
8,0.00025,8,GELU,50,0.5522973909027938,0.5502819548872181,0.5606060606060606,0.16324119991622865
8,0.00025,8,GELU,100,0.5522973909027938,0.5502819548872181,0.5606060606060606,0.17357140011154115
8,0.00025,8,GELU,300,0.5522973909027938,0.5502819548872181,0.5606060606060606,0.1553470001090318
8,0.00025,8,GELU,500,0.5522973909027938,0.5502819548872181,0.5606060606060606,0.15708369994536042
8,0.00025,8,GELU,1000,0.5522973909027938,0.5502819548872181,0.5606060606060606,0.1551586000714451
8,0.00025,8,Softmax,50,0.5,0.3497536945812808,0.5378787878787878,0.11352579994127154
8,0.00025,8,Softmax,100,0.5,0.3497536945812808,0.5378787878787878,0.11737190000712872
8,0.00025,8,Softmax,300,0.5,0.3497536945812808,0.5378787878787878,0.11635009991005063
8,0.00025,8,Softmax,500,0.5,0.3497536945812808,0.5378787878787878,0.11518369987607002
8,0.00025,8,Softmax,1000,0.5,0.3497536945812808,0.5378787878787878,0.2947190999984741
8,0.00025,16,ReLU,50,0.5522973909027938,0.5502819548872181,0.5606060606060606,0.10515570011921227
8,0.00025,16,ReLU,100,0.5522973909027938,0.5502819548872181,0.5606060606060606,0.09355260012671351
8,0.00025,16,ReLU,300,0.5522973909027938,0.5502819548872181,0.5606060606060606,0.08397769997827709
8,0.00025,16,ReLU,500,0.5522973909027938,0.5502819548872181,0.5606060606060606,0.0825633998028934
8,0.00025,16,ReLU,1000,0.5522973909027938,0.5502819548872181,0.5606060606060606,0.09455099981278181
8,0.00025,16,Tanh,50,0.5237820364811822,0.4921574430304824,0.5075757575757576,0.07356020016595721
8,0.00025,16,Tanh,100,0.5237820364811822,0.4921574430304824,0.5075757575757576,0.0692345998249948
8,0.00025,16,Tanh,300,0.5237820364811822,0.4921574430304824,0.5075757575757576,0.0699398999568075
8,0.00025,16,Tanh,500,0.5237820364811822,0.4921574430304824,0.5075757575757576,0.061767700128257275
8,0.00025,16,Tanh,1000,0.5237820364811822,0.4921574430304824,0.5075757575757576,0.09086029999889433
8,0.00025,16,Sigmoid,50,0.5,0.3497536945812808,0.5378787878787878,0.15059150010347366
8,0.00025,16,Sigmoid,100,0.5,0.3497536945812808,0.5378787878787878,0.16614199988543987
8,0.00025,16,Sigmoid,300,0.5,0.3497536945812808,0.5378787878787878,0.127436000155285
8,0.00025,16,Sigmoid,500,0.5,0.3497536945812808,0.5378787878787878,0.1300493001472205
8,0.00025,16,Sigmoid,1000,0.5,0.3497536945812808,0.5378787878787878,0.1295129000209272
8,0.00025,16,GELU,50,0.5522973909027938,0.5502819548872181,0.5606060606060606,0.1257033001165837
8,0.00025,16,GELU,100,0.5522973909027938,0.5502819548872181,0.5606060606060606,0.15078369993716478
8,0.00025,16,GELU,300,0.5522973909027938,0.5502819548872181,0.5606060606060606,0.1517640999518335
8,0.00025,16,GELU,500,0.5522973909027938,0.5502819548872181,0.5606060606060606,0.15484930016100407
8,0.00025,16,GELU,1000,0.5522973909027938,0.5502819548872181,0.5606060606060606,0.159640499856323
8,0.00025,16,Softmax,50,0.5,0.3497536945812808,0.5378787878787878,0.1675688000395894
8,0.00025,16,Softmax,100,0.5,0.3497536945812808,0.5378787878787878,0.1738390999380499
8,0.00025,16,Softmax,300,0.5,0.3497536945812808,0.5378787878787878,0.1899625000078231
8,0.00025,16,Softmax,500,0.5,0.3497536945812808,0.5378787878787878,0.1305191998835653
8,0.00025,16,Softmax,1000,0.5,0.3497536945812808,0.5378787878787878,0.14755029999651015
8,0.00025,32,ReLU,50,0.5522973909027938,0.5502819548872181,0.5606060606060606,0.1579796001315117
8,0.00025,32,ReLU,100,0.5522973909027938,0.5502819548872181,0.5606060606060606,0.14648190001025796
8,0.00025,32,ReLU,300,0.5522973909027938,0.5502819548872181,0.5606060606060606,0.1341099999845028
8,0.00025,32,ReLU,500,0.5522973909027938,0.5502819548872181,0.5606060606060606,0.12666429998353124
8,0.00025,32,ReLU,1000,0.5522973909027938,0.5502819548872181,0.5606060606060606,0.12031479994766414
8,0.00025,32,Tanh,50,0.5249365042715308,0.489255312816239,0.5075757575757576,0.11126010003499687
8,0.00025,32,Tanh,100,0.5249365042715308,0.489255312816239,0.5075757575757576,0.12008809996768832
8,0.00025,32,Tanh,300,0.5249365042715308,0.489255312816239,0.5075757575757576,0.13772560004144907
8,0.00025,32,Tanh,500,0.5249365042715308,0.489255312816239,0.5075757575757576,0.1297483998350799
8,0.00025,32,Tanh,1000,0.5249365042715308,0.489255312816239,0.5075757575757576,0.15613879985176027
8,0.00025,32,Sigmoid,50,0.5,0.3497536945812808,0.5378787878787878,0.11011360003612936
8,0.00025,32,Sigmoid,100,0.5,0.3497536945812808,0.5378787878787878,0.13112840009853244
8,0.00025,32,Sigmoid,300,0.5,0.3497536945812808,0.5378787878787878,0.10832019988447428
8,0.00025,32,Sigmoid,500,0.5,0.3497536945812808,0.5378787878787878,0.10686920001171529
8,0.00025,32,Sigmoid,1000,0.5,0.3497536945812808,0.5378787878787878,0.11170889995992184
8,0.00025,32,GELU,50,0.5522973909027938,0.5502819548872181,0.5606060606060606,0.13961650012061
8,0.00025,32,GELU,100,0.5522973909027938,0.5502819548872181,0.5606060606060606,0.12205279991030693
8,0.00025,32,GELU,300,0.5522973909027938,0.5502819548872181,0.5606060606060606,0.1464028002228588
8,0.00025,32,GELU,500,0.5522973909027938,0.5502819548872181,0.5606060606060606,0.1490853000432253
8,0.00025,32,GELU,1000,0.5522973909027938,0.5502819548872181,0.5606060606060606,0.14565739990212023
8,0.00025,32,Softmax,50,0.5,0.3497536945812808,0.5378787878787878,0.16797179984860122
8,0.00025,32,Softmax,100,0.5,0.3497536945812808,0.5378787878787878,0.12651919992640615
8,0.00025,32,Softmax,300,0.5,0.3497536945812808,0.5378787878787878,0.12124240002594888
8,0.00025,32,Softmax,500,0.5,0.3497536945812808,0.5378787878787878,0.12336320010945201
8,0.00025,32,Softmax,1000,0.5,0.3497536945812808,0.5378787878787878,0.1470493001397699
8,0.00025,64,ReLU,50,0.5522973909027938,0.5502819548872181,0.5606060606060606,0.10464500007219613
8,0.00025,64,ReLU,100,0.5522973909027938,0.5502819548872181,0.5606060606060606,0.1153269000351429
8,0.00025,64,ReLU,300,0.5522973909027938,0.5502819548872181,0.5606060606060606,0.1082065999507904
8,0.00025,64,ReLU,500,0.5522973909027938,0.5502819548872181,0.5606060606060606,0.09953839983791113
8,0.00025,64,ReLU,1000,0.5522973909027938,0.5502819548872181,0.5606060606060606,0.10594449983909726
8,0.00025,64,Tanh,50,0.5249365042715308,0.489255312816239,0.5075757575757576,0.08754789992235601
8,0.00025,64,Tanh,100,0.5249365042715308,0.489255312816239,0.5075757575757576,0.10394360008649528
8,0.00025,64,Tanh,300,0.5249365042715308,0.489255312816239,0.5075757575757576,0.11692599998787045
8,0.00025,64,Tanh,500,0.5249365042715308,0.489255312816239,0.5075757575757576,0.1367103001102805
8,0.00025,64,Tanh,1000,0.5249365042715308,0.489255312816239,0.5075757575757576,0.1295497000683099
8,0.00025,64,Sigmoid,50,0.5,0.3497536945812808,0.5378787878787878,0.10749770002439618
8,0.00025,64,Sigmoid,100,0.5,0.3497536945812808,0.5378787878787878,0.17981100012548268
8,0.00025,64,Sigmoid,300,0.5,0.3497536945812808,0.5378787878787878,0.10886290017515421
8,0.00025,64,Sigmoid,500,0.5,0.3497536945812808,0.5378787878787878,0.089464700082317
8,0.00025,64,Sigmoid,1000,0.5,0.3497536945812808,0.5378787878787878,0.08819969999603927
8,0.00025,64,GELU,50,0.5522973909027938,0.5502819548872181,0.5606060606060606,0.09941580006852746
8,0.00025,64,GELU,100,0.5522973909027938,0.5502819548872181,0.5606060606060606,0.11132399993948638
8,0.00025,64,GELU,300,0.5522973909027938,0.5502819548872181,0.5606060606060606,0.11397950001992285
8,0.00025,64,GELU,500,0.5522973909027938,0.5502819548872181,0.5606060606060606,0.13086230005137622
8,0.00025,64,GELU,1000,0.5522973909027938,0.5502819548872181,0.5606060606060606,0.11597710009664297
8,0.00025,64,Softmax,50,0.5,0.3497536945812808,0.5378787878787878,0.1266142998356372
8,0.00025,64,Softmax,100,0.5,0.3497536945812808,0.5378787878787878,0.11421609995886683
8,0.00025,64,Softmax,300,0.5,0.3497536945812808,0.5378787878787878,0.0990634998306632
8,0.00025,64,Softmax,500,0.5,0.3497536945812808,0.5378787878787878,0.12837879988364875
8,0.00025,64,Softmax,1000,0.5,0.3497536945812808,0.5378787878787878,0.09059440018609166
8,0.00025,128,ReLU,50,0.5522973909027938,0.5502819548872181,0.5606060606060606,0.0976630998775363
8,0.00025,128,ReLU,100,0.5522973909027938,0.5502819548872181,0.5606060606060606,0.07554989983327687
8,0.00025,128,ReLU,300,0.5522973909027938,0.5502819548872181,0.5606060606060606,0.08854150003753603
8,0.00025,128,ReLU,500,0.5522973909027938,0.5502819548872181,0.5606060606060606,0.07166399993002415
8,0.00025,128,ReLU,1000,0.5522973909027938,0.5502819548872181,0.5606060606060606,0.08392570004798472
8,0.00025,128,Tanh,50,0.5249365042715308,0.489255312816239,0.5075757575757576,0.09274779981933534
8,0.00025,128,Tanh,100,0.5249365042715308,0.489255312816239,0.5075757575757576,0.10388690000399947
8,0.00025,128,Tanh,300,0.5249365042715308,0.489255312816239,0.5075757575757576,0.09718780010007322
8,0.00025,128,Tanh,500,0.5249365042715308,0.489255312816239,0.5075757575757576,0.11175199993886054
8,0.00025,128,Tanh,1000,0.5249365042715308,0.489255312816239,0.5075757575757576,0.09780359989963472
8,0.00025,128,Sigmoid,50,0.5,0.3497536945812808,0.5378787878787878,0.14705839985981584
8,0.00025,128,Sigmoid,100,0.5,0.3497536945812808,0.5378787878787878,0.11455910000950098
8,0.00025,128,Sigmoid,300,0.5,0.3497536945812808,0.5378787878787878,0.1081301998347044
8,0.00025,128,Sigmoid,500,0.5,0.3497536945812808,0.5378787878787878,0.10865899990312755
8,0.00025,128,Sigmoid,1000,0.5,0.3497536945812808,0.5378787878787878,0.07572650001384318
8,0.00025,128,GELU,50,0.5522973909027938,0.5502819548872181,0.5606060606060606,0.06677030003629625
8,0.00025,128,GELU,100,0.5522973909027938,0.5502819548872181,0.5606060606060606,0.09785849996842444
8,0.00025,128,GELU,300,0.5522973909027938,0.5502819548872181,0.5606060606060606,0.09614080004394054
8,0.00025,128,GELU,500,0.5522973909027938,0.5502819548872181,0.5606060606060606,0.08118019998073578
8,0.00025,128,GELU,1000,0.5522973909027938,0.5502819548872181,0.5606060606060606,0.06581899989396334
8,0.00025,128,Softmax,50,0.5,0.3497536945812808,0.5378787878787878,0.0622704999987036
8,0.00025,128,Softmax,100,0.5,0.3497536945812808,0.5378787878787878,0.07251459988765419
8,0.00025,128,Softmax,300,0.5,0.3497536945812808,0.5378787878787878,0.06863530003465712
8,0.00025,128,Softmax,500,0.5,0.3497536945812808,0.5378787878787878,0.06892500002868474
8,0.00025,128,Softmax,1000,0.5,0.3497536945812808,0.5378787878787878,0.09007630008272827
16,0.01,8,ReLU,50,0.6179866081736319,0.6149770819691648,0.6287878787878788,0.18893099995329976
16,0.01,8,ReLU,100,0.6179866081736319,0.6149770819691648,0.6287878787878788,0.25629510008729994
16,0.01,8,ReLU,300,0.6179866081736319,0.6149770819691648,0.6287878787878788,0.2972903000190854
16,0.01,8,ReLU,500,0.6179866081736319,0.6149770819691648,0.6287878787878788,0.2397288999054581
16,0.01,8,ReLU,1000,0.6179866081736319,0.6149770819691648,0.6287878787878788,0.24054150003939867
16,0.01,8,Tanh,50,0.6215654583237128,0.6136585365853658,0.6363636363636364,0.18090060004033148
16,0.01,8,Tanh,100,0.6215654583237128,0.6136585365853658,0.6363636363636364,0.17365929996594787
16,0.01,8,Tanh,300,0.6215654583237128,0.6136585365853658,0.6363636363636364,0.17171320016495883
16,0.01,8,Tanh,500,0.6215654583237128,0.6136585365853658,0.6363636363636364,0.17180399992503226
16,0.01,8,Tanh,1000,0.6215654583237128,0.6136585365853658,0.6363636363636364,0.19595490000210702
16,0.01,8,Sigmoid,50,0.6298776264142231,0.6079545454545454,0.6515151515151515,0.2251667999662459
16,0.01,8,Sigmoid,100,0.6298776264142231,0.6079545454545454,0.6515151515151515,0.20917859999462962
16,0.01,8,Sigmoid,300,0.6298776264142231,0.6079545454545454,0.6515151515151515,0.19515520008280873
16,0.01,8,Sigmoid,500,0.6298776264142231,0.6079545454545454,0.6515151515151515,0.18300789990462363
16,0.01,8,Sigmoid,1000,0.6298776264142231,0.6079545454545454,0.6515151515151515,0.18433910002931952
16,0.01,8,GELU,50,0.6179866081736319,0.6149770819691648,0.6287878787878788,0.20033810008317232
16,0.01,8,GELU,100,0.6179866081736319,0.6149770819691648,0.6287878787878788,0.19235130003653467
16,0.01,8,GELU,300,0.6179866081736319,0.6149770819691648,0.6287878787878788,0.23495579999871552
16,0.01,8,GELU,500,0.6179866081736319,0.6149770819691648,0.6287878787878788,0.20198899996466935
16,0.01,8,GELU,1000,0.6179866081736319,0.6149770819691648,0.6287878787878788,0.17569809989072382
16,0.01,8,Softmax,50,0.6298776264142231,0.6079545454545454,0.6515151515151515,0.14256699988618493
16,0.01,8,Softmax,100,0.6298776264142231,0.6079545454545454,0.6515151515151515,0.14651599992066622
16,0.01,8,Softmax,300,0.6298776264142231,0.6079545454545454,0.6515151515151515,0.1567067001014948
16,0.01,8,Softmax,500,0.6298776264142231,0.6079545454545454,0.6515151515151515,0.14290400012396276
16,0.01,8,Softmax,1000,0.6298776264142231,0.6079545454545454,0.6515151515151515,0.16118360008113086
16,0.01,16,ReLU,50,0.5958208265989379,0.5806913734039241,0.6136363636363636,0.13488999987021089
16,0.01,16,ReLU,100,0.5958208265989379,0.5806913734039241,0.6136363636363636,0.14782630000263453
16,0.01,16,ReLU,300,0.5958208265989379,0.5806913734039241,0.6136363636363636,0.13180129998363554
16,0.01,16,ReLU,500,0.5958208265989379,0.5806913734039241,0.6136363636363636,0.12811160017736256
16,0.01,16,ReLU,1000,0.5958208265989379,0.5806913734039241,0.6136363636363636,0.12032360001467168
16,0.01,16,Tanh,50,0.595705379819903,0.5925925925925926,0.6060606060606061,0.09311000001616776
16,0.01,16,Tanh,100,0.595705379819903,0.5925925925925926,0.6060606060606061,0.08394709997810423
16,0.01,16,Tanh,300,0.595705379819903,0.5925925925925926,0.6060606060606061,0.08314400003291667
16,0.01,16,Tanh,500,0.595705379819903,0.5925925925925926,0.6060606060606061,0.07941009989008307
16,0.01,16,Tanh,1000,0.595705379819903,0.5925925925925926,0.6060606060606061,0.07951229996979237
16,0.01,16,Sigmoid,50,0.6123297160009236,0.5809523809523809,0.6363636363636364,0.10054700006730855
16,0.01,16,Sigmoid,100,0.6123297160009236,0.5809523809523809,0.6363636363636364,0.0956353999208659
16,0.01,16,Sigmoid,300,0.6123297160009236,0.5809523809523809,0.6363636363636364,0.09084570012055337
16,0.01,16,Sigmoid,500,0.6123297160009236,0.5809523809523809,0.6363636363636364,0.08999909996055067
16,0.01,16,Sigmoid,1000,0.6123297160009236,0.5809523809523809,0.6363636363636364,0.10389110003598034
16,0.01,16,GELU,50,0.5958208265989379,0.5806913734039241,0.6136363636363636,0.15403720014728606
16,0.01,16,GELU,100,0.5958208265989379,0.5806913734039241,0.6136363636363636,0.1984750998672098
16,0.01,16,GELU,300,0.5958208265989379,0.5806913734039241,0.6136363636363636,0.183283899910748
16,0.01,16,GELU,500,0.5958208265989379,0.5806913734039241,0.6136363636363636,0.16427649999968708
16,0.01,16,GELU,1000,0.5958208265989379,0.5806913734039241,0.6136363636363636,0.18594569992274046
16,0.01,16,Softmax,50,0.6123297160009236,0.5809523809523809,0.6363636363636364,0.19653919991105795
16,0.01,16,Softmax,100,0.6123297160009236,0.5809523809523809,0.6363636363636364,0.18262959993444383
16,0.01,16,Softmax,300,0.6123297160009236,0.5809523809523809,0.6363636363636364,0.20823330013081431
16,0.01,16,Softmax,500,0.6123297160009236,0.5809523809523809,0.6363636363636364,0.1897791000083089
16,0.01,16,Softmax,1000,0.6123297160009236,0.5809523809523809,0.6363636363636364,0.18126490013673902
16,0.01,32,ReLU,50,0.5770030016162548,0.5686274509803921,0.5909090909090909,0.11139199999161065
16,0.01,32,ReLU,100,0.5770030016162548,0.5686274509803921,0.5909090909090909,0.12267660000361502
16,0.01,32,ReLU,300,0.5770030016162548,0.5686274509803921,0.5909090909090909,0.0993466000072658
16,0.01,32,ReLU,500,0.5770030016162548,0.5686274509803921,0.5909090909090909,0.10833499999716878
16,0.01,32,ReLU,1000,0.5770030016162548,0.5686274509803921,0.5909090909090909,0.12517130002379417
16,0.01,32,Tanh,50,0.5992842299699839,0.5910830346838365,0.6136363636363636,0.10379959992133081
16,0.01,32,Tanh,100,0.5992842299699839,0.5910830346838365,0.6136363636363636,0.13635889999568462
16,0.01,32,Tanh,300,0.5992842299699839,0.5910830346838365,0.6136363636363636,0.146679800003767
16,0.01,32,Tanh,500,0.5992842299699839,0.5910830346838365,0.6136363636363636,0.1436358999926597
16,0.01,32,Tanh,1000,0.5992842299699839,0.5910830346838365,0.6136363636363636,0.13574360008351505
16,0.01,32,Sigmoid,50,0.5513738166705149,0.5111111111111111,0.5757575757575758,0.1639970000833273
16,0.01,32,Sigmoid,100,0.5513738166705149,0.5111111111111111,0.5757575757575758,0.17539140000008047
16,0.01,32,Sigmoid,300,0.5513738166705149,0.5111111111111111,0.5757575757575758,0.12877129996195436
16,0.01,32,Sigmoid,500,0.5513738166705149,0.5111111111111111,0.5757575757575758,0.114666499895975
16,0.01,32,Sigmoid,1000,0.5513738166705149,0.5111111111111111,0.5757575757575758,0.1270150998607278
16,0.01,32,GELU,50,0.5770030016162548,0.5686274509803921,0.5909090909090909,0.10618219990283251
16,0.01,32,GELU,100,0.5770030016162548,0.5686274509803921,0.5909090909090909,0.09663639985956252
16,0.01,32,GELU,300,0.5770030016162548,0.5686274509803921,0.5909090909090909,0.10629720008000731
16,0.01,32,GELU,500,0.5770030016162548,0.5686274509803921,0.5909090909090909,0.11585679999552667
16,0.01,32,GELU,1000,0.5770030016162548,0.5686274509803921,0.5909090909090909,0.12497549992986023
16,0.01,32,Softmax,50,0.5513738166705149,0.5111111111111111,0.5757575757575758,0.15991150005720556
16,0.01,32,Softmax,100,0.5513738166705149,0.5111111111111111,0.5757575757575758,0.17756960005499423
16,0.01,32,Softmax,300,0.5513738166705149,0.5111111111111111,0.5757575757575758,0.1526550999842584
16,0.01,32,Softmax,500,0.5513738166705149,0.5111111111111111,0.5757575757575758,0.13679470005445182
16,0.01,32,Softmax,1000,0.5513738166705149,0.5111111111111111,0.5757575757575758,0.12751600006595254
16,0.01,64,ReLU,50,0.5933964442392057,0.5875,0.6060606060606061,0.10145299998112023
16,0.01,64,ReLU,100,0.5933964442392057,0.5875,0.6060606060606061,0.1145359999500215
16,0.01,64,ReLU,300,0.5933964442392057,0.5875,0.6060606060606061,0.12164389993995428
16,0.01,64,ReLU,500,0.5933964442392057,0.5875,0.6060606060606061,0.11071669985540211
16,0.01,64,ReLU,1000,0.5933964442392057,0.5875,0.6060606060606061,0.114657900063321
16,0.01,64,Tanh,50,0.5922419764488571,0.5846042120551924,0.6060606060606061,0.11504880012944341
16,0.01,64,Tanh,100,0.5922419764488571,0.5846042120551924,0.6060606060606061,0.11082209995947778
16,0.01,64,Tanh,300,0.5922419764488571,0.5846042120551924,0.6060606060606061,0.12237419979646802
16,0.01,64,Tanh,500,0.5922419764488571,0.5846042120551924,0.6060606060606061,0.10618170001544058
16,0.01,64,Tanh,1000,0.5922419764488571,0.5846042120551924,0.6060606060606061,0.10943729989230633
16,0.01,64,Sigmoid,50,0.5619949203417225,0.5011198208286674,0.5909090909090909,0.12288549984805286
16,0.01,64,Sigmoid,100,0.5619949203417225,0.5011198208286674,0.5909090909090909,0.1262263001408428
16,0.01,64,Sigmoid,300,0.5619949203417225,0.5011198208286674,0.5909090909090909,0.10731910006143153
16,0.01,64,Sigmoid,500,0.5619949203417225,0.5011198208286674,0.5909090909090909,0.10894729988649487
16,0.01,64,Sigmoid,1000,0.5619949203417225,0.5011198208286674,0.5909090909090909,0.11606050003319979
16,0.01,64,GELU,50,0.5933964442392057,0.5875,0.6060606060606061,0.07085199980065227
16,0.01,64,GELU,100,0.5933964442392057,0.5875,0.6060606060606061,0.09437990002334118
16,0.01,64,GELU,300,0.5933964442392057,0.5875,0.6060606060606061,0.08674110006541014
16,0.01,64,GELU,500,0.5933964442392057,0.5875,0.6060606060606061,0.09577620006166399
16,0.01,64,GELU,1000,0.5933964442392057,0.5875,0.6060606060606061,0.08880040002986789
16,0.01,64,Softmax,50,0.5619949203417225,0.5011198208286674,0.5909090909090909,0.11135809984989464
16,0.01,64,Softmax,100,0.5619949203417225,0.5011198208286674,0.5909090909090909,0.09668019996024668
16,0.01,64,Softmax,300,0.5619949203417225,0.5011198208286674,0.5909090909090909,0.10996040003374219
16,0.01,64,Softmax,500,0.5619949203417225,0.5011198208286674,0.5909090909090909,0.11183640011586249
16,0.01,64,Softmax,1000,0.5619949203417225,0.5011198208286674,0.5909090909090909,0.11539850011467934
16,0.01,128,ReLU,50,0.5992842299699839,0.5910830346838365,0.6136363636363636,0.08454450010322034
16,0.01,128,ReLU,100,0.5992842299699839,0.5910830346838365,0.6136363636363636,0.0935831000097096
16,0.01,128,ReLU,300,0.5992842299699839,0.5910830346838365,0.6136363636363636,0.10864349990151823
16,0.01,128,ReLU,500,0.5992842299699839,0.5910830346838365,0.6136363636363636,0.11516649997793138
16,0.01,128,ReLU,1000,0.5992842299699839,0.5910830346838365,0.6136363636363636,0.12225800007581711
16,0.01,128,Tanh,50,0.5464096051720158,0.5454916836883572,0.553030303030303,0.09641180001199245
16,0.01,128,Tanh,100,0.5464096051720158,0.5454916836883572,0.553030303030303,0.09937279997393489
16,0.01,128,Tanh,300,0.5464096051720158,0.5454916836883572,0.553030303030303,0.08908799989148974
16,0.01,128,Tanh,500,0.5464096051720158,0.5454916836883572,0.553030303030303,0.08751549990847707
16,0.01,128,Tanh,1000,0.5464096051720158,0.5454916836883572,0.553030303030303,0.09601179999299347
16,0.01,128,Sigmoid,50,0.5163934426229508,0.3849798625918029,0.553030303030303,0.07714969990774989
16,0.01,128,Sigmoid,100,0.5163934426229508,0.3849798625918029,0.553030303030303,0.08763249986805022
16,0.01,128,Sigmoid,300,0.5163934426229508,0.3849798625918029,0.553030303030303,0.10215230006724596
16,0.01,128,Sigmoid,500,0.5163934426229508,0.3849798625918029,0.553030303030303,0.08721709996461868
16,0.01,128,Sigmoid,1000,0.5163934426229508,0.3849798625918029,0.553030303030303,0.10035949992015958
16,0.01,128,GELU,50,0.5992842299699839,0.5910830346838365,0.6136363636363636,0.07720930012874305
16,0.01,128,GELU,100,0.5992842299699839,0.5910830346838365,0.6136363636363636,0.060822300147265196
16,0.01,128,GELU,300,0.5992842299699839,0.5910830346838365,0.6136363636363636,0.061176500050351024
16,0.01,128,GELU,500,0.5992842299699839,0.5910830346838365,0.6136363636363636,0.0622707000002265
16,0.01,128,GELU,1000,0.5992842299699839,0.5910830346838365,0.6136363636363636,0.05092140007764101
16,0.01,128,Softmax,50,0.5163934426229508,0.3849798625918029,0.553030303030303,0.046695200027897954
16,0.01,128,Softmax,100,0.5163934426229508,0.3849798625918029,0.553030303030303,0.048502299934625626
16,0.01,128,Softmax,300,0.5163934426229508,0.3849798625918029,0.553030303030303,0.07230399991385639
16,0.01,128,Softmax,500,0.5163934426229508,0.3849798625918029,0.553030303030303,0.08776519983075559
16,0.01,128,Softmax,1000,0.5163934426229508,0.3849798625918029,0.553030303030303,0.07733229990117252
16,0.001,8,ReLU,50,0.5583006234126068,0.5416666666666666,0.5757575757575758,0.34059279994107783
16,0.001,8,ReLU,100,0.5583006234126068,0.5416666666666666,0.5757575757575758,0.35309490002691746
16,0.001,8,ReLU,300,0.5583006234126068,0.5416666666666666,0.5757575757575758,0.43358949990943074
16,0.001,8,ReLU,500,0.5583006234126068,0.5416666666666666,0.5757575757575758,0.300485200015828
16,0.001,8,ReLU,1000,0.5583006234126068,0.5416666666666666,0.5757575757575758,0.31388220004737377
16,0.001,8,Tanh,50,0.5416762872315862,0.5416666666666667,0.5454545454545454,0.3204542000312358
16,0.001,8,Tanh,100,0.5416762872315862,0.5416666666666667,0.5454545454545454,0.32566280011087656
16,0.001,8,Tanh,300,0.5416762872315862,0.5416666666666667,0.5454545454545454,0.40315339993685484
16,0.001,8,Tanh,500,0.5416762872315862,0.5416666666666667,0.5454545454545454,0.29307950008660555
16,0.001,8,Tanh,1000,0.5416762872315862,0.5416666666666667,0.5454545454545454,0.2957313999067992
16,0.001,8,Sigmoid,50,0.5,0.3497536945812808,0.5378787878787878,0.17040949990041554
16,0.001,8,Sigmoid,100,0.5,0.3497536945812808,0.5378787878787878,0.17278849985450506
16,0.001,8,Sigmoid,300,0.5,0.3497536945812808,0.5378787878787878,0.2444534997921437
16,0.001,8,Sigmoid,500,0.5,0.3497536945812808,0.5378787878787878,0.24063869984820485
16,0.001,8,Sigmoid,1000,0.5,0.3497536945812808,0.5378787878787878,0.20729140006005764
16,0.001,8,GELU,50,0.5583006234126068,0.5416666666666666,0.5757575757575758,0.3082196000032127
16,0.001,8,GELU,100,0.5583006234126068,0.5416666666666666,0.5757575757575758,0.32198229990899563
16,0.001,8,GELU,300,0.5583006234126068,0.5416666666666666,0.5757575757575758,0.3567691999487579
16,0.001,8,GELU,500,0.5583006234126068,0.5416666666666666,0.5757575757575758,0.4428998997900635
16,0.001,8,GELU,1000,0.5583006234126068,0.5416666666666666,0.5757575757575758,0.33088600006885827
16,0.001,8,Softmax,50,0.5,0.3497536945812808,0.5378787878787878,0.1368082999251783
16,0.001,8,Softmax,100,0.5,0.3497536945812808,0.5378787878787878,0.16067829984240234
16,0.001,8,Softmax,300,0.5,0.3497536945812808,0.5378787878787878,0.16558349994011223
16,0.001,8,Softmax,500,0.5,0.3497536945812808,0.5378787878787878,0.16527740005403757
16,0.001,8,Softmax,1000,0.5,0.3497536945812808,0.5378787878787878,0.15729149989783764
16,0.001,16,ReLU,50,0.5407527129993073,0.5161779575328614,0.5606060606060606,0.21969659999012947
16,0.001,16,ReLU,100,0.5407527129993073,0.5161779575328614,0.5606060606060606,0.21873959992080927
16,0.001,16,ReLU,300,0.5407527129993073,0.5161779575328614,0.5606060606060606,0.20272869989275932
16,0.001,16,ReLU,500,0.5407527129993073,0.5161779575328614,0.5606060606060606,0.17178170010447502
16,0.001,16,ReLU,1000,0.5407527129993073,0.5161779575328614,0.5606060606060606,0.18656850000843406
16,0.001,16,Tanh,50,0.5041560840452551,0.5041322314049587,0.5075757575757576,0.15522459987550974
16,0.001,16,Tanh,100,0.5041560840452551,0.5041322314049587,0.5075757575757576,0.14503680006600916
16,0.001,16,Tanh,300,0.5041560840452551,0.5041322314049587,0.5075757575757576,0.1741142999380827
16,0.001,16,Tanh,500,0.5041560840452551,0.5041322314049587,0.5075757575757576,0.16957730008289218
16,0.001,16,Tanh,1000,0.5041560840452551,0.5041322314049587,0.5075757575757576,0.21194460010156035
16,0.001,16,Sigmoid,50,0.5,0.3497536945812808,0.5378787878787878,0.12036870000883937
16,0.001,16,Sigmoid,100,0.5,0.3497536945812808,0.5378787878787878,0.1253689001314342
16,0.001,16,Sigmoid,300,0.5,0.3497536945812808,0.5378787878787878,0.12001459999009967
16,0.001,16,Sigmoid,500,0.5,0.3497536945812808,0.5378787878787878,0.10739330016076565
16,0.001,16,Sigmoid,1000,0.5,0.3497536945812808,0.5378787878787878,0.10170349990949035
16,0.001,16,GELU,50,0.5407527129993073,0.5161779575328614,0.5606060606060606,0.1780334000941366
16,0.001,16,GELU,100,0.5407527129993073,0.5161779575328614,0.5606060606060606,0.17004640004597604
16,0.001,16,GELU,300,0.5407527129993073,0.5161779575328614,0.5606060606060606,0.16242500022053719
16,0.001,16,GELU,500,0.5407527129993073,0.5161779575328614,0.5606060606060606,0.1642968999221921
16,0.001,16,GELU,1000,0.5407527129993073,0.5161779575328614,0.5606060606060606,0.19492370006628335
16,0.001,16,Softmax,50,0.5,0.3497536945812808,0.5378787878787878,0.14025799999944866
16,0.001,16,Softmax,100,0.5,0.3497536945812808,0.5378787878787878,0.11688930005766451
16,0.001,16,Softmax,300,0.5,0.3497536945812808,0.5378787878787878,0.13734979997389019
16,0.001,16,Softmax,500,0.5,0.3497536945812808,0.5378787878787878,0.11219100002199411
16,0.001,16,Softmax,1000,0.5,0.3497536945812808,0.5378787878787878,0.10842609987594187
16,0.001,32,ReLU,50,0.5173170168552297,0.4885345868004828,0.5378787878787878,0.14490389986895025
16,0.001,32,ReLU,100,0.5173170168552297,0.4885345868004828,0.5378787878787878,0.14410470006987453
16,0.001,32,ReLU,300,0.5173170168552297,0.4885345868004828,0.5378787878787878,0.14446339989081025
16,0.001,32,ReLU,500,0.5173170168552297,0.4885345868004828,0.5378787878787878,0.13620640011504292
16,0.001,32,ReLU,1000,0.5173170168552297,0.4885345868004828,0.5378787878787878,0.13854709989391267
16,0.001,32,Tanh,50,0.5135072731470791,0.5133640552995391,0.5151515151515151,0.11699839984066784
16,0.001,32,Tanh,100,0.5135072731470791,0.5133640552995391,0.5151515151515151,0.14322789991274476
16,0.001,32,Tanh,300,0.5135072731470791,0.5133640552995391,0.5151515151515151,0.13854439998976886
16,0.001,32,Tanh,500,0.5135072731470791,0.5133640552995391,0.5151515151515151,0.12629840010777116
16,0.001,32,Tanh,1000,0.5135072731470791,0.5133640552995391,0.5151515151515151,0.12902699992991984
16,0.001,32,Sigmoid,50,0.5,0.3497536945812808,0.5378787878787878,0.1109591000713408
16,0.001,32,Sigmoid,100,0.5,0.3497536945812808,0.5378787878787878,0.0986772000323981
16,0.001,32,Sigmoid,300,0.5,0.3497536945812808,0.5378787878787878,0.0957315000705421
16,0.001,32,Sigmoid,500,0.5,0.3497536945812808,0.5378787878787878,0.09747790009714663
16,0.001,32,Sigmoid,1000,0.5,0.3497536945812808,0.5378787878787878,0.11598370014689863
16,0.001,32,GELU,50,0.5173170168552297,0.4885345868004828,0.5378787878787878,0.149086199933663
16,0.001,32,GELU,100,0.5173170168552297,0.4885345868004828,0.5378787878787878,0.1453851000405848
16,0.001,32,GELU,300,0.5173170168552297,0.4885345868004828,0.5378787878787878,0.13622360001318157
16,0.001,32,GELU,500,0.5173170168552297,0.4885345868004828,0.5378787878787878,0.1273785000666976
16,0.001,32,GELU,1000,0.5173170168552297,0.4885345868004828,0.5378787878787878,0.17773150000721216
16,0.001,32,Softmax,50,0.5,0.3497536945812808,0.5378787878787878,0.11640920001082122
16,0.001,32,Softmax,100,0.5,0.3497536945812808,0.5378787878787878,0.13434270001016557
16,0.001,32,Softmax,300,0.5,0.3497536945812808,0.5378787878787878,0.10883940011262894
16,0.001,32,Softmax,500,0.5,0.3497536945812808,0.5378787878787878,0.10046080010943115
16,0.001,32,Softmax,1000,0.5,0.3497536945812808,0.5378787878787878,0.08192880009301007
16,0.001,64,ReLU,50,0.5255137381667051,0.4994944388270981,0.5454545454545454,0.10211269999854267
16,0.001,64,ReLU,100,0.5255137381667051,0.4994944388270981,0.5454545454545454,0.0804173001088202
16,0.001,64,ReLU,300,0.5255137381667051,0.4994944388270981,0.5454545454545454,0.0859137000516057
16,0.001,64,ReLU,500,0.5255137381667051,0.4994944388270981,0.5454545454545454,0.08277239999733865
16,0.001,64,ReLU,1000,0.5255137381667051,0.4994944388270981,0.5454545454545454,0.07865789998322725
16,0.001,64,Tanh,50,0.4899561302239667,0.484375,0.48484848484848486,0.07712289993651211
16,0.001,64,Tanh,100,0.4899561302239667,0.484375,0.48484848484848486,0.06718010012991726
16,0.001,64,Tanh,300,0.4899561302239667,0.484375,0.48484848484848486,0.07341009983792901
16,0.001,64,Tanh,500,0.4899561302239667,0.484375,0.48484848484848486,0.05668329983018339
16,0.001,64,Tanh,1000,0.4899561302239667,0.484375,0.48484848484848486,0.07609949982725084
16,0.001,64,Sigmoid,50,0.5,0.3497536945812808,0.5378787878787878,0.05456550000235438
16,0.001,64,Sigmoid,100,0.5,0.3497536945812808,0.5378787878787878,0.06424469989724457
16,0.001,64,Sigmoid,300,0.5,0.3497536945812808,0.5378787878787878,0.06949310004711151
16,0.001,64,Sigmoid,500,0.5,0.3497536945812808,0.5378787878787878,0.06813320005312562
16,0.001,64,Sigmoid,1000,0.5,0.3497536945812808,0.5378787878787878,0.05654240003786981
16,0.001,64,GELU,50,0.5255137381667051,0.4994944388270981,0.5454545454545454,0.08970519993454218
16,0.001,64,GELU,100,0.5255137381667051,0.4994944388270981,0.5454545454545454,0.07745250011794269
16,0.001,64,GELU,300,0.5255137381667051,0.4994944388270981,0.5454545454545454,0.08060729992575943
16,0.001,64,GELU,500,0.5255137381667051,0.4994944388270981,0.5454545454545454,0.07405099994502962
16,0.001,64,GELU,1000,0.5255137381667051,0.4994944388270981,0.5454545454545454,0.0740300000179559
16,0.001,64,Softmax,50,0.5,0.3497536945812808,0.5378787878787878,0.0534145999699831
16,0.001,64,Softmax,100,0.5,0.3497536945812808,0.5378787878787878,0.058724600123241544
16,0.001,64,Softmax,300,0.5,0.3497536945812808,0.5378787878787878,0.053086499916389585
16,0.001,64,Softmax,500,0.5,0.3497536945812808,0.5378787878787878,0.05324329994618893
16,0.001,64,Softmax,1000,0.5,0.3497536945812808,0.5378787878787878,0.048531000036746264
16,0.001,128,ReLU,50,0.5337104594781805,0.5102810790416903,0.553030303030303,0.06320279999636114
16,0.001,128,ReLU,100,0.5337104594781805,0.5102810790416903,0.553030303030303,0.053422699915245175
16,0.001,128,ReLU,300,0.5337104594781805,0.5102810790416903,0.553030303030303,0.06283599999733269
16,0.001,128,ReLU,500,0.5337104594781805,0.5102810790416903,0.553030303030303,0.06288510002195835
16,0.001,128,ReLU,1000,0.5337104594781805,0.5102810790416903,0.553030303030303,0.06505820015445352
16,0.001,128,Tanh,50,0.47702609097206183,0.467741935483871,0.4696969696969697,0.058617400005459785
16,0.001,128,Tanh,100,0.47702609097206183,0.467741935483871,0.4696969696969697,0.05270039988681674
16,0.001,128,Tanh,300,0.47702609097206183,0.467741935483871,0.4696969696969697,0.06333319982513785
16,0.001,128,Tanh,500,0.47702609097206183,0.467741935483871,0.4696969696969697,0.06711360020563006
16,0.001,128,Tanh,1000,0.47702609097206183,0.467741935483871,0.4696969696969697,0.07522749993950129
16,0.001,128,Sigmoid,50,0.5,0.3497536945812808,0.5378787878787878,0.08989750011824071
16,0.001,128,Sigmoid,100,0.5,0.3497536945812808,0.5378787878787878,0.05448299995623529
16,0.001,128,Sigmoid,300,0.5,0.3497536945812808,0.5378787878787878,0.049674700014293194
16,0.001,128,Sigmoid,500,0.5,0.3497536945812808,0.5378787878787878,0.05109620001167059
16,0.001,128,Sigmoid,1000,0.5,0.3497536945812808,0.5378787878787878,0.055160999996587634
16,0.001,128,GELU,50,0.5337104594781805,0.5102810790416903,0.553030303030303,0.06368010002188385
16,0.001,128,GELU,100,0.5337104594781805,0.5102810790416903,0.553030303030303,0.062235399847850204
16,0.001,128,GELU,300,0.5337104594781805,0.5102810790416903,0.553030303030303,0.05085729993879795
16,0.001,128,GELU,500,0.5337104594781805,0.5102810790416903,0.553030303030303,0.05022530001588166
16,0.001,128,GELU,1000,0.5337104594781805,0.5102810790416903,0.553030303030303,0.06563209998421371
16,0.001,128,Softmax,50,0.5,0.3497536945812808,0.5378787878787878,0.03904350008815527
16,0.001,128,Softmax,100,0.5,0.3497536945812808,0.5378787878787878,0.038239600136876106
16,0.001,128,Softmax,300,0.5,0.3497536945812808,0.5378787878787878,0.05049569997936487
16,0.001,128,Softmax,500,0.5,0.3497536945812808,0.5378787878787878,0.040132900001481175
16,0.001,128,Softmax,1000,0.5,0.3497536945812808,0.5378787878787878,0.03658069996163249
16,0.0001,8,ReLU,50,0.5173170168552297,0.4885345868004828,0.5378787878787878,0.1420847000554204
16,0.0001,8,ReLU,100,0.5173170168552297,0.4885345868004828,0.5378787878787878,0.1307811001315713
16,0.0001,8,ReLU,300,0.5173170168552297,0.4885345868004828,0.5378787878787878,0.13502669986337423
16,0.0001,8,ReLU,500,0.5173170168552297,0.4885345868004828,0.5378787878787878,0.13104679994285107
16,0.0001,8,ReLU,1000,0.5173170168552297,0.4885345868004828,0.5378787878787878,0.13235120009630919
16,0.0001,8,Tanh,50,0.46294158392980833,0.4513969060263219,0.45454545454545453,0.13296329998411238
16,0.0001,8,Tanh,100,0.46294158392980833,0.4513969060263219,0.45454545454545453,0.32164149987511337
16,0.0001,8,Tanh,300,0.46294158392980833,0.4513969060263219,0.45454545454545453,0.22196200001053512
16,0.0001,8,Tanh,500,0.46294158392980833,0.4513969060263219,0.45454545454545453,0.23029330000281334
16,0.0001,8,Tanh,1000,0.46294158392980833,0.4513969060263219,0.45454545454545453,0.19958369992673397
16,0.0001,8,Sigmoid,50,0.5,0.3497536945812808,0.5378787878787878,0.19395119999535382
16,0.0001,8,Sigmoid,100,0.5,0.3497536945812808,0.5378787878787878,0.20524649997241795
16,0.0001,8,Sigmoid,300,0.5,0.3497536945812808,0.5378787878787878,0.33836840000003576
16,0.0001,8,Sigmoid,500,0.5,0.3497536945812808,0.5378787878787878,0.23934219987131655
16,0.0001,8,Sigmoid,1000,0.5,0.3497536945812808,0.5378787878787878,0.2363150001037866
16,0.0001,8,GELU,50,0.5173170168552297,0.4885345868004828,0.5378787878787878,0.20679509988985956
16,0.0001,8,GELU,100,0.5173170168552297,0.4885345868004828,0.5378787878787878,0.26358260004781187
16,0.0001,8,GELU,300,0.5173170168552297,0.4885345868004828,0.5378787878787878,0.23931330000050366
16,0.0001,8,GELU,500,0.5173170168552297,0.4885345868004828,0.5378787878787878,0.2677734000608325
16,0.0001,8,GELU,1000,0.5173170168552297,0.4885345868004828,0.5378787878787878,0.3451810001861304
16,0.0001,8,Softmax,50,0.5,0.3497536945812808,0.5378787878787878,0.19541880022734404
16,0.0001,8,Softmax,100,0.5,0.3497536945812808,0.5378787878787878,0.17129820003174245
16,0.0001,8,Softmax,300,0.5,0.3497536945812808,0.5378787878787878,0.1682617999613285
16,0.0001,8,Softmax,500,0.5,0.3497536945812808,0.5378787878787878,0.1675017001107335
16,0.0001,8,Softmax,1000,0.5,0.3497536945812808,0.5378787878787878,0.1587706001009792
16,0.0001,16,ReLU,50,0.5173170168552297,0.4885345868004828,0.5378787878787878,0.1382950998377055
16,0.0001,16,ReLU,100,0.5173170168552297,0.4885345868004828,0.5378787878787878,0.1568942000158131
16,0.0001,16,ReLU,300,0.5173170168552297,0.4885345868004828,0.5378787878787878,0.19605759996920824
16,0.0001,16,ReLU,500,0.5173170168552297,0.4885345868004828,0.5378787878787878,0.16342370002530515
16,0.0001,16,ReLU,1000,0.5173170168552297,0.4885345868004828,0.5378787878787878,0.15403340011835098
16,0.0001,16,Tanh,50,0.46294158392980833,0.4513969060263219,0.45454545454545453,0.14137819991447031
16,0.0001,16,Tanh,100,0.46294158392980833,0.4513969060263219,0.45454545454545453,0.1334212999790907
16,0.0001,16,Tanh,300,0.46294158392980833,0.4513969060263219,0.45454545454545453,0.1328318000305444
16,0.0001,16,Tanh,500,0.46294158392980833,0.4513969060263219,0.45454545454545453,0.13159499992616475
16,0.0001,16,Tanh,1000,0.46294158392980833,0.4513969060263219,0.45454545454545453,0.14736280008219182
16,0.0001,16,Sigmoid,50,0.5,0.3497536945812808,0.5378787878787878,0.10899159987457097
16,0.0001,16,Sigmoid,100,0.5,0.3497536945812808,0.5378787878787878,0.09926020004786551
16,0.0001,16,Sigmoid,300,0.5,0.3497536945812808,0.5378787878787878,0.1393748999107629
16,0.0001,16,Sigmoid,500,0.5,0.3497536945812808,0.5378787878787878,0.11100119980983436
16,0.0001,16,Sigmoid,1000,0.5,0.3497536945812808,0.5378787878787878,0.1362584000453353
16,0.0001,16,GELU,50,0.5173170168552297,0.4885345868004828,0.5378787878787878,0.13175729988142848
16,0.0001,16,GELU,100,0.5173170168552297,0.4885345868004828,0.5378787878787878,0.15818320005200803
16,0.0001,16,GELU,300,0.5173170168552297,0.4885345868004828,0.5378787878787878,0.12270389986224473
16,0.0001,16,GELU,500,0.5173170168552297,0.4885345868004828,0.5378787878787878,0.1353009999729693
16,0.0001,16,GELU,1000,0.5173170168552297,0.4885345868004828,0.5378787878787878,0.12156659993343055
16,0.0001,16,Softmax,50,0.5,0.3497536945812808,0.5378787878787878,0.10644569993019104
16,0.0001,16,Softmax,100,0.5,0.3497536945812808,0.5378787878787878,0.10542769986204803
16,0.0001,16,Softmax,300,0.5,0.3497536945812808,0.5378787878787878,0.10442129988223314
16,0.0001,16,Softmax,500,0.5,0.3497536945812808,0.5378787878787878,0.10224890010431409
16,0.0001,16,Softmax,1000,0.5,0.3497536945812808,0.5378787878787878,0.12914890004321933
16,0.0001,32,ReLU,50,0.5173170168552297,0.4885345868004828,0.5378787878787878,0.13969879993237555
16,0.0001,32,ReLU,100,0.5173170168552297,0.4885345868004828,0.5378787878787878,0.14188900007866323
16,0.0001,32,ReLU,300,0.5173170168552297,0.4885345868004828,0.5378787878787878,0.14409139985218644
16,0.0001,32,ReLU,500,0.5173170168552297,0.4885345868004828,0.5378787878787878,0.13018470001406968
16,0.0001,32,ReLU,1000,0.5173170168552297,0.4885345868004828,0.5378787878787878,0.13947900012135506
16,0.0001,32,Tanh,50,0.46294158392980833,0.4513969060263219,0.45454545454545453,0.10058000008575618
16,0.0001,32,Tanh,100,0.46294158392980833,0.4513969060263219,0.45454545454545453,0.09492420009337366
16,0.0001,32,Tanh,300,0.46294158392980833,0.4513969060263219,0.45454545454545453,0.1088584999088198
16,0.0001,32,Tanh,500,0.46294158392980833,0.4513969060263219,0.45454545454545453,0.10826050001196563
16,0.0001,32,Tanh,1000,0.46294158392980833,0.4513969060263219,0.45454545454545453,0.1065569999627769
16,0.0001,32,Sigmoid,50,0.5,0.3497536945812808,0.5378787878787878,0.09541249996982515
16,0.0001,32,Sigmoid,100,0.5,0.3497536945812808,0.5378787878787878,0.10211470001377165
16,0.0001,32,Sigmoid,300,0.5,0.3497536945812808,0.5378787878787878,0.09911279985681176
16,0.0001,32,Sigmoid,500,0.5,0.3497536945812808,0.5378787878787878,0.09424649993889034
16,0.0001,32,Sigmoid,1000,0.5,0.3497536945812808,0.5378787878787878,0.11416540015488863
16,0.0001,32,GELU,50,0.5173170168552297,0.4885345868004828,0.5378787878787878,0.14023809996433556
16,0.0001,32,GELU,100,0.5173170168552297,0.4885345868004828,0.5378787878787878,0.11484510009177029
16,0.0001,32,GELU,300,0.5173170168552297,0.4885345868004828,0.5378787878787878,0.11378409992903471
16,0.0001,32,GELU,500,0.5173170168552297,0.4885345868004828,0.5378787878787878,0.10869150003418326
16,0.0001,32,GELU,1000,0.5173170168552297,0.4885345868004828,0.5378787878787878,0.10875270003452897
16,0.0001,32,Softmax,50,0.5,0.3497536945812808,0.5378787878787878,0.0936211000662297
16,0.0001,32,Softmax,100,0.5,0.3497536945812808,0.5378787878787878,0.07369810016825795
16,0.0001,32,Softmax,300,0.5,0.3497536945812808,0.5378787878787878,0.08844220009632409
16,0.0001,32,Softmax,500,0.5,0.3497536945812808,0.5378787878787878,0.10508190002292395
16,0.0001,32,Softmax,1000,0.5,0.3497536945812808,0.5378787878787878,0.11563170002773404
16,0.0001,64,ReLU,50,0.5173170168552297,0.4885345868004828,0.5378787878787878,0.09842769987881184
16,0.0001,64,ReLU,100,0.5173170168552297,0.4885345868004828,0.5378787878787878,0.0869699998293072
16,0.0001,64,ReLU,300,0.5173170168552297,0.4885345868004828,0.5378787878787878,0.11311500007286668
16,0.0001,64,ReLU,500,0.5173170168552297,0.4885345868004828,0.5378787878787878,0.099978799931705
16,0.0001,64,ReLU,1000,0.5173170168552297,0.4885345868004828,0.5378787878787878,0.09537980007007718
16,0.0001,64,Tanh,50,0.4558993304086816,0.44310235219326133,0.44696969696969696,0.10235249996185303
16,0.0001,64,Tanh,100,0.4558993304086816,0.44310235219326133,0.44696969696969696,0.09759859996847808
16,0.0001,64,Tanh,300,0.4558993304086816,0.44310235219326133,0.44696969696969696,0.08362900000065565
16,0.0001,64,Tanh,500,0.4558993304086816,0.44310235219326133,0.44696969696969696,0.08913500001654029
16,0.0001,64,Tanh,1000,0.4558993304086816,0.44310235219326133,0.44696969696969696,0.08158539980649948
16,0.0001,64,Sigmoid,50,0.5,0.3497536945812808,0.5378787878787878,0.09067189996130764
16,0.0001,64,Sigmoid,100,0.5,0.3497536945812808,0.5378787878787878,0.08111570007167757
16,0.0001,64,Sigmoid,300,0.5,0.3497536945812808,0.5378787878787878,0.08729499997571111
16,0.0001,64,Sigmoid,500,0.5,0.3497536945812808,0.5378787878787878,0.08096770010888577
16,0.0001,64,Sigmoid,1000,0.5,0.3497536945812808,0.5378787878787878,0.06827419996261597
16,0.0001,64,GELU,50,0.5173170168552297,0.4885345868004828,0.5378787878787878,0.07161470013670623
16,0.0001,64,GELU,100,0.5173170168552297,0.4885345868004828,0.5378787878787878,0.06884660013020039
16,0.0001,64,GELU,300,0.5173170168552297,0.4885345868004828,0.5378787878787878,0.07937300018966198
16,0.0001,64,GELU,500,0.5173170168552297,0.4885345868004828,0.5378787878787878,0.06190120009705424
16,0.0001,64,GELU,1000,0.5173170168552297,0.4885345868004828,0.5378787878787878,0.07745769992470741
16,0.0001,64,Softmax,50,0.5,0.3497536945812808,0.5378787878787878,0.07812229986302555
16,0.0001,64,Softmax,100,0.5,0.3497536945812808,0.5378787878787878,0.07727589993737638
16,0.0001,64,Softmax,300,0.5,0.3497536945812808,0.5378787878787878,0.06940639996901155
16,0.0001,64,Softmax,500,0.5,0.3497536945812808,0.5378787878787878,0.08580090012401342
16,0.0001,64,Softmax,1000,0.5,0.3497536945812808,0.5378787878787878,0.08772449987009168
16,0.0001,128,ReLU,50,0.5173170168552297,0.4885345868004828,0.5378787878787878,0.0793345000129193
16,0.0001,128,ReLU,100,0.5173170168552297,0.4885345868004828,0.5378787878787878,0.0683655000757426
16,0.0001,128,ReLU,300,0.5173170168552297,0.4885345868004828,0.5378787878787878,0.07406889996491373
16,0.0001,128,ReLU,500,0.5173170168552297,0.4885345868004828,0.5378787878787878,0.06954459985718131
16,0.0001,128,ReLU,1000,0.5173170168552297,0.4885345868004828,0.5378787878787878,0.058584799990057945
16,0.0001,128,Tanh,50,0.4558993304086816,0.44310235219326133,0.44696969696969696,0.06370260007679462
16,0.0001,128,Tanh,100,0.4558993304086816,0.44310235219326133,0.44696969696969696,0.07431409996934235
16,0.0001,128,Tanh,300,0.4558993304086816,0.44310235219326133,0.44696969696969696,0.05900299991481006
16,0.0001,128,Tanh,500,0.4558993304086816,0.44310235219326133,0.44696969696969696,0.05581529997289181
16,0.0001,128,Tanh,1000,0.4558993304086816,0.44310235219326133,0.44696969696969696,0.06379409995861351
16,0.0001,128,Sigmoid,50,0.5,0.3497536945812808,0.5378787878787878,0.0639400000218302
16,0.0001,128,Sigmoid,100,0.5,0.3497536945812808,0.5378787878787878,0.06695979996584356
16,0.0001,128,Sigmoid,300,0.5,0.3497536945812808,0.5378787878787878,0.062368799932301044
16,0.0001,128,Sigmoid,500,0.5,0.3497536945812808,0.5378787878787878,0.05714969988912344
16,0.0001,128,Sigmoid,1000,0.5,0.3497536945812808,0.5378787878787878,0.0661154999397695
16,0.0001,128,GELU,50,0.5173170168552297,0.4885345868004828,0.5378787878787878,0.0677668999414891
16,0.0001,128,GELU,100,0.5173170168552297,0.4885345868004828,0.5378787878787878,0.05551830003969371
16,0.0001,128,GELU,300,0.5173170168552297,0.4885345868004828,0.5378787878787878,0.058741800021380186
16,0.0001,128,GELU,500,0.5173170168552297,0.4885345868004828,0.5378787878787878,0.059239699970930815
16,0.0001,128,GELU,1000,0.5173170168552297,0.4885345868004828,0.5378787878787878,0.0578399000223726
16,0.0001,128,Softmax,50,0.5,0.3497536945812808,0.5378787878787878,0.0627105999737978
16,0.0001,128,Softmax,100,0.5,0.3497536945812808,0.5378787878787878,0.06407089997082949
16,0.0001,128,Softmax,300,0.5,0.3497536945812808,0.5378787878787878,0.07616090006195009
16,0.0001,128,Softmax,500,0.5,0.3497536945812808,0.5378787878787878,0.0707294000312686
16,0.0001,128,Softmax,1000,0.5,0.3497536945812808,0.5378787878787878,0.07166119990870357
16,0.00025,8,ReLU,50,0.5255137381667051,0.4994944388270981,0.5454545454545454,0.25881740008480847
16,0.00025,8,ReLU,100,0.5255137381667051,0.4994944388270981,0.5454545454545454,0.23867829982191324
16,0.00025,8,ReLU,300,0.5255137381667051,0.4994944388270981,0.5454545454545454,0.20473850006237626
16,0.00025,8,ReLU,500,0.5255137381667051,0.4994944388270981,0.5454545454545454,0.22532869991846383
16,0.00025,8,ReLU,1000,0.5255137381667051,0.4994944388270981,0.5454545454545454,0.1960867999587208
16,0.00025,8,Tanh,50,0.4969983837450935,0.4921619293712317,0.49242424242424243,0.18610789999365807
16,0.00025,8,Tanh,100,0.4969983837450935,0.4921619293712317,0.49242424242424243,0.17844769987277687
16,0.00025,8,Tanh,300,0.4969983837450935,0.4921619293712317,0.49242424242424243,0.17640340002253652
16,0.00025,8,Tanh,500,0.4969983837450935,0.4921619293712317,0.49242424242424243,0.15958400000818074
16,0.00025,8,Tanh,1000,0.4969983837450935,0.4921619293712317,0.49242424242424243,0.15797360008582473
16,0.00025,8,Sigmoid,50,0.5,0.3497536945812808,0.5378787878787878,0.11353889992460608
16,0.00025,8,Sigmoid,100,0.5,0.3497536945812808,0.5378787878787878,0.1118045998737216
16,0.00025,8,Sigmoid,300,0.5,0.3497536945812808,0.5378787878787878,0.10420529986731708
16,0.00025,8,Sigmoid,500,0.5,0.3497536945812808,0.5378787878787878,0.10379719990305603
16,0.00025,8,Sigmoid,1000,0.5,0.3497536945812808,0.5378787878787878,0.1114036999642849
16,0.00025,8,GELU,50,0.5255137381667051,0.4994944388270981,0.5454545454545454,0.20874610007740557
16,0.00025,8,GELU,100,0.5255137381667051,0.4994944388270981,0.5454545454545454,0.18734749988652766
16,0.00025,8,GELU,300,0.5255137381667051,0.4994944388270981,0.5454545454545454,0.21837789984419942
16,0.00025,8,GELU,500,0.5255137381667051,0.4994944388270981,0.5454545454545454,0.19632570003159344
16,0.00025,8,GELU,1000,0.5255137381667051,0.4994944388270981,0.5454545454545454,0.1612788001075387
16,0.00025,8,Softmax,50,0.5,0.3497536945812808,0.5378787878787878,0.1027345999609679
16,0.00025,8,Softmax,100,0.5,0.3497536945812808,0.5378787878787878,0.1025660999584943
16,0.00025,8,Softmax,300,0.5,0.3497536945812808,0.5378787878787878,0.10449549998156726
16,0.00025,8,Softmax,500,0.5,0.3497536945812808,0.5378787878787878,0.09117849986068904
16,0.00025,8,Softmax,1000,0.5,0.3497536945812808,0.5378787878787878,0.09964059991762042
16,0.00025,16,ReLU,50,0.5255137381667051,0.4994944388270981,0.5454545454545454,0.1960182001348585
16,0.00025,16,ReLU,100,0.5255137381667051,0.4994944388270981,0.5454545454545454,0.3987558998633176
16,0.00025,16,ReLU,300,0.5255137381667051,0.4994944388270981,0.5454545454545454,0.216667499858886
16,0.00025,16,ReLU,500,0.5255137381667051,0.4994944388270981,0.5454545454545454,0.21476549981161952
16,0.00025,16,ReLU,1000,0.5255137381667051,0.4994944388270981,0.5454545454545454,0.19064030004665256
16,0.00025,16,Tanh,50,0.47702609097206183,0.467741935483871,0.4696969696969697,0.11410140013322234
16,0.00025,16,Tanh,100,0.47702609097206183,0.467741935483871,0.4696969696969697,0.11336200009100139
16,0.00025,16,Tanh,300,0.47702609097206183,0.467741935483871,0.4696969696969697,0.13637580000795424
16,0.00025,16,Tanh,500,0.47702609097206183,0.467741935483871,0.4696969696969697,0.11708820005878806
16,0.00025,16,Tanh,1000,0.47702609097206183,0.467741935483871,0.4696969696969697,0.17263919999822974
16,0.00025,16,Sigmoid,50,0.5,0.3497536945812808,0.5378787878787878,0.1827419998589903
16,0.00025,16,Sigmoid,100,0.5,0.3497536945812808,0.5378787878787878,0.15591089986264706
16,0.00025,16,Sigmoid,300,0.5,0.3497536945812808,0.5378787878787878,0.14339459990151227
16,0.00025,16,Sigmoid,500,0.5,0.3497536945812808,0.5378787878787878,0.10761939990334213
16,0.00025,16,Sigmoid,1000,0.5,0.3497536945812808,0.5378787878787878,0.12380690011195838
16,0.00025,16,GELU,50,0.5255137381667051,0.4994944388270981,0.5454545454545454,0.1966872001066804
16,0.00025,16,GELU,100,0.5255137381667051,0.4994944388270981,0.5454545454545454,0.1917443999554962
16,0.00025,16,GELU,300,0.5255137381667051,0.4994944388270981,0.5454545454545454,0.2009432001505047
16,0.00025,16,GELU,500,0.5255137381667051,0.4994944388270981,0.5454545454545454,0.2181491998489946
16,0.00025,16,GELU,1000,0.5255137381667051,0.4994944388270981,0.5454545454545454,0.22934160009026527
16,0.00025,16,Softmax,50,0.5,0.3497536945812808,0.5378787878787878,0.10258629987947643
16,0.00025,16,Softmax,100,0.5,0.3497536945812808,0.5378787878787878,0.14584230002947152
16,0.00025,16,Softmax,300,0.5,0.3497536945812808,0.5378787878787878,0.11370549979619682
16,0.00025,16,Softmax,500,0.5,0.3497536945812808,0.5378787878787878,0.10998309985734522
16,0.00025,16,Softmax,1000,0.5,0.3497536945812808,0.5378787878787878,0.11574119981378317
16,0.00025,32,ReLU,50,0.5173170168552297,0.4885345868004828,0.5378787878787878,0.09985669981688261
16,0.00025,32,ReLU,100,0.5173170168552297,0.4885345868004828,0.5378787878787878,0.10270659998059273
16,0.00025,32,ReLU,300,0.5173170168552297,0.4885345868004828,0.5378787878787878,0.11811099993065
16,0.00025,32,ReLU,500,0.5173170168552297,0.4885345868004828,0.5378787878787878,0.12157339998520911
16,0.00025,32,ReLU,1000,0.5173170168552297,0.4885345868004828,0.5378787878787878,0.11321860016323626
16,0.00025,32,Tanh,50,0.46294158392980833,0.4513969060263219,0.45454545454545453,0.10887579992413521
16,0.00025,32,Tanh,100,0.46294158392980833,0.4513969060263219,0.45454545454545453,0.17095049982890487
16,0.00025,32,Tanh,300,0.46294158392980833,0.4513969060263219,0.45454545454545453,0.14994290005415678
16,0.00025,32,Tanh,500,0.46294158392980833,0.4513969060263219,0.45454545454545453,0.12177939992398024
16,0.00025,32,Tanh,1000,0.46294158392980833,0.4513969060263219,0.45454545454545453,0.1267929000314325
16,0.00025,32,Sigmoid,50,0.5,0.3497536945812808,0.5378787878787878,0.11057139979675412
16,0.00025,32,Sigmoid,100,0.5,0.3497536945812808,0.5378787878787878,0.09476489992812276
16,0.00025,32,Sigmoid,300,0.5,0.3497536945812808,0.5378787878787878,0.10407799994572997
16,0.00025,32,Sigmoid,500,0.5,0.3497536945812808,0.5378787878787878,0.10721849999390543
16,0.00025,32,Sigmoid,1000,0.5,0.3497536945812808,0.5378787878787878,0.08972649998031557
16,0.00025,32,GELU,50,0.5173170168552297,0.4885345868004828,0.5378787878787878,0.09966790000908077
16,0.00025,32,GELU,100,0.5173170168552297,0.4885345868004828,0.5378787878787878,0.10429389984346926
16,0.00025,32,GELU,300,0.5173170168552297,0.4885345868004828,0.5378787878787878,0.11407609982416034
16,0.00025,32,GELU,500,0.5173170168552297,0.4885345868004828,0.5378787878787878,0.10043630003929138
16,0.00025,32,GELU,1000,0.5173170168552297,0.4885345868004828,0.5378787878787878,0.09774950006976724
16,0.00025,32,Softmax,50,0.5,0.3497536945812808,0.5378787878787878,0.11028339993208647
16,0.00025,32,Softmax,100,0.5,0.3497536945812808,0.5378787878787878,0.12012249999679625
16,0.00025,32,Softmax,300,0.5,0.3497536945812808,0.5378787878787878,0.10740630002692342
16,0.00025,32,Softmax,500,0.5,0.3497536945812808,0.5378787878787878,0.09379029995761812
16,0.00025,32,Softmax,1000,0.5,0.3497536945812808,0.5378787878787878,0.09058400010690093
16,0.00025,64,ReLU,50,0.5173170168552297,0.4885345868004828,0.5378787878787878,0.08389120013453066
16,0.00025,64,ReLU,100,0.5173170168552297,0.4885345868004828,0.5378787878787878,0.07067900011315942
16,0.00025,64,ReLU,300,0.5173170168552297,0.4885345868004828,0.5378787878787878,0.067474199924618
16,0.00025,64,ReLU,500,0.5173170168552297,0.4885345868004828,0.5378787878787878,0.09438850008882582
16,0.00025,64,ReLU,1000,0.5173170168552297,0.4885345868004828,0.5378787878787878,0.10657489998266101
16,0.00025,64,Tanh,50,0.46294158392980833,0.4513969060263219,0.45454545454545453,0.10413479991257191
16,0.00025,64,Tanh,100,0.46294158392980833,0.4513969060263219,0.45454545454545453,0.09675640007480979
16,0.00025,64,Tanh,300,0.46294158392980833,0.4513969060263219,0.45454545454545453,0.08828340005129576
16,0.00025,64,Tanh,500,0.46294158392980833,0.4513969060263219,0.45454545454545453,0.08290449995547533
16,0.00025,64,Tanh,1000,0.46294158392980833,0.4513969060263219,0.45454545454545453,0.08233779994770885
16,0.00025,64,Sigmoid,50,0.5,0.3497536945812808,0.5378787878787878,0.07141479989513755
16,0.00025,64,Sigmoid,100,0.5,0.3497536945812808,0.5378787878787878,0.07984099979512393
16,0.00025,64,Sigmoid,300,0.5,0.3497536945812808,0.5378787878787878,0.08839350007474422
16,0.00025,64,Sigmoid,500,0.5,0.3497536945812808,0.5378787878787878,0.12343099992722273
16,0.00025,64,Sigmoid,1000,0.5,0.3497536945812808,0.5378787878787878,0.12307039997540414
16,0.00025,64,GELU,50,0.5173170168552297,0.4885345868004828,0.5378787878787878,0.1115931998938322
16,0.00025,64,GELU,100,0.5173170168552297,0.4885345868004828,0.5378787878787878,0.0806657001376152
16,0.00025,64,GELU,300,0.5173170168552297,0.4885345868004828,0.5378787878787878,0.08318410022184253
16,0.00025,64,GELU,500,0.5173170168552297,0.4885345868004828,0.5378787878787878,0.07151679997332394
16,0.00025,64,GELU,1000,0.5173170168552297,0.4885345868004828,0.5378787878787878,0.07360549992881715
16,0.00025,64,Softmax,50,0.5,0.3497536945812808,0.5378787878787878,0.07966719986870885
16,0.00025,64,Softmax,100,0.5,0.3497536945812808,0.5378787878787878,0.07526360009796917
16,0.00025,64,Softmax,300,0.5,0.3497536945812808,0.5378787878787878,0.12154239998199046
16,0.00025,64,Softmax,500,0.5,0.3497536945812808,0.5378787878787878,0.08144109998829663
16,0.00025,64,Softmax,1000,0.5,0.3497536945812808,0.5378787878787878,0.07324769999831915
16,0.00025,128,ReLU,50,0.5173170168552297,0.4885345868004828,0.5378787878787878,0.0666775000281632
16,0.00025,128,ReLU,100,0.5173170168552297,0.4885345868004828,0.5378787878787878,0.06394960009492934
16,0.00025,128,ReLU,300,0.5173170168552297,0.4885345868004828,0.5378787878787878,0.07090070005506277
16,0.00025,128,ReLU,500,0.5173170168552297,0.4885345868004828,0.5378787878787878,0.06539559992961586
16,0.00025,128,ReLU,1000,0.5173170168552297,0.4885345868004828,0.5378787878787878,0.07688409998081625
16,0.00025,128,Tanh,50,0.46294158392980833,0.4513969060263219,0.45454545454545453,0.07323589990846813
16,0.00025,128,Tanh,100,0.46294158392980833,0.4513969060263219,0.45454545454545453,0.07322899997234344
16,0.00025,128,Tanh,300,0.46294158392980833,0.4513969060263219,0.45454545454545453,0.07694639987312257
16,0.00025,128,Tanh,500,0.46294158392980833,0.4513969060263219,0.45454545454545453,0.07821379997767508
16,0.00025,128,Tanh,1000,0.46294158392980833,0.4513969060263219,0.45454545454545453,0.0668281998950988
16,0.00025,128,Sigmoid,50,0.5,0.3497536945812808,0.5378787878787878,0.06468489998951554
16,0.00025,128,Sigmoid,100,0.5,0.3497536945812808,0.5378787878787878,0.07860979996621609
16,0.00025,128,Sigmoid,300,0.5,0.3497536945812808,0.5378787878787878,0.06885859998874366
16,0.00025,128,Sigmoid,500,0.5,0.3497536945812808,0.5378787878787878,0.07542119990102947
16,0.00025,128,Sigmoid,1000,0.5,0.3497536945812808,0.5378787878787878,0.06497319997288287
16,0.00025,128,GELU,50,0.5173170168552297,0.4885345868004828,0.5378787878787878,0.06333800009451807
16,0.00025,128,GELU,100,0.5173170168552297,0.4885345868004828,0.5378787878787878,0.06628619995899498
16,0.00025,128,GELU,300,0.5173170168552297,0.4885345868004828,0.5378787878787878,0.06760319997556508
16,0.00025,128,GELU,500,0.5173170168552297,0.4885345868004828,0.5378787878787878,0.07338430010713637
16,0.00025,128,GELU,1000,0.5173170168552297,0.4885345868004828,0.5378787878787878,0.06430820003151894
16,0.00025,128,Softmax,50,0.5,0.3497536945812808,0.5378787878787878,0.059348100097849965
16,0.00025,128,Softmax,100,0.5,0.3497536945812808,0.5378787878787878,0.060502300038933754
16,0.00025,128,Softmax,300,0.5,0.3497536945812808,0.5378787878787878,0.07007399993017316
16,0.00025,128,Softmax,500,0.5,0.3497536945812808,0.5378787878787878,0.06260499986819923
16,0.00025,128,Softmax,1000,0.5,0.3497536945812808,0.5378787878787878,0.0571473001036793
32,0.01,8,ReLU,50,0.6226044793350265,0.6225269915377882,0.6287878787878788,0.2315647997893393
32,0.01,8,ReLU,100,0.6226044793350265,0.6225269915377882,0.6287878787878788,0.2862434000708163
32,0.01,8,ReLU,300,0.6226044793350265,0.6225269915377882,0.6287878787878788,0.23996130004525185
32,0.01,8,ReLU,500,0.6226044793350265,0.6225269915377882,0.6287878787878788,0.2417624001391232
32,0.01,8,ReLU,1000,0.6226044793350265,0.6225269915377882,0.6287878787878788,0.20821690000593662
32,0.01,8,Tanh,50,0.658970214731009,0.6588345864661653,0.6666666666666666,0.2293207999318838
32,0.01,8,Tanh,100,0.658970214731009,0.6588345864661653,0.6666666666666666,0.2350254999473691
32,0.01,8,Tanh,300,0.658970214731009,0.6588345864661653,0.6666666666666666,0.22012369986623526
32,0.01,8,Tanh,500,0.658970214731009,0.6588345864661653,0.6666666666666666,0.2536723001394421
32,0.01,8,Tanh,1000,0.658970214731009,0.6588345864661653,0.6666666666666666,0.24481899989768863
32,0.01,8,Sigmoid,50,0.7223504964211498,0.7214014352047278,0.7348484848484849,0.1915390999056399
32,0.01,8,Sigmoid,100,0.7223504964211498,0.7214014352047278,0.7348484848484849,0.18631869996897876
32,0.01,8,Sigmoid,300,0.7223504964211498,0.7214014352047278,0.7348484848484849,0.17686260002665222
32,0.01,8,Sigmoid,500,0.7223504964211498,0.7214014352047278,0.7348484848484849,0.17625849996693432
32,0.01,8,Sigmoid,1000,0.7223504964211498,0.7214014352047278,0.7348484848484849,0.1838542998302728
32,0.01,8,GELU,50,0.6226044793350265,0.6225269915377882,0.6287878787878788,0.25475040008313954
32,0.01,8,GELU,100,0.6226044793350265,0.6225269915377882,0.6287878787878788,0.22568360017612576
32,0.01,8,GELU,300,0.6226044793350265,0.6225269915377882,0.6287878787878788,0.18266650009900331
32,0.01,8,GELU,500,0.6226044793350265,0.6225269915377882,0.6287878787878788,0.1890443000011146
32,0.01,8,GELU,1000,0.6226044793350265,0.6225269915377882,0.6287878787878788,0.21495209983550012
32,0.01,8,Softmax,50,0.7223504964211498,0.7214014352047278,0.7348484848484849,0.14311240008100867
32,0.01,8,Softmax,100,0.7223504964211498,0.7214014352047278,0.7348484848484849,0.15460380003787577
32,0.01,8,Softmax,300,0.7223504964211498,0.7214014352047278,0.7348484848484849,0.13976219994947314
32,0.01,8,Softmax,500,0.7223504964211498,0.7214014352047278,0.7348484848484849,0.15831169998273253
32,0.01,8,Softmax,1000,0.7223504964211498,0.7214014352047278,0.7348484848484849,0.17610689997673035
32,0.01,16,ReLU,50,0.6319556684368506,0.6322266078476898,0.6363636363636364,0.10462319990620017
32,0.01,16,ReLU,100,0.6319556684368506,0.6322266078476898,0.6363636363636364,0.1049679999705404
32,0.01,16,ReLU,300,0.6319556684368506,0.6322266078476898,0.6363636363636364,0.09574460005387664
32,0.01,16,ReLU,500,0.6319556684368506,0.6322266078476898,0.6363636363636364,0.09513139980845153
32,0.01,16,ReLU,1000,0.6319556684368506,0.6322266078476898,0.6363636363636364,0.09392420016229153
32,0.01,16,Tanh,50,0.6308012006465019,0.6309412861136998,0.6363636363636364,0.08156169997528195
32,0.01,16,Tanh,100,0.6308012006465019,0.6309412861136998,0.6363636363636364,0.08543340000323951
32,0.01,16,Tanh,300,0.6308012006465019,0.6309412861136998,0.6363636363636364,0.060407100012525916
32,0.01,16,Tanh,500,0.6308012006465019,0.6309412861136998,0.6363636363636364,0.0823013000190258
32,0.01,16,Tanh,1000,0.6308012006465019,0.6309412861136998,0.6363636363636364,0.07168389996513724
32,0.01,16,Sigmoid,50,0.6402678365273609,0.6374492476713638,0.6515151515151515,0.11553850001655519
32,0.01,16,Sigmoid,100,0.6402678365273609,0.6374492476713638,0.6515151515151515,0.09147109999321401
32,0.01,16,Sigmoid,300,0.6402678365273609,0.6374492476713638,0.6515151515151515,0.10175559995695949
32,0.01,16,Sigmoid,500,0.6402678365273609,0.6374492476713638,0.6515151515151515,0.10527860000729561
32,0.01,16,Sigmoid,1000,0.6402678365273609,0.6374492476713638,0.6515151515151515,0.10313550010323524
32,0.01,16,GELU,50,0.6319556684368506,0.6322266078476898,0.6363636363636364,0.09359450009651482
32,0.01,16,GELU,100,0.6319556684368506,0.6322266078476898,0.6363636363636364,0.08819000003859401
32,0.01,16,GELU,300,0.6319556684368506,0.6322266078476898,0.6363636363636364,0.07217089994810522
32,0.01,16,GELU,500,0.6319556684368506,0.6322266078476898,0.6363636363636364,0.07852190011180937
32,0.01,16,GELU,1000,0.6319556684368506,0.6322266078476898,0.6363636363636364,0.08429790008813143
32,0.01,16,Softmax,50,0.6402678365273609,0.6374492476713638,0.6515151515151515,0.09936370002105832
32,0.01,16,Softmax,100,0.6402678365273609,0.6374492476713638,0.6515151515151515,0.08809660002589226
32,0.01,16,Softmax,300,0.6402678365273609,0.6374492476713638,0.6515151515151515,0.12074830010533333
32,0.01,16,Softmax,500,0.6402678365273609,0.6374492476713638,0.6515151515151515,0.15753959980793297
32,0.01,16,Softmax,1000,0.6402678365273609,0.6374492476713638,0.6515151515151515,0.15488709998317063
32,0.01,32,ReLU,50,0.6507734934195336,0.6502384737678856,0.6590909090909091,0.11706519988365471
32,0.01,32,ReLU,100,0.6507734934195336,0.6502384737678856,0.6590909090909091,0.14190819999203086
32,0.01,32,ReLU,300,0.6507734934195336,0.6502384737678856,0.6590909090909091,0.13033489999361336
32,0.01,32,ReLU,500,0.6507734934195336,0.6502384737678856,0.6590909090909091,0.13144339993596077
32,0.01,32,ReLU,1000,0.6507734934195336,0.6502384737678856,0.6590909090909091,0.12009060010313988
32,0.01,32,Tanh,50,0.6519279612098823,0.6518783332356561,0.6590909090909091,0.09819449996575713
32,0.01,32,Tanh,100,0.6519279612098823,0.6518783332356561,0.6590909090909091,0.09163139993324876
32,0.01,32,Tanh,300,0.6519279612098823,0.6518783332356561,0.6590909090909091,0.10095039987936616
32,0.01,32,Tanh,500,0.6519279612098823,0.6518783332356561,0.6590909090909091,0.10317850019782782
32,0.01,32,Tanh,1000,0.6519279612098823,0.6518783332356561,0.6590909090909091,0.10076009994372725
32,0.01,32,Sigmoid,50,0.6310320942045717,0.6122605363984674,0.6515151515151515,0.12518400000408292
32,0.01,32,Sigmoid,100,0.6310320942045717,0.6122605363984674,0.6515151515151515,0.1512457998469472
32,0.01,32,Sigmoid,300,0.6310320942045717,0.6122605363984674,0.6515151515151515,0.13290739990770817
32,0.01,32,Sigmoid,500,0.6310320942045717,0.6122605363984674,0.6515151515151515,0.1556731997989118
32,0.01,32,Sigmoid,1000,0.6310320942045717,0.6122605363984674,0.6515151515151515,0.1818757001310587
32,0.01,32,GELU,50,0.6507734934195336,0.6502384737678856,0.6590909090909091,0.13544029998593032
32,0.01,32,GELU,100,0.6507734934195336,0.6502384737678856,0.6590909090909091,0.141524099977687
32,0.01,32,GELU,300,0.6507734934195336,0.6502384737678856,0.6590909090909091,0.14200209989212453
32,0.01,32,GELU,500,0.6507734934195336,0.6502384737678856,0.6590909090909091,0.11902300012297928
32,0.01,32,GELU,1000,0.6507734934195336,0.6502384737678856,0.6590909090909091,0.11459559993818402
32,0.01,32,Softmax,50,0.6310320942045717,0.6122605363984674,0.6515151515151515,0.12083669984713197
32,0.01,32,Softmax,100,0.6310320942045717,0.6122605363984674,0.6515151515151515,0.14686480001546443
32,0.01,32,Softmax,300,0.6310320942045717,0.6122605363984674,0.6515151515151515,0.16805739980190992
32,0.01,32,Softmax,500,0.6310320942045717,0.6122605363984674,0.6515151515151515,0.15528020006604493
32,0.01,32,Softmax,1000,0.6310320942045717,0.6122605363984674,0.6515151515151515,0.17741299979388714
32,0.01,64,ReLU,50,0.6437312398984069,0.6433270676691729,0.6515151515151515,0.10344159998930991
32,0.01,64,ReLU,100,0.6437312398984069,0.6433270676691729,0.6515151515151515,0.1087141998577863
32,0.01,64,ReLU,300,0.6437312398984069,0.6433270676691729,0.6515151515151515,0.10626350017264485
32,0.01,64,ReLU,500,0.6437312398984069,0.6433270676691729,0.6515151515151515,0.09564689989201725
32,0.01,64,ReLU,1000,0.6437312398984069,0.6433270676691729,0.6515151515151515,0.09356989990919828
32,0.01,64,Tanh,50,0.6366889863772801,0.6364062591572408,0.6439393939393939,0.09347540000453591
32,0.01,64,Tanh,100,0.6366889863772801,0.6364062591572408,0.6439393939393939,0.08486469998024404
32,0.01,64,Tanh,300,0.6366889863772801,0.6364062591572408,0.6439393939393939,0.10767089994624257
32,0.01,64,Tanh,500,0.6366889863772801,0.6364062591572408,0.6439393939393939,0.10321410000324249
32,0.01,64,Tanh,1000,0.6366889863772801,0.6364062591572408,0.6439393939393939,0.08751600002869964
32,0.01,64,Sigmoid,50,0.633341029785269,0.6200250312891114,0.6515151515151515,0.1522997000720352
32,0.01,64,Sigmoid,100,0.633341029785269,0.6200250312891114,0.6515151515151515,0.12482380005531013
32,0.01,64,Sigmoid,300,0.633341029785269,0.6200250312891114,0.6515151515151515,0.14308069995604455
32,0.01,64,Sigmoid,500,0.633341029785269,0.6200250312891114,0.6515151515151515,0.11363510019145906
32,0.01,64,Sigmoid,1000,0.633341029785269,0.6200250312891114,0.6515151515151515,0.16911519994027913
32,0.01,64,GELU,50,0.6437312398984069,0.6433270676691729,0.6515151515151515,0.15780459996312857
32,0.01,64,GELU,100,0.6437312398984069,0.6433270676691729,0.6515151515151515,0.10515259997919202
32,0.01,64,GELU,300,0.6437312398984069,0.6433270676691729,0.6515151515151515,0.08657620009034872
32,0.01,64,GELU,500,0.6437312398984069,0.6433270676691729,0.6515151515151515,0.07925160019658506
32,0.01,64,GELU,1000,0.6437312398984069,0.6433270676691729,0.6515151515151515,0.08207940007559955
32,0.01,64,Softmax,50,0.633341029785269,0.6200250312891114,0.6515151515151515,0.11583090014755726
32,0.01,64,Softmax,100,0.633341029785269,0.6200250312891114,0.6515151515151515,0.11153189977630973
32,0.01,64,Softmax,300,0.633341029785269,0.6200250312891114,0.6515151515151515,0.10993249993771315
32,0.01,64,Softmax,500,0.633341029785269,0.6200250312891114,0.6515151515151515,0.09413930005393922
32,0.01,64,Softmax,1000,0.633341029785269,0.6200250312891114,0.6515151515151515,0.11069200001657009
32,0.01,128,ReLU,50,0.6308012006465019,0.6309412861136998,0.6363636363636364,0.07810859987512231
32,0.01,128,ReLU,100,0.6308012006465019,0.6309412861136998,0.6363636363636364,0.07883089990355074
32,0.01,128,ReLU,300,0.6308012006465019,0.6309412861136998,0.6363636363636364,0.08226480009034276
32,0.01,128,ReLU,500,0.6308012006465019,0.6309412861136998,0.6363636363636364,0.0852020001038909
32,0.01,128,ReLU,1000,0.6308012006465019,0.6309412861136998,0.6363636363636364,0.09060620004311204
32,0.01,128,Tanh,50,0.6437312398984069,0.6433270676691729,0.6515151515151515,0.06825649994425476
32,0.01,128,Tanh,100,0.6437312398984069,0.6433270676691729,0.6515151515151515,0.07708860002458096
32,0.01,128,Tanh,300,0.6437312398984069,0.6433270676691729,0.6515151515151515,0.07523639989085495
32,0.01,128,Tanh,500,0.6437312398984069,0.6433270676691729,0.6515151515151515,0.07526540011167526
32,0.01,128,Tanh,1000,0.6437312398984069,0.6433270676691729,0.6515151515151515,0.07835439988411963
32,0.01,128,Sigmoid,50,0.6064419302701455,0.579972725501656,0.6287878787878788,0.10904180002398789
32,0.01,128,Sigmoid,100,0.6064419302701455,0.579972725501656,0.6287878787878788,0.10719099990092218
32,0.01,128,Sigmoid,300,0.6064419302701455,0.579972725501656,0.6287878787878788,0.10208979994058609
32,0.01,128,Sigmoid,500,0.6064419302701455,0.579972725501656,0.6287878787878788,0.09621129999868572
32,0.01,128,Sigmoid,1000,0.6064419302701455,0.579972725501656,0.6287878787878788,0.10945440013892949
32,0.01,128,GELU,50,0.6308012006465019,0.6309412861136998,0.6363636363636364,0.08153080008924007
32,0.01,128,GELU,100,0.6308012006465019,0.6309412861136998,0.6363636363636364,0.07876319997012615
32,0.01,128,GELU,300,0.6308012006465019,0.6309412861136998,0.6363636363636364,0.07840980007313192
32,0.01,128,GELU,500,0.6308012006465019,0.6309412861136998,0.6363636363636364,0.07370589999482036
32,0.01,128,GELU,1000,0.6308012006465019,0.6309412861136998,0.6363636363636364,0.08266000007279217
32,0.01,128,Softmax,50,0.6064419302701455,0.579972725501656,0.6287878787878788,0.10634259996004403
32,0.01,128,Softmax,100,0.6064419302701455,0.579972725501656,0.6287878787878788,0.13030850002542138
32,0.01,128,Softmax,300,0.6064419302701455,0.579972725501656,0.6287878787878788,0.11155759985558689
32,0.01,128,Softmax,500,0.6064419302701455,0.579972725501656,0.6287878787878788,0.1028156999964267
32,0.01,128,Softmax,1000,0.6064419302701455,0.579972725501656,0.6287878787878788,0.1145568999927491
32,0.001,8,ReLU,50,0.6507734934195336,0.6502384737678856,0.6590909090909091,0.27088209986686707
32,0.001,8,ReLU,100,0.6507734934195336,0.6502384737678856,0.6590909090909091,0.2746034001465887
32,0.001,8,ReLU,300,0.6507734934195336,0.6502384737678856,0.6590909090909091,0.2623882000334561
32,0.001,8,ReLU,500,0.6507734934195336,0.6502384737678856,0.6590909090909091,0.3027065999340266
32,0.001,8,ReLU,1000,0.6507734934195336,0.6502384737678856,0.6590909090909091,0.36019370006397367
32,0.001,8,Tanh,50,0.6389979219579773,0.6392813535670678,0.6439393939393939,0.25615549995563924
32,0.001,8,Tanh,100,0.6389979219579773,0.6392813535670678,0.6439393939393939,0.2164629001636058
32,0.001,8,Tanh,300,0.6389979219579773,0.6392813535670678,0.6439393939393939,0.222465000115335
32,0.001,8,Tanh,500,0.6389979219579773,0.6392813535670678,0.6439393939393939,0.21731069986708462
32,0.001,8,Tanh,1000,0.6389979219579773,0.6392813535670678,0.6439393939393939,0.22628939989954233
32,0.001,8,Sigmoid,50,0.5,0.3497536945812808,0.5378787878787878,0.18853439996019006
32,0.001,8,Sigmoid,100,0.5,0.3497536945812808,0.5378787878787878,0.19949089991860092
32,0.001,8,Sigmoid,300,0.5,0.3497536945812808,0.5378787878787878,0.16803089994937181
32,0.001,8,Sigmoid,500,0.5,0.3497536945812808,0.5378787878787878,0.16316309990361333
32,0.001,8,Sigmoid,1000,0.5,0.3497536945812808,0.5378787878787878,0.15623460011556745
32,0.001,8,GELU,50,0.6507734934195336,0.6502384737678856,0.6590909090909091,0.262279000133276
32,0.001,8,GELU,100,0.6507734934195336,0.6502384737678856,0.6590909090909091,0.24989519990049303
32,0.001,8,GELU,300,0.6507734934195336,0.6502384737678856,0.6590909090909091,0.28602260001935065
32,0.001,8,GELU,500,0.6507734934195336,0.6502384737678856,0.6590909090909091,0.3898173999041319
32,0.001,8,GELU,1000,0.6507734934195336,0.6502384737678856,0.6590909090909091,0.30510289990343153
32,0.001,8,Softmax,50,0.5,0.3497536945812808,0.5378787878787878,0.15753569989465177
32,0.001,8,Softmax,100,0.5,0.3497536945812808,0.5378787878787878,0.1462295998353511
32,0.001,8,Softmax,300,0.5,0.3497536945812808,0.5378787878787878,0.16946449992246926
32,0.001,8,Softmax,500,0.5,0.3497536945812808,0.5378787878787878,0.13706080010160804
32,0.001,8,Softmax,1000,0.5,0.3497536945812808,0.5378787878787878,0.1623842001426965
32,0.001,16,ReLU,50,0.6226044793350265,0.6225269915377882,0.6287878787878788,0.1834927999880165
32,0.001,16,ReLU,100,0.6226044793350265,0.6225269915377882,0.6287878787878788,0.18956099986098707
32,0.001,16,ReLU,300,0.6226044793350265,0.6225269915377882,0.6287878787878788,0.17233189987018704
32,0.001,16,ReLU,500,0.6226044793350265,0.6225269915377882,0.6287878787878788,0.16180439991876483
32,0.001,16,ReLU,1000,0.6226044793350265,0.6225269915377882,0.6287878787878788,0.1477502000052482
32,0.001,16,Tanh,50,0.6014777187716462,0.6015788251683306,0.6060606060606061,0.11399110010825098
32,0.001,16,Tanh,100,0.6014777187716462,0.6015788251683306,0.6060606060606061,0.12840869999490678
32,0.001,16,Tanh,300,0.6014777187716462,0.6015788251683306,0.6060606060606061,0.12311270018108189
32,0.001,16,Tanh,500,0.6014777187716462,0.6015788251683306,0.6060606060606061,0.11284180008806288
32,0.001,16,Tanh,1000,0.6014777187716462,0.6015788251683306,0.6060606060606061,0.1270990998018533
32,0.001,16,Sigmoid,50,0.5,0.3497536945812808,0.5378787878787878,0.08438539993949234
32,0.001,16,Sigmoid,100,0.5,0.3497536945812808,0.5378787878787878,0.08049240009859204
32,0.001,16,Sigmoid,300,0.5,0.3497536945812808,0.5378787878787878,0.08677220018580556
32,0.001,16,Sigmoid,500,0.5,0.3497536945812808,0.5378787878787878,0.0985003998503089
32,0.001,16,Sigmoid,1000,0.5,0.3497536945812808,0.5378787878787878,0.08766540000215173
32,0.001,16,GELU,50,0.6226044793350265,0.6225269915377882,0.6287878787878788,0.15924299997277558
32,0.001,16,GELU,100,0.6226044793350265,0.6225269915377882,0.6287878787878788,0.15483170002698898
32,0.001,16,GELU,300,0.6226044793350265,0.6225269915377882,0.6287878787878788,0.1484736001584679
32,0.001,16,GELU,500,0.6226044793350265,0.6225269915377882,0.6287878787878788,0.1373678999952972
32,0.001,16,GELU,1000,0.6226044793350265,0.6225269915377882,0.6287878787878788,0.14631629991345108
32,0.001,16,Softmax,50,0.5,0.3497536945812808,0.5378787878787878,0.08366200001910329
32,0.001,16,Softmax,100,0.5,0.3497536945812808,0.5378787878787878,0.07761629996821284
32,0.001,16,Softmax,300,0.5,0.3497536945812808,0.5378787878787878,0.08087859977968037
32,0.001,16,Softmax,500,0.5,0.3497536945812808,0.5378787878787878,0.08032279997132719
32,0.001,16,Softmax,1000,0.5,0.3497536945812808,0.5378787878787878,0.07205679989419878
32,0.001,32,ReLU,50,0.5827753405679981,0.581296992481203,0.5909090909090909,0.11204729997552931
32,0.001,32,ReLU,100,0.5827753405679981,0.581296992481203,0.5909090909090909,0.12230379995889962
32,0.001,32,ReLU,300,0.5827753405679981,0.581296992481203,0.5909090909090909,0.13410019990988076
32,0.001,32,ReLU,500,0.5827753405679981,0.581296992481203,0.5909090909090909,0.1390817000064999
32,0.001,32,ReLU,1000,0.5827753405679981,0.581296992481203,0.5909090909090909,0.12208190001547337
32,0.001,32,Tanh,50,0.6226044793350265,0.6225269915377882,0.6287878787878788,0.08176339999772608
32,0.001,32,Tanh,100,0.6226044793350265,0.6225269915377882,0.6287878787878788,0.09307499998249114
32,0.001,32,Tanh,300,0.6226044793350265,0.6225269915377882,0.6287878787878788,0.09179569990374148
32,0.001,32,Tanh,500,0.6226044793350265,0.6225269915377882,0.6287878787878788,0.09308200003579259
32,0.001,32,Tanh,1000,0.6226044793350265,0.6225269915377882,0.6287878787878788,0.08869190001860261
32,0.001,32,Sigmoid,50,0.5,0.3497536945812808,0.5378787878787878,0.08154369983822107
32,0.001,32,Sigmoid,100,0.5,0.3497536945812808,0.5378787878787878,0.10440930002368987
32,0.001,32,Sigmoid,300,0.5,0.3497536945812808,0.5378787878787878,0.10372280003502965
32,0.001,32,Sigmoid,500,0.5,0.3497536945812808,0.5378787878787878,0.10397719987668097
32,0.001,32,Sigmoid,1000,0.5,0.3497536945812808,0.5378787878787878,0.11214850004762411
32,0.001,32,GELU,50,0.5827753405679981,0.581296992481203,0.5909090909090909,0.2522279000841081
32,0.001,32,GELU,100,0.5827753405679981,0.581296992481203,0.5909090909090909,0.24490069993771613
32,0.001,32,GELU,300,0.5827753405679981,0.581296992481203,0.5909090909090909,0.17872150009498
32,0.001,32,GELU,500,0.5827753405679981,0.581296992481203,0.5909090909090909,0.19477340020239353
32,0.001,32,GELU,1000,0.5827753405679981,0.581296992481203,0.5909090909090909,0.16644700011238456
32,0.001,32,Softmax,50,0.5,0.3497536945812808,0.5378787878787878,0.10355660016648471
32,0.001,32,Softmax,100,0.5,0.3497536945812808,0.5378787878787878,0.10917020007036626
32,0.001,32,Softmax,300,0.5,0.3497536945812808,0.5378787878787878,0.08727880008518696
32,0.001,32,Softmax,500,0.5,0.3497536945812808,0.5378787878787878,0.10590450000017881
32,0.001,32,Softmax,1000,0.5,0.3497536945812808,0.5378787878787878,0.08815429988317192
32,0.001,64,ReLU,50,0.5475640729623643,0.5471829757544043,0.553030303030303,0.13550559990108013
32,0.001,64,ReLU,100,0.5475640729623643,0.5471829757544043,0.553030303030303,0.1430265000090003
32,0.001,64,ReLU,300,0.5475640729623643,0.5471829757544043,0.553030303030303,0.1385405999608338
32,0.001,64,ReLU,500,0.5475640729623643,0.5471829757544043,0.553030303030303,0.1296536000445485
32,0.001,64,ReLU,1000,0.5475640729623643,0.5471829757544043,0.553030303030303,0.13641699985601008
32,0.001,64,Tanh,50,0.5921265296698222,0.5917128683980157,0.5984848484848485,0.12294989987276495
32,0.001,64,Tanh,100,0.5921265296698222,0.5917128683980157,0.5984848484848485,0.11828910000622272
32,0.001,64,Tanh,300,0.5921265296698222,0.5917128683980157,0.5984848484848485,0.1298481000121683
32,0.001,64,Tanh,500,0.5921265296698222,0.5917128683980157,0.5984848484848485,0.12524439999833703
32,0.001,64,Tanh,1000,0.5921265296698222,0.5917128683980157,0.5984848484848485,0.12538719992153347
32,0.001,64,Sigmoid,50,0.5,0.3497536945812808,0.5378787878787878,0.0809045999776572
32,0.001,64,Sigmoid,100,0.5,0.3497536945812808,0.5378787878787878,0.07860110001638532
32,0.001,64,Sigmoid,300,0.5,0.3497536945812808,0.5378787878787878,0.07065830007195473
32,0.001,64,Sigmoid,500,0.5,0.3497536945812808,0.5378787878787878,0.0813357001170516
32,0.001,64,Sigmoid,1000,0.5,0.3497536945812808,0.5378787878787878,0.09283259999938309
32,0.001,64,GELU,50,0.5475640729623643,0.5471829757544043,0.553030303030303,0.15684950002469122
32,0.001,64,GELU,100,0.5475640729623643,0.5471829757544043,0.553030303030303,0.1573544000275433
32,0.001,64,GELU,300,0.5475640729623643,0.5471829757544043,0.553030303030303,0.12914660014212132
32,0.001,64,GELU,500,0.5475640729623643,0.5471829757544043,0.553030303030303,0.11915760021656752
32,0.001,64,GELU,1000,0.5475640729623643,0.5471829757544043,0.553030303030303,0.11361359991133213
32,0.001,64,Softmax,50,0.5,0.3497536945812808,0.5378787878787878,0.07959920004941523
32,0.001,64,Softmax,100,0.5,0.3497536945812808,0.5378787878787878,0.0812345000449568
32,0.001,64,Softmax,300,0.5,0.3497536945812808,0.5378787878787878,0.0685376999899745
32,0.001,64,Softmax,500,0.5,0.3497536945812808,0.5378787878787878,0.08186349994502962
32,0.001,64,Softmax,1000,0.5,0.3497536945812808,0.5378787878787878,0.09044139995239675
32,0.001,128,ReLU,50,0.5264373123989841,0.5263888888888889,0.5303030303030303,0.09016739996150136
32,0.001,128,ReLU,100,0.5264373123989841,0.5263888888888889,0.5303030303030303,0.08095029997639358
32,0.001,128,ReLU,300,0.5264373123989841,0.5263888888888889,0.5303030303030303,0.07214080006815493
32,0.001,128,ReLU,500,0.5264373123989841,0.5263888888888889,0.5303030303030303,0.05807340005412698
32,0.001,128,ReLU,1000,0.5264373123989841,0.5263888888888889,0.5303030303030303,0.05966170015744865
32,0.001,128,Tanh,50,0.567420918956361,0.5669640287769784,0.5681818181818182,0.07193040009588003
32,0.001,128,Tanh,100,0.567420918956361,0.5669640287769784,0.5681818181818182,0.1221000999212265
32,0.001,128,Tanh,300,0.567420918956361,0.5669640287769784,0.5681818181818182,0.1264042998664081
32,0.001,128,Tanh,500,0.567420918956361,0.5669640287769784,0.5681818181818182,0.12351679988205433
32,0.001,128,Tanh,1000,0.567420918956361,0.5669640287769784,0.5681818181818182,0.12459749984554946
32,0.001,128,Sigmoid,50,0.5,0.3497536945812808,0.5378787878787878,0.08083050022833049
32,0.001,128,Sigmoid,100,0.5,0.3497536945812808,0.5378787878787878,0.06550289993174374
32,0.001,128,Sigmoid,300,0.5,0.3497536945812808,0.5378787878787878,0.06763969990424812
32,0.001,128,Sigmoid,500,0.5,0.3497536945812808,0.5378787878787878,0.07517539989203215
32,0.001,128,Sigmoid,1000,0.5,0.3497536945812808,0.5378787878787878,0.06856420007534325
32,0.001,128,GELU,50,0.5264373123989841,0.5263888888888889,0.5303030303030303,0.10527239996008575
32,0.001,128,GELU,100,0.5264373123989841,0.5263888888888889,0.5303030303030303,0.09932719985954463
32,0.001,128,GELU,300,0.5264373123989841,0.5263888888888889,0.5303030303030303,0.10632839985191822
32,0.001,128,GELU,500,0.5264373123989841,0.5263888888888889,0.5303030303030303,0.09363669995218515
32,0.001,128,GELU,1000,0.5264373123989841,0.5263888888888889,0.5303030303030303,0.09477100009098649
32,0.001,128,Softmax,50,0.5,0.3497536945812808,0.5378787878787878,0.06957160006277263
32,0.001,128,Softmax,100,0.5,0.3497536945812808,0.5378787878787878,0.08175110002048314
32,0.001,128,Softmax,300,0.5,0.3497536945812808,0.5378787878787878,0.06302150012925267
32,0.001,128,Softmax,500,0.5,0.3497536945812808,0.5378787878787878,0.07717970013618469
32,0.001,128,Softmax,1000,0.5,0.3497536945812808,0.5378787878787878,0.08190139988437295
32,0.0001,8,ReLU,50,0.5287462479796814,0.5285714285714286,0.5303030303030303,0.26072959997691214
32,0.0001,8,ReLU,100,0.5287462479796814,0.5285714285714286,0.5303030303030303,0.21029750001616776
32,0.0001,8,ReLU,300,0.5287462479796814,0.5285714285714286,0.5303030303030303,0.1976526000071317
32,0.0001,8,ReLU,500,0.5287462479796814,0.5285714285714286,0.5303030303030303,0.22933089989237487
32,0.0001,8,ReLU,1000,0.5287462479796814,0.5285714285714286,0.5303030303030303,0.18978739995509386
32,0.0001,8,Tanh,50,0.4875317478642346,0.47215299913068676,0.4772727272727273,0.2501648000907153
32,0.0001,8,Tanh,100,0.4875317478642346,0.47215299913068676,0.4772727272727273,0.26331609999760985
32,0.0001,8,Tanh,300,0.4875317478642346,0.47215299913068676,0.4772727272727273,0.2698509998153895
32,0.0001,8,Tanh,500,0.4875317478642346,0.47215299913068676,0.4772727272727273,0.26319149998016655
32,0.0001,8,Tanh,1000,0.4875317478642346,0.47215299913068676,0.4772727272727273,0.229087800020352
32,0.0001,8,Sigmoid,50,0.5,0.3497536945812808,0.5378787878787878,0.1863876001443714
32,0.0001,8,Sigmoid,100,0.5,0.3497536945812808,0.5378787878787878,0.18641610001213849
32,0.0001,8,Sigmoid,300,0.5,0.3497536945812808,0.5378787878787878,0.204214199911803
32,0.0001,8,Sigmoid,500,0.5,0.3497536945812808,0.5378787878787878,0.23016669997014105
32,0.0001,8,Sigmoid,1000,0.5,0.3497536945812808,0.5378787878787878,0.24130539991892874
32,0.0001,8,GELU,50,0.5287462479796814,0.5285714285714286,0.5303030303030303,0.22950619994662702
32,0.0001,8,GELU,100,0.5287462479796814,0.5285714285714286,0.5303030303030303,0.20419290009886026
32,0.0001,8,GELU,300,0.5287462479796814,0.5285714285714286,0.5303030303030303,0.19671940011903644
32,0.0001,8,GELU,500,0.5287462479796814,0.5285714285714286,0.5303030303030303,0.21201570006087422
32,0.0001,8,GELU,1000,0.5287462479796814,0.5285714285714286,0.5303030303030303,0.19874959997832775
32,0.0001,8,Softmax,50,0.5,0.3497536945812808,0.5378787878787878,0.17511350009590387
32,0.0001,8,Softmax,100,0.5,0.3497536945812808,0.5378787878787878,0.21229179995134473
32,0.0001,8,Softmax,300,0.5,0.3497536945812808,0.5378787878787878,0.25118319992907345
32,0.0001,8,Softmax,500,0.5,0.3497536945812808,0.5378787878787878,0.19610239984467626
32,0.0001,8,Softmax,1000,0.5,0.3497536945812808,0.5378787878787878,0.16602170001715422
32,0.0001,16,ReLU,50,0.5287462479796814,0.5285714285714286,0.5303030303030303,0.10438919998705387
32,0.0001,16,ReLU,100,0.5287462479796814,0.5285714285714286,0.5303030303030303,0.10903159994632006
32,0.0001,16,ReLU,300,0.5287462479796814,0.5285714285714286,0.5303030303030303,0.11311069992370903
32,0.0001,16,ReLU,500,0.5287462479796814,0.5285714285714286,0.5303030303030303,0.10972029995173216
32,0.0001,16,ReLU,1000,0.5287462479796814,0.5285714285714286,0.5303030303030303,0.12411450012587011
32,0.0001,16,Tanh,50,0.47460170861232975,0.45304931426904,0.4621212121212121,0.11738509987480938
32,0.0001,16,Tanh,100,0.47460170861232975,0.45304931426904,0.4621212121212121,0.1289386001881212
32,0.0001,16,Tanh,300,0.47460170861232975,0.45304931426904,0.4621212121212121,0.11938069993630052
32,0.0001,16,Tanh,500,0.47460170861232975,0.45304931426904,0.4621212121212121,0.15100909979082644
32,0.0001,16,Tanh,1000,0.47460170861232975,0.45304931426904,0.4621212121212121,0.1486745998263359
32,0.0001,16,Sigmoid,50,0.5,0.3497536945812808,0.5378787878787878,0.08879059995524585
32,0.0001,16,Sigmoid,100,0.5,0.3497536945812808,0.5378787878787878,0.09557700017467141
32,0.0001,16,Sigmoid,300,0.5,0.3497536945812808,0.5378787878787878,0.09290589997544885
32,0.0001,16,Sigmoid,500,0.5,0.3497536945812808,0.5378787878787878,0.07937259995378554
32,0.0001,16,Sigmoid,1000,0.5,0.3497536945812808,0.5378787878787878,0.08352699992246926
32,0.0001,16,GELU,50,0.5287462479796814,0.5285714285714286,0.5303030303030303,0.11542519996874034
32,0.0001,16,GELU,100,0.5287462479796814,0.5285714285714286,0.5303030303030303,0.10468650003895164
32,0.0001,16,GELU,300,0.5287462479796814,0.5285714285714286,0.5303030303030303,0.10208149999380112
32,0.0001,16,GELU,500,0.5287462479796814,0.5285714285714286,0.5303030303030303,0.1079778999555856
32,0.0001,16,GELU,1000,0.5287462479796814,0.5285714285714286,0.5303030303030303,0.10025050002150238
32,0.0001,16,Softmax,50,0.5,0.3497536945812808,0.5378787878787878,0.0727957000490278
32,0.0001,16,Softmax,100,0.5,0.3497536945812808,0.5378787878787878,0.07005800004117191
32,0.0001,16,Softmax,300,0.5,0.3497536945812808,0.5378787878787878,0.08141790004447103
32,0.0001,16,Softmax,500,0.5,0.3497536945812808,0.5378787878787878,0.0729664999525994
32,0.0001,16,Softmax,1000,0.5,0.3497536945812808,0.5378787878787878,0.0685655998531729
32,0.0001,32,ReLU,50,0.5287462479796814,0.5285714285714286,0.5303030303030303,0.07141839992254972
32,0.0001,32,ReLU,100,0.5287462479796814,0.5285714285714286,0.5303030303030303,0.08772230008617043
32,0.0001,32,ReLU,300,0.5287462479796814,0.5285714285714286,0.5303030303030303,0.16370400018058717
32,0.0001,32,ReLU,500,0.5287462479796814,0.5285714285714286,0.5303030303030303,0.17876049992628396
32,0.0001,32,ReLU,1000,0.5287462479796814,0.5285714285714286,0.5303030303030303,0.1477713999338448
32,0.0001,32,Tanh,50,0.46871392288155156,0.44172932330827064,0.45454545454545453,0.14148360001854599
32,0.0001,32,Tanh,100,0.46871392288155156,0.44172932330827064,0.45454545454545453,0.16871299990452826
32,0.0001,32,Tanh,300,0.46871392288155156,0.44172932330827064,0.45454545454545453,0.1528195000719279
32,0.0001,32,Tanh,500,0.46871392288155156,0.44172932330827064,0.45454545454545453,0.14575999998487532
32,0.0001,32,Tanh,1000,0.46871392288155156,0.44172932330827064,0.45454545454545453,0.13349899998866022
32,0.0001,32,Sigmoid,50,0.5,0.3497536945812808,0.5378787878787878,0.1516382999252528
32,0.0001,32,Sigmoid,100,0.5,0.3497536945812808,0.5378787878787878,0.11863189982250333
32,0.0001,32,Sigmoid,300,0.5,0.3497536945812808,0.5378787878787878,0.12579930014908314
32,0.0001,32,Sigmoid,500,0.5,0.3497536945812808,0.5378787878787878,0.09831330017186701
32,0.0001,32,Sigmoid,1000,0.5,0.3497536945812808,0.5378787878787878,0.11694139987230301
32,0.0001,32,GELU,50,0.5287462479796814,0.5285714285714286,0.5303030303030303,0.1406485999468714
32,0.0001,32,GELU,100,0.5287462479796814,0.5285714285714286,0.5303030303030303,0.11561249988153577
32,0.0001,32,GELU,300,0.5287462479796814,0.5285714285714286,0.5303030303030303,0.11417670012451708
32,0.0001,32,GELU,500,0.5287462479796814,0.5285714285714286,0.5303030303030303,0.10884409979917109
32,0.0001,32,GELU,1000,0.5287462479796814,0.5285714285714286,0.5303030303030303,0.11793749989010394
32,0.0001,32,Softmax,50,0.5,0.3497536945812808,0.5378787878787878,0.09154120017774403
32,0.0001,32,Softmax,100,0.5,0.3497536945812808,0.5378787878787878,0.08367650001309812
32,0.0001,32,Softmax,300,0.5,0.3497536945812808,0.5378787878787878,0.09657130017876625
32,0.0001,32,Softmax,500,0.5,0.3497536945812808,0.5378787878787878,0.10017900005914271
32,0.0001,32,Softmax,1000,0.5,0.3497536945812808,0.5378787878787878,0.09545079991221428
32,0.0001,64,ReLU,50,0.5369429692911568,0.5365755395683454,0.5378787878787878,0.10561890015378594
32,0.0001,64,ReLU,100,0.5369429692911568,0.5365755395683454,0.5378787878787878,0.12453510006889701
32,0.0001,64,ReLU,300,0.5369429692911568,0.5365755395683454,0.5378787878787878,0.1105741998180747
32,0.0001,64,ReLU,500,0.5369429692911568,0.5365755395683454,0.5378787878787878,0.09983290010131896
32,0.0001,64,ReLU,1000,0.5369429692911568,0.5365755395683454,0.5378787878787878,0.09756219992414117
32,0.0001,64,Tanh,50,0.46871392288155156,0.44172932330827064,0.45454545454545453,0.11974039999768138
32,0.0001,64,Tanh,100,0.46871392288155156,0.44172932330827064,0.45454545454545453,0.12384520005434752
32,0.0001,64,Tanh,300,0.46871392288155156,0.44172932330827064,0.45454545454545453,0.11480790004134178
32,0.0001,64,Tanh,500,0.46871392288155156,0.44172932330827064,0.45454545454545453,0.13183979992754757
32,0.0001,64,Tanh,1000,0.46871392288155156,0.44172932330827064,0.45454545454545453,0.12453399994410574
32,0.0001,64,Sigmoid,50,0.5,0.3497536945812808,0.5378787878787878,0.08137789997272193
32,0.0001,64,Sigmoid,100,0.5,0.3497536945812808,0.5378787878787878,0.07158829993568361
32,0.0001,64,Sigmoid,300,0.5,0.3497536945812808,0.5378787878787878,0.0830654997844249
32,0.0001,64,Sigmoid,500,0.5,0.3497536945812808,0.5378787878787878,0.08427849994041026
32,0.0001,64,Sigmoid,1000,0.5,0.3497536945812808,0.5378787878787878,0.10156630002893507
32,0.0001,64,GELU,50,0.5369429692911568,0.5365755395683454,0.5378787878787878,0.10008589993230999
32,0.0001,64,GELU,100,0.5369429692911568,0.5365755395683454,0.5378787878787878,0.12015079986304045
32,0.0001,64,GELU,300,0.5369429692911568,0.5365755395683454,0.5378787878787878,0.10066249989904463
32,0.0001,64,GELU,500,0.5369429692911568,0.5365755395683454,0.5378787878787878,0.09633610001765192
32,0.0001,64,GELU,1000,0.5369429692911568,0.5365755395683454,0.5378787878787878,0.10010209982283413
32,0.0001,64,Softmax,50,0.5,0.3497536945812808,0.5378787878787878,0.08765810006298125
32,0.0001,64,Softmax,100,0.5,0.3497536945812808,0.5378787878787878,0.08525780006311834
32,0.0001,64,Softmax,300,0.5,0.3497536945812808,0.5378787878787878,0.09669900010339916
32,0.0001,64,Softmax,500,0.5,0.3497536945812808,0.5378787878787878,0.1228277999907732
32,0.0001,64,Softmax,1000,0.5,0.3497536945812808,0.5378787878787878,0.07621080009266734
32,0.0001,128,ReLU,50,0.5228584622489032,0.5220414966377378,0.5227272727272727,0.07168340007774532
32,0.0001,128,ReLU,100,0.5228584622489032,0.5220414966377378,0.5227272727272727,0.07098360010422766
32,0.0001,128,ReLU,300,0.5228584622489032,0.5220414966377378,0.5227272727272727,0.07261519995518029
32,0.0001,128,ReLU,500,0.5228584622489032,0.5220414966377378,0.5227272727272727,0.06900290003977716
32,0.0001,128,ReLU,1000,0.5228584622489032,0.5220414966377378,0.5227272727272727,0.08151459996588528
32,0.0001,128,Tanh,50,0.45462941583929806,0.42337662337662335,0.4393939393939394,0.08344749989919364
32,0.0001,128,Tanh,100,0.45462941583929806,0.42337662337662335,0.4393939393939394,0.08536240016110241
32,0.0001,128,Tanh,300,0.45462941583929806,0.42337662337662335,0.4393939393939394,0.09589229989796877
32,0.0001,128,Tanh,500,0.45462941583929806,0.42337662337662335,0.4393939393939394,0.10065499995835125
32,0.0001,128,Tanh,1000,0.45462941583929806,0.42337662337662335,0.4393939393939394,0.07765649980865419
32,0.0001,128,Sigmoid,50,0.5,0.3497536945812808,0.5378787878787878,0.08353889989666641
32,0.0001,128,Sigmoid,100,0.5,0.3497536945812808,0.5378787878787878,0.07093699998222291
32,0.0001,128,Sigmoid,300,0.5,0.3497536945812808,0.5378787878787878,0.07687800005078316
32,0.0001,128,Sigmoid,500,0.5,0.3497536945812808,0.5378787878787878,0.06998270004987717
32,0.0001,128,Sigmoid,1000,0.5,0.3497536945812808,0.5378787878787878,0.07163030002266169
32,0.0001,128,GELU,50,0.5228584622489032,0.5220414966377378,0.5227272727272727,0.0768557998817414
32,0.0001,128,GELU,100,0.5228584622489032,0.5220414966377378,0.5227272727272727,0.06703309994190931
32,0.0001,128,GELU,300,0.5228584622489032,0.5220414966377378,0.5227272727272727,0.06526189995929599
32,0.0001,128,GELU,500,0.5228584622489032,0.5220414966377378,0.5227272727272727,0.059995099902153015
32,0.0001,128,GELU,1000,0.5228584622489032,0.5220414966377378,0.5227272727272727,0.071656399872154
32,0.0001,128,Softmax,50,0.5,0.3497536945812808,0.5378787878787878,0.06405989988707006
32,0.0001,128,Softmax,100,0.5,0.3497536945812808,0.5378787878787878,0.04480949998833239
32,0.0001,128,Softmax,300,0.5,0.3497536945812808,0.5378787878787878,0.045790799893438816
32,0.0001,128,Softmax,500,0.5,0.3497536945812808,0.5378787878787878,0.055194899905472994
32,0.0001,128,Softmax,1000,0.5,0.3497536945812808,0.5378787878787878,0.04666309989988804
32,0.00025,8,ReLU,50,0.5241283768182867,0.5232991612301957,0.5303030303030303,0.29836890008300543
32,0.00025,8,ReLU,100,0.5241283768182867,0.5232991612301957,0.5303030303030303,0.29488179995678365
32,0.00025,8,ReLU,300,0.5241283768182867,0.5232991612301957,0.5303030303030303,0.2911751000210643
32,0.00025,8,ReLU,500,0.5241283768182867,0.5232991612301957,0.5303030303030303,0.2409820999018848
32,0.00025,8,ReLU,1000,0.5241283768182867,0.5232991612301957,0.5303030303030303,0.2719535001087934
32,0.00025,8,Tanh,50,0.6003232509812977,0.6001863932898416,0.6060606060606061,0.28292160015553236
32,0.00025,8,Tanh,100,0.6003232509812977,0.6001863932898416,0.6060606060606061,0.30557349999435246
32,0.00025,8,Tanh,300,0.6003232509812977,0.6001863932898416,0.6060606060606061,0.29366620001383126
32,0.00025,8,Tanh,500,0.6003232509812977,0.6001863932898416,0.6060606060606061,0.2691965000703931
32,0.00025,8,Tanh,1000,0.6003232509812977,0.6001863932898416,0.6060606060606061,0.27421719999983907
32,0.00025,8,Sigmoid,50,0.5,0.3497536945812808,0.5378787878787878,0.10373600013554096
32,0.00025,8,Sigmoid,100,0.5,0.3497536945812808,0.5378787878787878,0.09934590011835098
32,0.00025,8,Sigmoid,300,0.5,0.3497536945812808,0.5378787878787878,0.0906677998136729
32,0.00025,8,Sigmoid,500,0.5,0.3497536945812808,0.5378787878787878,0.10019140015356243
32,0.00025,8,Sigmoid,1000,0.5,0.3497536945812808,0.5378787878787878,0.11350729991681874
32,0.00025,8,GELU,50,0.5241283768182867,0.5232991612301957,0.5303030303030303,0.27981390012428164
32,0.00025,8,GELU,100,0.5241283768182867,0.5232991612301957,0.5303030303030303,0.2592207998968661
32,0.00025,8,GELU,300,0.5241283768182867,0.5232991612301957,0.5303030303030303,0.22643500007689
32,0.00025,8,GELU,500,0.5241283768182867,0.5232991612301957,0.5303030303030303,0.28513129986822605
32,0.00025,8,GELU,1000,0.5241283768182867,0.5232991612301957,0.5303030303030303,0.33708819979801774
32,0.00025,8,Softmax,50,0.5,0.3497536945812808,0.5378787878787878,0.20842729997821152
32,0.00025,8,Softmax,100,0.5,0.3497536945812808,0.5378787878787878,0.18325649993494153
32,0.00025,8,Softmax,300,0.5,0.3497536945812808,0.5378787878787878,0.18116779997944832
32,0.00025,8,Softmax,500,0.5,0.3497536945812808,0.5378787878787878,0.2036450000014156
32,0.00025,8,Softmax,1000,0.5,0.3497536945812808,0.5378787878787878,0.22046890016645193
32,0.00025,16,ReLU,50,0.520549526668206,0.5204981837052414,0.5227272727272727,0.16578359995037317
32,0.00025,16,ReLU,100,0.520549526668206,0.5204981837052414,0.5227272727272727,0.20130110019817948
32,0.00025,16,ReLU,300,0.520549526668206,0.5204981837052414,0.5227272727272727,0.22747440007515252
32,0.00025,16,ReLU,500,0.520549526668206,0.5204981837052414,0.5227272727272727,0.18451119982637465
32,0.00025,16,ReLU,1000,0.520549526668206,0.5204981837052414,0.5227272727272727,0.20558389998041093
32,0.00025,16,Tanh,50,0.5063495728469176,0.4989648033126294,0.5,0.23585759988054633
32,0.00025,16,Tanh,100,0.5063495728469176,0.4989648033126294,0.5,0.23517360002733767
32,0.00025,16,Tanh,300,0.5063495728469176,0.4989648033126294,0.5,0.23095829994417727
32,0.00025,16,Tanh,500,0.5063495728469176,0.4989648033126294,0.5,0.21234149998053908
32,0.00025,16,Tanh,1000,0.5063495728469176,0.4989648033126294,0.5,0.2741455000359565
32,0.00025,16,Sigmoid,50,0.5,0.3497536945812808,0.5378787878787878,0.1672187999356538
32,0.00025,16,Sigmoid,100,0.5,0.3497536945812808,0.5378787878787878,0.16487410012632608
32,0.00025,16,Sigmoid,300,0.5,0.3497536945812808,0.5378787878787878,0.1224921999964863
32,0.00025,16,Sigmoid,500,0.5,0.3497536945812808,0.5378787878787878,0.1322376998141408
32,0.00025,16,Sigmoid,1000,0.5,0.3497536945812808,0.5378787878787878,0.10077309980988503
32,0.00025,16,GELU,50,0.520549526668206,0.5204981837052414,0.5227272727272727,0.158320999937132
32,0.00025,16,GELU,100,0.520549526668206,0.5204981837052414,0.5227272727272727,0.1495012000668794
32,0.00025,16,GELU,300,0.520549526668206,0.5204981837052414,0.5227272727272727,0.20939620002172887
32,0.00025,16,GELU,500,0.520549526668206,0.5204981837052414,0.5227272727272727,0.24891479988582432
32,0.00025,16,GELU,1000,0.520549526668206,0.5204981837052414,0.5227272727272727,0.2825896998401731
32,0.00025,16,Softmax,50,0.5,0.3497536945812808,0.5378787878787878,0.153635400114581
32,0.00025,16,Softmax,100,0.5,0.3497536945812808,0.5378787878787878,0.11606180015951395
32,0.00025,16,Softmax,300,0.5,0.3497536945812808,0.5378787878787878,0.15676379995420575
32,0.00025,16,Softmax,500,0.5,0.3497536945812808,0.5378787878787878,0.15620409999974072
32,0.00025,16,Softmax,1000,0.5,0.3497536945812808,0.5378787878787878,0.10414489987306297
32,0.00025,32,ReLU,50,0.5287462479796814,0.5285714285714286,0.5303030303030303,0.13996970001608133
32,0.00025,32,ReLU,100,0.5287462479796814,0.5285714285714286,0.5303030303030303,0.14145160000771284
32,0.00025,32,ReLU,300,0.5287462479796814,0.5285714285714286,0.5303030303030303,0.12310169986449182
32,0.00025,32,ReLU,500,0.5287462479796814,0.5285714285714286,0.5303030303030303,0.14848490012809634
32,0.00025,32,ReLU,1000,0.5287462479796814,0.5285714285714286,0.5303030303030303,0.14450270007364452
32,0.00025,32,Tanh,50,0.5016162549064881,0.48887476160203436,0.49242424242424243,0.1782495998777449
32,0.00025,32,Tanh,100,0.5016162549064881,0.48887476160203436,0.49242424242424243,0.17286809999495745
32,0.00025,32,Tanh,300,0.5016162549064881,0.48887476160203436,0.49242424242424243,0.12988110003061593
32,0.00025,32,Tanh,500,0.5016162549064881,0.48887476160203436,0.49242424242424243,0.11219910020008683
32,0.00025,32,Tanh,1000,0.5016162549064881,0.48887476160203436,0.49242424242424243,0.12904869997873902
32,0.00025,32,Sigmoid,50,0.5,0.3497536945812808,0.5378787878787878,0.07198820007033646
32,0.00025,32,Sigmoid,100,0.5,0.3497536945812808,0.5378787878787878,0.0618302000220865
32,0.00025,32,Sigmoid,300,0.5,0.3497536945812808,0.5378787878787878,0.07242790004238486
32,0.00025,32,Sigmoid,500,0.5,0.3497536945812808,0.5378787878787878,0.06290960009209812
32,0.00025,32,Sigmoid,1000,0.5,0.3497536945812808,0.5378787878787878,0.06631780019961298
32,0.00025,32,GELU,50,0.5287462479796814,0.5285714285714286,0.5303030303030303,0.12431959994137287
32,0.00025,32,GELU,100,0.5287462479796814,0.5285714285714286,0.5303030303030303,0.1122598999645561
32,0.00025,32,GELU,300,0.5287462479796814,0.5285714285714286,0.5303030303030303,0.10691710002720356
32,0.00025,32,GELU,500,0.5287462479796814,0.5285714285714286,0.5303030303030303,0.1048348001204431
32,0.00025,32,GELU,1000,0.5287462479796814,0.5285714285714286,0.5303030303030303,0.11414419999346137
32,0.00025,32,Softmax,50,0.5,0.3497536945812808,0.5378787878787878,0.06164870015345514
32,0.00025,32,Softmax,100,0.5,0.3497536945812808,0.5378787878787878,0.05896390019915998
32,0.00025,32,Softmax,300,0.5,0.3497536945812808,0.5378787878787878,0.07489239983260632
32,0.00025,32,Softmax,500,0.5,0.3497536945812808,0.5378787878787878,0.06273810006678104
32,0.00025,32,Softmax,1000,0.5,0.3497536945812808,0.5378787878787878,0.06249850010499358
32,0.00025,64,ReLU,50,0.5369429692911568,0.5365755395683454,0.5378787878787878,0.06380170001648366
32,0.00025,64,ReLU,100,0.5369429692911568,0.5365755395683454,0.5378787878787878,0.059919900028035045
32,0.00025,64,ReLU,300,0.5369429692911568,0.5365755395683454,0.5378787878787878,0.058678400004282594
32,0.00025,64,ReLU,500,0.5369429692911568,0.5365755395683454,0.5378787878787878,0.07084650010801852
32,0.00025,64,ReLU,1000,0.5369429692911568,0.5365755395683454,0.5378787878787878,0.06298309983685613
32,0.00025,64,Tanh,50,0.4734472408219811,0.45508459794174083,0.4621212121212121,0.07193149998784065
32,0.00025,64,Tanh,100,0.4734472408219811,0.45508459794174083,0.4621212121212121,0.0729489999357611
32,0.00025,64,Tanh,300,0.4734472408219811,0.45508459794174083,0.4621212121212121,0.0737999000120908
32,0.00025,64,Tanh,500,0.4734472408219811,0.45508459794174083,0.4621212121212121,0.07332860003225505
32,0.00025,64,Tanh,1000,0.4734472408219811,0.45508459794174083,0.4621212121212121,0.0732829999178648
32,0.00025,64,Sigmoid,50,0.5,0.3497536945812808,0.5378787878787878,0.05251260008662939
32,0.00025,64,Sigmoid,100,0.5,0.3497536945812808,0.5378787878787878,0.049630000023171306
32,0.00025,64,Sigmoid,300,0.5,0.3497536945812808,0.5378787878787878,0.04812960000708699
32,0.00025,64,Sigmoid,500,0.5,0.3497536945812808,0.5378787878787878,0.0522431000135839
32,0.00025,64,Sigmoid,1000,0.5,0.3497536945812808,0.5378787878787878,0.054568400140851736
32,0.00025,64,GELU,50,0.5369429692911568,0.5365755395683454,0.5378787878787878,0.06146050011739135
32,0.00025,64,GELU,100,0.5369429692911568,0.5365755395683454,0.5378787878787878,0.06320500001311302
32,0.00025,64,GELU,300,0.5369429692911568,0.5365755395683454,0.5378787878787878,0.06282800016924739
32,0.00025,64,GELU,500,0.5369429692911568,0.5365755395683454,0.5378787878787878,0.058365399949252605
32,0.00025,64,GELU,1000,0.5369429692911568,0.5365755395683454,0.5378787878787878,0.05832160008139908
32,0.00025,64,Softmax,50,0.5,0.3497536945812808,0.5378787878787878,0.047733800020068884
32,0.00025,64,Softmax,100,0.5,0.3497536945812808,0.5378787878787878,0.05145899998024106
32,0.00025,64,Softmax,300,0.5,0.3497536945812808,0.5378787878787878,0.05105570005252957
32,0.00025,64,Softmax,500,0.5,0.3497536945812808,0.5378787878787878,0.051170899998396635
32,0.00025,64,Softmax,1000,0.5,0.3497536945812808,0.5378787878787878,0.05179769988171756
32,0.00025,128,ReLU,50,0.5369429692911568,0.5365755395683454,0.5378787878787878,0.03638449986465275
32,0.00025,128,ReLU,100,0.5369429692911568,0.5365755395683454,0.5378787878787878,0.04701169999316335
32,0.00025,128,ReLU,300,0.5369429692911568,0.5365755395683454,0.5378787878787878,0.05172180011868477
32,0.00025,128,ReLU,500,0.5369429692911568,0.5365755395683454,0.5378787878787878,0.050453800009563565
32,0.00025,128,ReLU,1000,0.5369429692911568,0.5365755395683454,0.5378787878787878,0.04878469998948276
32,0.00025,128,Tanh,50,0.4757561764026783,0.45074137021625743,0.4621212121212121,0.045189599972218275
32,0.00025,128,Tanh,100,0.4757561764026783,0.45074137021625743,0.4621212121212121,0.050125200068578124
32,0.00025,128,Tanh,300,0.4757561764026783,0.45074137021625743,0.4621212121212121,0.0619507001247257
32,0.00025,128,Tanh,500,0.4757561764026783,0.45074137021625743,0.4621212121212121,0.051526600029319525
32,0.00025,128,Tanh,1000,0.4757561764026783,0.45074137021625743,0.4621212121212121,0.04765800014138222
32,0.00025,128,Sigmoid,50,0.5,0.3497536945812808,0.5378787878787878,0.036498599918559194
32,0.00025,128,Sigmoid,100,0.5,0.3497536945812808,0.5378787878787878,0.036037799902260303
32,0.00025,128,Sigmoid,300,0.5,0.3497536945812808,0.5378787878787878,0.046884699957445264
32,0.00025,128,Sigmoid,500,0.5,0.3497536945812808,0.5378787878787878,0.03728129994124174
32,0.00025,128,Sigmoid,1000,0.5,0.3497536945812808,0.5378787878787878,0.05156849999912083
32,0.00025,128,GELU,50,0.5369429692911568,0.5365755395683454,0.5378787878787878,0.07237159996293485
32,0.00025,128,GELU,100,0.5369429692911568,0.5365755395683454,0.5378787878787878,0.07315929979085922
32,0.00025,128,GELU,300,0.5369429692911568,0.5365755395683454,0.5378787878787878,0.08510160003788769
32,0.00025,128,GELU,500,0.5369429692911568,0.5365755395683454,0.5378787878787878,0.0840813999529928
32,0.00025,128,GELU,1000,0.5369429692911568,0.5365755395683454,0.5378787878787878,0.0764597998932004
32,0.00025,128,Softmax,50,0.5,0.3497536945812808,0.5378787878787878,0.07060179999098182
32,0.00025,128,Softmax,100,0.5,0.3497536945812808,0.5378787878787878,0.06746930000372231
32,0.00025,128,Softmax,300,0.5,0.3497536945812808,0.5378787878787878,0.07107710000127554
32,0.00025,128,Softmax,500,0.5,0.3497536945812808,0.5378787878787878,0.06879359995946288
32,0.00025,128,Softmax,1000,0.5,0.3497536945812808,0.5378787878787878,0.07364479987882078
64,0.01,8,ReLU,50,0.6800969752943893,0.6796685409884582,0.6893939393939394,0.3148580000270158
64,0.01,8,ReLU,100,0.6800969752943893,0.6796685409884582,0.6893939393939394,0.3095124000683427
64,0.01,8,ReLU,300,0.6800969752943893,0.6796685409884582,0.6893939393939394,0.3842030998785049
64,0.01,8,ReLU,500,0.6800969752943893,0.6796685409884582,0.6893939393939394,0.2984256998170167
64,0.01,8,ReLU,1000,0.6800969752943893,0.6796685409884582,0.6893939393939394,0.32377579994499683
64,0.01,8,Tanh,50,0.6448857076887555,0.6449122807017544,0.6515151515151515,0.2648994999472052
64,0.01,8,Tanh,100,0.6448857076887555,0.6449122807017544,0.6515151515151515,0.27371530001983047
64,0.01,8,Tanh,300,0.6448857076887555,0.6449122807017544,0.6515151515151515,0.3134986001532525
64,0.01,8,Tanh,500,0.6448857076887555,0.6449122807017544,0.6515151515151515,0.22663419996388257
64,0.01,8,Tanh,1000,0.6448857076887555,0.6449122807017544,0.6515151515151515,0.24587719980627298
64,0.01,8,Sigmoid,50,0.6672823828215193,0.661951219512195,0.6818181818181818,0.19351359992288053
64,0.01,8,Sigmoid,100,0.6672823828215193,0.661951219512195,0.6818181818181818,0.1794622999150306
64,0.01,8,Sigmoid,300,0.6672823828215193,0.661951219512195,0.6818181818181818,0.1895049000158906
64,0.01,8,Sigmoid,500,0.6672823828215193,0.661951219512195,0.6818181818181818,0.24818260013125837
64,0.01,8,Sigmoid,1000,0.6672823828215193,0.661951219512195,0.6818181818181818,0.26870290003716946
64,0.01,8,GELU,50,0.6800969752943893,0.6796685409884582,0.6893939393939394,0.3485081000253558
64,0.01,8,GELU,100,0.6800969752943893,0.6796685409884582,0.6893939393939394,0.32261260016821325
64,0.01,8,GELU,300,0.6800969752943893,0.6796685409884582,0.6893939393939394,0.31489749997854233
64,0.01,8,GELU,500,0.6800969752943893,0.6796685409884582,0.6893939393939394,0.32231609988957644
64,0.01,8,GELU,1000,0.6800969752943893,0.6796685409884582,0.6893939393939394,0.37546929996460676
64,0.01,8,Softmax,50,0.6672823828215193,0.661951219512195,0.6818181818181818,0.2159895000513643
64,0.01,8,Softmax,100,0.6672823828215193,0.661951219512195,0.6818181818181818,0.21739729982800782
64,0.01,8,Softmax,300,0.6672823828215193,0.661951219512195,0.6818181818181818,0.19128569983877242
64,0.01,8,Softmax,500,0.6672823828215193,0.661951219512195,0.6818181818181818,0.1868483000434935
64,0.01,8,Softmax,1000,0.6672823828215193,0.661951219512195,0.6818181818181818,0.1934140999801457
64,0.01,16,ReLU,50,0.671900253982914,0.670940170940171,0.6818181818181818,0.151414800202474
64,0.01,16,ReLU,100,0.671900253982914,0.670940170940171,0.6818181818181818,0.17040529986843467
64,0.01,16,ReLU,300,0.671900253982914,0.670940170940171,0.6818181818181818,0.16058130003511906
64,0.01,16,ReLU,500,0.671900253982914,0.670940170940171,0.6818181818181818,0.14241920015774667
64,0.01,16,ReLU,1000,0.671900253982914,0.670940170940171,0.6818181818181818,0.1488379999063909
64,0.01,16,Tanh,50,0.6319556684368506,0.6322266078476898,0.6363636363636364,0.12161819986067712
64,0.01,16,Tanh,100,0.6319556684368506,0.6322266078476898,0.6363636363636364,0.11537860007956624
64,0.01,16,Tanh,300,0.6319556684368506,0.6322266078476898,0.6363636363636364,0.105093999998644
64,0.01,16,Tanh,500,0.6319556684368506,0.6322266078476898,0.6363636363636364,0.12754450016655028
64,0.01,16,Tanh,1000,0.6319556684368506,0.6322266078476898,0.6363636363636364,0.1101586997974664
64,0.01,16,Sigmoid,50,0.6484645578388363,0.6464075242573962,0.6590909090909091,0.16157280001789331
64,0.01,16,Sigmoid,100,0.6484645578388363,0.6464075242573962,0.6590909090909091,0.10380339995026588
64,0.01,16,Sigmoid,300,0.6484645578388363,0.6464075242573962,0.6590909090909091,0.12756579997949302
64,0.01,16,Sigmoid,500,0.6484645578388363,0.6464075242573962,0.6590909090909091,0.1274206000380218
64,0.01,16,Sigmoid,1000,0.6484645578388363,0.6464075242573962,0.6590909090909091,0.11948939994908869
64,0.01,16,GELU,50,0.671900253982914,0.670940170940171,0.6818181818181818,0.13448820007033646
64,0.01,16,GELU,100,0.671900253982914,0.670940170940171,0.6818181818181818,0.11220229999162257
64,0.01,16,GELU,300,0.671900253982914,0.670940170940171,0.6818181818181818,0.12114090006798506
64,0.01,16,GELU,500,0.671900253982914,0.670940170940171,0.6818181818181818,0.1220333999954164
64,0.01,16,GELU,1000,0.671900253982914,0.670940170940171,0.6818181818181818,0.11051320005208254
64,0.01,16,Softmax,50,0.6484645578388363,0.6464075242573962,0.6590909090909091,0.11366250016726553
64,0.01,16,Softmax,100,0.6484645578388363,0.6464075242573962,0.6590909090909091,0.10290349996648729
64,0.01,16,Softmax,300,0.6484645578388363,0.6464075242573962,0.6590909090909091,0.10419080010615289
64,0.01,16,Softmax,500,0.6484645578388363,0.6464075242573962,0.6590909090909091,0.10475429985672235
64,0.01,16,Softmax,1000,0.6484645578388363,0.6464075242573962,0.6590909090909091,0.09266109997406602
64,0.01,32,ReLU,50,0.6531978757792658,0.6485112563543936,0.6666666666666666,0.09090339997783303
64,0.01,32,ReLU,100,0.6531978757792658,0.6485112563543936,0.6666666666666666,0.0790899998974055
64,0.01,32,ReLU,300,0.6531978757792658,0.6485112563543936,0.6666666666666666,0.09037610003724694
64,0.01,32,ReLU,500,0.6531978757792658,0.6485112563543936,0.6666666666666666,0.10448470013216138
64,0.01,32,ReLU,1000,0.6531978757792658,0.6485112563543936,0.6666666666666666,0.11008700006641448
64,0.01,32,Tanh,50,0.6671669360424843,0.6673504073140714,0.6742424242424242,0.0708930001128465
64,0.01,32,Tanh,100,0.6671669360424843,0.6673504073140714,0.6742424242424242,0.07447270001284778
64,0.01,32,Tanh,300,0.6671669360424843,0.6673504073140714,0.6742424242424242,0.07192849996499717
64,0.01,32,Tanh,500,0.6671669360424843,0.6673504073140714,0.6742424242424242,0.061040999833494425
64,0.01,32,Tanh,1000,0.6671669360424843,0.6673504073140714,0.6742424242424242,0.07478440017439425
64,0.01,32,Sigmoid,50,0.6531978757792658,0.6485112563543936,0.6666666666666666,0.07924439990893006
64,0.01,32,Sigmoid,100,0.6531978757792658,0.6485112563543936,0.6666666666666666,0.08222840004600585
64,0.01,32,Sigmoid,300,0.6531978757792658,0.6485112563543936,0.6666666666666666,0.10263550002127886
64,0.01,32,Sigmoid,500,0.6531978757792658,0.6485112563543936,0.6666666666666666,0.13644329993985593
64,0.01,32,Sigmoid,1000,0.6531978757792658,0.6485112563543936,0.6666666666666666,0.1429596000816673
64,0.01,32,GELU,50,0.6531978757792658,0.6485112563543936,0.6666666666666666,0.1616882998496294
64,0.01,32,GELU,100,0.6531978757792658,0.6485112563543936,0.6666666666666666,0.15634180000051856
64,0.01,32,GELU,300,0.6531978757792658,0.6485112563543936,0.6666666666666666,0.16440369980409741
64,0.01,32,GELU,500,0.6531978757792658,0.6485112563543936,0.6666666666666666,0.14659509994089603
64,0.01,32,GELU,1000,0.6531978757792658,0.6485112563543936,0.6666666666666666,0.16060030017979443
64,0.01,32,Softmax,50,0.6531978757792658,0.6485112563543936,0.6666666666666666,0.13904860010370612
64,0.01,32,Softmax,100,0.6531978757792658,0.6485112563543936,0.6666666666666666,0.1447795000858605
64,0.01,32,Softmax,300,0.6531978757792658,0.6485112563543936,0.6666666666666666,0.13564420002512634
64,0.01,32,Softmax,500,0.6531978757792658,0.6485112563543936,0.6666666666666666,0.14093400002457201
64,0.01,32,Softmax,1000,0.6531978757792658,0.6485112563543936,0.6666666666666666,0.12660369998775423
64,0.01,64,ReLU,50,0.636804433156315,0.6297560975609756,0.6515151515151515,0.0941809001378715
64,0.01,64,ReLU,100,0.636804433156315,0.6297560975609756,0.6515151515151515,0.09330759989097714
64,0.01,64,ReLU,300,0.636804433156315,0.6297560975609756,0.6515151515151515,0.11182749993167818
64,0.01,64,ReLU,500,0.636804433156315,0.6297560975609756,0.6515151515151515,0.12957129999995232
64,0.01,64,ReLU,1000,0.636804433156315,0.6297560975609756,0.6515151515151515,0.12332049990072846
64,0.01,64,Tanh,50,0.6261833294851074,0.6239316239316239,0.6363636363636364,0.10000049998052418
64,0.01,64,Tanh,100,0.6261833294851074,0.6239316239316239,0.6363636363636364,0.10944849997758865
64,0.01,64,Tanh,300,0.6261833294851074,0.6239316239316239,0.6363636363636364,0.09520270000211895
64,0.01,64,Tanh,500,0.6261833294851074,0.6239316239316239,0.6363636363636364,0.09011729992926121
64,0.01,64,Tanh,1000,0.6261833294851074,0.6239316239316239,0.6363636363636364,0.10306539991870522
64,0.01,64,Sigmoid,50,0.6286077118448395,0.6202020202020202,0.6439393939393939,0.1216132000554353
64,0.01,64,Sigmoid,100,0.6286077118448395,0.6202020202020202,0.6439393939393939,0.1274649000260979
64,0.01,64,Sigmoid,300,0.6286077118448395,0.6202020202020202,0.6439393939393939,0.11492040008306503
64,0.01,64,Sigmoid,500,0.6286077118448395,0.6202020202020202,0.6439393939393939,0.10656880005262792
64,0.01,64,Sigmoid,1000,0.6286077118448395,0.6202020202020202,0.6439393939393939,0.10569510003551841
64,0.01,64,GELU,50,0.636804433156315,0.6297560975609756,0.6515151515151515,0.08714960003271699
64,0.01,64,GELU,100,0.636804433156315,0.6297560975609756,0.6515151515151515,0.10911320010200143
64,0.01,64,GELU,300,0.636804433156315,0.6297560975609756,0.6515151515151515,0.12711049988865852
64,0.01,64,GELU,500,0.636804433156315,0.6297560975609756,0.6515151515151515,0.12799390009604394
64,0.01,64,GELU,1000,0.636804433156315,0.6297560975609756,0.6515151515151515,0.1160637999419123
64,0.01,64,Softmax,50,0.6286077118448395,0.6202020202020202,0.6439393939393939,0.13383040018379688
64,0.01,64,Softmax,100,0.6286077118448395,0.6202020202020202,0.6439393939393939,0.11141319992020726
64,0.01,64,Softmax,300,0.6286077118448395,0.6202020202020202,0.6439393939393939,0.12256130017340183
64,0.01,64,Softmax,500,0.6286077118448395,0.6202020202020202,0.6439393939393939,0.10030549997463822
64,0.01,64,Softmax,1000,0.6286077118448395,0.6202020202020202,0.6439393939393939,0.10870570014230907
64,0.01,128,ReLU,50,0.6579311937196952,0.6496080004938576,0.6742424242424242,0.0829324999358505
64,0.01,128,ReLU,100,0.6579311937196952,0.6496080004938576,0.6742424242424242,0.0662795000243932
64,0.01,128,ReLU,300,0.6579311937196952,0.6496080004938576,0.6742424242424242,0.05234669987112284
64,0.01,128,ReLU,500,0.6579311937196952,0.6496080004938576,0.6742424242424242,0.05098220007494092
64,0.01,128,ReLU,1000,0.6579311937196952,0.6496080004938576,0.6742424242424242,0.05061709997244179
64,0.01,128,Tanh,50,0.5968598476102517,0.5948051948051948,0.6060606060606061,0.046767499996349216
64,0.01,128,Tanh,100,0.5968598476102517,0.5948051948051948,0.6060606060606061,0.047660999931395054
64,0.01,128,Tanh,300,0.5968598476102517,0.5948051948051948,0.6060606060606061,0.05576259992085397
64,0.01,128,Tanh,500,0.5968598476102517,0.5948051948051948,0.6060606060606061,0.0775694998446852
64,0.01,128,Tanh,1000,0.5968598476102517,0.5948051948051948,0.6060606060606061,0.10978910000994802
64,0.01,128,Sigmoid,50,0.5454860309397368,0.5113968439509059,0.5681818181818182,0.13352369982749224
64,0.01,128,Sigmoid,100,0.5454860309397368,0.5113968439509059,0.5681818181818182,0.12554309982806444
64,0.01,128,Sigmoid,300,0.5454860309397368,0.5113968439509059,0.5681818181818182,0.13825810002163053
64,0.01,128,Sigmoid,500,0.5454860309397368,0.5113968439509059,0.5681818181818182,0.13113279989920557
64,0.01,128,Sigmoid,1000,0.5454860309397368,0.5113968439509059,0.5681818181818182,0.12269339989870787
64,0.01,128,GELU,50,0.6579311937196952,0.6496080004938576,0.6742424242424242,0.08233079989440739
64,0.01,128,GELU,100,0.6579311937196952,0.6496080004938576,0.6742424242424242,0.07661120011471212
64,0.01,128,GELU,300,0.6579311937196952,0.6496080004938576,0.6742424242424242,0.06880229990929365
64,0.01,128,GELU,500,0.6579311937196952,0.6496080004938576,0.6742424242424242,0.09115560003556311
64,0.01,128,GELU,1000,0.6579311937196952,0.6496080004938576,0.6742424242424242,0.07655719993636012
64,0.01,128,Softmax,50,0.5454860309397368,0.5113968439509059,0.5681818181818182,0.11083240015432239
64,0.01,128,Softmax,100,0.5454860309397368,0.5113968439509059,0.5681818181818182,0.11582870013080537
64,0.01,128,Softmax,300,0.5454860309397368,0.5113968439509059,0.5681818181818182,0.11289070011116564
64,0.01,128,Softmax,500,0.5454860309397368,0.5113968439509059,0.5681818181818182,0.1433230999391526
64,0.01,128,Softmax,1000,0.5454860309397368,0.5113968439509059,0.5681818181818182,0.13886099983938038
64,0.001,8,ReLU,50,0.6403832833063958,0.6264855687606112,0.6590909090909091,0.300471399910748
64,0.001,8,ReLU,100,0.6403832833063958,0.6264855687606112,0.6590909090909091,0.2527521001175046
64,0.001,8,ReLU,300,0.6403832833063958,0.6264855687606112,0.6590909090909091,0.2660908999387175
64,0.001,8,ReLU,500,0.6403832833063958,0.6264855687606112,0.6590909090909091,0.29382249992340803
64,0.001,8,ReLU,1000,0.6403832833063958,0.6264855687606112,0.6590909090909091,0.2686235001310706
64,0.001,8,Tanh,50,0.6438466866774417,0.6363636363636364,0.6590909090909091,0.2755277999676764
64,0.001,8,Tanh,100,0.6438466866774417,0.6363636363636364,0.6590909090909091,0.269990999950096
64,0.001,8,Tanh,300,0.6438466866774417,0.6363636363636364,0.6590909090909091,0.2323682999704033
64,0.001,8,Tanh,500,0.6438466866774417,0.6363636363636364,0.6590909090909091,0.2418913000728935
64,0.001,8,Tanh,1000,0.6438466866774417,0.6363636363636364,0.6590909090909091,0.24257340002804995
64,0.001,8,Sigmoid,50,0.5701916416531978,0.5141329258976317,0.5984848484848485,0.337547899922356
64,0.001,8,Sigmoid,100,0.5701916416531978,0.5141329258976317,0.5984848484848485,0.49960900004953146
64,0.001,8,Sigmoid,300,0.5701916416531978,0.5141329258976317,0.5984848484848485,0.3774527998175472
64,0.001,8,Sigmoid,500,0.5701916416531978,0.5141329258976317,0.5984848484848485,0.3990867000538856
64,0.001,8,Sigmoid,1000,0.5701916416531978,0.5141329258976317,0.5984848484848485,0.3659310000948608
64,0.001,8,GELU,50,0.6403832833063958,0.6264855687606112,0.6590909090909091,0.36671230010688305
64,0.001,8,GELU,100,0.6403832833063958,0.6264855687606112,0.6590909090909091,0.3330596999730915
64,0.001,8,GELU,300,0.6403832833063958,0.6264855687606112,0.6590909090909091,0.28711099992506206
64,0.001,8,GELU,500,0.6403832833063958,0.6264855687606112,0.6590909090909091,0.2496829000301659
64,0.001,8,GELU,1000,0.6403832833063958,0.6264855687606112,0.6590909090909091,0.3167818000074476
64,0.001,8,Softmax,50,0.5701916416531978,0.5141329258976317,0.5984848484848485,0.5873489999212325
64,0.001,8,Softmax,100,0.5701916416531978,0.5141329258976317,0.5984848484848485,0.3179091999772936
64,0.001,8,Softmax,300,0.5701916416531978,0.5141329258976317,0.5984848484848485,0.38655089982785285
64,0.001,8,Softmax,500,0.5701916416531978,0.5141329258976317,0.5984848484848485,0.410719099920243
64,0.001,8,Softmax,1000,0.5701916416531978,0.5141329258976317,0.5984848484848485,0.33505439991131425
64,0.001,16,ReLU,50,0.6544677903486493,0.6394588070888649,0.6742424242424242,0.11544879991561174
64,0.001,16,ReLU,100,0.6544677903486493,0.6394588070888649,0.6742424242424242,0.11274909996427596
64,0.001,16,ReLU,300,0.6544677903486493,0.6394588070888649,0.6742424242424242,0.11004950013011694
64,0.001,16,ReLU,500,0.6544677903486493,0.6394588070888649,0.6742424242424242,0.12885019998066127
64,0.001,16,ReLU,1000,0.6544677903486493,0.6394588070888649,0.6742424242424242,0.1935088001191616
64,0.001,16,Tanh,50,0.6356499653659663,0.6267519055815097,0.6515151515151515,0.19810639997012913
64,0.001,16,Tanh,100,0.6356499653659663,0.6267519055815097,0.6515151515151515,0.19983589998446405
64,0.001,16,Tanh,300,0.6356499653659663,0.6267519055815097,0.6515151515151515,0.2074905000627041
64,0.001,16,Tanh,500,0.6356499653659663,0.6267519055815097,0.6515151515151515,0.21115679992362857
64,0.001,16,Tanh,1000,0.6356499653659663,0.6267519055815097,0.6515151515151515,0.22009989991784096
64,0.001,16,Sigmoid,50,0.5,0.3497536945812808,0.5378787878787878,0.1348846999462694
64,0.001,16,Sigmoid,100,0.5,0.3497536945812808,0.5378787878787878,0.14705519983544946
64,0.001,16,Sigmoid,300,0.5,0.3497536945812808,0.5378787878787878,0.13557350006885827
64,0.001,16,Sigmoid,500,0.5,0.3497536945812808,0.5378787878787878,0.12952449987642467
64,0.001,16,Sigmoid,1000,0.5,0.3497536945812808,0.5378787878787878,0.14002540009096265
64,0.001,16,GELU,50,0.6544677903486493,0.6394588070888649,0.6742424242424242,0.17882260004989803
64,0.001,16,GELU,100,0.6544677903486493,0.6394588070888649,0.6742424242424242,0.2004448000807315
64,0.001,16,GELU,300,0.6544677903486493,0.6394588070888649,0.6742424242424242,0.21758820000104606
64,0.001,16,GELU,500,0.6544677903486493,0.6394588070888649,0.6742424242424242,0.23842739989049733
64,0.001,16,GELU,1000,0.6544677903486493,0.6394588070888649,0.6742424242424242,0.20536150014959276
64,0.001,16,Softmax,50,0.5,0.3497536945812808,0.5378787878787878,0.1077213000971824
64,0.001,16,Softmax,100,0.5,0.3497536945812808,0.5378787878787878,0.11251979996450245
64,0.001,16,Softmax,300,0.5,0.3497536945812808,0.5378787878787878,0.12020379980094731
64,0.001,16,Softmax,500,0.5,0.3497536945812808,0.5378787878787878,0.12767379987053573
64,0.001,16,Softmax,1000,0.5,0.3497536945812808,0.5378787878787878,0.10898090014234185
64,0.001,32,ReLU,50,0.5795428307550219,0.533695652173913,0.6060606060606061,0.15300900000147521
64,0.001,32,ReLU,100,0.5795428307550219,0.533695652173913,0.6060606060606061,0.15785859990864992
64,0.001,32,ReLU,300,0.5795428307550219,0.533695652173913,0.6060606060606061,0.1855951000470668
64,0.001,32,ReLU,500,0.5795428307550219,0.533695652173913,0.6060606060606061,0.17759670014493167
64,0.001,32,ReLU,1000,0.5795428307550219,0.533695652173913,0.6060606060606061,0.17232210002839565
64,0.001,32,Tanh,50,0.6251443084737935,0.6098849273721939,0.6439393939393939,0.13087640004232526
64,0.001,32,Tanh,100,0.6251443084737935,0.6098849273721939,0.6439393939393939,0.13517430005595088
64,0.001,32,Tanh,300,0.6251443084737935,0.6098849273721939,0.6439393939393939,0.16109319985844195
64,0.001,32,Tanh,500,0.6251443084737935,0.6098849273721939,0.6439393939393939,0.14506130013614893
64,0.001,32,Tanh,1000,0.6251443084737935,0.6098849273721939,0.6439393939393939,0.14161309995688498
64,0.001,32,Sigmoid,50,0.5081967213114754,0.36761418077291597,0.5454545454545454,0.09531120001338422
64,0.001,32,Sigmoid,100,0.5081967213114754,0.36761418077291597,0.5454545454545454,0.10490769986063242
64,0.001,32,Sigmoid,300,0.5081967213114754,0.36761418077291597,0.5454545454545454,0.09058890002779663
64,0.001,32,Sigmoid,500,0.5081967213114754,0.36761418077291597,0.5454545454545454,0.11358310002833605
64,0.001,32,Sigmoid,1000,0.5081967213114754,0.36761418077291597,0.5454545454545454,0.12689640000462532
64,0.001,32,GELU,50,0.5795428307550219,0.533695652173913,0.6060606060606061,0.20207250001840293
64,0.001,32,GELU,100,0.5795428307550219,0.533695652173913,0.6060606060606061,0.15365609992295504
64,0.001,32,GELU,300,0.5795428307550219,0.533695652173913,0.6060606060606061,0.16011850000359118
64,0.001,32,GELU,500,0.5795428307550219,0.533695652173913,0.6060606060606061,0.1377124001737684
64,0.001,32,GELU,1000,0.5795428307550219,0.533695652173913,0.6060606060606061,0.13803739985451102
64,0.001,32,Softmax,50,0.5081967213114754,0.36761418077291597,0.5454545454545454,0.11324330000206828
64,0.001,32,Softmax,100,0.5081967213114754,0.36761418077291597,0.5454545454545454,0.11365880002267659
64,0.001,32,Softmax,300,0.5081967213114754,0.36761418077291597,0.5454545454545454,0.10710830008611083
64,0.001,32,Softmax,500,0.5081967213114754,0.36761418077291597,0.5454545454545454,0.10875759995542467
64,0.001,32,Softmax,1000,0.5081967213114754,0.36761418077291597,0.5454545454545454,0.09893899993039668
64,0.001,64,ReLU,50,0.5,0.3497536945812808,0.5378787878787878,0.08427409990690649
64,0.001,64,ReLU,100,0.5,0.3497536945812808,0.5378787878787878,0.09861139999702573
64,0.001,64,ReLU,300,0.5,0.3497536945812808,0.5378787878787878,0.08482059999369085
64,0.001,64,ReLU,500,0.5,0.3497536945812808,0.5378787878787878,0.09013790008611977
64,0.001,64,ReLU,1000,0.5,0.3497536945812808,0.5378787878787878,0.0841864999383688
64,0.001,64,Tanh,50,0.5748095128145925,0.5401906013802169,0.5984848484848485,0.12225449993275106
64,0.001,64,Tanh,100,0.5748095128145925,0.5401906013802169,0.5984848484848485,0.15336299990303814
64,0.001,64,Tanh,300,0.5748095128145925,0.5401906013802169,0.5984848484848485,0.131177700124681
64,0.001,64,Tanh,500,0.5748095128145925,0.5401906013802169,0.5984848484848485,0.11446289997547865
64,0.001,64,Tanh,1000,0.5748095128145925,0.5401906013802169,0.5984848484848485,0.12780739995650947
64,0.001,64,Sigmoid,50,0.5,0.3497536945812808,0.5378787878787878,0.0878808000124991
64,0.001,64,Sigmoid,100,0.5,0.3497536945812808,0.5378787878787878,0.09185980004258454
64,0.001,64,Sigmoid,300,0.5,0.3497536945812808,0.5378787878787878,0.09429610008373857
64,0.001,64,Sigmoid,500,0.5,0.3497536945812808,0.5378787878787878,0.06941720005124807
64,0.001,64,Sigmoid,1000,0.5,0.3497536945812808,0.5378787878787878,0.08836399996653199
64,0.001,64,GELU,50,0.5,0.3497536945812808,0.5378787878787878,0.08429789985530078
64,0.001,64,GELU,100,0.5,0.3497536945812808,0.5378787878787878,0.0877517000772059
64,0.001,64,GELU,300,0.5,0.3497536945812808,0.5378787878787878,0.09356219996698201
64,0.001,64,GELU,500,0.5,0.3497536945812808,0.5378787878787878,0.10167369991540909
64,0.001,64,GELU,1000,0.5,0.3497536945812808,0.5378787878787878,0.08867820003069937
64,0.001,64,Softmax,50,0.5,0.3497536945812808,0.5378787878787878,0.08657580008730292
64,0.001,64,Softmax,100,0.5,0.3497536945812808,0.5378787878787878,0.07465910003520548
64,0.001,64,Softmax,300,0.5,0.3497536945812808,0.5378787878787878,0.08565839985385537
64,0.001,64,Softmax,500,0.5,0.3497536945812808,0.5378787878787878,0.09204240003600717
64,0.001,64,Softmax,1000,0.5,0.3497536945812808,0.5378787878787878,0.08066239999607205
64,0.001,128,ReLU,50,0.5,0.3497536945812808,0.5378787878787878,0.07222989993169904
64,0.001,128,ReLU,100,0.5,0.3497536945812808,0.5378787878787878,0.07146640005521476
64,0.001,128,ReLU,300,0.5,0.3497536945812808,0.5378787878787878,0.0677006000187248
64,0.001,128,ReLU,500,0.5,0.3497536945812808,0.5378787878787878,0.0692076999694109
64,0.001,128,ReLU,1000,0.5,0.3497536945812808,0.5378787878787878,0.06751330010592937
64,0.001,128,Tanh,50,0.4870699607480951,0.3570931580981832,0.5227272727272727,0.06875069998204708
64,0.001,128,Tanh,100,0.4870699607480951,0.3570931580981832,0.5227272727272727,0.07637310004793108
64,0.001,128,Tanh,300,0.4870699607480951,0.3570931580981832,0.5227272727272727,0.07041619997471571
64,0.001,128,Tanh,500,0.4870699607480951,0.3570931580981832,0.5227272727272727,0.07014290010556579
64,0.001,128,Tanh,1000,0.4870699607480951,0.3570931580981832,0.5227272727272727,0.06019239989109337
64,0.001,128,Sigmoid,50,0.5,0.3497536945812808,0.5378787878787878,0.06341979978606105
64,0.001,128,Sigmoid,100,0.5,0.3497536945812808,0.5378787878787878,0.07432979997247458
64,0.001,128,Sigmoid,300,0.5,0.3497536945812808,0.5378787878787878,0.0685763000510633
64,0.001,128,Sigmoid,500,0.5,0.3497536945812808,0.5378787878787878,0.08708589989691973
64,0.001,128,Sigmoid,1000,0.5,0.3497536945812808,0.5378787878787878,0.0753270999994129
64,0.001,128,GELU,50,0.5,0.3497536945812808,0.5378787878787878,0.07390430010855198
64,0.001,128,GELU,100,0.5,0.3497536945812808,0.5378787878787878,0.06506789987906814
64,0.001,128,GELU,300,0.5,0.3497536945812808,0.5378787878787878,0.06581379985436797
64,0.001,128,GELU,500,0.5,0.3497536945812808,0.5378787878787878,0.06578369997441769
64,0.001,128,GELU,1000,0.5,0.3497536945812808,0.5378787878787878,0.06353780021890998
64,0.001,128,Softmax,50,0.5,0.3497536945812808,0.5378787878787878,0.04786809999495745
64,0.001,128,Softmax,100,0.5,0.3497536945812808,0.5378787878787878,0.051688400097191334
64,0.001,128,Softmax,300,0.5,0.3497536945812808,0.5378787878787878,0.06334810005500913
64,0.001,128,Softmax,500,0.5,0.3497536945812808,0.5378787878787878,0.05438799993135035
64,0.001,128,Softmax,1000,0.5,0.3497536945812808,0.5378787878787878,0.059041300090029836
64,0.0001,8,ReLU,50,0.5,0.3497536945812808,0.5378787878787878,0.12793459999375045
64,0.0001,8,ReLU,100,0.5,0.3497536945812808,0.5378787878787878,0.15170409996062517
64,0.0001,8,ReLU,300,0.5,0.3497536945812808,0.5378787878787878,0.1865862999111414
64,0.0001,8,ReLU,500,0.5,0.3497536945812808,0.5378787878787878,0.11179049988277256
64,0.0001,8,ReLU,1000,0.5,0.3497536945812808,0.5378787878787878,0.1123306998051703
64,0.0001,8,Tanh,50,0.4859154929577465,0.34328358208955223,0.5227272727272727,0.12318870006129146
64,0.0001,8,Tanh,100,0.4859154929577465,0.34328358208955223,0.5227272727272727,0.13192930002696812
64,0.0001,8,Tanh,300,0.4859154929577465,0.34328358208955223,0.5227272727272727,0.2406625000294298
64,0.0001,8,Tanh,500,0.4859154929577465,0.34328358208955223,0.5227272727272727,0.19969870010390878
64,0.0001,8,Tanh,1000,0.4859154929577465,0.34328358208955223,0.5227272727272727,0.32895039999857545
64,0.0001,8,Sigmoid,50,0.5,0.3497536945812808,0.5378787878787878,0.20754060009494424
64,0.0001,8,Sigmoid,100,0.5,0.3497536945812808,0.5378787878787878,0.17295069992542267
64,0.0001,8,Sigmoid,300,0.5,0.3497536945812808,0.5378787878787878,0.2380510000512004
64,0.0001,8,Sigmoid,500,0.5,0.3497536945812808,0.5378787878787878,0.2387375000398606
64,0.0001,8,Sigmoid,1000,0.5,0.3497536945812808,0.5378787878787878,0.2086461998987943
64,0.0001,8,GELU,50,0.5,0.3497536945812808,0.5378787878787878,0.20625029993243515
64,0.0001,8,GELU,100,0.5,0.3497536945812808,0.5378787878787878,0.18738220003433526
64,0.0001,8,GELU,300,0.5,0.3497536945812808,0.5378787878787878,0.18481809995137155
64,0.0001,8,GELU,500,0.5,0.3497536945812808,0.5378787878787878,0.18061090004630387
64,0.0001,8,GELU,1000,0.5,0.3497536945812808,0.5378787878787878,0.1816769998986274
64,0.0001,8,Softmax,50,0.5,0.3497536945812808,0.5378787878787878,0.20963329984806478
64,0.0001,8,Softmax,100,0.5,0.3497536945812808,0.5378787878787878,0.24461059994064271
64,0.0001,8,Softmax,300,0.5,0.3497536945812808,0.5378787878787878,0.22668369999155402
64,0.0001,8,Softmax,500,0.5,0.3497536945812808,0.5378787878787878,0.1856613999698311
64,0.0001,8,Softmax,1000,0.5,0.3497536945812808,0.5378787878787878,0.18642090004868805
64,0.0001,16,ReLU,50,0.5,0.3497536945812808,0.5378787878787878,0.10975459986366332
64,0.0001,16,ReLU,100,0.5,0.3497536945812808,0.5378787878787878,0.11829199991188943
64,0.0001,16,ReLU,300,0.5,0.3497536945812808,0.5378787878787878,0.13378829997964203
64,0.0001,16,ReLU,500,0.5,0.3497536945812808,0.5378787878787878,0.11461000004783273
64,0.0001,16,ReLU,1000,0.5,0.3497536945812808,0.5378787878787878,0.12638789997436106
64,0.0001,16,Tanh,50,0.4941122142692219,0.360625,0.5303030303030303,0.1664632000029087
64,0.0001,16,Tanh,100,0.4941122142692219,0.360625,0.5303030303030303,0.15256690001115203
64,0.0001,16,Tanh,300,0.4941122142692219,0.360625,0.5303030303030303,0.1570623000152409
64,0.0001,16,Tanh,500,0.4941122142692219,0.360625,0.5303030303030303,0.1449224001262337
64,0.0001,16,Tanh,1000,0.4941122142692219,0.360625,0.5303030303030303,0.1405424999538809
64,0.0001,16,Sigmoid,50,0.5,0.3497536945812808,0.5378787878787878,0.12805519998073578
64,0.0001,16,Sigmoid,100,0.5,0.3497536945812808,0.5378787878787878,0.13025030004791915
64,0.0001,16,Sigmoid,300,0.5,0.3497536945812808,0.5378787878787878,0.12804330000653863
64,0.0001,16,Sigmoid,500,0.5,0.3497536945812808,0.5378787878787878,0.11501620011404157
64,0.0001,16,Sigmoid,1000,0.5,0.3497536945812808,0.5378787878787878,0.1091257999651134
64,0.0001,16,GELU,50,0.5,0.3497536945812808,0.5378787878787878,0.13774169981479645
64,0.0001,16,GELU,100,0.5,0.3497536945812808,0.5378787878787878,0.11994939995929599
64,0.0001,16,GELU,300,0.5,0.3497536945812808,0.5378787878787878,0.17116590007208288
64,0.0001,16,GELU,500,0.5,0.3497536945812808,0.5378787878787878,0.15430730022490025
64,0.0001,16,GELU,1000,0.5,0.3497536945812808,0.5378787878787878,0.14680619980208576
64,0.0001,16,Softmax,50,0.5,0.3497536945812808,0.5378787878787878,0.14332230016589165
64,0.0001,16,Softmax,100,0.5,0.3497536945812808,0.5378787878787878,0.12664920021779835
64,0.0001,16,Softmax,300,0.5,0.3497536945812808,0.5378787878787878,0.1338353999890387
64,0.0001,16,Softmax,500,0.5,0.3497536945812808,0.5378787878787878,0.1411902999971062
64,0.0001,16,Softmax,1000,0.5,0.3497536945812808,0.5378787878787878,0.11521949991583824
64,0.0001,32,ReLU,50,0.5,0.3497536945812808,0.5378787878787878,0.11124520003795624
64,0.0001,32,ReLU,100,0.5,0.3497536945812808,0.5378787878787878,0.09877629997208714
64,0.0001,32,ReLU,300,0.5,0.3497536945812808,0.5378787878787878,0.10064570000395179
64,0.0001,32,ReLU,500,0.5,0.3497536945812808,0.5378787878787878,0.10104910004884005
64,0.0001,32,ReLU,1000,0.5,0.3497536945812808,0.5378787878787878,0.10942390002310276
64,0.0001,32,Tanh,50,0.4941122142692219,0.360625,0.5303030303030303,0.1221783000510186
64,0.0001,32,Tanh,100,0.4941122142692219,0.360625,0.5303030303030303,0.13298770016990602
64,0.0001,32,Tanh,300,0.4941122142692219,0.360625,0.5303030303030303,0.11684919986873865
64,0.0001,32,Tanh,500,0.4941122142692219,0.360625,0.5303030303030303,0.11620859988033772
64,0.0001,32,Tanh,1000,0.4941122142692219,0.360625,0.5303030303030303,0.11228540004231036
64,0.0001,32,Sigmoid,50,0.5,0.3497536945812808,0.5378787878787878,0.0967692001722753
64,0.0001,32,Sigmoid,100,0.5,0.3497536945812808,0.5378787878787878,0.10513049992732704
64,0.0001,32,Sigmoid,300,0.5,0.3497536945812808,0.5378787878787878,0.11110639991238713
64,0.0001,32,Sigmoid,500,0.5,0.3497536945812808,0.5378787878787878,0.08114949986338615
64,0.0001,32,Sigmoid,1000,0.5,0.3497536945812808,0.5378787878787878,0.1096236000303179
64,0.0001,32,GELU,50,0.5,0.3497536945812808,0.5378787878787878,0.1145321000367403
64,0.0001,32,GELU,100,0.5,0.3497536945812808,0.5378787878787878,0.08657540008425713
64,0.0001,32,GELU,300,0.5,0.3497536945812808,0.5378787878787878,0.09563990007154644
64,0.0001,32,GELU,500,0.5,0.3497536945812808,0.5378787878787878,0.09173509990796447
64,0.0001,32,GELU,1000,0.5,0.3497536945812808,0.5378787878787878,0.1097768999170512
64,0.0001,32,Softmax,50,0.5,0.3497536945812808,0.5378787878787878,0.12818919983692467
64,0.0001,32,Softmax,100,0.5,0.3497536945812808,0.5378787878787878,0.11201940011233091
64,0.0001,32,Softmax,300,0.5,0.3497536945812808,0.5378787878787878,0.1161684999242425
64,0.0001,32,Softmax,500,0.5,0.3497536945812808,0.5378787878787878,0.09020969993434846
64,0.0001,32,Softmax,1000,0.5,0.3497536945812808,0.5378787878787878,0.08852059999480844
64,0.0001,64,ReLU,50,0.5,0.3497536945812808,0.5378787878787878,0.06986459996551275
64,0.0001,64,ReLU,100,0.5,0.3497536945812808,0.5378787878787878,0.07410670001991093
64,0.0001,64,ReLU,300,0.5,0.3497536945812808,0.5378787878787878,0.0768476000521332
64,0.0001,64,ReLU,500,0.5,0.3497536945812808,0.5378787878787878,0.07271840004250407
64,0.0001,64,ReLU,1000,0.5,0.3497536945812808,0.5378787878787878,0.07109720003791153
64,0.0001,64,Tanh,50,0.4941122142692219,0.360625,0.5303030303030303,0.06841920013539493
64,0.0001,64,Tanh,100,0.4941122142692219,0.360625,0.5303030303030303,0.08140979986637831
64,0.0001,64,Tanh,300,0.4941122142692219,0.360625,0.5303030303030303,0.06636360008269548
64,0.0001,64,Tanh,500,0.4941122142692219,0.360625,0.5303030303030303,0.06512980000115931
64,0.0001,64,Tanh,1000,0.4941122142692219,0.360625,0.5303030303030303,0.050630800193175673
64,0.0001,64,Sigmoid,50,0.5,0.3497536945812808,0.5378787878787878,0.05614820006303489
64,0.0001,64,Sigmoid,100,0.5,0.3497536945812808,0.5378787878787878,0.055565099930390716
64,0.0001,64,Sigmoid,300,0.5,0.3497536945812808,0.5378787878787878,0.06047930009663105
64,0.0001,64,Sigmoid,500,0.5,0.3497536945812808,0.5378787878787878,0.06972069991752505
64,0.0001,64,Sigmoid,1000,0.5,0.3497536945812808,0.5378787878787878,0.07081170007586479
64,0.0001,64,GELU,50,0.5,0.3497536945812808,0.5378787878787878,0.06854610005393624
64,0.0001,64,GELU,100,0.5,0.3497536945812808,0.5378787878787878,0.07679100008681417
64,0.0001,64,GELU,300,0.5,0.3497536945812808,0.5378787878787878,0.050181200029328465
64,0.0001,64,GELU,500,0.5,0.3497536945812808,0.5378787878787878,0.06311700004152954
64,0.0001,64,GELU,1000,0.5,0.3497536945812808,0.5378787878787878,0.06806880002841353
64,0.0001,64,Softmax,50,0.5,0.3497536945812808,0.5378787878787878,0.05901720002293587
64,0.0001,64,Softmax,100,0.5,0.3497536945812808,0.5378787878787878,0.058448499999940395
64,0.0001,64,Softmax,300,0.5,0.3497536945812808,0.5378787878787878,0.06163869984447956
64,0.0001,64,Softmax,500,0.5,0.3497536945812808,0.5378787878787878,0.04978390014730394
64,0.0001,64,Softmax,1000,0.5,0.3497536945812808,0.5378787878787878,0.06293380004353821
64,0.0001,128,ReLU,50,0.5,0.3497536945812808,0.5378787878787878,0.05010120011866093
64,0.0001,128,ReLU,100,0.5,0.3497536945812808,0.5378787878787878,0.05360089987516403
64,0.0001,128,ReLU,300,0.5,0.3497536945812808,0.5378787878787878,0.05333900009281933
64,0.0001,128,ReLU,500,0.5,0.3497536945812808,0.5378787878787878,0.03735250001773238
64,0.0001,128,ReLU,1000,0.5,0.3497536945812808,0.5378787878787878,0.03684580000117421
64,0.0001,128,Tanh,50,0.4870699607480951,0.3570931580981832,0.5227272727272727,0.04179380019195378
64,0.0001,128,Tanh,100,0.4870699607480951,0.3570931580981832,0.5227272727272727,0.039009900065138936
64,0.0001,128,Tanh,300,0.4870699607480951,0.3570931580981832,0.5227272727272727,0.03646319988183677
64,0.0001,128,Tanh,500,0.4870699607480951,0.3570931580981832,0.5227272727272727,0.03600469999946654
64,0.0001,128,Tanh,1000,0.4870699607480951,0.3570931580981832,0.5227272727272727,0.035569900181144476
64,0.0001,128,Sigmoid,50,0.5,0.3497536945812808,0.5378787878787878,0.037732299882918596
64,0.0001,128,Sigmoid,100,0.5,0.3497536945812808,0.5378787878787878,0.06938170013017952
64,0.0001,128,Sigmoid,300,0.5,0.3497536945812808,0.5378787878787878,0.06600079988129437
64,0.0001,128,Sigmoid,500,0.5,0.3497536945812808,0.5378787878787878,0.08590669999830425
64,0.0001,128,Sigmoid,1000,0.5,0.3497536945812808,0.5378787878787878,0.09371019992977381
64,0.0001,128,GELU,50,0.5,0.3497536945812808,0.5378787878787878,0.07886820007115602
64,0.0001,128,GELU,100,0.5,0.3497536945812808,0.5378787878787878,0.09803700004704297
64,0.0001,128,GELU,300,0.5,0.3497536945812808,0.5378787878787878,0.08497159997932613
64,0.0001,128,GELU,500,0.5,0.3497536945812808,0.5378787878787878,0.08875799993984401
64,0.0001,128,GELU,1000,0.5,0.3497536945812808,0.5378787878787878,0.07696829992346466
64,0.0001,128,Softmax,50,0.5,0.3497536945812808,0.5378787878787878,0.07698990008793771
64,0.0001,128,Softmax,100,0.5,0.3497536945812808,0.5378787878787878,0.09226100007072091
64,0.0001,128,Softmax,300,0.5,0.3497536945812808,0.5378787878787878,0.08961339993402362
64,0.0001,128,Softmax,500,0.5,0.3497536945812808,0.5378787878787878,0.07125490019097924
64,0.0001,128,Softmax,1000,0.5,0.3497536945812808,0.5378787878787878,0.07913809991441667
64,0.00025,8,ReLU,50,0.5,0.3497536945812808,0.5378787878787878,0.20549160009250045
64,0.00025,8,ReLU,100,0.5,0.3497536945812808,0.5378787878787878,0.23339470010250807
64,0.00025,8,ReLU,300,0.5,0.3497536945812808,0.5378787878787878,0.21338870003819466
64,0.00025,8,ReLU,500,0.5,0.3497536945812808,0.5378787878787878,0.2595365000888705
64,0.00025,8,ReLU,1000,0.5,0.3497536945812808,0.5378787878787878,0.3082069999072701
64,0.00025,8,Tanh,50,0.588894019856846,0.551887106436797,0.6136363636363636,0.3884328999556601
64,0.00025,8,Tanh,100,0.588894019856846,0.551887106436797,0.6136363636363636,0.3721473999321461
64,0.00025,8,Tanh,300,0.588894019856846,0.551887106436797,0.6136363636363636,0.35979039990343153
64,0.00025,8,Tanh,500,0.588894019856846,0.551887106436797,0.6136363636363636,0.7333284001797438
64,0.00025,8,Tanh,1000,0.588894019856846,0.551887106436797,0.6136363636363636,0.37177089997567236
64,0.00025,8,Sigmoid,50,0.5,0.3497536945812808,0.5378787878787878,0.18630279996432364
64,0.00025,8,Sigmoid,100,0.5,0.3497536945812808,0.5378787878787878,0.18848289991728961
64,0.00025,8,Sigmoid,300,0.5,0.3497536945812808,0.5378787878787878,0.2229823002126068
64,0.00025,8,Sigmoid,500,0.5,0.3497536945812808,0.5378787878787878,0.24642380001023412
64,0.00025,8,Sigmoid,1000,0.5,0.3497536945812808,0.5378787878787878,0.20587460021488369
64,0.00025,8,GELU,50,0.5,0.3497536945812808,0.5378787878787878,0.17742120008915663
64,0.00025,8,GELU,100,0.5,0.3497536945812808,0.5378787878787878,0.189548599999398
64,0.00025,8,GELU,300,0.5,0.3497536945812808,0.5378787878787878,0.17396209994331002
64,0.00025,8,GELU,500,0.5,0.3497536945812808,0.5378787878787878,0.17535079992376268
64,0.00025,8,GELU,1000,0.5,0.3497536945812808,0.5378787878787878,0.18567409995011985
64,0.00025,8,Softmax,50,0.5,0.3497536945812808,0.5378787878787878,0.22748019988648593
64,0.00025,8,Softmax,100,0.5,0.3497536945812808,0.5378787878787878,0.2577899000607431
64,0.00025,8,Softmax,300,0.5,0.3497536945812808,0.5378787878787878,0.21927329991012812
64,0.00025,8,Softmax,500,0.5,0.3497536945812808,0.5378787878787878,0.19859630009159446
64,0.00025,8,Softmax,1000,0.5,0.3497536945812808,0.5378787878787878,0.20311350002884865
64,0.00025,16,ReLU,50,0.5,0.3497536945812808,0.5378787878787878,0.1301123001612723
64,0.00025,16,ReLU,100,0.5,0.3497536945812808,0.5378787878787878,0.11434009997174144
64,0.00025,16,ReLU,300,0.5,0.3497536945812808,0.5378787878787878,0.11611429997719824
64,0.00025,16,ReLU,500,0.5,0.3497536945812808,0.5378787878787878,0.1302610000129789
64,0.00025,16,ReLU,1000,0.5,0.3497536945812808,0.5378787878787878,0.16189200012013316
64,0.00025,16,Tanh,50,0.5139690602632186,0.4270833333333333,0.5454545454545454,0.23636209988035262
64,0.00025,16,Tanh,100,0.5139690602632186,0.4270833333333333,0.5454545454545454,0.2628770999144763
64,0.00025,16,Tanh,300,0.5139690602632186,0.4270833333333333,0.5454545454545454,0.22240820014849305
64,0.00025,16,Tanh,500,0.5139690602632186,0.4270833333333333,0.5454545454545454,0.20961889997124672
64,0.00025,16,Tanh,1000,0.5139690602632186,0.4270833333333333,0.5454545454545454,0.19130990002304316
64,0.00025,16,Sigmoid,50,0.5,0.3497536945812808,0.5378787878787878,0.11558520002290606
64,0.00025,16,Sigmoid,100,0.5,0.3497536945812808,0.5378787878787878,0.10911640012636781
64,0.00025,16,Sigmoid,300,0.5,0.3497536945812808,0.5378787878787878,0.11966839991509914
64,0.00025,16,Sigmoid,500,0.5,0.3497536945812808,0.5378787878787878,0.13787539978511631
64,0.00025,16,Sigmoid,1000,0.5,0.3497536945812808,0.5378787878787878,0.13084140000864863
64,0.00025,16,GELU,50,0.5,0.3497536945812808,0.5378787878787878,0.12831049994565547
64,0.00025,16,GELU,100,0.5,0.3497536945812808,0.5378787878787878,0.09686350007541478
64,0.00025,16,GELU,300,0.5,0.3497536945812808,0.5378787878787878,0.12145619979128242
64,0.00025,16,GELU,500,0.5,0.3497536945812808,0.5378787878787878,0.10886770021170378
64,0.00025,16,GELU,1000,0.5,0.3497536945812808,0.5378787878787878,0.09357449994422495
64,0.00025,16,Softmax,50,0.5,0.3497536945812808,0.5378787878787878,0.09650970017537475
64,0.00025,16,Softmax,100,0.5,0.3497536945812808,0.5378787878787878,0.0905148999299854
64,0.00025,16,Softmax,300,0.5,0.3497536945812808,0.5378787878787878,0.0851485999301076
64,0.00025,16,Softmax,500,0.5,0.3497536945812808,0.5378787878787878,0.08240239997394383
64,0.00025,16,Softmax,1000,0.5,0.3497536945812808,0.5378787878787878,0.08681110013276339
64,0.00025,32,ReLU,50,0.5,0.3497536945812808,0.5378787878787878,0.06490380014292896
64,0.00025,32,ReLU,100,0.5,0.3497536945812808,0.5378787878787878,0.0728585000615567
64,0.00025,32,ReLU,300,0.5,0.3497536945812808,0.5378787878787878,0.08030050015076995
64,0.00025,32,ReLU,500,0.5,0.3497536945812808,0.5378787878787878,0.06961070001125336
64,0.00025,32,ReLU,1000,0.5,0.3497536945812808,0.5378787878787878,0.08013920020312071
64,0.00025,32,Tanh,50,0.4859154929577465,0.34328358208955223,0.5227272727272727,0.10135000012814999
64,0.00025,32,Tanh,100,0.4859154929577465,0.34328358208955223,0.5227272727272727,0.09259829996153712
64,0.00025,32,Tanh,300,0.4859154929577465,0.34328358208955223,0.5227272727272727,0.08165170019492507
64,0.00025,32,Tanh,500,0.4859154929577465,0.34328358208955223,0.5227272727272727,0.08016359992325306
64,0.00025,32,Tanh,1000,0.4859154929577465,0.34328358208955223,0.5227272727272727,0.08918230002745986
64,0.00025,32,Sigmoid,50,0.5,0.3497536945812808,0.5378787878787878,0.0623757999856025
64,0.00025,32,Sigmoid,100,0.5,0.3497536945812808,0.5378787878787878,0.06146409991197288
64,0.00025,32,Sigmoid,300,0.5,0.3497536945812808,0.5378787878787878,0.07094420003704727
64,0.00025,32,Sigmoid,500,0.5,0.3497536945812808,0.5378787878787878,0.06131569994613528
64,0.00025,32,Sigmoid,1000,0.5,0.3497536945812808,0.5378787878787878,0.04644689988344908
64,0.00025,32,GELU,50,0.5,0.3497536945812808,0.5378787878787878,0.05812050006352365
64,0.00025,32,GELU,100,0.5,0.3497536945812808,0.5378787878787878,0.10021160007454455
64,0.00025,32,GELU,300,0.5,0.3497536945812808,0.5378787878787878,0.09162209997884929
64,0.00025,32,GELU,500,0.5,0.3497536945812808,0.5378787878787878,0.10562209994532168
64,0.00025,32,GELU,1000,0.5,0.3497536945812808,0.5378787878787878,0.11379999993368983
64,0.00025,32,Softmax,50,0.5,0.3497536945812808,0.5378787878787878,0.10815930017270148
64,0.00025,32,Softmax,100,0.5,0.3497536945812808,0.5378787878787878,0.09618240012787282
64,0.00025,32,Softmax,300,0.5,0.3497536945812808,0.5378787878787878,0.14650160004384816
64,0.00025,32,Softmax,500,0.5,0.3497536945812808,0.5378787878787878,0.10582139994949102
64,0.00025,32,Softmax,1000,0.5,0.3497536945812808,0.5378787878787878,0.11526909982785583
64,0.00025,64,ReLU,50,0.5,0.3497536945812808,0.5378787878787878,0.07172190002165735
64,0.00025,64,ReLU,100,0.5,0.3497536945812808,0.5378787878787878,0.08830439997836947
64,0.00025,64,ReLU,300,0.5,0.3497536945812808,0.5378787878787878,0.07292610011063516
64,0.00025,64,ReLU,500,0.5,0.3497536945812808,0.5378787878787878,0.07439760002307594
64,0.00025,64,ReLU,1000,0.5,0.3497536945812808,0.5378787878787878,0.08259800006635487
64,0.00025,64,Tanh,50,0.4941122142692219,0.360625,0.5303030303030303,0.08123970008455217
64,0.00025,64,Tanh,100,0.4941122142692219,0.360625,0.5303030303030303,0.07159460010007024
64,0.00025,64,Tanh,300,0.4941122142692219,0.360625,0.5303030303030303,0.0808427999727428
64,0.00025,64,Tanh,500,0.4941122142692219,0.360625,0.5303030303030303,0.07680660020560026
64,0.00025,64,Tanh,1000,0.4941122142692219,0.360625,0.5303030303030303,0.0672182000707835
64,0.00025,64,Sigmoid,50,0.5,0.3497536945812808,0.5378787878787878,0.07065739994868636
64,0.00025,64,Sigmoid,100,0.5,0.3497536945812808,0.5378787878787878,0.0903296999167651
64,0.00025,64,Sigmoid,300,0.5,0.3497536945812808,0.5378787878787878,0.07170030009001493
64,0.00025,64,Sigmoid,500,0.5,0.3497536945812808,0.5378787878787878,0.08054120000451803
64,0.00025,64,Sigmoid,1000,0.5,0.3497536945812808,0.5378787878787878,0.09198770020157099
64,0.00025,64,GELU,50,0.5,0.3497536945812808,0.5378787878787878,0.08837809995748103
64,0.00025,64,GELU,100,0.5,0.3497536945812808,0.5378787878787878,0.10211089998483658
64,0.00025,64,GELU,300,0.5,0.3497536945812808,0.5378787878787878,0.10672570019960403
64,0.00025,64,GELU,500,0.5,0.3497536945812808,0.5378787878787878,0.09165239986032248
64,0.00025,64,GELU,1000,0.5,0.3497536945812808,0.5378787878787878,0.0875057999510318
64,0.00025,64,Softmax,50,0.5,0.3497536945812808,0.5378787878787878,0.08848139992915094
64,0.00025,64,Softmax,100,0.5,0.3497536945812808,0.5378787878787878,0.06953749991953373
64,0.00025,64,Softmax,300,0.5,0.3497536945812808,0.5378787878787878,0.07118019997142255
64,0.00025,64,Softmax,500,0.5,0.3497536945812808,0.5378787878787878,0.0922664999961853
64,0.00025,64,Softmax,1000,0.5,0.3497536945812808,0.5378787878787878,0.08100239979103208
64,0.00025,128,ReLU,50,0.5,0.3497536945812808,0.5378787878787878,0.07408510008826852
64,0.00025,128,ReLU,100,0.5,0.3497536945812808,0.5378787878787878,0.07335410011000931
64,0.00025,128,ReLU,300,0.5,0.3497536945812808,0.5378787878787878,0.08214210020378232
64,0.00025,128,ReLU,500,0.5,0.3497536945812808,0.5378787878787878,0.0653019999153912
64,0.00025,128,ReLU,1000,0.5,0.3497536945812808,0.5378787878787878,0.07834389992058277
64,0.00025,128,Tanh,50,0.4870699607480951,0.3570931580981832,0.5227272727272727,0.08204629993997514
64,0.00025,128,Tanh,100,0.4870699607480951,0.3570931580981832,0.5227272727272727,0.06782080000266433
64,0.00025,128,Tanh,300,0.4870699607480951,0.3570931580981832,0.5227272727272727,0.08799210004508495
64,0.00025,128,Tanh,500,0.4870699607480951,0.3570931580981832,0.5227272727272727,0.10960139986127615
64,0.00025,128,Tanh,1000,0.4870699607480951,0.3570931580981832,0.5227272727272727,0.10029830015264452
64,0.00025,128,Sigmoid,50,0.5,0.3497536945812808,0.5378787878787878,0.06964059988968074
64,0.00025,128,Sigmoid,100,0.5,0.3497536945812808,0.5378787878787878,0.07802299992181361
64,0.00025,128,Sigmoid,300,0.5,0.3497536945812808,0.5378787878787878,0.06394720007665455
64,0.00025,128,Sigmoid,500,0.5,0.3497536945812808,0.5378787878787878,0.08232149994000793
64,0.00025,128,Sigmoid,1000,0.5,0.3497536945812808,0.5378787878787878,0.06433049985207617
64,0.00025,128,GELU,50,0.5,0.3497536945812808,0.5378787878787878,0.06605120003223419
64,0.00025,128,GELU,100,0.5,0.3497536945812808,0.5378787878787878,0.06755440006963909
64,0.00025,128,GELU,300,0.5,0.3497536945812808,0.5378787878787878,0.06336689996533096
64,0.00025,128,GELU,500,0.5,0.3497536945812808,0.5378787878787878,0.06717590009793639
64,0.00025,128,GELU,1000,0.5,0.3497536945812808,0.5378787878787878,0.060122699942439795
64,0.00025,128,Softmax,50,0.5,0.3497536945812808,0.5378787878787878,0.06879390007816255
64,0.00025,128,Softmax,100,0.5,0.3497536945812808,0.5378787878787878,0.04983540019020438
64,0.00025,128,Softmax,300,0.5,0.3497536945812808,0.5378787878787878,0.03795719984918833
64,0.00025,128,Softmax,500,0.5,0.3497536945812808,0.5378787878787878,0.04312389995902777
64,0.00025,128,Softmax,1000,0.5,0.3497536945812808,0.5378787878787878,0.03669500001706183
128,0.01,8,ReLU,50,0.6484645578388363,0.6464075242573962,0.6590909090909091,0.12412120006047189
128,0.01,8,ReLU,100,0.6484645578388363,0.6464075242573962,0.6590909090909091,0.13943630014546216
128,0.01,8,ReLU,300,0.6484645578388363,0.6464075242573962,0.6590909090909091,0.27367600006982684
128,0.01,8,ReLU,500,0.6484645578388363,0.6464075242573962,0.6590909090909091,0.3595474998001009
128,0.01,8,ReLU,1000,0.6484645578388363,0.6464075242573962,0.6590909090909091,0.31710759992711246
128,0.01,8,Tanh,50,0.6566612791503117,0.6552706552706553,0.6666666666666666,0.2501034999731928
128,0.01,8,Tanh,100,0.6566612791503117,0.6552706552706553,0.6666666666666666,0.2860125000588596
128,0.01,8,Tanh,300,0.6566612791503117,0.6552706552706553,0.6666666666666666,0.29241130012087524
128,0.01,8,Tanh,500,0.6566612791503117,0.6552706552706553,0.6666666666666666,0.3232160999905318
128,0.01,8,Tanh,1000,0.6566612791503117,0.6552706552706553,0.6666666666666666,0.2679793001152575
128,0.01,8,Sigmoid,50,0.6497344724082198,0.6398809523809523,0.6666666666666666,0.2692555000539869
128,0.01,8,Sigmoid,100,0.6497344724082198,0.6398809523809523,0.6666666666666666,0.27682600007392466
128,0.01,8,Sigmoid,300,0.6497344724082198,0.6398809523809523,0.6666666666666666,0.2749838000163436
128,0.01,8,Sigmoid,500,0.6497344724082198,0.6398809523809523,0.6666666666666666,0.2880420000292361
128,0.01,8,Sigmoid,1000,0.6497344724082198,0.6398809523809523,0.6666666666666666,0.32769800000824034
128,0.01,8,GELU,50,0.6484645578388363,0.6464075242573962,0.6590909090909091,0.20771099999547005
128,0.01,8,GELU,100,0.6484645578388363,0.6464075242573962,0.6590909090909091,0.20712539996020496
128,0.01,8,GELU,300,0.6484645578388363,0.6464075242573962,0.6590909090909091,0.1750469000544399
128,0.01,8,GELU,500,0.6484645578388363,0.6464075242573962,0.6590909090909091,0.19097060011699796
128,0.01,8,GELU,1000,0.6484645578388363,0.6464075242573962,0.6590909090909091,0.17956139985471964
128,0.01,8,Softmax,50,0.6497344724082198,0.6398809523809523,0.6666666666666666,0.21686479984782636
128,0.01,8,Softmax,100,0.6497344724082198,0.6398809523809523,0.6666666666666666,0.28743740008212626
128,0.01,8,Softmax,300,0.6497344724082198,0.6398809523809523,0.6666666666666666,0.25328220007941127
128,0.01,8,Softmax,500,0.6497344724082198,0.6398809523809523,0.6666666666666666,0.2262968998402357
128,0.01,8,Softmax,1000,0.6497344724082198,0.6398809523809523,0.6666666666666666,0.22201350005343556
128,0.01,16,ReLU,50,0.6448857076887555,0.6449122807017544,0.6515151515151515,0.13275999994948506
128,0.01,16,ReLU,100,0.6448857076887555,0.6449122807017544,0.6515151515151515,0.13502260018140078
128,0.01,16,ReLU,300,0.6448857076887555,0.6449122807017544,0.6515151515151515,0.13127520005218685
128,0.01,16,ReLU,500,0.6448857076887555,0.6449122807017544,0.6515151515151515,0.14996880013495684
128,0.01,16,ReLU,1000,0.6448857076887555,0.6449122807017544,0.6515151515151515,0.17158049996942282
128,0.01,16,Tanh,50,0.6437312398984069,0.6433270676691729,0.6515151515151515,0.1497026002034545
128,0.01,16,Tanh,100,0.6437312398984069,0.6433270676691729,0.6515151515151515,0.16482229996472597
128,0.01,16,Tanh,300,0.6437312398984069,0.6433270676691729,0.6515151515151515,0.14526310004293919
128,0.01,16,Tanh,500,0.6437312398984069,0.6433270676691729,0.6515151515151515,0.1319587999023497
128,0.01,16,Tanh,1000,0.6437312398984069,0.6433270676691729,0.6515151515151515,0.12644260004162788
128,0.01,16,Sigmoid,50,0.677788039713692,0.6758310871518418,0.6893939393939394,0.15048800013028085
128,0.01,16,Sigmoid,100,0.677788039713692,0.6758310871518418,0.6893939393939394,0.1414177999831736
128,0.01,16,Sigmoid,300,0.677788039713692,0.6758310871518418,0.6893939393939394,0.13304590014740825
128,0.01,16,Sigmoid,500,0.677788039713692,0.6758310871518418,0.6893939393939394,0.13706730003468692
128,0.01,16,Sigmoid,1000,0.677788039713692,0.6758310871518418,0.6893939393939394,0.1451977000106126
128,0.01,16,GELU,50,0.6448857076887555,0.6449122807017544,0.6515151515151515,0.16886949981562793
128,0.01,16,GELU,100,0.6448857076887555,0.6449122807017544,0.6515151515151515,0.1543428001459688
128,0.01,16,GELU,300,0.6448857076887555,0.6449122807017544,0.6515151515151515,0.14730060007423162
128,0.01,16,GELU,500,0.6448857076887555,0.6449122807017544,0.6515151515151515,0.14190409984439611
128,0.01,16,GELU,1000,0.6448857076887555,0.6449122807017544,0.6515151515151515,0.1311025999020785
128,0.01,16,Softmax,50,0.677788039713692,0.6758310871518418,0.6893939393939394,0.1357065001502633
128,0.01,16,Softmax,100,0.677788039713692,0.6758310871518418,0.6893939393939394,0.1344194000121206
128,0.01,16,Softmax,300,0.677788039713692,0.6758310871518418,0.6893939393939394,0.13063380005769432
128,0.01,16,Softmax,500,0.677788039713692,0.6758310871518418,0.6893939393939394,0.13835850008763373
128,0.01,16,Softmax,1000,0.677788039713692,0.6758310871518418,0.6893939393939394,0.1255846000276506
128,0.01,32,ReLU,50,0.6566612791503117,0.6552706552706553,0.6666666666666666,0.07853529998101294
128,0.01,32,ReLU,100,0.6566612791503117,0.6552706552706553,0.6666666666666666,0.07427460001781583
128,0.01,32,ReLU,300,0.6566612791503117,0.6552706552706553,0.6666666666666666,0.06922050006687641
128,0.01,32,ReLU,500,0.6566612791503117,0.6552706552706553,0.6666666666666666,0.0703547999728471
128,0.01,32,ReLU,1000,0.6566612791503117,0.6552706552706553,0.6666666666666666,0.0850863999221474
128,0.01,32,Tanh,50,0.6707457861925652,0.6689754000477669,0.6818181818181818,0.05902659986168146
128,0.01,32,Tanh,100,0.6707457861925652,0.6689754000477669,0.6818181818181818,0.07185920001938939
128,0.01,32,Tanh,300,0.6707457861925652,0.6689754000477669,0.6818181818181818,0.10961410007439554
128,0.01,32,Tanh,500,0.6707457861925652,0.6689754000477669,0.6818181818181818,0.12148720002733171
128,0.01,32,Tanh,1000,0.6707457861925652,0.6689754000477669,0.6818181818181818,0.09225869993679225
128,0.01,32,Sigmoid,50,0.6578157469406604,0.6571428571428571,0.6666666666666666,0.17428739997558296
128,0.01,32,Sigmoid,100,0.6578157469406604,0.6571428571428571,0.6666666666666666,0.1676560000050813
128,0.01,32,Sigmoid,300,0.6578157469406604,0.6571428571428571,0.6666666666666666,0.16696129995398223
128,0.01,32,Sigmoid,500,0.6578157469406604,0.6571428571428571,0.6666666666666666,0.16089170007035136
128,0.01,32,Sigmoid,1000,0.6578157469406604,0.6571428571428571,0.6666666666666666,0.16471590008586645
128,0.01,32,GELU,50,0.6566612791503117,0.6552706552706553,0.6666666666666666,0.12557199993170798
128,0.01,32,GELU,100,0.6566612791503117,0.6552706552706553,0.6666666666666666,0.13792119990102947
128,0.01,32,GELU,300,0.6566612791503117,0.6552706552706553,0.6666666666666666,0.13645060011185706
128,0.01,32,GELU,500,0.6566612791503117,0.6552706552706553,0.6666666666666666,0.1116421998012811
128,0.01,32,GELU,1000,0.6566612791503117,0.6552706552706553,0.6666666666666666,0.1413173999171704
128,0.01,32,Softmax,50,0.6578157469406604,0.6571428571428571,0.6666666666666666,0.1837611999362707
128,0.01,32,Softmax,100,0.6578157469406604,0.6571428571428571,0.6666666666666666,0.1558066001161933
128,0.01,32,Softmax,300,0.6578157469406604,0.6571428571428571,0.6666666666666666,0.1784518000204116
128,0.01,32,Softmax,500,0.6578157469406604,0.6571428571428571,0.6666666666666666,0.1507753999903798
128,0.01,32,Softmax,1000,0.6578157469406604,0.6571428571428571,0.6666666666666666,0.16604820010252297
128,0.01,64,ReLU,50,0.6308012006465019,0.6309412861136998,0.6363636363636364,0.0900556999258697
128,0.01,64,ReLU,100,0.6308012006465019,0.6309412861136998,0.6363636363636364,0.11739500006660819
128,0.01,64,ReLU,300,0.6308012006465019,0.6309412861136998,0.6363636363636364,0.11311169993132353
128,0.01,64,ReLU,500,0.6308012006465019,0.6309412861136998,0.6363636363636364,0.12688819994218647
128,0.01,64,ReLU,1000,0.6308012006465019,0.6309412861136998,0.6363636363636364,0.11071959999389946
128,0.01,64,Tanh,50,0.6907180789655969,0.6872987912288162,0.7045454545454546,0.10157980001531541
128,0.01,64,Tanh,100,0.6907180789655969,0.6872987912288162,0.7045454545454546,0.08026710012927651
128,0.01,64,Tanh,300,0.6907180789655969,0.6872987912288162,0.7045454545454546,0.08704979997128248
128,0.01,64,Tanh,500,0.6907180789655969,0.6872987912288162,0.7045454545454546,0.09858010010793805
128,0.01,64,Tanh,1000,0.6907180789655969,0.6872987912288162,0.7045454545454546,0.10084079997614026
128,0.01,64,Sigmoid,50,0.6415377510967444,0.6300218000622859,0.6590909090909091,0.14638469996862113
128,0.01,64,Sigmoid,100,0.6415377510967444,0.6300218000622859,0.6590909090909091,0.1379663001280278
128,0.01,64,Sigmoid,300,0.6415377510967444,0.6300218000622859,0.6590909090909091,0.1187762999907136
128,0.01,64,Sigmoid,500,0.6415377510967444,0.6300218000622859,0.6590909090909091,0.11281389999203384
128,0.01,64,Sigmoid,1000,0.6415377510967444,0.6300218000622859,0.6590909090909091,0.12110759993083775
128,0.01,64,GELU,50,0.6308012006465019,0.6309412861136998,0.6363636363636364,0.09960529999807477
128,0.01,64,GELU,100,0.6308012006465019,0.6309412861136998,0.6363636363636364,0.11799579998478293
128,0.01,64,GELU,300,0.6308012006465019,0.6309412861136998,0.6363636363636364,0.10448940005153418
128,0.01,64,GELU,500,0.6308012006465019,0.6309412861136998,0.6363636363636364,0.10116089996881783
128,0.01,64,GELU,1000,0.6308012006465019,0.6309412861136998,0.6363636363636364,0.09567419998347759
128,0.01,64,Softmax,50,0.6415377510967444,0.6300218000622859,0.6590909090909091,0.1449631000868976
128,0.01,64,Softmax,100,0.6415377510967444,0.6300218000622859,0.6590909090909091,0.12188469991087914
128,0.01,64,Softmax,300,0.6415377510967444,0.6300218000622859,0.6590909090909091,0.12333279987797141
128,0.01,64,Softmax,500,0.6415377510967444,0.6300218000622859,0.6590909090909091,0.10574609995819628
128,0.01,64,Softmax,1000,0.6415377510967444,0.6300218000622859,0.6590909090909091,0.12425459991209209
128,0.01,128,ReLU,50,0.6249134149157238,0.6251521298174443,0.6287878787878788,0.09325490007176995
128,0.01,128,ReLU,100,0.6249134149157238,0.6251521298174443,0.6287878787878788,0.08218010002747178
128,0.01,128,ReLU,300,0.6249134149157238,0.6251521298174443,0.6287878787878788,0.08158949995413423
128,0.01,128,ReLU,500,0.6249134149157238,0.6251521298174443,0.6287878787878788,0.09198449994437397
128,0.01,128,ReLU,1000,0.6249134149157238,0.6251521298174443,0.6287878787878788,0.08276119991205633
128,0.01,128,Tanh,50,0.6789425075040407,0.6778379665456277,0.6893939393939394,0.08531500003300607
128,0.01,128,Tanh,100,0.6789425075040407,0.6778379665456277,0.6893939393939394,0.10593169997446239
128,0.01,128,Tanh,300,0.6789425075040407,0.6778379665456277,0.6893939393939394,0.13535390002653003
128,0.01,128,Tanh,500,0.6789425075040407,0.6778379665456277,0.6893939393939394,0.08056350005790591
128,0.01,128,Tanh,1000,0.6789425075040407,0.6778379665456277,0.6893939393939394,0.08812199998646975
128,0.01,128,Sigmoid,50,0.5652274301546987,0.5612535612535613,0.5757575757575758,0.13987069996073842
128,0.01,128,Sigmoid,100,0.5652274301546987,0.5612535612535613,0.5757575757575758,0.10294449981302023
128,0.01,128,Sigmoid,300,0.5652274301546987,0.5612535612535613,0.5757575757575758,0.09290749998763204
128,0.01,128,Sigmoid,500,0.5652274301546987,0.5612535612535613,0.5757575757575758,0.09774930006824434
128,0.01,128,Sigmoid,1000,0.5652274301546987,0.5612535612535613,0.5757575757575758,0.10560899996198714
128,0.01,128,GELU,50,0.6249134149157238,0.6251521298174443,0.6287878787878788,0.08070760010741651
128,0.01,128,GELU,100,0.6249134149157238,0.6251521298174443,0.6287878787878788,0.09165610000491142
128,0.01,128,GELU,300,0.6249134149157238,0.6251521298174443,0.6287878787878788,0.09264940000139177
128,0.01,128,GELU,500,0.6249134149157238,0.6251521298174443,0.6287878787878788,0.08136380021460354
128,0.01,128,GELU,1000,0.6249134149157238,0.6251521298174443,0.6287878787878788,0.08307730010710657
128,0.01,128,Softmax,50,0.5652274301546987,0.5612535612535613,0.5757575757575758,0.0914995998609811
128,0.01,128,Softmax,100,0.5652274301546987,0.5612535612535613,0.5757575757575758,0.09399489988572896
128,0.01,128,Softmax,300,0.5652274301546987,0.5612535612535613,0.5757575757575758,0.11380749987438321
128,0.01,128,Softmax,500,0.5652274301546987,0.5612535612535613,0.5757575757575758,0.1168484000954777
128,0.01,128,Softmax,1000,0.5652274301546987,0.5612535612535613,0.5757575757575758,0.12027970002964139
128,0.001,8,ReLU,50,0.5838143615793119,0.5827346399218346,0.5833333333333334,0.2617752000223845
128,0.001,8,ReLU,100,0.5838143615793119,0.5827346399218346,0.5833333333333334,0.2776987999677658
128,0.001,8,ReLU,300,0.5838143615793119,0.5827346399218346,0.5833333333333334,0.29662970011122525
128,0.001,8,ReLU,500,0.5838143615793119,0.5827346399218346,0.5833333333333334,0.2592138999607414
128,0.001,8,ReLU,1000,0.5838143615793119,0.5827346399218346,0.5833333333333334,0.2812514998950064
128,0.001,8,Tanh,50,0.640152389748326,0.64045204288612,0.6439393939393939,0.21254099998623133
128,0.001,8,Tanh,100,0.640152389748326,0.64045204288612,0.6439393939393939,0.17401259997859597
128,0.001,8,Tanh,300,0.640152389748326,0.64045204288612,0.6439393939393939,0.1605980999302119
128,0.001,8,Tanh,500,0.640152389748326,0.64045204288612,0.6439393939393939,0.18282969994470477
128,0.001,8,Tanh,1000,0.640152389748326,0.64045204288612,0.6439393939393939,0.16521189990453422
128,0.001,8,Sigmoid,50,0.633341029785269,0.6200250312891114,0.6515151515151515,0.2824444998987019
128,0.001,8,Sigmoid,100,0.633341029785269,0.6200250312891114,0.6515151515151515,0.2759748001117259
128,0.001,8,Sigmoid,300,0.633341029785269,0.6200250312891114,0.6515151515151515,0.27350240014493465
128,0.001,8,Sigmoid,500,0.633341029785269,0.6200250312891114,0.6515151515151515,0.24860589997842908
128,0.001,8,Sigmoid,1000,0.633341029785269,0.6200250312891114,0.6515151515151515,0.20966629986651242
128,0.001,8,GELU,50,0.5838143615793119,0.5827346399218346,0.5833333333333334,0.23196189990267158
128,0.001,8,GELU,100,0.5838143615793119,0.5827346399218346,0.5833333333333334,0.20482890005223453
128,0.001,8,GELU,300,0.5838143615793119,0.5827346399218346,0.5833333333333334,0.20623539993539453
128,0.001,8,GELU,500,0.5838143615793119,0.5827346399218346,0.5833333333333334,0.21789390011690557
128,0.001,8,GELU,1000,0.5838143615793119,0.5827346399218346,0.5833333333333334,0.2200905999634415
128,0.001,8,Softmax,50,0.633341029785269,0.6200250312891114,0.6515151515151515,0.2672847998328507
128,0.001,8,Softmax,100,0.633341029785269,0.6200250312891114,0.6515151515151515,0.3391569999512285
128,0.001,8,Softmax,300,0.633341029785269,0.6200250312891114,0.6515151515151515,0.36287650000303984
128,0.001,8,Softmax,500,0.633341029785269,0.6200250312891114,0.6515151515151515,0.4901799999643117
128,0.001,8,Softmax,1000,0.633341029785269,0.6200250312891114,0.6515151515151515,0.3595978000666946
128,0.001,16,ReLU,50,0.5696144077580235,0.5580697298545371,0.5606060606060606,0.18364929989911616
128,0.001,16,ReLU,100,0.5696144077580235,0.5580697298545371,0.5606060606060606,0.17601439985446632
128,0.001,16,ReLU,300,0.5696144077580235,0.5580697298545371,0.5606060606060606,0.16997609985992312
128,0.001,16,ReLU,500,0.5696144077580235,0.5580697298545371,0.5606060606060606,0.1984514999203384
128,0.001,16,ReLU,1000,0.5696144077580235,0.5580697298545371,0.5606060606060606,0.2112280000001192
128,0.001,16,Tanh,50,0.658970214731009,0.6588345864661653,0.6666666666666666,0.16452700016088784
128,0.001,16,Tanh,100,0.658970214731009,0.6588345864661653,0.6666666666666666,0.16352760000154376
128,0.001,16,Tanh,300,0.658970214731009,0.6588345864661653,0.6666666666666666,0.15981330000795424
128,0.001,16,Tanh,500,0.658970214731009,0.6588345864661653,0.6666666666666666,0.15313590015284717
128,0.001,16,Tanh,1000,0.658970214731009,0.6588345864661653,0.6666666666666666,0.1463099999818951
128,0.001,16,Sigmoid,50,0.6157931193719696,0.5954022988505747,0.6363636363636364,0.25205050013028085
128,0.001,16,Sigmoid,100,0.6157931193719696,0.5954022988505747,0.6363636363636364,0.22523660003207624
128,0.001,16,Sigmoid,300,0.6157931193719696,0.5954022988505747,0.6363636363636364,0.2881264998577535
128,0.001,16,Sigmoid,500,0.6157931193719696,0.5954022988505747,0.6363636363636364,0.2371399998664856
128,0.001,16,Sigmoid,1000,0.6157931193719696,0.5954022988505747,0.6363636363636364,0.219955800101161
128,0.001,16,GELU,50,0.5696144077580235,0.5580697298545371,0.5606060606060606,0.15734909987077117
128,0.001,16,GELU,100,0.5696144077580235,0.5580697298545371,0.5606060606060606,0.15121679985895753
128,0.001,16,GELU,300,0.5696144077580235,0.5580697298545371,0.5606060606060606,0.15160420001484454
128,0.001,16,GELU,500,0.5696144077580235,0.5580697298545371,0.5606060606060606,0.14409850002266467
128,0.001,16,GELU,1000,0.5696144077580235,0.5580697298545371,0.5606060606060606,0.1564207999035716
128,0.001,16,Softmax,50,0.6157931193719696,0.5954022988505747,0.6363636363636364,0.29798030015081167
128,0.001,16,Softmax,100,0.6157931193719696,0.5954022988505747,0.6363636363636364,0.3022173000499606
128,0.001,16,Softmax,300,0.6157931193719696,0.5954022988505747,0.6363636363636364,0.24603620008565485
128,0.001,16,Softmax,500,0.6157931193719696,0.5954022988505747,0.6363636363636364,0.23072990006767213
128,0.001,16,Softmax,1000,0.6157931193719696,0.5954022988505747,0.6363636363636364,0.2260420999955386
128,0.001,32,ReLU,50,0.5190487185407526,0.47644230769230766,0.5,0.14105529990047216
128,0.001,32,ReLU,100,0.5190487185407526,0.47644230769230766,0.5,0.1772859999909997
128,0.001,32,ReLU,300,0.5190487185407526,0.47644230769230766,0.5,0.18537979992106557
128,0.001,32,ReLU,500,0.5190487185407526,0.47644230769230766,0.5,0.16433239984326065
128,0.001,32,ReLU,1000,0.5190487185407526,0.47644230769230766,0.5,0.17138459999114275
128,0.001,32,Tanh,50,0.6037866543523436,0.6037866543523436,0.6060606060606061,0.11180990003049374
128,0.001,32,Tanh,100,0.6037866543523436,0.6037866543523436,0.6060606060606061,0.12476840009912848
128,0.001,32,Tanh,300,0.6037866543523436,0.6037866543523436,0.6060606060606061,0.11249929992482066
128,0.001,32,Tanh,500,0.6037866543523436,0.6037866543523436,0.6060606060606061,0.10893199988640845
128,0.001,32,Tanh,1000,0.6037866543523436,0.6037866543523436,0.6060606060606061,0.12189959990791976
128,0.001,32,Sigmoid,50,0.5277072269683676,0.523409292690145,0.5378787878787878,0.13460609992034733
128,0.001,32,Sigmoid,100,0.5277072269683676,0.523409292690145,0.5378787878787878,0.12774579995311797
128,0.001,32,Sigmoid,300,0.5277072269683676,0.523409292690145,0.5378787878787878,0.1258946000598371
128,0.001,32,Sigmoid,500,0.5277072269683676,0.523409292690145,0.5378787878787878,0.16432400001212955
128,0.001,32,Sigmoid,1000,0.5277072269683676,0.523409292690145,0.5378787878787878,0.19092490011826158
128,0.001,32,GELU,50,0.5190487185407526,0.47644230769230766,0.5,0.17465590010397136
128,0.001,32,GELU,100,0.5190487185407526,0.47644230769230766,0.5,0.1626454999204725
128,0.001,32,GELU,300,0.5190487185407526,0.47644230769230766,0.5,0.1533011000137776
128,0.001,32,GELU,500,0.5190487185407526,0.47644230769230766,0.5,0.1441894001327455
128,0.001,32,GELU,1000,0.5190487185407526,0.47644230769230766,0.5,0.14351040008477867
128,0.001,32,Softmax,50,0.5277072269683676,0.523409292690145,0.5378787878787878,0.13248699996620417
128,0.001,32,Softmax,100,0.5277072269683676,0.523409292690145,0.5378787878787878,0.13102780003100634
128,0.001,32,Softmax,300,0.5277072269683676,0.523409292690145,0.5378787878787878,0.11738800001330674
128,0.001,32,Softmax,500,0.5277072269683676,0.523409292690145,0.5378787878787878,0.11812309990637004
128,0.001,32,Softmax,1000,0.5277072269683676,0.523409292690145,0.5378787878787878,0.1158676000777632
128,0.001,64,ReLU,50,0.502539829138767,0.42727787209960383,0.4772727272727273,0.11670679994858801
128,0.001,64,ReLU,100,0.502539829138767,0.42727787209960383,0.4772727272727273,0.10048729996196926
128,0.001,64,ReLU,300,0.502539829138767,0.42727787209960383,0.4772727272727273,0.10882889991626143
128,0.001,64,ReLU,500,0.502539829138767,0.42727787209960383,0.4772727272727273,0.10481649986468256
128,0.001,64,ReLU,1000,0.502539829138767,0.42727787209960383,0.4772727272727273,0.09917509998194873
128,0.001,64,Tanh,50,0.5615331332255831,0.5602022058823529,0.5606060606060606,0.07949939998798072
128,0.001,64,Tanh,100,0.5615331332255831,0.5602022058823529,0.5606060606060606,0.0849802999291569
128,0.001,64,Tanh,300,0.5615331332255831,0.5602022058823529,0.5606060606060606,0.08481110003776848
128,0.001,64,Tanh,500,0.5615331332255831,0.5602022058823529,0.5606060606060606,0.07351340004242957
128,0.001,64,Tanh,1000,0.5615331332255831,0.5602022058823529,0.5606060606060606,0.08637089980766177
128,0.001,64,Sigmoid,50,0.49191872546755944,0.3840289188301019,0.4621212121212121,0.05120139988139272
128,0.001,64,Sigmoid,100,0.49191872546755944,0.3840289188301019,0.4621212121212121,0.04838620009832084
128,0.001,64,Sigmoid,300,0.49191872546755944,0.3840289188301019,0.4621212121212121,0.048515599919483066
128,0.001,64,Sigmoid,500,0.49191872546755944,0.3840289188301019,0.4621212121212121,0.054857300128787756
128,0.001,64,Sigmoid,1000,0.49191872546755944,0.3840289188301019,0.4621212121212121,0.06185620022006333
128,0.001,64,GELU,50,0.502539829138767,0.42727787209960383,0.4772727272727273,0.09622840001247823
128,0.001,64,GELU,100,0.502539829138767,0.42727787209960383,0.4772727272727273,0.0922050999943167
128,0.001,64,GELU,300,0.502539829138767,0.42727787209960383,0.4772727272727273,0.09192649996839464
128,0.001,64,GELU,500,0.502539829138767,0.42727787209960383,0.4772727272727273,0.09314299980178475
128,0.001,64,GELU,1000,0.502539829138767,0.42727787209960383,0.4772727272727273,0.1056101000867784
128,0.001,64,Softmax,50,0.49191872546755944,0.3840289188301019,0.4621212121212121,0.06411489984020591
128,0.001,64,Softmax,100,0.49191872546755944,0.3840289188301019,0.4621212121212121,0.0495253000408411
128,0.001,64,Softmax,300,0.49191872546755944,0.3840289188301019,0.4621212121212121,0.04721809993498027
128,0.001,64,Softmax,500,0.49191872546755944,0.3840289188301019,0.4621212121212121,0.0471284999512136
128,0.001,64,Softmax,1000,0.49191872546755944,0.3840289188301019,0.4621212121212121,0.048009000020101666
128,0.001,128,ReLU,50,0.5106211036712075,0.37680465275401986,0.4772727272727273,0.07050159992650151
128,0.001,128,ReLU,100,0.5106211036712075,0.37680465275401986,0.4772727272727273,0.0716829001903534
128,0.001,128,ReLU,300,0.5106211036712075,0.37680465275401986,0.4772727272727273,0.0732555000577122
128,0.001,128,ReLU,500,0.5106211036712075,0.37680465275401986,0.4772727272727273,0.0663506998680532
128,0.001,128,ReLU,1000,0.5106211036712075,0.37680465275401986,0.4772727272727273,0.06725510000251234
128,0.001,128,Tanh,50,0.4991918725467559,0.4727443609022557,0.48484848484848486,0.09570890013128519
128,0.001,128,Tanh,100,0.4991918725467559,0.4727443609022557,0.48484848484848486,0.10844450001604855
128,0.001,128,Tanh,300,0.4991918725467559,0.4727443609022557,0.48484848484848486,0.10156990005634725
128,0.001,128,Tanh,500,0.4991918725467559,0.4727443609022557,0.48484848484848486,0.10045700008049607
128,0.001,128,Tanh,1000,0.4991918725467559,0.4727443609022557,0.48484848484848486,0.10888389986939728
128,0.001,128,Sigmoid,50,0.49191872546755944,0.3840289188301019,0.4621212121212121,0.09299220005050302
128,0.001,128,Sigmoid,100,0.49191872546755944,0.3840289188301019,0.4621212121212121,0.09719259990379214
128,0.001,128,Sigmoid,300,0.49191872546755944,0.3840289188301019,0.4621212121212121,0.08084229985252023
128,0.001,128,Sigmoid,500,0.49191872546755944,0.3840289188301019,0.4621212121212121,0.0782959999050945
128,0.001,128,Sigmoid,1000,0.49191872546755944,0.3840289188301019,0.4621212121212121,0.0804649000056088
128,0.001,128,GELU,50,0.5106211036712075,0.37680465275401986,0.4772727272727273,0.11930829985067248
128,0.001,128,GELU,100,0.5106211036712075,0.37680465275401986,0.4772727272727273,0.11088289995677769
128,0.001,128,GELU,300,0.5106211036712075,0.37680465275401986,0.4772727272727273,0.11770450021140277
128,0.001,128,GELU,500,0.5106211036712075,0.37680465275401986,0.4772727272727273,0.09066460002213717
128,0.001,128,GELU,1000,0.5106211036712075,0.37680465275401986,0.4772727272727273,0.1142452999483794
128,0.001,128,Softmax,50,0.49191872546755944,0.3840289188301019,0.4621212121212121,0.08674439997412264
128,0.001,128,Softmax,100,0.49191872546755944,0.3840289188301019,0.4621212121212121,0.0746573000214994
128,0.001,128,Softmax,300,0.49191872546755944,0.3840289188301019,0.4621212121212121,0.07571449992246926
128,0.001,128,Softmax,500,0.49191872546755944,0.3840289188301019,0.4621212121212121,0.07952890009619296
128,0.001,128,Softmax,1000,0.49191872546755944,0.3840289188301019,0.4621212121212121,0.07297590002417564
128,0.0001,8,ReLU,50,0.5,0.3160621761658031,0.4621212121212121,0.2418529000133276
128,0.0001,8,ReLU,100,0.5,0.3160621761658031,0.4621212121212121,0.20808549993671477
128,0.0001,8,ReLU,300,0.5,0.3160621761658031,0.4621212121212121,0.2174535000231117
128,0.0001,8,ReLU,500,0.5,0.3160621761658031,0.4621212121212121,0.18600510014221072
128,0.0001,8,ReLU,1000,0.5,0.3160621761658031,0.4621212121212121,0.19043740001507103
128,0.0001,8,Tanh,50,0.52135765412145,0.468780487804878,0.5,0.36202050000429153
128,0.0001,8,Tanh,100,0.52135765412145,0.468780487804878,0.5,0.3700568999629468
128,0.0001,8,Tanh,300,0.52135765412145,0.468780487804878,0.5,0.44832810014486313
128,0.0001,8,Tanh,500,0.52135765412145,0.468780487804878,0.5,0.3732374000828713
128,0.0001,8,Tanh,1000,0.52135765412145,0.468780487804878,0.5,0.32195369992405176
128,0.0001,8,Sigmoid,50,0.5425998614638652,0.5232991612301957,0.5303030303030303,0.2400929001159966
128,0.0001,8,Sigmoid,100,0.5425998614638652,0.5232991612301957,0.5303030303030303,0.2855545000638813
128,0.0001,8,Sigmoid,300,0.5425998614638652,0.5232991612301957,0.5303030303030303,0.26246860018000007
128,0.0001,8,Sigmoid,500,0.5425998614638652,0.5232991612301957,0.5303030303030303,0.23692990001291037
128,0.0001,8,Sigmoid,1000,0.5425998614638652,0.5232991612301957,0.5303030303030303,0.22127579990774393
128,0.0001,8,GELU,50,0.5,0.3160621761658031,0.4621212121212121,0.15836669993586838
128,0.0001,8,GELU,100,0.5,0.3160621761658031,0.4621212121212121,0.16204160009510815
128,0.0001,8,GELU,300,0.5,0.3160621761658031,0.4621212121212121,0.16681369999423623
128,0.0001,8,GELU,500,0.5,0.3160621761658031,0.4621212121212121,0.1684469000902027
128,0.0001,8,GELU,1000,0.5,0.3160621761658031,0.4621212121212121,0.18659749999642372
128,0.0001,8,Softmax,50,0.5425998614638652,0.5232991612301957,0.5303030303030303,0.2683405000716448
128,0.0001,8,Softmax,100,0.5425998614638652,0.5232991612301957,0.5303030303030303,0.2356554998550564
128,0.0001,8,Softmax,300,0.5425998614638652,0.5232991612301957,0.5303030303030303,0.227568699978292
128,0.0001,8,Softmax,500,0.5425998614638652,0.5232991612301957,0.5303030303030303,0.2367573999799788
128,0.0001,8,Softmax,1000,0.5425998614638652,0.5232991612301957,0.5303030303030303,0.22618160001002252
128,0.0001,16,ReLU,50,0.5,0.3160621761658031,0.4621212121212121,0.10263220011256635
128,0.0001,16,ReLU,100,0.5,0.3160621761658031,0.4621212121212121,0.1035096999257803
128,0.0001,16,ReLU,300,0.5,0.3160621761658031,0.4621212121212121,0.13262800010852516
128,0.0001,16,ReLU,500,0.5,0.3160621761658031,0.4621212121212121,0.1463736998848617
128,0.0001,16,ReLU,1000,0.5,0.3160621761658031,0.4621212121212121,0.1303205001167953
128,0.0001,16,Tanh,50,0.5001154467790349,0.3888888888888889,0.4696969696969697,0.23874430009163916
128,0.0001,16,Tanh,100,0.5001154467790349,0.3888888888888889,0.4696969696969697,0.23537600017152727
128,0.0001,16,Tanh,300,0.5001154467790349,0.3888888888888889,0.4696969696969697,0.21513119991868734
128,0.0001,16,Tanh,500,0.5001154467790349,0.3888888888888889,0.4696969696969697,0.20593530009500682
128,0.0001,16,Tanh,1000,0.5001154467790349,0.3888888888888889,0.4696969696969697,0.23204470006749034
128,0.0001,16,Sigmoid,50,0.5412145001154468,0.4661274014155713,0.5151515151515151,0.17351450002752244
128,0.0001,16,Sigmoid,100,0.5412145001154468,0.4661274014155713,0.5151515151515151,0.15944440010935068
128,0.0001,16,Sigmoid,300,0.5412145001154468,0.4661274014155713,0.5151515151515151,0.1494392000604421
128,0.0001,16,Sigmoid,500,0.5412145001154468,0.4661274014155713,0.5151515151515151,0.14971720008179545
128,0.0001,16,Sigmoid,1000,0.5412145001154468,0.4661274014155713,0.5151515151515151,0.13633919996209443
128,0.0001,16,GELU,50,0.5,0.3160621761658031,0.4621212121212121,0.09842159994877875
128,0.0001,16,GELU,100,0.5,0.3160621761658031,0.4621212121212121,0.08783759991638362
128,0.0001,16,GELU,300,0.5,0.3160621761658031,0.4621212121212121,0.08631039992906153
128,0.0001,16,GELU,500,0.5,0.3160621761658031,0.4621212121212121,0.08514770003966987
128,0.0001,16,GELU,1000,0.5,0.3160621761658031,0.4621212121212121,0.08504340006038547
128,0.0001,16,Softmax,50,0.5412145001154468,0.4661274014155713,0.5151515151515151,0.12606650008819997
128,0.0001,16,Softmax,100,0.5412145001154468,0.4661274014155713,0.5151515151515151,0.11579269985668361
128,0.0001,16,Softmax,300,0.5412145001154468,0.4661274014155713,0.5151515151515151,0.1266059000045061
128,0.0001,16,Softmax,500,0.5412145001154468,0.4661274014155713,0.5151515151515151,0.12565680011175573
128,0.0001,16,Softmax,1000,0.5412145001154468,0.4661274014155713,0.5151515151515151,0.13139850017614663
128,0.0001,32,ReLU,50,0.5,0.3160621761658031,0.4621212121212121,0.06891039991751313
128,0.0001,32,ReLU,100,0.5,0.3160621761658031,0.4621212121212121,0.06129129999317229
128,0.0001,32,ReLU,300,0.5,0.3160621761658031,0.4621212121212121,0.06074109999462962
128,0.0001,32,ReLU,500,0.5,0.3160621761658031,0.4621212121212121,0.07415649993345141
128,0.0001,32,ReLU,1000,0.5,0.3160621761658031,0.4621212121212121,0.07338900002650917
128,0.0001,32,Tanh,50,0.5,0.3160621761658031,0.4621212121212121,0.08960830001160502
128,0.0001,32,Tanh,100,0.5,0.3160621761658031,0.4621212121212121,0.05798339983448386
128,0.0001,32,Tanh,300,0.5,0.3160621761658031,0.4621212121212121,0.08331330004148185
128,0.0001,32,Tanh,500,0.5,0.3160621761658031,0.4621212121212121,0.07320889993570745
128,0.0001,32,Tanh,1000,0.5,0.3160621761658031,0.4621212121212121,0.0731925000436604
128,0.0001,32,Sigmoid,50,0.5,0.3160621761658031,0.4621212121212121,0.06290410016663373
128,0.0001,32,Sigmoid,100,0.5,0.3160621761658031,0.4621212121212121,0.05787200015038252
128,0.0001,32,Sigmoid,300,0.5,0.3160621761658031,0.4621212121212121,0.05737340007908642
128,0.0001,32,Sigmoid,500,0.5,0.3160621761658031,0.4621212121212121,0.09972050017677248
128,0.0001,32,Sigmoid,1000,0.5,0.3160621761658031,0.4621212121212121,0.11868299986235797
128,0.0001,32,GELU,50,0.5,0.3160621761658031,0.4621212121212121,0.13627679995261133
128,0.0001,32,GELU,100,0.5,0.3160621761658031,0.4621212121212121,0.11618919996544719
128,0.0001,32,GELU,300,0.5,0.3160621761658031,0.4621212121212121,0.1274832000490278
128,0.0001,32,GELU,500,0.5,0.3160621761658031,0.4621212121212121,0.1271455001551658
128,0.0001,32,GELU,1000,0.5,0.3160621761658031,0.4621212121212121,0.11910489993169904
128,0.0001,32,Softmax,50,0.5,0.3160621761658031,0.4621212121212121,0.10842960001900792
128,0.0001,32,Softmax,100,0.5,0.3160621761658031,0.4621212121212121,0.10600950010120869
128,0.0001,32,Softmax,300,0.5,0.3160621761658031,0.4621212121212121,0.08781210007146001
128,0.0001,32,Softmax,500,0.5,0.3160621761658031,0.4621212121212121,0.09439550014212728
128,0.0001,32,Softmax,1000,0.5,0.3160621761658031,0.4621212121212121,0.09280420001596212
128,0.0001,64,ReLU,50,0.5,0.3160621761658031,0.4621212121212121,0.0853110000025481
128,0.0001,64,ReLU,100,0.5,0.3160621761658031,0.4621212121212121,0.08320490014739335
128,0.0001,64,ReLU,300,0.5,0.3160621761658031,0.4621212121212121,0.07799070002511144
128,0.0001,64,ReLU,500,0.5,0.3160621761658031,0.4621212121212121,0.09492120007053018
128,0.0001,64,ReLU,1000,0.5,0.3160621761658031,0.4621212121212121,0.08372979983687401
128,0.0001,64,Tanh,50,0.5,0.3160621761658031,0.4621212121212121,0.09774690004996955
128,0.0001,64,Tanh,100,0.5,0.3160621761658031,0.4621212121212121,0.10213980008848011
128,0.0001,64,Tanh,300,0.5,0.3160621761658031,0.4621212121212121,0.11049780016764998
128,0.0001,64,Tanh,500,0.5,0.3160621761658031,0.4621212121212121,0.09948160010389984
128,0.0001,64,Tanh,1000,0.5,0.3160621761658031,0.4621212121212121,0.09817679994739592
128,0.0001,64,Sigmoid,50,0.5,0.3160621761658031,0.4621212121212121,0.0938697000965476
128,0.0001,64,Sigmoid,100,0.5,0.3160621761658031,0.4621212121212121,0.10541100008413196
128,0.0001,64,Sigmoid,300,0.5,0.3160621761658031,0.4621212121212121,0.0832670999225229
128,0.0001,64,Sigmoid,500,0.5,0.3160621761658031,0.4621212121212121,0.07236299989745021
128,0.0001,64,Sigmoid,1000,0.5,0.3160621761658031,0.4621212121212121,0.0858370999339968
128,0.0001,64,GELU,50,0.5,0.3160621761658031,0.4621212121212121,0.08482460002414882
128,0.0001,64,GELU,100,0.5,0.3160621761658031,0.4621212121212121,0.08231410011649132
128,0.0001,64,GELU,300,0.5,0.3160621761658031,0.4621212121212121,0.08685060008428991
128,0.0001,64,GELU,500,0.5,0.3160621761658031,0.4621212121212121,0.0820092000067234
128,0.0001,64,GELU,1000,0.5,0.3160621761658031,0.4621212121212121,0.08045440004207194
128,0.0001,64,Softmax,50,0.5,0.3160621761658031,0.4621212121212121,0.10431650001555681
128,0.0001,64,Softmax,100,0.5,0.3160621761658031,0.4621212121212121,0.099950100062415
128,0.0001,64,Softmax,300,0.5,0.3160621761658031,0.4621212121212121,0.09581550001166761
128,0.0001,64,Softmax,500,0.5,0.3160621761658031,0.4621212121212121,0.09827390010468662
128,0.0001,64,Softmax,1000,0.5,0.3160621761658031,0.4621212121212121,0.11320220003835857
128,0.0001,128,ReLU,50,0.5,0.3160621761658031,0.4621212121212121,0.08878120011650026
128,0.0001,128,ReLU,100,0.5,0.3160621761658031,0.4621212121212121,0.06815749988891184
128,0.0001,128,ReLU,300,0.5,0.3160621761658031,0.4621212121212121,0.07725189998745918
128,0.0001,128,ReLU,500,0.5,0.3160621761658031,0.4621212121212121,0.08367169997654855
128,0.0001,128,ReLU,1000,0.5,0.3160621761658031,0.4621212121212121,0.07674260018393397
128,0.0001,128,Tanh,50,0.5,0.3160621761658031,0.4621212121212121,0.07292209984734654
128,0.0001,128,Tanh,100,0.5,0.3160621761658031,0.4621212121212121,0.08125749998725951
128,0.0001,128,Tanh,300,0.5,0.3160621761658031,0.4621212121212121,0.07155230012722313
128,0.0001,128,Tanh,500,0.5,0.3160621761658031,0.4621212121212121,0.06961839995346963
128,0.0001,128,Tanh,1000,0.5,0.3160621761658031,0.4621212121212121,0.07564870011992753
128,0.0001,128,Sigmoid,50,0.5,0.3160621761658031,0.4621212121212121,0.07974510011263192
128,0.0001,128,Sigmoid,100,0.5,0.3160621761658031,0.4621212121212121,0.0699423998594284
128,0.0001,128,Sigmoid,300,0.5,0.3160621761658031,0.4621212121212121,0.08047579997219145
128,0.0001,128,Sigmoid,500,0.5,0.3160621761658031,0.4621212121212121,0.08023159997537732
128,0.0001,128,Sigmoid,1000,0.5,0.3160621761658031,0.4621212121212121,0.04647789988666773
128,0.0001,128,GELU,50,0.5,0.3160621761658031,0.4621212121212121,0.055513700004667044
128,0.0001,128,GELU,100,0.5,0.3160621761658031,0.4621212121212121,0.049029899993911386
128,0.0001,128,GELU,300,0.5,0.3160621761658031,0.4621212121212121,0.04843800002709031
128,0.0001,128,GELU,500,0.5,0.3160621761658031,0.4621212121212121,0.04872580012306571
128,0.0001,128,GELU,1000,0.5,0.3160621761658031,0.4621212121212121,0.10098260012455285
128,0.0001,128,Softmax,50,0.5,0.3160621761658031,0.4621212121212121,0.09290869999676943
128,0.0001,128,Softmax,100,0.5,0.3160621761658031,0.4621212121212121,0.07363710016943514
128,0.0001,128,Softmax,300,0.5,0.3160621761658031,0.4621212121212121,0.08631690009497106
128,0.0001,128,Softmax,500,0.5,0.3160621761658031,0.4621212121212121,0.08279080013744533
128,0.0001,128,Softmax,1000,0.5,0.3160621761658031,0.4621212121212121,0.09132779994979501
128,0.00025,8,ReLU,50,0.5130454860309397,0.42045454545454547,0.48484848484848486,0.36420619999989867
128,0.00025,8,ReLU,100,0.5130454860309397,0.42045454545454547,0.48484848484848486,0.3212965000420809
128,0.00025,8,ReLU,300,0.5130454860309397,0.42045454545454547,0.48484848484848486,0.3169034000020474
128,0.00025,8,ReLU,500,0.5130454860309397,0.42045454545454547,0.48484848484848486,0.4277234999462962
128,0.00025,8,ReLU,1000,0.5130454860309397,0.42045454545454547,0.48484848484848486,0.32310070004314184
128,0.00025,8,Tanh,50,0.574347725698453,0.5675613541008104,0.5681818181818182,0.26778410002589226
128,0.00025,8,Tanh,100,0.574347725698453,0.5675613541008104,0.5681818181818182,0.29253660002723336
128,0.00025,8,Tanh,300,0.574347725698453,0.5675613541008104,0.5681818181818182,0.290375400101766
128,0.00025,8,Tanh,500,0.574347725698453,0.5675613541008104,0.5681818181818182,0.3587921999860555
128,0.00025,8,Tanh,1000,0.574347725698453,0.5675613541008104,0.5681818181818182,0.29109650012105703
128,0.00025,8,Sigmoid,50,0.5036942969291156,0.42145715556120183,0.4772727272727273,0.2039844999089837
128,0.00025,8,Sigmoid,100,0.5036942969291156,0.42145715556120183,0.4772727272727273,0.20002530002966523
128,0.00025,8,Sigmoid,300,0.5036942969291156,0.42145715556120183,0.4772727272727273,0.22255970002152026
128,0.00025,8,Sigmoid,500,0.5036942969291156,0.42145715556120183,0.4772727272727273,0.2784504999872297
128,0.00025,8,Sigmoid,1000,0.5036942969291156,0.42145715556120183,0.4772727272727273,0.2961238999851048
128,0.00025,8,GELU,50,0.5130454860309397,0.42045454545454547,0.48484848484848486,0.37873739982023835
128,0.00025,8,GELU,100,0.5130454860309397,0.42045454545454547,0.48484848484848486,0.3152195999864489
128,0.00025,8,GELU,300,0.5130454860309397,0.42045454545454547,0.48484848484848486,0.38079739990644157
128,0.00025,8,GELU,500,0.5130454860309397,0.42045454545454547,0.48484848484848486,0.3536706999875605
128,0.00025,8,GELU,1000,0.5130454860309397,0.42045454545454547,0.48484848484848486,0.40561739983968437
128,0.00025,8,Softmax,50,0.5036942969291156,0.42145715556120183,0.4772727272727273,0.24948260001838207
128,0.00025,8,Softmax,100,0.5036942969291156,0.42145715556120183,0.4772727272727273,0.254497499903664
128,0.00025,8,Softmax,300,0.5036942969291156,0.42145715556120183,0.4772727272727273,0.21177570009604096
128,0.00025,8,Softmax,500,0.5036942969291156,0.42145715556120183,0.4772727272727273,0.19017950003035367
128,0.00025,8,Softmax,1000,0.5036942969291156,0.42145715556120183,0.4772727272727273,0.2118201998528093
128,0.00025,16,ReLU,50,0.4918032786885246,0.3125,0.45454545454545453,0.13534110016189516
128,0.00025,16,ReLU,100,0.4918032786885246,0.3125,0.45454545454545453,0.13537500007078052
128,0.00025,16,ReLU,300,0.4918032786885246,0.3125,0.45454545454545453,0.13613169989548624
128,0.00025,16,ReLU,500,0.4918032786885246,0.3125,0.45454545454545453,0.12970249983482063
128,0.00025,16,ReLU,1000,0.4918032786885246,0.3125,0.45454545454545453,0.14033550000749528
128,0.00025,16,Tanh,50,0.5602632186561994,0.5517697841726619,0.553030303030303,0.15285789989866316
128,0.00025,16,Tanh,100,0.5602632186561994,0.5517697841726619,0.553030303030303,0.14882640005089343
128,0.00025,16,Tanh,300,0.5602632186561994,0.5517697841726619,0.553030303030303,0.14560579997487366
128,0.00025,16,Tanh,500,0.5602632186561994,0.5517697841726619,0.553030303030303,0.14598929998464882
128,0.00025,16,Tanh,1000,0.5602632186561994,0.5517697841726619,0.553030303030303,0.15237819985486567
128,0.00025,16,Sigmoid,50,0.4942276610482568,0.36773932402347703,0.4621212121212121,0.10194700001738966
128,0.00025,16,Sigmoid,100,0.4942276610482568,0.36773932402347703,0.4621212121212121,0.1104338001459837
128,0.00025,16,Sigmoid,300,0.4942276610482568,0.36773932402347703,0.4621212121212121,0.10437790001742542
128,0.00025,16,Sigmoid,500,0.4942276610482568,0.36773932402347703,0.4621212121212121,0.10429089982062578
128,0.00025,16,Sigmoid,1000,0.4942276610482568,0.36773932402347703,0.4621212121212121,0.09472849988378584
128,0.00025,16,GELU,50,0.4918032786885246,0.3125,0.45454545454545453,0.11575420014560223
128,0.00025,16,GELU,100,0.4918032786885246,0.3125,0.45454545454545453,0.11157920002005994
128,0.00025,16,GELU,300,0.4918032786885246,0.3125,0.45454545454545453,0.09703529998660088
128,0.00025,16,GELU,500,0.4918032786885246,0.3125,0.45454545454545453,0.16029500006698072
128,0.00025,16,GELU,1000,0.4918032786885246,0.3125,0.45454545454545453,0.1615325000602752
128,0.00025,16,Softmax,50,0.4942276610482568,0.36773932402347703,0.4621212121212121,0.11917710001580417
128,0.00025,16,Softmax,100,0.4942276610482568,0.36773932402347703,0.4621212121212121,0.153245999943465
128,0.00025,16,Softmax,300,0.4942276610482568,0.36773932402347703,0.4621212121212121,0.13673680019564927
128,0.00025,16,Softmax,500,0.4942276610482568,0.36773932402347703,0.4621212121212121,0.18237329996190965
128,0.00025,16,Softmax,1000,0.4942276610482568,0.36773932402347703,0.4621212121212121,0.17047859984450042
128,0.00025,32,ReLU,50,0.5,0.3160621761658031,0.4621212121212121,0.12107930006459355
128,0.00025,32,ReLU,100,0.5,0.3160621761658031,0.4621212121212121,0.11592040001414716
128,0.00025,32,ReLU,300,0.5,0.3160621761658031,0.4621212121212121,0.10443389997817576
128,0.00025,32,ReLU,500,0.5,0.3160621761658031,0.4621212121212121,0.10246690013445914
128,0.00025,32,ReLU,1000,0.5,0.3160621761658031,0.4621212121212121,0.09454229986295104
128,0.00025,32,Tanh,50,0.5131609328099745,0.4627953592905303,0.49242424242424243,0.17116970010101795
128,0.00025,32,Tanh,100,0.5131609328099745,0.4627953592905303,0.49242424242424243,0.1660802001133561
128,0.00025,32,Tanh,300,0.5131609328099745,0.4627953592905303,0.49242424242424243,0.17411860008724034
128,0.00025,32,Tanh,500,0.5131609328099745,0.4627953592905303,0.49242424242424243,0.14635850000195205
128,0.00025,32,Tanh,1000,0.5131609328099745,0.4627953592905303,0.49242424242424243,0.2308304999023676
128,0.00025,32,Sigmoid,50,0.49538212883860544,0.3587410195005132,0.4621212121212121,0.13214889983646572
128,0.00025,32,Sigmoid,100,0.49538212883860544,0.3587410195005132,0.4621212121212121,0.11513780010864139
128,0.00025,32,Sigmoid,300,0.49538212883860544,0.3587410195005132,0.4621212121212121,0.09569950005970895
128,0.00025,32,Sigmoid,500,0.49538212883860544,0.3587410195005132,0.4621212121212121,0.11914340010844171
128,0.00025,32,Sigmoid,1000,0.49538212883860544,0.3587410195005132,0.4621212121212121,0.09313739999197423
128,0.00025,32,GELU,50,0.5,0.3160621761658031,0.4621212121212121,0.09483259986154735
128,0.00025,32,GELU,100,0.5,0.3160621761658031,0.4621212121212121,0.09854410006664693
128,0.00025,32,GELU,300,0.5,0.3160621761658031,0.4621212121212121,0.1119005000218749
128,0.00025,32,GELU,500,0.5,0.3160621761658031,0.4621212121212121,0.11123159993439913
128,0.00025,32,GELU,1000,0.5,0.3160621761658031,0.4621212121212121,0.09821449988521636
128,0.00025,32,Softmax,50,0.49538212883860544,0.3587410195005132,0.4621212121212121,0.11756739998236299
128,0.00025,32,Softmax,100,0.49538212883860544,0.3587410195005132,0.4621212121212121,0.10228280001319945
128,0.00025,32,Softmax,300,0.49538212883860544,0.3587410195005132,0.4621212121212121,0.10391320008784533
128,0.00025,32,Softmax,500,0.49538212883860544,0.3587410195005132,0.4621212121212121,0.12658539996482432
128,0.00025,32,Softmax,1000,0.49538212883860544,0.3587410195005132,0.4621212121212121,0.12288859998807311
128,0.00025,64,ReLU,50,0.5,0.3160621761658031,0.4621212121212121,0.09678640007041395
128,0.00025,64,ReLU,100,0.5,0.3160621761658031,0.4621212121212121,0.09983230009675026
128,0.00025,64,ReLU,300,0.5,0.3160621761658031,0.4621212121212121,0.09204520005732775
128,0.00025,64,ReLU,500,0.5,0.3160621761658031,0.4621212121212121,0.08971749991178513
128,0.00025,64,ReLU,1000,0.5,0.3160621761658031,0.4621212121212121,0.08223759988322854
128,0.00025,64,Tanh,50,0.4861463865158162,0.41625661787605106,0.4621212121212121,0.11879190010949969
128,0.00025,64,Tanh,100,0.4861463865158162,0.41625661787605106,0.4621212121212121,0.1135521000251174
128,0.00025,64,Tanh,300,0.4861463865158162,0.41625661787605106,0.4621212121212121,0.13638639985583723
128,0.00025,64,Tanh,500,0.4861463865158162,0.41625661787605106,0.4621212121212121,0.1331265999469906
128,0.00025,64,Tanh,1000,0.4861463865158162,0.41625661787605106,0.4621212121212121,0.11926800012588501
128,0.00025,64,Sigmoid,50,0.4567074578619256,0.31847826086956527,0.42424242424242425,0.09278660011477768
128,0.00025,64,Sigmoid,100,0.4567074578619256,0.31847826086956527,0.42424242424242425,0.10591730009764433
128,0.00025,64,Sigmoid,300,0.4567074578619256,0.31847826086956527,0.42424242424242425,0.11551710008643568
128,0.00025,64,Sigmoid,500,0.4567074578619256,0.31847826086956527,0.42424242424242425,0.12558739981614053
128,0.00025,64,Sigmoid,1000,0.4567074578619256,0.31847826086956527,0.42424242424242425,0.13318419991992414
128,0.00025,64,GELU,50,0.5,0.3160621761658031,0.4621212121212121,0.09763469989411533
128,0.00025,64,GELU,100,0.5,0.3160621761658031,0.4621212121212121,0.08730620006099343
128,0.00025,64,GELU,300,0.5,0.3160621761658031,0.4621212121212121,0.0866505999583751
128,0.00025,64,GELU,500,0.5,0.3160621761658031,0.4621212121212121,0.06934450007975101
128,0.00025,64,GELU,1000,0.5,0.3160621761658031,0.4621212121212121,0.0940415000077337
128,0.00025,64,Softmax,50,0.4567074578619256,0.31847826086956527,0.42424242424242425,0.10161030013114214
128,0.00025,64,Softmax,100,0.4567074578619256,0.31847826086956527,0.42424242424242425,0.10333569999784231
128,0.00025,64,Softmax,300,0.4567074578619256,0.31847826086956527,0.42424242424242425,0.09883859986439347
128,0.00025,64,Softmax,500,0.4567074578619256,0.31847826086956527,0.42424242424242425,0.10270909988321364
128,0.00025,64,Softmax,1000,0.4567074578619256,0.31847826086956527,0.42424242424242425,0.0983247000258416
128,0.00025,128,ReLU,50,0.5,0.3160621761658031,0.4621212121212121,0.0660847001709044
128,0.00025,128,ReLU,100,0.5,0.3160621761658031,0.4621212121212121,0.06718060001730919
128,0.00025,128,ReLU,300,0.5,0.3160621761658031,0.4621212121212121,0.06179170007817447
128,0.00025,128,ReLU,500,0.5,0.3160621761658031,0.4621212121212121,0.06375840003602207
128,0.00025,128,ReLU,1000,0.5,0.3160621761658031,0.4621212121212121,0.06492440006695688
128,0.00025,128,Tanh,50,0.5,0.3160621761658031,0.4621212121212121,0.06552749988622963
128,0.00025,128,Tanh,100,0.5,0.3160621761658031,0.4621212121212121,0.07755849999375641
128,0.00025,128,Tanh,300,0.5,0.3160621761658031,0.4621212121212121,0.05802379990927875
128,0.00025,128,Tanh,500,0.5,0.3160621761658031,0.4621212121212121,0.06314530014060438
128,0.00025,128,Tanh,1000,0.5,0.3160621761658031,0.4621212121212121,0.06272709998302162
128,0.00025,128,Sigmoid,50,0.5,0.3160621761658031,0.4621212121212121,0.061583600006997585
128,0.00025,128,Sigmoid,100,0.5,0.3160621761658031,0.4621212121212121,0.057885900139808655
128,0.00025,128,Sigmoid,300,0.5,0.3160621761658031,0.4621212121212121,0.05733469990082085
128,0.00025,128,Sigmoid,500,0.5,0.3160621761658031,0.4621212121212121,0.060740199871361256
128,0.00025,128,Sigmoid,1000,0.5,0.3160621761658031,0.4621212121212121,0.058260099962353706
128,0.00025,128,GELU,50,0.5,0.3160621761658031,0.4621212121212121,0.05694539984688163
128,0.00025,128,GELU,100,0.5,0.3160621761658031,0.4621212121212121,0.04982919991016388
128,0.00025,128,GELU,300,0.5,0.3160621761658031,0.4621212121212121,0.05187059985473752
128,0.00025,128,GELU,500,0.5,0.3160621761658031,0.4621212121212121,0.05592780001461506
128,0.00025,128,GELU,1000,0.5,0.3160621761658031,0.4621212121212121,0.05000700009986758
128,0.00025,128,Softmax,50,0.5,0.3160621761658031,0.4621212121212121,0.055740500101819634
128,0.00025,128,Softmax,100,0.5,0.3160621761658031,0.4621212121212121,0.06338279996998608
128,0.00025,128,Softmax,300,0.5,0.3160621761658031,0.4621212121212121,0.053100100019946694
128,0.00025,128,Softmax,500,0.5,0.3160621761658031,0.4621212121212121,0.04865320003591478
128,0.00025,128,Softmax,1000,0.5,0.3160621761658031,0.4621212121212121,0.04783940012566745
